fipsCode,hour,osi_pred
18001,73,0.009088492
18001,74,0.008460735
18001,75,0.0073335343
18001,76,0.00661858
18001,77,0.006224769
18001,78,0.005820309
18001,79,0.0051800013
18001,80,0.004416993
18001,81,0.0045556803
18001,82,0.003834474
18001,83,0.0033047753
18001,84,0.0027714006
18001,85,0.0021525787
18001,86,0.0018732799
18001,87,0.0016114223
18001,88,0.0014718133
18001,89,0.0012304942
18001,90,0.0011028752
18001,91,0.0008762445
18001,92,0.00086605817
18001,93,0.00061871816
18001,94,0.0003598988
18001,95,0.00029522684
18001,96,0.00017213076
18001,97,8.8201865e-05
18001,98,5.1963612e-05
18001,99,4.055712e-05
18001,100,3.1107375e-05
18001,101,2.662204e-05
18001,102,2.1491172e-05
18001,103,2.1505828e-05
18001,104,3.3740598e-05
18001,105,4.6202877e-05
18001,106,7.558184e-05
18001,107,0.0011650346
18001,108,0.0022750588
18001,109,0.003512388
18001,110,0.004195608
18001,111,0.004696786
18001,112,0.0045323544
18001,113,0.004466493
18001,114,0.0045427363
18001,115,0.0042266874
18001,116,0.0040103043
18001,117,0.003530994
18001,118,0.0033148942
18001,119,0.003661276
18001,120,0.0041075647
18001,121,0.0043555563
18001,122,0.00491645
18001,123,0.0049624015
18001,124,0.004671721
18001,125,0.00418952
18001,126,0.0032928777
18001,127,0.0027239288
18001,128,0.0022390864
18001,129,0.0018537956
18001,130,0.0016819261
18001,131,0.0013971706
18001,132,0.001211265
18001,133,0.0010169919
18001,134,0.0009134963
18001,135,0.0008108152
18001,136,0.00071049837
18001,137,0.00071081734
18001,138,0.0007239828
18001,139,0.0007414826
18001,140,0.0006925218
18001,141,0.00056590774
18001,142,0.0004081817
18001,143,0.00035195882
18001,144,0.00032518982
18001,145,0.0002507014
18001,146,0.00016461528
18001,147,0.0001079934
18001,148,0.0001015939
18001,149,0.00010279731
18001,150,7.907926e-05
18001,151,0.00014098367
18001,152,0.00015974104
18001,153,0.00013013478
18001,154,0.00010196295
18001,155,8.6661494e-05
18001,156,9.579421e-05
18001,157,8.1771774e-05
18001,158,6.427686e-05
18001,159,4.922454e-05
18001,160,3.071418e-05
18001,161,2.2325812e-05
18001,162,1.4427434e-05
18001,163,1.1800685e-05
18001,164,2.427615e-05
18001,165,2.9248658e-05
18001,166,3.1492422e-05
18001,167,2.4855219e-05
18001,168,1.472127e-05
18001,169,6.931485e-06
18001,170,7.0249625e-06
18001,171,8.958224e-06
18001,172,8.122949e-06
18001,173,7.3267192e-06
18001,174,1.405925e-05
18001,175,4.9289916e-05
18001,176,5.216069e-05
18001,177,3.8211627e-05
18001,178,2.2774862e-05
18001,179,2.5828733e-05
18001,180,6.5682266e-06
18001,181,2.6348114e-06
18001,182,2.4664257e-06
18001,183,1.9272409e-06
18001,184,1.0900396e-06
18001,185,1.0853463e-06
18001,186,1.9714957e-06
18001,187,4.798277e-06
18001,188,9.445703e-06
18001,189,1.7058752e-05
18001,190,2.1843916e-05
18001,191,2.1996186e-05
18001,192,2.1868853e-05
18001,193,2.3046474e-05
18001,194,2.6566448e-05
18001,195,7.029599e-05
18001,196,6.948354e-05
18001,197,0.00010520357
18001,198,0.00010088392
18001,199,7.703897e-05
18001,200,9.044228e-05
18001,201,9.589013e-05
18001,202,0.00010896065
18001,203,0.00014179392
18001,204,0.00015778678
18001,205,0.00018076046
18001,206,8.623765e-05
18001,207,8.3283616e-05
18001,208,6.636862e-05
18001,209,8.438618e-05
18001,210,7.0625974e-05
18001,211,5.692556e-05
18001,212,6.1016137e-05
18001,213,4.9661096e-05
18001,214,4.9933613e-05
18001,215,0.00010380795
18003,73,0.009349934
18003,74,0.008177088
18003,75,0.00707182
18003,76,0.0064010574
18003,77,0.006022724
18003,78,0.0059407847
18003,79,0.0049972497
18003,80,0.0050589866
18003,81,0.0040874183
18003,82,0.003764654
18003,83,0.0037887818
18003,84,0.003268194
18003,85,0.0024900315
18003,86,0.0020785085
18003,87,0.0017319786
18003,88,0.001583181
18003,89,0.0014209918
18003,90,0.001236763
18003,91,0.0011738888
18003,92,0.0011643854
18003,93,0.0011841637
18003,94,0.00090369827
18003,95,0.00093592197
18003,96,0.00077482854
18003,97,0.00060074445
18003,98,0.0005140624
18003,99,0.0004473415
18003,100,0.00037396903
18003,101,0.00031322945
18003,102,0.00022017557
18003,103,0.00018060827
18003,104,0.00015375967
18003,105,0.00011966064
18003,106,0.00012030832
18003,107,0.0007292632
18003,108,0.0020425136
18003,109,0.0035490028
18003,110,0.004581897
18003,111,0.0045384252
18003,112,0.0043758955
18003,113,0.004606785
18003,114,0.0044676336
18003,115,0.0039904485
18003,116,0.0038766114
18003,117,0.0032486522
18003,118,0.0035602907
18003,119,0.0040673385
18003,120,0.0044189566
18003,121,0.004338882
18003,122,0.0040811645
18003,123,0.004406525
18003,124,0.004197949
18003,125,0.0039308714
18003,126,0.0035401771
18003,127,0.0031828962
18003,128,0.0029525114
18003,129,0.002776035
18003,130,0.002609011
18003,131,0.0024076523
18003,132,0.0022508462
18003,133,0.0019567867
18003,134,0.0017338272
18003,135,0.0014455414
18003,136,0.0013523188
18003,137,0.0011687813
18003,138,0.0010526769
18003,139,0.0008777128
18003,140,0.00073708856
18003,141,0.00060814305
18003,142,0.00055366196
18003,143,0.00058152573
18003,144,0.0005891007
18003,145,0.0004265612
18003,146,0.00045254466
18003,147,0.0004028404
18003,148,0.00048980676
18003,149,0.00054757117
18003,150,0.00048423855
18003,151,0.00041601798
18003,152,0.0003242684
18003,153,0.0002534622
18003,154,0.00019438712
18003,155,0.0001700279
18003,156,0.0001348883
18003,157,8.728937e-05
18003,158,5.6664077e-05
18003,159,3.5164125e-05
18003,160,2.2671618e-05
18003,161,1.496023e-05
18003,162,7.786783e-06
18003,163,6.2108775e-06
18003,164,1.7162369e-05
18003,165,1.3813983e-05
18003,166,1.10388955e-05
18003,167,6.934389e-06
18003,168,6.9730204e-06
18003,169,3.9368288e-06
18003,170,2.1036412e-06
18003,171,1.3940427e-06
18003,172,7.6512964e-07
18003,173,5.100086e-07
18003,174,2.2133029e-06
18003,175,5.3546114e-06
18003,176,2.7828657e-05
18003,177,5.25334e-05
18003,178,3.9489787e-05
18003,179,4.4721855e-05
18003,180,2.9883395e-05
18003,181,2.4886285e-05
18003,182,3.070292e-05
18003,183,2.243079e-05
18003,184,1.4649775e-05
18003,185,6.719357e-06
18003,186,8.50409e-06
18003,187,1.3354462e-05
18003,188,6.53487e-06
18003,189,5.317119e-06
18003,190,5.1844227e-06
18003,191,4.243344e-06
18003,192,3.7071597e-06
18003,193,4.431669e-06
18003,194,8.250688e-06
18003,195,2.4240497e-05
18003,196,1.9853755e-05
18003,197,6.1325205e-05
18003,198,4.889259e-05
18003,199,2.808025e-05
18003,200,3.295738e-05
18003,201,2.9709297e-05
18003,202,2.4996874e-05
18003,203,1.6476417e-05
18003,204,2.1686792e-05
18003,205,3.4654444e-05
18003,206,1.315623e-05
18003,207,5.3846616e-06
18003,208,8.858761e-06
18003,209,6.0765933e-06
18003,210,3.6723154e-06
18003,211,1.3702796e-06
18003,212,5.872149e-06
18003,213,7.3671663e-06
18003,214,1.2501227e-05
18003,215,4.549867e-05
18005,73,5.421977e-05
18005,74,1.0918502e-06
18005,75,0.0
18005,76,1.0138515e-06
18005,77,1.687311e-07
18005,78,4.8576862e-06
18005,79,2.3224367e-05
18005,80,3.6302365e-05
18005,81,3.0910134e-05
18005,82,3.609313e-05
18005,83,4.806403e-05
18005,84,7.1315975e-05
18005,85,0.0001281836
18005,86,0.000188181
18005,87,0.0001756417
18005,88,0.00018722666
18005,89,0.00016157057
18005,90,0.00013923239
18005,91,0.00011493626
18005,92,9.416532e-05
18005,93,0.00011552897
18005,94,0.000114132126
18005,95,0.00013374486
18005,96,0.00015409077
18005,97,0.0001666443
18005,98,0.00015820915
18005,99,0.00016749324
18005,100,0.00019285826
18005,101,0.00020228555
18005,102,0.00018642927
18005,103,0.0001947518
18005,104,0.0001413373
18005,105,0.0002108899
18005,106,0.0010043293
18005,107,0.0053092395
18005,108,0.011076126
18005,109,0.015363459
18005,110,0.016247222
18005,111,0.016699051
18005,112,0.015709534
18005,113,0.014629643
18005,114,0.012781287
18005,115,0.0107046375
18005,116,0.008745078
18005,117,0.0073416336
18005,118,0.0073252385
18005,119,0.008897895
18005,120,0.009776115
18005,121,0.010002353
18005,122,0.0100220395
18005,123,0.009348755
18005,124,0.008805425
18005,125,0.008244868
18005,126,0.0077802544
18005,127,0.0067389486
18005,128,0.005746991
18005,129,0.004699547
18005,130,0.0037564836
18005,131,0.0027115599
18005,132,0.0016505617
18005,133,0.0010919032
18005,134,0.00061769993
18005,135,0.0005214228
18005,136,0.00041361328
18005,137,0.00030408584
18005,138,0.00021174463
18005,139,0.00013676754
18005,140,0.00011247839
18005,141,6.530643e-05
18005,142,6.108275e-05
18005,143,9.981484e-05
18005,144,0.00017572501
18005,145,0.00020209339
18005,146,0.00032139773
18005,147,0.00037795663
18005,148,0.00046725865
18005,149,0.00045527852
18005,150,0.0004186612
18005,151,0.0003719721
18005,152,0.0003013094
18005,153,0.00024742304
18005,154,0.00018963985
18005,155,0.00016130414
18005,156,0.00013269352
18005,157,0.00015471778
18005,158,7.002139e-05
18005,159,3.3433098e-05
18005,160,2.624719e-05
18005,161,2.0933936e-05
18005,162,1.7939592e-05
18005,163,1.1560906e-05
18005,164,3.9210365e-05
18005,165,5.9454316e-05
18005,166,4.8195117e-05
18005,167,3.250657e-05
18005,168,2.6441372e-05
18005,169,1.6915872e-05
18005,170,1.3272433e-05
18005,171,1.0094471e-05
18005,172,5.725018e-06
18005,173,1.2046673e-05
18005,174,1.201662e-05
18005,175,2.9215962e-05
18005,176,2.52939e-05
18005,177,2.7579856e-05
18005,178,3.7264108e-05
18005,179,6.884642e-05
18005,180,0.000113556496
18005,181,8.6001186e-05
18005,182,6.376979e-05
18005,183,2.2007727e-05
18005,184,1.5924224e-05
18005,185,8.5173315e-06
18005,186,2.6635244e-05
18005,187,4.0050345e-05
18005,188,1.0525454e-05
18005,189,1.20906125e-05
18005,190,1.6826029e-05
18005,191,3.7464433e-05
18005,192,3.654837e-05
18005,193,2.640293e-05
18005,194,1.1113719e-05
18005,195,6.6220805e-06
18005,196,8.370568e-06
18005,197,2.2870686e-06
18005,198,1.9329323e-06
18005,199,4.802743e-06
18005,200,1.011749e-05
18005,201,5.7830543e-06
18005,202,3.7541029e-06
18005,203,2.4701294e-06
18005,204,9.613269e-06
18005,205,3.0600353e-05
18005,206,1.5893083e-05
18005,207,3.175729e-05
18005,208,2.6040429e-05
18005,209,1.8078463e-05
18005,210,1.3448552e-05
18005,211,6.14079e-06
18005,212,1.0637831e-05
18005,213,1.8745655e-05
18005,214,5.601491e-05
18005,215,6.1978775e-05
18007,73,0.0015977641
18007,74,0.0007994961
18007,75,0.0004650332
18007,76,0.00015954525
18007,77,0.00025155247
18007,78,0.00022270187
18007,79,0.00037101112
18007,80,0.00032033306
18007,81,0.00034784566
18007,82,0.0003511082
18007,83,0.00024361149
18007,84,0.00021367718
18007,85,0.0001849542
18007,86,0.00014317836
18007,87,0.00010295892
18007,88,0.0001491915
18007,89,5.9264134e-05
18007,90,8.762341e-05
18007,91,6.888244e-05
18007,92,4.0384246e-05
18007,93,2.9025214e-05
18007,94,3.3695742e-05
18007,95,2.1574213e-05
18007,96,4.3882337e-05
18007,97,6.0396236e-05
18007,98,5.3598644e-05
18007,99,3.337973e-05
18007,100,2.761062e-05
18007,101,3.3734443e-05
18007,102,5.0719365e-05
18007,103,9.113609e-05
18007,104,0.00025148402
18007,105,0.0005302944
18007,106,0.0009980465
18007,107,0.0025527554
18007,108,0.0038547625
18007,109,0.0045089587
18007,110,0.0052912175
18007,111,0.005943245
18007,112,0.006508337
18007,113,0.006220386
18007,114,0.0056429254
18007,115,0.004561611
18007,116,0.0037727954
18007,117,0.0039618807
18007,118,0.004398598
18007,119,0.005643724
18007,120,0.005174539
18007,121,0.004761427
18007,122,0.0042018914
18007,123,0.0036542183
18007,124,0.0028714342
18007,125,0.0023768246
18007,126,0.0022568307
18007,127,0.0022519035
18007,128,0.002041658
18007,129,0.001696543
18007,130,0.001557528
18007,131,0.001404618
18007,132,0.0011400488
18007,133,0.0008244749
18007,134,0.00063922623
18007,135,0.0004585023
18007,136,0.0003057377
18007,137,0.0002549967
18007,138,0.00016954595
18007,139,0.00010473656
18007,140,6.994475e-05
18007,141,4.96957e-05
18007,142,3.668011e-05
18007,143,2.9279601e-05
18007,144,5.1492083e-05
18007,145,2.8126407e-05
18007,146,1.8961942e-05
18007,147,1.609766e-05
18007,148,4.1054675e-05
18007,149,0.00010371502
18007,150,0.0002545109
18007,151,0.00056389836
18007,152,0.00073390896
18007,153,0.0009815953
18007,154,0.0012616384
18007,155,0.001562051
18007,156,0.0018721693
18007,157,0.0015899943
18007,158,0.0012720601
18007,159,0.0010794782
18007,160,0.0009777155
18007,161,0.0007170857
18007,162,0.0004155583
18007,163,0.00027358526
18007,164,0.00024394324
18007,165,0.00015802035
18007,166,9.621185e-05
18007,167,7.1538154e-05
18007,168,8.407248e-05
18007,169,9.580166e-05
18007,170,0.00010116306
18007,171,0.00012351437
18007,172,0.0002105346
18007,173,0.00043095098
18007,174,0.0005260769
18007,175,0.00047846467
18007,176,0.00074502215
18007,177,0.0009827294
18007,178,0.0011075413
18007,179,0.0010585275
18007,180,0.00086356094
18007,181,0.00064009294
18007,182,0.00045289367
18007,183,0.00023844588
18007,184,0.00014751691
18007,185,0.00014607837
18007,186,0.00013723546
18007,187,0.00010254992
18007,188,9.882773e-05
18007,189,0.00013356647
18007,190,0.00022622205
18007,191,0.00013117706
18007,192,0.00016780132
18007,193,0.00018364901
18007,194,0.00014621904
18007,195,0.00016835071
18007,196,0.00023938931
18007,197,0.00021506342
18007,198,0.00024648418
18007,199,0.00021266041
18007,200,0.00024211135
18007,201,0.00018349384
18007,202,0.0001435324
18007,203,0.00010094668
18007,204,8.4714666e-05
18007,205,7.465883e-05
18007,206,7.606276e-05
18007,207,7.9989804e-05
18007,208,8.6598455e-05
18007,209,5.781567e-05
18007,210,3.6832073e-05
18007,211,1.9579775e-05
18007,212,3.0589486e-05
18007,213,6.447803e-05
18007,214,7.144128e-05
18007,215,6.8053e-05
18011,73,0.0016535799
18011,74,0.0010466264
18011,75,0.00066248304
18011,76,0.00031328484
18011,77,0.0003090307
18011,78,0.00033193617
18011,79,0.0003360954
18011,80,0.00028178876
18011,81,0.00010987751
18011,82,4.9367853e-05
18011,83,3.3068358e-05
18011,84,1.692109e-05
18011,85,1.1446524e-05
18011,86,3.2333546e-06
18011,87,9.005352e-06
18011,88,2.2996543e-05
18011,89,1.8948258e-05
18011,90,2.748175e-05
18011,91,3.7789276e-05
18011,92,1.9354444e-05
18011,93,9.075809e-06
18011,94,5.0887493e-06
18011,95,1.5796683e-06
18011,96,2.8907045e-06
18011,97,3.698547e-06
18011,98,2.3914668e-06
18011,99,1.5779204e-06
18011,100,6.995286e-07
18011,101,9.823204e-07
18011,102,6.7982495e-07
18011,103,4.0972975e-07
18011,104,6.162666e-07
18011,105,1.7808509e-06
18011,106,4.416443e-05
18011,107,0.0003446095
18011,108,0.0008629049
18011,109,0.0011274264
18011,110,0.0014061653
18011,111,0.0017246288
18011,112,0.002012786
18011,113,0.001901139
18011,114,0.0017745119
18011,115,0.0017468731
18011,116,0.0017003149
18011,117,0.0016568246
18011,118,0.0028036495
18011,119,0.0026032017
18011,120,0.0021054072
18011,121,0.0018084655
18011,122,0.0014969506
18011,123,0.0012287825
18011,124,0.0009584535
18011,125,0.0007560693
18011,126,0.0006070403
18011,127,0.00055092404
18011,128,0.0005248911
18011,129,0.0004509194
18011,130,0.00040083847
18011,131,0.0003096951
18011,132,0.00028060316
18011,133,0.00027602978
18011,134,0.000184284
18011,135,0.00010810964
18011,136,0.00012492556
18011,137,6.93921e-05
18011,138,8.896254e-05
18011,139,0.00011284614
18011,140,0.000101075646
18011,141,0.000101709666
18011,142,8.4163556e-05
18011,143,9.061307e-05
18011,144,7.029047e-05
18011,145,4.73723e-05
18011,146,2.8237975e-05
18011,147,1.4596965e-05
18011,148,6.325157e-06
18011,149,2.9505713e-06
18011,150,1.56868e-06
18011,151,2.1139354e-06
18011,152,2.0909781e-06
18011,153,1.7574051e-06
18011,154,8.778814e-06
18011,155,1.7379634e-05
18011,156,2.0947018e-05
18011,157,1.2035331e-05
18011,158,1.1916602e-05
18011,159,1.7516235e-05
18011,160,1.4001375e-05
18011,161,9.4208835e-06
18011,162,2.107227e-06
18011,163,9.2290406e-07
18011,164,1.0176327e-06
18011,165,7.8901576e-07
18011,166,4.131719e-07
18011,167,1.5300037e-07
18011,168,4.9008754e-08
18011,169,6.115259e-08
18011,170,0.0
18011,171,0.0
18011,172,6.66454e-09
18011,173,2.0962048e-08
18011,174,7.686642e-08
18011,175,1.2314958e-06
18011,176,1.1312438e-07
18011,177,1.0703402e-07
18011,178,1.3558019e-06
18011,179,6.788448e-06
18011,180,8.871688e-06
18011,181,4.5785773e-06
18011,182,1.5574292e-06
18011,183,1.2051388e-06
18011,184,9.757414e-07
18011,185,8.19399e-07
18011,186,1.3329668e-06
18011,187,1.396503e-06
18011,188,3.3832005e-06
18011,189,7.250326e-06
18011,190,1.3069681e-05
18011,191,1.8012126e-05
18011,192,1.5691563e-05
18011,193,4.5368004e-05
18011,194,6.0132523e-05
18011,195,0.00011681286
18011,196,0.0001721248
18011,197,0.00012837787
18011,198,0.00012989329
18011,199,0.00010993591
18011,200,8.3213235e-05
18011,201,6.1874474e-05
18011,202,3.384824e-05
18011,203,1.4385006e-05
18011,204,4.737754e-06
18011,205,1.0012556e-06
18011,206,4.522406e-07
18011,207,1.4525584e-05
18011,208,7.2657254e-05
18011,209,0.00012765783
18011,210,0.00013616377
18011,211,0.000103727354
18011,212,0.0001004576
18011,213,0.00013727945
18011,214,0.0001531753
18011,215,0.00011497394
18015,73,0.0022061942
18015,74,0.0016081523
18015,75,0.00056608324
18015,76,0.00038484432
18015,77,0.00044976472
18015,78,0.00048488262
18015,79,0.0004079338
18015,80,0.0003471525
18015,81,0.00038281095
18015,82,0.0003116818
18015,83,0.00024290211
18015,84,0.00029074046
18015,85,0.00028773048
18015,86,0.00018000601
18015,87,0.0001305606
18015,88,0.00016322674
18015,89,0.0001241293
18015,90,0.00013414858
18015,91,0.0002095011
18015,92,0.00014473447
18015,93,5.2649462e-05
18015,94,2.523054e-05
18015,95,6.0952066e-06
18015,96,1.0262019e-05
18015,97,4.5326788e-06
18015,98,2.933951e-06
18015,99,2.9732848e-06
18015,100,4.323464e-06
18015,101,7.728791e-06
18015,102,3.2021946e-06
18015,103,4.3011933e-06
18015,104,1.0955701e-05
18015,105,0.00010501341
18015,106,0.0002464909
18015,107,0.0005747185
18015,108,0.0012653037
18015,109,0.0018627802
18015,110,0.0019216613
18015,111,0.0022283879
18015,112,0.0024314031
18015,113,0.0024927352
18015,114,0.002705242
18015,115,0.0027661314
18015,116,0.0027854382
18015,117,0.0026479904
18015,118,0.003764315
18015,119,0.002685725
18015,120,0.0023211003
18015,121,0.0017852611
18015,122,0.001368446
18015,123,0.0011784948
18015,124,0.00091647357
18015,125,0.00065239624
18015,126,0.00050181674
18015,127,0.0003799441
18015,128,0.00031314406
18015,129,0.00020658951
18015,130,0.00015616446
18015,131,0.00010476645
18015,132,8.84444e-05
18015,133,7.6332515e-05
18015,134,5.252676e-05
18015,135,3.481517e-05
18015,136,2.4675805e-05
18015,137,2.37832e-05
18015,138,3.307892e-05
18015,139,3.16238e-05
18015,140,4.1074323e-05
18015,141,4.921872e-05
18015,142,4.3022977e-05
18015,143,3.7372876e-05
18015,144,2.8925953e-05
18015,145,2.0793615e-05
18015,146,1.0626834e-05
18015,147,4.8234447e-06
18015,148,3.3984802e-06
18015,149,2.8726874e-06
18015,150,3.8931967e-06
18015,151,7.989479e-06
18015,152,1.42316985e-05
18015,153,2.597862e-05
18015,154,3.0767846e-05
18015,155,2.7437476e-05
18015,156,3.152089e-05
18015,157,3.0921343e-05
18015,158,2.6115431e-05
18015,159,1.8205985e-05
18015,160,2.0193493e-05
18015,161,1.1485752e-05
18015,162,9.144465e-06
18015,163,1.0744328e-05
18015,164,8.96179e-06
18015,165,1.0091122e-05
18015,166,6.8754784e-06
18015,167,2.7305682e-06
18015,168,2.0339219e-06
18015,169,1.8526563e-06
18015,170,1.1154095e-06
18015,171,8.5411966e-07
18015,172,3.6225146e-07
18015,173,3.883642e-07
18015,174,2.8548238e-06
18015,175,1.0049026e-05
18015,176,2.384615e-05
18015,177,8.247933e-05
18015,178,6.867325e-05
18015,179,2.2079694e-05
18015,180,6.497239e-06
18015,181,1.2820125e-06
18015,182,3.6805613e-07
18015,183,8.6504535e-08
18015,184,6.3537534e-08
18015,185,9.04822e-07
18015,186,2.4194292e-06
18015,187,3.17072e-06
18015,188,5.614666e-06
18015,189,2.7267943e-05
18015,190,6.0513466e-05
18015,191,6.9483445e-05
18015,192,7.258203e-05
18015,193,0.000108799635
18015,194,5.393396e-05
18015,195,3.54462e-05
18015,196,2.016083e-05
18015,197,3.0536874e-05
18015,198,4.3368218e-05
18015,199,2.8690032e-05
18015,200,3.1218984e-05
18015,201,3.438215e-05
18015,202,2.00322e-05
18015,203,2.7532049e-05
18015,204,4.3371245e-05
18015,205,1.8644972e-05
18015,206,1.23618265e-05
18015,207,2.2609316e-05
18015,208,0.00011073593
18015,209,0.00017606589
18015,210,0.00021140881
18015,211,0.000115322284
18015,212,9.8722434e-05
18015,213,0.00017001192
18015,214,0.00028942103
18015,215,0.00033577395
18017,73,0.0013917475
18017,74,0.0012010223
18017,75,0.00093158556
18017,76,0.00082207634
18017,77,0.00049233786
18017,78,0.00071548537
18017,79,0.0005377298
18017,80,0.00039387596
18017,81,0.00040266247
18017,82,0.00035482112
18017,83,0.00028395109
18017,84,0.00034972836
18017,85,0.00034866828
18017,86,0.00028013776
18017,87,0.00020468023
18017,88,0.00031275023
18017,89,0.00025748706
18017,90,0.00020434808
18017,91,0.00021238733
18017,92,0.00015078417
18017,93,5.2492895e-05
18017,94,1.3251322e-05
18017,95,3.089353e-06
18017,96,1.0877077e-06
18017,97,1.3125157e-07
18017,98,9.305348e-09
18017,99,1.7299806e-10
18017,100,2.465501e-10
18017,101,1.7436023e-09
18017,102,3.1160161e-09
18017,103,7.520466e-09
18017,104,1.7176987e-08
18017,105,4.1968683e-06
18017,106,3.846084e-05
18017,107,0.00028290448
18017,108,0.00096083403
18017,109,0.0016798216
18017,110,0.0018109198
18017,111,0.0025722242
18017,112,0.0030579777
18017,113,0.0033936845
18017,114,0.003608381
18017,115,0.003869857
18017,116,0.0035025666
18017,117,0.00314146
18017,118,0.0035874627
18017,119,0.0027298508
18017,120,0.0019689545
18017,121,0.0017580171
18017,122,0.0012855534
18017,123,0.0010680079
18017,124,0.0007515113
18017,125,0.00048099514
18017,126,0.00032737243
18017,127,0.00022323376
18017,128,0.00018686484
18017,129,0.00010905875
18017,130,7.348848e-05
18017,131,3.768854e-05
18017,132,3.6856636e-05
18017,133,4.515146e-05
18017,134,2.4880304e-05
18017,135,1.7210354e-05
18017,136,8.468907e-06
18017,137,4.528676e-06
18017,138,6.0175544e-06
18017,139,7.1428185e-06
18017,140,1.0407297e-05
18017,141,1.4794974e-05
18017,142,1.3930425e-05
18017,143,1.0975071e-05
18017,144,8.308637e-06
18017,145,6.9550297e-06
18017,146,2.551552e-06
18017,147,1.4819007e-06
18017,148,2.440908e-06
18017,149,3.0765484e-06
18017,150,8.696346e-06
18017,151,1.9074469e-05
18017,152,3.6077545e-05
18017,153,3.7712423e-05
18017,154,2.5521325e-05
18017,155,1.90809e-05
18017,156,2.256036e-05
18017,157,3.1664662e-05
18017,158,3.2458203e-05
18017,159,1.9541249e-05
18017,160,1.623201e-05
18017,161,9.182013e-06
18017,162,7.3690967e-06
18017,163,7.4839645e-06
18017,164,5.9614645e-06
18017,165,6.607708e-06
18017,166,4.861254e-06
18017,167,1.7513167e-06
18017,168,1.004792e-06
18017,169,6.74639e-07
18017,170,1.5889708e-07
18017,171,5.5555766e-08
18017,172,9.5538075e-09
18017,173,1.1149309e-08
18017,174,4.4059442e-07
18017,175,3.169146e-06
18017,176,8.7359895e-06
18017,177,2.0908457e-05
18017,178,2.157601e-05
18017,179,1.2939829e-05
18017,180,9.449069e-06
18017,181,4.012215e-06
18017,182,1.6581336e-06
18017,183,7.2109515e-07
18017,184,1.6319437e-06
18017,185,1.1969352e-05
18017,186,1.8687988e-05
18017,187,8.372894e-06
18017,188,7.66177e-06
18017,189,1.6222573e-05
18017,190,3.9758594e-05
18017,191,4.8918428e-05
18017,192,5.3006537e-05
18017,193,6.0959886e-05
18017,194,5.7059064e-05
18017,195,6.637582e-05
18017,196,4.2301443e-05
18017,197,9.560535e-05
18017,198,0.00010488898
18017,199,0.00013912572
18017,200,0.000119199576
18017,201,0.00011101407
18017,202,7.0665374e-05
18017,203,9.022416e-05
18017,204,7.787699e-05
18017,205,5.147017e-05
18017,206,2.2412338e-05
18017,207,2.6201247e-05
18017,208,6.8106056e-05
18017,209,0.000104782666
18017,210,0.0001181867
18017,211,3.6013396e-05
18017,212,2.0550844e-05
18017,213,4.4769495e-05
18017,214,8.4899395e-05
18017,215,0.00011823206
18019,73,1.4385341e-05
18019,74,0.0
18019,75,2.5032504e-08
18019,76,0.0
18019,77,1.5466969e-09
18019,78,1.0765582e-08
18019,79,1.4792528e-06
18019,80,7.0332753e-06
18019,81,2.3924592e-06
18019,82,4.1457797e-06
18019,83,1.0994013e-05
18019,84,5.6870384e-05
18019,85,9.159765e-05
18019,86,0.0001502746
18019,87,0.00016715073
18019,88,0.00017584395
18019,89,0.00014799183
18019,90,5.1202558e-05
18019,91,1.969747e-05
18019,92,7.241289e-06
18019,93,2.75633e-06
18019,94,9.766543e-07
18019,95,1.6424651e-06
18019,96,4.239768e-06
18019,97,2.4731694e-06
18019,98,1.5697774e-06
18019,99,1.6320996e-06
18019,100,3.114692e-06
18019,101,8.36448e-06
18019,102,1.24493545e-05
18019,103,2.3505832e-05
18019,104,4.9568665e-05
18019,105,0.0003631448
18019,106,0.0010652831
18019,107,0.0025022125
18019,108,0.0056542265
18019,109,0.008386515
18019,110,0.009021657
18019,111,0.009375066
18019,112,0.009073112
18019,113,0.00871903
18019,114,0.007891976
18019,115,0.006416574
18019,116,0.0055622878
18019,117,0.005138815
18019,118,0.0049482933
18019,119,0.004840433
18019,120,0.0056868317
18019,121,0.0052009467
18019,122,0.004731716
18019,123,0.0042894213
18019,124,0.0037696767
18019,125,0.0032990908
18019,126,0.0027289954
18019,127,0.0024942688
18019,128,0.0021156108
18019,129,0.001647118
18019,130,0.001395455
18019,131,0.0012746939
18019,132,0.00077098084
18019,133,0.00039899192
18019,134,0.00026978579
18019,135,0.00018969552
18019,136,0.00010573295
18019,137,7.391814e-05
18019,138,6.535678e-05
18019,139,5.6716966e-05
18019,140,5.6489254e-05
18019,141,5.8123303e-05
18019,142,5.1719715e-05
18019,143,5.8614598e-05
18019,144,5.089536e-05
18019,145,4.591111e-05
18019,146,3.9139857e-05
18019,147,3.3136643e-05
18019,148,3.0975974e-05
18019,149,2.9768476e-05
18019,150,3.3231558e-05
18019,151,3.8078255e-05
18019,152,1.7263681e-05
18019,153,2.2513084e-05
18019,154,2.2953385e-05
18019,155,1.5025508e-05
18019,156,6.7792735e-06
18019,157,5.7281813e-06
18019,158,8.941985e-06
18019,159,2.002405e-05
18019,160,1.7924318e-05
18019,161,4.9810437e-06
18019,162,7.574859e-07
18019,163,1.06891e-06
18019,164,1.3579794e-06
18019,165,5.575723e-07
18019,166,1.4534313e-06
18019,167,1.9305276e-06
18019,168,1.9260524e-06
18019,169,1.1182088e-06
18019,170,9.56714e-07
18019,171,1.0300517e-06
18019,172,2.0903676e-06
18019,173,3.3870458e-06
18019,174,3.9106476e-06
18019,175,6.5371837e-06
18019,176,8.2554025e-06
18019,177,1.6216753e-05
18019,178,1.9920879e-05
18019,179,3.8021226e-05
18019,180,4.4660803e-05
18019,181,5.008275e-05
18019,182,2.2775499e-05
18019,183,2.2182656e-05
18019,184,2.3558097e-05
18019,185,1.921333e-05
18019,186,2.0992953e-05
18019,187,1.7197555e-05
18019,188,1.1693901e-05
18019,189,1.8961313e-05
18019,190,1.0589257e-05
18019,191,4.8602474e-06
18019,192,5.434435e-07
18019,193,1.6649679e-07
18019,194,1.5669979e-08
18019,195,0.0
18019,196,0.0
18019,197,8.210285e-09
18019,198,8.184761e-08
18019,199,1.7526943e-07
18019,200,1.1125675e-07
18019,201,1.8406628e-07
18019,202,1.5670685e-07
18019,203,2.3619432e-07
18019,204,3.6937791e-07
18019,205,9.267881e-07
18019,206,1.2005796e-06
18019,207,9.111423e-06
18019,208,1.1997386e-05
18019,209,1.301046e-05
18019,210,1.21270605e-05
18019,211,3.1967893e-06
18019,212,5.336505e-06
18019,213,6.083863e-06
18019,214,6.736749e-06
18019,215,6.9197617e-06
18021,73,0.00028495933
18021,74,1.7537595e-05
18021,75,1.6865002e-05
18021,76,4.7331946e-06
18021,77,2.8499213e-05
18021,78,3.7428195e-05
18021,79,5.8007623e-05
18021,80,0.00010264792
18021,81,8.067109e-05
18021,82,6.989701e-05
18021,83,5.6050623e-05
18021,84,7.7239616e-05
18021,85,0.00015008758
18021,86,0.00012723533
18021,87,8.644876e-05
18021,88,5.004783e-05
18021,89,9.5135096e-05
18021,90,0.00010112563
18021,91,8.532461e-05
18021,92,6.280239e-05
18021,93,6.130719e-05
18021,94,6.5602646e-05
18021,95,6.606204e-05
18021,96,0.0001020703
18021,97,0.00010733469
18021,98,0.00015780095
18021,99,0.00019141394
18021,100,0.00024255924
18021,101,0.00031363228
18021,102,0.00043146135
18021,103,0.0007166545
18021,104,0.0012210968
18021,105,0.0020084735
18021,106,0.0037360433
18021,107,0.006504197
18021,108,0.008492162
18021,109,0.011025619
18021,110,0.01400758
18021,111,0.015244033
18021,112,0.016100273
18021,113,0.01534606
18021,114,0.014434555
18021,115,0.013068868
18021,116,0.010705235
18021,117,0.010238241
18021,118,0.011136757
18021,119,0.010657971
18021,120,0.01086768
18021,121,0.0097842375
18021,122,0.008437675
18021,123,0.007626193
18021,124,0.005896087
18021,125,0.0046854485
18021,126,0.003658415
18021,127,0.0028207516
18021,128,0.0024855565
18021,129,0.0021174387
18021,130,0.001867513
18021,131,0.0015868708
18021,132,0.0013127887
18021,133,0.0010291988
18021,134,0.0006829615
18021,135,0.00049074885
18021,136,0.00035636305
18021,137,0.00023888622
18021,138,0.00023330767
18021,139,0.00015874865
18021,140,0.000119539356
18021,141,0.0001363638
18021,142,6.136713e-05
18021,143,4.1961932e-05
18021,144,3.609993e-05
18021,145,5.4478394e-05
18021,146,8.744401e-05
18021,147,8.458678e-05
18021,148,7.042137e-05
18021,149,0.000101922706
18021,150,0.0001594105
18021,151,0.00018152953
18021,152,0.00014335089
18021,153,0.0001153693
18021,154,9.689878e-05
18021,155,7.9971636e-05
18021,156,6.3302716e-05
18021,157,3.8716014e-05
18021,158,4.6684152e-05
18021,159,9.626578e-05
18021,160,0.00017344467
18021,161,0.0001305479
18021,162,8.4580686e-05
18021,163,7.171983e-05
18021,164,6.568117e-05
18021,165,6.737902e-05
18021,166,3.835013e-05
18021,167,2.4526855e-05
18021,168,2.1774546e-05
18021,169,1.6629168e-05
18021,170,1.1428015e-05
18021,171,6.7311457e-06
18021,172,9.431136e-06
18021,173,3.7781418e-05
18021,174,4.6915626e-05
18021,175,5.941434e-05
18021,176,6.470384e-05
18021,177,7.775435e-05
18021,178,0.00016394549
18021,179,0.00040880634
18021,180,0.000522174
18021,181,0.00045912963
18021,182,0.000296303
18021,183,0.00017066812
18021,184,0.00010728254
18021,185,5.5768654e-05
18021,186,4.7046993e-05
18021,187,4.174326e-05
18021,188,7.07713e-05
18021,189,0.00027292874
18021,190,0.00031156786
18021,191,0.00029552204
18021,192,0.0002656168
18021,193,0.00026529867
18021,194,0.00013727922
18021,195,0.00014602438
18021,196,0.00014606565
18021,197,0.00016387034
18021,198,0.0001273751
18021,199,0.00014295221
18021,200,0.00015243828
18021,201,0.00013396093
18021,202,8.344573e-05
18021,203,5.8541573e-05
18021,204,6.4204905e-05
18021,205,4.4670836e-05
18021,206,3.9599217e-05
18021,207,5.5488752e-05
18021,208,5.4756747e-05
18021,209,3.2336433e-05
18021,210,2.3721832e-05
18021,211,8.6502105e-06
18021,212,2.8449225e-05
18021,213,4.897526e-05
18021,214,0.00014619432
18021,215,0.000104549414
18031,73,0.00083680823
18031,74,0.0002844609
18031,75,0.00018883098
18031,76,0.00020231593
18031,77,0.00012719342
18031,78,0.00019489256
18031,79,0.00024678648
18031,80,0.00024130508
18031,81,0.00021804715
18031,82,0.00020237186
18031,83,0.0001822513
18031,84,0.00019529017
18031,85,0.0002579177
18031,86,0.0003543862
18031,87,0.00023043728
18031,88,0.0002608433
18031,89,0.00026605988
18031,90,0.00028818139
18031,91,0.0002661335
18031,92,0.00023425958
18031,93,0.00023197125
18031,94,0.00023484128
18031,95,0.00034904177
18031,96,0.00036981437
18031,97,0.00029462285
18031,98,0.00020631037
18031,99,0.00016646525
18031,100,0.00014199573
18031,101,0.00014321432
18031,102,0.00014801954
18031,103,0.00018545208
18031,104,0.00017572881
18031,105,0.00018869355
18031,106,0.0007341246
18031,107,0.003129544
18031,108,0.006866261
18031,109,0.009529922
18031,110,0.010623088
18031,111,0.011056431
18031,112,0.010371704
18031,113,0.009905712
18031,114,0.009285259
18031,115,0.008301354
18031,116,0.0064505194
18031,117,0.0053213476
18031,118,0.0047755158
18031,119,0.0047704456
18031,120,0.0062941224
18031,121,0.0059967274
18031,122,0.006376116
18031,123,0.0065272246
18031,124,0.0056182486
18031,125,0.005137026
18031,126,0.00439513
18031,127,0.0037813892
18031,128,0.0027106106
18031,129,0.0019053103
18031,130,0.001296509
18031,131,0.00084294734
18031,132,0.00050908583
18031,133,0.0003184548
18031,134,0.00015495015
18031,135,0.000103606675
18031,136,6.533232e-05
18031,137,4.4070646e-05
18031,138,5.6632165e-05
18031,139,6.0373914e-05
18031,140,4.9822647e-05
18031,141,5.224126e-05
18031,142,8.39286e-05
18031,143,9.773186e-05
18031,144,0.0001198071
18031,145,0.00012258341
18031,146,0.00012363898
18031,147,0.000115668896
18031,148,0.00011497341
18031,149,8.6912376e-05
18031,150,5.6520515e-05
18031,151,4.5044566e-05
18031,152,3.3875418e-05
18031,153,2.5456813e-05
18031,154,1.9579695e-05
18031,155,2.355646e-05
18031,156,2.9058107e-05
18031,157,4.755932e-05
18031,158,2.560195e-05
18031,159,1.3286997e-05
18031,160,6.8726094e-06
18031,161,7.3559722e-06
18031,162,8.811711e-06
18031,163,8.343075e-06
18031,164,3.3346754e-05
18031,165,5.0214585e-05
18031,166,4.9981012e-05
18031,167,2.860879e-05
18031,168,1.5602453e-05
18031,169,7.833549e-06
18031,170,5.984634e-06
18031,171,4.273264e-06
18031,172,4.9672753e-06
18031,173,8.350148e-06
18031,174,5.258749e-06
18031,175,8.843274e-06
18031,176,2.085204e-05
18031,177,2.8744624e-05
18031,178,0.000105868035
18031,179,0.00016076844
18031,180,0.0002626718
18031,181,0.00021786937
18031,182,0.00017568741
18031,183,7.077302e-05
18031,184,3.8054117e-05
18031,185,1.6748401e-05
18031,186,2.0872667e-05
18031,187,3.8435726e-05
18031,188,4.0058963e-05
18031,189,6.3409956e-05
18031,190,7.93294e-05
18031,191,0.00013247988
18031,192,0.00015541259
18031,193,0.00018968707
18031,194,0.00019890149
18031,195,0.00015865402
18031,196,0.00016541766
18031,197,0.00013446364
18031,198,9.66068e-05
18031,199,6.738638e-05
18031,200,6.503406e-05
18031,201,3.9276434e-05
18031,202,8.078978e-06
18031,203,2.5156312e-06
18031,204,5.2888454e-06
18031,205,3.4470195e-05
18031,206,3.1458967e-05
18031,207,6.547373e-05
18031,208,6.300095e-05
18031,209,3.7747406e-05
18031,210,3.5196674e-05
18031,211,2.6141004e-05
18031,212,4.7616442e-05
18031,213,6.814944e-05
18031,214,0.00015276726
18031,215,0.00022843323
18049,73,0.001909924
18049,74,0.0014465047
18049,75,0.0014075261
18049,76,0.0013227321
18049,77,0.0012351227
18049,78,0.0012917307
18049,79,0.0009486001
18049,80,0.00081831345
18049,81,0.00061313546
18049,82,0.00053242507
18049,83,0.00045348308
18049,84,0.0004689117
18049,85,0.00039783568
18049,86,0.00046617127
18049,87,0.00040274023
18049,88,0.0005171185
18049,89,0.0003664809
18049,90,0.00019821292
18049,91,0.00012876058
18049,92,9.6862634e-05
18049,93,7.999445e-05
18049,94,5.335036e-05
18049,95,4.1621184e-05
18049,96,3.9284074e-05
18049,97,2.2459575e-05
18049,98,1.319665e-05
18049,99,7.889625e-06
18049,100,5.833872e-06
18049,101,4.507141e-06
18049,102,2.8499321e-06
18049,103,3.610011e-06
18049,104,5.870077e-06
18049,105,1.2323669e-05
18049,106,2.354653e-05
18049,107,5.7086767e-05
18049,108,0.00015899299
18049,109,0.0004256087
18049,110,0.0010230585
18049,111,0.0022114152
18049,112,0.0031992951
18049,113,0.0036479076
18049,114,0.003852238
18049,115,0.004260654
18049,116,0.0038106018
18049,117,0.003352193
18049,118,0.0033246048
18049,119,0.003360413
18049,120,0.0027964776
18049,121,0.0025797952
18049,122,0.0022061002
18049,123,0.0019824058
18049,124,0.0014575236
18049,125,0.0010538609
18049,126,0.00077860587
18049,127,0.0006117501
18049,128,0.00047877515
18049,129,0.00045012042
18049,130,0.00037191345
18049,131,0.00027999643
18049,132,0.00029084462
18049,133,0.0003674895
18049,134,0.00029355744
18049,135,0.00016933329
18049,136,6.742163e-05
18049,137,2.3457062e-05
18049,138,1.6747412e-05
18049,139,2.096613e-05
18049,140,2.9319739e-05
18049,141,4.3388267e-05
18049,142,6.127281e-05
18049,143,7.257194e-05
18049,144,8.8227745e-05
18049,145,9.4685776e-05
18049,146,9.7814656e-05
18049,147,0.00013608721
18049,148,0.00024016602
18049,149,0.00036081794
18049,150,0.00047713876
18049,151,0.0005266133
18049,152,0.00053616555
18049,153,0.00045520707
18049,154,0.00031609996
18049,155,0.00021294742
18049,156,0.00013734195
18049,157,9.585335e-05
18049,158,5.9908372e-05
18049,159,3.8507198e-05
18049,160,2.2286904e-05
18049,161,1.2829405e-05
18049,162,1.0801911e-05
18049,163,1.1205028e-05
18049,164,9.346565e-06
18049,165,5.001944e-06
18049,166,3.695278e-06
18049,167,1.8873191e-06
18049,168,1.1334017e-06
18049,169,1.0930895e-06
18049,170,3.6346634e-07
18049,171,1.5850868e-07
18049,172,1.6768479e-07
18049,173,1.8662472e-07
18049,174,7.705771e-07
18049,175,1.6192248e-06
18049,176,8.7236995e-06
18049,177,5.5030898e-05
18049,178,7.836219e-05
18049,179,6.351015e-05
18049,180,5.3954882e-05
18049,181,2.2366168e-05
18049,182,1.4568068e-05
18049,183,6.105021e-06
18049,184,3.3794574e-06
18049,185,1.2556628e-05
18049,186,2.5242445e-05
18049,187,1.0313945e-05
18049,188,8.718821e-06
18049,189,8.393433e-06
18049,190,1.3344792e-05
18049,191,2.0027948e-05
18049,192,3.292141e-05
18049,193,3.384824e-05
18049,194,3.1604635e-05
18049,195,3.397859e-05
18049,196,7.597046e-05
18049,197,5.6562745e-05
18049,198,0.000105013096
18049,199,8.833914e-05
18049,200,4.7074653e-05
18049,201,3.2604057e-05
18049,202,3.297718e-05
18049,203,5.206144e-05
18049,204,4.2247008e-05
18049,205,2.5638565e-05
18049,206,2.6633623e-05
18049,207,2.1419311e-05
18049,208,3.6314184e-05
18049,209,4.3975535e-05
18049,210,3.4322013e-05
18049,211,1.2186407e-05
18049,212,1.2339294e-05
18049,213,1.4251267e-05
18049,214,4.5545778e-05
18049,215,5.9368078e-05
18053,73,0.009210938
18053,74,0.008721608
18053,75,0.007848692
18053,76,0.0075864447
18053,77,0.0071181715
18053,78,0.006390735
18053,79,0.0052546025
18053,80,0.004768026
18053,81,0.0044043018
18053,82,0.003794725
18053,83,0.0030731945
18053,84,0.002691948
18053,85,0.0023312927
18053,86,0.0020423885
18053,87,0.0015728526
18053,88,0.0014429109
18053,89,0.0012549828
18053,90,0.0010528996
18053,91,0.00084595644
18053,92,0.000784843
18053,93,0.00059549254
18053,94,0.0004035866
18053,95,0.00031543322
18053,96,0.0001504577
18053,97,6.732038e-05
18053,98,4.1518648e-05
18053,99,2.3324747e-05
18053,100,1.7271715e-05
18053,101,1.8315815e-05
18053,102,1.766938e-05
18053,103,3.596225e-05
18053,104,3.789676e-05
18053,105,6.239002e-05
18053,106,0.00030617145
18053,107,0.001368019
18053,108,0.002351711
18053,109,0.0030968687
18053,110,0.0035029068
18053,111,0.0034704409
18053,112,0.0037036445
18053,113,0.0037489715
18053,114,0.0032616246
18053,115,0.0030513771
18053,116,0.00260299
18053,117,0.002433868
18053,118,0.0023482807
18053,119,0.0023289681
18053,120,0.0024194282
18053,121,0.0019267771
18053,122,0.0019015394
18053,123,0.0016316441
18053,124,0.0013671294
18053,125,0.0011851089
18053,126,0.0009393402
18053,127,0.0007619677
18053,128,0.0005078398
18053,129,0.00034227877
18053,130,0.00028958535
18053,131,0.0002223015
18053,132,0.00016483909
18053,133,0.00012183411
18053,134,9.4690535e-05
18053,135,0.000103510974
18053,136,7.2665316e-05
18053,137,5.269717e-05
18053,138,4.71962e-05
18053,139,4.7158217e-05
18053,140,3.1465337e-05
18053,141,3.6479796e-05
18053,142,4.4268272e-05
18053,143,2.7554941e-05
18053,144,2.4504356e-05
18053,145,1.9856268e-05
18053,146,1.3846446e-05
18053,147,8.284162e-06
18053,148,4.874424e-06
18053,149,6.7442825e-06
18053,150,7.341545e-06
18053,151,1.12834205e-05
18053,152,8.31819e-06
18053,153,9.141437e-06
18053,154,6.9834878e-06
18053,155,6.674858e-06
18053,156,5.245379e-06
18053,157,4.437902e-06
18053,158,4.742244e-06
18053,159,3.903342e-06
18053,160,3.1013437e-06
18053,161,1.999675e-06
18053,162,1.241492e-06
18053,163,1.2874275e-06
18053,164,3.2530736e-06
18053,165,4.730478e-06
18053,166,6.4677006e-06
18053,167,6.8620034e-06
18053,168,3.697992e-06
18053,169,2.8879952e-06
18053,170,1.0573722e-06
18053,171,5.136507e-07
18053,172,8.4415683e-07
18053,173,1.6055408e-06
18053,174,2.6166888e-06
18053,175,4.2843103e-06
18053,176,1.4142181e-05
18053,177,1.3604578e-05
18053,178,1.6544485e-05
18053,179,1.8363766e-05
18053,180,6.8446043e-06
18053,181,2.2458544e-06
18053,182,1.4866482e-06
18053,183,7.0077607e-07
18053,184,5.5421407e-07
18053,185,3.0883993e-07
18053,186,2.5962842e-07
18053,187,2.0892969e-07
18053,188,6.725794e-07
18053,189,7.181542e-07
18053,190,6.8124325e-07
18053,191,1.832132e-06
18053,192,1.5797626e-06
18053,193,7.2361377e-07
18053,194,1.366934e-07
18053,195,2.9388063e-06
18053,196,1.443669e-05
18053,197,2.5450652e-05
18053,198,5.7147045e-05
18053,199,7.900658e-05
18053,200,5.1404983e-05
18053,201,3.2096774e-05
18053,202,2.0056339e-05
18053,203,1.6705359e-05
18053,204,2.8117083e-05
18053,205,3.0616437e-05
18053,206,1.15330095e-05
18053,207,6.0262555e-06
18053,208,1.1238976e-05
18053,209,2.729036e-05
18053,210,5.4206994e-05
18053,211,2.6788832e-05
18053,212,3.1948035e-05
18053,213,3.395884e-05
18053,214,2.630267e-05
18053,215,2.576199e-05
18055,73,8.4639185e-05
18055,74,2.8632266e-07
18055,75,0.0
18055,76,0.0
18055,77,0.0
18055,78,1.0480584e-06
18055,79,1.0436787e-05
18055,80,3.6074223e-05
18055,81,6.071501e-05
18055,82,5.5360913e-05
18055,83,4.5236535e-05
18055,84,4.3491073e-05
18055,85,6.2401225e-05
18055,86,3.815029e-05
18055,87,4.4307224e-05
18055,88,3.3581553e-05
18055,89,3.9561517e-05
18055,90,6.252054e-05
18055,91,5.3289194e-05
18055,92,4.2529777e-05
18055,93,6.0329476e-05
18055,94,7.404664e-05
18055,95,6.351872e-05
18055,96,7.6067205e-05
18055,97,7.200859e-05
18055,98,7.752122e-05
18055,99,8.751422e-05
18055,100,0.0001093895
18055,101,0.00014695182
18055,102,0.00023107325
18055,103,0.00043452226
18055,104,0.00073954917
18055,105,0.0013891815
18055,106,0.0032584537
18055,107,0.0055473726
18055,108,0.007761162
18055,109,0.011482813
18055,110,0.01420689
18055,111,0.015527365
18055,112,0.0165243
18055,113,0.015500034
18055,114,0.014328886
18055,115,0.012028743
18055,116,0.009972891
18055,117,0.009367916
18055,118,0.010886158
18055,119,0.011439461
18055,120,0.012444382
18055,121,0.011977005
18055,122,0.0114629865
18055,123,0.011041934
18055,124,0.00896661
18055,125,0.0073128897
18055,126,0.00571662
18055,127,0.0045576636
18055,128,0.0041831955
18055,129,0.003793539
18055,130,0.0032486066
18055,131,0.0025909797
18055,132,0.0022763708
18055,133,0.0021079392
18055,134,0.0016975008
18055,135,0.0013957836
18055,136,0.0012357979
18055,137,0.0011145258
18055,138,0.0009930473
18055,139,0.00082270935
18055,140,0.00064028404
18055,141,0.0005602557
18055,142,0.0002880554
18055,143,0.00020109497
18055,144,0.00015889824
18055,145,0.00016096381
18055,146,0.00021423065
18055,147,0.00024069913
18055,148,0.00034141247
18055,149,0.0006074932
18055,150,0.00093159266
18055,151,0.001029868
18055,152,0.00079656957
18055,153,0.0005984485
18055,154,0.00043759725
18055,155,0.0003086026
18055,156,0.00017046179
18055,157,7.574604e-05
18055,158,5.9355483e-05
18055,159,6.0399783e-05
18055,160,6.839141e-05
18055,161,5.4758424e-05
18055,162,3.6734662e-05
18055,163,3.811421e-05
18055,164,7.267094e-05
18055,165,0.00013673429
18055,166,7.2003335e-05
18055,167,4.4031345e-05
18055,168,2.8243856e-05
18055,169,1.1488088e-05
18055,170,7.1497257e-06
18055,171,3.8529674e-06
18055,172,4.1183976e-06
18055,173,2.0515774e-05
18055,174,1.8186262e-05
18055,175,1.7452761e-05
18055,176,2.6537886e-05
18055,177,3.0010895e-05
18055,178,0.00076733617
18055,179,0.0011654687
18055,180,0.0020187532
18055,181,0.0038362637
18055,182,0.0039169625
18055,183,0.0029965744
18055,184,0.0021179586
18055,185,0.0012792549
18055,186,0.0007597307
18055,187,0.00038229412
18055,188,0.00014864249
18055,189,0.00014572528
18055,190,0.00013300273
18055,191,0.00011606502
18055,192,8.666103e-05
18055,193,0.000100653924
18055,194,6.7335226e-05
18055,195,4.741328e-05
18055,196,4.735205e-05
18055,197,4.1354375e-05
18055,198,3.033127e-05
18055,199,2.570373e-05
18055,200,2.0524594e-05
18055,201,1.6921296e-05
18055,202,2.1120444e-05
18055,203,2.791937e-05
18055,204,3.306313e-05
18055,205,2.5762412e-05
18055,206,3.3250588e-05
18055,207,4.6130182e-05
18055,208,6.964637e-05
18055,209,6.0118367e-05
18055,210,3.69675e-05
18055,211,1.6592303e-05
18055,212,2.9169292e-05
18055,213,5.284326e-05
18055,214,9.130278e-05
18055,215,9.667036e-05
18057,73,0.0034507648
18057,74,0.0023892308
18057,75,0.0018742386
18057,76,0.0015992929
18057,77,0.0012413166
18057,78,0.0008426247
18057,79,0.00091253425
18057,80,0.0008375986
18057,81,0.0004996342
18057,82,0.00030442237
18057,83,0.00018313345
18057,84,0.00011678649
18057,85,8.922566e-05
18057,86,5.593816e-05
18057,87,5.316975e-05
18057,88,8.928792e-05
18057,89,9.6604e-05
18057,90,7.029247e-05
18057,91,8.888576e-05
18057,92,7.00719e-05
18057,93,5.2654534e-05
18057,94,3.154606e-05
18057,95,2.1503074e-05
18057,96,1.6239444e-05
18057,97,1.3579855e-05
18057,98,8.0124155e-06
18057,99,7.2268094e-06
18057,100,5.3209287e-06
18057,101,8.286889e-06
18057,102,1.154343e-05
18057,103,9.347542e-06
18057,104,9.248376e-06
18057,105,1.0203412e-05
18057,106,4.6573896e-05
18057,107,0.0003374755
18057,108,0.00087592634
18057,109,0.0012747884
18057,110,0.0015477528
18057,111,0.0017444002
18057,112,0.0018975856
18057,113,0.0017770195
18057,114,0.0015396471
18057,115,0.0013788337
18057,116,0.00122634
18057,117,0.0011017739
18057,118,0.0015929671
18057,119,0.0015889169
18057,120,0.0012214911
18057,121,0.0008371567
18057,122,0.0006976692
18057,123,0.0006121135
18057,124,0.0005195784
18057,125,0.00047732692
18057,126,0.00038582578
18057,127,0.00032385028
18057,128,0.00030822866
18057,129,0.0002831142
18057,130,0.00026550877
18057,131,0.00021868799
18057,132,0.00022228136
18057,133,0.0001796906
18057,134,0.00013199318
18057,135,6.676101e-05
18057,136,5.8760255e-05
18057,137,4.1942243e-05
18057,138,5.6653986e-05
18057,139,8.963112e-05
18057,140,7.8173456e-05
18057,141,6.822418e-05
18057,142,4.5488505e-05
18057,143,4.639251e-05
18057,144,3.6376452e-05
18057,145,2.8055427e-05
18057,146,2.3695218e-05
18057,147,1.5687372e-05
18057,148,1.0239964e-05
18057,149,6.945797e-06
18057,150,5.696318e-06
18057,151,9.267879e-06
18057,152,5.777807e-06
18057,153,3.12399e-06
18057,154,4.423667e-06
18057,155,1.1642505e-05
18057,156,2.9186185e-06
18057,157,6.694747e-07
18057,158,9.960083e-07
18057,159,1.367925e-06
18057,160,6.5973813e-07
18057,161,6.253153e-07
18057,162,2.2817417e-07
18057,163,1.2759897e-07
18057,164,3.8239935e-07
18057,165,3.1816552e-07
18057,166,2.4387776e-07
18057,167,4.5094918e-08
18057,168,6.90257e-08
18057,169,1.7775244e-07
18057,170,7.3972886e-09
18057,171,0.0
18057,172,7.3050643e-07
18057,173,1.2279583e-06
18057,174,2.5128447e-06
18057,175,1.7334643e-05
18057,176,8.683385e-06
18057,177,1.2584467e-05
18057,178,1.1166603e-05
18057,179,1.5712365e-05
18057,180,1.8660623e-05
18057,181,9.457054e-06
18057,182,5.6250283e-06
18057,183,3.354916e-06
18057,184,2.9105918e-06
18057,185,3.5582013e-06
18057,186,5.557047e-06
18057,187,2.8452837e-06
18057,188,1.2674823e-06
18057,189,3.104943e-06
18057,190,5.8364058e-06
18057,191,5.685621e-06
18057,192,1.1007409e-06
18057,193,2.359297e-06
18057,194,4.427042e-06
18057,195,1.3169791e-05
18057,196,4.2660078e-05
18057,197,2.2827546e-05
18057,198,3.313809e-05
18057,199,3.7341924e-05
18057,200,2.3176468e-05
18057,201,1.601801e-05
18057,202,7.4279487e-06
18057,203,6.415625e-06
18057,204,6.388889e-06
18057,205,2.9843045e-06
18057,206,4.0355786e-07
18057,207,1.15822095e-05
18057,208,3.2471162e-05
18057,209,6.164391e-05
18057,210,7.936386e-05
18057,211,5.590403e-05
18057,212,5.6897756e-05
18057,213,9.0061796e-05
18057,214,0.00013448758
18057,215,0.00015242344
18063,73,0.0017258874
18063,74,0.0011814588
18063,75,0.00089790457
18063,76,0.00048587922
18063,77,0.0004893972
18063,78,0.0005084303
18063,79,0.00026014922
18063,80,0.00016995671
18063,81,7.510982e-05
18063,82,5.882504e-05
18063,83,6.3368556e-05
18063,84,6.3348045e-05
18063,85,5.0761842e-05
18063,86,1.9186318e-05
18063,87,3.6877893e-05
18063,88,6.305115e-05
18063,89,3.476494e-05
18063,90,3.5598787e-05
18063,91,4.1370295e-05
18063,92,3.6304806e-05
18063,93,3.852777e-05
18063,94,3.10495e-05
18063,95,1.4810866e-05
18063,96,1.2308944e-05
18063,97,9.157888e-06
18063,98,4.5716592e-06
18063,99,2.920395e-06
18063,100,1.430368e-06
18063,101,2.1191913e-06
18063,102,2.1612732e-06
18063,103,7.70673e-07
18063,104,1.6828088e-06
18063,105,6.3132034e-06
18063,106,6.8355745e-05
18063,107,0.0008360719
18063,108,0.0017377553
18063,109,0.0027975992
18063,110,0.0040944796
18063,111,0.0045906287
18063,112,0.0051277434
18063,113,0.005122826
18063,114,0.0049493066
18063,115,0.004439017
18063,116,0.0039975033
18063,117,0.003969477
18063,118,0.0047630314
18063,119,0.0045057773
18063,120,0.0035559845
18063,121,0.003321731
18063,122,0.002857517
18063,123,0.0024171742
18063,124,0.0021921082
18063,125,0.001862643
18063,126,0.0016036523
18063,127,0.0014187964
18063,128,0.0013152425
18063,129,0.0011829956
18063,130,0.00095997564
18063,131,0.0007393358
18063,132,0.0006845417
18063,133,0.00049645273
18063,134,0.00032132422
18063,135,0.00024998537
18063,136,0.0001521733
18063,137,0.00013998745
18063,138,6.796783e-05
18063,139,4.250473e-05
18063,140,3.7896352e-05
18063,141,4.492602e-05
18063,142,3.7957503e-05
18063,143,3.9260554e-05
18063,144,2.93563e-05
18063,145,2.6643042e-05
18063,146,2.4936708e-05
18063,147,2.1359858e-05
18063,148,1.1873148e-05
18063,149,8.841714e-06
18063,150,7.853815e-06
18063,151,5.8518835e-06
18063,152,5.937289e-06
18063,153,6.8741247e-06
18063,154,9.232057e-06
18063,155,3.86986e-06
18063,156,2.8054885e-06
18063,157,1.9945344e-06
18063,158,1.6468568e-06
18063,159,7.1261443e-06
18063,160,7.1889453e-06
18063,161,9.6615995e-06
18063,162,1.780652e-06
18063,163,6.0600405e-07
18063,164,1.064808e-06
18063,165,4.4302968e-07
18063,166,3.5389766e-07
18063,167,2.3665996e-07
18063,168,4.004892e-07
18063,169,1.5823647e-07
18063,170,3.2261258e-09
18063,171,0.0
18063,172,8.2794486e-08
18063,173,2.0503103e-07
18063,174,2.4876698e-07
18063,175,3.2243413e-06
18063,176,4.8664106e-07
18063,177,1.1633559e-06
18063,178,9.20779e-06
18063,179,1.7320486e-05
18063,180,1.09014245e-05
18063,181,5.5950895e-06
18063,182,2.8499053e-06
18063,183,1.8201832e-06
18063,184,1.6386846e-06
18063,185,2.787377e-06
18063,186,5.335474e-06
18063,187,6.0502603e-06
18063,188,8.207496e-06
18063,189,1.3837791e-05
18063,190,1.5209142e-05
18063,191,2.2294007e-05
18063,192,1.0573167e-05
18063,193,2.2206757e-05
18063,194,2.7397582e-05
18063,195,5.513376e-05
18063,196,6.856093e-05
18063,197,3.6094556e-05
18063,198,2.6738313e-05
18063,199,1.392382e-05
18063,200,9.901456e-06
18063,201,1.2287978e-05
18063,202,1.3031401e-05
18063,203,1.397704e-05
18063,204,4.670467e-06
18063,205,2.4481062e-06
18063,206,1.5678321e-06
18063,207,4.2158143e-05
18063,208,9.0724396e-05
18063,209,9.6630014e-05
18063,210,0.00010018546
18063,211,8.075608e-05
18063,212,0.00010201299
18063,213,0.00015320824
18063,214,0.000105268744
18063,215,5.3569165e-05
18075,73,0.0061029387
18075,74,0.0054403017
18075,75,0.005224149
18075,76,0.004712011
18075,77,0.004414197
18075,78,0.0037189159
18075,79,0.003398357
18075,80,0.0029461298
18075,81,0.0025573156
18075,82,0.0023830694
18075,83,0.0019268736
18075,84,0.0015860292
18075,85,0.0013043875
18075,86,0.0011295718
18075,87,0.0008418002
18075,88,0.00074730814
18075,89,0.00057065184
18075,90,0.00043713287
18075,91,0.0003669543
18075,92,0.00039421048
18075,93,0.0003241396
18075,94,0.00020952742
18075,95,0.0001774302
18075,96,0.00011090445
18075,97,3.8338214e-05
18075,98,2.4674879e-05
18075,99,1.0676966e-05
18075,100,9.48468e-06
18075,101,1.2085947e-05
18075,102,1.5387577e-05
18075,103,4.5832327e-05
18075,104,0.00010317903
18075,105,0.00017988119
18075,106,0.00039713486
18075,107,0.0020654073
18075,108,0.0036308647
18075,109,0.00466364
18075,110,0.00477072
18075,111,0.004903149
18075,112,0.004757637
18075,113,0.0046945014
18075,114,0.004576332
18075,115,0.0044762148
18075,116,0.004248618
18075,117,0.0037955996
18075,118,0.0032536732
18075,119,0.0032443828
18075,120,0.0035641254
18075,121,0.004394455
18075,122,0.0048431084
18075,123,0.0046108887
18075,124,0.0042805867
18075,125,0.0036789498
18075,126,0.0028366137
18075,127,0.0022314363
18075,128,0.0014583218
18075,129,0.0010108524
18075,130,0.0010086036
18075,131,0.0008559676
18075,132,0.0007422727
18075,133,0.0006536759
18075,134,0.00061764295
18075,135,0.00065041514
18075,136,0.00049615314
18075,137,0.0005217295
18075,138,0.0004864285
18075,139,0.0004662432
18075,140,0.0004403155
18075,141,0.00035872127
18075,142,0.00029828213
18075,143,0.00027208272
18075,144,0.00022200204
18075,145,0.00016162092
18075,146,0.00011368203
18075,147,7.367439e-05
18075,148,5.008291e-05
18075,149,4.2277738e-05
18075,150,3.8964503e-05
18075,151,3.8181774e-05
18075,152,3.6904825e-05
18075,153,4.8927875e-05
18075,154,4.3116997e-05
18075,155,3.6639787e-05
18075,156,2.6156084e-05
18075,157,1.5449426e-05
18075,158,1.4739942e-05
18075,159,1.115173e-05
18075,160,1.1201926e-05
18075,161,1.2462691e-05
18075,162,1.1364806e-05
18075,163,7.8388375e-06
18075,164,1.1185117e-05
18075,165,3.2160577e-05
18075,166,5.062423e-05
18075,167,3.9490074e-05
18075,168,3.3440556e-05
18075,169,2.0789364e-05
18075,170,1.2930558e-05
18075,171,7.3379906e-06
18075,172,8.137013e-06
18075,173,1.9077223e-05
18075,174,4.3552995e-05
18075,175,9.725797e-05
18075,176,8.90264e-05
18075,177,9.585525e-05
18075,178,5.6004064e-05
18075,179,3.4627392e-05
18075,180,9.9659255e-06
18075,181,9.339622e-06
18075,182,8.492954e-06
18075,183,6.8652275e-06
18075,184,4.050769e-06
18075,185,3.0413075e-06
18075,186,2.4864949e-06
18075,187,9.021154e-07
18075,188,3.1554116e-06
18075,189,6.2840454e-06
18075,190,1.1199012e-05
18075,191,2.1988759e-05
18075,192,4.1350733e-05
18075,193,3.3198343e-05
18075,194,3.2720767e-05
18075,195,9.128467e-05
18075,196,0.000100953395
18075,197,8.758672e-05
18075,198,0.00010627605
18075,199,8.1671424e-05
18075,200,0.00010989001
18075,201,0.00016020038
18075,202,0.000138805
18075,203,0.00012101197
18075,204,6.8660316e-05
18075,205,9.6908974e-05
18075,206,6.4024774e-05
18075,207,4.6941183e-05
18075,208,1.9974006e-05
18075,209,4.3894317e-05
18075,210,8.479038e-05
18075,211,7.972435e-05
18075,212,0.00010819253
18075,213,0.00011534811
18075,214,7.682628e-05
18075,215,5.6089157e-05
18079,73,0.0001373265
18079,74,7.1868567e-06
18079,75,5.9364156e-06
18079,76,3.4876755e-06
18079,77,1.9791643e-05
18079,78,4.6952307e-05
18079,79,7.255757e-05
18079,80,0.00010776886
18079,81,0.000103683466
18079,82,9.707652e-05
18079,83,9.359289e-05
18079,84,9.3509676e-05
18079,85,0.00010914095
18079,86,0.00013450826
18079,87,0.000102139245
18079,88,8.067381e-05
18079,89,6.2684056e-05
18079,90,5.5000415e-05
18079,91,5.2584055e-05
18079,92,4.9789076e-05
18079,93,6.510909e-05
18079,94,6.864162e-05
18079,95,9.302849e-05
18079,96,0.00027792453
18079,97,0.00033813185
18079,98,0.00033308446
18079,99,0.0003822129
18079,100,0.00048625693
18079,101,0.0006631603
18079,102,0.000732714
18079,103,0.0008745588
18079,104,0.00094458065
18079,105,0.0009987451
18079,106,0.0020608203
18079,107,0.0069397264
18079,108,0.016530277
18079,109,0.024986213
18079,110,0.029088551
18079,111,0.030742364
18079,112,0.02916567
18079,113,0.027186172
18079,114,0.023323601
18079,115,0.01876614
18079,116,0.014631726
18079,117,0.012445266
18079,118,0.011843404
18079,119,0.012442863
18079,120,0.015545225
18079,121,0.014902573
18079,122,0.016369304
18079,123,0.016530937
18079,124,0.014894579
18079,125,0.013546014
18079,126,0.012111019
18079,127,0.010892396
18079,128,0.009153564
18079,129,0.0074501615
18079,130,0.0061444794
18079,131,0.004770752
18079,132,0.0030052683
18079,133,0.0018551982
18079,134,0.0012107815
18079,135,0.00085681607
18079,136,0.00059849524
18079,137,0.00041696287
18079,138,0.00031821075
18079,139,0.00017464811
18079,140,0.00012688075
18079,141,9.759815e-05
18079,142,0.00010472217
18079,143,0.00012846559
18079,144,0.00015377073
18079,145,0.00017358936
18079,146,0.00023057041
18079,147,0.00027626168
18079,148,0.00025913044
18079,149,0.00024369854
18079,150,0.00021479957
18079,151,0.00025094877
18079,152,0.0002389203
18079,153,0.00024782162
18079,154,0.00023959085
18079,155,0.00029477273
18079,156,0.00028870822
18079,157,0.00028236737
18079,158,0.00020465502
18079,159,0.00013595186
18079,160,0.00010511599
18079,161,7.190308e-05
18079,162,5.2212137e-05
18079,163,2.0557824e-05
18079,164,7.875473e-05
18079,165,0.00014814411
18079,166,0.00010705986
18079,167,5.8014284e-05
18079,168,1.8872663e-05
18079,169,9.665728e-06
18079,170,9.12026e-06
18079,171,9.139839e-06
18079,172,1.1374507e-05
18079,173,1.7664115e-05
18079,174,2.1996071e-05
18079,175,3.994646e-05
18079,176,9.394363e-05
18079,177,0.00020249892
18079,178,0.0005249603
18079,179,0.0006888882
18079,180,0.00080640137
18079,181,0.0006744574
18079,182,0.0005818017
18079,183,0.00035387254
18079,184,0.00027053963
18079,185,0.0002102595
18079,186,0.00021043839
18079,187,0.00019316834
18079,188,9.8453704e-05
18079,189,0.00014157586
18079,190,0.00017778174
18079,191,0.00020250806
18079,192,0.000198451
18079,193,0.0001898388
18079,194,0.00013299695
18079,195,0.00013676964
18079,196,0.00020694135
18079,197,0.00023827674
18079,198,0.00022420289
18079,199,0.00025631636
18079,200,0.0002933413
18079,201,0.00026830283
18079,202,0.00016179202
18079,203,9.2889175e-05
18079,204,9.144582e-05
18079,205,6.8289024e-05
18079,206,5.9441525e-05
18079,207,9.185917e-05
18079,208,8.616862e-05
18079,209,5.6471363e-05
18079,210,4.5756115e-05
18079,211,1.83092e-05
18079,212,3.1829324e-05
18079,213,6.1490515e-05
18079,214,0.00014867405
18079,215,0.00023260276
18081,73,0.0007953108
18081,74,0.00035480104
18081,75,0.00018603029
18081,76,0.0001802797
18081,77,0.00015787047
18081,78,0.00012008271
18081,79,6.5738015e-05
18081,80,6.4992826e-05
18081,81,5.330264e-05
18081,82,6.616163e-05
18081,83,8.216536e-05
18081,84,0.00011089909
18081,85,0.0001605852
18081,86,0.00015480745
18081,87,0.00021764696
18081,88,0.0003283301
18081,89,0.00027475227
18081,90,0.00020448968
18081,91,0.00014058396
18081,92,7.805971e-05
18081,93,6.7045454e-05
18081,94,5.1746887e-05
18081,95,2.2493377e-05
18081,96,1.085753e-05
18081,97,8.634914e-06
18081,98,5.8409005e-06
18081,99,4.9148944e-06
18081,100,3.1798884e-06
18081,101,2.2071752e-06
18081,102,1.3764795e-06
18081,103,8.115964e-07
18081,104,6.1005574e-07
18081,105,3.8775265e-06
18081,106,0.00015486869
18081,107,0.0021438631
18081,108,0.0044065323
18081,109,0.006372041
18081,110,0.007418504
18081,111,0.007819261
18081,112,0.008099883
18081,113,0.008388694
18081,114,0.0082635665
18081,115,0.0070765684
18081,116,0.006375666
18081,117,0.0059481873
18081,118,0.006576367
18081,119,0.0066993195
18081,120,0.007511882
18081,121,0.0074829017
18081,122,0.00694555
18081,123,0.006077437
18081,124,0.0056076576
18081,125,0.00521132
18081,126,0.004924555
18081,127,0.004099308
18081,128,0.0035713892
18081,129,0.0029858195
18081,130,0.0024528771
18081,131,0.0019566668
18081,132,0.0016235529
18081,133,0.0012486547
18081,134,0.00082122214
18081,135,0.0006849065
18081,136,0.00052106805
18081,137,0.00040272798
18081,138,0.00033970719
18081,139,0.0002571461
18081,140,0.00022055424
18081,141,0.00016981694
18081,142,0.00014914548
18081,143,0.00014059934
18081,144,0.00016760458
18081,145,0.00014057393
18081,146,0.00016797242
18081,147,0.00017481881
18081,148,0.00017933242
18081,149,0.0001422409
18081,150,8.821079e-05
18081,151,6.715846e-05
18081,152,5.3459975e-05
18081,153,2.7984139e-05
18081,154,2.8927541e-05
18081,155,2.5884465e-05
18081,156,2.9588664e-05
18081,157,5.1851614e-05
18081,158,1.8810348e-05
18081,159,1.8022978e-05
18081,160,1.22576785e-05
18081,161,1.615686e-05
18081,162,1.4868597e-05
18081,163,5.620254e-06
18081,164,9.193392e-06
18081,165,1.1006225e-05
18081,166,1.12301705e-05
18081,167,7.965141e-06
18081,168,6.3464518e-06
18081,169,3.6223757e-06
18081,170,2.683138e-06
18081,171,2.6377027e-06
18081,172,2.7654762e-06
18081,173,7.0815795e-06
18081,174,2.9127411e-06
18081,175,1.0441012e-05
18081,176,2.1430453e-05
18081,177,3.8598282e-05
18081,178,1.6245298e-05
18081,179,4.6391568e-05
18081,180,4.4761786e-05
18081,181,3.5143854e-05
18081,182,1.9269612e-05
18081,183,1.3826772e-05
18081,184,1.419714e-05
18081,185,1.5362815e-05
18081,186,2.8090715e-05
18081,187,3.6312915e-05
18081,188,2.502167e-05
18081,189,1.3854674e-05
18081,190,1.10395395e-05
18081,191,1.6616941e-05
18081,192,8.416327e-06
18081,193,5.998613e-06
18081,194,4.141566e-06
18081,195,1.8809336e-06
18081,196,2.0947323e-06
18081,197,5.2317716e-07
18081,198,1.530389e-07
18081,199,0.0
18081,200,1.9916012e-08
18081,201,3.6400493e-08
18081,202,4.2419224e-08
18081,203,8.9520813e-07
18081,204,4.551208e-06
18081,205,1.52516e-05
18081,206,8.166201e-06
18081,207,5.6279343e-05
18081,208,7.9216974e-05
18081,209,7.0586495e-05
18081,210,6.752814e-05
18081,211,4.5417226e-05
18081,212,4.404382e-05
18081,213,5.4198e-05
18081,214,4.983258e-05
18081,215,5.2463874e-05
18115,73,0.00011677121
18115,74,6.613263e-06
18115,75,4.3145697e-06
18115,76,1.0451621e-05
18115,77,6.729207e-06
18115,78,2.8194718e-05
18115,79,2.3630566e-05
18115,80,5.259567e-05
18115,81,7.488974e-05
18115,82,7.739006e-05
18115,83,7.4289615e-05
18115,84,6.252606e-05
18115,85,5.5046963e-05
18115,86,6.854659e-05
18115,87,4.1643736e-05
18115,88,2.7926382e-05
18115,89,2.2007407e-05
18115,90,2.0500982e-05
18115,91,2.291595e-05
18115,92,1.1278189e-05
18115,93,1.51314225e-05
18115,94,3.2091004e-05
18115,95,4.1628893e-05
18115,96,8.215882e-05
18115,97,0.00012139747
18115,98,8.494212e-05
18115,99,7.807018e-05
18115,100,7.606117e-05
18115,101,8.3066196e-05
18115,102,9.537153e-05
18115,103,0.00012808898
18115,104,0.00017849315
18115,105,0.00029658232
18115,106,0.0010297974
18115,107,0.003540451
18115,108,0.0072057866
18115,109,0.011023542
18115,110,0.013600443
18115,111,0.014422777
18115,112,0.013672645
18115,113,0.012983855
18115,114,0.012002733
18115,115,0.009779998
18115,116,0.0079895295
18115,117,0.00646223
18115,118,0.005612362
18115,119,0.005248332
18115,120,0.0059911693
18115,121,0.008823846
18115,122,0.010443211
18115,123,0.012825557
18115,124,0.013877548
18115,125,0.0139668975
18115,126,0.012293271
18115,127,0.0112014385
18115,128,0.010319757
18115,129,0.008469099
18115,130,0.0070435666
18115,131,0.005571183
18115,132,0.0047497926
18115,133,0.0035856373
18115,134,0.002827823
18115,135,0.002379016
18115,136,0.0021132736
18115,137,0.001695575
18115,138,0.0013967113
18115,139,0.00090426626
18115,140,0.00056223286
18115,141,0.00044105935
18115,142,0.0005165576
18115,143,0.00047184675
18115,144,0.00034277848
18115,145,0.00031722046
18115,146,0.00025263996
18115,147,0.00034356897
18115,148,0.00039914227
18115,149,0.00054370903
18115,150,0.0006953154
18115,151,0.0008030223
18115,152,0.0007133297
18115,153,0.00065587176
18115,154,0.000536818
18115,155,0.0004984387
18115,156,0.00047797422
18115,157,0.00060111925
18115,158,0.00067044795
18115,159,0.0007081708
18115,160,0.0006017208
18115,161,0.0004530162
18115,162,0.00038008942
18115,163,0.0002948865
18115,164,0.0004402181
18115,165,0.00048777834
18115,166,0.00038731587
18115,167,0.00013852953
18115,168,0.00015047807
18115,169,8.249323e-05
18115,170,5.2796906e-05
18115,171,2.999394e-05
18115,172,2.4501973e-05
18115,173,3.006337e-05
18115,174,4.167988e-05
18115,175,5.3161835e-05
18115,176,9.762582e-05
18115,177,0.00010651001
18115,178,0.00015003516
18115,179,0.00022059765
18115,180,0.0001727196
18115,181,0.00017498566
18115,182,0.00020984406
18115,183,0.00017103339
18115,184,0.00010623582
18115,185,0.000106548585
18115,186,7.1271446e-05
18115,187,8.396589e-05
18115,188,0.00014199807
18115,189,0.00014493121
18115,190,0.00017765482
18115,191,0.00016352953
18115,192,0.00013787119
18115,193,0.00013719898
18115,194,0.00010145437
18115,195,8.3000836e-05
18115,196,0.00010114653
18115,197,9.306976e-05
18115,198,0.000100537975
18115,199,0.00012713893
18115,200,0.00013638518
18115,201,0.00012664968
18115,202,6.3698055e-05
18115,203,3.5604902e-05
18115,204,3.786813e-05
18115,205,3.198665e-05
18115,206,5.9783608e-05
18115,207,0.00018067221
18115,208,0.00028528358
18115,209,0.0002430238
18115,210,0.00019120361
18115,211,5.9509577e-05
18115,212,5.5170767e-05
18115,213,7.224076e-05
18115,214,6.44152e-05
18115,215,6.128243e-05
18119,73,0.00035930087
18119,74,1.6037542e-05
18119,75,1.1548966e-05
18119,76,6.896225e-06
18119,77,1.9575837e-05
18119,78,6.508978e-05
18119,79,0.000110708934
18119,80,0.00018027832
18119,81,0.00018738443
18119,82,0.00019858706
18119,83,0.00017683834
18119,84,0.00022637812
18119,85,0.0003156992
18119,86,0.00016746768
18119,87,0.00013269241
18119,88,8.5937936e-05
18119,89,0.00010584994
18119,90,0.00011862781
18119,91,6.6962086e-05
18119,92,4.0483992e-05
18119,93,3.9702518e-05
18119,94,3.1923286e-05
18119,95,2.7670689e-05
18119,96,4.72303e-05
18119,97,4.5045912e-05
18119,98,6.0794544e-05
18119,99,8.36231e-05
18119,100,0.000111173475
18119,101,0.00013563083
18119,102,0.00025490124
18119,103,0.0005226403
18119,104,0.0010093815
18119,105,0.0028949468
18119,106,0.006227293
18119,107,0.010860348
18119,108,0.0147648845
18119,109,0.020959979
18119,110,0.027219675
18119,111,0.030584317
18119,112,0.033095814
18119,113,0.033087157
18119,114,0.03126382
18119,115,0.028083418
18119,116,0.02376324
18119,117,0.01952232
18119,118,0.021990992
18119,119,0.021868238
18119,120,0.02269074
18119,121,0.022650165
18119,122,0.020511737
18119,123,0.019116336
18119,124,0.016544366
18119,125,0.01428997
18119,126,0.011963509
18119,127,0.009820045
18119,128,0.008475647
18119,129,0.007189637
18119,130,0.006127464
18119,131,0.005048703
18119,132,0.0040513463
18119,133,0.003128928
18119,134,0.0023009812
18119,135,0.0018108679
18119,136,0.0015051358
18119,137,0.0012201447
18119,138,0.0010991744
18119,139,0.0009154933
18119,140,0.00068531814
18119,141,0.0005959604
18119,142,0.00028592965
18119,143,0.00018078576
18119,144,0.00017062025
18119,145,0.00021042759
18119,146,0.00029224914
18119,147,0.00033706296
18119,148,0.0003271405
18119,149,0.00039407358
18119,150,0.00050402834
18119,151,0.0005763843
18119,152,0.00049952674
18119,153,0.00061914814
18119,154,0.000615471
18119,155,0.00052705203
18119,156,0.00041403517
18119,157,0.00029125556
18119,158,0.00024611986
18119,159,0.0002562886
18119,160,0.00021108007
18119,161,0.00012431636
18119,162,5.7139187e-05
18119,163,3.453435e-05
18119,164,2.8582033e-05
18119,165,2.026361e-05
18119,166,1.1334463e-05
18119,167,7.806253e-06
18119,168,6.326722e-06
18119,169,3.3929887e-06
18119,170,2.3011903e-06
18119,171,1.6687457e-06
18119,172,2.2392821e-06
18119,173,2.5862977e-05
18119,174,7.030685e-05
18119,175,0.00010805734
18119,176,0.00013845127
18119,177,0.00021101447
18119,178,0.00035798486
18119,179,0.00055069616
18119,180,0.0022622142
18119,181,0.0028343326
18119,182,0.0025726894
18119,183,0.001980944
18119,184,0.0013684833
18119,185,0.0008927872
18119,186,0.00055364927
18119,187,0.00035103847
18119,188,0.00015183724
18119,189,0.00021376974
18119,190,0.00020024109
18119,191,0.00020309573
18119,192,0.00014369393
18119,193,0.00018305307
18119,194,9.366217e-05
18119,195,7.328861e-05
18119,196,8.4969855e-05
18119,197,9.066669e-05
18119,198,7.713383e-05
18119,199,7.2867e-05
18119,200,7.193929e-05
18119,201,6.727138e-05
18119,202,0.000108348104
18119,203,0.00012913597
18119,204,0.00014686686
18119,205,0.00013569756
18119,206,0.00014811812
18119,207,0.00022668092
18119,208,0.00023133332
18119,209,0.00014285553
18119,210,6.987233e-05
18119,211,2.3247705e-05
18119,212,4.0589028e-05
18119,213,6.617706e-05
18119,214,0.00012907169
18119,215,0.00012585038
39001,73,0.00077139353
39001,74,0.00017043199
39001,75,9.057494e-05
39001,76,8.818821e-05
39001,77,6.449097e-05
39001,78,5.5236727e-05
39001,79,7.900432e-05
39001,80,0.00015853407
39001,81,0.00017839689
39001,82,0.00025194066
39001,83,0.00030385033
39001,84,0.00034542143
39001,85,0.00027853734
39001,86,0.00031674613
39001,87,0.0003410977
39001,88,0.00031732305
39001,89,0.00021721993
39001,90,0.00023189235
39001,91,0.00018971718
39001,92,0.00019040037
39001,93,0.00018207656
39001,94,0.00017051026
39001,95,0.0001253906
39001,96,9.298217e-05
39001,97,7.7653654e-05
39001,98,5.884979e-05
39001,99,3.97954e-05
39001,100,3.3947275e-05
39001,101,2.918932e-05
39001,102,2.5686826e-05
39001,103,3.0452771e-05
39001,104,4.2978423e-05
39001,105,0.00012909362
39001,106,0.0003809503
39001,107,0.0008362464
39001,108,0.0019059363
39001,109,0.0029953516
39001,110,0.0034077629
39001,111,0.004080473
39001,112,0.0037212034
39001,113,0.0033118164
39001,114,0.0028774827
39001,115,0.002477778
39001,116,0.002201439
39001,117,0.0015520912
39001,118,0.0012129355
39001,119,0.0009715615
39001,120,0.00086982106
39001,121,0.0008515205
39001,122,0.00091691606
39001,123,0.0013290741
39001,124,0.0014132293
39001,125,0.001739257
39001,126,0.002069077
39001,127,0.0021747104
39001,128,0.0020523744
39001,129,0.001675621
39001,130,0.0013702139
39001,131,0.0010428155
39001,132,0.00074585574
39001,133,0.0005402382
39001,134,0.0004216198
39001,135,0.0004321049
39001,136,0.00063102355
39001,137,0.00055143307
39001,138,0.00050880207
39001,139,0.0004387208
39001,140,0.00026994784
39001,141,0.00018983195
39001,142,0.00013890876
39001,143,0.00015388751
39001,144,0.00014288376
39001,145,0.00012525065
39001,146,0.00012511978
39001,147,0.00011692682
39001,148,0.00013850111
39001,149,0.00015418771
39001,150,0.00018285234
39001,151,0.00016408852
39001,152,0.00019172797
39001,153,0.0002200742
39001,154,0.00019627516
39001,155,0.00024423326
39001,156,0.00026346196
39001,157,0.00021839299
39001,158,0.00018116627
39001,159,0.00017127034
39001,160,0.00016899781
39001,161,0.00014745507
39001,162,0.00010744366
39001,163,8.260628e-05
39001,164,5.2784468e-05
39001,165,6.948954e-05
39001,166,0.00014094508
39001,167,5.892491e-05
39001,168,3.6853027e-05
39001,169,1.8002156e-05
39001,170,1.7671382e-05
39001,171,2.4608871e-05
39001,172,2.464605e-05
39001,173,2.7565226e-05
39001,174,3.1470267e-05
39001,175,4.7819438e-05
39001,176,8.700246e-05
39001,177,0.00012414438
39001,178,0.0001427051
39001,179,0.00019560696
39001,180,0.00015295074
39001,181,9.052539e-05
39001,182,0.00012505199
39001,183,0.00011596118
39001,184,0.000121052086
39001,185,9.28524e-05
39001,186,0.000121037774
39001,187,9.13255e-05
39001,188,6.4126405e-05
39001,189,4.8067617e-05
39001,190,6.49259e-05
39001,191,7.284774e-05
39001,192,3.3866047e-05
39001,193,2.3011453e-05
39001,194,2.1593945e-05
39001,195,2.4051897e-05
39001,196,2.6583757e-05
39001,197,2.703181e-05
39001,198,2.1888309e-05
39001,199,2.6622401e-05
39001,200,2.1014574e-05
39001,201,4.550963e-05
39001,202,7.588544e-05
39001,203,8.5010455e-05
39001,204,4.2926702e-05
39001,205,5.0318813e-05
39001,206,4.763104e-05
39001,207,7.109041e-05
39001,208,0.00012013784
39001,209,0.0001476389
39001,210,0.00011767433
39001,211,5.3077038e-05
39001,212,5.3867818e-05
39001,213,5.9773003e-05
39001,214,6.124322e-05
39001,215,4.0327694e-05
39003,73,0.033810098
39003,74,0.03409278
39003,75,0.033053804
39003,76,0.03315033
39003,77,0.03303813
39003,78,0.03263664
39003,79,0.03156711
39003,80,0.03019774
39003,81,0.02955826
39003,82,0.028712407
39003,83,0.026190732
39003,84,0.024170691
39003,85,0.022176499
39003,86,0.019808995
39003,87,0.016984642
39003,88,0.014523842
39003,89,0.012476742
39003,90,0.010845835
39003,91,0.009652309
39003,92,0.009016907
39003,93,0.007832401
39003,94,0.006553678
39003,95,0.0054915035
39003,96,0.004889015
39003,97,0.004476972
39003,98,0.0038799779
39003,99,0.003417834
39003,100,0.0031329049
39003,101,0.0030103258
39003,102,0.0030417042
39003,103,0.0032488222
39003,104,0.0035395816
39003,105,0.0041220887
39003,106,0.0039851246
39003,107,0.0040833945
39003,108,0.0045035747
39003,109,0.0049219294
39003,110,0.00483878
39003,111,0.004749625
39003,112,0.00406906
39003,113,0.003605417
39003,114,0.0034703226
39003,115,0.0027505925
39003,116,0.0025647632
39003,117,0.0022600514
39003,118,0.0019474667
39003,119,0.0018363373
39003,120,0.001959165
39003,121,0.0022335714
39003,122,0.0027173224
39003,123,0.002817815
39003,124,0.0029611387
39003,125,0.0029548865
39003,126,0.0027182824
39003,127,0.0024885456
39003,128,0.0022670026
39003,129,0.002014556
39003,130,0.0017898647
39003,131,0.0015194644
39003,132,0.0013809173
39003,133,0.0013008118
39003,134,0.0011873256
39003,135,0.0008976249
39003,136,0.0007897748
39003,137,0.00067233935
39003,138,0.00064489915
39003,139,0.0006505499
39003,140,0.00049558445
39003,141,0.0003777569
39003,142,0.00037042992
39003,143,0.0003403172
39003,144,0.00028554976
39003,145,0.000240824
39003,146,0.00016595169
39003,147,0.00012492071
39003,148,0.000110229674
39003,149,0.00016599895
39003,150,0.00017405786
39003,151,0.00037207853
39003,152,0.00037509188
39003,153,0.0002808635
39003,154,0.0002369793
39003,155,0.00020731753
39003,156,0.00013144735
39003,157,0.00010937512
39003,158,9.0219415e-05
39003,159,7.5494e-05
39003,160,6.479167e-05
39003,161,3.2265274e-05
39003,162,1.667611e-05
39003,163,1.1064763e-05
39003,164,2.3055196e-05
39003,165,2.3166875e-05
39003,166,1.7734563e-05
39003,167,1.989106e-05
39003,168,2.8887755e-05
39003,169,2.6541786e-05
39003,170,1.8034141e-05
39003,171,1.1706177e-05
39003,172,8.805361e-06
39003,173,1.3355021e-05
39003,174,2.5180772e-05
39003,175,5.0783925e-05
39003,176,8.0430735e-05
39003,177,7.0096e-05
39003,178,6.137269e-05
39003,179,6.36005e-05
39003,180,5.714065e-05
39003,181,5.2977997e-05
39003,182,4.9294817e-05
39003,183,5.4801214e-05
39003,184,4.540196e-05
39003,185,2.6443413e-05
39003,186,2.456464e-05
39003,187,2.3978562e-05
39003,188,3.5405e-05
39003,189,3.0467294e-05
39003,190,1.505268e-05
39003,191,1.0834359e-05
39003,192,6.6539715e-06
39003,193,6.782662e-06
39003,194,4.129942e-06
39003,195,8.091152e-06
39003,196,1.735074e-05
39003,197,2.9039667e-05
39003,198,3.4994282e-05
39003,199,1.9591516e-05
39003,200,3.8848477e-05
39003,201,8.382055e-05
39003,202,7.2732095e-05
39003,203,8.680222e-05
39003,204,0.00011323136
39003,205,0.0001511048
39003,206,9.493341e-05
39003,207,0.00012016583
39003,208,0.000104013096
39003,209,8.0981816e-05
39003,210,6.4914646e-05
39003,211,5.4633772e-05
39003,212,5.5962504e-05
39003,213,7.6447934e-05
39003,214,6.462188e-05
39003,215,6.266558e-05
39005,73,0.089323185
39005,74,0.08329914
39005,75,0.07837294
39005,76,0.0762625
39005,77,0.07452322
39005,78,0.07312155
39005,79,0.07118508
39005,80,0.06878852
39005,81,0.06604072
39005,82,0.06407212
39005,83,0.062077884
39005,84,0.05915999
39005,85,0.056662682
39005,86,0.053597104
39005,87,0.049570512
39005,88,0.046596855
39005,89,0.041805726
39005,90,0.036583163
39005,91,0.03212815
39005,92,0.028852182
39005,93,0.026419384
39005,94,0.02374701
39005,95,0.023121113
39005,96,0.021986099
39005,97,0.020483494
39005,98,0.019168695
39005,99,0.01784906
39005,100,0.017416343
39005,101,0.01711375
39005,102,0.017328661
39005,103,0.01672875
39005,104,0.0151855815
39005,105,0.014771827
39005,106,0.015411982
39005,107,0.014878141
39005,108,0.014581054
39005,109,0.014683812
39005,110,0.015441639
39005,111,0.015318641
39005,112,0.015975451
39005,113,0.014748528
39005,114,0.013422569
39005,115,0.012510189
39005,116,0.010828681
39005,117,0.009200246
39005,118,0.007879199
39005,119,0.0069408114
39005,120,0.0067030424
39005,121,0.006422624
39005,122,0.0061980034
39005,123,0.0067948387
39005,124,0.0077789556
39005,125,0.008700705
39005,126,0.009372719
39005,127,0.011867241
39005,128,0.01116077
39005,129,0.010878368
39005,130,0.009616255
39005,131,0.008170809
39005,132,0.007931045
39005,133,0.0065677036
39005,134,0.00568393
39005,135,0.005559531
39005,136,0.0052768467
39005,137,0.0048405426
39005,138,0.004038733
39005,139,0.0033100059
39005,140,0.0026991423
39005,141,0.0022527347
39005,142,0.0018870096
39005,143,0.0014566826
39005,144,0.0012399841
39005,145,0.0010641045
39005,146,0.0009904003
39005,147,0.0009821381
39005,148,0.0008991372
39005,149,0.0009600445
39005,150,0.0010234005
39005,151,0.0011684394
39005,152,0.0011294989
39005,153,0.0012344875
39005,154,0.0011607548
39005,155,0.001111338
39005,156,0.00097245513
39005,157,0.00081318786
39005,158,0.0006047378
39005,159,0.000501986
39005,160,0.00046734724
39005,161,0.0003125731
39005,162,0.00016905711
39005,163,0.00019326307
39005,164,0.000176503
39005,165,0.00019391607
39005,166,0.00015300604
39005,167,0.000120608456
39005,168,0.00015628693
39005,169,0.00020297083
39005,170,0.00019013407
39005,171,0.00011969775
39005,172,8.225906e-05
39005,173,5.876075e-05
39005,174,6.78169e-05
39005,175,5.3950298e-05
39005,176,6.456448e-05
39005,177,0.00012629811
39005,178,0.00012279087
39005,179,8.428658e-05
39005,180,8.573548e-05
39005,181,7.12861e-05
39005,182,4.7663005e-05
39005,183,4.1574076e-05
39005,184,2.0516994e-05
39005,185,1.562201e-05
39005,186,1.2202229e-05
39005,187,5.360687e-06
39005,188,2.5395907e-06
39005,189,1.1922615e-06
39005,190,5.599002e-07
39005,191,2.4229251e-07
39005,192,7.953072e-08
39005,193,1.600267e-08
39005,194,2.3321195e-10
39005,195,0.0
39005,196,1.0879496e-06
39005,197,6.9207617e-06
39005,198,1.8626342e-05
39005,199,1.27325675e-05
39005,200,2.4217714e-05
39005,201,4.9669397e-05
39005,202,0.00011390257
39005,203,0.00013777571
39005,204,0.0001694382
39005,205,0.000111011745
39005,206,7.510891e-05
39005,207,6.5114065e-05
39005,208,5.17424e-05
39005,209,4.234676e-05
39005,210,2.83237e-05
39005,211,1.0088779e-05
39005,212,5.805038e-06
39005,213,3.1075563e-06
39005,214,7.727292e-06
39005,215,4.636017e-06
39007,73,0.05300195
39007,74,0.06021496
39007,75,0.06132782
39007,76,0.058029618
39007,77,0.05488542
39007,78,0.05136287
39007,79,0.046927214
39007,80,0.04315121
39007,81,0.039231304
39007,82,0.035317592
39007,83,0.031593215
39007,84,0.027774157
39007,85,0.024601491
39007,86,0.021942448
39007,87,0.01936255
39007,88,0.016958155
39007,89,0.014372177
39007,90,0.012743605
39007,91,0.011308358
39007,92,0.010285134
39007,93,0.009157659
39007,94,0.007990615
39007,95,0.0072864527
39007,96,0.006951564
39007,97,0.006477614
39007,98,0.005756789
39007,99,0.005333105
39007,100,0.0058025997
39007,101,0.005549231
39007,102,0.0054059895
39007,103,0.005501831
39007,104,0.00546116
39007,105,0.0059504397
39007,106,0.006163865
39007,107,0.005957844
39007,108,0.0056534745
39007,109,0.006110668
39007,110,0.006143251
39007,111,0.007462507
39007,112,0.008718693
39007,113,0.008667107
39007,114,0.008086183
39007,115,0.007593743
39007,116,0.0078001046
39007,117,0.0078064697
39007,118,0.0072740633
39007,119,0.007157456
39007,120,0.007356058
39007,121,0.006842107
39007,122,0.0065359394
39007,123,0.0062098457
39007,124,0.006030296
39007,125,0.005716061
39007,126,0.006064666
39007,127,0.0056310273
39007,128,0.0050572264
39007,129,0.005317756
39007,130,0.00583017
39007,131,0.00500698
39007,132,0.004038914
39007,133,0.003019729
39007,134,0.002574723
39007,135,0.0020443676
39007,136,0.0019579001
39007,137,0.0019258606
39007,138,0.0017785244
39007,139,0.001807284
39007,140,0.0014499916
39007,141,0.0012726879
39007,142,0.0011287867
39007,143,0.0012339856
39007,144,0.0010089137
39007,145,0.0009261421
39007,146,0.0009383481
39007,147,0.00093668804
39007,148,0.00087109
39007,149,0.0007301552
39007,150,0.00075890304
39007,151,0.0007324682
39007,152,0.0005593761
39007,153,0.0005286282
39007,154,0.00060370413
39007,155,0.0005211515
39007,156,0.000516254
39007,157,0.00044750932
39007,158,0.00038254444
39007,159,0.00041192747
39007,160,0.00024333564
39007,161,0.00020262154
39007,162,0.00021154233
39007,163,0.00014082754
39007,164,9.92145e-05
39007,165,6.332769e-05
39007,166,5.012668e-05
39007,167,4.631864e-05
39007,168,0.00013590153
39007,169,0.0001732568
39007,170,0.00018885026
39007,171,0.00018372959
39007,172,0.0001591873
39007,173,9.9105295e-05
39007,174,5.230003e-05
39007,175,4.2228177e-05
39007,176,4.1598334e-05
39007,177,4.8952745e-05
39007,178,9.204094e-05
39007,179,0.00010579355
39007,180,0.00012371245
39007,181,0.00010012141
39007,182,9.625631e-05
39007,183,7.593857e-05
39007,184,4.3827557e-05
39007,185,2.8204275e-05
39007,186,1.7125714e-05
39007,187,6.455282e-06
39007,188,8.005144e-06
39007,189,7.895884e-06
39007,190,5.0140366e-06
39007,191,3.643682e-06
39007,192,2.2915272e-06
39007,193,1.7065838e-06
39007,194,1.6202819e-06
39007,195,1.0236653e-06
39007,196,9.1940075e-07
39007,197,1.0429466e-06
39007,198,3.064073e-06
39007,199,5.7603957e-06
39007,200,1.238177e-05
39007,201,1.1742569e-05
39007,202,1.1595228e-05
39007,203,1.8692874e-05
39007,204,1.9512698e-05
39007,205,1.8105666e-05
39007,206,1.281137e-05
39007,207,6.4713754e-06
39007,208,5.4044776e-06
39007,209,6.6617895e-06
39007,210,1.5316047e-05
39007,211,2.4279458e-05
39007,212,2.3323093e-05
39007,213,2.2853643e-05
39007,214,1.614104e-05
39007,215,1.8045523e-05
39009,73,0.0065073655
39009,74,0.0045985393
39009,75,0.0038594245
39009,76,0.003650908
39009,77,0.0036870837
39009,78,0.003851005
39009,79,0.0041514277
39009,80,0.0045578456
39009,81,0.004328912
39009,82,0.0044615692
39009,83,0.0038646648
39009,84,0.0037923648
39009,85,0.0037470488
39009,86,0.0037729645
39009,87,0.0032997055
39009,88,0.00253101
39009,89,0.0017133756
39009,90,0.0014010932
39009,91,0.0012642044
39009,92,0.0011105574
39009,93,0.00097032555
39009,94,0.0008127317
39009,95,0.00068675727
39009,96,0.00066154473
39009,97,0.00064386113
39009,98,0.00062938436
39009,99,0.00052546244
39009,100,0.00048882165
39009,101,0.00052920444
39009,102,0.00050213723
39009,103,0.00051671016
39009,104,0.00054454716
39009,105,0.0006447389
39009,106,0.0009313116
39009,107,0.0011179779
39009,108,0.0014813296
39009,109,0.0021237854
39009,110,0.0025613513
39009,111,0.0024320018
39009,112,0.0025918102
39009,113,0.0026799738
39009,114,0.0023181776
39009,115,0.0017871155
39009,116,0.0018801828
39009,117,0.0020529733
39009,118,0.0019781976
39009,119,0.0021177134
39009,120,0.0021195812
39009,121,0.0020398898
39009,122,0.0017211962
39009,123,0.0014470243
39009,124,0.0020502436
39009,125,0.0032020626
39009,126,0.0034302503
39009,127,0.0033653346
39009,128,0.00350443
39009,129,0.003599148
39009,130,0.003684059
39009,131,0.0031681275
39009,132,0.0023380935
39009,133,0.0017007021
39009,134,0.001408815
39009,135,0.0015512573
39009,136,0.0016246147
39009,137,0.002515229
39009,138,0.0043186755
39009,139,0.006088344
39009,140,0.0058128457
39009,141,0.005214923
39009,142,0.004278609
39009,143,0.003603934
39009,144,0.002934089
39009,145,0.0022618375
39009,146,0.0018537508
39009,147,0.0015618077
39009,148,0.0013317886
39009,149,0.0012107167
39009,150,0.0011616095
39009,151,0.0012278071
39009,152,0.0010611045
39009,153,0.0009929185
39009,154,0.0008926807
39009,155,0.00064705574
39009,156,0.0004907947
39009,157,0.00035473172
39009,158,0.00026986224
39009,159,0.00019093521
39009,160,0.00017116034
39009,161,0.00015341329
39009,162,8.254562e-05
39009,163,5.78343e-05
39009,164,7.375404e-05
39009,165,0.00012707613
39009,166,0.00017220335
39009,167,0.00011610622
39009,168,0.00012374502
39009,169,0.00023377665
39009,170,0.0001991735
39009,171,0.00018766137
39009,172,0.00018921988
39009,173,0.00018609993
39009,174,0.00020548137
39009,175,0.00027525375
39009,176,0.0005060914
39009,177,0.00055442186
39009,178,0.0005519946
39009,179,0.00048596284
39009,180,0.00045649346
39009,181,0.00043027417
39009,182,0.00035274934
39009,183,0.0002930248
39009,184,0.0002234848
39009,185,0.00014949768
39009,186,0.00015236426
39009,187,7.3537805e-05
39009,188,4.686058e-05
39009,189,4.4829616e-05
39009,190,4.963726e-05
39009,191,3.9167815e-05
39009,192,1.6507867e-05
39009,193,1.3775263e-05
39009,194,1.0811625e-05
39009,195,1.9548139e-05
39009,196,4.1505467e-05
39009,197,8.324856e-05
39009,198,0.00011193922
39009,199,0.0001335947
39009,200,0.0003317097
39009,201,0.0005283318
39009,202,0.00057791156
39009,203,0.00036435958
39009,204,0.00034891724
39009,205,0.00030416274
39009,206,0.00021442492
39009,207,0.00014306304
39009,208,8.9939516e-05
39009,209,6.5930144e-05
39009,210,5.3339805e-05
39009,211,3.301166e-05
39009,212,5.229909e-05
39009,213,4.9875987e-05
39009,214,5.040148e-05
39009,215,9.599239e-05
39011,73,0.02614717
39011,74,0.025463106
39011,75,0.024478639
39011,76,0.024494642
39011,77,0.024531083
39011,78,0.023868972
39011,79,0.022713846
39011,80,0.021353357
39011,81,0.021870278
39011,82,0.021119757
39011,83,0.018763391
39011,84,0.016815407
39011,85,0.015235736
39011,86,0.013707144
39011,87,0.011887848
39011,88,0.009971643
39011,89,0.00848854
39011,90,0.0073623364
39011,91,0.006140289
39011,92,0.0054406403
39011,93,0.0048448644
39011,94,0.003935911
39011,95,0.0031553325
39011,96,0.0029066172
39011,97,0.0026937989
39011,98,0.002117533
39011,99,0.0017460046
39011,100,0.0015446256
39011,101,0.001511371
39011,102,0.0015011274
39011,103,0.0016914728
39011,104,0.0019191481
39011,105,0.0020930665
39011,106,0.0019831106
39011,107,0.0023291497
39011,108,0.0028154864
39011,109,0.0037455133
39011,110,0.0038708977
39011,111,0.004143711
39011,112,0.0037097402
39011,113,0.0033892319
39011,114,0.0031939545
39011,115,0.0025090813
39011,116,0.0022274733
39011,117,0.0019554803
39011,118,0.0015322139
39011,119,0.0013675678
39011,120,0.0015392362
39011,121,0.0016720362
39011,122,0.0022907187
39011,123,0.0024362048
39011,124,0.0026096147
39011,125,0.0024598702
39011,126,0.002152071
39011,127,0.0018932201
39011,128,0.0017359258
39011,129,0.0014111471
39011,130,0.0012834092
39011,131,0.0010783278
39011,132,0.001002699
39011,133,0.000877451
39011,134,0.00074903516
39011,135,0.0005628563
39011,136,0.0004883534
39011,137,0.0004161748
39011,138,0.00045709015
39011,139,0.00049560727
39011,140,0.00034556453
39011,141,0.00030388133
39011,142,0.00025265542
39011,143,0.00022525752
39011,144,0.0001806086
39011,145,0.00017241706
39011,146,0.00011859801
39011,147,0.00010176604
39011,148,0.00010015778
39011,149,0.000119601915
39011,150,0.00012065777
39011,151,0.00019618316
39011,152,0.00026734144
39011,153,0.00035828893
39011,154,0.0003624218
39011,155,0.00027599462
39011,156,0.00022537523
39011,157,0.00016837775
39011,158,0.00014625209
39011,159,0.00013284032
39011,160,0.00011371961
39011,161,8.154003e-05
39011,162,6.0352348e-05
39011,163,4.2505235e-05
39011,164,3.5470603e-05
39011,165,3.0528703e-05
39011,166,2.219618e-05
39011,167,2.879597e-05
39011,168,3.7315724e-05
39011,169,4.8836842e-05
39011,170,6.625011e-05
39011,171,6.505585e-05
39011,172,4.8498387e-05
39011,173,5.3095777e-05
39011,174,9.798006e-05
39011,175,0.00015478134
39011,176,0.00015910919
39011,177,0.0001058639
39011,178,7.855843e-05
39011,179,6.565843e-05
39011,180,4.913463e-05
39011,181,3.5611334e-05
39011,182,3.324643e-05
39011,183,3.7415815e-05
39011,184,3.0622396e-05
39011,185,2.0446283e-05
39011,186,1.5908909e-05
39011,187,1.158501e-05
39011,188,2.1149208e-05
39011,189,3.907376e-05
39011,190,5.636926e-05
39011,191,4.948952e-05
39011,192,3.5583165e-05
39011,193,3.174271e-05
39011,194,1.6254085e-05
39011,195,4.2723597e-05
39011,196,9.258344e-05
39011,197,0.00016508572
39011,198,0.00020245183
39011,199,0.00014635002
39011,200,0.00018719205
39011,201,0.00026333088
39011,202,0.000208308
39011,203,0.00025133594
39011,204,0.00023995919
39011,205,0.00021183805
39011,206,9.969429e-05
39011,207,0.00019430068
39011,208,0.00022497287
39011,209,0.0001942024
39011,210,0.00020625866
39011,211,0.00020414378
39011,212,0.00024429246
39011,213,0.0002045192
39011,214,0.00014757493
39011,215,0.000113550035
39013,73,0.12106446
39013,74,0.12246313
39013,75,0.12040524
39013,76,0.118383266
39013,77,0.11713121
39013,78,0.11586316
39013,79,0.11368547
39013,80,0.11069791
39013,81,0.10585886
39013,82,0.101824485
39013,83,0.09693545
39013,84,0.09134013
39013,85,0.087178394
39013,86,0.08161977
39013,87,0.07562415
39013,88,0.0704113
39013,89,0.064884536
39013,90,0.05956285
39013,91,0.054445058
39013,92,0.048197843
39013,93,0.044299334
39013,94,0.04092409
39013,95,0.038425077
39013,96,0.03607729
39013,97,0.03368247
39013,98,0.03179327
39013,99,0.03048642
39013,100,0.028791178
39013,101,0.027034605
39013,102,0.025492718
39013,103,0.023916686
39013,104,0.022176707
39013,105,0.022695404
39013,106,0.024225187
39013,107,0.023572981
39013,108,0.02219836
39013,109,0.021096578
39013,110,0.01882954
39013,111,0.01583413
39013,112,0.014287666
39013,113,0.013620797
39013,114,0.012958202
39013,115,0.011872023
39013,116,0.011230217
39013,117,0.010325938
39013,118,0.009868178
39013,119,0.009247636
39013,120,0.008960506
39013,121,0.00870534
39013,122,0.0082017165
39013,123,0.0077995714
39013,124,0.0076384516
39013,125,0.00754942
39013,126,0.009501474
39013,127,0.009818712
39013,128,0.009412047
39013,129,0.010468257
39013,130,0.01090632
39013,131,0.011218862
39013,132,0.010639531
39013,133,0.009323133
39013,134,0.008430559
39013,135,0.00681805
39013,136,0.0058251154
39013,137,0.004633692
39013,138,0.0038716733
39013,139,0.0039183605
39013,140,0.004457708
39013,141,0.004115716
39013,142,0.003916937
39013,143,0.0033975807
39013,144,0.0029667548
39013,145,0.0025702303
39013,146,0.002135262
39013,147,0.0020614169
39013,148,0.0021025508
39013,149,0.002213677
39013,150,0.0024514748
39013,151,0.0027709857
39013,152,0.0024339464
39013,153,0.0023757194
39013,154,0.0022290803
39013,155,0.0021368293
39013,156,0.0018988131
39013,157,0.0016942377
39013,158,0.0015496528
39013,159,0.0014748665
39013,160,0.0011736383
39013,161,0.0009478155
39013,162,0.00093996944
39013,163,0.0008393374
39013,164,0.00061673316
39013,165,0.0006106751
39013,166,0.0005913457
39013,167,0.00057718204
39013,168,0.0004644462
39013,169,0.00041068296
39013,170,0.00033937115
39013,171,0.0002655673
39013,172,0.00025222226
39013,173,0.00021277608
39013,174,0.00022651127
39013,175,0.00028729244
39013,176,0.00040316107
39013,177,0.00039853514
39013,178,0.0005235162
39013,179,0.00052097184
39013,180,0.000423094
39013,181,0.00039050198
39013,182,0.00046265774
39013,183,0.0004472143
39013,184,0.00028867612
39013,185,0.00019768877
39013,186,0.00014733017
39013,187,0.00011656178
39013,188,7.436622e-05
39013,189,4.1443578e-05
39013,190,2.359085e-05
39013,191,1.8300969e-05
39013,192,2.7272159e-05
39013,193,1.5725236e-05
39013,194,2.8366721e-05
39013,195,2.636699e-05
39013,196,2.0309815e-05
39013,197,3.464259e-05
39013,198,5.2810527e-05
39013,199,6.342816e-05
39013,200,0.00011650131
39013,201,0.0001492764
39013,202,0.00018866247
39013,203,0.00020807421
39013,204,0.00020193674
39013,205,0.00017646921
39013,206,0.00014303857
39013,207,5.5612934e-05
39013,208,2.283463e-05
39013,209,1.2643443e-05
39013,210,8.339024e-06
39013,211,3.0223882e-06
39013,212,3.5316136e-06
39013,213,7.111824e-06
39013,214,4.1399735e-06
39013,215,3.305883e-06
39015,73,0.0005886368
39015,74,0.00013780728
39015,75,9.021439e-05
39015,76,8.956267e-05
39015,77,9.2283735e-05
39015,78,6.158571e-05
39015,79,5.7488025e-05
39015,80,0.00022707913
39015,81,0.00025374553
39015,82,0.00022879076
39015,83,0.00021897256
39015,84,0.00025009195
39015,85,0.00022538722
39015,86,0.00024660415
39015,87,0.0002559714
39015,88,0.00022873268
39015,89,0.00015050979
39015,90,0.0001606008
39015,91,0.00016336452
39015,92,0.00021544113
39015,93,0.00019569209
39015,94,0.00014072355
39015,95,9.1150076e-05
39015,96,4.5778583e-05
39015,97,2.889537e-05
39015,98,1.7251252e-05
39015,99,9.706928e-06
39015,100,8.414025e-06
39015,101,1.09303755e-05
39015,102,1.4443933e-05
39015,103,2.3415336e-05
39015,104,3.7307935e-05
39015,105,0.00011899012
39015,106,0.00024297061
39015,107,0.0007994545
39015,108,0.0016929252
39015,109,0.0031975484
39015,110,0.0038904268
39015,111,0.0044607087
39015,112,0.0039397427
39015,113,0.0035864094
39015,114,0.0032226527
39015,115,0.0027224517
39015,116,0.002418844
39015,117,0.0017894811
39015,118,0.0012241489
39015,119,0.0009650144
39015,120,0.0009694294
39015,121,0.0013046509
39015,122,0.0016985476
39015,123,0.0017971626
39015,124,0.0016503526
39015,125,0.0017833072
39015,126,0.0017044723
39015,127,0.0015212517
39015,128,0.001245409
39015,129,0.00093121605
39015,130,0.00070975744
39015,131,0.00049120514
39015,132,0.0003555281
39015,133,0.00022110963
39015,134,0.00018536013
39015,135,0.00019949145
39015,136,0.00016306808
39015,137,0.00013751724
39015,138,0.00017543304
39015,139,0.00016636416
39015,140,0.00012064061
39015,141,0.00010904164
39015,142,0.00011298123
39015,143,0.00014844433
39015,144,0.00013420913
39015,145,0.0001258002
39015,146,0.00012025186
39015,147,0.00011650208
39015,148,0.00013797579
39015,149,0.00015275333
39015,150,0.00022383049
39015,151,0.00033111844
39015,152,0.00036363796
39015,153,0.00029123024
39015,154,0.00022635915
39015,155,0.00025284046
39015,156,0.00025498014
39015,157,0.00019599473
39015,158,0.00017435868
39015,159,0.00013794683
39015,160,0.00013878649
39015,161,9.824556e-05
39015,162,5.591795e-05
39015,163,3.1131738e-05
39015,164,1.6737984e-05
39015,165,2.6942982e-05
39015,166,4.9366827e-05
39015,167,3.8091468e-05
39015,168,2.8434382e-05
39015,169,2.1783893e-05
39015,170,1.7050432e-05
39015,171,2.994816e-05
39015,172,3.5671295e-05
39015,173,5.3841228e-05
39015,174,6.500751e-05
39015,175,0.00010571087
39015,176,0.00013891917
39015,177,0.00017594156
39015,178,0.00014013854
39015,179,0.00015731204
39015,180,0.00010044991
39015,181,6.863047e-05
39015,182,6.491961e-05
39015,183,0.00011608317
39015,184,0.00010706341
39015,185,8.824255e-05
39015,186,9.9910394e-05
39015,187,9.52587e-05
39015,188,0.00010857911
39015,189,9.1336326e-05
39015,190,0.00011262034
39015,191,0.00011380342
39015,192,4.9164024e-05
39015,193,3.480971e-05
39015,194,2.755312e-05
39015,195,3.4679033e-05
39015,196,3.315043e-05
39015,197,2.5678908e-05
39015,198,1.4534437e-05
39015,199,1.3311336e-05
39015,200,1.4027353e-05
39015,201,2.638189e-05
39015,202,3.2483906e-05
39015,203,1.9256437e-05
39015,204,1.968939e-05
39015,205,3.1746527e-05
39015,206,3.5119014e-05
39015,207,4.8547146e-05
39015,208,8.358554e-05
39015,209,8.843603e-05
39015,210,7.003359e-05
39015,211,4.2071453e-05
39015,212,3.7166792e-05
39015,213,5.7518206e-05
39015,214,6.0116217e-05
39015,215,4.12995e-05
39019,73,0.3728218
39019,74,0.38936844
39019,75,0.38342336
39019,76,0.3720662
39019,77,0.36104622
39019,78,0.34973812
39019,79,0.338239
39019,80,0.32756424
39019,81,0.31726745
39019,82,0.30825543
39019,83,0.29862016
39019,84,0.2905282
39019,85,0.28150696
39019,86,0.27393925
39019,87,0.265777
39019,88,0.25525442
39019,89,0.24603082
39019,90,0.23306699
39019,91,0.22133495
39019,92,0.20848826
39019,93,0.19965215
39019,94,0.19164349
39019,95,0.18380593
39019,96,0.17840196
39019,97,0.1737045
39019,98,0.17116113
39019,99,0.16768877
39019,100,0.16360794
39019,101,0.1592171
39019,102,0.15720804
39019,103,0.15626247
39019,104,0.15168123
39019,105,0.14878894
39019,106,0.14623904
39019,107,0.14157692
39019,108,0.13715558
39019,109,0.1335353
39019,110,0.126873
39019,111,0.11869121
39019,112,0.109100655
39019,113,0.1048199
39019,114,0.09986654
39019,115,0.095045425
39019,116,0.0893893
39019,117,0.08249698
39019,118,0.07769654
39019,119,0.07255923
39019,120,0.069217995
39019,121,0.06584406
39019,122,0.06322107
39019,123,0.061683115
39019,124,0.06058873
39019,125,0.06275691
39019,126,0.06377342
39019,127,0.06317308
39019,128,0.06541242
39019,129,0.0661353
39019,130,0.06166644
39019,131,0.061274014
39019,132,0.05548319
39019,133,0.050387703
39019,134,0.04687319
39019,135,0.04164262
39019,136,0.037422124
39019,137,0.03228078
39019,138,0.028525267
39019,139,0.023315124
39019,140,0.022347955
39019,141,0.01910785
39019,142,0.01730098
39019,143,0.016155265
39019,144,0.014215123
39019,145,0.013132957
39019,146,0.012123703
39019,147,0.011610079
39019,148,0.011698283
39019,149,0.011453149
39019,150,0.010906074
39019,151,0.011124533
39019,152,0.01102238
39019,153,0.011138274
39019,154,0.0102922525
39019,155,0.010147584
39019,156,0.009010842
39019,157,0.007959123
39019,158,0.007315374
39019,159,0.0064380644
39019,160,0.005017182
39019,161,0.004290661
39019,162,0.003979196
39019,163,0.0033666915
39019,164,0.0026122308
39019,165,0.0022080503
39019,166,0.0020321512
39019,167,0.0018945747
39019,168,0.0018528405
39019,169,0.001835022
39019,170,0.0014099334
39019,171,0.0011556441
39019,172,0.0010332054
39019,173,0.00094968075
39019,174,0.0009262939
39019,175,0.0009323511
39019,176,0.0010019948
39019,177,0.001039848
39019,178,0.0011822833
39019,179,0.0011117072
39019,180,0.0010468762
39019,181,0.0009973351
39019,182,0.0008935216
39019,183,0.0007546776
39019,184,0.00050355674
39019,185,0.00038666968
39019,186,0.0003022629
39019,187,0.00019444979
39019,188,0.0001252287
39019,189,7.684399e-05
39019,190,6.690851e-05
39019,191,6.14486e-05
39019,192,5.1199902e-05
39019,193,6.237337e-05
39019,194,9.4873634e-05
39019,195,7.941205e-05
39019,196,8.351315e-05
39019,197,0.00014932895
39019,198,0.00014225782
39019,199,0.00016868708
39019,200,0.00018471765
39019,201,0.0002976721
39019,202,0.0003276896
39019,203,0.00036030725
39019,204,0.00033502272
39019,205,0.00033415493
39019,206,0.00032441248
39019,207,0.00020232255
39019,208,0.00011872423
39019,209,7.2838855e-05
39019,210,4.9670525e-05
39019,211,2.4090354e-05
39019,212,1.7355722e-05
39019,213,1.301493e-05
39019,214,1.9831572e-05
39019,215,1.8058963e-05
39021,73,0.09951642
39021,74,0.09887252
39021,75,0.09459216
39021,76,0.091596276
39021,77,0.08948524
39021,78,0.08477824
39021,79,0.08067215
39021,80,0.07593506
39021,81,0.07314153
39021,82,0.06636518
39021,83,0.059373938
39021,84,0.052821673
39021,85,0.048233528
39021,86,0.04503067
39021,87,0.040067583
39021,88,0.03473059
39021,89,0.030550962
39021,90,0.026004212
39021,91,0.023280092
39021,92,0.020216957
39021,93,0.017886154
39021,94,0.0155836865
39021,95,0.013940463
39021,96,0.012805755
39021,97,0.012181879
39021,98,0.010292809
39021,99,0.009423436
39021,100,0.009260096
39021,101,0.008722823
39021,102,0.00835187
39021,103,0.009051677
39021,104,0.008732434
39021,105,0.009092072
39021,106,0.009181897
39021,107,0.010214334
39021,108,0.010677741
39021,109,0.011478711
39021,110,0.013004141
39021,111,0.012555242
39021,112,0.010990446
39021,113,0.010446556
39021,114,0.010299879
39021,115,0.009158597
39021,116,0.008139774
39021,117,0.0071816146
39021,118,0.0057903677
39021,119,0.0055388813
39021,120,0.0052102846
39021,121,0.0052626496
39021,122,0.006419557
39021,123,0.0064013046
39021,124,0.0077168597
39021,125,0.008229379
39021,126,0.007882735
39021,127,0.0073254826
39021,128,0.006145822
39021,129,0.005603578
39021,130,0.0052835965
39021,131,0.004788252
39021,132,0.0038487664
39021,133,0.0032952076
39021,134,0.0024182193
39021,135,0.0021369485
39021,136,0.0017842395
39021,137,0.0015066201
39021,138,0.001361597
39021,139,0.001185738
39021,140,0.000981861
39021,141,0.00087580964
39021,142,0.0007236315
39021,143,0.00059495994
39021,144,0.00053997
39021,145,0.00049772585
39021,146,0.00040377476
39021,147,0.00038168504
39021,148,0.0003788542
39021,149,0.00037090416
39021,150,0.0004272899
39021,151,0.00055089185
39021,152,0.0005098389
39021,153,0.00053763983
39021,154,0.0007086833
39021,155,0.0008475878
39021,156,0.0008676569
39021,157,0.00069860124
39021,158,0.0005125988
39021,159,0.00042160437
39021,160,0.000274234
39021,161,0.00019483922
39021,162,0.00013134563
39021,163,8.876727e-05
39021,164,7.28436e-05
39021,165,7.692521e-05
39021,166,7.639538e-05
39021,167,7.9430014e-05
39021,168,7.027069e-05
39021,169,8.0634534e-05
39021,170,5.941095e-05
39021,171,7.984079e-05
39021,172,6.8299756e-05
39021,173,0.00010959238
39021,174,0.00023803122
39021,175,0.0002811394
39021,176,0.00029246212
39021,177,0.00028764506
39021,178,0.0002324908
39021,179,0.00019209067
39021,180,0.00014383162
39021,181,0.00014051798
39021,182,0.000113787784
39021,183,9.195358e-05
39021,184,6.5076376e-05
39021,185,9.619828e-05
39021,186,9.912149e-05
39021,187,0.00010519391
39021,188,0.00010328889
39021,189,0.00013053205
39021,190,0.00018646357
39021,191,0.00014440478
39021,192,0.0001237698
39021,193,9.241876e-05
39021,194,6.5486725e-05
39021,195,7.6403725e-05
39021,196,8.9122244e-05
39021,197,0.00014894006
39021,198,0.00017496008
39021,199,0.00023215749
39021,200,0.0002540629
39021,201,0.0003862256
39021,202,0.0003704714
39021,203,0.0003329372
39021,204,0.00022874083
39021,205,0.00015577838
39021,206,9.483664e-05
39021,207,0.00010027455
39021,208,0.0001524636
39021,209,0.00014212349
39021,210,0.0001389954
39021,211,0.00011920579
39021,212,0.0001470363
39021,213,0.00015491802
39021,214,0.00012889148
39021,215,8.122041e-05
39041,73,0.06786438
39041,74,0.067506924
39041,75,0.06480606
39041,76,0.06221908
39041,77,0.060788985
39041,78,0.059056446
39041,79,0.057548027
39041,80,0.05479557
39041,81,0.053983044
39041,82,0.052206162
39041,83,0.048482712
39041,84,0.04520582
39041,85,0.0420497
39041,86,0.03911952
39041,87,0.03594731
39041,88,0.032620348
39041,89,0.029348562
39041,90,0.02534781
39041,91,0.022163088
39041,92,0.019295687
39041,93,0.017805982
39041,94,0.015406997
39041,95,0.013180255
39041,96,0.012019413
39041,97,0.011133397
39041,98,0.010044018
39041,99,0.009348521
39041,100,0.00921794
39041,101,0.009187582
39041,102,0.008891087
39041,103,0.008569657
39041,104,0.008381002
39041,105,0.007893753
39041,106,0.007846138
39041,107,0.0077162534
39041,108,0.008168914
39041,109,0.008520085
39041,110,0.008709817
39041,111,0.0084827
39041,112,0.008231409
39041,113,0.007483766
39041,114,0.006923356
39041,115,0.0060872408
39041,116,0.0050405115
39041,117,0.0043715523
39041,118,0.003917024
39041,119,0.0035198594
39041,120,0.0033265532
39041,121,0.003556738
39041,122,0.0042335
39041,123,0.005174287
39041,124,0.0048023583
39041,125,0.004882923
39041,126,0.005496099
39041,127,0.0056742756
39041,128,0.0052887364
39041,129,0.0049812086
39041,130,0.0044947634
39041,131,0.0040639737
39041,132,0.0037480965
39041,133,0.0031880606
39041,134,0.002742376
39041,135,0.0026655656
39041,136,0.0023336771
39041,137,0.0021064002
39041,138,0.0017170411
39041,139,0.0014643966
39041,140,0.00114123
39041,141,0.0010464641
39041,142,0.00087226526
39041,143,0.00090715714
39041,144,0.0008282287
39041,145,0.00062931626
39041,146,0.00055396114
39041,147,0.00058639137
39041,148,0.000521213
39041,149,0.0005187752
39041,150,0.00053251843
39041,151,0.00053681555
39041,152,0.0005848537
39041,153,0.00061998615
39041,154,0.00067749433
39041,155,0.0006790831
39041,156,0.00062353374
39041,157,0.0005374217
39041,158,0.00039584155
39041,159,0.0003071915
39041,160,0.00020663891
39041,161,0.00014377425
39041,162,0.00010795235
39041,163,7.480872e-05
39041,164,6.374979e-05
39041,165,5.8607813e-05
39041,166,2.0721625e-05
39041,167,1.2568391e-05
39041,168,1.0021896e-05
39041,169,2.3604553e-05
39041,170,2.5860665e-05
39041,171,1.9133782e-05
39041,172,1.323924e-05
39041,173,1.6855322e-05
39041,174,3.802609e-05
39041,175,6.6320434e-05
39041,176,7.3566844e-05
39041,177,0.00010381845
39041,178,0.00011441848
39041,179,0.00012695225
39041,180,0.000119221375
39041,181,0.00013748309
39041,182,0.00012347916
39041,183,0.00010149977
39041,184,7.787711e-05
39041,185,0.00014227163
39041,186,0.00013873824
39041,187,0.00010461783
39041,188,7.640784e-05
39041,189,6.9679125e-05
39041,190,9.54871e-05
39041,191,6.055084e-05
39041,192,4.252507e-05
39041,193,2.862026e-05
39041,194,2.7596405e-05
39041,195,2.1861144e-05
39041,196,4.0967494e-05
39041,197,5.714421e-05
39041,198,5.2743573e-05
39041,199,5.3040832e-05
39041,200,8.0405014e-05
39041,201,9.155455e-05
39041,202,9.435108e-05
39041,203,8.4935135e-05
39041,204,0.00010713078
39041,205,0.00012383422
39041,206,0.00019184595
39041,207,0.00020242581
39041,208,0.00028964222
39041,209,0.00024690782
39041,210,0.00018159386
39041,211,8.294549e-05
39041,212,8.588443e-05
39041,213,7.6456396e-05
39041,214,0.00010747291
39041,215,5.3413212e-05
39043,73,0.033856634
39043,74,0.0343412
39043,75,0.03240884
39043,76,0.030487835
39043,77,0.029216371
39043,78,0.028063888
39043,79,0.02697315
39043,80,0.025076903
39043,81,0.023245804
39043,82,0.021225356
39043,83,0.019321112
39043,84,0.017587319
39043,85,0.01555719
39043,86,0.01351846
39043,87,0.012007581
39043,88,0.010098551
39043,89,0.008263871
39043,90,0.006707851
39043,91,0.0061184852
39043,92,0.0055806204
39043,93,0.005173855
39043,94,0.004721741
39043,95,0.004630187
39043,96,0.0045370325
39043,97,0.0040576505
39043,98,0.0038623498
39043,99,0.0035224357
39043,100,0.0031990588
39043,101,0.0029757877
39043,102,0.002793078
39043,103,0.0024006579
39043,104,0.0021118817
39043,105,0.0017936239
39043,106,0.0019662222
39043,107,0.002364
39043,108,0.0025371802
39043,109,0.0030946068
39043,110,0.0033105484
39043,111,0.0034935062
39043,112,0.0034626105
39043,113,0.0030788414
39043,114,0.002861069
39043,115,0.0026233091
39043,116,0.00235789
39043,117,0.0021731076
39043,118,0.0017697135
39043,119,0.0014293706
39043,120,0.0019039935
39043,121,0.002074191
39043,122,0.0025732291
39043,123,0.0032549598
39043,124,0.0041664466
39043,125,0.004273944
39043,126,0.004465832
39043,127,0.0047035487
39043,128,0.00426544
39043,129,0.0038485497
39043,130,0.0033474246
39043,131,0.0030404725
39043,132,0.002687615
39043,133,0.002424054
39043,134,0.002185947
39043,135,0.0020088179
39043,136,0.001882857
39043,137,0.0017108051
39043,138,0.0015718034
39043,139,0.0013974421
39043,140,0.0012430106
39043,141,0.0010057233
39043,142,0.0009112576
39043,143,0.000854563
39043,144,0.00093581906
39043,145,0.0008103222
39043,146,0.00082275795
39043,147,0.00081466645
39043,148,0.0007534278
39043,149,0.0007433042
39043,150,0.0006645311
39043,151,0.0005426279
39043,152,0.000467607
39043,153,0.0004851062
39043,154,0.0004555363
39043,155,0.0004733893
39043,156,0.0005381644
39043,157,0.0005366721
39043,158,0.00042715084
39043,159,0.00030891778
39043,160,0.00022569297
39043,161,0.00013385132
39043,162,9.748123e-05
39043,163,6.471961e-05
39043,164,3.922375e-05
39043,165,3.2530483e-05
39043,166,3.6962596e-05
39043,167,4.4219163e-05
39043,168,4.0835996e-05
39043,169,2.8856271e-05
39043,170,2.438614e-05
39043,171,1.3235408e-05
39043,172,1.0547527e-05
39043,173,1.1061081e-05
39043,174,1.3220684e-05
39043,175,1.7148965e-05
39043,176,2.4947465e-05
39043,177,4.412506e-05
39043,178,6.1392784e-05
39043,179,7.147895e-05
39043,180,6.735226e-05
39043,181,4.7308233e-05
39043,182,4.154078e-05
39043,183,3.4000474e-05
39043,184,2.6955931e-05
39043,185,2.708067e-05
39043,186,1.833631e-05
39043,187,1.3844372e-05
39043,188,1.2530607e-05
39043,189,6.0091174e-06
39043,190,5.4149614e-06
39043,191,2.1347141e-06
39043,192,1.3811643e-06
39043,193,1.174058e-06
39043,194,5.934261e-06
39043,195,8.1776925e-06
39043,196,1.0149125e-05
39043,197,1.2256201e-05
39043,198,1.2118129e-05
39043,199,1.049663e-05
39043,200,1.5855687e-05
39043,201,2.5098272e-05
39043,202,1.9876086e-05
39043,203,1.8244777e-05
39043,204,2.5742498e-05
39043,205,4.3424225e-05
39043,206,3.9688726e-05
39043,207,1.7669627e-05
39043,208,7.7223995e-06
39043,209,4.624574e-06
39043,210,2.0750151e-06
39043,211,1.0907365e-06
39043,212,1.4620209e-06
39043,213,1.5791665e-06
39043,214,1.7728592e-06
39043,215,1.694433e-06
39047,73,0.0076391106
39047,74,0.006721714
39047,75,0.006264148
39047,76,0.0056474195
39047,77,0.0052876286
39047,78,0.0047880267
39047,79,0.004366249
39047,80,0.004131197
39047,81,0.0032217815
39047,82,0.0028523484
39047,83,0.0024813628
39047,84,0.002296437
39047,85,0.0021422748
39047,86,0.002046699
39047,87,0.002098594
39047,88,0.0017789877
39047,89,0.0012721996
39047,90,0.0010482571
39047,91,0.0008985547
39047,92,0.0008231031
39047,93,0.00072657096
39047,94,0.0007104687
39047,95,0.0005948988
39047,96,0.0005983209
39047,97,0.0006421019
39047,98,0.00063346117
39047,99,0.0006019902
39047,100,0.0006216622
39047,101,0.0005372841
39047,102,0.0004661299
39047,103,0.0004435865
39047,104,0.0005779721
39047,105,0.0005268165
39047,106,0.00048511862
39047,107,0.0006492396
39047,108,0.00090147584
39047,109,0.0014360378
39047,110,0.0020506182
39047,111,0.0025442853
39047,112,0.0024399227
39047,113,0.002365021
39047,114,0.0020645726
39047,115,0.001737949
39047,116,0.0014790248
39047,117,0.0013445638
39047,118,0.001034159
39047,119,0.0007550527
39047,120,0.00058984896
39047,121,0.00048504068
39047,122,0.00058322545
39047,123,0.00073230907
39047,124,0.0008346278
39047,125,0.0010649497
39047,126,0.0011787987
39047,127,0.0011006608
39047,128,0.0009399591
39047,129,0.0007653062
39047,130,0.0006628196
39047,131,0.0006243368
39047,132,0.0005418018
39047,133,0.0004339722
39047,134,0.00039208517
39047,135,0.00039570135
39047,136,0.00037546412
39047,137,0.00028151815
39047,138,0.00026904687
39047,139,0.00024028233
39047,140,0.00023422815
39047,141,0.00022281718
39047,142,0.0002499869
39047,143,0.00018925239
39047,144,0.00017114088
39047,145,0.0001597489
39047,146,0.0001274878
39047,147,0.00011177469
39047,148,0.00010743756
39047,149,0.00010688655
39047,150,0.00011111469
39047,151,0.00012654756
39047,152,0.00012241275
39047,153,0.0001321974
39047,154,0.00011985613
39047,155,0.00012303522
39047,156,9.2802e-05
39047,157,0.00010010822
39047,158,6.283817e-05
39047,159,5.311525e-05
39047,160,4.6093235e-05
39047,161,3.393169e-05
39047,162,1.9331974e-05
39047,163,1.5057388e-05
39047,164,1.613732e-05
39047,165,2.2023138e-05
39047,166,3.0379608e-05
39047,167,2.5842253e-05
39047,168,3.920362e-05
39047,169,3.445049e-05
39047,170,3.4036086e-05
39047,171,3.7992693e-05
39047,172,3.619043e-05
39047,173,5.5077136e-05
39047,174,7.4750205e-05
39047,175,9.649862e-05
39047,176,0.00015079111
39047,177,0.00018181633
39047,178,0.00015278821
39047,179,0.00013310667
39047,180,0.00012059035
39047,181,8.6308595e-05
39047,182,7.3126386e-05
39047,183,5.124772e-05
39047,184,3.676694e-05
39047,185,4.0868807e-05
39047,186,4.681235e-05
39047,187,3.6239264e-05
39047,188,2.746542e-05
39047,189,2.5979085e-05
39047,190,2.7827833e-05
39047,191,1.9974173e-05
39047,192,2.0166579e-05
39047,193,1.9825504e-05
39047,194,2.072534e-05
39047,195,3.3164426e-05
39047,196,4.65029e-05
39047,197,6.435558e-05
39047,198,5.5026707e-05
39047,199,7.014047e-05
39047,200,8.309057e-05
39047,201,0.00012209053
39047,202,0.00011039455
39047,203,8.12193e-05
39047,204,5.740465e-05
39047,205,6.1618804e-05
39047,206,5.2502244e-05
39047,207,4.316283e-05
39047,208,2.8665001e-05
39047,209,1.8763676e-05
39047,210,1.6673084e-05
39047,211,1.5584712e-05
39047,212,2.9885012e-05
39047,213,3.506257e-05
39047,214,3.5815036e-05
39047,215,3.971118e-05
39057,73,0.024563856
39057,74,0.020744093
39057,75,0.018126661
39057,76,0.01630136
39057,77,0.01528203
39057,78,0.0140325315
39057,79,0.012804295
39057,80,0.01213457
39057,81,0.010527838
39057,82,0.009964559
39057,83,0.008744065
39057,84,0.008214547
39057,85,0.007846514
39057,86,0.007560608
39057,87,0.007252093
39057,88,0.006127868
39057,89,0.004988118
39057,90,0.0041935774
39057,91,0.0036706694
39057,92,0.0033983206
39057,93,0.0029479656
39057,94,0.0026753712
39057,95,0.0025259785
39057,96,0.0024100128
39057,97,0.0024062062
39057,98,0.002124727
39057,99,0.0018925777
39057,100,0.0018098026
39057,101,0.0016976595
39057,102,0.0015917905
39057,103,0.0017097624
39057,104,0.0017748526
39057,105,0.0019332427
39057,106,0.0022247764
39057,107,0.0031529285
39057,108,0.0038262343
39057,109,0.0046742065
39057,110,0.0052608466
39057,111,0.0053776307
39057,112,0.00502693
39057,113,0.0048419964
39057,114,0.004469836
39057,115,0.0041382923
39057,116,0.0037324298
39057,117,0.003500253
39057,118,0.0030157834
39057,119,0.002814196
39057,120,0.0024364302
39057,121,0.0024127176
39057,122,0.0029378117
39057,123,0.0028250704
39057,124,0.0032628914
39057,125,0.0034598731
39057,126,0.003095735
39057,127,0.0029426164
39057,128,0.0026862747
39057,129,0.002371115
39057,130,0.0021146992
39057,131,0.0020783397
39057,132,0.0017406722
39057,133,0.0014675002
39057,134,0.0013005852
39057,135,0.0010243647
39057,136,0.00085511856
39057,137,0.00067704165
39057,138,0.00065041264
39057,139,0.0005431136
39057,140,0.00046829286
39057,141,0.00047601346
39057,142,0.00039865306
39057,143,0.000350886
39057,144,0.00035878076
39057,145,0.0002826106
39057,146,0.00024109558
39057,147,0.00022862559
39057,148,0.0002284618
39057,149,0.00018938788
39057,150,0.00020364772
39057,151,0.00020350736
39057,152,0.00022025533
39057,153,0.00024446598
39057,154,0.00024409039
39057,155,0.0003006041
39057,156,0.00034834928
39057,157,0.0003670085
39057,158,0.00024066713
39057,159,0.00014533717
39057,160,9.042853e-05
39057,161,8.045311e-05
39057,162,3.2539167e-05
39057,163,2.1351392e-05
39057,164,2.3193164e-05
39057,165,2.8185976e-05
39057,166,2.4215171e-05
39057,167,4.1640116e-05
39057,168,0.000118159245
39057,169,6.7492045e-05
39057,170,3.3785618e-05
39057,171,2.3427152e-05
39057,172,1.6734766e-05
39057,173,3.4686967e-05
39057,174,6.0485094e-05
39057,175,0.00013397667
39057,176,0.00017555778
39057,177,0.00022249989
39057,178,0.00020397402
39057,179,0.00017484662
39057,180,0.0001676429
39057,181,0.00020153692
39057,182,0.00019465512
39057,183,0.00016866447
39057,184,0.00012426931
39057,185,0.00013718108
39057,186,0.0001696583
39057,187,0.00015213026
39057,188,0.00012623871
39057,189,9.110859e-05
39057,190,0.00012726072
39057,191,9.401099e-05
39057,192,5.4462293e-05
39057,193,3.418721e-05
39057,194,3.355103e-05
39057,195,4.8603848e-05
39057,196,8.890358e-05
39057,197,0.00011288408
39057,198,0.00010208314
39057,199,0.00012007642
39057,200,0.00013931963
39057,201,0.00017903479
39057,202,0.00014939696
39057,203,0.0001134
39057,204,0.0001196418
39057,205,0.00013066108
39057,206,7.458468e-05
39057,207,8.798181e-05
39057,208,7.0061644e-05
39057,209,5.2407555e-05
39057,210,4.321137e-05
39057,211,5.4779182e-05
39057,212,6.768291e-05
39057,213,5.8601257e-05
39057,214,4.4953344e-05
39057,215,2.1167974e-05
39067,73,0.2244665
39067,74,0.23390597
39067,75,0.2336417
39067,76,0.23053955
39067,77,0.22786133
39067,78,0.2237234
39067,79,0.218759
39067,80,0.21257053
39067,81,0.20513396
39067,82,0.19864492
39067,83,0.19174828
39067,84,0.18453631
39067,85,0.17791408
39067,86,0.17080145
39067,87,0.16301563
39067,88,0.15556115
39067,89,0.14626251
39067,90,0.13670968
39067,91,0.12577304
39067,92,0.113867044
39067,93,0.106917284
39067,94,0.10140024
39067,95,0.09714086
39067,96,0.09305671
39067,97,0.08895938
39067,98,0.08664481
39067,99,0.084603764
39067,100,0.08184277
39067,101,0.07927708
39067,102,0.07809812
39067,103,0.076319605
39067,104,0.07415469
39067,105,0.07200708
39067,106,0.074197754
39067,107,0.072234176
39067,108,0.069234855
39067,109,0.067412846
39067,110,0.06250475
39067,111,0.056327663
39067,112,0.051377427
39067,113,0.049809188
39067,114,0.047611523
39067,115,0.044902664
39067,116,0.042845365
39067,117,0.03933324
39067,118,0.037108146
39067,119,0.033550866
39067,120,0.03209569
39067,121,0.030343814
39067,122,0.028718537
39067,123,0.028015854
39067,124,0.027177595
39067,125,0.028680127
39067,126,0.030453198
39067,127,0.02941687
39067,128,0.030299807
39067,129,0.032074127
39067,130,0.029642345
39067,131,0.02909967
39067,132,0.02583588
39067,133,0.022357028
39067,134,0.020347232
39067,135,0.017094793
39067,136,0.014187241
39067,137,0.011837401
39067,138,0.010416975
39067,139,0.009603667
39067,140,0.009844667
39067,141,0.008634496
39067,142,0.008057538
39067,143,0.0074289953
39067,144,0.006825608
39067,145,0.0061147697
39067,146,0.005083952
39067,147,0.004934522
39067,148,0.004927667
39067,149,0.0046531498
39067,150,0.004475872
39067,151,0.004966207
39067,152,0.0044402825
39067,153,0.0047629005
39067,154,0.004403812
39067,155,0.0046199877
39067,156,0.0044937343
39067,157,0.00361357
39067,158,0.0029723367
39067,159,0.0024609526
39067,160,0.0017158411
39067,161,0.0013222471
39067,162,0.0011199099
39067,163,0.000987305
39067,164,0.0006623041
39067,165,0.0006606143
39067,166,0.0005962458
39067,167,0.00063135417
39067,168,0.00052277104
39067,169,0.00047911782
39067,170,0.00027438902
39067,171,0.00020116525
39067,172,0.0001903081
39067,173,0.00017184034
39067,174,0.00017470778
39067,175,0.00019763109
39067,176,0.00031206588
39067,177,0.00034378204
39067,178,0.00049280137
39067,179,0.0004609476
39067,180,0.00040750875
39067,181,0.0004185055
39067,182,0.00044855307
39067,183,0.0004135815
39067,184,0.00024642824
39067,185,0.00015353823
39067,186,0.000116826355
39067,187,6.981894e-05
39067,188,3.0851144e-05
39067,189,9.190384e-06
39067,190,5.911995e-06
39067,191,3.0047584e-06
39067,192,3.8476123e-06
39067,193,4.8660727e-06
39067,194,1.6894051e-05
39067,195,1.1711103e-05
39067,196,6.9387356e-06
39067,197,3.0427598e-05
39067,198,3.6771948e-05
39067,199,5.836931e-05
39067,200,6.724915e-05
39067,201,0.000105538114
39067,202,0.00016037261
39067,203,0.00019395865
39067,204,0.00022652539
39067,205,0.00021688416
39067,206,0.00015937215
39067,207,8.3353494e-05
39067,208,3.3661327e-05
39067,209,6.83855e-06
39067,210,3.934062e-06
39067,211,2.1695032e-06
39067,212,9.589742e-07
39067,213,2.8320296e-06
39067,214,3.271941e-06
39067,215,3.858113e-06
39071,73,0.0033722061
39071,74,0.0024617224
39071,75,0.0020781858
39071,76,0.0018179088
39071,77,0.0016261918
39071,78,0.0011056445
39071,79,0.0007916567
39071,80,0.00082759076
39071,81,0.0010229148
39071,82,0.000903815
39071,83,0.00080999616
39071,84,0.0008276153
39071,85,0.000766673
39071,86,0.00071680715
39071,87,0.00067199103
39071,88,0.00061913783
39071,89,0.0005160458
39071,90,0.00050351006
39071,91,0.0004906368
39071,92,0.00047327628
39071,93,0.00047077163
39071,94,0.00044060295
39071,95,0.00040567463
39071,96,0.00043046608
39071,97,0.00036737433
39071,98,0.00034510344
39071,99,0.00029770503
39071,100,0.00028373636
39071,101,0.00024368489
39071,102,0.00022438935
39071,103,0.00021347616
39071,104,0.00028291057
39071,105,0.00046299104
39071,106,0.0005569984
39071,107,0.00081238436
39071,108,0.0015908633
39071,109,0.0031203688
39071,110,0.004018438
39071,111,0.0048691137
39071,112,0.0043563424
39071,113,0.003973482
39071,114,0.0035477516
39071,115,0.0029435775
39071,116,0.0025825065
39071,117,0.0019601528
39071,118,0.001524384
39071,119,0.0011794124
39071,120,0.0011040337
39071,121,0.0011219756
39071,122,0.0014224732
39071,123,0.0019348487
39071,124,0.0018658168
39071,125,0.0021361317
39071,126,0.0021378305
39071,127,0.0020531567
39071,128,0.001684505
39071,129,0.0011530992
39071,130,0.0008630295
39071,131,0.0007120304
39071,132,0.00056851766
39071,133,0.0003833262
39071,134,0.00037163505
39071,135,0.00036792326
39071,136,0.00036913285
39071,137,0.0002628345
39071,138,0.00027050672
39071,139,0.00021490642
39071,140,0.00016174723
39071,141,0.0001693435
39071,142,0.00019260595
39071,143,0.00018768146
39071,144,0.00018050251
39071,145,0.00020826675
39071,146,0.00022040197
39071,147,0.00026491762
39071,148,0.0003355897
39071,149,0.00033286563
39071,150,0.0005235102
39071,151,0.0007196551
39071,152,0.00067907065
39071,153,0.00046318964
39071,154,0.00028193637
39071,155,0.00024887116
39071,156,0.00023363011
39071,157,0.00021727664
39071,158,0.00017705519
39071,159,0.00013483733
39071,160,0.00011560646
39071,161,0.000105117775
39071,162,0.000101594116
39071,163,9.285189e-05
39071,164,0.0001034916
39071,165,0.00015426308
39071,166,0.00019607347
39071,167,0.00019776184
39071,168,0.0001747612
39071,169,0.00016798518
39071,170,0.00015287322
39071,171,0.00013253646
39071,172,9.935655e-05
39071,173,0.00011299309
39071,174,0.00014445966
39071,175,0.00021646955
39071,176,0.00032201273
39071,177,0.00034929853
39071,178,0.00028821663
39071,179,0.00027011207
39071,180,0.00017660446
39071,181,8.301756e-05
39071,182,6.6179695e-05
39071,183,5.6383014e-05
39071,184,4.647324e-05
39071,185,4.592021e-05
39071,186,7.318765e-05
39071,187,5.5290715e-05
39071,188,4.8539016e-05
39071,189,6.231733e-05
39071,190,0.00011393934
39071,191,0.00012410317
39071,192,7.253421e-05
39071,193,5.325128e-05
39071,194,4.6413537e-05
39071,195,6.2247615e-05
39071,196,8.38197e-05
39071,197,7.7815435e-05
39071,198,5.187726e-05
39071,199,5.5464832e-05
39071,200,4.712036e-05
39071,201,7.517969e-05
39071,202,7.8141224e-05
39071,203,7.102969e-05
39071,204,6.838832e-05
39071,205,8.6286294e-05
39071,206,5.1722807e-05
39071,207,4.6019995e-05
39071,208,4.4468103e-05
39071,209,4.6731784e-05
39071,210,3.44914e-05
39071,211,2.9087967e-05
39071,212,4.0554813e-05
39071,213,4.870312e-05
39071,214,5.5866967e-05
39071,215,3.7028483e-05
39079,73,0.0044785263
39079,74,0.002431743
39079,75,0.0020197602
39079,76,0.001972208
39079,77,0.0022998399
39079,78,0.0020947128
39079,79,0.0019152195
39079,80,0.0023701556
39079,81,0.002708053
39079,82,0.0026300303
39079,83,0.0025718368
39079,84,0.0025886022
39079,85,0.0022486881
39079,86,0.002159738
39079,87,0.001959471
39079,88,0.0015685527
39079,89,0.0011284373
39079,90,0.0008899214
39079,91,0.00080284826
39079,92,0.0007013974
39079,93,0.0007822001
39079,94,0.00076042046
39079,95,0.000721978
39079,96,0.0006414072
39079,97,0.00062694197
39079,98,0.0006459525
39079,99,0.0005693628
39079,100,0.0005630379
39079,101,0.00056332565
39079,102,0.000545874
39079,103,0.00048506912
39079,104,0.00044948634
39079,105,0.0010033736
39079,106,0.001370152
39079,107,0.001763102
39079,108,0.0022012684
39079,109,0.0025665483
39079,110,0.0028157446
39079,111,0.002909047
39079,112,0.002803247
39079,113,0.0025331143
39079,114,0.0023251662
39079,115,0.0019029796
39079,116,0.0014262412
39079,117,0.0011997499
39079,118,0.0010853121
39079,119,0.0010154952
39079,120,0.0008147439
39079,121,0.0007849081
39079,122,0.0006810008
39079,123,0.0006838436
39079,124,0.0011200594
39079,125,0.0013488863
39079,126,0.0012833455
39079,127,0.0014564213
39079,128,0.0018384286
39079,129,0.0016813757
39079,130,0.0015588098
39079,131,0.0012297815
39079,132,0.00083854154
39079,133,0.0005236793
39079,134,0.00041572642
39079,135,0.00044869605
39079,136,0.00062591187
39079,137,0.0010390459
39079,138,0.0014434584
39079,139,0.0017856017
39079,140,0.0012696623
39079,141,0.0010147671
39079,142,0.00077155425
39079,143,0.0007221369
39079,144,0.00063774065
39079,145,0.00059812446
39079,146,0.0006135211
39079,147,0.00055589876
39079,148,0.0005003353
39079,149,0.0005082123
39079,150,0.0006507404
39079,151,0.0007818418
39079,152,0.0007223265
39079,153,0.00058526214
39079,154,0.00055809726
39079,155,0.0005013146
39079,156,0.0004487228
39079,157,0.00035998865
39079,158,0.00022254158
39079,159,0.0001470158
39079,160,0.00011015683
39079,161,7.693435e-05
39079,162,4.8990674e-05
39079,163,4.0924213e-05
39079,164,3.6037032e-05
39079,165,0.000101214944
39079,166,0.00015847659
39079,167,0.00020976788
39079,168,0.00021240124
39079,169,0.00011811194
39079,170,8.558862e-05
39079,171,9.9481855e-05
39079,172,0.00011268535
39079,173,0.0001249626
39079,174,0.0001474701
39079,175,0.00014609483
39079,176,0.00027456955
39079,177,0.00031866337
39079,178,0.00038339428
39079,179,0.00035033512
39079,180,0.0002889879
39079,181,0.00016971523
39079,182,0.00014188162
39079,183,0.00012085506
39079,184,0.00017476169
39079,185,0.00016754115
39079,186,0.00013901673
39079,187,7.661749e-05
39079,188,0.000118813514
39079,189,0.00016801363
39079,190,9.099247e-05
39079,191,5.8995705e-05
39079,192,3.232813e-05
39079,193,2.9416566e-05
39079,194,3.929027e-05
39079,195,7.77636e-05
39079,196,0.00011576383
39079,197,0.00012694053
39079,198,0.00012969118
39079,199,0.00014866402
39079,200,0.00018302798
39079,201,0.0002167282
39079,202,0.00017466467
39079,203,0.00013237029
39079,204,0.00013396368
39079,205,0.00018130969
39079,206,0.00018441323
39079,207,0.00015751636
39079,208,0.00016809822
39079,209,0.00015708045
39079,210,0.00012311443
39079,211,6.7233545e-05
39079,212,7.370965e-05
39079,213,7.166383e-05
39079,214,8.8764085e-05
39079,215,6.923911e-05
39083,73,0.24144892
39083,74,0.24484977
39083,75,0.2403175
39083,76,0.23460974
39083,77,0.22917068
39083,78,0.22430792
39083,79,0.21876206
39083,80,0.21211638
39083,81,0.20601629
39083,82,0.19859922
39083,83,0.19148514
39083,84,0.18465814
39083,85,0.17717497
39083,86,0.17010458
39083,87,0.16173698
39083,88,0.15349384
39083,89,0.145786
39083,90,0.13479428
39083,91,0.12560958
39083,92,0.116627246
39083,93,0.11153072
39083,94,0.10470759
39083,95,0.09869487
39083,96,0.09444464
39083,97,0.090278976
39083,98,0.085621245
39083,99,0.08350515
39083,100,0.08287054
39083,101,0.082204506
39083,102,0.081314966
39083,103,0.079645656
39083,104,0.07665218
39083,105,0.073365085
39083,106,0.07148869
39083,107,0.06855877
39083,108,0.0660137
39083,109,0.061523262
39083,110,0.058084738
39083,111,0.055095915
39083,112,0.0536872
39083,113,0.05024323
39083,114,0.045995027
39083,115,0.042331494
39083,116,0.03659901
39083,117,0.03443801
39083,118,0.031346034
39083,119,0.029618543
39083,120,0.027615476
39083,121,0.026170038
39083,122,0.025403677
39083,123,0.02562223
39083,124,0.028102329
39083,125,0.026938444
39083,126,0.029923262
39083,127,0.031603992
39083,128,0.03063993
39083,129,0.028319813
39083,130,0.025064077
39083,131,0.022361062
39083,132,0.022430956
39083,133,0.018607156
39083,134,0.016020218
39083,135,0.01491218
39083,136,0.012959675
39083,137,0.011039246
39083,138,0.009176606
39083,139,0.007125952
39083,140,0.005712737
39083,141,0.0052882726
39083,142,0.0045051007
39083,143,0.0040829545
39083,144,0.003677186
39083,145,0.0034279942
39083,146,0.0029079549
39083,147,0.002786884
39083,148,0.002561664
39083,149,0.002617895
39083,150,0.0027759061
39083,151,0.002687116
39083,152,0.0026452027
39083,153,0.0027851546
39083,154,0.0027465778
39083,155,0.0026626207
39083,156,0.0023220552
39083,157,0.0018966192
39083,158,0.0015111308
39083,159,0.001272549
39083,160,0.0010638209
39083,161,0.00080963044
39083,162,0.00061755744
39083,163,0.00049991196
39083,164,0.00041312675
39083,165,0.0003405676
39083,166,0.0002824989
39083,167,0.00025060133
39083,168,0.00026131136
39083,169,0.0002580812
39083,170,0.00026294115
39083,171,0.00022242432
39083,172,0.0002208455
39083,173,0.0002223196
39083,174,0.00024455588
39083,175,0.0002464875
39083,176,0.0002522805
39083,177,0.00031830088
39083,178,0.00033948242
39083,179,0.00031528223
39083,180,0.0003500351
39083,181,0.0003471205
39083,182,0.00025811928
39083,183,0.00021039955
39083,184,0.00016464006
39083,185,0.00014304943
39083,186,0.00012679113
39083,187,8.213639e-05
39083,188,3.980426e-05
39083,189,1.926056e-05
39083,190,1.6285681e-05
39083,191,1.35210685e-05
39083,192,8.982849e-06
39083,193,6.0635066e-06
39083,194,7.1062173e-06
39083,195,1.2582797e-05
39083,196,4.2809403e-05
39083,197,8.774543e-05
39083,198,0.00014509883
39083,199,0.00013558281
39083,200,0.00022582384
39083,201,0.0002450606
39083,202,0.0002505433
39083,203,0.00029759787
39083,204,0.00024774493
39083,205,0.00016351105
39083,206,0.00013957467
39083,207,9.461636e-05
39083,208,9.0469846e-05
39083,209,8.72295e-05
39083,210,6.495616e-05
39083,211,1.9237314e-05
39083,212,1.9111507e-05
39083,213,1.5109636e-05
39083,214,1.9173312e-05
39083,215,1.44253745e-05
42001,73,0.0017178762
42001,74,0.0012216206
42001,75,0.0014836938
42001,76,0.001705769
42001,77,0.0017387159
42001,78,0.001826351
42001,79,0.0024236224
42001,80,0.003475132
42001,81,0.0039744256
42001,82,0.003920987
42001,83,0.003547181
42001,84,0.0030356839
42001,85,0.002682648
42001,86,0.0022243955
42001,87,0.0018380217
42001,88,0.0013847552
42001,89,0.0011373643
42001,90,0.00086855516
42001,91,0.00040371795
42001,92,0.00026664772
42001,93,0.00017884081
42001,94,0.00011250507
42001,95,6.913024e-05
42001,96,0.000100049234
42001,97,9.735841e-05
42001,98,2.4849502e-05
42001,99,1.8290297e-05
42001,100,2.229271e-05
42001,101,4.566607e-05
42001,102,8.0906124e-05
42001,103,0.0001026019
42001,104,0.00012485801
42001,105,0.00014756268
42001,106,0.0002381701
42001,107,0.00027173568
42001,108,0.0002514908
42001,109,0.00027812258
42001,110,0.00020866959
42001,111,0.00016120954
42001,112,0.00013248766
42001,113,0.00013743661
42001,114,0.00017259186
42001,115,0.00011363796
42001,116,0.00014781771
42001,117,0.00017138517
42001,118,0.00020222849
42001,119,0.0001143815
42001,120,0.00012552168
42001,121,0.00015259453
42001,122,0.00016499286
42001,123,6.432809e-05
42001,124,7.203038e-05
42001,125,7.514783e-05
42001,126,0.00010218594
42001,127,0.00019989941
42001,128,0.00020522559
42001,129,0.00034290948
42001,130,0.00041968975
42001,131,0.0004713361
42001,132,0.00053131714
42001,133,0.0005994427
42001,134,0.00050482503
42001,135,0.000379228
42001,136,0.0003750397
42001,137,0.00060167
42001,138,0.00072551175
42001,139,0.0012416679
42001,140,0.0027283293
42001,141,0.0039483975
42001,142,0.0051156525
42001,143,0.005026557
42001,144,0.0053221346
42001,145,0.004864093
42001,146,0.0041489415
42001,147,0.0037402986
42001,148,0.0037446555
42001,149,0.0035387382
42001,150,0.0035119099
42001,151,0.0032343867
42001,152,0.0028899896
42001,153,0.002463075
42001,154,0.0022659372
42001,155,0.0020415694
42001,156,0.0018499643
42001,157,0.0015599653
42001,158,0.0014272522
42001,159,0.0013887472
42001,160,0.0013634149
42001,161,0.0012220348
42001,162,0.0012151714
42001,163,0.0011023055
42001,164,0.00062810327
42001,165,0.00047600287
42001,166,0.00040683127
42001,167,0.0003659919
42001,168,0.0003264983
42001,169,0.00034904695
42001,170,0.0002511697
42001,171,0.00023001322
42001,172,0.0002233617
42001,173,0.00018094826
42001,174,0.00014904315
42001,175,0.00012970743
42001,176,0.00015314567
42001,177,0.00018391585
42001,178,0.00021133617
42001,179,0.00017291315
42001,180,0.0001687742
42001,181,0.00019374897
42001,182,0.00022190086
42001,183,0.00023170965
42001,184,0.00025388497
42001,185,0.0002551089
42001,186,0.00019717125
42001,187,0.000116827076
42001,188,9.459082e-05
42001,189,7.614376e-05
42001,190,6.923097e-05
42001,191,6.541109e-05
42001,192,5.09313e-05
42001,193,4.69354e-05
42001,194,8.230714e-05
42001,195,0.00012516302
42001,196,9.290196e-05
42001,197,6.564124e-05
42001,198,4.6010893e-05
42001,199,5.2335752e-05
42001,200,5.1345723e-05
42001,201,4.294368e-05
42001,202,3.1365824e-05
42001,203,2.3886803e-05
42001,204,2.5538742e-05
42001,205,2.7560687e-05
42001,206,3.1561372e-05
42001,207,5.265014e-05
42001,208,7.144426e-05
42001,209,5.3382515e-05
42001,210,4.012929e-05
42001,211,4.2388438e-05
42001,212,3.904178e-05
42001,213,3.3422082e-05
42001,214,4.3262833e-05
42001,215,2.8753087e-05
42003,73,0.11476831
42003,74,0.11448067
42003,75,0.11340638
42003,76,0.11073814
42003,77,0.108075514
42003,78,0.10512491
42003,79,0.103762195
42003,80,0.10190382
42003,81,0.09823165
42003,82,0.095630065
42003,83,0.09316595
42003,84,0.09081851
42003,85,0.08793313
42003,86,0.084207766
42003,87,0.07999291
42003,88,0.07592133
42003,89,0.072468035
42003,90,0.06771781
42003,91,0.05990629
42003,92,0.05406439
42003,93,0.0511978
42003,94,0.0472628
42003,95,0.044858955
42003,96,0.04359668
42003,97,0.041482195
42003,98,0.040316418
42003,99,0.03980168
42003,100,0.039100565
42003,101,0.03767935
42003,102,0.036773726
42003,103,0.03601291
42003,104,0.033606596
42003,105,0.032790557
42003,106,0.03199167
42003,107,0.03093323
42003,108,0.030572629
42003,109,0.029364457
42003,110,0.028457498
42003,111,0.028092714
42003,112,0.027509017
42003,113,0.027044587
42003,114,0.025493441
42003,115,0.02355523
42003,116,0.021901336
42003,117,0.020312946
42003,118,0.019235803
42003,119,0.018619923
42003,120,0.018099511
42003,121,0.018087432
42003,122,0.01766668
42003,123,0.016778879
42003,124,0.016092515
42003,125,0.015085453
42003,126,0.014399614
42003,127,0.015763689
42003,128,0.016475659
42003,129,0.01569525
42003,130,0.0143840555
42003,131,0.014054816
42003,132,0.013619483
42003,133,0.012474504
42003,134,0.010723201
42003,135,0.010221548
42003,136,0.008953835
42003,137,0.008571349
42003,138,0.005805378
42003,139,0.0047935857
42003,140,0.0043682014
42003,141,0.0037411484
42003,142,0.0026387062
42003,143,0.002150086
42003,144,0.002033004
42003,145,0.0020175413
42003,146,0.0020470049
42003,147,0.001875051
42003,148,0.0018724747
42003,149,0.0018811043
42003,150,0.0017824998
42003,151,0.0024944872
42003,152,0.001976712
42003,153,0.0017839917
42003,154,0.001783121
42003,155,0.0018178356
42003,156,0.001949666
42003,157,0.0018279462
42003,158,0.0015819068
42003,159,0.001540199
42003,160,0.0018599735
42003,161,0.0013923482
42003,162,0.00097164826
42003,163,0.0007794191
42003,164,0.0005855857
42003,165,0.0005043616
42003,166,0.00035479027
42003,167,0.00029652676
42003,168,0.00035945847
42003,169,0.0003535162
42003,170,0.0002455168
42003,171,0.00020730148
42003,172,0.00022830095
42003,173,0.0002675316
42003,174,0.00024646276
42003,175,0.00026958593
42003,176,0.0003014557
42003,177,0.0003287268
42003,178,0.00043977136
42003,179,0.00049756456
42003,180,0.00055922713
42003,181,0.0006071185
42003,182,0.0006488499
42003,183,0.00072229584
42003,184,0.0007272769
42003,185,0.0005890677
42003,186,0.00051084266
42003,187,0.00035560902
42003,188,0.00029115088
42003,189,0.00021850085
42003,190,0.00019034305
42003,191,0.00016470063
42003,192,0.00014768443
42003,193,0.00015314225
42003,194,0.00015489549
42003,195,0.00018903927
42003,196,0.00023392715
42003,197,0.00027603508
42003,198,0.00033762024
42003,199,0.00035193886
42003,200,0.0004461452
42003,201,0.0004827564
42003,202,0.0004717043
42003,203,0.00043248522
42003,204,0.00041538168
42003,205,0.0005269519
42003,206,0.00059274625
42003,207,0.00067670876
42003,208,0.00063714874
42003,209,0.0007152483
42003,210,0.0006990715
42003,211,0.00045120544
42003,212,0.00035456914
42003,213,0.0003296515
42003,214,0.0004785058
42003,215,0.00034931317
42011,73,0.00022164786
42011,74,1.933126e-05
42011,75,2.0560494e-06
42011,76,3.9467295e-06
42011,77,1.6516793e-05
42011,78,2.9193161e-05
42011,79,0.00015114014
42011,80,0.00035567346
42011,81,0.00070847163
42011,82,0.0009310133
42011,83,0.0011779973
42011,84,0.0013922609
42011,85,0.001360482
42011,86,0.0014995964
42011,87,0.0014341081
42011,88,0.0013563692
42011,89,0.0011896149
42011,90,0.0009956905
42011,91,0.00061831495
42011,92,0.0004939712
42011,93,0.00038034248
42011,94,0.000290789
42011,95,0.00015975743
42011,96,0.00017728684
42011,97,0.00011128725
42011,98,0.000103175014
42011,99,6.946853e-05
42011,100,5.4638494e-05
42011,101,6.965407e-05
42011,102,0.00013327147
42011,103,0.00013520055
42011,104,0.00023591869
42011,105,0.00025569837
42011,106,0.00042105385
42011,107,0.00041279054
42011,108,0.0004202252
42011,109,0.00046093398
42011,110,0.0005604411
42011,111,0.00044022224
42011,112,0.00038296796
42011,113,0.00037575315
42011,114,0.00041086468
42011,115,0.0003386233
42011,116,0.000213034
42011,117,0.00014423678
42011,118,0.0001364473
42011,119,0.00010606102
42011,120,8.1698774e-05
42011,121,0.00010702184
42011,122,5.898378e-05
42011,123,3.938867e-05
42011,124,3.9066206e-05
42011,125,3.5367513e-05
42011,126,1.823503e-05
42011,127,1.388866e-05
42011,128,6.0131692e-06
42011,129,9.547391e-06
42011,130,0.00034053207
42011,131,0.0002927482
42011,132,0.00053858996
42011,133,0.00085097516
42011,134,0.001156736
42011,135,0.0013176
42011,136,0.0014287548
42011,137,0.0014593084
42011,138,0.0015290021
42011,139,0.001651102
42011,140,0.0019035664
42011,141,0.0027831865
42011,142,0.0051152827
42011,143,0.006492402
42011,144,0.0070176045
42011,145,0.007532626
42011,146,0.007632822
42011,147,0.0074378746
42011,148,0.0073364377
42011,149,0.007074892
42011,150,0.0065882276
42011,151,0.005965707
42011,152,0.0054144906
42011,153,0.004904255
42011,154,0.0041086962
42011,155,0.0035574608
42011,156,0.0030852717
42011,157,0.002663955
42011,158,0.0021454145
42011,159,0.0017372847
42011,160,0.0015334904
42011,161,0.0012426642
42011,162,0.0010468622
42011,163,0.0009541921
42011,164,0.0007490627
42011,165,0.00059105805
42011,166,0.0005075245
42011,167,0.0005004376
42011,168,0.0004231062
42011,169,0.0004048433
42011,170,0.00036903174
42011,171,0.00035473998
42011,172,0.00034198267
42011,173,0.00020829702
42011,174,0.00014793315
42011,175,9.546103e-05
42011,176,0.00015208685
42011,177,9.307477e-05
42011,178,0.00014579097
42011,179,0.00010212538
42011,180,0.00011178669
42011,181,0.000101015896
42011,182,0.00014595158
42011,183,0.00016793389
42011,184,0.00012555075
42011,185,0.00014633681
42011,186,0.000112700174
42011,187,6.0577222e-05
42011,188,3.9427436e-05
42011,189,3.7680686e-05
42011,190,4.1122385e-05
42011,191,3.0893505e-05
42011,192,1.8208031e-05
42011,193,1.0630521e-05
42011,194,1.0803295e-05
42011,195,1.0822379e-05
42011,196,8.239281e-06
42011,197,8.385618e-06
42011,198,5.761274e-06
42011,199,6.263676e-06
42011,200,3.8168405e-06
42011,201,7.0912088e-06
42011,202,9.067621e-06
42011,203,5.331647e-06
42011,204,2.5483816e-06
42011,205,1.5050626e-06
42011,206,1.1345655e-06
42011,207,1.6565366e-06
42011,208,3.4780612e-06
42011,209,8.467157e-06
42011,210,1.3632588e-05
42011,211,5.996087e-06
42011,212,7.446566e-06
42011,213,9.545473e-06
42011,214,1.2605949e-05
42011,215,9.137815e-06
42017,73,0.00022973266
42017,74,2.6352478e-05
42017,75,2.5533257e-06
42017,76,3.301825e-06
42017,77,5.908275e-06
42017,78,1.5038587e-05
42017,79,5.6713434e-05
42017,80,0.00032443102
42017,81,0.0006573112
42017,82,0.0009987636
42017,83,0.0012295672
42017,84,0.0012934749
42017,85,0.001256895
42017,86,0.00130256
42017,87,0.0012583785
42017,88,0.0011286314
42017,89,0.0009919682
42017,90,0.0008551861
42017,91,0.0005634016
42017,92,0.00028427303
42017,93,0.00026709118
42017,94,0.0001725667
42017,95,8.6132844e-05
42017,96,6.242713e-05
42017,97,2.9008454e-05
42017,98,2.4681498e-05
42017,99,1.1775647e-05
42017,100,1.146027e-05
42017,101,1.0434398e-05
42017,102,1.1836641e-05
42017,103,1.00682e-05
42017,104,3.0588944e-05
42017,105,2.6708967e-05
42017,106,3.6880472e-05
42017,107,3.7637834e-05
42017,108,6.2501254e-05
42017,109,8.576193e-05
42017,110,8.076503e-05
42017,111,6.994766e-05
42017,112,7.623679e-05
42017,113,5.1195362e-05
42017,114,3.079251e-05
42017,115,3.135242e-05
42017,116,2.0517693e-05
42017,117,2.053152e-05
42017,118,1.6608526e-05
42017,119,1.38233545e-05
42017,120,1.0064688e-05
42017,121,9.579983e-06
42017,122,1.3505913e-05
42017,123,1.38369805e-05
42017,124,1.542153e-05
42017,125,3.38694e-05
42017,126,2.0254098e-05
42017,127,2.1116686e-05
42017,128,2.9652687e-05
42017,129,3.8128383e-05
42017,130,5.4045428e-05
42017,131,7.878255e-05
42017,132,0.00011509142
42017,133,0.00020796685
42017,134,0.0003239438
42017,135,0.0004687305
42017,136,0.00058980583
42017,137,0.00066460937
42017,138,0.0007217127
42017,139,0.0007664213
42017,140,0.0009472676
42017,141,0.0011879373
42017,142,0.0022998499
42017,143,0.0057229465
42017,144,0.008618344
42017,145,0.009477121
42017,146,0.010270736
42017,147,0.010627545
42017,148,0.010807613
42017,149,0.010255895
42017,150,0.009452321
42017,151,0.008780858
42017,152,0.008100011
42017,153,0.007308905
42017,154,0.006344359
42017,155,0.005594319
42017,156,0.004891709
42017,157,0.0043256287
42017,158,0.003708001
42017,159,0.0032188485
42017,160,0.0029359055
42017,161,0.002713904
42017,162,0.0023023442
42017,163,0.00203165
42017,164,0.0016908039
42017,165,0.0014421284
42017,166,0.0012244335
42017,167,0.000912297
42017,168,0.00074567436
42017,169,0.00067865074
42017,170,0.0007138463
42017,171,0.00075195695
42017,172,0.0007604819
42017,173,0.00057693786
42017,174,0.0003071229
42017,175,0.00039019287
42017,176,0.0004483456
42017,177,0.00039456482
42017,178,0.00040833117
42017,179,0.00043643083
42017,180,0.00022866087
42017,181,0.00017222558
42017,182,0.00015842867
42017,183,0.00019367486
42017,184,0.00019837622
42017,185,0.00015612837
42017,186,0.000118203636
42017,187,4.7154837e-05
42017,188,3.3050223e-05
42017,189,2.0482692e-05
42017,190,1.9089754e-05
42017,191,1.541144e-05
42017,192,9.710903e-06
42017,193,8.412471e-06
42017,194,6.586747e-06
42017,195,8.172227e-06
42017,196,8.194332e-06
42017,197,9.447951e-06
42017,198,1.6871925e-05
42017,199,2.1338743e-05
42017,200,2.22209e-05
42017,201,3.066351e-05
42017,202,3.0517182e-05
42017,203,2.5224528e-05
42017,204,2.5952466e-05
42017,205,2.9543522e-05
42017,206,1.8072278e-05
42017,207,1.7784105e-05
42017,208,2.4053841e-05
42017,209,1.876467e-05
42017,210,1.797887e-05
42017,211,1.0728032e-05
42017,212,1.6369831e-05
42017,213,1.3389368e-05
42017,214,1.862706e-05
42017,215,2.1473645e-05
42037,73,0.0005401657
42037,74,0.00025535165
42037,75,0.00025994846
42037,76,0.00031570348
42037,77,0.00095436466
42037,78,0.0015413646
42037,79,0.0018320378
42037,80,0.002115377
42037,81,0.002087655
42037,82,0.0020548766
42037,83,0.0020940322
42037,84,0.0020570613
42037,85,0.0020489984
42037,86,0.0017798372
42037,87,0.0014333226
42037,88,0.0013733559
42037,89,0.0012091021
42037,90,0.0012177933
42037,91,0.0006648279
42037,92,0.00043916228
42037,93,0.00025318292
42037,94,0.00026819226
42037,95,0.00020453155
42037,96,0.00015425826
42037,97,0.00014038477
42037,98,0.00011345467
42037,99,0.00010317112
42037,100,0.00010783549
42037,101,0.00014022824
42037,102,0.00015877579
42037,103,0.00020356341
42037,104,0.00022547331
42037,105,0.00019058031
42037,106,0.000426033
42037,107,0.00052550365
42037,108,0.0009159203
42037,109,0.00079029193
42037,110,0.0009066933
42037,111,0.0010173887
42037,112,0.0011226754
42037,113,0.0011735853
42037,114,0.0012231044
42037,115,0.0016086944
42037,116,0.0016448532
42037,117,0.0013998534
42037,118,0.001448562
42037,119,0.001304074
42037,120,0.0011553573
42037,121,0.0010570374
42037,122,0.0011244301
42037,123,0.0011502132
42037,124,0.0011858877
42037,125,0.0010035457
42037,126,0.00081714516
42037,127,0.00070771953
42037,128,0.00070317776
42037,129,0.00096663815
42037,130,0.0011830956
42037,131,0.0015292028
42037,132,0.0014367722
42037,133,0.0012808362
42037,134,0.0013482431
42037,135,0.0013313026
42037,136,0.0013182902
42037,137,0.0012431532
42037,138,0.0010597889
42037,139,0.0012184937
42037,140,0.0026127405
42037,141,0.0048397924
42037,142,0.004912107
42037,143,0.0055034216
42037,144,0.0055471915
42037,145,0.0060053826
42037,146,0.005333851
42037,147,0.005061039
42037,148,0.0041272203
42037,149,0.003895911
42037,150,0.0035342064
42037,151,0.003171416
42037,152,0.003000375
42037,153,0.0028665974
42037,154,0.002616451
42037,155,0.0021874292
42037,156,0.001708186
42037,157,0.0012646364
42037,158,0.0011678222
42037,159,0.0011890113
42037,160,0.0011619868
42037,161,0.0011493234
42037,162,0.0012091517
42037,163,0.0010435553
42037,164,0.0008472474
42037,165,0.000705764
42037,166,0.00063835
42037,167,0.00065501436
42037,168,0.0005377839
42037,169,0.00057378644
42037,170,0.00054679153
42037,171,0.0005388435
42037,172,0.00038062304
42037,173,0.000303099
42037,174,0.0001974865
42037,175,9.417864e-05
42037,176,9.46134e-05
42037,177,0.00013690826
42037,178,0.00017032551
42037,179,0.00018339531
42037,180,0.00021350145
42037,181,0.00014823848
42037,182,0.0001394414
42037,183,0.0001986111
42037,184,0.0002178927
42037,185,0.00027074473
42037,186,0.00017196896
42037,187,9.442701e-05
42037,188,5.46929e-05
42037,189,2.5838064e-05
42037,190,4.1511536e-05
42037,191,5.943597e-05
42037,192,0.00011894422
42037,193,0.00018109815
42037,194,0.00016769645
42037,195,0.00017475251
42037,196,0.000200361
42037,197,0.00024517963
42037,198,0.00022106127
42037,199,0.000348484
42037,200,0.0005237272
42037,201,0.0005198816
42037,202,0.0004779211
42037,203,0.0004208558
42037,204,0.000309777
42037,205,0.00021811236
42037,206,0.00017881748
42037,207,0.00016416106
42037,208,0.0001860733
42037,209,0.00013801159
42037,210,0.00014015847
42037,211,7.157217e-05
42037,212,5.9675378e-05
42037,213,9.933603e-05
42037,214,9.107753e-05
42037,215,6.6230954e-05
42071,73,0.00016328252
42071,74,2.7665486e-05
42071,75,9.436373e-06
42071,76,4.395688e-05
42071,77,8.888948e-05
42071,78,0.00026974364
42071,79,0.00058825006
42071,80,0.00061907724
42071,81,0.0008674573
42071,82,0.0010347655
42071,83,0.001246903
42071,84,0.0013894087
42071,85,0.0013834371
42071,86,0.0014103975
42071,87,0.0014755124
42071,88,0.0013655088
42071,89,0.001213962
42071,90,0.0009984071
42071,91,0.0005322444
42071,92,0.00048382775
42071,93,0.00044851488
42071,94,0.00039521497
42071,95,0.00034082786
42071,96,0.0001596678
42071,97,9.578502e-05
42071,98,6.458195e-05
42071,99,4.666834e-05
42071,100,5.5995082e-05
42071,101,4.8999304e-05
42071,102,5.71923e-05
42071,103,0.00010866902
42071,104,0.00022475743
42071,105,0.00040482488
42071,106,0.00053958973
42071,107,0.00051086186
42071,108,0.00045599398
42071,109,0.00044419337
42071,110,0.00039397404
42071,111,0.0003709528
42071,112,0.00035399117
42071,113,0.0004290886
42071,114,0.00047389834
42071,115,0.00037354737
42071,116,0.00037808006
42071,117,0.00038177773
42071,118,0.0004112156
42071,119,0.0004124621
42071,120,0.0004425456
42071,121,0.0005457768
42071,122,0.0005223196
42071,123,0.000485564
42071,124,0.00045077596
42071,125,0.00034262292
42071,126,0.00035896368
42071,127,0.00026720506
42071,128,0.00024682778
42071,129,0.00022176752
42071,130,0.00021514756
42071,131,0.0002713986
42071,132,0.00055058463
42071,133,0.00083838083
42071,134,0.0010280494
42071,135,0.0011817873
42071,136,0.0015258184
42071,137,0.0014948968
42071,138,0.001495447
42071,139,0.001917143
42071,140,0.002716533
42071,141,0.005721193
42071,142,0.00877984
42071,143,0.010355077
42071,144,0.011897241
42071,145,0.012767105
42071,146,0.012700322
42071,147,0.011629405
42071,148,0.010628878
42071,149,0.009930056
42071,150,0.009349342
42071,151,0.008541672
42071,152,0.007885003
42071,153,0.0069490303
42071,154,0.006022936
42071,155,0.0054753385
42071,156,0.0048803603
42071,157,0.004237397
42071,158,0.0035944057
42071,159,0.003299453
42071,160,0.0030732644
42071,161,0.0027141797
42071,162,0.00257356
42071,163,0.0024164922
42071,164,0.002255355
42071,165,0.0017451142
42071,166,0.0015413075
42071,167,0.0013612239
42071,168,0.0011692056
42071,169,0.00093653804
42071,170,0.0007278366
42071,171,0.00066115503
42071,172,0.00067201204
42071,173,0.00054219546
42071,174,0.00040520384
42071,175,0.00037193485
42071,176,0.00026280002
42071,177,0.00021933354
42071,178,0.00014801366
42071,179,0.00011971925
42071,180,0.00011350887
42071,181,0.00018771105
42071,182,0.00023451068
42071,183,0.00024547672
42071,184,0.00018049897
42071,185,0.00016740488
42071,186,0.00013153162
42071,187,7.569303e-05
42071,188,5.30889e-05
42071,189,4.5570247e-05
42071,190,5.3465163e-05
42071,191,2.6853466e-05
42071,192,1.0594371e-05
42071,193,4.5850484e-06
42071,194,5.0299636e-06
42071,195,4.085044e-06
42071,196,6.573021e-06
42071,197,7.675033e-06
42071,198,4.4876315e-06
42071,199,4.324094e-06
42071,200,3.6462236e-06
42071,201,4.098671e-06
42071,202,5.2150676e-06
42071,203,5.934324e-06
42071,204,5.328905e-06
42071,205,3.9605397e-06
42071,206,6.154968e-06
42071,207,1.4173904e-05
42071,208,1.0489886e-05
42071,209,1.604621e-05
42071,210,6.9080784e-06
42071,211,3.1592444e-06
42071,212,5.3570197e-06
42071,213,4.798527e-06
42071,214,4.303112e-06
42071,215,2.6957082e-06
42073,73,0.033953764
42073,74,0.039467324
42073,75,0.04097633
42073,76,0.04215396
42073,77,0.041393735
42073,78,0.03984189
42073,79,0.037751224
42073,80,0.035693884
42073,81,0.03286714
42073,82,0.028949048
42073,83,0.025670359
42073,84,0.022640154
42073,85,0.019545328
42073,86,0.016883941
42073,87,0.015116824
42073,88,0.012909624
42073,89,0.010952549
42073,90,0.00937737
42073,91,0.0071057407
42073,92,0.0058582257
42073,93,0.004941396
42073,94,0.0039658537
42073,95,0.003183608
42073,96,0.0031753813
42073,97,0.0031162663
42073,98,0.00345644
42073,99,0.0034640057
42073,100,0.0037682438
42073,101,0.0039493907
42073,102,0.004053274
42073,103,0.004429353
42073,104,0.004120474
42073,105,0.00399003
42073,106,0.0037608363
42073,107,0.0034922168
42073,108,0.0033977823
42073,109,0.0032147549
42073,110,0.0033317786
42073,111,0.004008065
42073,112,0.0039489255
42073,113,0.0040707956
42073,114,0.0039921612
42073,115,0.003983995
42073,116,0.00417332
42073,117,0.003991773
42073,118,0.0040133367
42073,119,0.0036372456
42073,120,0.0030707465
42073,121,0.0027239032
42073,122,0.0022801417
42073,123,0.001913095
42073,124,0.0015090647
42073,125,0.001151474
42073,126,0.0010141638
42073,127,0.0014735919
42073,128,0.0018777102
42073,129,0.0021126415
42073,130,0.0023450856
42073,131,0.0026147247
42073,132,0.0023181317
42073,133,0.00202438
42073,134,0.0014422204
42073,135,0.001167095
42073,136,0.0009392038
42073,137,0.00083102705
42073,138,0.0007410947
42073,139,0.00074508635
42073,140,0.00085610105
42073,141,0.0012001878
42073,142,0.0010471648
42073,143,0.00096890563
42073,144,0.0010967315
42073,145,0.001130052
42073,146,0.0012101607
42073,147,0.0012421532
42073,148,0.0012510505
42073,149,0.0012780938
42073,150,0.0011520089
42073,151,0.0010662283
42073,152,0.0009475183
42073,153,0.00100525
42073,154,0.0008513594
42073,155,0.00068287516
42073,156,0.00066004327
42073,157,0.0005612559
42073,158,0.00039149326
42073,159,0.0003186157
42073,160,0.0002678194
42073,161,0.0002247875
42073,162,0.0002664503
42073,163,0.0001903256
42073,164,0.000107717606
42073,165,8.678596e-05
42073,166,6.911454e-05
42073,167,8.387999e-05
42073,168,0.00016613126
42073,169,0.00016859286
42073,170,0.00016597498
42073,171,0.00010149371
42073,172,6.7235975e-05
42073,173,5.3807384e-05
42073,174,5.28683e-05
42073,175,4.162522e-05
42073,176,5.037951e-05
42073,177,7.00803e-05
42073,178,0.00014468515
42073,179,0.00016756926
42073,180,0.00013750169
42073,181,0.000108964916
42073,182,0.000110365676
42073,183,9.028977e-05
42073,184,7.105948e-05
42073,185,4.3710083e-05
42073,186,3.0035391e-05
42073,187,1.7567892e-05
42073,188,5.989745e-06
42073,189,2.9159576e-06
42073,190,2.8132656e-06
42073,191,4.3841223e-06
42073,192,2.5211784e-06
42073,193,2.9641433e-06
42073,194,3.6825702e-06
42073,195,3.7305972e-06
42073,196,6.5987033e-06
42073,197,1.3699909e-05
42073,198,1.4494402e-05
42073,199,1.543079e-05
42073,200,3.898629e-05
42073,201,4.2375395e-05
42073,202,4.071238e-05
42073,203,3.707483e-05
42073,204,3.3900542e-05
42073,205,4.1223524e-05
42073,206,3.9072755e-05
42073,207,3.463695e-05
42073,208,3.2931843e-05
42073,209,4.6847286e-05
42073,210,4.385874e-05
42073,211,2.9326686e-05
42073,212,3.938796e-05
42073,213,3.601236e-05
42073,214,2.3468408e-05
42073,215,1.2862474e-05
42087,73,0.016089253
42087,74,0.008531312
42087,75,0.0060483073
42087,76,0.006204998
42087,77,0.0072939573
42087,78,0.0076793865
42087,79,0.007950723
42087,80,0.008297259
42087,81,0.008589143
42087,82,0.008378455
42087,83,0.008142156
42087,84,0.0076869153
42087,85,0.006692359
42087,86,0.00611291
42087,87,0.005061179
42087,88,0.004260694
42087,89,0.0035936406
42087,90,0.0030583327
42087,91,0.002043366
42087,92,0.0011150087
42087,93,0.00065015786
42087,94,0.0004829001
42087,95,0.00036716822
42087,96,0.00023298692
42087,97,0.00013939023
42087,98,0.0001466192
42087,99,0.00016755452
42087,100,0.0002148419
42087,101,0.00029405847
42087,102,0.00032509203
42087,103,0.00046010374
42087,104,0.0006830906
42087,105,0.00069123623
42087,106,0.00071220606
42087,107,0.0007983528
42087,108,0.0007934777
42087,109,0.00093104097
42087,110,0.0007868509
42087,111,0.0008467074
42087,112,0.0007042911
42087,113,0.0005697617
42087,114,0.00045455995
42087,115,0.00053006393
42087,116,0.0004872639
42087,117,0.00039097638
42087,118,0.00035890526
42087,119,0.00034549835
42087,120,0.0004339412
42087,121,0.00042896598
42087,122,0.00033240544
42087,123,0.00021235678
42087,124,0.00012709814
42087,125,0.00016037712
42087,126,0.00014053838
42087,127,0.00012262895
42087,128,0.00026693923
42087,129,0.0004546489
42087,130,0.00086491014
42087,131,0.0012030241
42087,132,0.0014881684
42087,133,0.0015446784
42087,134,0.001534953
42087,135,0.0016737722
42087,136,0.0018902309
42087,137,0.0030073829
42087,138,0.0036634072
42087,139,0.0038194007
42087,140,0.004194306
42087,141,0.0055135177
42087,142,0.0039014444
42087,143,0.004142732
42087,144,0.0041507394
42087,145,0.0035957075
42087,146,0.0033762595
42087,147,0.0032703246
42087,148,0.0032043264
42087,149,0.0029901445
42087,150,0.0028158827
42087,151,0.00276151
42087,152,0.0027392062
42087,153,0.0028310004
42087,154,0.0026268885
42087,155,0.0022793273
42087,156,0.0021235256
42087,157,0.0019831432
42087,158,0.0020148011
42087,159,0.0017662983
42087,160,0.001655099
42087,161,0.0015580067
42087,162,0.0012094842
42087,163,0.0010304233
42087,164,0.0008010401
42087,165,0.00060419383
42087,166,0.0004965441
42087,167,0.00046206097
42087,168,0.0004067659
42087,169,0.00042842713
42087,170,0.00037614148
42087,171,0.0003795372
42087,172,0.00033693897
42087,173,0.00020260701
42087,174,0.00012019756
42087,175,0.00013282751
42087,176,0.00019261279
42087,177,0.00035209133
42087,178,0.00045350808
42087,179,0.00054407585
42087,180,0.0005011937
42087,181,0.0005444677
42087,182,0.0005366128
42087,183,0.0005405452
42087,184,0.00043636563
42087,185,0.00031259275
42087,186,0.00019874513
42087,187,0.0001233637
42087,188,5.8708036e-05
42087,189,6.6127046e-05
42087,190,9.362029e-05
42087,191,6.078099e-05
42087,192,4.01186e-05
42087,193,3.4312106e-05
42087,194,2.8112252e-05
42087,195,3.884819e-05
42087,196,2.6293505e-05
42087,197,2.6491345e-05
42087,198,3.842931e-05
42087,199,4.114009e-05
42087,200,6.128226e-05
42087,201,0.00014985757
42087,202,0.0001433831
42087,203,0.00017288794
42087,204,0.00020130207
42087,205,0.00022250549
42087,206,0.00029731274
42087,207,0.00040450145
42087,208,0.0005091063
42087,209,0.00032430651
42087,210,9.284544e-05
42087,211,5.3969e-05
42087,212,3.6581903e-05
42087,213,5.9567472e-05
42087,214,1.7666483e-05
42087,215,6.4874e-06
42093,73,0.00025163114
42093,74,6.360763e-05
42093,75,1.581193e-05
42093,76,3.4333774e-05
42093,77,0.00022537523
42093,78,0.0004406114
42093,79,0.0006944429
42093,80,0.0011171439
42093,81,0.0012513517
42093,82,0.0012466472
42093,83,0.0014966922
42093,84,0.0017975406
42093,85,0.0017954474
42093,86,0.00172406
42093,87,0.0015100163
42093,88,0.0013827424
42093,89,0.0010579333
42093,90,0.00087290147
42093,91,0.00043622937
42093,92,0.00029567172
42093,93,0.00029395038
42093,94,0.00031997863
42093,95,0.00029722333
42093,96,0.00016149161
42093,97,0.0001133488
42093,98,7.275649e-05
42093,99,6.135248e-05
42093,100,6.7771034e-05
42093,101,0.00011550307
42093,102,0.00015149034
42093,103,0.00017742609
42093,104,0.00017842285
42093,105,0.00013499639
42093,106,0.00027271628
42093,107,0.00030454202
42093,108,0.00058399583
42093,109,0.0006882072
42093,110,0.00079001044
42093,111,0.0009231414
42093,112,0.0010121057
42093,113,0.00094962394
42093,114,0.0008248458
42093,115,0.0008651252
42093,116,0.00070222915
42093,117,0.0005272434
42093,118,0.00047627854
42093,119,0.00040342382
42093,120,0.00029594888
42093,121,0.00023639273
42093,122,0.00014356586
42093,123,0.00010740024
42093,124,0.00014969346
42093,125,6.811109e-05
42093,126,4.6971385e-05
42093,127,5.9854807e-05
42093,128,0.00011305561
42093,129,0.00029660866
42093,130,0.00057644607
42093,131,0.000863936
42093,132,0.0009805203
42093,133,0.00097442686
42093,134,0.0010555646
42093,135,0.001132225
42093,136,0.0010427093
42093,137,0.0009161503
42093,138,0.0008172652
42093,139,0.0015478947
42093,140,0.002386941
42093,141,0.0028792303
42093,142,0.0033758217
42093,143,0.0038346949
42093,144,0.0031719345
42093,145,0.0037722522
42093,146,0.0037040138
42093,147,0.0038613142
42093,148,0.0030871255
42093,149,0.00281861
42093,150,0.002254632
42093,151,0.001923193
42093,152,0.0017364086
42093,153,0.0016023867
42093,154,0.0013849452
42093,155,0.00094549416
42093,156,0.0005784493
42093,157,0.00041668038
42093,158,0.00040357187
42093,159,0.00045970682
42093,160,0.00040677265
42093,161,0.0004305239
42093,162,0.0004171778
42093,163,0.0003207684
42093,164,0.00018874166
42093,165,0.00012714033
42093,166,0.00010081883
42093,167,0.00012397472
42093,168,7.9800986e-05
42093,169,0.00010479841
42093,170,9.765269e-05
42093,171,0.00013715835
42093,172,8.794194e-05
42093,173,6.520904e-05
42093,174,3.0845913e-05
42093,175,1.0247724e-05
42093,176,7.473596e-06
42093,177,1.5339974e-05
42093,178,2.5736277e-05
42093,179,6.844186e-05
42093,180,7.8500954e-05
42093,181,6.929976e-05
42093,182,7.195783e-05
42093,183,0.000116720454
42093,184,9.340866e-05
42093,185,9.671123e-05
42093,186,4.3275344e-05
42093,187,1.2982756e-05
42093,188,5.3372623e-06
42093,189,3.7183238e-06
42093,190,8.3573395e-06
42093,191,1.4117808e-05
42093,192,3.084132e-05
42093,193,5.705012e-05
42093,194,8.8935994e-05
42093,195,0.000104811676
42093,196,0.0001306811
42093,197,0.00014076327
42093,198,0.000105435756
42093,199,0.00016371599
42093,200,0.0003714367
42093,201,0.00033552985
42093,202,0.00031546605
42093,203,0.00024106998
42093,204,0.00014541153
42093,205,5.9258473e-05
42093,206,4.2548472e-05
42093,207,3.4857287e-05
42093,208,3.4874603e-05
42093,209,3.4112294e-05
42093,210,2.8396888e-05
42093,211,2.858838e-05
42093,212,3.802871e-05
42093,213,3.9659757e-05
42093,214,5.808175e-05
42093,215,0.00010283327
42099,73,0.0007049165
42099,74,0.0003422218
42099,75,0.00022311178
42099,76,0.00027075008
42099,77,0.0006840042
42099,78,0.0010220408
42099,79,0.0011914423
42099,80,0.0013592127
42099,81,0.0014812796
42099,82,0.0014754662
42099,83,0.001323502
42099,84,0.00119827
42099,85,0.0010411815
42099,86,0.0009867147
42099,87,0.00077494554
42099,88,0.0006466136
42099,89,0.0004971222
42099,90,0.00041276368
42099,91,0.00020507404
42099,92,0.000119017226
42099,93,0.000107607935
42099,94,6.747365e-05
42099,95,7.730518e-05
42099,96,5.667693e-05
42099,97,3.606277e-05
42099,98,2.2215068e-05
42099,99,1.2238127e-05
42099,100,1.1580525e-05
42099,101,1.0781731e-05
42099,102,1.7164579e-05
42099,103,5.0844123e-05
42099,104,0.00013082448
42099,105,0.00018081114
42099,106,0.00019894107
42099,107,0.0002403673
42099,108,0.0002790043
42099,109,0.0002654849
42099,110,0.00020892765
42099,111,0.00020491658
42099,112,0.00016031995
42099,113,0.00014249806
42099,114,0.00017749038
42099,115,0.00018878024
42099,116,0.00018689584
42099,117,0.00014895941
42099,118,0.0001047242
42099,119,0.000105927444
42099,120,0.000100167264
42099,121,7.151006e-05
42099,122,3.9346618e-05
42099,123,1.4863427e-05
42099,124,7.0844544e-06
42099,125,1.9961974e-06
42099,126,7.112432e-07
42099,127,5.6906634e-07
42099,128,9.312308e-06
42099,129,2.6721094e-05
42099,130,7.426711e-05
42099,131,0.00011587344
42099,132,0.00016386088
42099,133,0.00018424328
42099,134,0.0001735208
42099,135,0.0002551498
42099,136,0.00038577893
42099,137,0.00056057406
42099,138,0.001037777
42099,139,0.0019759296
42099,140,0.0030474267
42099,141,0.0034999754
42099,142,0.003479424
42099,143,0.0034113696
42099,144,0.0044444497
42099,145,0.0040235557
42099,146,0.0037587848
42099,147,0.0034292082
42099,148,0.0030471804
42099,149,0.0028976358
42099,150,0.002580748
42099,151,0.0024592092
42099,152,0.0022028622
42099,153,0.0020209975
42099,154,0.0017022386
42099,155,0.0013170358
42099,156,0.0010947572
42099,157,0.0008775541
42099,158,0.00079710595
42099,159,0.0007488128
42099,160,0.0006290349
42099,161,0.00061266526
42099,162,0.00068855716
42099,163,0.00059558696
42099,164,0.00045735546
42099,165,0.00031558768
42099,166,0.00033111576
42099,167,0.00035385002
42099,168,0.0003457194
42099,169,0.0003692003
42099,170,0.00027037217
42099,171,0.00018775136
42099,172,0.00018432458
42099,173,0.00012279877
42099,174,8.4456886e-05
42099,175,6.398694e-05
42099,176,6.2970306e-05
42099,177,9.4382856e-05
42099,178,0.00012880994
42099,179,0.00013506005
42099,180,0.0001174648
42099,181,0.00013456437
42099,182,0.00021144986
42099,183,0.00028658196
42099,184,0.00024406194
42099,185,0.00021660727
42099,186,0.00013312978
42099,187,3.6098107e-05
42099,188,1.5069355e-05
42099,189,2.0150874e-05
42099,190,2.679592e-05
42099,191,2.5277956e-05
42099,192,1.8735556e-05
42099,193,1.4966486e-05
42099,194,1.7530592e-05
42099,195,1.3681914e-05
42099,196,6.919782e-06
42099,197,4.161389e-06
42099,198,2.778288e-06
42099,199,3.338944e-06
42099,200,4.0768437e-06
42099,201,6.5739073e-06
42099,202,5.2164014e-06
42099,203,7.824063e-06
42099,204,9.408962e-06
42099,205,7.995815e-06
42099,206,1.3167724e-05
42099,207,5.899447e-05
42099,208,0.00013867575
42099,209,0.000120782424
42099,210,2.6983182e-05
42099,211,3.6190086e-05
42099,212,3.4822984e-05
42099,213,3.336417e-05
42099,214,3.0123249e-05
42099,215,1.0449219e-05
42105,73,0.005433145
42105,74,0.0071840696
42105,75,0.0071451394
42105,76,0.008452903
42105,77,0.009290675
42105,78,0.00939458
42105,79,0.008747238
42105,80,0.007995773
42105,81,0.0073318826
42105,82,0.006257776
42105,83,0.005497998
42105,84,0.0046120267
42105,85,0.0037476674
42105,86,0.0027058169
42105,87,0.0019331112
42105,88,0.0013698873
42105,89,0.0009634913
42105,90,0.0006997157
42105,91,0.00041580148
42105,92,0.00018538248
42105,93,0.0001430052
42105,94,0.00011887688
42105,95,7.784474e-05
42105,96,5.693142e-05
42105,97,3.1986077e-05
42105,98,2.032902e-05
42105,99,9.9591074e-05
42105,100,0.00034253282
42105,101,0.00051044003
42105,102,0.00068094936
42105,103,0.0006756811
42105,104,0.00088434486
42105,105,0.0011242651
42105,106,0.0014011435
42105,107,0.0023322029
42105,108,0.003077309
42105,109,0.00418526
42105,110,0.0052458243
42105,111,0.0067289216
42105,112,0.0077297576
42105,113,0.009029449
42105,114,0.009123656
42105,115,0.010103346
42105,116,0.010427181
42105,117,0.010619532
42105,118,0.010459755
42105,119,0.0097814975
42105,120,0.009112205
42105,121,0.008507579
42105,122,0.007842544
42105,123,0.00684542
42105,124,0.0054250155
42105,125,0.004535118
42105,126,0.0037849618
42105,127,0.003561347
42105,128,0.0030969137
42105,129,0.0031376528
42105,130,0.0032427823
42105,131,0.0033023504
42105,132,0.0030567944
42105,133,0.0028263067
42105,134,0.002837854
42105,135,0.0034985924
42105,136,0.004257947
42105,137,0.0041108117
42105,138,0.0040385
42105,139,0.0036898726
42105,140,0.0035788554
42105,141,0.0028002046
42105,142,0.0018465698
42105,143,0.002089233
42105,144,0.002276399
42105,145,0.0015691275
42105,146,0.0012017126
42105,147,0.00097236095
42105,148,0.0008579962
42105,149,0.00082804344
42105,150,0.0006748222
42105,151,0.00067815126
42105,152,0.0006437208
42105,153,0.00052343856
42105,154,0.000410549
42105,155,0.00038364343
42105,156,0.00038784108
42105,157,0.00044521465
42105,158,0.00035251153
42105,159,0.00037619297
42105,160,0.00036464658
42105,161,0.00023098862
42105,162,0.00020612562
42105,163,0.00019254295
42105,164,0.00011812687
42105,165,8.787863e-05
42105,166,7.6171826e-05
42105,167,6.677736e-05
42105,168,6.458978e-05
42105,169,0.00012696393
42105,170,0.00021387571
42105,171,0.00017481914
42105,172,0.00010217134
42105,173,9.345196e-05
42105,174,9.2865695e-05
42105,175,5.892694e-05
42105,176,6.235668e-05
42105,177,7.3498275e-05
42105,178,8.200425e-05
42105,179,0.00011622317
42105,180,0.00017749221
42105,181,0.00022231584
42105,182,0.00015586185
42105,183,0.00011048463
42105,184,0.000112665846
42105,185,0.00014334593
42105,186,0.00012500916
42105,187,8.983666e-05
42105,188,7.1912706e-05
42105,189,4.8552953e-05
42105,190,5.309671e-05
42105,191,5.425475e-05
42105,192,9.1891045e-05
42105,193,0.000119937446
42105,194,0.0001164528
42105,195,9.864263e-05
42105,196,8.206036e-05
42105,197,8.27735e-05
42105,198,0.00011191544
42105,199,0.0001285054
42105,200,0.0001422347
42105,201,0.0002085146
42105,202,0.00022527008
42105,203,0.0002127812
42105,204,0.00024372312
42105,205,0.00027227605
42105,206,0.00022725968
42105,207,0.00024174951
42105,208,0.00022625591
42105,209,0.00023723746
42105,210,0.0001116834
42105,211,7.347198e-05
42105,212,5.56421e-05
42105,213,6.360207e-05
42105,214,6.667997e-05
42105,215,1.7694998e-05
42107,73,0.0003801515
42107,74,0.00013803112
42107,75,0.00014799146
42107,76,0.00022455862
42107,77,0.00037991413
42107,78,0.0006039348
42107,79,0.000671019
42107,80,0.00090749003
42107,81,0.0011331658
42107,82,0.0012054872
42107,83,0.0013852962
42107,84,0.0014810399
42107,85,0.0014534662
42107,86,0.0014195065
42107,87,0.0012435743
42107,88,0.0012830958
42107,89,0.0011976471
42107,90,0.0011424802
42107,91,0.00069606095
42107,92,0.0004919418
42107,93,0.00026491945
42107,94,0.00021428603
42107,95,0.00020693717
42107,96,0.00024589442
42107,97,0.00015750036
42107,98,0.000107191394
42107,99,7.871117e-05
42107,100,4.5661913e-05
42107,101,7.599799e-05
42107,102,0.00015057222
42107,103,0.0002720441
42107,104,0.0004300935
42107,105,0.00044567537
42107,106,0.000772591
42107,107,0.0008707091
42107,108,0.0009953394
42107,109,0.0009308002
42107,110,0.0010017543
42107,111,0.0011220371
42107,112,0.001114705
42107,113,0.0010655165
42107,114,0.0011266067
42107,115,0.001166982
42107,116,0.0010636676
42107,117,0.0008975765
42107,118,0.0008207378
42107,119,0.0007780268
42107,120,0.0007191071
42107,121,0.00073749316
42107,122,0.00067960576
42107,123,0.00068458274
42107,124,0.00065781554
42107,125,0.0006054515
42107,126,0.0005032425
42107,127,0.00035878908
42107,128,0.00030853154
42107,129,0.00037792447
42107,130,0.0008077052
42107,131,0.0012277842
42107,132,0.00166983
42107,133,0.0022833885
42107,134,0.0029011713
42107,135,0.003383279
42107,136,0.0035805756
42107,137,0.0036903345
42107,138,0.003876075
42107,139,0.0037812577
42107,140,0.004427666
42107,141,0.007666504
42107,142,0.008683423
42107,143,0.010228456
42107,144,0.009396643
42107,145,0.009441589
42107,146,0.008873275
42107,147,0.008011829
42107,148,0.0071178125
42107,149,0.0068025594
42107,150,0.006214979
42107,151,0.005313033
42107,152,0.004784655
42107,153,0.004233495
42107,154,0.0036944903
42107,155,0.0030761976
42107,156,0.0025929136
42107,157,0.002226482
42107,158,0.0019333396
42107,159,0.001608188
42107,160,0.0013786505
42107,161,0.0012853898
42107,162,0.0011898392
42107,163,0.0010869179
42107,164,0.0007815486
42107,165,0.0006116709
42107,166,0.0006046256
42107,167,0.0006826935
42107,168,0.00065974204
42107,169,0.00066654326
42107,170,0.00076158583
42107,171,0.00078110653
42107,172,0.00063771545
42107,173,0.0003554916
42107,174,0.00019918196
42107,175,0.00024254536
42107,176,0.00028822463
42107,177,0.00033135357
42107,178,0.00036197115
42107,179,0.0002692013
42107,180,0.00018436114
42107,181,0.00013520765
42107,182,0.00015297906
42107,183,0.0001651682
42107,184,0.00013820411
42107,185,0.000200945
42107,186,0.00016074268
42107,187,0.000116445095
42107,188,0.00012830265
42107,189,0.0001314535
42107,190,0.00022689268
42107,191,0.00028657124
42107,192,0.00032494767
42107,193,0.00034872003
42107,194,0.00032354012
42107,195,0.00034484654
42107,196,0.00029594233
42107,197,0.00030209226
42107,198,0.0003080659
42107,199,0.0003700911
42107,200,0.00034975924
42107,201,0.00034820638
42107,202,0.0002622146
42107,203,0.00020437255
42107,204,0.00014765924
42107,205,8.707493e-05
42107,206,8.8609595e-05
42107,207,0.00011370933
42107,208,0.00012664762
42107,209,0.00015489326
42107,210,0.00010850641
42107,211,7.2606505e-05
42107,212,3.6064615e-05
42107,213,5.0687944e-05
42107,214,6.151091e-05
42107,215,4.9549817e-05
42111,73,0.01909626
42111,74,0.019746665
42111,75,0.020007877
42111,76,0.019182986
42111,77,0.017962785
42111,78,0.017214628
42111,79,0.01557105
42111,80,0.014316746
42111,81,0.013274798
42111,82,0.012144341
42111,83,0.010796604
42111,84,0.009759071
42111,85,0.008748675
42111,86,0.007789345
42111,87,0.006986214
42111,88,0.0064187683
42111,89,0.0058229016
42111,90,0.005323057
42111,91,0.0040650875
42111,92,0.0029237024
42111,93,0.0022316023
42111,94,0.002010829
42111,95,0.0017127745
42111,96,0.0012474082
42111,97,0.0013144762
42111,98,0.0013983408
42111,99,0.0013530479
42111,100,0.0012607819
42111,101,0.0015520904
42111,102,0.0016350006
42111,103,0.0015923268
42111,104,0.0018151925
42111,105,0.0031736412
42111,106,0.004091998
42111,107,0.004417504
42111,108,0.005256401
42111,109,0.005575418
42111,110,0.006949085
42111,111,0.0074368147
42111,112,0.007579011
42111,113,0.007079074
42111,114,0.0063032
42111,115,0.005493902
42111,116,0.004556958
42111,117,0.003899008
42111,118,0.003401338
42111,119,0.002875364
42111,120,0.0028911831
42111,121,0.0027072362
42111,122,0.002144794
42111,123,0.0016402226
42111,124,0.00136168
42111,125,0.0010982144
42111,126,0.000788913
42111,127,0.0006275377
42111,128,0.00065479183
42111,129,0.0008417895
42111,130,0.000991028
42111,131,0.00072789984
42111,132,0.000525091
42111,133,0.0005141713
42111,134,0.0005890821
42111,135,0.0006506529
42111,136,0.0006297491
42111,137,0.0005642945
42111,138,0.0005310624
42111,139,0.00044292567
42111,140,0.00036933352
42111,141,0.00034976387
42111,142,0.00022124693
42111,143,9.03403e-05
42111,144,8.984723e-05
42111,145,0.00012144334
42111,146,0.00015142481
42111,147,0.00022107048
42111,148,0.00029034392
42111,149,0.00035718127
42111,150,0.00042289213
42111,151,0.00049668626
42111,152,0.00053068536
42111,153,0.0008160994
42111,154,0.0008679958
42111,155,0.00081751967
42111,156,0.0005270774
42111,157,0.00042627894
42111,158,0.00042792186
42111,159,0.00035554208
42111,160,0.00036267284
42111,161,0.0003516717
42111,162,0.00027222943
42111,163,0.00021968577
42111,164,0.00017255261
42111,165,0.0002201415
42111,166,0.00020245518
42111,167,0.00027050579
42111,168,0.00028655463
42111,169,0.00022805174
42111,170,0.00023591811
42111,171,0.00017461712
42111,172,0.00016840082
42111,173,0.0001214974
42111,174,9.306277e-05
42111,175,8.8025256e-05
42111,176,0.00011812933
42111,177,0.00020260541
42111,178,0.00018863686
42111,179,0.00016566027
42111,180,0.00021141216
42111,181,0.0003168682
42111,182,0.00030917255
42111,183,0.00034989763
42111,184,0.0002934055
42111,185,0.0002576531
42111,186,0.00014195245
42111,187,6.495925e-05
42111,188,5.6688146e-05
42111,189,5.5800607e-05
42111,190,6.4265885e-05
42111,191,6.662599e-05
42111,192,0.000113302376
42111,193,0.00015916908
42111,194,0.00012847211
42111,195,0.00016151853
42111,196,0.00016753633
42111,197,0.0001724342
42111,198,0.00023209622
42111,199,0.00023085963
42111,200,0.00028447856
42111,201,0.000320584
42111,202,0.00034521922
42111,203,0.00028063572
42111,204,0.00024276544
42111,205,0.0002183924
42111,206,0.00022252015
42111,207,0.00020598531
42111,208,0.00018181177
42111,209,0.00014191873
42111,210,9.820424e-05
42111,211,4.8290916e-05
42111,212,4.7729183e-05
42111,213,3.7130096e-05
42111,214,2.5056805e-05
42111,215,1.9687004e-05
42117,73,0.0026310384
42117,74,0.0036648372
42117,75,0.0041915453
42117,76,0.004654021
42117,77,0.004673496
42117,78,0.004606007
42117,79,0.0043841554
42117,80,0.0040332074
42117,81,0.0037137724
42117,82,0.0030921781
42117,83,0.0027692907
42117,84,0.0023096122
42117,85,0.0020219476
42117,86,0.0015237827
42117,87,0.0010961911
42117,88,0.0008317897
42117,89,0.0006478097
42117,90,0.00053148554
42117,91,0.00027347845
42117,92,0.00010614688
42117,93,2.7965212e-05
42117,94,2.3416134e-05
42117,95,2.7945922e-05
42117,96,2.3692257e-05
42117,97,9.469008e-06
42117,98,3.3259018e-06
42117,99,4.4800727e-06
42117,100,4.8548583e-05
42117,101,0.00011870545
42117,102,0.0001582363
42117,103,0.00016839412
42117,104,0.00021105494
42117,105,0.00030231915
42117,106,0.0005826035
42117,107,0.0010273674
42117,108,0.0018669531
42117,109,0.0027915342
42117,110,0.0039210785
42117,111,0.0049259425
42117,112,0.0056219213
42117,113,0.006536795
42117,114,0.0068804733
42117,115,0.00698761
42117,116,0.0067743002
42117,117,0.006741417
42117,118,0.006334039
42117,119,0.0058452534
42117,120,0.0051914733
42117,121,0.0045126886
42117,122,0.00389388
42117,123,0.0034128895
42117,124,0.0027620986
42117,125,0.002115518
42117,126,0.0014930774
42117,127,0.0013100014
42117,128,0.0010989615
42117,129,0.0010133293
42117,130,0.0011956391
42117,131,0.0014512198
42117,132,0.0017733984
42117,133,0.0016986212
42117,134,0.0019139175
42117,135,0.001925461
42117,136,0.0019343607
42117,137,0.0020526291
42117,138,0.0029744226
42117,139,0.0030590298
42117,140,0.003830978
42117,141,0.004217551
42117,142,0.0039627897
42117,143,0.002242989
42117,144,0.0024044432
42117,145,0.0022455733
42117,146,0.0014836031
42117,147,0.0010461595
42117,148,0.000875688
42117,149,0.00075153605
42117,150,0.0006688589
42117,151,0.0006101799
42117,152,0.0005695552
42117,153,0.0004400357
42117,154,0.00039526075
42117,155,0.00031703114
42117,156,0.00025353977
42117,157,0.0002548751
42117,158,0.00019592697
42117,159,0.00020915868
42117,160,0.00014984504
42117,161,0.00010484844
42117,162,9.324412e-05
42117,163,0.00010253245
42117,164,4.191795e-05
42117,165,4.0138075e-05
42117,166,5.046336e-05
42117,167,6.269263e-05
42117,168,9.073327e-05
42117,169,0.00017961589
42117,170,9.796071e-05
42117,171,0.00010294609
42117,172,0.00017463187
42117,173,7.6084674e-05
42117,174,2.639012e-05
42117,175,1.4276006e-05
42117,176,2.9284998e-05
42117,177,4.1792267e-05
42117,178,3.6159272e-05
42117,179,6.9160036e-05
42117,180,0.0001134285
42117,181,0.0001140617
42117,182,0.0001052686
42117,183,5.267709e-05
42117,184,5.7761354e-05
42117,185,8.6054766e-05
42117,186,7.0523914e-05
42117,187,4.569058e-05
42117,188,3.2723976e-05
42117,189,1.7943437e-05
42117,190,2.3347045e-05
42117,191,3.6486996e-05
42117,192,5.0527426e-05
42117,193,5.4476182e-05
42117,194,6.4835294e-05
42117,195,7.5525706e-05
42117,196,8.535665e-05
42117,197,7.380207e-05
42117,198,7.241889e-05
42117,199,7.8201105e-05
42117,200,9.8529934e-05
42117,201,0.000101937054
42117,202,9.412526e-05
42117,203,5.803462e-05
42117,204,5.4333148e-05
42117,205,6.481046e-05
42117,206,5.7685844e-05
42117,207,6.3396124e-05
42117,208,4.0397084e-05
42117,209,1.7211676e-05
42117,210,4.676406e-06
42117,211,3.8240123e-06
42117,212,5.7746047e-06
42117,213,3.8385555e-05
42117,214,5.6488192e-05
42117,215,2.733796e-05
42123,73,0.17977399
42123,74,0.2764431
42123,75,0.33593845
42123,76,0.35486302
42123,77,0.35095036
42123,78,0.33637866
42123,79,0.31605232
42123,80,0.2916055
42123,81,0.26650545
42123,82,0.23885821
42123,83,0.2108523
42123,84,0.18270753
42123,85,0.1548605
42123,86,0.1317349
42123,87,0.108850785
42123,88,0.08906995
42123,89,0.072479
42123,90,0.058017813
42123,91,0.046443254
42123,92,0.035235237
42123,93,0.027439082
42123,94,0.021901023
42123,95,0.018190742
42123,96,0.014910933
42123,97,0.012943042
42123,98,0.012619249
42123,99,0.014207584
42123,100,0.015811086
42123,101,0.01573318
42123,102,0.01485473
42123,103,0.013873718
42123,104,0.01308809
42123,105,0.012222168
42123,106,0.0129347285
42123,107,0.013612869
42123,108,0.013871162
42123,109,0.014224846
42123,110,0.014011847
42123,111,0.015257172
42123,112,0.016993824
42123,113,0.018869802
42123,114,0.020339172
42123,115,0.02381646
42123,116,0.024822492
42123,117,0.024963599
42123,118,0.024321623
42123,119,0.023624232
42123,120,0.022774072
42123,121,0.021131268
42123,122,0.019960104
42123,123,0.018601276
42123,124,0.016876308
42123,125,0.015286778
42123,126,0.013696632
42123,127,0.012229242
42123,128,0.0112780025
42123,129,0.010569923
42123,130,0.008973778
42123,131,0.007928482
42123,132,0.007794495
42123,133,0.007893124
42123,134,0.0070387535
42123,135,0.0064194165
42123,136,0.005478673
42123,137,0.0047886623
42123,138,0.004361478
42123,139,0.002894957
42123,140,0.0029297809
42123,141,0.0032757735
42123,142,0.0038910848
42123,143,0.0032421006
42123,144,0.0024488294
42123,145,0.0022579038
42123,146,0.0022070121
42123,147,0.0020841467
42123,148,0.0018943707
42123,149,0.0019212115
42123,150,0.0019087056
42123,151,0.0020159795
42123,152,0.001956901
42123,153,0.0017398376
42123,154,0.0015949495
42123,155,0.0014789172
42123,156,0.0015496111
42123,157,0.001343164
42123,158,0.0011129256
42123,159,0.0008618313
42123,160,0.0008859147
42123,161,0.00063037104
42123,162,0.0004948676
42123,163,0.0003364202
42123,164,0.00017839024
42123,165,0.00010903766
42123,166,0.00010013059
42123,167,0.00010945033
42123,168,8.9395566e-05
42123,169,3.464488e-05
42123,170,4.875604e-05
42123,171,4.805427e-05
42123,172,5.839719e-05
42123,173,9.1308706e-05
42123,174,0.0001063879
42123,175,9.160907e-05
42123,176,0.00014984971
42123,177,0.00017714634
42123,178,0.00018086331
42123,179,0.00018215591
42123,180,0.00016438283
42123,181,0.0001774357
42123,182,0.00014964539
42123,183,0.00014824126
42123,184,0.00014111676
42123,185,9.974744e-05
42123,186,8.606852e-05
42123,187,3.3054006e-05
42123,188,2.3748154e-05
42123,189,2.2506203e-05
42123,190,3.1991833e-05
42123,191,7.097021e-05
42123,192,6.1651335e-05
42123,193,4.8372614e-05
42123,194,4.1812556e-05
42123,195,4.4222677e-05
42123,196,4.0590603e-05
42123,197,2.3801596e-05
42123,198,3.1507803e-05
42123,199,5.1776595e-05
42123,200,8.302964e-05
42123,201,9.801338e-05
42123,202,9.7509e-05
42123,203,0.00012173816
42123,204,0.0001633088
42123,205,0.00025603882
42123,206,0.00035529525
42123,207,0.00036285867
42123,208,0.00027009688
42123,209,0.00016601934
42123,210,5.9776277e-05
42123,211,9.335304e-06
42123,212,3.001637e-06
42123,213,3.6091928e-06
42123,214,2.1013473e-06
42123,215,3.96721e-06
54001,73,0.017737007
54001,74,0.016062258
54001,75,0.013749685
54001,76,0.012090946
54001,77,0.010995018
54001,78,0.010106952
54001,79,0.009490347
54001,80,0.0083435355
54001,81,0.007291109
54001,82,0.006178994
54001,83,0.005381831
54001,84,0.004818242
54001,85,0.0041374154
54001,86,0.0035361634
54001,87,0.0031986602
54001,88,0.0025642768
54001,89,0.0024473649
54001,90,0.001743885
54001,91,0.001477264
54001,92,0.0011891415
54001,93,0.0008743467
54001,94,0.0007296577
54001,95,0.0005036198
54001,96,0.00043798785
54001,97,0.0003001689
54001,98,0.00022621392
54001,99,0.00035428006
54001,100,0.00029905234
54001,101,0.0002443506
54001,102,0.00029909713
54001,103,0.00046128393
54001,104,0.00072178594
54001,105,0.0007309663
54001,106,0.0006854519
54001,107,0.00078020676
54001,108,0.00084060937
54001,109,0.0010568838
54001,110,0.0011591583
54001,111,0.0012906848
54001,112,0.0011862782
54001,113,0.0010332045
54001,114,0.0012404838
54001,115,0.0011277458
54001,116,0.00089269335
54001,117,0.0011807643
54001,118,0.0013437878
54001,119,0.0014260787
54001,120,0.0015184468
54001,121,0.0016397438
54001,122,0.0016556155
54001,123,0.0013617574
54001,124,0.0011875984
54001,125,0.00096962316
54001,126,0.000911341
54001,127,0.0015724535
54001,128,0.0015927182
54001,129,0.0017888627
54001,130,0.0016922279
54001,131,0.0017447476
54001,132,0.0018426777
54001,133,0.0015554288
54001,134,0.001304459
54001,135,0.0012304854
54001,136,0.0010567828
54001,137,0.0005845846
54001,138,0.00051744794
54001,139,0.0010568517
54001,140,0.0017695976
54001,141,0.0031541556
54001,142,0.0035411373
54001,143,0.003181122
54001,144,0.0022072576
54001,145,0.0015512672
54001,146,0.0012695937
54001,147,0.0011020771
54001,148,0.0010094434
54001,149,0.0009868904
54001,150,0.0009013492
54001,151,0.0008710742
54001,152,0.001013853
54001,153,0.0012826918
54001,154,0.0015889746
54001,155,0.001603944
54001,156,0.0015616188
54001,157,0.001362151
54001,158,0.0015594843
54001,159,0.0017355719
54001,160,0.0015744286
54001,161,0.0012248335
54001,162,0.00093280815
54001,163,0.00059938297
54001,164,0.0004050444
54001,165,0.00038130596
54001,166,0.0003904827
54001,167,0.00042986177
54001,168,0.00030118073
54001,169,0.00034705267
54001,170,0.00033379343
54001,171,0.00047545743
54001,172,0.00051215873
54001,173,0.00060097466
54001,174,0.00074297184
54001,175,0.0008388127
54001,176,0.00081989146
54001,177,0.00090164604
54001,178,0.0007674978
54001,179,0.0006056205
54001,180,0.00049633865
54001,181,0.00045734615
54001,182,0.0004982978
54001,183,0.00036270946
54001,184,0.00029531374
54001,185,0.0002822302
54001,186,0.00025500424
54001,187,0.0001358887
54001,188,0.00017327105
54001,189,0.00013243046
54001,190,0.00014525124
54001,191,0.00010704675
54001,192,0.00017028337
54001,193,0.00016877364
54001,194,0.00018874771
54001,195,0.0002090789
54001,196,0.00024064479
54001,197,0.0002558931
54001,198,0.00024496063
54001,199,0.00032210522
54001,200,0.00074916653
54001,201,0.0007761607
54001,202,0.0007176412
54001,203,0.00058001233
54001,204,0.0004965615
54001,205,0.00041632124
54001,206,0.000304346
54001,207,0.0002614224
54001,208,0.00014167436
54001,209,7.070634e-05
54001,210,2.9477842e-05
54001,211,1.0545269e-05
54001,212,5.3377426e-06
54001,213,1.1464493e-05
54001,214,1.7091766e-05
54001,215,2.5370848e-05
54003,73,0.0010940585
54003,74,0.0005022833
54003,75,0.00020378082
54003,76,0.00011549064
54003,77,9.8457705e-05
54003,78,0.00011027081
54003,79,9.429837e-05
54003,80,0.0001053112
54003,81,9.9897974e-05
54003,82,9.358059e-05
54003,83,8.229164e-05
54003,84,4.415761e-05
54003,85,3.0712607e-05
54003,86,2.9659897e-05
54003,87,3.0363162e-05
54003,88,3.0353896e-05
54003,89,2.7373539e-05
54003,90,2.8445125e-05
54003,91,1.3276768e-05
54003,92,1.5427786e-05
54003,93,2.8636032e-05
54003,94,4.8842398e-05
54003,95,4.419669e-05
54003,96,3.7507652e-05
54003,97,3.4069373e-05
54003,98,3.3353906e-05
54003,99,3.252909e-05
54003,100,3.2317083e-05
54003,101,2.6627862e-05
54003,102,2.3026003e-05
54003,103,1.762651e-05
54003,104,3.0767245e-05
54003,105,3.6920566e-05
54003,106,3.0329193e-05
54003,107,2.6835047e-05
54003,108,2.1135924e-05
54003,109,2.0219511e-05
54003,110,2.1076074e-05
54003,111,1.4808462e-05
54003,112,9.576544e-06
54003,113,7.5338335e-06
54003,114,7.287762e-06
54003,115,8.467727e-06
54003,116,9.82719e-06
54003,117,1.2834601e-05
54003,118,1.7210325e-05
54003,119,3.6376972e-05
54003,120,8.140165e-05
54003,121,6.7102585e-05
54003,122,8.082226e-05
54003,123,0.000101247635
54003,124,9.765486e-05
54003,125,0.00012520603
54003,126,0.00010222595
54003,127,8.6742715e-05
54003,128,6.077279e-05
54003,129,3.1529908e-05
54003,130,2.2300816e-05
54003,131,2.2311544e-05
54003,132,8.746662e-06
54003,133,3.0519216e-06
54003,134,1.7614044e-06
54003,135,2.2540415e-07
54003,136,2.2777749e-09
54003,137,2.247877e-07
54003,138,2.1381955e-05
54003,139,6.526825e-05
54003,140,4.1361844e-05
54003,141,7.2327115e-05
54003,142,0.00021992558
54003,143,0.00030065692
54003,144,0.00031399724
54003,145,0.00023151144
54003,146,0.00016777808
54003,147,0.00016266521
54003,148,0.00014078528
54003,149,0.000118120435
54003,150,0.00012207922
54003,151,0.00012785873
54003,152,0.000114345086
54003,153,8.879451e-05
54003,154,6.464161e-05
54003,155,5.031339e-05
54003,156,5.781521e-05
54003,157,5.949538e-05
54003,158,6.608039e-05
54003,159,5.190684e-05
54003,160,3.6768168e-05
54003,161,1.9980107e-05
54003,162,1.0177806e-05
54003,163,6.3196494e-06
54003,164,2.26468e-06
54003,165,2.1668995e-06
54003,166,2.544057e-06
54003,167,9.178607e-06
54003,168,1.8444667e-05
54003,169,2.9438384e-05
54003,170,5.4167587e-05
54003,171,0.00011203035
54003,172,0.00014368373
54003,173,0.00017589379
54003,174,0.0001503878
54003,175,0.00012870021
54003,176,0.00022994766
54003,177,0.00015804118
54003,178,0.00014074838
54003,179,0.000106177955
54003,180,8.444063e-05
54003,181,9.009269e-05
54003,182,7.833132e-05
54003,183,9.195486e-05
54003,184,8.679893e-05
54003,185,6.640262e-05
54003,186,4.536279e-05
54003,187,1.903266e-05
54003,188,9.837077e-06
54003,189,6.221954e-06
54003,190,3.9623396e-06
54003,191,2.6928903e-06
54003,192,2.0427844e-06
54003,193,1.6046492e-06
54003,194,1.2452178e-06
54003,195,8.3423384e-07
54003,196,2.458347e-06
54003,197,1.7684661e-06
54003,198,2.8198874e-06
54003,199,5.3225153e-06
54003,200,1.0622837e-05
54003,201,1.16282345e-05
54003,202,7.599297e-06
54003,203,8.6965365e-06
54003,204,7.829732e-06
54003,205,1.0647226e-05
54003,206,2.615721e-05
54003,207,4.464837e-05
54003,208,3.2100274e-05
54003,209,1.2138851e-05
54003,210,8.26863e-06
54003,211,8.86514e-06
54003,212,9.729854e-06
54003,213,1.0622561e-05
54003,214,1.6404538e-05
54003,215,1.05905465e-05
54005,73,0.00038304008
54005,74,6.7371875e-05
54005,75,1.4092977e-05
54005,76,6.859817e-06
54005,77,1.2747822e-05
54005,78,3.4464618e-05
54005,79,7.364923e-05
54005,80,0.0001614659
54005,81,0.00023078994
54005,82,0.00027970268
54005,83,0.00028884594
54005,84,0.00029809723
54005,85,0.0002655942
54005,86,0.00017041183
54005,87,0.00016114429
54005,88,0.00018239212
54005,89,0.00012589307
54005,90,7.9716025e-05
54005,91,3.7463295e-05
54005,92,2.115457e-05
54005,93,8.212763e-06
54005,94,7.02607e-07
54005,95,1.9217005e-08
54005,96,1.0916385e-08
54005,97,1.6410453e-08
54005,98,1.7047878e-07
54005,99,3.964789e-06
54005,100,9.700108e-06
54005,101,9.734187e-06
54005,102,1.1278594e-05
54005,103,2.0256442e-05
54005,104,1.7848528e-05
54005,105,1.1278765e-05
54005,106,4.6304026e-06
54005,107,4.116543e-06
54005,108,2.2362286e-05
54005,109,4.9876737e-05
54005,110,0.00012930663
54005,111,0.0002347161
54005,112,0.000266708
54005,113,0.00040170527
54005,114,0.00037577804
54005,115,0.00041827423
54005,116,0.00039585918
54005,117,0.00032194154
54005,118,0.00029617312
54005,119,0.00022790302
54005,120,0.00030276462
54005,121,0.00035879106
54005,122,0.00032306623
54005,123,0.0002615975
54005,124,0.00022578225
54005,125,0.0008921549
54005,126,0.002081617
54005,127,0.0023855686
54005,128,0.0028823155
54005,129,0.0034119159
54005,130,0.0048760544
54005,131,0.0052226917
54005,132,0.0056760595
54005,133,0.0056333505
54005,134,0.005035987
54005,135,0.0042882976
54005,136,0.005994382
54005,137,0.011024565
54005,138,0.015323317
54005,139,0.025439506
54005,140,0.031489555
54005,141,0.03333096
54005,142,0.03655186
54005,143,0.03556017
54005,144,0.032741133
54005,145,0.02931885
54005,146,0.026493005
54005,147,0.024105921
54005,148,0.021142576
54005,149,0.019486956
54005,150,0.017599104
54005,151,0.01784823
54005,152,0.019339424
54005,153,0.021303691
54005,154,0.02368077
54005,155,0.024500242
54005,156,0.025665782
54005,157,0.023726664
54005,158,0.021190487
54005,159,0.018354636
54005,160,0.015077171
54005,161,0.0118100345
54005,162,0.00939672
54005,163,0.007592469
54005,164,0.0056286897
54005,165,0.0033659427
54005,166,0.0027976143
54005,167,0.0019630669
54005,168,0.0015522206
54005,169,0.0011989708
54005,170,0.0010786626
54005,171,0.000912168
54005,172,0.000860702
54005,173,0.00083949673
54005,174,0.000823021
54005,175,0.0009601831
54005,176,0.0013848357
54005,177,0.0015161965
54005,178,0.0014609224
54005,179,0.001639824
54005,180,0.0015106769
54005,181,0.0011560566
54005,182,0.0011095635
54005,183,0.00081933936
54005,184,0.00069435267
54005,185,0.0005937212
54005,186,0.00041391113
54005,187,0.0001614496
54005,188,0.00014760053
54005,189,0.0001566976
54005,190,0.00015505053
54005,191,7.35157e-05
54005,192,5.9199083e-05
54005,193,5.6388802e-05
54005,194,6.4021464e-05
54005,195,8.3908475e-05
54005,196,8.7090506e-05
54005,197,0.00012760225
54005,198,0.00013356235
54005,199,0.00016595468
54005,200,0.00017663505
54005,201,0.00046463215
54005,202,0.00050482823
54005,203,0.000278744
54005,204,0.00021060716
54005,205,0.00011471831
54005,206,0.00012522782
54005,207,6.305816e-05
54005,208,3.349184e-05
54005,209,1.4155907e-05
54005,210,1.4817695e-05
54005,211,5.7547877e-06
54005,212,5.1787147e-06
54005,213,5.110499e-06
54005,214,6.0232287e-06
54005,215,7.5367952e-06
54011,73,0.001638382
54011,74,0.00034840323
54011,75,0.00011681683
54011,76,0.000102989805
54011,77,8.94398e-05
54011,78,9.388356e-05
54011,79,9.575994e-05
54011,80,8.268096e-05
54011,81,9.280837e-05
54011,82,6.9249894e-05
54011,83,0.00015223655
54011,84,0.00018322619
54011,85,0.00013236198
54011,86,0.00011207803
54011,87,6.765671e-05
54011,88,5.1432395e-05
54011,89,3.750457e-05
54011,90,3.0428073e-05
54011,91,2.2618775e-05
54011,92,2.5964207e-05
54011,93,2.7967128e-05
54011,94,1.7378852e-05
54011,95,1.0521932e-05
54011,96,6.954893e-06
54011,97,4.7554117e-06
54011,98,9.239983e-06
54011,99,1.1049784e-05
54011,100,1.7780896e-05
54011,101,2.3774306e-05
54011,102,3.4708002e-05
54011,103,4.442962e-05
54011,104,3.5059194e-05
54011,105,3.5906363e-05
54011,106,2.2628577e-05
54011,107,2.0828413e-05
54011,108,7.4225216e-05
54011,109,0.0001312405
54011,110,0.00020980289
54011,111,0.00022540295
54011,112,0.00022359811
54011,113,0.00021145311
54011,114,0.00014637517
54011,115,0.0001920539
54011,116,0.00019180786
54011,117,0.00019177813
54011,118,0.0002096391
54011,119,0.0002459287
54011,120,0.00027375703
54011,121,0.00023796892
54011,122,0.00021839408
54011,123,0.00016668194
54011,124,0.00034998194
54011,125,0.00095051876
54011,126,0.0010368908
54011,127,0.00072897295
54011,128,0.0008296507
54011,129,0.00082938024
54011,130,0.00059185404
54011,131,0.00043059417
54011,132,0.00029274152
54011,133,0.00018475602
54011,134,0.00013259583
54011,135,0.00011483636
54011,136,0.00027676162
54011,137,0.0009291741
54011,138,0.0019754719
54011,139,0.0034604096
54011,140,0.0036893853
54011,141,0.0035209435
54011,142,0.002968487
54011,143,0.0025310987
54011,144,0.002068337
54011,145,0.0018852861
54011,146,0.0018246003
54011,147,0.0015253585
54011,148,0.0014532458
54011,149,0.0015416003
54011,150,0.0014739307
54011,151,0.0015480598
54011,152,0.0016457523
54011,153,0.0020309405
54011,154,0.0026847734
54011,155,0.002906747
54011,156,0.0028996577
54011,157,0.0028067394
54011,158,0.0021082973
54011,159,0.0014545344
54011,160,0.0008435515
54011,161,0.0005063158
54011,162,0.00032431076
54011,163,0.00024893737
54011,164,0.00028858072
54011,165,0.00013719656
54011,166,8.7176515e-05
54011,167,0.00012998756
54011,168,0.0001713726
54011,169,0.00014782377
54011,170,0.00010414361
54011,171,0.00015357247
54011,172,0.000103989056
54011,173,8.551494e-05
54011,174,9.987892e-05
54011,175,0.00012604601
54011,176,0.00011932348
54011,177,8.824949e-05
54011,178,6.377804e-05
54011,179,4.8863836e-05
54011,180,3.3971028e-05
54011,181,1.9366098e-05
54011,182,1.4834173e-05
54011,183,1.6439059e-05
54011,184,1.6395279e-05
54011,185,9.195867e-06
54011,186,5.1588345e-06
54011,187,6.4569713e-06
54011,188,1.0077753e-05
54011,189,2.4815523e-05
54011,190,3.3349428e-05
54011,191,2.910419e-05
54011,192,2.8364091e-05
54011,193,4.161359e-05
54011,194,6.438849e-05
54011,195,9.938958e-05
54011,196,9.362619e-05
54011,197,9.848396e-05
54011,198,8.7743996e-05
54011,199,8.896774e-05
54011,200,0.00012037376
54011,201,0.00015558633
54011,202,8.862417e-05
54011,203,3.4063873e-05
54011,204,2.4646422e-05
54011,205,2.4764398e-05
54011,206,1.4921908e-05
54011,207,1.5133831e-05
54011,208,1.2932537e-05
54011,209,1.0345305e-05
54011,210,1.4128254e-05
54011,211,1.3600307e-05
54011,212,2.3847404e-05
54011,213,3.425175e-05
54011,214,2.667726e-05
54011,215,3.4192428e-05
54017,73,0.043173954
54017,74,0.04552944
54017,75,0.045575313
54017,76,0.042709846
54017,77,0.03973507
54017,78,0.036942016
54017,79,0.034760445
54017,80,0.031854223
54017,81,0.02803811
54017,82,0.024616234
54017,83,0.020965548
54017,84,0.017990122
54017,85,0.01485387
54017,86,0.011900456
54017,87,0.010167327
54017,88,0.007784407
54017,89,0.0055524665
54017,90,0.0040737223
54017,91,0.0030706653
54017,92,0.002698598
54017,93,0.0025120014
54017,94,0.0021978768
54017,95,0.0018531453
54017,96,0.001569161
54017,97,0.0013496259
54017,98,0.001363297
54017,99,0.0012547416
54017,100,0.0010363394
54017,101,0.0010089546
54017,102,0.0010680371
54017,103,0.0011199107
54017,104,0.0013677913
54017,105,0.002076899
54017,106,0.0025320204
54017,107,0.0026286393
54017,108,0.0024400798
54017,109,0.0025596025
54017,110,0.002708616
54017,111,0.002871646
54017,112,0.002245378
54017,113,0.0019202797
54017,114,0.0016663076
54017,115,0.0014170425
54017,116,0.0012061246
54017,117,0.0009813003
54017,118,0.0009255814
54017,119,0.0009929327
54017,120,0.0011295925
54017,121,0.0013437698
54017,122,0.001417946
54017,123,0.0011228917
54017,124,0.000851919
54017,125,0.000641242
54017,126,0.0009867416
54017,127,0.0015749504
54017,128,0.0018280505
54017,129,0.002419193
54017,130,0.0037410054
54017,131,0.0052690757
54017,132,0.006539276
54017,133,0.007038755
54017,134,0.0070776665
54017,135,0.006637986
54017,136,0.006928803
54017,137,0.008997859
54017,138,0.014687827
54017,139,0.017741071
54017,140,0.031093813
54017,141,0.05034931
54017,142,0.06391744
54017,143,0.069932885
54017,144,0.070335284
54017,145,0.06870996
54017,146,0.0681148
54017,147,0.06486407
54017,148,0.06554124
54017,149,0.06653218
54017,150,0.066072494
54017,151,0.06739052
54017,152,0.06861134
54017,153,0.06998268
54017,154,0.07142697
54017,155,0.07103106
54017,156,0.067985356
54017,157,0.061621156
54017,158,0.055371914
54017,159,0.04704457
54017,160,0.03807386
54017,161,0.030280612
54017,162,0.024112111
54017,163,0.01933256
54017,164,0.015242652
54017,165,0.011237197
54017,166,0.009175317
54017,167,0.0083118575
54017,168,0.0071210633
54017,169,0.0055435747
54017,170,0.003830635
54017,171,0.0030296752
54017,172,0.0033373884
54017,173,0.0027482596
54017,174,0.0024736733
54017,175,0.0027483758
54017,176,0.0025594735
54017,177,0.002320601
54017,178,0.0020277614
54017,179,0.0016204268
54017,180,0.0013433864
54017,181,0.001292299
54017,182,0.0011445709
54017,183,0.0009764811
54017,184,0.00065386784
54017,185,0.00039265628
54017,186,0.0002716146
54017,187,9.748678e-05
54017,188,7.70438e-05
54017,189,4.637171e-05
54017,190,4.2713244e-05
54017,191,3.4107623e-05
54017,192,3.6880247e-05
54017,193,7.9838734e-05
54017,194,0.000109976565
54017,195,0.00013767114
54017,196,0.0001824606
54017,197,0.0001504609
54017,198,0.00012697215
54017,199,0.00017878402
54017,200,0.0003239164
54017,201,0.0004675501
54017,202,0.00053127436
54017,203,0.0005619648
54017,204,0.0006466906
54017,205,0.0005709661
54017,206,0.0005140693
54017,207,0.0004682653
54017,208,0.00044600226
54017,209,0.00023151381
54017,210,0.00016025476
54017,211,9.389257e-05
54017,212,6.926443e-05
54017,213,1.8691586e-05
54017,214,1.22998645e-05
54017,215,2.8745455e-05
54021,73,0.0012046833
54021,74,0.0007049822
54021,75,0.0006015856
54021,76,0.0006410206
54021,77,0.00073793205
54021,78,0.0010654641
54021,79,0.0011222379
54021,80,0.0020661443
54021,81,0.0025264607
54021,82,0.0027288857
54021,83,0.0025149416
54021,84,0.0027100744
54021,85,0.0026177724
54021,86,0.0023453827
54021,87,0.0021684426
54021,88,0.0016287315
54021,89,0.000896848
54021,90,0.00052957854
54021,91,0.00041065636
54021,92,0.0004537467
54021,93,0.0005249296
54021,94,0.00045680773
54021,95,0.00036168672
54021,96,0.00025724623
54021,97,0.00017230936
54021,98,0.00024972827
54021,99,0.0002941179
54021,100,0.0003404218
54021,101,0.00034406447
54021,102,0.00028379858
54021,103,0.00032917585
54021,104,0.00081455125
54021,105,0.0011514721
54021,106,0.0016193937
54021,107,0.0015831492
54021,108,0.0013832389
54021,109,0.0015990335
54021,110,0.0018971871
54021,111,0.002235985
54021,112,0.0022937087
54021,113,0.0022226973
54021,114,0.002108623
54021,115,0.0020392821
54021,116,0.0019650238
54021,117,0.001969902
54021,118,0.0021998645
54021,119,0.0025445798
54021,120,0.0029650896
54021,121,0.0035910169
54021,122,0.0038145431
54021,123,0.0034128844
54021,124,0.0030741966
54021,125,0.003064333
54021,126,0.004013329
54021,127,0.004463557
54021,128,0.0040384647
54021,129,0.004778355
54021,130,0.0066199806
54021,131,0.008883716
54021,132,0.010374129
54021,133,0.010714325
54021,134,0.010262465
54021,135,0.01023111
54021,136,0.009400436
54021,137,0.015164239
54021,138,0.025461802
54021,139,0.03225757
54021,140,0.05641312
54021,141,0.086277544
54021,142,0.10178025
54021,143,0.108280525
54021,144,0.11028808
54021,145,0.109620064
54021,146,0.11057299
54021,147,0.10921113
54021,148,0.10961277
54021,149,0.11171612
54021,150,0.111967556
54021,151,0.11356129
54021,152,0.11305338
54021,153,0.11156757
54021,154,0.11016349
54021,155,0.10790347
54021,156,0.10608526
54021,157,0.1028959
54021,158,0.09585144
54021,159,0.08676301
54021,160,0.07584305
54021,161,0.06534788
54021,162,0.056825753
54021,163,0.05072776
54021,164,0.04397295
54021,165,0.035758287
54021,166,0.030360868
54021,167,0.025473064
54021,168,0.020754544
54021,169,0.017982746
54021,170,0.014270232
54021,171,0.011361127
54021,172,0.010001561
54021,173,0.008634075
54021,174,0.007698319
54021,175,0.0073141647
54021,176,0.007092989
54021,177,0.0069289184
54021,178,0.006424051
54021,179,0.0057193963
54021,180,0.0051381458
54021,181,0.0049560755
54021,182,0.0042966427
54021,183,0.0035396572
54021,184,0.002551221
54021,185,0.0021024146
54021,186,0.0018075246
54021,187,0.0010817476
54021,188,0.00082517567
54021,189,0.00063977175
54021,190,0.0005790967
54021,191,0.00056487625
54021,192,0.0005567326
54021,193,0.00046781715
54021,194,0.0004012876
54021,195,0.00044547644
54021,196,0.0005209143
54021,197,0.0005262548
54021,198,0.0005465342
54021,199,0.00054126675
54021,200,0.0008941646
54021,201,0.0011596343
54021,202,0.001213568
54021,203,0.0013100721
54021,204,0.0012906594
54021,205,0.0010195922
54021,206,0.0008556652
54021,207,0.0005426639
54021,208,0.0004328574
54021,209,0.00021932309
54021,210,0.00018394187
54021,211,9.866735e-05
54021,212,5.2641677e-05
54021,213,4.000934e-05
54021,214,3.8727234e-05
54021,215,6.467266e-05
54049,73,0.0041606757
54049,74,0.0035727492
54049,75,0.0028709027
54049,76,0.0024267829
54049,77,0.0022847184
54049,78,0.0020719161
54049,79,0.001895871
54049,80,0.0017434345
54049,81,0.0014328653
54049,82,0.0013100491
54049,83,0.0011604041
54049,84,0.0010990007
54049,85,0.0010816685
54049,86,0.00090715045
54049,87,0.00094262935
54049,88,0.00089354714
54049,89,0.0008183888
54049,90,0.0006179387
54049,91,0.00032214285
54049,92,0.0002571377
54049,93,0.00022290056
54049,94,0.0002200203
54049,95,0.00016306074
54049,96,0.000117123614
54049,97,8.739336e-05
54049,98,8.467491e-05
54049,99,4.0339037e-05
54049,100,1.8082996e-05
54049,101,4.0292625e-06
54049,102,3.752199e-06
54049,103,2.0356442e-06
54049,104,1.8158634e-06
54049,105,4.5738702e-06
54049,106,6.402028e-06
54049,107,1.6175105e-05
54049,108,3.4863606e-05
54049,109,0.0001786672
54049,110,0.0004179486
54049,111,0.00065280293
54049,112,0.00056215236
54049,113,0.0004944679
54049,114,0.00043844886
54049,115,0.00041408453
54049,116,0.0003648562
54049,117,0.00038500194
54049,118,0.00037426047
54049,119,0.00036577348
54049,120,0.00049984024
54049,121,0.0007722333
54049,122,0.0009967419
54049,123,0.00085877324
54049,124,0.00070496934
54049,125,0.0005638514
54049,126,0.0006290748
54049,127,0.001290021
54049,128,0.0011096449
54049,129,0.0011433911
54049,130,0.0010217364
54049,131,0.0010021435
54049,132,0.0010008771
54049,133,0.00094257464
54049,134,0.0006887577
54049,135,0.00052544865
54049,136,0.00036258268
54049,137,0.00019007768
54049,138,0.00045597172
54049,139,0.0015461833
54049,140,0.0023510724
54049,141,0.0042264624
54049,142,0.004977108
54049,143,0.004810438
54049,144,0.003535173
54049,145,0.002891359
54049,146,0.002608196
54049,147,0.0021954114
54049,148,0.002041609
54049,149,0.0023666865
54049,150,0.0024379734
54049,151,0.002548191
54049,152,0.002452704
54049,153,0.0027012168
54049,154,0.0030678469
54049,155,0.0028457632
54049,156,0.00239532
54049,157,0.0019402524
54049,158,0.00154228
54049,159,0.0012116228
54049,160,0.00086324627
54049,161,0.00065197615
54049,162,0.0005520155
54049,163,0.00051207206
54049,164,0.00037245164
54049,165,0.00026787195
54049,166,0.00019725041
54049,167,0.0002644992
54049,168,0.00021550007
54049,169,0.00035041722
54049,170,0.00029711408
54049,171,0.00024173576
54049,172,0.00034364857
54049,173,0.0003226494
54049,174,0.0003869118
54049,175,0.00044112923
54049,176,0.00037408623
54049,177,0.0003063547
54049,178,0.00028527304
54049,179,0.00021874731
54049,180,0.00016911353
54049,181,0.0001429284
54049,182,0.00018896961
54049,183,0.0001794505
54049,184,0.00013143118
54049,185,0.00011110854
54049,186,0.000104904895
54049,187,4.7960846e-05
54049,188,5.2672283e-05
54049,189,4.084202e-05
54049,190,1.9643334e-05
54049,191,7.877416e-06
54049,192,1.8285727e-05
54049,193,2.708932e-05
54049,194,3.473663e-05
54049,195,4.5816734e-05
54049,196,6.329007e-05
54049,197,6.9568865e-05
54049,198,7.186819e-05
54049,199,0.0001333049
54049,200,0.00020838194
54049,201,0.00023647945
54049,202,0.00022791467
54049,203,0.00017294713
54049,204,0.00013997754
54049,205,0.00012504104
54049,206,0.00012584678
54049,207,9.2253395e-05
54049,208,6.770661e-05
54049,209,4.9171882e-05
54049,210,3.419643e-05
54049,211,3.2160493e-05
54049,212,2.1801263e-05
54049,213,3.5907746e-05
54049,214,2.3075072e-05
54049,215,3.618398e-05
54051,73,0.03609481
54051,74,0.040576372
54051,75,0.041924823
54051,76,0.04250469
54051,77,0.042720247
54051,78,0.042898107
54051,79,0.042456456
54051,80,0.041633084
54051,81,0.039662093
54051,82,0.038133662
54051,83,0.035688456
54051,84,0.032372523
54051,85,0.029241875
54051,86,0.025529196
54051,87,0.022162804
54051,88,0.018620633
54051,89,0.015400907
54051,90,0.011769476
54051,91,0.009274414
54051,92,0.0074735032
54051,93,0.0063008275
54051,94,0.0052833045
54051,95,0.0045719747
54051,96,0.0042740596
54051,97,0.003824437
54051,98,0.0034919765
54051,99,0.0030617253
54051,100,0.0025415977
54051,101,0.001834927
54051,102,0.0015453538
54051,103,0.0012733653
54051,104,0.0010273559
54051,105,0.001345774
54051,106,0.0015879518
54051,107,0.0016831792
54051,108,0.0017477738
54051,109,0.0025618658
54051,110,0.0031804808
54051,111,0.0033884475
54051,112,0.0031034735
54051,113,0.0026683656
54051,114,0.0026321975
54051,115,0.0027072132
54051,116,0.002536219
54051,117,0.002489672
54051,118,0.0024568348
54051,119,0.0024145315
54051,120,0.0026607544
54051,121,0.0027416775
54051,122,0.0028378994
54051,123,0.0027226314
54051,124,0.0024378325
54051,125,0.0022699574
54051,126,0.0031785083
54051,127,0.003166655
54051,128,0.002447186
54051,129,0.0021114277
54051,130,0.0021002428
54051,131,0.0024944306
54051,132,0.0025289701
54051,133,0.002216042
54051,134,0.0018310052
54051,135,0.0015027961
54051,136,0.0013097924
54051,137,0.0015974311
54051,138,0.0017015022
54051,139,0.002185116
54051,140,0.0036174369
54051,141,0.004494765
54051,142,0.0042852317
54051,143,0.0036933767
54051,144,0.0027769944
54051,145,0.0022213615
54051,146,0.0018001305
54051,147,0.0015449789
54051,148,0.0015416176
54051,149,0.0019354097
54051,150,0.0019801226
54051,151,0.0021446713
54051,152,0.0017797466
54051,153,0.0018004109
54051,154,0.0018146322
54051,155,0.0015422903
54051,156,0.0011908524
54051,157,0.0009785661
54051,158,0.00085912424
54051,159,0.00057942665
54051,160,0.0004612901
54051,161,0.00038855165
54051,162,0.0003286265
54051,163,0.00033167444
54051,164,0.00030273813
54051,165,0.0002933256
54051,166,0.00028711566
54051,167,0.00031511032
54051,168,0.00029006923
54051,169,0.00020199781
54051,170,0.0001691047
54051,171,0.00012668433
54051,172,0.000115191
54051,173,0.00013687652
54051,174,0.00017438304
54051,175,0.00024375162
54051,176,0.0002619287
54051,177,0.00023582486
54051,178,0.00026620092
54051,179,0.00021374339
54051,180,0.00016547658
54051,181,0.00013405424
54051,182,0.00013925612
54051,183,0.00014277952
54051,184,7.660901e-05
54051,185,4.526905e-05
54051,186,3.506357e-05
54051,187,3.5680012e-05
54051,188,3.9014834e-05
54051,189,4.6728135e-05
54051,190,2.8120314e-05
54051,191,2.0894511e-05
54051,192,2.8525888e-05
54051,193,2.7461025e-05
54051,194,3.3021304e-05
54051,195,3.1332915e-05
54051,196,3.2859272e-05
54051,197,3.5697452e-05
54051,198,4.5873672e-05
54051,199,5.6791905e-05
54051,200,9.593418e-05
54051,201,0.00012997875
54051,202,0.00017184675
54051,203,0.00013321404
54051,204,0.0001376152
54051,205,0.00017619734
54051,206,0.00012962747
54051,207,8.2880164e-05
54051,208,4.7097947e-05
54051,209,2.6905951e-05
54051,210,2.2770606e-05
54051,211,1.3582516e-05
54051,212,1.0802939e-05
54051,213,2.8558066e-05
54051,214,2.2116326e-05
54051,215,1.800276e-05
54061,73,0.0018878112
54061,74,0.001251588
54061,75,0.000818367
54061,76,0.000627914
54061,77,0.0005936893
54061,78,0.00055684394
54061,79,0.00047457367
54061,80,0.00039274708
54061,81,0.00033085325
54061,82,0.0003097667
54061,83,0.00031580415
54061,84,0.00031224347
54061,85,0.00033027216
54061,86,0.00028598364
54061,87,0.00028725556
54061,88,0.00028402708
54061,89,0.00024505737
54061,90,0.00018194788
54061,91,8.196544e-05
54061,92,6.182248e-05
54061,93,5.193446e-05
54061,94,4.119263e-05
54061,95,3.7513055e-05
54061,96,2.0460726e-05
54061,97,1.1355035e-05
54061,98,9.094811e-06
54061,99,5.770034e-06
54061,100,5.690726e-06
54061,101,3.038709e-06
54061,102,5.4853067e-06
54061,103,5.020689e-06
54061,104,4.8480874e-06
54061,105,5.8764763e-06
54061,106,6.8421855e-06
54061,107,9.768912e-06
54061,108,1.3598312e-05
54061,109,6.811219e-05
54061,110,0.00018077758
54061,111,0.00034134285
54061,112,0.00030637629
54061,113,0.00027488545
54061,114,0.00024772424
54061,115,0.0002527489
54061,116,0.00023714014
54061,117,0.00029731545
54061,118,0.0003194711
54061,119,0.0002851725
54061,120,0.00045919727
54061,121,0.0006992712
54061,122,0.0009187215
54061,123,0.00084617356
54061,124,0.0007249237
54061,125,0.00060606765
54061,126,0.0005777446
54061,127,0.0009937419
54061,128,0.0009154772
54061,129,0.0008602531
54061,130,0.0007673531
54061,131,0.0007293714
54061,132,0.00079872034
54061,133,0.00071767165
54061,134,0.0005108456
54061,135,0.00042238046
54061,136,0.00035451408
54061,137,0.00024852267
54061,138,0.00015610359
54061,139,0.00040939116
54061,140,0.00078635843
54061,141,0.002327399
54061,142,0.0037614456
54061,143,0.0039064493
54061,144,0.0028420044
54061,145,0.0023277127
54061,146,0.0023382069
54061,147,0.002221374
54061,148,0.0022331954
54061,149,0.0025469952
54061,150,0.002935404
54061,151,0.0032674328
54061,152,0.0030689805
54061,153,0.0029690422
54061,154,0.0029842898
54061,155,0.0026936233
54061,156,0.002076383
54061,157,0.0016514397
54061,158,0.0013591867
54061,159,0.001065757
54061,160,0.0008534642
54061,161,0.00064138207
54061,162,0.00052719325
54061,163,0.0005122902
54061,164,0.00043596092
54061,165,0.00031665523
54061,166,0.00022847051
54061,167,0.00023102754
54061,168,0.00022841191
54061,169,0.00023728602
54061,170,0.00021837058
54061,171,0.00023554573
54061,172,0.0002740038
54061,173,0.0002667364
54061,174,0.0003088268
54061,175,0.0003277779
54061,176,0.0002828167
54061,177,0.00023792003
54061,178,0.00023561408
54061,179,0.0001942645
54061,180,0.00015643305
54061,181,0.00013157714
54061,182,0.00018024558
54061,183,0.00016618469
54061,184,0.00012697291
54061,185,9.934537e-05
54061,186,8.2140694e-05
54061,187,7.458842e-05
54061,188,6.671059e-05
54061,189,7.3283074e-05
54061,190,4.4736058e-05
54061,191,2.7610084e-05
54061,192,3.2512045e-05
54061,193,3.6294186e-05
54061,194,2.324568e-05
54061,195,2.508095e-05
54061,196,3.2173863e-05
54061,197,3.6902675e-05
54061,198,4.7639398e-05
54061,199,7.2469484e-05
54061,200,0.000117703006
54061,201,0.00013767424
54061,202,0.00013984519
54061,203,0.00011306416
54061,204,9.214849e-05
54061,205,8.373615e-05
54061,206,8.3530955e-05
54061,207,6.9538335e-05
54061,208,5.210597e-05
54061,209,4.5144436e-05
54061,210,2.9501682e-05
54061,211,2.6733795e-05
54061,212,1.797901e-05
54061,213,3.7648068e-05
54061,214,2.6077721e-05
54061,215,3.7829464e-05
54065,73,0.0015472986
54065,74,0.00082964427
54065,75,0.0004402503
54065,76,0.00029012185
54065,77,0.0002350772
54065,78,0.0002364994
54065,79,0.00023506908
54065,80,0.0002891522
54065,81,0.00029158092
54065,82,0.0002912172
54065,83,0.0002769214
54065,84,0.0002197659
54065,85,0.00016533042
54065,86,0.00020155712
54065,87,0.00016891843
54065,88,0.00015456129
54065,89,0.0001476365
54065,90,0.00016312985
54065,91,0.000109547604
54065,92,7.76495e-05
54065,93,6.536326e-05
54065,94,6.429779e-05
54065,95,3.856611e-05
54065,96,2.6272612e-05
54065,97,2.6709935e-05
54065,98,3.5237583e-05
54065,99,4.2590746e-05
54065,100,6.286998e-05
54065,101,0.000113048445
54065,102,0.0001200836
54065,103,0.0001498523
54065,104,0.00029076787
54065,105,0.0003345279
54065,106,0.0002888135
54065,107,0.00023828488
54065,108,0.00022468112
54065,109,0.00020163255
54065,110,0.00020365947
54065,111,0.00021032212
54065,112,0.00019262733
54065,113,0.00020451895
54065,114,0.00023058869
54065,115,0.0002789349
54065,116,0.0003319904
54065,117,0.0003644474
54065,118,0.0004167228
54065,119,0.000562776
54065,120,0.00068186136
54065,121,0.0006417549
54065,122,0.00057054014
54065,123,0.0006165169
54065,124,0.00052858255
54065,125,0.0005335554
54065,126,0.00042316274
54065,127,0.00038865715
54065,128,0.0004138061
54065,129,0.00039607694
54065,130,0.00043791244
54065,131,0.00040533085
54065,132,0.00039849948
54065,133,0.00027553574
54065,134,0.0002973604
54065,135,0.00016825176
54065,136,0.00010881998
54065,137,0.00017550869
54065,138,0.00023933592
54065,139,0.00019528643
54065,140,0.00021057882
54065,141,0.00025628888
54065,142,0.001333489
54065,143,0.001816186
54065,144,0.0018388123
54065,145,0.001844886
54065,146,0.0014551999
54065,147,0.0013911846
54065,148,0.0013280901
54065,149,0.0012914423
54065,150,0.0011463999
54065,151,0.0012194491
54065,152,0.0011776917
54065,153,0.0011163235
54065,154,0.0011018895
54065,155,0.0010417242
54065,156,0.0010621102
54065,157,0.001101732
54065,158,0.0011939423
54065,159,0.0010252821
54065,160,0.00078608113
54065,161,0.00048124947
54065,162,0.0002962612
54065,163,0.00019605178
54065,164,0.00014380996
54065,165,0.00011807804
54065,166,0.00012032572
54065,167,0.00019340852
54065,168,0.0002636929
54065,169,0.00017548692
54065,170,0.00031745923
54065,171,0.00028671775
54065,172,0.00045828533
54065,173,0.00035909485
54065,174,0.00031318344
54065,175,0.00026715072
54065,176,0.00048579831
54065,177,0.00040664515
54065,178,0.00032475058
54065,179,0.000281024
54065,180,0.00021425037
54065,181,0.00023328135
54065,182,0.0001952974
54065,183,0.00023434845
54065,184,0.00022928441
54065,185,0.00023861194
54065,186,0.0001349897
54065,187,7.265589e-05
54065,188,2.5553918e-05
54065,189,2.2012775e-05
54065,190,1.41031605e-05
54065,191,1.0186578e-05
54065,192,6.9770945e-06
54065,193,6.547501e-06
54065,194,7.209032e-06
54065,195,6.6343223e-06
54065,196,4.6803825e-06
54065,197,2.529473e-06
54065,198,2.3973291e-06
54065,199,3.284243e-06
54065,200,1.0490526e-05
54065,201,1.4644882e-05
54065,202,3.1805317e-05
54065,203,8.256137e-05
54065,204,9.7002456e-05
54065,205,0.00014507529
54065,206,0.00029430163
54065,207,0.000370235
54065,208,0.00029264658
54065,209,0.00021433852
54065,210,0.00013981947
54065,211,5.078918e-05
54065,212,4.711659e-05
54065,213,3.8058446e-05
54065,214,4.340283e-05
54065,215,2.5443289e-05
