fipsCode,hour,osi_pred
18001,73,0.0072434763
18001,74,0.009113519
18001,75,0.0090696765
18001,76,0.0076248734
18001,77,0.006358572
18001,78,0.00609872
18001,79,0.0060223583
18001,80,0.004903654
18001,81,0.004067665
18001,82,0.0038624324
18001,83,0.0038669703
18001,84,0.003514891
18001,85,0.0033741952
18001,86,0.0023096292
18001,87,0.0020638155
18001,88,0.0019372423
18001,89,0.0017527188
18001,90,0.0016607946
18001,91,0.0015100491
18001,92,0.0013976564
18001,93,0.0013747801
18001,94,0.0012088257
18001,95,0.0011849361
18001,96,0.001114076
18001,97,0.0008305729
18001,98,0.00059212785
18001,99,0.0006302741
18001,100,0.00040245694
18001,101,0.00028315326
18001,102,0.00020435831
18001,103,0.0
18001,104,0.00016574761
18001,105,0.0
18001,106,0.0
18001,107,0.00015549739
18001,108,0.001643464
18001,109,0.0030669924
18001,110,0.0030463398
18001,111,0.0028202077
18001,112,0.0020694311
18001,113,0.0021854923
18001,114,0.0021825577
18001,115,0.0023993533
18001,116,0.0025011196
18001,117,0.002096165
18001,118,0.0018352926
18001,119,0.0030595663
18001,120,0.0014769201
18001,121,0.0018918855
18001,122,0.0026942538
18001,123,0.003100085
18001,124,0.0029539838
18001,125,0.0032606039
18001,126,0.0035303629
18001,127,0.0035838655
18001,128,0.0031730572
18001,129,0.0024905975
18001,130,0.0019450804
18001,131,0.0015546256
18001,132,0.0012247876
18001,133,0.00083091826
18001,134,0.000569061
18001,135,0.0007162594
18001,136,0.0006206405
18001,137,0.000969964
18001,138,0.0005803478
18001,139,0.00053281966
18001,140,0.0009724506
18001,141,0.0012413542
18001,142,0.0009477669
18001,143,0.00058056595
18001,144,6.578505e-05
18001,145,0.00011813224
18001,146,0.00062055985
18001,147,0.0008332956
18001,148,0.00049491896
18001,149,0.00037193616
18001,150,0.00040479182
18001,151,0.00016267141
18001,152,0.0
18001,153,0.0
18001,154,7.925649e-05
18001,155,8.581758e-05
18001,156,0.0
18001,157,0.00019087216
18001,158,0.00016890267
18001,159,0.00020403246
18001,160,0.0
18001,161,0.0
18001,162,0.00022757014
18001,163,0.00023700098
18001,164,0.0002982984
18001,165,0.0003454141
18001,166,0.00034248727
18001,167,0.00036586245
18001,168,0.00014163811
18001,169,0.00024559698
18001,170,0.0003542654
18001,171,0.0001991119
18001,172,9.030123e-05
18001,173,0.0
18001,174,0.0
18001,175,0.0
18001,176,0.0
18001,177,0.0
18001,178,0.00012607794
18001,179,9.90361e-05
18001,180,1.5653572e-05
18001,181,7.3592666e-05
18001,182,0.00010491312
18001,183,0.0
18001,184,0.0
18001,185,0.0
18001,186,2.4247169e-05
18001,187,0.000102218386
18001,188,0.00010425191
18001,189,0.00033134044
18001,190,0.0004778741
18001,191,0.0003653713
18001,192,0.00032199282
18001,193,0.0001802069
18001,194,0.00024274847
18001,195,0.00023510396
18001,196,0.00031734307
18001,197,0.00014405887
18001,198,0.00049259205
18001,199,7.618964e-05
18001,200,0.0
18001,201,0.00011428952
18001,202,8.67631e-05
18001,203,0.000121885736
18001,204,0.0
18001,205,0.0
18001,206,0.0
18001,207,0.0
18001,208,0.0
18001,209,0.0
18001,210,0.0
18001,211,0.0
18001,212,1.1659065e-05
18001,213,0.00016525945
18001,214,0.0
18001,215,7.711808e-05
18003,73,0.010780344
18003,74,0.010082033
18003,75,0.009139183
18003,76,0.008555461
18003,77,0.0082640685
18003,78,0.007908178
18003,79,0.007821899
18003,80,0.0068598078
18003,81,0.0059196968
18003,82,0.004812535
18003,83,0.0040896926
18003,84,0.0038395873
18003,85,0.003491192
18003,86,0.0027918508
18003,87,0.002382093
18003,88,0.0021873557
18003,89,0.0021161104
18003,90,0.0018395704
18003,91,0.0016137267
18003,92,0.0015236657
18003,93,0.0014700145
18003,94,0.0008524545
18003,95,0.0014029016
18003,96,0.0014937663
18003,97,0.0013067073
18003,98,0.0011838756
18003,99,0.0011040601
18003,100,0.0010026753
18003,101,0.00074124197
18003,102,0.0006632102
18003,103,0.00031515618
18003,104,4.0714145e-05
18003,105,0.0
18003,106,0.0
18003,107,0.0
18003,108,0.00025754413
18003,109,0.0009916809
18003,110,0.0018531429
18003,111,0.0017685972
18003,112,0.0015881364
18003,113,0.0016001416
18003,114,0.0016299676
18003,115,0.0013832839
18003,116,0.0007218333
18003,117,0.0007818971
18003,118,0.00045386652
18003,119,0.00056062656
18003,120,0.00044858386
18003,121,0.0007198275
18003,122,0.00028856276
18003,123,0.0003058984
18003,124,0.00025676945
18003,125,0.00016698262
18003,126,0.00029901287
18003,127,0.0003426562
18003,128,0.0006052804
18003,129,0.000620743
18003,130,0.0005949364
18003,131,0.000437185
18003,132,0.00040590524
18003,133,0.00016484657
18003,134,0.00010224779
18003,135,5.3662858e-05
18003,136,0.0
18003,137,0.0
18003,138,0.0
18003,139,0.0
18003,140,0.0
18003,141,0.0
18003,142,0.0
18003,143,0.0
18003,144,0.0
18003,145,0.0
18003,146,0.0
18003,147,0.0
18003,148,0.0
18003,149,0.0
18003,150,7.8866884e-05
18003,151,0.0
18003,152,0.0
18003,153,0.0
18003,154,0.0
18003,155,0.0
18003,156,0.0
18003,157,0.0
18003,158,0.0
18003,159,0.0
18003,160,0.0
18003,161,0.0
18003,162,0.0
18003,163,0.0
18003,164,0.0
18003,165,0.0
18003,166,0.00011928062
18003,167,0.00011875034
18003,168,1.1849403e-06
18003,169,7.017593e-05
18003,170,2.6382406e-05
18003,171,0.0
18003,172,0.0
18003,173,0.0
18003,174,0.0
18003,175,0.0
18003,176,0.0
18003,177,0.0
18003,178,0.0
18003,179,0.0
18003,180,0.0
18003,181,0.0
18003,182,0.0
18003,183,0.0
18003,184,0.0
18003,185,0.0
18003,186,0.0
18003,187,0.0
18003,188,0.0
18003,189,9.3460085e-07
18003,190,0.00015145083
18003,191,0.00017569086
18003,192,0.00017741403
18003,193,0.00016357184
18003,194,0.00014546791
18003,195,0.0002394686
18003,196,0.00027170382
18003,197,0.0010472777
18003,198,0.0004098743
18003,199,0.0
18003,200,0.0
18003,201,0.0
18003,202,5.295336e-05
18003,203,0.0
18003,204,0.0
18003,205,0.0
18003,206,4.9180388e-05
18003,207,0.0
18003,208,0.0
18003,209,0.0
18003,210,0.0
18003,211,0.0
18003,212,0.0
18003,213,0.0
18003,214,0.0
18003,215,0.0
18005,73,0.00043964427
18005,74,0.00036462027
18005,75,0.00035414236
18005,76,0.00041844975
18005,77,0.00069668866
18005,78,0.000544598
18005,79,0.00063945056
18005,80,0.0006446902
18005,81,0.00064162706
18005,82,0.00059067545
18005,83,0.0006188746
18005,84,0.0005180021
18005,85,0.0004964568
18005,86,0.0005042428
18005,87,0.00052610954
18005,88,0.00050555903
18005,89,0.00028497895
18005,90,0.0002944416
18005,91,0.00038168448
18005,92,0.00041313845
18005,93,0.00039547245
18005,94,0.0002555859
18005,95,0.00020357867
18005,96,0.00018594881
18005,97,0.00025866748
18005,98,0.0002333357
18005,99,0.0002703204
18005,100,0.00022132775
18005,101,0.00013098876
18005,102,0.0
18005,103,0.0
18005,104,0.0
18005,105,0.0
18005,106,0.00021087765
18005,107,0.0016734732
18005,108,0.008333405
18005,109,0.018936172
18005,110,0.025851361
18005,111,0.024741342
18005,112,0.020479886
18005,113,0.015874477
18005,114,0.014008526
18005,115,0.01180272
18005,116,0.0088966545
18005,117,0.007051875
18005,118,0.007157852
18005,119,0.008040005
18005,120,0.010782126
18005,121,0.009573307
18005,122,0.008725759
18005,123,0.007727038
18005,124,0.005811859
18005,125,0.004702561
18005,126,0.004425973
18005,127,0.004326353
18005,128,0.0037946394
18005,129,0.0032632276
18005,130,0.0029176157
18005,131,0.0024383813
18005,132,0.0018298178
18005,133,0.0012845952
18005,134,0.0009090684
18005,135,0.00084266387
18005,136,0.00079301914
18005,137,0.0006298828
18005,138,0.00041974962
18005,139,0.00020419975
18005,140,0.00016485115
18005,141,0.00012461841
18005,142,9.718597e-05
18005,143,0.0
18005,144,1.9145607e-05
18005,145,2.472381e-05
18005,146,0.00013563294
18005,147,0.00025819917
18005,148,0.00044745384
18005,149,0.00044267933
18005,150,0.00045004446
18005,151,0.00059696956
18005,152,0.0006564329
18005,153,0.00061049423
18005,154,0.00018904486
18005,155,0.0
18005,156,2.0176172e-05
18005,157,0.00019747853
18005,158,0.000336442
18005,159,0.00020651639
18005,160,0.00017656764
18005,161,0.00026980817
18005,162,0.00045700054
18005,163,0.0004880647
18005,164,0.0006118892
18005,165,0.00065998436
18005,166,0.000453855
18005,167,0.00028293172
18005,168,0.00032265502
18005,169,0.00023408612
18005,170,0.0001823624
18005,171,6.159047e-05
18005,172,8.580685e-06
18005,173,8.7159475e-05
18005,174,1.6274253e-05
18005,175,2.730449e-05
18005,176,0.0
18005,177,0.0
18005,178,0.0
18005,179,0.0
18005,180,3.925681e-05
18005,181,0.0
18005,182,0.0
18005,183,0.0
18005,184,0.0
18005,185,1.565814e-06
18005,186,3.4712357e-05
18005,187,0.000117660566
18005,188,0.0
18005,189,3.4226377e-05
18005,190,5.2425465e-05
18005,191,4.327754e-05
18005,192,0.0
18005,193,0.0
18005,194,1.1950335e-05
18005,195,5.0921044e-05
18005,196,0.0
18005,197,0.0
18005,198,0.0
18005,199,0.0
18005,200,0.0
18005,201,0.0
18005,202,0.0
18005,203,0.0
18005,204,0.00018065909
18005,205,5.0052007e-05
18005,206,0.0
18005,207,6.833275e-06
18005,208,0.0
18005,209,0.000117282674
18005,210,0.0001841422
18005,211,7.30598e-05
18005,212,7.7802935e-05
18005,213,0.0
18005,214,0.0
18005,215,0.0
18007,73,0.0
18007,74,0.0
18007,75,0.0
18007,76,0.0
18007,77,0.0
18007,78,0.0
18007,79,0.0
18007,80,0.0
18007,81,0.0
18007,82,0.0
18007,83,0.00032194567
18007,84,0.0007710268
18007,85,0.0006060784
18007,86,0.00060233934
18007,87,0.00043941755
18007,88,0.00054375967
18007,89,0.00018823227
18007,90,0.00041262317
18007,91,2.0245116e-05
18007,92,0.0
18007,93,0.0
18007,94,0.0
18007,95,0.0
18007,96,0.0
18007,97,0.0
18007,98,0.0
18007,99,0.0
18007,100,0.0
18007,101,0.0
18007,102,0.0
18007,103,0.0
18007,104,0.0
18007,105,0.0
18007,106,0.0003672816
18007,107,0.0007830382
18007,108,0.0015844617
18007,109,0.002097533
18007,110,0.002089891
18007,111,0.0022596926
18007,112,0.0022451098
18007,113,0.0022055737
18007,114,0.0022168767
18007,115,0.0020833742
18007,116,0.001189239
18007,117,0.0
18007,118,0.0
18007,119,0.0
18007,120,0.0
18007,121,0.0
18007,122,0.0
18007,123,0.000409504
18007,124,0.0007565578
18007,125,0.0010425431
18007,126,0.001250786
18007,127,0.0017097609
18007,128,0.0019740777
18007,129,0.0021031701
18007,130,0.0016475744
18007,131,0.0015114141
18007,132,0.0017493637
18007,133,0.0017983199
18007,134,0.0013776447
18007,135,0.0012273523
18007,136,0.0009065366
18007,137,0.0006175838
18007,138,0.00045856475
18007,139,0.00013518632
18007,140,0.0
18007,141,0.0
18007,142,0.0
18007,143,0.0
18007,144,0.0
18007,145,0.0
18007,146,0.0
18007,147,0.0
18007,148,0.0
18007,149,0.0
18007,150,3.3541124e-05
18007,151,0.0003883453
18007,152,0.00064551854
18007,153,0.0010169679
18007,154,0.0008265395
18007,155,0.0007297918
18007,156,0.00032995563
18007,157,0.0
18007,158,0.0
18007,159,0.0
18007,160,0.0
18007,161,0.00019479492
18007,162,0.0003584363
18007,163,0.0004488923
18007,164,0.00037780523
18007,165,7.414182e-05
18007,166,2.6550095e-05
18007,167,0.0
18007,168,0.0
18007,169,0.0
18007,170,0.0
18007,171,0.0
18007,172,8.862376e-05
18007,173,5.2711566e-05
18007,174,0.0
18007,175,0.0
18007,176,0.0010237944
18007,177,0.0009178575
18007,178,0.0006844036
18007,179,0.00022532999
18007,180,0.00022447766
18007,181,0.00014216681
18007,182,2.1179914e-05
18007,183,0.0
18007,184,0.0
18007,185,0.0
18007,186,0.0
18007,187,0.0
18007,188,0.0
18007,189,0.0
18007,190,0.0
18007,191,0.0
18007,192,0.0
18007,193,0.0
18007,194,0.0
18007,195,0.0
18007,196,0.0
18007,197,0.0
18007,198,0.0
18007,199,0.0
18007,200,0.0
18007,201,0.0
18007,202,3.2007694e-05
18007,203,0.00017678221
18007,204,0.0004256175
18007,205,0.0004886105
18007,206,0.00057289796
18007,207,0.0003748842
18007,208,0.0005324244
18007,209,0.00057892187
18007,210,0.0005139077
18007,211,2.2975404e-05
18007,212,0.0
18007,213,0.0
18007,214,0.0
18007,215,0.0
18011,73,0.00053930294
18011,74,0.0
18011,75,0.0
18011,76,0.0005013879
18011,77,0.000751757
18011,78,0.00062433264
18011,79,0.00048284727
18011,80,0.00044139725
18011,81,0.00043503125
18011,82,0.0004902101
18011,83,0.0005185634
18011,84,0.00046943128
18011,85,0.00047199326
18011,86,0.00047965307
18011,87,0.00058844953
18011,88,0.0003676939
18011,89,0.00022525986
18011,90,0.00032686949
18011,91,0.00034338157
18011,92,0.00017472029
18011,93,0.000112881855
18011,94,0.00010045707
18011,95,8.368075e-05
18011,96,0.00020091633
18011,97,0.00016001085
18011,98,0.00017423669
18011,99,0.00022399107
18011,100,0.00021571637
18011,101,0.00016673148
18011,102,0.0
18011,103,0.0
18011,104,0.0
18011,105,0.0
18011,106,0.00022374868
18011,107,0.00076631666
18011,108,0.0012036548
18011,109,0.0013875089
18011,110,0.0014313561
18011,111,0.0013424993
18011,112,0.0014904627
18011,113,0.0014161563
18011,114,0.0012551859
18011,115,0.0012205564
18011,116,0.0013299515
18011,117,0.0015991323
18011,118,0.0019854384
18011,119,0.0021547675
18011,120,0.0012620346
18011,121,0.00154991
18011,122,0.0012377307
18011,123,0.00070167327
18011,124,0.00045923213
18011,125,0.0005384019
18011,126,0.00051702233
18011,127,0.0005460292
18011,128,0.00047793688
18011,129,0.00039126317
18011,130,0.00023933232
18011,131,0.00015016396
18011,132,0.00013012468
18011,133,3.3637683e-05
18011,134,0.0
18011,135,0.0
18011,136,0.0
18011,137,0.0
18011,138,0.0
18011,139,0.0
18011,140,0.0
18011,141,0.0
18011,142,0.0
18011,143,0.0
18011,144,0.0
18011,145,0.0
18011,146,0.0
18011,147,0.0
18011,148,0.0
18011,149,0.0
18011,150,0.0
18011,151,0.0
18011,152,0.0
18011,153,0.0
18011,154,0.0
18011,155,0.0
18011,156,0.0
18011,157,0.0
18011,158,0.0
18011,159,0.0
18011,160,8.6933374e-05
18011,161,0.00015884876
18011,162,0.00021481574
18011,163,0.00011722167
18011,164,0.0001721706
18011,165,0.00016964614
18011,166,8.33406e-05
18011,167,5.2592157e-05
18011,168,0.00015011907
18011,169,0.00016142627
18011,170,8.0727536e-05
18011,171,0.0
18011,172,7.2067975e-05
18011,173,0.0
18011,174,0.0
18011,175,0.0
18011,176,0.0
18011,177,0.0
18011,178,0.0
18011,179,0.0
18011,180,0.0
18011,181,0.0
18011,182,0.0
18011,183,0.0
18011,184,0.0
18011,185,0.0
18011,186,0.0
18011,187,0.0
18011,188,0.0
18011,189,5.9758226e-05
18011,190,0.0001835694
18011,191,0.00012980064
18011,192,3.759563e-05
18011,193,0.00013702929
18011,194,0.00012992024
18011,195,0.00021241048
18011,196,0.00020103077
18011,197,0.00021740177
18011,198,0.00014166792
18011,199,0.00014678638
18011,200,0.00010333557
18011,201,2.6817124e-05
18011,202,3.100117e-05
18011,203,0.00013291537
18011,204,0.0
18011,205,8.842707e-05
18011,206,9.657125e-05
18011,207,7.678747e-05
18011,208,0.0
18011,209,0.0
18011,210,8.097092e-05
18011,211,0.0001722596
18011,212,0.00026423673
18011,213,8.888841e-05
18011,214,0.0
18011,215,6.030202e-06
18015,73,0.0009706557
18015,74,0.0022909117
18015,75,0.00281988
18015,76,0.002195673
18015,77,0.0012238928
18015,78,0.0016277514
18015,79,0.0015334861
18015,80,0.00057997904
18015,81,0.0012493881
18015,82,0.0016439924
18015,83,0.0013632579
18015,84,0.0013289441
18015,85,0.0010127157
18015,86,0.00082181493
18015,87,0.00081770413
18015,88,0.0007504912
18015,89,0.000610225
18015,90,0.0006237185
18015,91,0.0006840364
18015,92,0.0006345675
18015,93,0.0005506883
18015,94,0.00045843064
18015,95,0.00038334113
18015,96,0.000224998
18015,97,0.0003200837
18015,98,0.0002403011
18015,99,0.000363277
18015,100,0.00030366858
18015,101,0.0002844479
18015,102,0.0
18015,103,0.0
18015,104,0.0
18015,105,0.00011777957
18015,106,0.00031346362
18015,107,0.0010033501
18015,108,0.0014594006
18015,109,0.0020067168
18015,110,0.0017495032
18015,111,0.0018433285
18015,112,0.0020850052
18015,113,0.0005841923
18015,114,0.002240061
18015,115,0.0025093139
18015,116,0.0025456338
18015,117,0.0021362782
18015,118,0.0023147324
18015,119,0.0019432514
18015,120,0.0018452961
18015,121,0.0017436934
18015,122,0.0014409433
18015,123,0.0011842896
18015,124,0.0013360344
18015,125,0.0012673712
18015,126,0.0012256564
18015,127,0.0012260879
18015,128,0.0009811767
18015,129,0.00084793125
18015,130,0.0005414583
18015,131,0.00029829642
18015,132,0.00036312462
18015,133,0.0004268499
18015,134,0.00029529948
18015,135,2.9331248e-05
18015,136,0.00020480255
18015,137,0.000116704105
18015,138,0.00022292635
18015,139,0.0001772666
18015,140,0.0002896148
18015,141,0.0003077044
18015,142,0.00030721782
18015,143,0.0005266541
18015,144,0.0003389631
18015,145,0.00029487073
18015,146,0.00013849456
18015,147,0.00015994093
18015,148,0.0
18015,149,0.0
18015,150,0.0
18015,151,8.0726546e-05
18015,152,0.0
18015,153,8.203964e-05
18015,154,7.141292e-05
18015,155,7.384777e-05
18015,156,0.000261996
18015,157,0.00024819432
18015,158,8.952181e-05
18015,159,0.0001282233
18015,160,5.1801006e-05
18015,161,0.00034841002
18015,162,0.0004290521
18015,163,0.00029637158
18015,164,0.00036472897
18015,165,0.0003217457
18015,166,0.00027792
18015,167,0.00015845576
18015,168,0.00011084695
18015,169,0.00018619857
18015,170,3.657182e-05
18015,171,0.0
18015,172,0.0
18015,173,0.0
18015,174,0.00025487304
18015,175,4.6076773e-05
18015,176,1.7168919e-05
18015,177,0.00022684991
18015,178,2.813339e-07
18015,179,0.0
18015,180,6.978313e-05
18015,181,0.00016281486
18015,182,0.00017005762
18015,183,0.0001697445
18015,184,2.9136141e-05
18015,185,1.3788541e-07
18015,186,0.0
18015,187,0.0
18015,188,0.0
18015,189,6.24915e-05
18015,190,0.0001756207
18015,191,0.0001533689
18015,192,1.8056431e-05
18015,193,6.294409e-05
18015,194,0.0
18015,195,6.379426e-05
18015,196,0.0
18015,197,0.0
18015,198,0.0
18015,199,0.0
18015,200,0.0
18015,201,0.0
18015,202,5.790651e-05
18015,203,0.0003803444
18015,204,0.0007516571
18015,205,0.00040100218
18015,206,0.00012855191
18015,207,9.360254e-05
18015,208,0.0
18015,209,5.254964e-05
18015,210,0.00024264118
18015,211,7.6409575e-05
18015,212,0.00021455169
18015,213,0.00015269041
18015,214,9.153704e-05
18015,215,0.00020986536
18017,73,0.0023858035
18017,74,0.0045003057
18017,75,0.003821784
18017,76,0.002725959
18017,77,0.00265542
18017,78,0.001996518
18017,79,0.0021709795
18017,80,0.0013559975
18017,81,0.0014414809
18017,82,0.0015914659
18017,83,0.0017075028
18017,84,0.0015438322
18017,85,0.0013479333
18017,86,0.0010967136
18017,87,0.0010199201
18017,88,0.0011131671
18017,89,0.00093891285
18017,90,0.0008413842
18017,91,0.0008525523
18017,92,0.0007099698
18017,93,0.000569217
18017,94,0.00048505235
18017,95,0.00047083717
18017,96,0.0004066978
18017,97,0.0004460917
18017,98,0.00023055355
18017,99,0.00019294441
18017,100,0.00016129753
18017,101,0.00018040597
18017,102,0.0
18017,103,0.0
18017,104,0.0
18017,105,4.177908e-05
18017,106,0.00022686324
18017,107,0.0008261446
18017,108,0.0013252284
18017,109,0.0020378388
18017,110,0.0017633474
18017,111,0.0020372178
18017,112,0.002282893
18017,113,0.0014146721
18017,114,0.0025216509
18017,115,0.0025327532
18017,116,0.0023812784
18017,117,0.0018730307
18017,118,0.001363468
18017,119,0.0
18017,120,0.0
18017,121,0.00040712158
18017,122,0.0010098382
18017,123,0.00096834684
18017,124,0.0010234518
18017,125,0.0011334119
18017,126,0.0011150456
18017,127,0.0012227899
18017,128,0.0011123713
18017,129,0.0008953752
18017,130,0.00064969336
18017,131,0.0006316241
18017,132,0.00056977314
18017,133,0.00041300297
18017,134,0.00047493397
18017,135,0.00040047706
18017,136,0.00037557463
18017,137,0.00040328605
18017,138,0.00048181158
18017,139,0.00030005953
18017,140,0.00046000618
18017,141,0.0003787182
18017,142,0.00032015186
18017,143,0.00045163571
18017,144,0.0004889192
18017,145,0.00042639178
18017,146,5.1252842e-05
18017,147,6.89282e-05
18017,148,0.0
18017,149,0.0
18017,150,6.258726e-05
18017,151,0.0
18017,152,0.0
18017,153,0.0001399976
18017,154,0.0003136249
18017,155,0.00026817896
18017,156,0.0002154851
18017,157,0.00014148791
18017,158,5.1448746e-06
18017,159,0.00012573857
18017,160,0.00013376176
18017,161,0.0003789572
18017,162,0.00047718783
18017,163,0.00042719583
18017,164,0.0005493738
18017,165,0.00037734074
18017,166,0.00027292848
18017,167,0.00020009061
18017,168,0.00021398744
18017,169,0.00025859513
18017,170,9.264588e-05
18017,171,5.0792893e-05
18017,172,8.805394e-06
18017,173,0.0002021555
18017,174,0.00032828908
18017,175,0.00022679726
18017,176,0.00020955682
18017,177,0.0002809463
18017,178,0.00024284741
18017,179,0.00012706817
18017,180,0.00022941193
18017,181,0.00026356577
18017,182,0.00018683315
18017,183,0.00021475951
18017,184,0.00024876476
18017,185,0.00016020873
18017,186,0.0
18017,187,0.0
18017,188,0.0
18017,189,8.881728e-05
18017,190,0.00017018458
18017,191,0.00019726495
18017,192,0.000121746656
18017,193,6.055633e-05
18017,194,0.00013766786
18017,195,2.8752487e-05
18017,196,0.0
18017,197,0.0
18017,198,0.0
18017,199,0.0
18017,200,0.0
18017,201,1.591126e-05
18017,202,0.00036482394
18017,203,0.00032408416
18017,204,0.00028437018
18017,205,0.00032559532
18017,206,0.0002869896
18017,207,0.00039016167
18017,208,0.000332159
18017,209,0.00022225062
18017,210,0.0005895068
18017,211,0.0002150633
18017,212,0.00016919473
18017,213,0.00030293583
18017,214,0.00034712176
18017,215,0.00024079184
18019,73,0.0009821353
18019,74,0.00064971327
18019,75,0.00062552013
18019,76,0.0006123359
18019,77,0.00076571584
18019,78,0.0008597928
18019,79,0.0007107034
18019,80,0.00063664175
18019,81,0.0005768609
18019,82,0.00044912894
18019,83,0.00058421073
18019,84,0.00063406845
18019,85,0.00037212134
18019,86,0.00025743604
18019,87,0.00024121701
18019,88,0.00015662392
18019,89,0.00019971153
18019,90,9.334286e-06
18019,91,0.00010204713
18019,92,6.471574e-05
18019,93,0.0
18019,94,0.0
18019,95,0.0
18019,96,0.0
18019,97,5.6207977e-05
18019,98,8.192917e-05
18019,99,0.0
18019,100,0.0
18019,101,0.0
18019,102,0.0
18019,103,0.0
18019,104,0.0
18019,105,0.0
18019,106,0.0
18019,107,0.00043545465
18019,108,0.0021846823
18019,109,0.005332089
18019,110,0.006717278
18019,111,0.006190888
18019,112,0.0060118623
18019,113,0.006115615
18019,114,0.00558932
18019,115,0.004564462
18019,116,0.0034700409
18019,117,0.0032517079
18019,118,0.0031312308
18019,119,0.0028617098
18019,120,0.003494556
18019,121,0.0031872413
18019,122,0.0029886365
18019,123,0.002948417
18019,124,0.0025422752
18019,125,0.002177448
18019,126,0.0018680198
18019,127,0.0017044838
18019,128,0.0013978969
18019,129,0.0010732666
18019,130,0.0009256697
18019,131,0.00086320186
18019,132,0.00072150864
18019,133,0.0005576551
18019,134,0.00031642694
18019,135,0.00036545773
18019,136,0.00036602616
18019,137,0.00011622946
18019,138,0.00016296604
18019,139,0.0001416566
18019,140,0.0
18019,141,0.0
18019,142,7.923583e-05
18019,143,0.00014861743
18019,144,1.955231e-05
18019,145,0.00019439141
18019,146,0.00017380595
18019,147,0.00024194478
18019,148,0.0003835404
18019,149,0.00040997844
18019,150,0.00047398746
18019,151,0.00042601267
18019,152,0.00016293208
18019,153,0.0002519987
18019,154,0.00027135373
18019,155,0.0001499786
18019,156,5.8424273e-05
18019,157,0.0002404525
18019,158,0.00036138773
18019,159,0.0004283456
18019,160,0.00040097375
18019,161,0.00024017313
18019,162,0.00038371366
18019,163,0.0005155265
18019,164,0.0005913965
18019,165,0.00048630635
18019,166,7.756353e-06
18019,167,4.5135417e-05
18019,168,0.00025012114
18019,169,0.00027706227
18019,170,0.00025079428
18019,171,0.0002388823
18019,172,0.00018031796
18019,173,5.1365296e-06
18019,174,0.0
18019,175,0.0
18019,176,0.0
18019,177,0.0
18019,178,0.0
18019,179,0.0
18019,180,0.0
18019,181,0.0
18019,182,0.0
18019,183,0.0
18019,184,0.0
18019,185,0.0
18019,186,3.9648614e-05
18019,187,6.756266e-05
18019,188,0.00017523169
18019,189,0.00028961123
18019,190,0.00021675607
18019,191,0.000219448
18019,192,0.0
18019,193,0.0
18019,194,0.00010904531
18019,195,0.0
18019,196,0.0
18019,197,0.0
18019,198,0.0
18019,199,0.0
18019,200,0.0
18019,201,0.0
18019,202,0.0
18019,203,0.0
18019,204,0.0
18019,205,6.205142e-05
18019,206,0.00011475344
18019,207,0.00018084646
18019,208,8.632739e-05
18019,209,0.00018968365
18019,210,0.00019405922
18019,211,0.00015999615
18019,212,0.00022585968
18019,213,0.0
18019,214,3.2158096e-05
18019,215,0.0
18021,73,0.00036827594
18021,74,0.001808089
18021,75,0.0014185512
18021,76,0.000967493
18021,77,0.0010289851
18021,78,0.00048529546
18021,79,0.0009748323
18021,80,0.0011188098
18021,81,0.0009914889
18021,82,0.0008039621
18021,83,0.0006966471
18021,84,0.00054054736
18021,85,0.0006678597
18021,86,0.0007819148
18021,87,0.0006341445
18021,88,0.00050260307
18021,89,0.00062708935
18021,90,0.000499114
18021,91,0.00074730837
18021,92,0.0006065808
18021,93,0.00048214893
18021,94,0.00035179855
18021,95,0.0001717768
18021,96,0.000245324
18021,97,0.00013184368
18021,98,0.00019978544
18021,99,0.00026975095
18021,100,0.00021590412
18021,101,0.00013615389
18021,102,0.00020851592
18021,103,0.0006189935
18021,104,0.001545312
18021,105,0.00261191
18021,106,0.0048399307
18021,107,0.01015659
18021,108,0.01644296
18021,109,0.016752496
18021,110,0.018746529
18021,111,0.023183212
18021,112,0.023088738
18021,113,0.022308486
18021,114,0.020092955
18021,115,0.01804261
18021,116,0.014569015
18021,117,0.015669284
18021,118,0.021402467
18021,119,0.025667202
18021,120,0.024700105
18021,121,0.019529205
18021,122,0.017045064
18021,123,0.013895858
18021,124,0.010015715
18021,125,0.007748313
18021,126,0.0060185343
18021,127,0.0048326408
18021,128,0.0039875912
18021,129,0.0033409724
18021,130,0.0025522897
18021,131,0.0021194583
18021,132,0.0019532694
18021,133,0.0015361736
18021,134,0.0011891103
18021,135,0.0010135154
18021,136,0.0007943333
18021,137,0.000791386
18021,138,0.00069425313
18021,139,0.00089679635
18021,140,0.00076623226
18021,141,0.00058026926
18021,142,0.0007176354
18021,143,0.0008823734
18021,144,0.0007990219
18021,145,0.000568165
18021,146,0.0007696072
18021,147,0.00066553056
18021,148,0.0005885621
18021,149,0.0005179759
18021,150,0.00056066
18021,151,0.0007149345
18021,152,0.000767102
18021,153,0.0008077984
18021,154,0.00088936865
18021,155,0.00052395364
18021,156,0.00017371475
18021,157,6.333073e-05
18021,158,0.0001840798
18021,159,0.000415137
18021,160,0.0006931613
18021,161,0.0009184798
18021,162,0.00054527185
18021,163,0.00032112678
18021,164,0.00018328926
18021,165,0.00021313092
18021,166,0.00016596774
18021,167,0.00032091083
18021,168,0.0004355113
18021,169,0.0003334425
18021,170,0.0002358081
18021,171,0.00018377086
18021,172,5.331496e-05
18021,173,0.00017315388
18021,174,0.000102199716
18021,175,0.00013652325
18021,176,0.00012405396
18021,177,0.00018215975
18021,178,0.00031583308
18021,179,0.00050183275
18021,180,3.952483e-05
18021,181,0.0
18021,182,0.0
18021,183,0.0
18021,184,7.902582e-06
18021,185,4.2794145e-05
18021,186,4.5983194e-05
18021,187,6.355981e-05
18021,188,0.00021603882
18021,189,0.0004245953
18021,190,0.00038568597
18021,191,0.00051398197
18021,192,0.000423972
18021,193,0.00027686576
18021,194,0.00034493385
18021,195,0.00042954643
18021,196,0.0002866469
18021,197,0.00032548548
18021,198,0.00026010373
18021,199,0.00012521843
18021,200,5.2882635e-05
18021,201,0.00016754329
18021,202,0.00015089095
18021,203,0.0003588794
18021,204,0.000324768
18021,205,0.00017191311
18021,206,0.00012523253
18021,207,0.0002434047
18021,208,0.00025790968
18021,209,0.00012414117
18021,210,2.2437374e-05
18021,211,0.0
18021,212,0.0
18021,213,0.0
18021,214,0.0
18021,215,0.0
18031,73,0.0022068326
18031,74,0.0037408734
18031,75,0.0034978346
18031,76,0.0027666958
18031,77,0.0017458526
18031,78,0.0015783176
18031,79,0.001567408
18031,80,0.0014956404
18031,81,0.0012926729
18031,82,0.001151965
18031,83,0.0011453994
18031,84,0.0010651979
18031,85,0.0010442329
18031,86,0.0011158502
18031,87,0.0012753553
18031,88,0.001268896
18031,89,0.0009706017
18031,90,0.0009684042
18031,91,0.0009802602
18031,92,0.0009983514
18031,93,0.0007708005
18031,94,0.00056746166
18031,95,0.00046454847
18031,96,0.00034735602
18031,97,0.00037064927
18031,98,0.0003574093
18031,99,0.0003750682
18031,100,0.000518381
18031,101,0.00047450603
18031,102,0.00035595
18031,103,0.00040240688
18031,104,0.00012963374
18031,105,0.00028358697
18031,106,0.0012846482
18031,107,0.004400173
18031,108,0.011315478
18031,109,0.019802729
18031,110,0.023209589
18031,111,0.022460612
18031,112,0.021421129
18031,113,0.017651249
18031,114,0.014944421
18031,115,0.013457779
18031,116,0.009989908
18031,117,0.006172647
18031,118,0.0053021284
18031,119,0.004358548
18031,120,0.00411654
18031,121,0.0048513673
18031,122,0.0040819217
18031,123,0.003945218
18031,124,0.002897518
18031,125,0.0019226675
18031,126,0.0015745688
18031,127,0.001486422
18031,128,0.001299911
18031,129,0.0009804955
18031,130,0.00081976096
18031,131,0.00072459615
18031,132,0.0004920058
18031,133,0.00050643604
18031,134,0.00033635675
18031,135,0.0002831447
18031,136,0.00023108145
18031,137,0.00025621353
18031,138,0.00028051613
18031,139,0.00020795205
18031,140,0.0
18031,141,0.00010525664
18031,142,0.00013660092
18031,143,1.5245875e-05
18031,144,7.966121e-05
18031,145,0.00013351082
18031,146,0.00018193683
18031,147,0.00025129734
18031,148,0.00017344118
18031,149,0.00019385279
18031,150,0.00021482407
18031,151,0.00035903315
18031,152,0.0005264562
18031,153,0.0005586177
18031,154,0.00025976778
18031,155,0.0
18031,156,0.0
18031,157,0.0
18031,158,6.703337e-06
18031,159,0.00012224814
18031,160,5.8730246e-05
18031,161,7.283529e-05
18031,162,0.00024462282
18031,163,0.0004836172
18031,164,0.0007466662
18031,165,0.00071736635
18031,166,0.0005662964
18031,167,0.00016418139
18031,168,0.0004100464
18031,169,0.00018570543
18031,170,7.488231e-05
18031,171,0.00010775924
18031,172,0.0001372999
18031,173,0.00010592918
18031,174,0.0
18031,175,1.9205809e-05
18031,176,0.0
18031,177,0.0
18031,178,0.00015367051
18031,179,0.00017478109
18031,180,0.00030532657
18031,181,0.0001492852
18031,182,0.0
18031,183,0.0
18031,184,0.0
18031,185,4.6638647e-06
18031,186,0.00016157846
18031,187,0.0001822877
18031,188,0.0
18031,189,1.5598933e-05
18031,190,1.9754569e-05
18031,191,2.6924014e-05
18031,192,6.8807996e-05
18031,193,0.00017822703
18031,194,0.00024238348
18031,195,0.00020301859
18031,196,0.00017378846
18031,197,8.86492e-05
18031,198,5.1373245e-05
18031,199,1.6679365e-06
18031,200,0.0
18031,201,0.0
18031,202,0.0
18031,203,0.0
18031,204,3.651758e-05
18031,205,8.0166654e-05
18031,206,4.9450995e-05
18031,207,8.265873e-05
18031,208,5.961299e-05
18031,209,0.00013089161
18031,210,0.00016927699
18031,211,4.7724247e-05
18031,212,0.00017027716
18031,213,0.0
18031,214,0.0
18031,215,0.0
18049,73,0.002449358
18049,74,0.004397478
18049,75,0.003737328
18049,76,0.0031402132
18049,77,0.0026449538
18049,78,0.0020031678
18049,79,0.002032391
18049,80,0.0021381516
18049,81,0.0018311989
18049,82,0.0015690605
18049,83,0.0015205402
18049,84,0.0014580336
18049,85,0.0013263188
18049,86,0.0012797208
18049,87,0.00092928775
18049,88,0.0010767378
18049,89,0.0009799326
18049,90,0.0007205749
18049,91,0.0005925957
18049,92,0.00047873557
18049,93,0.00048155486
18049,94,0.00041022061
18049,95,0.00039939862
18049,96,0.00038012344
18049,97,0.00044973928
18049,98,0.0003485827
18049,99,0.00021582464
18049,100,0.000107643005
18049,101,0.00013658464
18049,102,0.0
18049,103,0.0
18049,104,0.0
18049,105,0.0
18049,106,6.617328e-05
18049,107,0.00041140438
18049,108,0.0006829288
18049,109,0.0010431656
18049,110,0.0013242875
18049,111,0.0018453491
18049,112,0.0025773135
18049,113,0.0026542516
18049,114,0.002619841
18049,115,0.0024404132
18049,116,0.0022832116
18049,117,0.002040621
18049,118,0.0019811937
18049,119,0.0017647875
18049,120,0.00047626536
18049,121,0.0010984852
18049,122,0.001222375
18049,123,0.00097158103
18049,124,0.0008183384
18049,125,0.0008931174
18049,126,0.00085219124
18049,127,0.0007968024
18049,128,0.0006507021
18049,129,0.0004392566
18049,130,0.00029644827
18049,131,0.00040043573
18049,132,0.0003894611
18049,133,6.5282584e-05
18049,134,5.7566365e-05
18049,135,1.8833676e-05
18049,136,0.00024205646
18049,137,0.00039946477
18049,138,0.0004073288
18049,139,0.000303212
18049,140,0.00026603183
18049,141,0.00015441497
18049,142,2.3048122e-05
18049,143,4.126807e-05
18049,144,0.0003480023
18049,145,0.00036313952
18049,146,0.00022262654
18049,147,0.00017064372
18049,148,0.00017841677
18049,149,0.00017587721
18049,150,0.0002736036
18049,151,6.438792e-05
18049,152,0.0004368321
18049,153,0.0020914872
18049,154,0.0064447927
18049,155,0.009637238
18049,156,0.005692265
18049,157,0.0008602352
18049,158,0.00027266482
18049,159,0.001043289
18049,160,0.0011378523
18049,161,0.0007146802
18049,162,0.00030753174
18049,163,0.00022875526
18049,164,0.00040837866
18049,165,0.00031191687
18049,166,0.00023591181
18049,167,0.00015204231
18049,168,9.739101e-05
18049,169,0.00017539004
18049,170,2.2436578e-05
18049,171,0.0
18049,172,0.0
18049,173,4.433652e-05
18049,174,0.00018143973
18049,175,0.0
18049,176,0.0001851056
18049,177,0.00033712905
18049,178,0.00027579465
18049,179,0.00014236648
18049,180,0.00032266122
18049,181,0.0003254628
18049,182,0.00021715203
18049,183,7.1131784e-05
18049,184,8.7105436e-05
18049,185,8.8866946e-05
18049,186,0.0
18049,187,0.0
18049,188,0.0
18049,189,1.1825561e-05
18049,190,0.00018138984
18049,191,9.817441e-05
18049,192,0.0
18049,193,0.0
18049,194,0.0
18049,195,3.9854847e-05
18049,196,0.0
18049,197,0.0
18049,198,0.0
18049,199,0.0
18049,200,0.0
18049,201,0.00010899146
18049,202,0.00028444885
18049,203,0.00026563564
18049,204,0.00019143382
18049,205,0.00031372768
18049,206,0.00036883395
18049,207,0.00013768871
18049,208,0.0
18049,209,0.0
18049,210,0.0
18049,211,0.0
18049,212,6.3579675e-05
18049,213,8.864641e-05
18049,214,0.0001718682
18049,215,1.4350811e-05
18053,73,0.014324623
18053,74,0.01475572
18053,75,0.01272991
18053,76,0.010913155
18053,77,0.009925162
18053,78,0.008497738
18053,79,0.0067580002
18053,80,0.005666937
18053,81,0.005205087
18053,82,0.0047506182
18053,83,0.0042395177
18053,84,0.0038623693
18053,85,0.003482994
18053,86,0.003105098
18053,87,0.0028599727
18053,88,0.0025960838
18053,89,0.0023267118
18053,90,0.0020369918
18053,91,0.0017575691
18053,92,0.0015661111
18053,93,0.0013201375
18053,94,0.0010721025
18053,95,0.0008917302
18053,96,0.0007625898
18053,97,0.0006778359
18053,98,0.0006198176
18053,99,0.00059545756
18053,100,0.0005703217
18053,101,0.00058988034
18053,102,0.00045982737
18053,103,0.00042532067
18053,104,6.780008e-05
18053,105,0.0
18053,106,0.0
18053,107,0.00067905104
18053,108,0.0015738218
18053,109,0.0024760938
18053,110,0.0029798863
18053,111,0.0026946473
18053,112,0.0027718015
18053,113,0.002894677
18053,114,0.002588919
18053,115,0.002605881
18053,116,0.0022179817
18053,117,0.0023186202
18053,118,0.0026018012
18053,119,0.0021731786
18053,120,0.0016877858
18053,121,0.001489782
18053,122,0.0017437129
18053,123,0.0015634091
18053,124,0.0011218995
18053,125,0.0010838493
18053,126,0.0011653143
18053,127,0.0012012932
18053,128,0.0010912156
18053,129,0.0010125008
18053,130,0.0007671378
18053,131,0.00067967793
18053,132,0.00046684901
18053,133,0.00028986036
18053,134,0.00026527385
18053,135,0.00019368729
18053,136,8.39289e-05
18053,137,7.4243544e-06
18053,138,1.2722611e-05
18053,139,9.6406744e-05
18053,140,0.0002434043
18053,141,0.00040055555
18053,142,1.4218887e-05
18053,143,0.0
18053,144,6.3164036e-05
18053,145,5.41391e-05
18053,146,0.0
18053,147,0.0
18053,148,0.0
18053,149,0.0
18053,150,0.0
18053,151,0.0
18053,152,0.0
18053,153,0.0
18053,154,0.0
18053,155,4.252195e-06
18053,156,0.0
18053,157,5.218625e-05
18053,158,1.488328e-05
18053,159,0.0
18053,160,0.0
18053,161,6.866892e-05
18053,162,0.0001706928
18053,163,0.00018488863
18053,164,0.00037926197
18053,165,0.00043368142
18053,166,0.0004943927
18053,167,0.00046428005
18053,168,0.00039093674
18053,169,0.00036762434
18053,170,0.00018157483
18053,171,1.997769e-05
18053,172,4.373014e-05
18053,173,7.357617e-05
18053,174,1.0923544e-05
18053,175,7.701953e-05
18053,176,0.0001383843
18053,177,0.0
18053,178,0.0001272438
18053,179,0.00019434532
18053,180,2.8834742e-05
18053,181,4.010876e-05
18053,182,2.8953553e-05
18053,183,0.0
18053,184,0.0
18053,185,0.0
18053,186,0.0
18053,187,0.0
18053,188,2.6197831e-05
18053,189,1.8052458e-05
18053,190,9.64576e-05
18053,191,0.00014328878
18053,192,2.6598174e-05
18053,193,0.0
18053,194,1.2913943e-05
18053,195,4.9238206e-05
18053,196,0.0
18053,197,0.0
18053,198,2.581497e-05
18053,199,0.0
18053,200,0.0
18053,201,0.0
18053,202,0.0
18053,203,4.0901698e-05
18053,204,0.00012763361
18053,205,7.456502e-05
18053,206,0.00016040444
18053,207,0.0
18053,208,0.0
18053,209,0.0
18053,210,1.5615424e-05
18053,211,3.2538574e-05
18053,212,0.00015014548
18053,213,0.00012680193
18053,214,8.776248e-05
18053,215,8.5464715e-05
18055,73,4.165312e-05
18055,74,0.001229435
18055,75,0.0012636275
18055,76,0.00083388423
18055,77,0.00085057435
18055,78,0.0007393291
18055,79,0.0008683264
18055,80,0.0010311246
18055,81,0.000828709
18055,82,0.0006836014
18055,83,0.0005973606
18055,84,0.00068106793
18055,85,0.0006215306
18055,86,0.0006344829
18055,87,0.0007304737
18055,88,0.00056258304
18055,89,0.0005154614
18055,90,0.00049699825
18055,91,0.0005761097
18055,92,0.0005695148
18055,93,0.00056619465
18055,94,0.00046507458
18055,95,0.00036872446
18055,96,0.00038164397
18055,97,0.0003498139
18055,98,0.00042645057
18055,99,0.0004281058
18055,100,0.00026094832
18055,101,0.00018951515
18055,102,0.00014209966
18055,103,0.0003932476
18055,104,0.0010435431
18055,105,0.0018598236
18055,106,0.0035849335
18055,107,0.011409521
18055,108,0.020880658
18055,109,0.023575041
18055,110,0.02569474
18055,111,0.026154978
18055,112,0.023987722
18055,113,0.023487838
18055,114,0.019876013
18055,115,0.015842663
18055,116,0.01272383
18055,117,0.011241823
18055,118,0.01491187
18055,119,0.022669412
18055,120,0.02086351
18055,121,0.014950913
18055,122,0.014298515
18055,123,0.011839427
18055,124,0.009437165
18055,125,0.0075902827
18055,126,0.0060969335
18055,127,0.004894369
18055,128,0.004205788
18055,129,0.003546878
18055,130,0.0029752883
18055,131,0.0023827231
18055,132,0.0019880598
18055,133,0.0016160379
18055,134,0.0012657862
18055,135,0.0011317268
18055,136,0.0010702276
18055,137,0.0010100246
18055,138,0.0010072662
18055,139,0.0009760525
18055,140,0.0008033371
18055,141,0.0006111004
18055,142,0.00051497936
18055,143,0.00057819765
18055,144,0.0003734966
18055,145,0.000281383
18055,146,0.00039048356
18055,147,0.0003483057
18055,148,6.372432e-05
18055,149,0.0
18055,150,0.0004662611
18055,151,0.0010957932
18055,152,0.0014758424
18055,153,0.0015099251
18055,154,0.0012535251
18055,155,0.0003563835
18055,156,0.0
18055,157,0.0
18055,158,0.0001831766
18055,159,0.00071670057
18055,160,0.0011064201
18055,161,0.0010720366
18055,162,0.00060601276
18055,163,0.0003090171
18055,164,0.00041133125
18055,165,0.00034232336
18055,166,8.643825e-05
18055,167,0.00037354528
18055,168,0.00037221055
18055,169,0.00030359684
18055,170,0.00042466124
18055,171,0.00022236147
18055,172,0.00012424926
18055,173,0.0003346197
18055,174,0.00016583144
18055,175,5.2203737e-05
18055,176,6.211758e-05
18055,177,1.9356012e-05
18055,178,0.0008048683
18055,179,0.0001224492
18055,180,0.0005240204
18055,181,0.0007805232
18055,182,0.0017544834
18055,183,0.00085645623
18055,184,0.0007133585
18055,185,0.0016515966
18055,186,0.0020501579
18055,187,0.0012570099
18055,188,8.4868174e-05
18055,189,0.0
18055,190,0.0
18055,191,8.5599226e-05
18055,192,0.00013992588
18055,193,0.00025540648
18055,194,0.00043705505
18055,195,0.0004217325
18055,196,0.00030254642
18055,197,0.0001880759
18055,198,0.00017445585
18055,199,0.00016921839
18055,200,0.00011970282
18055,201,0.00011676669
18055,202,0.00014762243
18055,203,4.75351e-05
18055,204,0.0
18055,205,0.0
18055,206,2.9145676e-05
18055,207,4.0832958e-05
18055,208,0.00019542953
18055,209,0.00016540567
18055,210,0.00013640325
18055,211,0.00010261456
18055,212,0.0001858004
18055,213,9.628892e-05
18055,214,0.00013263425
18055,215,0.0
18057,73,0.0019711643
18057,74,7.970731e-06
18057,75,0.0
18057,76,0.00035696785
18057,77,0.0007673343
18057,78,0.0012912138
18057,79,0.0008735454
18057,80,0.0008862859
18057,81,0.0008063511
18057,82,0.0008119927
18057,83,0.0006492952
18057,84,0.0005795497
18057,85,0.0005957659
18057,86,0.00055759907
18057,87,0.0005531092
18057,88,0.0004137808
18057,89,0.00031196198
18057,90,0.00023707053
18057,91,0.000261451
18057,92,0.00012067337
18057,93,7.909815e-05
18057,94,1.9544164e-05
18057,95,8.2462626e-05
18057,96,8.083622e-05
18057,97,7.409593e-05
18057,98,0.0001136748
18057,99,0.0
18057,100,0.0
18057,101,0.0
18057,102,0.0
18057,103,0.0
18057,104,0.0
18057,105,0.0
18057,106,0.0
18057,107,0.00040042936
18057,108,0.00095672393
18057,109,0.0014499706
18057,110,0.0017337161
18057,111,0.0018164593
18057,112,0.0018640785
18057,113,0.0016726465
18057,114,0.0013350074
18057,115,0.0010657334
18057,116,0.00089908874
18057,117,0.0008129859
18057,118,0.0007170715
18057,119,0.0009164872
18057,120,0.00020474852
18057,121,0.00018726209
18057,122,0.00048413555
18057,123,0.00044632863
18057,124,0.00038399053
18057,125,0.00020377299
18057,126,5.1058927e-05
18057,127,0.0
18057,128,0.0
18057,129,0.0
18057,130,0.0
18057,131,0.0
18057,132,0.0
18057,133,0.0
18057,134,0.0
18057,135,0.0
18057,136,0.0
18057,137,0.0
18057,138,0.0
18057,139,0.0
18057,140,0.0
18057,141,0.0
18057,142,0.0
18057,143,0.0
18057,144,0.0
18057,145,0.0
18057,146,0.0
18057,147,0.0
18057,148,0.0
18057,149,0.0
18057,150,0.0
18057,151,0.0
18057,152,0.0
18057,153,0.0
18057,154,0.0
18057,155,0.0
18057,156,0.0
18057,157,0.0
18057,158,0.0
18057,159,0.0
18057,160,0.0
18057,161,0.0
18057,162,0.0
18057,163,0.0
18057,164,0.0
18057,165,0.0
18057,166,0.0
18057,167,0.0
18057,168,0.0
18057,169,0.0
18057,170,0.0
18057,171,0.0
18057,172,0.0
18057,173,0.0
18057,174,0.0
18057,175,0.0
18057,176,0.0
18057,177,0.0
18057,178,0.0
18057,179,0.0
18057,180,0.0
18057,181,0.0
18057,182,0.0
18057,183,0.0
18057,184,0.0
18057,185,0.0
18057,186,0.0
18057,187,0.0
18057,188,0.0
18057,189,0.0
18057,190,0.0
18057,191,0.0
18057,192,0.0
18057,193,0.0
18057,194,0.0
18057,195,0.0
18057,196,0.0
18057,197,0.0
18057,198,2.7444561e-05
18057,199,0.0
18057,200,0.0
18057,201,0.0
18057,202,0.0
18057,203,0.0
18057,204,0.0
18057,205,0.0
18057,206,0.0
18057,207,0.0
18057,208,0.0
18057,209,0.0
18057,210,0.0
18057,211,1.3661981e-05
18057,212,0.0
18057,213,0.0
18057,214,0.0
18057,215,0.0
18063,73,0.0
18063,74,0.0
18063,75,0.0
18063,76,0.0
18063,77,0.00015113731
18063,78,7.104536e-05
18063,79,0.0
18063,80,0.0
18063,81,0.00012997449
18063,82,0.000118284624
18063,83,5.1888623e-05
18063,84,7.3457755e-05
18063,85,0.00019723595
18063,86,0.0001382194
18063,87,0.00033018153
18063,88,0.00014388084
18063,89,0.0
18063,90,9.647906e-05
18063,91,0.000108218985
18063,92,1.2343526e-05
18063,93,5.8542093e-05
18063,94,3.2541353e-05
18063,95,0.000113777714
18063,96,0.00013502181
18063,97,4.5074023e-05
18063,98,6.837368e-05
18063,99,7.9355435e-05
18063,100,5.3404176e-05
18063,101,0.0
18063,102,0.0
18063,103,0.0
18063,104,0.0
18063,105,0.0
18063,106,0.0
18063,107,0.0004788379
18063,108,0.001502978
18063,109,0.0021847708
18063,110,0.0026878705
18063,111,0.002702502
18063,112,0.002543463
18063,113,0.0023590792
18063,114,0.0020959885
18063,115,0.0016874276
18063,116,0.0013067585
18063,117,0.00086461165
18063,118,0.0010201632
18063,119,0.0008853805
18063,120,0.00051431777
18063,121,0.0012983792
18063,122,0.0011753865
18063,123,0.0009422163
18063,124,0.0009200241
18063,125,0.0011205979
18063,126,0.0010130834
18063,127,0.000944239
18063,128,0.00094203255
18063,129,0.0008309718
18063,130,0.000745635
18063,131,0.0006975301
18063,132,0.00040771705
18063,133,9.679954e-05
18063,134,0.0
18063,135,0.0
18063,136,0.0
18063,137,0.0
18063,138,0.0
18063,139,0.0
18063,140,0.0
18063,141,0.0
18063,142,0.0
18063,143,0.0
18063,144,0.0
18063,145,0.0
18063,146,0.0
18063,147,0.0
18063,148,0.0
18063,149,0.0
18063,150,0.0
18063,151,0.0
18063,152,0.0
18063,153,0.0
18063,154,0.0
18063,155,0.0
18063,156,0.0
18063,157,0.0
18063,158,0.0
18063,159,0.0
18063,160,0.0
18063,161,5.226374e-05
18063,162,7.931391e-06
18063,163,0.0
18063,164,0.00016236285
18063,165,0.0
18063,166,2.3908417e-05
18063,167,0.00010197759
18063,168,0.0002602015
18063,169,0.00017740586
18063,170,2.4635394e-05
18063,171,0.0
18063,172,0.0
18063,173,0.0
18063,174,0.0
18063,175,0.0
18063,176,0.0
18063,177,0.0
18063,178,0.0
18063,179,0.0
18063,180,0.0
18063,181,0.0
18063,182,0.0
18063,183,0.0
18063,184,0.0
18063,185,0.0
18063,186,0.0
18063,187,0.0
18063,188,0.0
18063,189,9.011288e-05
18063,190,1.4185906e-07
18063,191,4.0483872e-05
18063,192,0.0
18063,193,3.365914e-05
18063,194,0.0
18063,195,4.9832262e-05
18063,196,8.035481e-05
18063,197,0.00014539044
18063,198,2.3920138e-05
18063,199,0.0
18063,200,0.0
18063,201,0.0
18063,202,0.0
18063,203,0.0
18063,204,0.0
18063,205,0.0
18063,206,3.8027763e-06
18063,207,7.8255136e-05
18063,208,0.0
18063,209,0.0
18063,210,0.00012440403
18063,211,0.00036477446
18063,212,0.00044859588
18063,213,0.00028398217
18063,214,0.0
18063,215,0.0
18075,73,0.0058323382
18075,74,0.0069008498
18075,75,0.006335643
18075,76,0.005586524
18075,77,0.00494963
18075,78,0.004958333
18075,79,0.0036929832
18075,80,0.0023730607
18075,81,0.0023127072
18075,82,0.0022622938
18075,83,0.0021918018
18075,84,0.0019680765
18075,85,0.0019609267
18075,86,0.001905331
18075,87,0.0018160675
18075,88,0.0016414959
18075,89,0.0014679868
18075,90,0.0014555
18075,91,0.0011237379
18075,92,0.0009484264
18075,93,0.0008896921
18075,94,0.00083958445
18075,95,0.00079278747
18075,96,0.00063263753
18075,97,0.00037797017
18075,98,0.00023606778
18075,99,0.00044202764
18075,100,0.0003046904
18075,101,0.0003423363
18075,102,0.00026683667
18075,103,1.2437503e-07
18075,104,0.00032980758
18075,105,0.0
18075,106,0.00089844665
18075,107,0.0012231302
18075,108,0.0036673783
18075,109,0.006358085
18075,110,0.006996444
18075,111,0.0068667834
18075,112,0.0059486507
18075,113,0.0060555013
18075,114,0.0058532995
18075,115,0.0053291256
18075,116,0.0048003253
18075,117,0.003952988
18075,118,0.0035751068
18075,119,0.0042160116
18075,120,0.0033965183
18075,121,0.004054839
18075,122,0.004869072
18075,123,0.004788751
18075,124,0.0043667452
18075,125,0.0040229615
18075,126,0.003705311
18075,127,0.0031658926
18075,128,0.002582544
18075,129,0.0016182098
18075,130,0.00097141566
18075,131,0.00092515757
18075,132,0.0008514595
18075,133,0.0006747296
18075,134,0.0005656751
18075,135,0.00066822825
18075,136,0.0007827353
18075,137,0.0012708963
18075,138,0.00078324816
18075,139,0.00056183786
18075,140,0.0009209195
18075,141,0.0010423928
18075,142,0.0009997057
18075,143,0.00030692795
18075,144,0.0
18075,145,0.00025939764
18075,146,0.0005202361
18075,147,0.00035633068
18075,148,0.000119940836
18075,149,9.738584e-05
18075,150,0.00014351745
18075,151,0.00016188502
18075,152,3.0437111e-05
18075,153,0.0
18075,154,0.0
18075,155,4.6992303e-05
18075,156,0.0
18075,157,0.0
18075,158,0.0
18075,159,0.0
18075,160,0.0
18075,161,0.0
18075,162,0.000111308094
18075,163,0.00020548204
18075,164,0.00033592025
18075,165,0.00027966936
18075,166,0.00026621838
18075,167,0.0002842438
18075,168,0.00023743729
18075,169,0.00012550851
18075,170,0.0
18075,171,0.0
18075,172,0.0
18075,173,0.0
18075,174,0.0
18075,175,0.0
18075,176,0.0
18075,177,0.0
18075,178,0.00019307295
18075,179,0.000102326674
18075,180,0.0
18075,181,2.2778313e-05
18075,182,7.903218e-05
18075,183,0.0
18075,184,0.0
18075,185,5.051692e-06
18075,186,0.0
18075,187,5.41085e-05
18075,188,0.0
18075,189,0.000100973055
18075,190,0.00025819798
18075,191,0.00022420585
18075,192,0.00018791178
18075,193,1.9835035e-05
18075,194,0.00019034684
18075,195,0.00017069101
18075,196,0.0
18075,197,0.0
18075,198,2.8275252e-05
18075,199,0.0
18075,200,0.0
18075,201,0.0
18075,202,0.0
18075,203,0.0
18075,204,0.0
18075,205,0.0
18075,206,0.0
18075,207,0.0
18075,208,0.0
18075,209,0.0
18075,210,0.0
18075,211,0.0
18075,212,5.9979953e-05
18075,213,8.103311e-05
18075,214,3.9788683e-05
18075,215,1.6150276e-05
18079,73,0.0
18079,74,0.0
18079,75,4.932066e-05
18079,76,0.00013137131
18079,77,0.00025925357
18079,78,0.00026595473
18079,79,0.00023683092
18079,80,0.00034956675
18079,81,0.0
18079,82,8.782506e-05
18079,83,0.00046932002
18079,84,0.00078316306
18079,85,0.0010909998
18079,86,0.0010804855
18079,87,0.0012252245
18079,88,0.0010087249
18079,89,0.00042321903
18079,90,0.0002769808
18079,91,0.00048162203
18079,92,0.0008513483
18079,93,0.00058128615
18079,94,0.00025432606
18079,95,5.0980052e-05
18079,96,0.00017866532
18079,97,0.0004858635
18079,98,0.0005698673
18079,99,0.00063354516
18079,100,0.0008485025
18079,101,0.0010591247
18079,102,0.0010672661
18079,103,0.00075836957
18079,104,0.00046236205
18079,105,0.0005656926
18079,106,0.0021901422
18079,107,0.00790384
18079,108,0.026197542
18079,109,0.053708855
18079,110,0.058071237
18079,111,0.041179415
18079,112,0.034576975
18079,113,0.03300893
18079,114,0.031338383
18079,115,0.02596196
18079,116,0.017591333
18079,117,0.013639618
18079,118,0.014077387
18079,119,0.01486143
18079,120,0.018355355
18079,121,0.021549625
18079,122,0.017754108
18079,123,0.014991078
18079,124,0.013815804
18079,125,0.011604634
18079,126,0.009647368
18079,127,0.007618472
18079,128,0.0058019073
18079,129,0.004460943
18079,130,0.0037243986
18079,131,0.0030794684
18079,132,0.0023507257
18079,133,0.0019554477
18079,134,0.00173737
18079,135,0.0015979852
18079,136,0.0013205498
18079,137,0.0010375277
18079,138,0.000985474
18079,139,0.0008786621
18079,140,0.00076578057
18079,141,0.00081160804
18079,142,0.00088716636
18079,143,0.0008117678
18079,144,0.0006243644
18079,145,0.00058774295
18079,146,0.00077159784
18079,147,0.00095856166
18079,148,0.0009137999
18079,149,0.001045249
18079,150,0.0007328119
18079,151,0.0007509336
18079,152,0.0005842803
18079,153,0.0007057413
18079,154,0.0007013651
18079,155,0.0006412896
18079,156,0.00046927214
18079,157,0.00049177033
18079,158,0.00045833588
18079,159,0.0004567005
18079,160,0.0004965985
18079,161,0.00061793684
18079,162,0.00083940645
18079,163,0.00087107235
18079,164,0.0007228401
18079,165,0.0009945347
18079,166,0.00068105996
18079,167,0.00029889046
18079,168,0.0
18079,169,1.5649399e-05
18079,170,0.00024861196
18079,171,0.00035267192
18079,172,0.000495795
18079,173,0.0003781168
18079,174,0.00017428616
18079,175,0.00030361713
18079,176,0.00045132815
18079,177,0.00020866534
18079,178,0.00043815988
18079,179,0.0006815624
18079,180,0.00076296483
18079,181,0.00036377012
18079,182,0.00014943957
18079,183,9.277582e-05
18079,184,0.0004429847
18079,185,0.00053257885
18079,186,0.0006770947
18079,187,0.00046241778
18079,188,2.9019116e-05
18079,189,5.5988432e-05
18079,190,0.000113789836
18079,191,0.00022528887
18079,192,6.0740313e-05
18079,193,0.00016696015
18079,194,0.0002353541
18079,195,0.00037987906
18079,196,0.00031801563
18079,197,0.00012117584
18079,198,0.00032646538
18079,199,0.0004380955
18079,200,0.00044021686
18079,201,0.00013667424
18079,202,0.00027673028
18079,203,0.0003275712
18079,204,0.00046910864
18079,205,0.00023890258
18079,206,0.00038472613
18079,207,0.0005605918
18079,208,0.00042574483
18079,209,0.0006320604
18079,210,0.000565749
18079,211,0.00032282592
18079,212,5.509655e-06
18079,213,4.931589e-05
18079,214,2.8581024e-05
18079,215,0.0
18081,73,0.0
18081,74,0.0
18081,75,0.0
18081,76,0.0
18081,77,9.484013e-05
18081,78,0.0002954522
18081,79,0.00040906924
18081,80,0.00036771793
18081,81,0.00045050977
18081,82,0.00028698065
18081,83,0.00025390723
18081,84,0.0002382928
18081,85,0.00019130827
18081,86,0.00023653546
18081,87,0.0003586817
18081,88,0.00026710928
18081,89,0.00012205084
18081,90,0.00017764866
18081,91,0.00023349226
18081,92,0.00014243007
18081,93,0.0001096044
18081,94,0.0
18081,95,0.0
18081,96,4.9871604e-05
18081,97,3.7088594e-05
18081,98,5.1986375e-05
18081,99,0.0
18081,100,0.0
18081,101,0.0
18081,102,0.0
18081,103,0.0
18081,104,0.0
18081,105,0.0
18081,106,0.0
18081,107,0.00024095038
18081,108,0.002361283
18081,109,0.0041084215
18081,110,0.004980195
18081,111,0.005102274
18081,112,0.004599309
18081,113,0.0040760366
18081,114,0.0035850797
18081,115,0.0027859197
18081,116,0.0018158971
18081,117,0.0015616817
18081,118,0.001140208
18081,119,0.00068832375
18081,120,0.0015188864
18081,121,0.0015230044
18081,122,0.0012064627
18081,123,0.0010555941
18081,124,0.0010963717
18081,125,0.0012492177
18081,126,0.0014151469
18081,127,0.0014273387
18081,128,0.00131131
18081,129,0.0013376505
18081,130,0.0011721905
18081,131,0.0010844079
18081,132,0.00095121376
18081,133,0.00038230914
18081,134,6.979187e-05
18081,135,3.5061043e-05
18081,136,1.0643403e-05
18081,137,0.0
18081,138,0.0
18081,139,0.0
18081,140,0.0
18081,141,0.0
18081,142,0.0
18081,143,0.0
18081,144,0.0
18081,145,0.0
18081,146,8.351445e-05
18081,147,0.00015143951
18081,148,0.00024847628
18081,149,0.00027010223
18081,150,0.00024196366
18081,151,0.00025014262
18081,152,0.00014885644
18081,153,9.85384e-06
18081,154,0.0
18081,155,0.0
18081,156,0.0
18081,157,0.0
18081,158,5.1478546e-06
18081,159,0.0
18081,160,5.908827e-05
18081,161,6.677171e-05
18081,162,0.00019639632
18081,163,0.00029109122
18081,164,0.0004951187
18081,165,0.00045604366
18081,166,0.00033020217
18081,167,0.0002547421
18081,168,0.000449179
18081,169,0.0002469041
18081,170,0.00023916998
18081,171,5.0543746e-05
18081,172,0.0
18081,173,0.0
18081,174,0.0
18081,175,1.3461312e-05
18081,176,0.0
18081,177,0.0
18081,178,0.0
18081,179,0.0
18081,180,0.0
18081,181,0.0
18081,182,0.0
18081,183,0.0
18081,184,0.0
18081,185,0.0
18081,186,0.0
18081,187,0.00011572003
18081,188,0.00023855409
18081,189,0.00013428649
18081,190,0.0
18081,191,0.0
18081,192,0.0
18081,193,0.0
18081,194,0.00011204978
18081,195,4.6373407e-05
18081,196,0.0
18081,197,0.0
18081,198,0.0
18081,199,0.0
18081,200,0.0
18081,201,0.0
18081,202,0.0
18081,203,0.0
18081,204,1.13743545e-05
18081,205,0.0
18081,206,9.8241966e-05
18081,207,1.9443034e-06
18081,208,5.1475563e-05
18081,209,0.00024516822
18081,210,0.00024724464
18081,211,0.00038971007
18081,212,0.00036313175
18081,213,0.0
18081,214,0.0
18081,215,0.0
18115,73,0.00075315626
18115,74,0.0017796583
18115,75,0.001400582
18115,76,0.0009764568
18115,77,0.0014022174
18115,78,0.00077382376
18115,79,0.0007144306
18115,80,0.0008211887
18115,81,0.00093544147
18115,82,0.0008032048
18115,83,0.0010053038
18115,84,0.0008496509
18115,85,0.0007952544
18115,86,0.00088326057
18115,87,0.0010275489
18115,88,0.0008145183
18115,89,0.00077862595
18115,90,0.0007301859
18115,91,0.00083687925
18115,92,0.00054419675
18115,93,0.00030522983
18115,94,6.769439e-05
18115,95,9.406944e-05
18115,96,0.00013521116
18115,97,0.00030459146
18115,98,8.0575344e-05
18115,99,0.00017686882
18115,100,0.00019087711
18115,101,0.00018188855
18115,102,2.6297372e-05
18115,103,7.1092445e-06
18115,104,0.0
18115,105,0.0
18115,106,0.00022010723
18115,107,0.0003435396
18115,108,0.0003281222
18115,109,0.0020633002
18115,110,0.0050859507
18115,111,0.005622578
18115,112,0.0047056843
18115,113,0.0039392184
18115,114,0.0045932056
18115,115,0.004489647
18115,116,0.0036870218
18115,117,0.0033550444
18115,118,0.0038581195
18115,119,0.0036111216
18115,120,0.0032418272
18115,121,0.007782692
18115,122,0.008772221
18115,123,0.006905585
18115,124,0.0054235174
18115,125,0.0041768644
18115,126,0.0038821546
18115,127,0.003627521
18115,128,0.0040092245
18115,129,0.0036841144
18115,130,0.002743936
18115,131,0.0021206671
18115,132,0.0017015088
18115,133,0.0014305803
18115,134,0.00090897677
18115,135,0.0007229489
18115,136,0.00081588986
18115,137,0.0011043078
18115,138,0.0008797287
18115,139,0.0009224498
18115,140,0.00069517054
18115,141,0.0004912724
18115,142,8.90851e-05
18115,143,8.107483e-05
18115,144,0.00026354016
18115,145,0.0005997644
18115,146,0.00066887715
18115,147,0.0004174747
18115,148,0.00025494516
18115,149,0.00016677001
18115,150,0.00010163327
18115,151,0.00023458182
18115,152,0.0003838076
18115,153,0.0004982084
18115,154,0.0005564473
18115,155,0.00022690675
18115,156,0.0
18115,157,0.0
18115,158,0.0
18115,159,0.0
18115,160,0.0
18115,161,0.0
18115,162,0.0
18115,163,0.00026223858
18115,164,0.0008478433
18115,165,0.00091202895
18115,166,0.0004931416
18115,167,0.0
18115,168,0.00020923078
18115,169,0.00011681795
18115,170,0.00018012583
18115,171,0.00021665871
18115,172,0.00037090498
18115,173,0.00051359634
18115,174,0.00044931154
18115,175,0.0003264894
18115,176,0.000342564
18115,177,0.00020694813
18115,178,0.00022998432
18115,179,0.00020300508
18115,180,0.0
18115,181,8.135538e-05
18115,182,0.00012687007
18115,183,0.0
18115,184,0.0
18115,185,0.0
18115,186,0.0
18115,187,6.8155525e-05
18115,188,0.0
18115,189,0.0
18115,190,0.00034462372
18115,191,0.00022066712
18115,192,0.0
18115,193,8.403082e-05
18115,194,2.0670295e-05
18115,195,0.00012839894
18115,196,1.6235113e-05
18115,197,0.0
18115,198,0.0
18115,199,0.0
18115,200,0.0
18115,201,0.0
18115,202,0.0
18115,203,3.6401947e-05
18115,204,8.5905194e-05
18115,205,7.275244e-05
18115,206,0.0004766311
18115,207,0.00068728783
18115,208,0.0005276088
18115,209,0.00034920115
18115,210,6.033262e-05
18115,211,0.0
18115,212,0.00016064962
18115,213,0.0
18115,214,0.0
18115,215,0.0
18119,73,0.0
18119,74,0.001028988
18119,75,0.0009822552
18119,76,0.0009101507
18119,77,0.0010266727
18119,78,0.00044046598
18119,79,0.00086582504
18119,80,0.00097160874
18119,81,0.00093495665
18119,82,0.0007987937
18119,83,0.00081723696
18119,84,0.0007766643
18119,85,0.00088012696
18119,86,0.0009518918
18119,87,0.0009720888
18119,88,0.00076392497
18119,89,0.0007847769
18119,90,0.0006621158
18119,91,0.00076640525
18119,92,0.0005358992
18119,93,0.0004244292
18119,94,0.0002255237
18119,95,8.5555715e-05
18119,96,0.00012133579
18119,97,0.0
18119,98,9.7347496e-05
18119,99,7.856906e-05
18119,100,4.3753782e-05
18119,101,0.0
18119,102,0.0
18119,103,6.17071e-05
18119,104,0.00032842558
18119,105,0.00037201346
18119,106,0.0021120035
18119,107,0.009024095
18119,108,0.019903125
18119,109,0.023674358
18119,110,0.029354904
18119,111,0.035504565
18119,112,0.034650113
18119,113,0.034010276
18119,114,0.031182615
18119,115,0.02484195
18119,116,0.018905815
18119,117,0.015096937
18119,118,0.019369058
18119,119,0.026575482
18119,120,0.025231972
18119,121,0.015769552
18119,122,0.01279939
18119,123,0.010882138
18119,124,0.00910311
18119,125,0.008054762
18119,126,0.006637754
18119,127,0.0052622124
18119,128,0.0046315156
18119,129,0.003843087
18119,130,0.0029867534
18119,131,0.002326935
18119,132,0.0022061865
18119,133,0.0016850322
18119,134,0.0014621604
18119,135,0.0014414659
18119,136,0.0010350385
18119,137,0.0009786338
18119,138,0.0010306981
18119,139,0.0011447186
18119,140,0.0009359858
18119,141,0.00083831704
18119,142,0.00094355847
18119,143,0.0008897015
18119,144,0.0007705247
18119,145,0.00061909
18119,146,0.0007284677
18119,147,0.00080478226
18119,148,0.00065014564
18119,149,0.0007326776
18119,150,0.0009683015
18119,151,0.0015096967
18119,152,0.0018051923
18119,153,0.0024737974
18119,154,0.0021291394
18119,155,0.00033485552
18119,156,0.0
18119,157,4.2104326e-05
18119,158,0.0007420751
18119,159,0.0010669712
18119,160,0.0011624845
18119,161,0.00078111055
18119,162,0.00035826326
18119,163,0.00035643595
18119,164,0.00038653213
18119,165,0.00042507052
18119,166,0.00021221301
18119,167,0.00026100138
18119,168,0.00013785143
18119,169,0.0001121221
18119,170,0.0004485919
18119,171,0.00020161152
18119,172,0.000111391346
18119,173,0.00033479492
18119,174,0.0002897054
18119,175,5.943656e-05
18119,176,0.00018701097
18119,177,0.00038164557
18119,178,0.00040077846
18119,179,0.00028604188
18119,180,0.0014015507
18119,181,0.0018865252
18119,182,0.0
18119,183,0.0
18119,184,0.00039463222
18119,185,0.0014280182
18119,186,0.001552869
18119,187,0.0011106337
18119,188,0.00019007862
18119,189,9.5278025e-05
18119,190,0.00034858327
18119,191,0.0005468752
18119,192,0.00040656727
18119,193,0.00035489697
18119,194,0.00038886486
18119,195,0.00043136775
18119,196,0.00022161186
18119,197,0.000113050344
18119,198,0.00022531449
18119,199,0.0003201741
18119,200,0.00012507717
18119,201,0.00011422515
18119,202,0.00033219575
18119,203,0.00045559448
18119,204,0.000400091
18119,205,0.00032158237
18119,206,0.00039267956
18119,207,0.0007581488
18119,208,0.0010468136
18119,209,0.0009870776
18119,210,0.0007103572
18119,211,0.00060231704
18119,212,0.0005606757
18119,213,0.00040669125
18119,214,0.00021917245
18119,215,0.00019414723
39001,73,0.0
39001,74,0.0
39001,75,0.0
39001,76,0.00018477142
39001,77,0.00054434105
39001,78,0.00069341995
39001,79,0.00049437897
39001,80,0.00057332596
39001,81,0.00032866577
39001,82,0.0005186695
39001,83,0.0008259362
39001,84,0.0010166923
39001,85,0.0012752734
39001,86,0.0013635035
39001,87,0.0010135345
39001,88,0.00077230093
39001,89,0.0009807931
39001,90,0.00092562614
39001,91,0.0009710786
39001,92,0.0011946639
39001,93,0.0011845606
39001,94,0.0010416929
39001,95,0.0006660467
39001,96,0.0003109759
39001,97,0.00010228057
39001,98,4.0772757e-05
39001,99,7.581115e-05
39001,100,0.00015714446
39001,101,9.5544456e-05
39001,102,0.0
39001,103,0.0
39001,104,0.0
39001,105,0.0
39001,106,0.0
39001,107,0.0
39001,108,0.0
39001,109,0.0017193075
39001,110,0.0042597167
39001,111,0.006667461
39001,112,0.008486513
39001,113,0.009126399
39001,114,0.0084008295
39001,115,0.0095060775
39001,116,0.011031777
39001,117,0.010396716
39001,118,0.007622516
39001,119,0.006029225
39001,120,0.0047510657
39001,121,0.0033130457
39001,122,0.0021231687
39001,123,0.0019115395
39001,124,0.0006041342
39001,125,0.00012191634
39001,126,0.0010849896
39001,127,0.0022150332
39001,128,0.0029501063
39001,129,0.0030227825
39001,130,0.0029665064
39001,131,0.0028789856
39001,132,0.0029035178
39001,133,0.0025683627
39001,134,0.0021856374
39001,135,0.00183145
39001,136,0.001570998
39001,137,0.0016153042
39001,138,0.0017689575
39001,139,0.0015579468
39001,140,0.0012424598
39001,141,0.000955408
39001,142,0.0006309825
39001,143,0.0006223047
39001,144,0.00044887204
39001,145,0.00021635572
39001,146,6.64709e-05
39001,147,0.0
39001,148,0.0
39001,149,0.0
39001,150,0.0
39001,151,0.0
39001,152,0.0
39001,153,0.0
39001,154,0.0
39001,155,0.00014202078
39001,156,0.00030000825
39001,157,0.00012161136
39001,158,9.985467e-05
39001,159,7.410228e-05
39001,160,0.00011072139
39001,161,0.00026651204
39001,162,0.00011754394
39001,163,8.364101e-05
39001,164,0.0002933955
39001,165,0.00058411004
39001,166,0.0005157705
39001,167,4.6272078e-05
39001,168,0.00026287854
39001,169,0.00030737877
39001,170,0.00013058544
39001,171,7.1432194e-05
39001,172,0.0
39001,173,0.0
39001,174,0.0
39001,175,0.0
39001,176,0.0
39001,177,0.0
39001,178,0.0
39001,179,6.10427e-05
39001,180,0.0
39001,181,0.0
39001,182,0.00013399958
39001,183,0.00024190286
39001,184,0.00033570747
39001,185,0.00024258197
39001,186,0.0003884848
39001,187,0.00019788722
39001,188,0.00022320569
39001,189,0.00021905244
39001,190,0.00030222378
39001,191,0.0002127395
39001,192,0.0
39001,193,0.0
39001,194,4.2396387e-05
39001,195,4.7367015e-05
39001,196,4.6966277e-05
39001,197,0.0
39001,198,0.0
39001,199,0.0
39001,200,0.0
39001,201,0.0
39001,202,0.0
39001,203,0.0
39001,204,0.0
39001,205,0.00071353494
39001,206,0.0004813081
39001,207,0.0006630102
39001,208,0.0006916919
39001,209,0.00048943324
39001,210,0.00036040286
39001,211,0.00036305864
39001,212,0.00054278155
39001,213,0.00049384375
39001,214,0.00030305405
39001,215,7.508079e-05
39003,73,0.04191307
39003,74,0.042371534
39003,75,0.040255714
39003,76,0.038000427
39003,77,0.03685448
39003,78,0.03603427
39003,79,0.034951475
39003,80,0.032144997
39003,81,0.029884433
39003,82,0.027989166
39003,83,0.025441065
39003,84,0.02169238
39003,85,0.018908542
39003,86,0.016481904
39003,87,0.014529542
39003,88,0.012617604
39003,89,0.011068081
39003,90,0.009650617
39003,91,0.00837903
39003,92,0.0074118976
39003,93,0.006614452
39003,94,0.0057633356
39003,95,0.005175161
39003,96,0.0046891216
39003,97,0.004222258
39003,98,0.0036788394
39003,99,0.0032832786
39003,100,0.0031363321
39003,101,0.0031016553
39003,102,0.003518276
39003,103,0.003088939
39003,104,0.002885283
39003,105,0.0024787665
39003,106,0.0021734873
39003,107,0.002263542
39003,108,0.0021678656
39003,109,0.0021496706
39003,110,0.00203332
39003,111,0.0022295993
39003,112,0.001825995
39003,113,0.0017781631
39003,114,0.0019702686
39003,115,0.0014657693
39003,116,0.0014783542
39003,117,0.0010229761
39003,118,0.00062259374
39003,119,0.00057245535
39003,120,0.000872769
39003,121,0.0
39003,122,0.001004633
39003,123,0.00096896733
39003,124,0.00084047177
39003,125,0.0007896256
39003,126,0.0008147325
39003,127,0.00088624423
39003,128,0.00073070027
39003,129,0.00064007397
39003,130,0.00044228733
39003,131,0.00027502637
39003,132,0.00015791497
39003,133,0.00016352555
39003,134,0.0
39003,135,0.0
39003,136,0.0
39003,137,0.0
39003,138,0.0
39003,139,0.0
39003,140,0.0
39003,141,0.0
39003,142,0.0
39003,143,0.0
39003,144,0.0
39003,145,0.0
39003,146,0.0
39003,147,0.0
39003,148,0.0
39003,149,0.0
39003,150,0.0
39003,151,0.0
39003,152,4.8196514e-05
39003,153,0.0
39003,154,0.0
39003,155,0.0
39003,156,0.0
39003,157,0.0
39003,158,0.0
39003,159,0.0
39003,160,0.0
39003,161,0.0
39003,162,0.0
39003,163,0.0
39003,164,0.0
39003,165,0.0
39003,166,0.0
39003,167,0.0
39003,168,0.0001448236
39003,169,0.0002787447
39003,170,0.00012578885
39003,171,1.756688e-05
39003,172,0.0
39003,173,0.0
39003,174,0.0
39003,175,0.0
39003,176,0.0
39003,177,0.0
39003,178,6.770293e-06
39003,179,0.00011135161
39003,180,0.00011899034
39003,181,5.4158965e-05
39003,182,4.589796e-05
39003,183,1.3591647e-05
39003,184,0.0
39003,185,0.0
39003,186,0.0
39003,187,9.3121926e-05
39003,188,0.00013575394
39003,189,0.0001600925
39003,190,0.0002017055
39003,191,0.000103262064
39003,192,0.000114154216
39003,193,3.1526884e-06
39003,194,0.0
39003,195,4.8919715e-05
39003,196,6.4150096e-05
39003,197,0.00010025501
39003,198,0.00031051974
39003,199,4.5021574e-05
39003,200,0.0
39003,201,0.00011117697
39003,202,0.00016988834
39003,203,0.0001949954
39003,204,0.00030604363
39003,205,0.00026089847
39003,206,0.00022412339
39003,207,0.0
39003,208,0.0
39003,209,0.0
39003,210,0.0
39003,211,0.00018040159
39003,212,5.517403e-05
39003,213,0.0001627157
39003,214,0.00027928234
39003,215,0.00039087652
39005,73,0.11684051
39005,74,0.10234056
39005,75,0.093764886
39005,76,0.09257011
39005,77,0.08711503
39005,78,0.080694646
39005,79,0.070903875
39005,80,0.058506407
39005,81,0.047689967
39005,82,0.04018487
39005,83,0.03490627
39005,84,0.031180287
39005,85,0.02862027
39005,86,0.026786651
39005,87,0.026505047
39005,88,0.024683584
39005,89,0.021847742
39005,90,0.018984132
39005,91,0.015493402
39005,92,0.012349673
39005,93,0.010301658
39005,94,0.008987136
39005,95,0.008599819
39005,96,0.008138969
39005,97,0.0070773237
39005,98,0.006557856
39005,99,0.006010034
39005,100,0.0056778793
39005,101,0.0054534297
39005,102,0.0052824193
39005,103,0.005230953
39005,104,0.004890386
39005,105,0.005240938
39005,106,0.0054222606
39005,107,0.0056739026
39005,108,0.00555778
39005,109,0.0058050216
39005,110,0.006524031
39005,111,0.0057161623
39005,112,0.0058999322
39005,113,0.005510187
39005,114,0.0055115568
39005,115,0.0051616128
39005,116,0.003662831
39005,117,0.0031648488
39005,118,0.0023382283
39005,119,0.0017192113
39005,120,0.0009437292
39005,121,0.00072974793
39005,122,0.0006560341
39005,123,0.0015903183
39005,124,0.0017046366
39005,125,0.0013190213
39005,126,0.0023216456
39005,127,0.004205148
39005,128,0.0054997597
39005,129,0.0062517957
39005,130,0.006816692
39005,131,0.006371379
39005,132,0.005011273
39005,133,0.004018871
39005,134,0.0028917694
39005,135,0.0021313867
39005,136,0.0019548894
39005,137,0.0019995547
39005,138,0.001867966
39005,139,0.0021117055
39005,140,0.0018824919
39005,141,0.0013383932
39005,142,0.0009244697
39005,143,0.000563865
39005,144,0.0005398959
39005,145,0.0006154974
39005,146,0.00060179323
39005,147,0.0008050909
39005,148,0.00097171374
39005,149,0.001073677
39005,150,0.0011068019
39005,151,0.0011923764
39005,152,0.0015512258
39005,153,0.001494761
39005,154,0.0016482223
39005,155,0.0016980292
39005,156,0.0017634406
39005,157,0.0014252055
39005,158,0.0010681096
39005,159,0.0011019993
39005,160,0.001105545
39005,161,0.00085185043
39005,162,0.00035650312
39005,163,0.0001748085
39005,164,0.00033141416
39005,165,0.0002910932
39005,166,0.00040958764
39005,167,0.0001494211
39005,168,0.0004967992
39005,169,0.00081587257
39005,170,0.00060453376
39005,171,0.00036909938
39005,172,0.00033355056
39005,173,0.00022176305
39005,174,0.00041285992
39005,175,0.00027694067
39005,176,0.0
39005,177,0.00025429807
39005,178,0.00055932224
39005,179,0.0005803506
39005,180,0.00056040485
39005,181,0.000533431
39005,182,0.0005497952
39005,183,0.0004033631
39005,184,0.00032853824
39005,185,8.964042e-05
39005,186,4.297495e-05
39005,187,0.0
39005,188,0.0
39005,189,8.508742e-05
39005,190,0.0
39005,191,0.0
39005,192,0.0
39005,193,0.0
39005,194,0.0
39005,195,0.0
39005,196,0.0
39005,197,0.0
39005,198,0.0
39005,199,0.0
39005,200,0.0
39005,201,7.8849e-06
39005,202,0.0
39005,203,0.00031183937
39005,204,0.0003114164
39005,205,0.0006077528
39005,206,0.0004367697
39005,207,0.00029104433
39005,208,8.064012e-05
39005,209,9.597699e-05
39005,210,0.0006703472
39005,211,0.0007198075
39005,212,0.00029895545
39005,213,0.00045039147
39005,214,0.00021503487
39005,215,0.00022107741
39007,73,0.061362747
39007,74,0.06444163
39007,75,0.062275507
39007,76,0.06304933
39007,77,0.061174206
39007,78,0.05674255
39007,79,0.05187322
39007,80,0.048058923
39007,81,0.04460068
39007,82,0.041498613
39007,83,0.037953958
39007,84,0.03529288
39007,85,0.03269389
39007,86,0.030554961
39007,87,0.02853833
39007,88,0.026095083
39007,89,0.023580275
39007,90,0.021142757
39007,91,0.019555664
39007,92,0.01816616
39007,93,0.01624016
39007,94,0.014433308
39007,95,0.012665817
39007,96,0.011234593
39007,97,0.01001346
39007,98,0.00871569
39007,99,0.007863883
39007,100,0.0074051484
39007,101,0.0070208483
39007,102,0.0067910985
39007,103,0.006969409
39007,104,0.0061853975
39007,105,0.0058976323
39007,106,0.0060072057
39007,107,0.0066190283
39007,108,0.0070283776
39007,109,0.0073927306
39007,110,0.008262599
39007,111,0.009830419
39007,112,0.014229237
39007,113,0.014587868
39007,114,0.01355018
39007,115,0.013432489
39007,116,0.0139663555
39007,117,0.015148312
39007,118,0.014957275
39007,119,0.01514845
39007,120,0.014928926
39007,121,0.013268705
39007,122,0.011791519
39007,123,0.010350916
39007,124,0.009270844
39007,125,0.008017908
39007,126,0.007557332
39007,127,0.006937797
39007,128,0.0060802917
39007,129,0.005574861
39007,130,0.0050251167
39007,131,0.0042779814
39007,132,0.0041688774
39007,133,0.0037309804
39007,134,0.0025876656
39007,135,0.0019993722
39007,136,0.0018957098
39007,137,0.0017296076
39007,138,0.0015458603
39007,139,0.0016069113
39007,140,0.0011467882
39007,141,0.0013069733
39007,142,0.0013026072
39007,143,0.0014338259
39007,144,0.0015891719
39007,145,0.0016500178
39007,146,0.0015549515
39007,147,0.0013231466
39007,148,0.0011100494
39007,149,0.0010033402
39007,150,0.0010026409
39007,151,0.00075519003
39007,152,0.0006550896
39007,153,0.0005337284
39007,154,0.00063188793
39007,155,0.00072363997
39007,156,0.0008729307
39007,157,0.00070131384
39007,158,0.0005765015
39007,159,0.0005899451
39007,160,0.00039009075
39007,161,0.0004502682
39007,162,0.00025910736
39007,163,0.00044115144
39007,164,0.00040264206
39007,165,0.00021315417
39007,166,0.00030579328
39007,167,0.00043388564
39007,168,0.00054983934
39007,169,0.0004133473
39007,170,0.00046090127
39007,171,0.00042433024
39007,172,0.0003042992
39007,173,0.00013939958
39007,174,0.0
39007,175,0.0
39007,176,0.0
39007,177,0.0
39007,178,0.00014075021
39007,179,0.0
39007,180,0.0
39007,181,0.0
39007,182,0.00012761653
39007,183,0.0001665177
39007,184,0.0
39007,185,0.0
39007,186,0.0
39007,187,0.0
39007,188,9.820064e-05
39007,189,0.00014096677
39007,190,0.00014180542
39007,191,9.1733935e-05
39007,192,8.4665415e-05
39007,193,8.520682e-06
39007,194,8.838972e-06
39007,195,0.0
39007,196,3.4638247e-06
39007,197,6.269415e-06
39007,198,7.019301e-05
39007,199,4.6525598e-05
39007,200,0.0
39007,201,0.0
39007,202,0.0
39007,203,0.0
39007,204,0.0
39007,205,0.0
39007,206,0.0
39007,207,0.0
39007,208,0.0
39007,209,1.5452306e-05
39007,210,1.04651845e-05
39007,211,1.9755165e-05
39007,212,0.0
39007,213,0.0
39007,214,0.0
39007,215,0.0
39009,73,0.006600167
39009,74,0.0064877653
39009,75,0.0061945156
39009,76,0.006275368
39009,77,0.00652657
39009,78,0.0067309435
39009,79,0.0068782074
39009,80,0.006492247
39009,81,0.006712596
39009,82,0.0067314673
39009,83,0.0069341166
39009,84,0.0062750764
39009,85,0.005069113
39009,86,0.004250776
39009,87,0.0032392524
39009,88,0.00321507
39009,89,0.0030311951
39009,90,0.0027543139
39009,91,0.0024223411
39009,92,0.0019321055
39009,93,0.0013642515
39009,94,0.0010230991
39009,95,0.00093695306
39009,96,0.0009501443
39009,97,0.000861269
39009,98,0.0007938385
39009,99,0.0007350703
39009,100,0.0008581897
39009,101,0.00070387067
39009,102,0.0004961032
39009,103,0.00036470193
39009,104,0.0
39009,105,0.0
39009,106,0.0
39009,107,0.00047942
39009,108,0.0012875579
39009,109,0.0019593982
39009,110,0.0024911482
39009,111,0.002499388
39009,112,0.0026844114
39009,113,0.002868543
39009,114,0.003064587
39009,115,0.0031940402
39009,116,0.00324079
39009,117,0.0034452763
39009,118,0.003282893
39009,119,0.0029070526
39009,120,0.0027171457
39009,121,0.002356034
39009,122,0.0019056338
39009,123,0.0013117194
39009,124,0.0016174369
39009,125,0.002924256
39009,126,0.0035153832
39009,127,0.0034532214
39009,128,0.0033448255
39009,129,0.0032781707
39009,130,0.0034152197
39009,131,0.003722634
39009,132,0.0036433544
39009,133,0.0031167385
39009,134,0.0024493737
39009,135,0.0025651765
39009,136,0.0035098805
39009,137,0.005315864
39009,138,0.0086124465
39009,139,0.013795913
39009,140,0.013685274
39009,141,0.011908604
39009,142,0.010192168
39009,143,0.008815996
39009,144,0.0074624936
39009,145,0.0060027987
39009,146,0.004800632
39009,147,0.004286987
39009,148,0.0038802435
39009,149,0.003482366
39009,150,0.0031340155
39009,151,0.002798982
39009,152,0.0023701
39009,153,0.0022816719
39009,154,0.0021088067
39009,155,0.0021104922
39009,156,0.001926751
39009,157,0.0014739089
39009,158,0.0013445462
39009,159,0.0011518024
39009,160,0.0011081409
39009,161,0.00078801304
39009,162,0.00075827533
39009,163,0.00080461375
39009,164,0.00069886004
39009,165,0.0007285342
39009,166,0.00078259816
39009,167,0.00067788997
39009,168,0.000767214
39009,169,0.00090140343
39009,170,0.00076485187
39009,171,0.000603617
39009,172,0.000671944
39009,173,0.00050228735
39009,174,0.0004386391
39009,175,0.000552327
39009,176,0.0005496019
39009,177,0.00030266485
39009,178,0.0005290431
39009,179,0.00065891625
39009,180,0.00077803334
39009,181,0.00074604235
39009,182,0.00048743625
39009,183,0.00036435467
39009,184,0.00029904625
39009,185,0.00025461733
39009,186,0.00019309521
39009,187,0.0
39009,188,4.7245423e-05
39009,189,0.00017733872
39009,190,0.00020737252
39009,191,0.00016785125
39009,192,7.751902e-05
39009,193,0.0001385365
39009,194,0.00012708445
39009,195,0.00019423147
39009,196,0.0002128025
39009,197,0.00023887873
39009,198,0.00021782338
39009,199,0.00016735634
39009,200,0.00038037897
39009,201,0.00026207426
39009,202,0.00018346489
39009,203,0.0
39009,204,0.00014479458
39009,205,0.0
39009,206,0.0
39009,207,0.00014118652
39009,208,0.0002944255
39009,209,0.00043186444
39009,210,0.00041924734
39009,211,0.0003759138
39009,212,0.00031688434
39009,213,5.644262e-05
39009,214,9.697219e-05
39009,215,0.0
39011,73,0.029637992
39011,74,0.029660279
39011,75,0.028411353
39011,76,0.027797077
39011,77,0.029221252
39011,78,0.031389616
39011,79,0.032243036
39011,80,0.031687673
39011,81,0.030827751
39011,82,0.030204277
39011,83,0.027007846
39011,84,0.024430323
39011,85,0.021442749
39011,86,0.019201323
39011,87,0.017229646
39011,88,0.015383827
39011,89,0.013505183
39011,90,0.012085671
39011,91,0.010415333
39011,92,0.008871382
39011,93,0.0074808532
39011,94,0.0060264547
39011,95,0.005360752
39011,96,0.0048338277
39011,97,0.0043802843
39011,98,0.0037965789
39011,99,0.0034931675
39011,100,0.003589318
39011,101,0.0036874295
39011,102,0.0036754385
39011,103,0.0037066652
39011,104,0.0034022927
39011,105,0.0031884112
39011,106,0.0032351185
39011,107,0.0034394981
39011,108,0.0034571204
39011,109,0.004011831
39011,110,0.003548918
39011,111,0.004165094
39011,112,0.0036607203
39011,113,0.0035804429
39011,114,0.0035592795
39011,115,0.0030807308
39011,116,0.0029724769
39011,117,0.0024870355
39011,118,0.0018276619
39011,119,0.0019853539
39011,120,0.0026887045
39011,121,0.0011768885
39011,122,0.0026984967
39011,123,0.0026285327
39011,124,0.002092052
39011,125,0.002093175
39011,126,0.0021402477
39011,127,0.002191295
39011,128,0.0018269474
39011,129,0.0013824721
39011,130,0.0010583876
39011,131,0.0009415352
39011,132,0.0009768447
39011,133,0.0009825611
39011,134,0.0008998201
39011,135,0.0009517143
39011,136,0.00079927564
39011,137,0.0006757108
39011,138,0.0009885022
39011,139,0.0008096298
39011,140,0.0005203277
39011,141,0.00052202883
39011,142,0.00046181757
39011,143,0.0004831304
39011,144,0.00020314833
39011,145,0.0
39011,146,0.0
39011,147,7.242878e-05
39011,148,0.00022858103
39011,149,0.00023720524
39011,150,0.00019833744
39011,151,0.00034098167
39011,152,0.00026590785
39011,153,0.00017550826
39011,154,5.2944422e-05
39011,155,0.0
39011,156,0.0
39011,157,0.0
39011,158,0.0
39011,159,0.0
39011,160,0.0
39011,161,0.0
39011,162,0.0
39011,163,0.0
39011,164,3.2603741e-06
39011,165,0.00016606828
39011,166,0.0001742363
39011,167,0.00038396896
39011,168,0.00021986305
39011,169,0.00018141052
39011,170,0.00053253095
39011,171,0.00039197068
39011,172,0.00062015356
39011,173,0.0004755233
39011,174,0.00045514345
39011,175,0.00044312258
39011,176,0.00036896288
39011,177,0.0003819241
39011,178,0.0006619335
39011,179,0.0007308174
39011,180,0.0005839467
39011,181,0.00041758257
39011,182,0.000411187
39011,183,0.0003015375
39011,184,1.283884e-05
39011,185,0.00014577866
39011,186,0.00017999807
39011,187,0.00019254863
39011,188,0.00019821426
39011,189,0.00018251636
39011,190,0.00032459438
39011,191,0.00019000968
39011,192,0.0002927641
39011,193,0.00025978088
39011,194,0.00029787738
39011,195,0.000540698
39011,196,0.00057372847
39011,197,0.00049151643
39011,198,0.0006772771
39011,199,0.00029462556
39011,200,0.00042327782
39011,201,0.000564453
39011,202,0.0002216345
39011,203,0.0001987054
39011,204,0.0
39011,205,0.0
39011,206,0.0
39011,207,0.0
39011,208,0.0
39011,209,0.0
39011,210,0.0
39011,211,0.00027126292
39011,212,0.00090492365
39011,213,0.0012955387
39011,214,0.00085191545
39011,215,0.0009937737
39013,73,0.12027372
39013,74,0.11414454
39013,75,0.11358752
39013,76,0.11207131
39013,77,0.109601945
39013,78,0.10726388
39013,79,0.105265625
39013,80,0.10291874
39013,81,0.099865936
39013,82,0.09562697
39013,83,0.09113056
39013,84,0.087715924
39013,85,0.084468625
39013,86,0.08133979
39013,87,0.07834732
39013,88,0.07498784
39013,89,0.07096507
39013,90,0.068425864
39013,91,0.063196406
39013,92,0.05526638
39013,93,0.0485288
39013,94,0.043697916
39013,95,0.039674934
39013,96,0.037012693
39013,97,0.035293687
39013,98,0.033694513
39013,99,0.03299291
39013,100,0.03217241
39013,101,0.031257696
39013,102,0.03026932
39013,103,0.029262124
39013,104,0.028382367
39013,105,0.026591832
39013,106,0.025074676
39013,107,0.024527108
39013,108,0.02386795
39013,109,0.02159502
39013,110,0.019276675
39013,111,0.015548147
39013,112,0.012428766
39013,113,0.010775481
39013,114,0.009822118
39013,115,0.008893335
39013,116,0.007891491
39013,117,0.007005722
39013,118,0.0066294237
39013,119,0.005864141
39013,120,0.005125094
39013,121,0.0047808276
39013,122,0.004380829
39013,123,0.0038854647
39013,124,0.0034617023
39013,125,0.0034669724
39013,126,0.0038508596
39013,127,0.0043237675
39013,128,0.0050644283
39013,129,0.005564594
39013,130,0.005000643
39013,131,0.0043547214
39013,132,0.0044630608
39013,133,0.0042584203
39013,134,0.0035755904
39013,135,0.0030464304
39013,136,0.002781504
39013,137,0.0021707062
39013,138,0.0025480893
39013,139,0.0026034662
39013,140,0.0031574909
39013,141,0.004280043
39013,142,0.0051815235
39013,143,0.005511403
39013,144,0.0059057935
39013,145,0.0062108217
39013,146,0.0059990375
39013,147,0.006129648
39013,148,0.005505473
39013,149,0.0048593353
39013,150,0.004475148
39013,151,0.0040871827
39013,152,0.0034956634
39013,153,0.0030185175
39013,154,0.0025523456
39013,155,0.001997962
39013,156,0.0016272031
39013,157,0.0014922913
39013,158,0.0013041634
39013,159,0.0016240915
39013,160,0.0012134409
39013,161,0.0011504216
39013,162,0.0011559289
39013,163,0.0011811638
39013,164,0.000805681
39013,165,0.0005649245
39013,166,0.0006780259
39013,167,0.00058741553
39013,168,0.0005144263
39013,169,0.00043818366
39013,170,0.0008265076
39013,171,0.00046197046
39013,172,0.000598104
39013,173,0.00036770003
39013,174,0.00034714103
39013,175,0.00035864432
39013,176,6.033063e-05
39013,177,0.0
39013,178,0.00012753706
39013,179,0.00026535592
39013,180,5.0284467e-05
39013,181,0.0004306676
39013,182,0.0005516861
39013,183,0.0005307865
39013,184,0.00025720158
39013,185,0.00026094535
39013,186,0.00033505182
39013,187,0.0002242118
39013,188,0.0001394081
39013,189,0.0
39013,190,0.00011907737
39013,191,0.00026613197
39013,192,0.00027279794
39013,193,0.00017101249
39013,194,0.00023889124
39013,195,0.00020106276
39013,196,5.724847e-05
39013,197,0.00021152556
39013,198,0.0002930949
39013,199,0.00014206866
39013,200,0.0001881071
39013,201,0.00023212531
39013,202,0.00023879191
39013,203,0.00028969784
39013,204,0.00014987607
39013,205,0.0001682506
39013,206,0.00028232872
39013,207,0.0001460908
39013,208,0.00030070246
39013,209,0.00034763533
39013,210,0.00037347793
39013,211,0.00017549851
39013,212,9.392877e-05
39013,213,0.00034282406
39013,214,0.0006425045
39013,215,0.0005668409
39015,73,0.0001637733
39015,74,0.0
39015,75,0.0
39015,76,0.0
39015,77,0.00044426817
39015,78,0.00079125725
39015,79,0.00081913493
39015,80,0.00069047546
39015,81,0.0005835254
39015,82,0.0006942791
39015,83,0.00088798406
39015,84,0.0012046525
39015,85,0.0009143728
39015,86,0.0007706501
39015,87,0.0006986514
39015,88,0.000636304
39015,89,0.0005813091
39015,90,0.0005127911
39015,91,0.0004338513
39015,92,0.00045880128
39015,93,0.00025824955
39015,94,0.0002115055
39015,95,0.0001498292
39015,96,6.468952e-05
39015,97,1.236558e-05
39015,98,0.0
39015,99,0.0
39015,100,0.0
39015,101,0.0
39015,102,0.0
39015,103,0.0
39015,104,0.0
39015,105,0.0
39015,106,0.0
39015,107,0.0
39015,108,0.0009196645
39015,109,0.0034141787
39015,110,0.005800645
39015,111,0.00717833
39015,112,0.00735789
39015,113,0.007081025
39015,114,0.006421383
39015,115,0.00613008
39015,116,0.0061025387
39015,117,0.005476883
39015,118,0.0037913045
39015,119,0.0027180726
39015,120,0.0020285381
39015,121,0.0017409656
39015,122,0.0016163869
39015,123,0.0012527396
39015,124,0.00066849927
39015,125,0.00079919933
39015,126,0.0011742737
39015,127,0.0015132482
39015,128,0.0015578247
39015,129,0.0016241793
39015,130,0.0015263269
39015,131,0.0014021333
39015,132,0.0013369493
39015,133,0.0011952787
39015,134,0.00097345316
39015,135,0.0006861681
39015,136,0.0009076188
39015,137,0.0010490536
39015,138,0.001072696
39015,139,0.0009148512
39015,140,0.00084593357
39015,141,0.00069069705
39015,142,0.00056406436
39015,143,0.0004703039
39015,144,6.156028e-05
39015,145,0.0
39015,146,0.0
39015,147,0.0
39015,148,0.0
39015,149,0.0
39015,150,0.0
39015,151,0.0
39015,152,0.0
39015,153,3.1624037e-05
39015,154,0.0
39015,155,0.0
39015,156,0.0
39015,157,0.0
39015,158,0.0
39015,159,5.143285e-06
39015,160,0.00011226177
39015,161,0.00013147652
39015,162,2.9934246e-05
39015,163,0.0
39015,164,0.00012559771
39015,165,0.00038815598
39015,166,0.00035499054
39015,167,0.0003578949
39015,168,0.00022024095
39015,169,0.00013202171
39015,170,0.00023938814
39015,171,0.00029898068
39015,172,0.0
39015,173,0.0
39015,174,0.0
39015,175,0.00011478623
39015,176,2.8548837e-05
39015,177,0.00017532727
39015,178,0.00033293743
39015,179,0.0009077663
39015,180,0.0011821294
39015,181,0.0011303702
39015,182,0.0007380253
39015,183,0.0005270576
39015,184,0.00023094653
39015,185,9.9042256e-05
39015,186,0.00021804213
39015,187,0.00014422834
39015,188,0.0001524522
39015,189,0.0
39015,190,0.0
39015,191,0.0
39015,192,0.0
39015,193,0.0
39015,194,0.00013980885
39015,195,0.00012413145
39015,196,2.8287966e-05
39015,197,0.0
39015,198,0.0
39015,199,9.498556e-05
39015,200,0.0001542908
39015,201,0.00013458531
39015,202,0.0
39015,203,0.0
39015,204,0.0
39015,205,0.0001677837
39015,206,0.00016641796
39015,207,0.00028637686
39015,208,0.00030717254
39015,209,0.00027249614
39015,210,0.00027513228
39015,211,0.00033035915
39015,212,0.000525855
39015,213,0.0006933012
39015,214,0.0003688836
39015,215,0.00017137169
39019,73,0.36116895
39019,74,0.3871554
39019,75,0.37976182
39019,76,0.3637509
39019,77,0.35194844
39019,78,0.34385788
39019,79,0.33328822
39019,80,0.3206419
39019,81,0.30795318
39019,82,0.28978685
39019,83,0.27313843
39019,84,0.26353338
39019,85,0.2571714
39019,86,0.25105706
39019,87,0.24174677
39019,88,0.23169976
39019,89,0.22504044
39019,90,0.21645539
39019,91,0.19884469
39019,92,0.18725629
39019,93,0.17962165
39019,94,0.17483038
39019,95,0.16810912
39019,96,0.1596774
39019,97,0.15516457
39019,98,0.15505233
39019,99,0.15608831
39019,100,0.15760715
39019,101,0.15499187
39019,102,0.14922361
39019,103,0.14603144
39019,104,0.14594787
39019,105,0.14466962
39019,106,0.13885163
39019,107,0.1296167
39019,108,0.12161262
39019,109,0.11814311
39019,110,0.118808925
39019,111,0.1130238
39019,112,0.101733685
39019,113,0.092505455
39019,114,0.086406544
39019,115,0.081798166
39019,116,0.07439528
39019,117,0.06499126
39019,118,0.057472385
39019,119,0.05249756
39019,120,0.049389195
39019,121,0.046576783
39019,122,0.044649433
39019,123,0.04305985
39019,124,0.042176995
39019,125,0.043602034
39019,126,0.044201847
39019,127,0.044828936
39019,128,0.046282526
39019,129,0.048223633
39019,130,0.048680693
39019,131,0.047120728
39019,132,0.04328733
39019,133,0.040640045
39019,134,0.03730458
39019,135,0.033186063
39019,136,0.030328471
39019,137,0.027348606
39019,138,0.024654072
39019,139,0.021936962
39019,140,0.019208554
39019,141,0.016170299
39019,142,0.0146569405
39019,143,0.015251556
39019,144,0.0154417595
39019,145,0.016055007
39019,146,0.01647905
39019,147,0.01660965
39019,148,0.01716207
39019,149,0.0175647
39019,150,0.017351208
39019,151,0.016921319
39019,152,0.017540378
39019,153,0.017635966
39019,154,0.017063774
39019,155,0.015643202
39019,156,0.0146725
39019,157,0.013640085
39019,158,0.012173172
39019,159,0.010375236
39019,160,0.008443686
39019,161,0.0074017267
39019,162,0.0069448394
39019,163,0.006593344
39019,164,0.0051757474
39019,165,0.0042166016
39019,166,0.003750929
39019,167,0.003660861
39019,168,0.0037837282
39019,169,0.003979095
39019,170,0.0037711677
39019,171,0.0031837628
39019,172,0.0030141743
39019,173,0.0026302265
39019,174,0.0027226256
39019,175,0.0023612797
39019,176,0.0017941571
39019,177,0.0012263787
39019,178,0.0015641882
39019,179,0.0017240222
39019,180,0.0018056512
39019,181,0.0018356086
39019,182,0.0017868866
39019,183,0.0015972076
39019,184,0.000944016
39019,185,0.0013554298
39019,186,0.0008718995
39019,187,0.00049897016
39019,188,0.0003501125
39019,189,0.0002219065
39019,190,0.00045991997
39019,191,0.00040801745
39019,192,0.0005086504
39019,193,0.00063244556
39019,194,0.00052831514
39019,195,0.00044986862
39019,196,0.0005255842
39019,197,0.0011718717
39019,198,0.00081412913
39019,199,0.0009590241
39019,200,0.00093799253
39019,201,0.00087749364
39019,202,0.00076759554
39019,203,0.0006821078
39019,204,0.00070901035
39019,205,0.00074079214
39019,206,0.00080615224
39019,207,0.00058248657
39019,208,0.0004901779
39019,209,0.00035302358
39019,210,0.00010461569
39019,211,0.00045218217
39019,212,0.0
39019,213,0.0010420539
39019,214,0.0005244859
39019,215,0.0013124
39021,73,0.11224808
39021,74,0.09425892
39021,75,0.09029891
39021,76,0.08833497
39021,77,0.08757503
39021,78,0.08757613
39021,79,0.084923945
39021,80,0.079719104
39021,81,0.07483539
39021,82,0.07081507
39021,83,0.061602455
39021,84,0.0533202
39021,85,0.04680727
39021,86,0.042184398
39021,87,0.039939042
39021,88,0.03672494
39021,89,0.03253844
39021,90,0.02844835
39021,91,0.02351619
39021,92,0.018655382
39021,93,0.014558759
39021,94,0.011931546
39021,95,0.010645322
39021,96,0.009315109
39021,97,0.008229636
39021,98,0.0071802284
39021,99,0.0063301837
39021,100,0.0061754854
39021,101,0.005892783
39021,102,0.005723917
39021,103,0.0061473777
39021,104,0.0062573
39021,105,0.0060375314
39021,106,0.0062441393
39021,107,0.005989783
39021,108,0.0055747572
39021,109,0.0054655187
39021,110,0.0061825244
39021,111,0.0059499224
39021,112,0.005363795
39021,113,0.005330718
39021,114,0.0050483034
39021,115,0.0043988856
39021,116,0.0036308565
39021,117,0.0031937486
39021,118,0.0026218349
39021,119,0.0025499368
39021,120,0.0023938108
39021,121,0.0023471622
39021,122,0.0021547764
39021,123,0.0030669568
39021,124,0.003479557
39021,125,0.003369418
39021,126,0.004407138
39021,127,0.00618813
39021,128,0.0076563233
39021,129,0.007791522
39021,130,0.006421703
39021,131,0.004608589
39021,132,0.003339853
39021,133,0.002822452
39021,134,0.0023466644
39021,135,0.0020306096
39021,136,0.0014060853
39021,137,0.0011493971
39021,138,0.0012459306
39021,139,0.0012040135
39021,140,0.00092462637
39021,141,0.00070112786
39021,142,0.0006790694
39021,143,0.0008213917
39021,144,0.0007421728
39021,145,0.0007108605
39021,146,0.000548116
39021,147,0.00077156746
39021,148,0.00091764727
39021,149,0.0010019507
39021,150,0.0010999626
39021,151,0.0011605052
39021,152,0.0010377886
39021,153,0.00077815354
39021,154,0.00080119766
39021,155,0.00074807584
39021,156,0.00059153023
39021,157,0.00076145254
39021,158,0.00082024396
39021,159,0.0007965526
39021,160,0.00077674945
39021,161,0.00055834634
39021,162,0.0006515346
39021,163,0.00037526965
39021,164,0.0003640187
39021,165,0.00038564103
39021,166,0.00030033133
39021,167,0.00041172086
39021,168,0.00032199282
39021,169,0.00041840912
39021,170,0.00046447734
39021,171,0.00040397982
39021,172,0.0003575339
39021,173,0.00037330866
39021,174,0.0005523862
39021,175,0.00034807026
39021,176,0.00023100594
39021,177,0.00029906392
39021,178,0.00042063135
39021,179,0.00044920485
39021,180,0.0005533459
39021,181,0.0006708562
39021,182,0.0004756234
39021,183,0.0005019321
39021,184,0.0003836264
39021,185,0.00033217907
39021,186,0.00059767347
39021,187,0.00037483036
39021,188,1.9505023e-05
39021,189,0.0003131467
39021,190,0.000439686
39021,191,0.0005488384
39021,192,0.0005946958
39021,193,0.00048395156
39021,194,0.0004841824
39021,195,0.0004013598
39021,196,0.00030741672
39021,197,0.00021745444
39021,198,0.00019940475
39021,199,0.00022960147
39021,200,0.000203678
39021,201,0.00015227198
39021,202,4.231572e-05
39021,203,5.9102178e-05
39021,204,5.317271e-05
39021,205,0.0003801598
39021,206,0.00066103553
39021,207,0.0005476582
39021,208,0.00042165536
39021,209,0.00040243287
39021,210,0.0005326094
39021,211,0.0003936392
39021,212,0.00040571988
39021,213,0.00090557704
39021,214,0.0006251821
39021,215,0.0006442666
39041,73,0.07967527
39041,74,0.07972519
39041,75,0.07464777
39041,76,0.0727137
39041,77,0.07225615
39041,78,0.0736482
39041,79,0.07487369
39041,80,0.07438948
39041,81,0.07567417
39041,82,0.07562938
39041,83,0.07362227
39041,84,0.07097719
39041,85,0.067995325
39041,86,0.0644643
39041,87,0.058231354
39041,88,0.053278696
39041,89,0.04851558
39041,90,0.04402919
39041,91,0.03934621
39041,92,0.034485064
39041,93,0.03060894
39041,94,0.026967928
39041,95,0.023968307
39041,96,0.021585284
39041,97,0.019783007
39041,98,0.018113343
39041,99,0.01683355
39041,100,0.015983386
39041,101,0.015369399
39041,102,0.014841925
39041,103,0.014244143
39041,104,0.0138196265
39041,105,0.013036226
39041,106,0.012239328
39041,107,0.011710972
39041,108,0.01165554
39041,109,0.011734284
39041,110,0.012227649
39041,111,0.012552266
39041,112,0.012756091
39041,113,0.011837908
39041,114,0.010909642
39041,115,0.009460047
39041,116,0.0075231576
39041,117,0.0064129313
39041,118,0.006076123
39041,119,0.0059604924
39041,120,0.0057736463
39041,121,0.0058667213
39041,122,0.00624578
39041,123,0.0066856034
39041,124,0.0065860134
39041,125,0.005981315
39041,126,0.005749242
39041,127,0.0051732715
39041,128,0.005156688
39041,129,0.0053372644
39041,130,0.0053193625
39041,131,0.005254788
39041,132,0.005009404
39041,133,0.004745917
39041,134,0.0042989026
39041,135,0.0039055808
39041,136,0.0036075392
39041,137,0.0035786533
39041,138,0.0035501933
39041,139,0.0034856964
39041,140,0.00295166
39041,141,0.0023222005
39041,142,0.0016335003
39041,143,0.0015397132
39041,144,0.0015561811
39041,145,0.0013831486
39041,146,0.0014211823
39041,147,0.001298721
39041,148,0.0009859948
39041,149,0.0011500296
39041,150,0.0012464132
39041,151,0.0013470084
39041,152,0.0011991706
39041,153,0.0010949005
39041,154,0.0010890356
39041,155,0.0011027222
39041,156,0.0009406092
39041,157,0.0008850715
39041,158,0.00081665965
39041,159,0.0008140507
39041,160,0.000777421
39041,161,0.0006334194
39041,162,0.00047628384
39041,163,0.00034223555
39041,164,0.00028890034
39041,165,0.0005084044
39041,166,0.0004057779
39041,167,0.00023283064
39041,168,0.00018884876
39041,169,0.00033239444
39041,170,0.00038184106
39041,171,0.00026388429
39041,172,0.00014315844
39041,173,0.000107994274
39041,174,0.00020848653
39041,175,0.0002398797
39041,176,0.00018240094
39041,177,0.00048837066
39041,178,0.00055589597
39041,179,0.0004771328
39041,180,0.00040905576
39041,181,0.00044424157
39041,182,0.00040238994
39041,183,0.0003756088
39041,184,0.00030677218
39041,185,0.00037868303
39041,186,0.00020487269
39041,187,0.00020495316
39041,188,0.0002686467
39041,189,0.00030334096
39041,190,0.00033491867
39041,191,0.0003226197
39041,192,0.0002258116
39041,193,0.00021459302
39041,194,0.0002179408
39041,195,0.00021753013
39041,196,0.00022351721
39041,197,0.00020536342
39041,198,0.00019802272
39041,199,0.00010420243
39041,200,7.7097415e-05
39041,201,0.00011608839
39041,202,9.3541144e-05
39041,203,0.00022361755
39041,204,0.00025984348
39041,205,0.00036256033
39041,206,0.0005017747
39041,207,0.0004774936
39041,208,0.00033691304
39041,209,0.00026418985
39041,210,0.00020672461
39041,211,0.00028369704
39041,212,0.00028354287
39041,213,2.2206505e-05
39041,214,0.00013842086
39041,215,0.00041865726
39043,73,0.03624837
39043,74,0.03650339
39043,75,0.034703847
39043,76,0.033422194
39043,77,0.032700054
39043,78,0.031588703
39043,79,0.030744802
39043,80,0.02960296
39043,81,0.028791016
39043,82,0.0274496
39043,83,0.025578098
39043,84,0.023447856
39043,85,0.021738922
39043,86,0.019137554
39043,87,0.016576728
39043,88,0.014749698
39043,89,0.013037261
39043,90,0.011260296
39043,91,0.009879339
39043,92,0.008480072
39043,93,0.0072341915
39043,94,0.0061875773
39043,95,0.005419211
39043,96,0.0048680757
39043,97,0.004381691
39043,98,0.003987305
39043,99,0.0036397588
39043,100,0.0035464026
39043,101,0.0035045303
39043,102,0.0034303807
39043,103,0.003130899
39043,104,0.002849195
39043,105,0.0026613038
39043,106,0.0024013221
39043,107,0.0021075816
39043,108,0.0019484778
39043,109,0.0023445599
39043,110,0.0027111762
39043,111,0.0026050915
39043,112,0.0025326344
39043,113,0.002294547
39043,114,0.0022548013
39043,115,0.0018705942
39043,116,0.0016957164
39043,117,0.0013881745
39043,118,0.0008731705
39043,119,0.0003054133
39043,120,0.00046510488
39043,121,0.00037648718
39043,122,0.0010428554
39043,123,0.0016631256
39043,124,0.0008830478
39043,125,0.0017901636
39043,126,0.0018111988
39043,127,0.0017951005
39043,128,0.0013420667
39043,129,0.0012589081
39043,130,0.0012117033
39043,131,0.0010891932
39043,132,0.0010166803
39043,133,0.0008255623
39043,134,0.00071097456
39043,135,0.0006778153
39043,136,0.0007360545
39043,137,0.000500353
39043,138,0.00048552532
39043,139,0.00049090525
39043,140,0.00021321059
39043,141,0.00023095927
39043,142,0.00037827867
39043,143,0.0003096223
39043,144,0.0002695328
39043,145,0.00024003565
39043,146,0.00042398632
39043,147,0.00050330063
39043,148,0.00059426384
39043,149,0.0005123101
39043,150,0.00046447496
39043,151,0.00035435814
39043,152,0.00040552497
39043,153,0.0003640318
39043,154,0.00040190876
39043,155,0.00036842824
39043,156,0.00021508554
39043,157,0.00019439557
39043,158,0.00029178045
39043,159,0.000445473
39043,160,0.0004525437
39043,161,0.00028931658
39043,162,0.00014989615
39043,163,5.572339e-05
39043,164,0.0
39043,165,0.0
39043,166,0.0
39043,167,0.0
39043,168,3.5627287e-05
39043,169,7.293284e-05
39043,170,5.0991377e-05
39043,171,0.0
39043,172,0.0
39043,173,0.0
39043,174,0.0
39043,175,0.0
39043,176,3.6892492e-05
39043,177,9.6319316e-05
39043,178,4.759649e-05
39043,179,2.3130377e-05
39043,180,1.1098584e-05
39043,181,0.0
39043,182,5.9569677e-05
39043,183,7.86813e-05
39043,184,5.6405665e-05
39043,185,6.418923e-05
39043,186,6.7639353e-06
39043,187,0.0
39043,188,0.0001541541
39043,189,0.00017038485
39043,190,0.0001442484
39043,191,0.0
39043,192,0.0
39043,193,0.0
39043,194,0.0
39043,195,0.0
39043,196,0.0
39043,197,0.0
39043,198,0.0
39043,199,0.0
39043,200,0.0
39043,201,0.0
39043,202,0.0
39043,203,0.0
39043,204,0.0
39043,205,0.00016904771
39043,206,0.00030957698
39043,207,0.0
39043,208,0.0
39043,209,0.0
39043,210,0.00018057505
39043,211,0.00047504585
39043,212,0.0006001562
39043,213,0.00036065502
39043,214,0.00015815356
39043,215,0.0
39047,73,0.007015505
39047,74,0.0073131556
39047,75,0.006585173
39047,76,0.006484621
39047,77,0.0067297546
39047,78,0.0064097764
39047,79,0.006085248
39047,80,0.00566634
39047,81,0.0053384285
39047,82,0.0044357167
39047,83,0.004642209
39047,84,0.0046014455
39047,85,0.0044974424
39047,86,0.0046731518
39047,87,0.004959325
39047,88,0.004898951
39047,89,0.0044952235
39047,90,0.0036218653
39047,91,0.0031425485
39047,92,0.0029029087
39047,93,0.0027121445
39047,94,0.0025125132
39047,95,0.002263865
39047,96,0.0021600146
39047,97,0.001904149
39047,98,0.0018269479
39047,99,0.0017509658
39047,100,0.0018194126
39047,101,0.0018146865
39047,102,0.0017957545
39047,103,0.0016408797
39047,104,0.0016581581
39047,105,0.0010800916
39047,106,0.00038523733
39047,107,9.373486e-05
39047,108,0.0013136282
39047,109,0.0037000072
39047,110,0.007742258
39047,111,0.010945093
39047,112,0.011543073
39047,113,0.0117377695
39047,114,0.010696596
39047,115,0.009419581
39047,116,0.008123139
39047,117,0.0077635334
39047,118,0.006896319
39047,119,0.005687744
39047,120,0.0044501456
39047,121,0.0034274734
39047,122,0.0027321293
39047,123,0.0023601044
39047,124,0.0020536662
39047,125,0.0023343184
39047,126,0.0023143566
39047,127,0.0027022483
39047,128,0.0029221617
39047,129,0.0029124147
39047,130,0.003096376
39047,131,0.0032244683
39047,132,0.003021993
39047,133,0.0028793353
39047,134,0.0028051923
39047,135,0.00255541
39047,136,0.0023631179
39047,137,0.0025301096
39047,138,0.0031476095
39047,139,0.0029857466
39047,140,0.0026807878
39047,141,0.0021323713
39047,142,0.0018602944
39047,143,0.0012213959
39047,144,0.0013137507
39047,145,0.0013787902
39047,146,0.00093168236
39047,147,0.00081553496
39047,148,0.0007085963
39047,149,0.0006754419
39047,150,0.0006555065
39047,151,0.00058222277
39047,152,0.00043294986
39047,153,0.00040384234
39047,154,0.0003065463
39047,155,0.00024950385
39047,156,0.00011316796
39047,157,0.00012595892
39047,158,0.00012334288
39047,159,0.0004228739
39047,160,0.00031238477
39047,161,2.9428005e-05
39047,162,0.0
39047,163,0.0001069351
39047,164,0.00012614111
39047,165,0.00021404744
39047,166,0.0003633976
39047,167,0.00038394035
39047,168,0.00023436388
39047,169,4.6093464e-05
39047,170,0.00031206408
39047,171,0.00029833257
39047,172,0.0
39047,173,3.5029847e-05
39047,174,0.0003453529
39047,175,0.00017840207
39047,176,0.0
39047,177,0.0
39047,178,0.000116399926
39047,179,0.00047024488
39047,180,0.0007113313
39047,181,0.0006167011
39047,182,0.0006011905
39047,183,0.0006110976
39047,184,0.00053662976
39047,185,0.0003599922
39047,186,0.00029158674
39047,187,2.937774e-05
39047,188,4.8565864e-05
39047,189,5.170703e-05
39047,190,0.00018471897
39047,191,6.165365e-05
39047,192,8.244117e-05
39047,193,6.8748195e-05
39047,194,0.0
39047,195,2.6297372e-05
39047,196,6.0315728e-05
39047,197,0.0
39047,198,0.0
39047,199,0.0
39047,200,0.0
39047,201,0.0
39047,202,0.0
39047,203,0.0
39047,204,0.0
39047,205,0.0
39047,206,0.00021892348
39047,207,0.00045831662
39047,208,0.00036211568
39047,209,2.642433e-05
39047,210,0.0
39047,211,0.0
39047,212,8.737842e-06
39047,213,3.197074e-05
39047,214,0.00013840754
39047,215,0.0
39057,73,0.029685937
39057,74,0.029488375
39057,75,0.0269102
39057,76,0.025561392
39057,77,0.024555352
39057,78,0.023687726
39057,79,0.02226785
39057,80,0.02076052
39057,81,0.020049442
39057,82,0.01864152
39057,83,0.017375775
39057,84,0.015650025
39057,85,0.014194012
39057,86,0.013005551
39057,87,0.012093404
39057,88,0.010486294
39057,89,0.008700678
39057,90,0.007322273
39057,91,0.0065330104
39057,92,0.0059460546
39057,93,0.0052518193
39057,94,0.004749361
39057,95,0.0042848466
39057,96,0.0038688097
39057,97,0.0034640834
39057,98,0.0030913642
39057,99,0.0028438568
39057,100,0.0027728132
39057,101,0.0026093828
39057,102,0.0024309708
39057,103,0.0023904291
39057,104,0.0021550779
39057,105,0.0019191869
39057,106,0.0018000623
39057,107,0.0021777826
39057,108,0.0026909176
39057,109,0.0032072596
39057,110,0.004088324
39057,111,0.004357541
39057,112,0.004251912
39057,113,0.0042020814
39057,114,0.0038921186
39057,115,0.0036393742
39057,116,0.003037372
39057,117,0.0025306197
39057,118,0.0021184667
39057,119,0.0018136792
39057,120,0.0014680028
39057,121,0.0011144337
39057,122,0.0010508238
39057,123,0.00076089264
39057,124,0.0009842849
39057,125,0.0012090618
39057,126,0.0012408003
39057,127,0.0011123958
39057,128,0.0010657916
39057,129,0.0011049481
39057,130,0.0010622597
39057,131,0.000936529
39057,132,0.0010511214
39057,133,0.001048884
39057,134,0.0008356204
39057,135,0.0007273487
39057,136,0.00064728886
39057,137,0.000742602
39057,138,0.0008230699
39057,139,0.000729365
39057,140,0.00071444665
39057,141,0.00039176506
39057,142,0.00025820156
39057,143,0.0003449909
39057,144,0.0003219394
39057,145,0.00021710595
39057,146,0.00024915417
39057,147,0.0002302148
39057,148,0.00021170756
39057,149,0.00016539216
39057,150,0.00019436776
39057,151,0.00024249712
39057,152,0.00022877216
39057,153,0.00014437299
39057,154,0.000100050376
39057,155,7.071415e-05
39057,156,3.0322672e-05
39057,157,4.788816e-05
39057,158,2.2049744e-05
39057,159,0.00022980213
39057,160,0.00023012697
39057,161,9.545505e-05
39057,162,3.5156806e-06
39057,163,0.0
39057,164,0.0
39057,165,0.0
39057,166,2.2557973e-05
39057,167,0.00013654471
39057,168,0.00018158635
39057,169,0.00026708792
39057,170,0.00018962106
39057,171,5.348126e-05
39057,172,0.0
39057,173,0.00014979402
39057,174,0.00020986894
39057,175,0.00030765255
39057,176,0.0002190866
39057,177,0.00025540034
39057,178,0.00017787755
39057,179,0.00018411895
39057,180,0.0002522415
39057,181,0.00033917784
39057,182,0.00037392677
39057,183,0.00040397764
39057,184,0.00024198732
39057,185,0.0002743393
39057,186,0.00032468795
39057,187,0.0002599752
39057,188,0.00021323601
39057,189,0.00019736886
39057,190,0.0003102847
39057,191,0.00028129914
39057,192,0.00020579359
39057,193,0.00021562557
39057,194,0.00020560702
39057,195,0.00024273932
39057,196,0.0002210202
39057,197,0.0001424563
39057,198,3.985107e-05
39057,199,3.3206743e-05
39057,200,4.2218366e-05
39057,201,1.637737e-06
39057,202,0.0
39057,203,0.0
39057,204,0.00014007707
39057,205,0.00045400203
39057,206,0.0005094041
39057,207,0.00052112044
39057,208,0.00040672024
39057,209,0.00021867394
39057,210,0.00013461668
39057,211,0.000389657
39057,212,0.0003375278
39057,213,0.00015391786
39057,214,0.00024255931
39057,215,0.00033604604
39067,73,0.2350842
39067,74,0.24536557
39067,75,0.24118422
39067,76,0.24244222
39067,77,0.2405836
39067,78,0.23922989
39067,79,0.2365361
39067,80,0.22810082
39067,81,0.21786354
39067,82,0.20508026
39067,83,0.19198912
39067,84,0.1843351
39067,85,0.1771686
39067,86,0.1742527
39067,87,0.16860719
39067,88,0.16269372
39067,89,0.15493916
39067,90,0.14464194
39067,91,0.12595703
39067,92,0.108306386
39067,93,0.09638326
39067,94,0.08896594
39067,95,0.08283975
39067,96,0.079541214
39067,97,0.07875133
39067,98,0.07836285
39067,99,0.07832887
39067,100,0.078364424
39067,101,0.07838112
39067,102,0.07782041
39067,103,0.0773851
39067,104,0.076110385
39067,105,0.07353718
39067,106,0.07010582
39067,107,0.069400646
39067,108,0.06857789
39067,109,0.06470976
39067,110,0.061320845
39067,111,0.053686928
39067,112,0.046467435
39067,113,0.043338113
39067,114,0.042128716
39067,115,0.04113581
39067,116,0.03890051
39067,117,0.03512627
39067,118,0.03344588
39067,119,0.031113064
39067,120,0.03011788
39067,121,0.029530952
39067,122,0.029223459
39067,123,0.028235752
39067,124,0.026800863
39067,125,0.027874649
39067,126,0.027630927
39067,127,0.028809158
39067,128,0.029216003
39067,129,0.032024633
39067,130,0.03740692
39067,131,0.038657505
39067,132,0.033685125
39067,133,0.026737334
39067,134,0.01999766
39067,135,0.014713872
39067,136,0.01173771
39067,137,0.008702084
39067,138,0.007517367
39067,139,0.006239614
39067,140,0.0056234165
39067,141,0.005062137
39067,142,0.004421674
39067,143,0.003942404
39067,144,0.0037638356
39067,145,0.003775674
39067,146,0.0033110557
39067,147,0.003795085
39067,148,0.004389791
39067,149,0.0043243747
39067,150,0.0045510195
39067,151,0.0056479815
39067,152,0.0060750647
39067,153,0.0060550356
39067,154,0.0063999062
39067,155,0.0053368276
39067,156,0.0045264782
39067,157,0.003620944
39067,158,0.002677912
39067,159,0.0023907681
39067,160,0.001645848
39067,161,0.0012653656
39067,162,0.0011101952
39067,163,0.0012336097
39067,164,0.0009775645
39067,165,0.0011559292
39067,166,0.0012135548
39067,167,0.0014238661
39067,168,0.0012319398
39067,169,0.0011694967
39067,170,0.00056726026
39067,171,0.00043307108
39067,172,0.000785738
39067,173,0.0007809475
39067,174,0.0010907871
39067,175,0.0009829798
39067,176,0.0007176173
39067,177,0.0003101798
39067,178,0.00065749406
39067,179,0.00074345985
39067,180,0.0008115882
39067,181,0.0012588575
39067,182,0.0011974013
39067,183,0.0010691975
39067,184,0.00050205307
39067,185,0.0007507453
39067,186,0.0008505436
39067,187,0.0005677937
39067,188,0.00047101855
39067,189,0.0002072539
39067,190,0.00043745874
39067,191,0.00030126373
39067,192,0.00056927564
39067,193,0.00041195273
39067,194,0.00049795327
39067,195,0.00025660693
39067,196,0.00014144242
39067,197,0.0007101325
39067,198,0.00054034014
39067,199,0.00036327858
39067,200,0.00028860747
39067,201,0.0003210934
39067,202,0.00021449884
39067,203,0.00020576516
39067,204,0.00020777425
39067,205,0.00031030635
39067,206,0.00041248242
39067,207,0.00029191395
39067,208,0.00046658318
39067,209,0.00035400467
39067,210,0.00019224822
39067,211,0.00012389402
39067,212,0.00025666395
39067,213,0.0007003359
39067,214,0.0006715181
39067,215,0.000522273
39071,73,0.00018350064
39071,74,3.5224357e-06
39071,75,0.0005875044
39071,76,0.0011861739
39071,77,0.0017951153
39071,78,0.0023732055
39071,79,0.0027109787
39071,80,0.002351456
39071,81,0.002299826
39071,82,0.0021735267
39071,83,0.0024000239
39071,84,0.0023456456
39071,85,0.002057442
39071,86,0.0017982827
39071,87,0.0016904994
39071,88,0.0014818053
39071,89,0.0011436123
39071,90,0.00095154083
39071,91,0.0009909269
39071,92,0.0009890173
39071,93,0.00092662
39071,94,0.0009524802
39071,95,0.0007780466
39071,96,0.0006836278
39071,97,0.0006762091
39071,98,0.0005556817
39071,99,0.00046709817
39071,100,0.00044567705
39071,101,0.00040468425
39071,102,0.00039028167
39071,103,0.000179468
39071,104,0.0
39071,105,0.0
39071,106,0.0
39071,107,0.0
39071,108,0.0005454703
39071,109,0.0021756506
39071,110,0.003922833
39071,111,0.0055212886
39071,112,0.005278792
39071,113,0.0047068787
39071,114,0.004071695
39071,115,0.0037586149
39071,116,0.0033420012
39071,117,0.0030268698
39071,118,0.0023432714
39071,119,0.0018157386
39071,120,0.0011916807
39071,121,0.0008727219
39071,122,0.0008451134
39071,123,0.0005603586
39071,124,0.00038045747
39071,125,0.0010850778
39071,126,0.0013871135
39071,127,0.001396352
39071,128,0.0012847056
39071,129,0.0011454907
39071,130,0.0010821379
39071,131,0.001049625
39071,132,0.0011715012
39071,133,0.0011213658
39071,134,0.00097195245
39071,135,0.0008253016
39071,136,0.0010129694
39071,137,0.0012368439
39071,138,0.0013713958
39071,139,0.0012342691
39071,140,0.0011192986
39071,141,0.0008549374
39071,142,0.00071259163
39071,143,0.00059354544
39071,144,0.00056943815
39071,145,0.0004907282
39071,146,0.00031053743
39071,147,0.00021944722
39071,148,0.0002571404
39071,149,0.00013674419
39071,150,3.2218893e-05
39071,151,4.9990616e-05
39071,152,0.0
39071,153,0.0
39071,154,0.0
39071,155,0.0
39071,156,0.0
39071,157,0.0
39071,158,0.0
39071,159,0.0
39071,160,0.0
39071,161,0.0
39071,162,6.651084e-06
39071,163,2.7208924e-05
39071,164,0.0001473548
39071,165,0.00038570148
39071,166,0.00039138357
39071,167,0.00044963817
39071,168,0.00028153538
39071,169,0.00037857235
39071,170,0.00038292588
39071,171,0.00025453826
39071,172,0.0
39071,173,8.380989e-05
39071,174,0.00013592462
39071,175,0.00022560617
39071,176,0.0002089709
39071,177,0.00019402543
39071,178,9.8362565e-05
39071,179,0.00025551041
39071,180,8.292138e-05
39071,181,0.0
39071,182,0.00015804888
39071,183,0.00019451341
39071,184,0.00017493645
39071,185,9.963691e-05
39071,186,0.00014083087
39071,187,0.0
39071,188,3.1775435e-05
39071,189,8.041103e-05
39071,190,0.00015387694
39071,191,2.2750299e-05
39071,192,0.0
39071,193,0.0
39071,194,3.234029e-05
39071,195,7.032037e-05
39071,196,2.9214818e-05
39071,197,0.0
39071,198,0.0
39071,199,0.0
39071,200,0.0
39071,201,0.0
39071,202,0.0
39071,203,1.4441013e-05
39071,204,9.3149145e-05
39071,205,0.00016760269
39071,206,0.00021806081
39071,207,0.0003379625
39071,208,0.00036177356
39071,209,0.00027328095
39071,210,0.0001831164
39071,211,0.00024600525
39071,212,0.00030433276
39071,213,0.00028595387
39071,214,0.00018585702
39071,215,0.0
39079,73,0.0087074535
39079,74,0.0056664674
39079,75,0.0049042236
39079,76,0.0046231556
39079,77,0.0043128086
39079,78,0.003791022
39079,79,0.0032039573
39079,80,0.002819072
39079,81,0.0024680397
39079,82,0.0023303716
39079,83,0.0026963404
39079,84,0.0027021659
39079,85,0.0027242783
39079,86,0.0027558636
39079,87,0.003037225
39079,88,0.002803113
39079,89,0.002691212
39079,90,0.0022916324
39079,91,0.0019318318
39079,92,0.0014498946
39079,93,0.0011900426
39079,94,0.0008787241
39079,95,0.0007780663
39079,96,0.0007631294
39079,97,0.0006962407
39079,98,0.00067460357
39079,99,0.0006591197
39079,100,0.00062490103
39079,101,0.0005221156
39079,102,0.00038593728
39079,103,0.00013431271
39079,104,0.0
39079,105,1.2910366e-05
39079,106,7.430712e-07
39079,107,0.0006399077
39079,108,0.001204056
39079,109,0.0013909157
39079,110,0.0021627434
39079,111,0.0026140728
39079,112,0.003804774
39079,113,0.0044498118
39079,114,0.0049303127
39079,115,0.0048924433
39079,116,0.005093902
39079,117,0.0047648693
39079,118,0.004514248
39079,119,0.00415687
39079,120,0.002990796
39079,121,0.0015620455
39079,122,0.00072168827
39079,123,0.0005214868
39079,124,0.00080162846
39079,125,6.482383e-05
39079,126,0.0005108676
39079,127,0.00076622807
39079,128,0.0012001405
39079,129,0.0016974233
39079,130,0.0017814295
39079,131,0.0017115271
39079,132,0.0016587633
39079,133,0.0014483182
39079,134,0.0012358672
39079,135,0.0013940673
39079,136,0.001479366
39079,137,0.001589069
39079,138,0.0016372888
39079,139,0.0013969667
39079,140,0.00087486365
39079,141,0.0006740067
39079,142,0.0003752573
39079,143,0.00037627955
39079,144,0.00019522925
39079,145,0.00011240065
39079,146,2.0164449e-05
39079,147,0.0
39079,148,0.0
39079,149,0.0
39079,150,4.81079e-05
39079,151,5.2244864e-05
39079,152,0.0
39079,153,0.0
39079,154,0.0
39079,155,0.0003172801
39079,156,0.00025049428
39079,157,0.00025845508
39079,158,0.00018650094
39079,159,0.0001708915
39079,160,0.0002595504
39079,161,0.00022308866
39079,162,7.495701e-05
39079,163,5.178273e-05
39079,164,0.00010741472
39079,165,0.00048886915
39079,166,0.0005546659
39079,167,0.000498534
39079,168,0.00047253442
39079,169,0.00013173898
39079,170,0.0001426055
39079,171,0.00015363116
39079,172,0.00015090982
39079,173,7.4686206e-05
39079,174,0.00023512283
39079,175,0.0
39079,176,9.455223e-05
39079,177,0.0
39079,178,0.00035217148
39079,179,0.0006017467
39079,180,0.000913831
39079,181,0.0008383745
39079,182,0.00057188154
39079,183,0.00045928042
39079,184,0.00054014486
39079,185,0.00026700814
39079,186,0.0001765275
39079,187,0.00014504492
39079,188,0.00048786937
39079,189,0.0005060077
39079,190,0.0
39079,191,0.0
39079,192,0.0
39079,193,0.0
39079,194,0.0
39079,195,0.0
39079,196,0.0
39079,197,0.0
39079,198,0.0
39079,199,0.0
39079,200,0.0
39079,201,0.0
39079,202,0.0
39079,203,0.0
39079,204,0.00022641063
39079,205,0.0
39079,206,0.0
39079,207,0.00031400262
39079,208,0.00062081456
39079,209,0.00043873506
39079,210,0.0004263069
39079,211,0.00048081754
39079,212,0.00049324887
39079,213,0.00018050274
39079,214,0.0001913335
39079,215,0.0
39083,73,0.23779902
39083,74,0.23801811
39083,75,0.23119232
39083,76,0.23257996
39083,77,0.22847128
39083,78,0.23088768
39083,79,0.2333949
39083,80,0.23137213
39083,81,0.22824746
39083,82,0.2228888
39083,83,0.21701522
39083,84,0.2123652
39083,85,0.20741694
39083,86,0.19978216
39083,87,0.19295068
39083,88,0.18649817
39083,89,0.17790605
39083,90,0.1702112
39083,91,0.15524444
39083,92,0.13672692
39083,93,0.12453022
39083,94,0.11536288
39083,95,0.111887716
39083,96,0.10594552
39083,97,0.10191804
39083,98,0.09911258
39083,99,0.09739707
39083,100,0.09684484
39083,101,0.098558016
39083,102,0.10201012
39083,103,0.1065932
39083,104,0.10934449
39083,105,0.10613923
39083,106,0.09650757
39083,107,0.083588764
39083,108,0.0730772
39083,109,0.0668763
39083,110,0.062947996
39083,111,0.05873988
39083,112,0.056657165
39083,113,0.053848643
39083,114,0.049966197
39083,115,0.043905407
39083,116,0.035857383
39083,117,0.032143023
39083,118,0.02993056
39083,119,0.029124249
39083,120,0.027483355
39083,121,0.026545092
39083,122,0.025882447
39083,123,0.026526885
39083,124,0.027647736
39083,125,0.028306168
39083,126,0.030174019
39083,127,0.032268085
39083,128,0.034445792
39083,129,0.031876724
39083,130,0.027208125
39083,131,0.023486622
39083,132,0.020805301
39083,133,0.017909117
39083,134,0.0154879615
39083,135,0.014020758
39083,136,0.011596488
39083,137,0.009241631
39083,138,0.007447755
39083,139,0.0064216964
39083,140,0.005796652
39083,141,0.005269881
39083,142,0.004186281
39083,143,0.003782271
39083,144,0.0039627533
39083,145,0.0041682664
39083,146,0.0043446645
39083,147,0.004261359
39083,148,0.0040424527
39083,149,0.003857933
39083,150,0.0035805998
39083,151,0.0040895785
39083,152,0.00380169
39083,153,0.0036094452
39083,154,0.00341933
39083,155,0.003374624
39083,156,0.003424643
39083,157,0.0032191076
39083,158,0.002765243
39083,159,0.0021661331
39083,160,0.0018218537
39083,161,0.0019100677
39083,162,0.0019638634
39083,163,0.0017791849
39083,164,0.001396705
39083,165,0.00073812186
39083,166,0.0008030874
39083,167,0.00068974815
39083,168,0.0008583852
39083,169,0.0011226949
39083,170,0.0008711676
39083,171,0.00094807515
39083,172,0.0009937161
39083,173,0.0008813534
39083,174,0.00089495844
39083,175,0.0006988585
39083,176,0.00044930915
39083,177,0.000801934
39083,178,0.00094637065
39083,179,0.0009768922
39083,180,0.0009095367
39083,181,0.0007602312
39083,182,0.00063691655
39083,183,0.000693444
39083,184,0.00078715454
39083,185,0.0003989778
39083,186,0.00046350103
39083,187,0.00025543352
39083,188,0.00018119454
39083,189,0.00010942161
39083,190,0.00012259881
39083,191,0.0001973621
39083,192,9.6743504e-05
39083,193,0.0003493486
39083,194,0.0003487855
39083,195,0.00049906195
39083,196,0.00039382756
39083,197,0.00053684966
39083,198,0.0004020971
39083,199,0.00032636803
39083,200,0.00039862414
39083,201,0.0004276842
39083,202,0.00016632676
39083,203,0.00033172863
39083,204,0.00021141848
39083,205,0.00041859466
39083,206,0.0006877327
39083,207,0.0005710727
39083,208,0.0003769837
39083,209,0.0003713129
39083,210,0.000515731
39083,211,1.1241833e-05
39083,212,0.00082103605
39083,213,0.0006103182
39083,214,0.00055225234
39083,215,0.00085020723
42001,73,0.006518951
42001,74,0.0064724796
42001,75,0.0055439835
42001,76,0.004509275
42001,77,0.0037336668
42001,78,0.003006468
42001,79,0.0026275972
42001,80,0.0027493332
42001,81,0.0029628838
42001,82,0.0028618341
42001,83,0.0025583783
42001,84,0.0023339544
42001,85,0.0022245883
42001,86,0.0024219903
42001,87,0.0023318322
42001,88,0.0020885766
42001,89,0.0019389327
42001,90,0.0018674551
42001,91,0.0017641938
42001,92,0.0015575903
42001,93,0.001068697
42001,94,0.00072386046
42001,95,0.00049623864
42001,96,0.00036649962
42001,97,0.0005175942
42001,98,0.0007762655
42001,99,0.00034425556
42001,100,0.0
42001,101,0.00029752433
42001,102,0.00045741617
42001,103,0.000296937
42001,104,0.00044715183
42001,105,0.0
42001,106,0.0
42001,107,0.0
42001,108,0.000166954
42001,109,0.0006390619
42001,110,0.00037202757
42001,111,0.000481054
42001,112,0.0005081133
42001,113,0.00044216512
42001,114,0.00047533412
42001,115,0.00036096352
42001,116,0.0004976682
42001,117,0.0004419599
42001,118,0.0003949861
42001,119,0.00020422241
42001,120,5.218387e-06
42001,121,0.00023680647
42001,122,0.00050443487
42001,123,0.00042717755
42001,124,0.00037708384
42001,125,0.0003458941
42001,126,0.00056371966
42001,127,0.00037269312
42001,128,0.0
42001,129,0.0
42001,130,0.0
42001,131,0.0
42001,132,0.0
42001,133,0.0
42001,134,0.0
42001,135,0.0
42001,136,0.0
42001,137,0.0
42001,138,0.0
42001,139,0.00088619033
42001,140,0.0030492162
42001,141,0.003329437
42001,142,0.0028526986
42001,143,0.005754864
42001,144,0.010804785
42001,145,0.009854467
42001,146,0.008647148
42001,147,0.008304477
42001,148,0.00931325
42001,149,0.0098626735
42001,150,0.009566768
42001,151,0.009116255
42001,152,0.0077891415
42001,153,0.006740095
42001,154,0.0059583993
42001,155,0.005334049
42001,156,0.0048867823
42001,157,0.0044072103
42001,158,0.003971026
42001,159,0.0033256419
42001,160,0.002918781
42001,161,0.0024945235
42001,162,0.0021930223
42001,163,0.0019032522
42001,164,0.0015821077
42001,165,0.0014012732
42001,166,0.001282062
42001,167,0.0011081226
42001,168,0.0008818524
42001,169,0.00090658723
42001,170,0.0007521323
42001,171,0.0007329639
42001,172,0.00088455476
42001,173,0.00096710445
42001,174,0.0010624819
42001,175,0.00073686504
42001,176,0.0008220842
42001,177,0.00087372365
42001,178,0.001028626
42001,179,0.0010020798
42001,180,0.0010708332
42001,181,0.0011383898
42001,182,0.0008418337
42001,183,0.0007917953
42001,184,0.0006580468
42001,185,0.00044422943
42001,186,0.00022286913
42001,187,0.00012731492
42001,188,8.856674e-05
42001,189,0.0
42001,190,1.6361475e-06
42001,191,0.0
42001,192,0.0
42001,193,0.0
42001,194,0.0
42001,195,0.00021126648
42001,196,0.0002132537
42001,197,0.00039615828
42001,198,0.00027447045
42001,199,2.0508569e-05
42001,200,0.0
42001,201,0.0
42001,202,0.0
42001,203,0.0
42001,204,0.0001887224
42001,205,0.00012702923
42001,206,0.0001594168
42001,207,0.00032616477
42001,208,0.0002760432
42001,209,0.0003152724
42001,210,0.00028931856
42001,211,0.00020514568
42001,212,0.00021166405
42001,213,8.3799765e-05
42001,214,0.000109948116
42001,215,0.0
42003,73,0.13032752
42003,74,0.11825119
42003,75,0.12435913
42003,76,0.12159458
42003,77,0.11999829
42003,78,0.11627392
42003,79,0.11330731
42003,80,0.108790845
42003,81,0.10435832
42003,82,0.09738376
42003,83,0.091204904
42003,84,0.08467312
42003,85,0.07858583
42003,86,0.0719318
42003,87,0.06493753
42003,88,0.058127664
42003,89,0.05153458
42003,90,0.04625626
42003,91,0.039717235
42003,92,0.034366753
42003,93,0.031609714
42003,94,0.029093888
42003,95,0.026997974
42003,96,0.025116187
42003,97,0.023272278
42003,98,0.022062844
42003,99,0.021074627
42003,100,0.020640252
42003,101,0.019934338
42003,102,0.019433994
42003,103,0.018639596
42003,104,0.01783699
42003,105,0.016888909
42003,106,0.015858404
42003,107,0.0151122995
42003,108,0.01451697
42003,109,0.013957354
42003,110,0.013527964
42003,111,0.013315762
42003,112,0.01332974
42003,113,0.013266948
42003,114,0.012840223
42003,115,0.011721301
42003,116,0.010878468
42003,117,0.0099762585
42003,118,0.00919462
42003,119,0.0088227205
42003,120,0.008708438
42003,121,0.008599944
42003,122,0.008197062
42003,123,0.0077023595
42003,124,0.007448154
42003,125,0.007000882
42003,126,0.0062393313
42003,127,0.0069733765
42003,128,0.0069638444
42003,129,0.007752893
42003,130,0.0064173616
42003,131,0.006127019
42003,132,0.005576355
42003,133,0.0049836286
42003,134,0.005064171
42003,135,0.004805524
42003,136,0.004771272
42003,137,0.0046987953
42003,138,0.0059228046
42003,139,0.004754945
42003,140,0.002987109
42003,141,0.0019364757
42003,142,0.0010977616
42003,143,0.0011505848
42003,144,0.001394499
42003,145,0.0016915416
42003,146,0.0018752206
42003,147,0.0019139944
42003,148,0.0020478324
42003,149,0.002063852
42003,150,0.0020684814
42003,151,0.001958476
42003,152,0.001853174
42003,153,0.002180519
42003,154,0.0022343146
42003,155,0.0023478144
42003,156,0.0023554515
42003,157,0.0022824367
42003,158,0.002200023
42003,159,0.002194355
42003,160,0.0021064049
42003,161,0.0017325187
42003,162,0.0014582913
42003,163,0.0011940944
42003,164,0.0007780127
42003,165,0.00046030956
42003,166,7.577499e-05
42003,167,0.00011444509
42003,168,0.00011353334
42003,169,0.00015810749
42003,170,0.00013705989
42003,171,0.00021233996
42003,172,0.00018687705
42003,173,0.00029584012
42003,174,0.00032343666
42003,175,0.00038132924
42003,176,0.00036270797
42003,177,0.00064991094
42003,178,0.0011433676
42003,179,0.0012552886
42003,180,0.0011878612
42003,181,0.0007481084
42003,182,0.0007243159
42003,183,0.00061907293
42003,184,0.00041044873
42003,185,0.00033273417
42003,186,0.00028245687
42003,187,0.00014905255
42003,188,0.0002798907
42003,189,0.0002538351
42003,190,0.00024296662
42003,191,0.000195419
42003,192,0.00020222107
42003,193,0.0002302303
42003,194,0.00018642186
42003,195,0.0002969249
42003,196,0.0002855116
42003,197,0.00024715663
42003,198,0.0002145501
42003,199,0.00018240412
42003,200,0.00023724994
42003,201,0.0002543356
42003,202,0.0003508548
42003,203,0.0003303198
42003,204,0.0002538204
42003,205,0.000489909
42003,206,0.00024182716
42003,207,0.00011553387
42003,208,0.00010369539
42003,209,0.0
42003,210,0.0
42003,211,0.0
42003,212,6.72857e-06
42003,213,0.0
42003,214,0.00023041884
42003,215,0.00022594929
42011,73,0.0
42011,74,3.334562e-05
42011,75,0.0
42011,76,0.0
42011,77,0.0
42011,78,0.0
42011,79,0.0
42011,80,0.0
42011,81,0.0
42011,82,0.0
42011,83,0.0
42011,84,0.0
42011,85,0.0
42011,86,0.0
42011,87,0.00015612165
42011,88,0.00035836935
42011,89,0.00047740142
42011,90,0.00061118405
42011,91,0.00095575163
42011,92,0.0010507483
42011,93,0.00066143775
42011,94,0.00033211845
42011,95,0.00016395151
42011,96,0.00028961917
42011,97,0.00032913525
42011,98,0.00034563523
42011,99,0.000291815
42011,100,0.00022689879
42011,101,0.00039537746
42011,102,0.0002891304
42011,103,0.00011717319
42011,104,0.00025738974
42011,105,0.0
42011,106,0.0
42011,107,0.0
42011,108,0.0
42011,109,2.7262371e-05
42011,110,0.00018583932
42011,111,1.591444e-07
42011,112,0.00018570284
42011,113,0.00026716568
42011,114,0.00026676198
42011,115,8.6271364e-05
42011,116,0.0
42011,117,0.00010550042
42011,118,0.00021119138
42011,119,0.00020531277
42011,120,0.00011784494
42011,121,0.0002693393
42011,122,0.0001721398
42011,123,0.00021708469
42011,124,0.00021251717
42011,125,0.00022979578
42011,126,7.637342e-05
42011,127,0.0
42011,128,0.0
42011,129,0.0
42011,130,2.7293365e-05
42011,131,0.00042259783
42011,132,0.0
42011,133,0.0
42011,134,0.0
42011,135,0.0
42011,136,0.0
42011,137,0.0
42011,138,0.0
42011,139,0.0
42011,140,0.00042019863
42011,141,0.0032384046
42011,142,0.006819455
42011,143,0.008790853
42011,144,0.008877814
42011,145,0.009388895
42011,146,0.00998729
42011,147,0.010506622
42011,148,0.010874784
42011,149,0.009972152
42011,150,0.009075461
42011,151,0.00785704
42011,152,0.0073196203
42011,153,0.006411876
42011,154,0.005692505
42011,155,0.0049245013
42011,156,0.0040980005
42011,157,0.003453264
42011,158,0.0029004517
42011,159,0.0025820138
42011,160,0.0022194327
42011,161,0.0017268942
42011,162,0.0014754967
42011,163,0.0011371835
42011,164,0.001148468
42011,165,0.0007010617
42011,166,0.00055838225
42011,167,0.0004942198
42011,168,0.0002845949
42011,169,0.00047334612
42011,170,0.00055583636
42011,171,0.00069128774
42011,172,0.00063356874
42011,173,0.0005338063
42011,174,0.0009452245
42011,175,0.0010070628
42011,176,0.00072906376
42011,177,0.0008468779
42011,178,0.00083302637
42011,179,0.0007752093
42011,180,0.00062454026
42011,181,0.0009905203
42011,182,0.0014225026
42011,183,0.0007167546
42011,184,0.00040628135
42011,185,0.0005413055
42011,186,0.00047073423
42011,187,0.00056574703
42011,188,0.00060803274
42011,189,0.00042251885
42011,190,0.0002538381
42011,191,0.0
42011,192,0.0
42011,193,0.0
42011,194,0.0
42011,195,0.0
42011,196,1.2830695e-05
42011,197,6.653031e-05
42011,198,0.0
42011,199,4.300773e-05
42011,200,0.0
42011,201,6.215254e-05
42011,202,0.0
42011,203,0.0
42011,204,0.0
42011,205,0.0
42011,206,0.0
42011,207,0.0
42011,208,2.1954775e-05
42011,209,0.0
42011,210,0.0
42011,211,0.00018457988
42011,212,0.00022747973
42011,213,0.0002832029
42011,214,0.00015570779
42011,215,0.0
42017,73,0.0
42017,74,0.0
42017,75,0.0
42017,76,0.0
42017,77,0.0
42017,78,0.0
42017,79,0.00015966216
42017,80,0.00066848437
42017,81,0.00032972277
42017,82,0.0
42017,83,0.0
42017,84,0.0
42017,85,0.0
42017,86,0.0
42017,87,0.0001202631
42017,88,0.00023073038
42017,89,0.00031729776
42017,90,0.00044112085
42017,91,0.0007231561
42017,92,0.0006949129
42017,93,0.0008183172
42017,94,0.00089604163
42017,95,0.00043529688
42017,96,0.0
42017,97,0.00019899289
42017,98,0.00051348686
42017,99,0.0006146902
42017,100,0.00061578554
42017,101,0.0005212027
42017,102,0.00043339372
42017,103,0.00015170137
42017,104,0.0006892522
42017,105,0.0
42017,106,0.00022101661
42017,107,9.449283e-05
42017,108,0.00051349204
42017,109,0.00044130822
42017,110,0.00039575357
42017,111,0.000580374
42017,112,0.00062581
42017,113,0.00029747328
42017,114,0.0002641376
42017,115,0.00049700757
42017,116,0.00036780952
42017,117,0.0004739948
42017,118,0.0007048786
42017,119,0.00032719673
42017,120,0.00029227755
42017,121,0.00024528505
42017,122,0.00024185875
42017,123,0.00025476515
42017,124,0.00036563355
42017,125,0.00031684042
42017,126,5.7770012e-05
42017,127,0.0
42017,128,0.0
42017,129,0.0
42017,130,0.0
42017,131,0.0
42017,132,0.0
42017,133,0.0
42017,134,0.0
42017,135,0.0
42017,136,0.0
42017,137,0.0
42017,138,0.0
42017,139,0.0
42017,140,5.1261784e-05
42017,141,0.0008709512
42017,142,0.0029001525
42017,143,0.008081017
42017,144,0.0142028965
42017,145,0.0153135685
42017,146,0.0159167
42017,147,0.016373586
42017,148,0.01623957
42017,149,0.015323835
42017,150,0.013838534
42017,151,0.01244596
42017,152,0.011204601
42017,153,0.010134624
42017,154,0.008753983
42017,155,0.0074201776
42017,156,0.006412881
42017,157,0.005607111
42017,158,0.004799625
42017,159,0.0042365813
42017,160,0.0038794652
42017,161,0.003541967
42017,162,0.0030859762
42017,163,0.0022495522
42017,164,0.001983927
42017,165,0.0015045463
42017,166,0.0012420643
42017,167,0.0009920731
42017,168,0.0009370395
42017,169,0.000995142
42017,170,0.0010852586
42017,171,0.001096591
42017,172,0.0012115813
42017,173,0.0012040583
42017,174,0.0014437007
42017,175,0.0014355092
42017,176,0.00097362796
42017,177,0.0008537038
42017,178,0.00086188695
42017,179,0.0011399427
42017,180,0.0016503339
42017,181,0.0009928575
42017,182,0.0014630295
42017,183,0.0015925077
42017,184,0.0009802061
42017,185,0.00089569594
42017,186,0.00087492506
42017,187,0.0009859361
42017,188,0.00086045504
42017,189,0.00032236535
42017,190,0.00021922051
42017,191,0.0
42017,192,0.0
42017,193,0.0002725653
42017,194,0.00014995436
42017,195,0.00014754872
42017,196,7.392108e-05
42017,197,0.00013225774
42017,198,6.0455597e-05
42017,199,0.0
42017,200,0.0
42017,201,0.00018520872
42017,202,0.0
42017,203,0.0
42017,204,5.676011e-05
42017,205,0.00029118557
42017,206,2.0963747e-05
42017,207,0.00022264621
42017,208,6.896575e-05
42017,209,0.0001815345
42017,210,0.00029784918
42017,211,0.00023815295
42017,212,0.0003361678
42017,213,0.0
42017,214,0.00019880295
42017,215,0.000107854605
42037,73,0.0015924745
42037,74,0.0007423705
42037,75,0.00067404425
42037,76,0.00027272364
42037,77,0.0
42037,78,0.0
42037,79,0.0
42037,80,0.001355894
42037,81,0.002993492
42037,82,0.0031358537
42037,83,0.0024082353
42037,84,0.0015918558
42037,85,0.00113139
42037,86,0.0010040137
42037,87,0.0007680833
42037,88,0.00059730234
42037,89,0.00101584
42037,90,0.0013526155
42037,91,0.0015338872
42037,92,0.0015752092
42037,93,0.0018200416
42037,94,0.001419916
42037,95,0.0010197752
42037,96,0.00051559607
42037,97,0.0005379923
42037,98,0.0004133002
42037,99,0.0005631256
42037,100,0.00058443786
42037,101,0.00066589116
42037,102,0.00048779487
42037,103,0.00029741405
42037,104,0.00025028945
42037,105,5.079806e-05
42037,106,0.00039610564
42037,107,0.0002475494
42037,108,0.00057619053
42037,109,0.00022956968
42037,110,0.00042253494
42037,111,0.00042285543
42037,112,0.00048205673
42037,113,0.00048463125
42037,114,0.00053981564
42037,115,0.0008022026
42037,116,0.0009996798
42037,117,0.00079860905
42037,118,0.00075365073
42037,119,0.00070881867
42037,120,0.0005251624
42037,121,0.00039897842
42037,122,0.0007294661
42037,123,0.0004135549
42037,124,0.00047477125
42037,125,0.00065969385
42037,126,0.00067252613
42037,127,0.0010240485
42037,128,0.001072056
42037,129,0.001257358
42037,130,0.0010744694
42037,131,0.0010982633
42037,132,0.00094344816
42037,133,0.00045947413
42037,134,0.0010407359
42037,135,0.0015932424
42037,136,0.0017142582
42037,137,0.0018097727
42037,138,0.0019380193
42037,139,0.002609854
42037,140,0.005181626
42037,141,0.008880921
42037,142,0.011012691
42037,143,0.010115079
42037,144,0.012995597
42037,145,0.0139948465
42037,146,0.011419428
42037,147,0.007468884
42037,148,0.0060041207
42037,149,0.0058163237
42037,150,0.005634474
42037,151,0.005125976
42037,152,0.004546821
42037,153,0.0040690247
42037,154,0.0035259866
42037,155,0.0027934676
42037,156,0.0023559586
42037,157,0.0020678788
42037,158,0.0018066561
42037,159,0.001603726
42037,160,0.001387469
42037,161,0.001138316
42037,162,0.0010098874
42037,163,0.00094510935
42037,164,0.00076266227
42037,165,0.0006309094
42037,166,0.0004970954
42037,167,0.00048547148
42037,168,0.00023379008
42037,169,0.0004876095
42037,170,0.0005181627
42037,171,0.0007083211
42037,172,0.0008039387
42037,173,0.0011000332
42037,174,0.0009506327
42037,175,0.0005723407
42037,176,0.0005077271
42037,177,0.00072681246
42037,178,0.0010622769
42037,179,0.00092836475
42037,180,0.00068841735
42037,181,0.0010550383
42037,182,0.0010015512
42037,183,0.00082527736
42037,184,0.0006561905
42037,185,0.00055366475
42037,186,0.00047231396
42037,187,0.0006423479
42037,188,0.0004695493
42037,189,0.00036210657
42037,190,0.00069291855
42037,191,0.00037229777
42037,192,0.0003123653
42037,193,0.00012445946
42037,194,0.0
42037,195,0.00029258273
42037,196,0.00045945245
42037,197,0.00063242135
42037,198,0.00042092783
42037,199,0.0006955593
42037,200,0.0005610166
42037,201,0.00079575385
42037,202,0.00087818387
42037,203,0.00041264575
42037,204,6.68321e-05
42037,205,0.00016999782
42037,206,0.00033258897
42037,207,0.0003820829
42037,208,0.00044123846
42037,209,0.0004294415
42037,210,0.00050908723
42037,211,0.0006914872
42037,212,0.00076578534
42037,213,0.0006211732
42037,214,0.00050821266
42037,215,0.00023570696
42071,73,0.001023415
42071,74,0.00011968017
42071,75,0.0
42071,76,0.0
42071,77,0.0
42071,78,0.0
42071,79,0.0
42071,80,0.0
42071,81,0.0
42071,82,0.0
42071,83,0.0
42071,84,0.0
42071,85,0.0
42071,86,0.00022674183
42071,87,0.00038105427
42071,88,0.00070106925
42071,89,0.0008898487
42071,90,0.00094231544
42071,91,0.0013616724
42071,92,0.00075983425
42071,93,0.00034239667
42071,94,0.00035331983
42071,95,0.0
42071,96,7.221679e-05
42071,97,0.000276121
42071,98,0.0003668185
42071,99,0.0003828587
42071,100,0.0005165589
42071,101,0.00033499778
42071,102,0.00038409175
42071,103,0.0005855119
42071,104,0.00060094835
42071,105,0.00034345032
42071,106,1.7595291e-06
42071,107,0.0
42071,108,0.000119735596
42071,109,0.0002908657
42071,110,0.00011420985
42071,111,9.717922e-05
42071,112,5.875786e-05
42071,113,0.00012676776
42071,114,0.0
42071,115,0.0
42071,116,0.00017504692
42071,117,0.00016790291
42071,118,0.00019196233
42071,119,0.0
42071,120,0.00013026019
42071,121,0.00037309865
42071,122,0.00023105124
42071,123,0.00044965744
42071,124,0.00041171213
42071,125,0.000562643
42071,126,0.00053196965
42071,127,3.0940373e-05
42071,128,0.0
42071,129,0.0
42071,130,0.0
42071,131,0.0002114435
42071,132,0.00027389408
42071,133,0.00015805522
42071,134,8.934448e-05
42071,135,3.9185084e-05
42071,136,0.0
42071,137,0.0
42071,138,0.0
42071,139,0.0004444772
42071,140,0.0018404758
42071,141,0.0074922317
42071,142,0.013577334
42071,143,0.016231522
42071,144,0.018104844
42071,145,0.01944001
42071,146,0.018657958
42071,147,0.017093133
42071,148,0.01601498
42071,149,0.015795885
42071,150,0.015314369
42071,151,0.013793729
42071,152,0.012301031
42071,153,0.010510341
42071,154,0.009200411
42071,155,0.008063281
42071,156,0.0067788963
42071,157,0.005640979
42071,158,0.0049903113
42071,159,0.0044855606
42071,160,0.003854731
42071,161,0.0033237531
42071,162,0.002717615
42071,163,0.002394529
42071,164,0.0020080828
42071,165,0.0015757781
42071,166,0.0012311039
42071,167,0.0011454213
42071,168,0.000990099
42071,169,0.00083002687
42071,170,0.0007437471
42071,171,0.00087371946
42071,172,0.00090853905
42071,173,0.0008952943
42071,174,0.0010089319
42071,175,0.0012351793
42071,176,0.0011551627
42071,177,0.0008719971
42071,178,0.001097196
42071,179,0.0012739525
42071,180,0.000879573
42071,181,0.0011135109
42071,182,0.0012602669
42071,183,0.0007841126
42071,184,0.0004622082
42071,185,0.0004981267
42071,186,0.0004138271
42071,187,0.0005077207
42071,188,0.0004947128
42071,189,0.0004171616
42071,190,0.0003929903
42071,191,1.06259195e-05
42071,192,0.0
42071,193,0.0
42071,194,0.00014627616
42071,195,0.0
42071,196,1.6290745e-05
42071,197,0.0
42071,198,0.0
42071,199,0.0
42071,200,0.0
42071,201,0.0
42071,202,0.0
42071,203,0.0
42071,204,0.0
42071,205,0.0
42071,206,0.0
42071,207,0.0
42071,208,0.0
42071,209,0.0
42071,210,0.0
42071,211,7.185837e-05
42071,212,0.00019537649
42071,213,8.027752e-06
42071,214,5.8767e-05
42071,215,0.0
42073,73,0.0427919
42073,74,0.048867393
42073,75,0.048450552
42073,76,0.049879536
42073,77,0.05122614
42073,78,0.051378075
42073,79,0.051022973
42073,80,0.05104338
42073,81,0.050944824
42073,82,0.049684808
42073,83,0.047129046
42073,84,0.044859868
42073,85,0.04221356
42073,86,0.03795346
42073,87,0.033469904
42073,88,0.029956862
42073,89,0.025898807
42073,90,0.022148037
42073,91,0.018026877
42073,92,0.014875784
42073,93,0.012247169
42073,94,0.010091264
42073,95,0.0086025195
42073,96,0.00771452
42073,97,0.0069679264
42073,98,0.006314738
42073,99,0.0057676216
42073,100,0.005323818
42073,101,0.0047923587
42073,102,0.004383438
42073,103,0.0040921257
42073,104,0.0038368066
42073,105,0.0035835423
42073,106,0.0032494331
42073,107,0.0031997946
42073,108,0.003308337
42073,109,0.0032958665
42073,110,0.0036471053
42073,111,0.0041715316
42073,112,0.0037232272
42073,113,0.0036359823
42073,114,0.0036563089
42073,115,0.0037526223
42073,116,0.0037399586
42073,117,0.0033079598
42073,118,0.0032605825
42073,119,0.002923882
42073,120,0.0025820232
42073,121,0.0025084838
42073,122,0.0022059728
42073,123,0.001971278
42073,124,0.0017139846
42073,125,0.0015677753
42073,126,0.0016525872
42073,127,0.0016692829
42073,128,0.0018295895
42073,129,0.001905585
42073,130,0.0010807121
42073,131,0.00045173985
42073,132,0.0004834159
42073,133,0.00080204685
42073,134,0.00082474627
42073,135,0.0005731064
42073,136,0.00023117343
42073,137,0.00017807484
42073,138,0.0
42073,139,0.00013461967
42073,140,0.0003508522
42073,141,0.0007361591
42073,142,0.0012885709
42073,143,0.0014819406
42073,144,0.0015755753
42073,145,0.001440631
42073,146,0.0014152307
42073,147,0.0012002878
42073,148,0.0008759582
42073,149,0.00071181887
42073,150,0.00033543407
42073,151,0.00031607886
42073,152,0.00013993819
42073,153,0.00025939525
42073,154,0.00018966416
42073,155,0.0005301728
42073,156,0.00074797357
42073,157,0.000859313
42073,158,0.0006452767
42073,159,0.00067387364
42073,160,0.00063738285
42073,161,0.00059103547
42073,162,0.0006031537
42073,163,0.00038464565
42073,164,0.00027943254
42073,165,0.00028224586
42073,166,0.00013173063
42073,167,0.00020499686
42073,168,0.00039289158
42073,169,0.00014251273
42073,170,0.00016000151
42073,171,7.8210636e-05
42073,172,0.0003071777
42073,173,0.00010041277
42073,174,0.00023690423
42073,175,0.00010958473
42073,176,0.00025414606
42073,177,0.00021471122
42073,178,0.0005056071
42073,179,0.00039967377
42073,180,0.00021764079
42073,181,0.00046510142
42073,182,0.00070891716
42073,183,0.00055857794
42073,184,0.00054170686
42073,185,0.00051023165
42073,186,0.00040394784
42073,187,0.00021015546
42073,188,0.00014687618
42073,189,0.00020152748
42073,190,0.00018513859
42073,191,0.00017910798
42073,192,0.0
42073,193,0.000105287836
42073,194,0.000109932225
42073,195,0.000121366575
42073,196,0.00015553554
42073,197,0.00016531846
42073,198,8.883596e-05
42073,199,0.00022230485
42073,200,0.0003566283
42073,201,0.0
42073,202,0.00016093573
42073,203,0.00032803195
42073,204,0.00052218337
42073,205,0.0006529043
42073,206,0.0005070758
42073,207,0.00051572605
42073,208,0.00061577006
42073,209,0.00059224427
42073,210,0.00046453933
42073,211,0.00035705883
42073,212,0.00051326555
42073,213,0.00058491586
42073,214,0.0007131276
42073,215,0.0006538526
42087,73,0.026796684
42087,74,0.017500343
42087,75,0.015522505
42087,76,0.015528278
42087,77,0.013286835
42087,78,0.009388781
42087,79,0.006498305
42087,80,0.004320422
42087,81,0.0031376441
42087,82,0.0019570037
42087,83,0.0014212675
42087,84,0.001161139
42087,85,0.001192419
42087,86,0.0017424993
42087,87,0.0017001831
42087,88,0.0014023652
42087,89,0.0013446561
42087,90,0.0010754366
42087,91,0.00057276385
42087,92,0.00028257768
42087,93,0.0
42087,94,0.0
42087,95,0.0
42087,96,0.0
42087,97,0.0
42087,98,0.00016786317
42087,99,0.00038407248
42087,100,0.0005417486
42087,101,0.0005386169
42087,102,0.00052043545
42087,103,0.00080971455
42087,104,0.00080272177
42087,105,0.00014408927
42087,106,0.00046218056
42087,107,0.00073584775
42087,108,0.0009150841
42087,109,0.0010865156
42087,110,0.00043386637
42087,111,0.0007536719
42087,112,0.000341628
42087,113,0.0004780088
42087,114,0.00034242254
42087,115,0.00062714575
42087,116,0.00030764122
42087,117,0.0
42087,118,0.0
42087,119,0.00020445605
42087,120,0.0006244391
42087,121,0.0005654438
42087,122,0.00027641444
42087,123,0.00025425098
42087,124,0.0001823149
42087,125,0.00023386755
42087,126,0.00019709945
42087,127,0.0
42087,128,0.00023888746
42087,129,0.00030332207
42087,130,0.00026382983
42087,131,0.0003689913
42087,132,0.0001675733
42087,133,0.00040038128
42087,134,0.0
42087,135,0.0
42087,136,0.0
42087,137,0.00013100148
42087,138,0.0
42087,139,0.0
42087,140,2.2729833e-05
42087,141,0.00041290146
42087,142,0.0022320289
42087,143,0.002575354
42087,144,0.002775695
42087,145,0.0024682637
42087,146,0.0020730188
42087,147,0.0022853403
42087,148,0.0026366105
42087,149,0.0027942106
42087,150,0.0028252688
42087,151,0.0030296692
42087,152,0.002977418
42087,153,0.00298058
42087,154,0.0029721884
42087,155,0.0029442033
42087,156,0.0029465612
42087,157,0.0030420723
42087,158,0.0028494636
42087,159,0.002752388
42087,160,0.0027622865
42087,161,0.002494649
42087,162,0.0016085579
42087,163,0.0010103723
42087,164,0.0010313689
42087,165,0.0004999812
42087,166,0.00017311335
42087,167,0.00023476183
42087,168,0.0
42087,169,0.0
42087,170,0.0
42087,171,0.00024848402
42087,172,0.0006394539
42087,173,0.0008698944
42087,174,0.00052552304
42087,175,0.00046096445
42087,176,0.0006154978
42087,177,0.0007549753
42087,178,0.0008564222
42087,179,0.00094388286
42087,180,0.00084537565
42087,181,0.00093198905
42087,182,0.00077520584
42087,183,0.001103743
42087,184,0.0010205156
42087,185,0.00082303904
42087,186,0.00093298237
42087,187,0.0009405935
42087,188,0.0004208396
42087,189,0.0008986807
42087,190,0.00045428198
42087,191,0.0001805532
42087,192,0.00015542249
42087,193,0.00025209208
42087,194,0.00029863854
42087,195,0.0007055304
42087,196,0.0004024005
42087,197,0.0005374837
42087,198,0.00055625517
42087,199,0.00043899458
42087,200,0.000661178
42087,201,0.00037638706
42087,202,0.000555526
42087,203,0.00032080096
42087,204,0.0003673154
42087,205,0.00023593805
42087,206,0.00031132938
42087,207,0.00055245083
42087,208,0.000670506
42087,209,0.00028055251
42087,210,0.00034373385
42087,211,0.0004459955
42087,212,0.00065930607
42087,213,0.00089295814
42087,214,0.0006412885
42087,215,0.00025323548
42093,73,0.001762703
42093,74,0.0007108011
42093,75,0.00026242813
42093,76,0.0
42093,77,0.0
42093,78,0.0
42093,79,0.0
42093,80,0.000199851
42093,81,0.005735628
42093,82,0.010733668
42093,83,0.008100837
42093,84,0.005179826
42093,85,0.0053757336
42093,86,0.005200477
42093,87,0.004390747
42093,88,0.0034027132
42093,89,0.0029842975
42093,90,0.0023659503
42093,91,0.0021233752
42093,92,0.0021713506
42093,93,0.0021175996
42093,94,0.002402057
42093,95,0.0022653276
42093,96,0.0019198017
42093,97,0.0014333475
42093,98,0.0010878983
42093,99,0.0010971453
42093,100,0.00096155546
42093,101,0.00094073854
42093,102,0.0007447513
42093,103,0.0003225841
42093,104,0.00020035743
42093,105,0.00017090002
42093,106,0.00042936843
42093,107,0.0008606335
42093,108,0.0012982978
42093,109,0.00050835946
42093,110,0.000496848
42093,111,0.0007283769
42093,112,0.00072410324
42093,113,0.00064575876
42093,114,0.00062900624
42093,115,0.0008171038
42093,116,0.0009374448
42093,117,0.0010596683
42093,118,0.0011769476
42093,119,0.0010003585
42093,120,0.00062401465
42093,121,0.00047670503
42093,122,0.00047119719
42093,123,0.0006427771
42093,124,0.00091807224
42093,125,0.000811865
42093,126,0.0008154923
42093,127,0.0009885923
42093,128,0.0013394088
42093,129,0.0016874464
42093,130,0.0017637407
42093,131,0.0016166993
42093,132,0.0013198924
42093,133,0.00064047135
42093,134,0.00079762854
42093,135,0.0016179632
42093,136,0.0011533783
42093,137,0.00068780663
42093,138,0.00053703267
42093,139,0.0018091244
42093,140,0.002358623
42093,141,0.0026750872
42093,142,0.0029127405
42093,143,0.002717763
42093,144,0.0033252982
42093,145,0.0039942614
42093,146,0.003093512
42093,147,0.0028324618
42093,148,0.0025400107
42093,149,0.0025875298
42093,150,0.002231824
42093,151,0.0020602653
42093,152,0.0018644528
42093,153,0.0017085719
42093,154,0.0014377029
42093,155,0.00089923287
42093,156,0.0006961155
42093,157,0.00071889994
42093,158,0.00067263265
42093,159,0.0006311658
42093,160,0.00050314784
42093,161,0.00044490022
42093,162,0.00046696066
42093,163,0.00041174275
42093,164,0.0003503102
42093,165,0.00018924216
42093,166,5.849421e-05
42093,167,0.000105657775
42093,168,0.0
42093,169,8.684198e-05
42093,170,7.796308e-05
42093,171,0.00024378598
42093,172,0.0003953455
42093,173,0.00047122556
42093,174,0.00037736297
42093,175,1.1092821e-05
42093,176,0.00025045156
42093,177,0.0004165117
42093,178,0.0004887428
42093,179,0.00040106237
42093,180,0.00030070663
42093,181,0.00042153895
42093,182,0.00051965495
42093,183,0.0006717237
42093,184,0.00037847238
42093,185,0.0003400703
42093,186,0.00022987068
42093,187,0.00038583894
42093,188,0.00036283952
42093,189,0.00032139063
42093,190,0.00070654514
42093,191,0.0003210938
42093,192,0.0002090764
42093,193,2.8879047e-05
42093,194,5.7360925e-05
42093,195,0.000295557
42093,196,0.00049969216
42093,197,0.00056839583
42093,198,0.00030566315
42093,199,0.0005910553
42093,200,0.0007430718
42093,201,0.0012566207
42093,202,0.0019415278
42093,203,0.0017537076
42093,204,0.0007238313
42093,205,0.0
42093,206,0.0003540979
42093,207,0.0006355508
42093,208,0.0008091552
42093,209,0.000682948
42093,210,0.00054099737
42093,211,0.0005265993
42093,212,0.00036314427
42093,213,0.00051573414
42093,214,0.00068582036
42093,215,0.0005333928
42099,73,0.0038971878
42099,74,0.0033108627
42099,75,0.001885214
42099,76,0.0011836848
42099,77,0.0011449557
42099,78,0.0014111394
42099,79,0.0013816296
42099,80,0.0014380737
42099,81,0.0014316869
42099,82,0.0013131953
42099,83,0.0013415724
42099,84,0.0014819844
42099,85,0.0014562703
42099,86,0.0015187355
42099,87,0.0013272077
42099,88,0.00104025
42099,89,0.00097347866
42099,90,0.000852344
42099,91,0.0009470395
42099,92,0.000852922
42099,93,0.000776268
42099,94,0.0006196953
42099,95,0.000418068
42099,96,0.00032864054
42099,97,0.0004922231
42099,98,0.00038595378
42099,99,0.00036969443
42099,100,0.0005027628
42099,101,0.00056652306
42099,102,0.00045501112
42099,103,0.00048247713
42099,104,0.0003863283
42099,105,3.3518474e-05
42099,106,2.9003222e-05
42099,107,0.00035178085
42099,108,0.00035072642
42099,109,0.00024898967
42099,110,0.00035431396
42099,111,0.0004552142
42099,112,0.0001761832
42099,113,0.00024062356
42099,114,0.00026524902
42099,115,0.00010551293
42099,116,0.000120885175
42099,117,4.6765804e-06
42099,118,1.998961e-05
42099,119,0.00022185822
42099,120,0.0002422736
42099,121,0.00016287387
42099,122,0.0
42099,123,0.0001568679
42099,124,0.00031360966
42099,125,0.00033136565
42099,126,0.00017432669
42099,127,0.00015917838
42099,128,0.00045647263
42099,129,0.00024826408
42099,130,7.526318e-05
42099,131,0.0
42099,132,1.1362036e-05
42099,133,0.00030889869
42099,134,0.00026890516
42099,135,0.0
42099,136,0.0
42099,137,0.0
42099,138,9.098053e-05
42099,139,9.1895265e-05
42099,140,0.00033034163
42099,141,0.0
42099,142,0.0005797675
42099,143,0.0022789163
42099,144,0.0032262097
42099,145,0.0027860382
42099,146,0.0015093125
42099,147,0.0012043653
42099,148,0.0010454569
42099,149,0.00092734135
42099,150,0.0006560353
42099,151,0.00061434566
42099,152,0.00042766958
42099,153,0.00020999828
42099,154,0.00019917548
42099,155,0.00025813063
42099,156,0.0004483056
42099,157,0.0005831329
42099,158,0.0006045385
42099,159,0.000593672
42099,160,0.0005702466
42099,161,0.0005398889
42099,162,0.00076401373
42099,163,0.00043311657
42099,164,0.00022694806
42099,165,0.00012328327
42099,166,0.0002649965
42099,167,0.00021133284
42099,168,0.0
42099,169,0.0
42099,170,0.0
42099,171,0.00025778473
42099,172,0.00043108524
42099,173,0.0005178241
42099,174,0.0002998513
42099,175,0.0001593723
42099,176,0.00024004678
42099,177,0.00036567866
42099,178,0.0005040346
42099,179,0.0006525328
42099,180,0.00059856573
42099,181,0.00058448775
42099,182,0.0007245418
42099,183,0.00071298896
42099,184,0.0003760779
42099,185,0.000434256
42099,186,0.00047245462
42099,187,0.0005573567
42099,188,0.00044246076
42099,189,0.00045084732
42099,190,0.00029756446
42099,191,0.00013663669
42099,192,5.033811e-06
42099,193,2.6323001e-05
42099,194,6.793241e-05
42099,195,5.8104592e-06
42099,196,0.0
42099,197,0.00012017627
42099,198,8.387665e-05
42099,199,0.00013016105
42099,200,0.0
42099,201,0.0
42099,202,2.4661023e-05
42099,203,9.247284e-05
42099,204,0.00013839106
42099,205,0.00014783401
42099,206,0.00020600656
42099,207,0.0003190271
42099,208,0.00016094485
42099,209,0.00034845393
42099,210,0.00018644592
42099,211,0.00046425164
42099,212,0.0006865394
42099,213,0.00038744192
42099,214,0.00043150227
42099,215,0.00034531654
42105,73,0.0
42105,74,0.0018032569
42105,75,0.0026639584
42105,76,0.0025328002
42105,77,0.0029593697
42105,78,0.002901189
42105,79,0.0028338525
42105,80,0.0034572028
42105,81,0.004074733
42105,82,0.003960442
42105,83,0.003938632
42105,84,0.0032573398
42105,85,0.002479047
42105,86,0.0018620901
42105,87,0.0014741678
42105,88,0.0012312791
42105,89,0.0012746148
42105,90,0.0014039093
42105,91,0.0013599382
42105,92,0.0011395913
42105,93,0.0013339019
42105,94,0.0014925741
42105,95,0.0012912181
42105,96,0.0007545813
42105,97,0.0005855751
42105,98,0.000658985
42105,99,0.0015237118
42105,100,0.0014439839
42105,101,0.0012019831
42105,102,0.0010908747
42105,103,0.0007902255
42105,104,0.00086463295
42105,105,0.0012940658
42105,106,0.0058324747
42105,107,0.016910879
42105,108,0.029013675
42105,109,0.022696003
42105,110,0.0159354
42105,111,0.019360652
42105,112,0.022023208
42105,113,0.020601274
42105,114,0.019388879
42105,115,0.015846781
42105,116,0.014724726
42105,117,0.013090049
42105,118,0.012274844
42105,119,0.011327385
42105,120,0.009143415
42105,121,0.0076571703
42105,122,0.0067071365
42105,123,0.0059140325
42105,124,0.0047042356
42105,125,0.004228821
42105,126,0.0040389155
42105,127,0.004251337
42105,128,0.004414421
42105,129,0.0037712702
42105,130,0.0030208658
42105,131,0.00251388
42105,132,0.0022284084
42105,133,0.0021263016
42105,134,0.0015268453
42105,135,0.0017960353
42105,136,0.002578459
42105,137,0.0026517299
42105,138,0.0028180936
42105,139,0.003137476
42105,140,0.0039521153
42105,141,0.0050142156
42105,142,0.0061247563
42105,143,0.003710369
42105,144,0.0020169027
42105,145,0.0021246634
42105,146,0.0017247135
42105,147,0.0013260747
42105,148,0.0016745857
42105,149,0.0018447447
42105,150,0.0016720162
42105,151,0.0016423912
42105,152,0.001507843
42105,153,0.0015005777
42105,154,0.0015097206
42105,155,0.0015687374
42105,156,0.0014047687
42105,157,0.00090815395
42105,158,0.00087987905
42105,159,0.00075098313
42105,160,0.00088758854
42105,161,0.0007122346
42105,162,0.0004300672
42105,163,0.0005387767
42105,164,0.00056522986
42105,165,0.00031172374
42105,166,0.00036942321
42105,167,0.00038793107
42105,168,0.0002806763
42105,169,0.00046553533
42105,170,0.0005902803
42105,171,0.000558758
42105,172,0.00026834905
42105,173,0.00043471495
42105,174,0.00087420346
42105,175,0.0008072289
42105,176,0.0006548055
42105,177,0.0007342919
42105,178,0.0010127602
42105,179,0.0013389251
42105,180,0.0014837061
42105,181,0.001309139
42105,182,0.00071886124
42105,183,0.0005814582
42105,184,0.00076067424
42105,185,0.0007615018
42105,186,0.0005561553
42105,187,0.0005013812
42105,188,0.0002620808
42105,189,6.0311555e-05
42105,190,0.00031051555
42105,191,0.0004181254
42105,192,0.00050415617
42105,193,0.00035703796
42105,194,0.00029194017
42105,195,0.00034857076
42105,196,0.00021739582
42105,197,0.000359209
42105,198,0.00058887544
42105,199,0.0005858805
42105,200,0.00055755296
42105,201,0.0007557875
42105,202,0.00071877876
42105,203,0.000615863
42105,204,0.00064398313
42105,205,0.00069930113
42105,206,0.00046176295
42105,207,0.0004931979
42105,208,0.00049663725
42105,209,0.0003307869
42105,210,0.00044926404
42105,211,0.0005402766
42105,212,0.0007789423
42105,213,0.0010186677
42105,214,0.00096479466
42105,215,0.00076885364
42107,73,0.0
42107,74,0.0
42107,75,0.0
42107,76,0.0
42107,77,0.0
42107,78,0.0
42107,79,0.0
42107,80,0.0
42107,81,0.0
42107,82,0.0
42107,83,0.0
42107,84,0.0
42107,85,0.0
42107,86,0.0
42107,87,0.0
42107,88,0.0
42107,89,0.00016861061
42107,90,0.00044739962
42107,91,0.00067362806
42107,92,0.00094020786
42107,93,0.0011503486
42107,94,0.0006012891
42107,95,0.00013435642
42107,96,0.0
42107,97,7.940173e-05
42107,98,3.5674373e-05
42107,99,2.9060244e-05
42107,100,0.0
42107,101,0.00017255962
42107,102,9.2528266e-05
42107,103,0.0
42107,104,0.0
42107,105,0.0
42107,106,0.0
42107,107,0.0
42107,108,0.0
42107,109,0.0
42107,110,6.17832e-05
42107,111,0.000121496516
42107,112,0.00012046139
42107,113,0.00014546394
42107,114,0.00038938166
42107,115,0.0005975131
42107,116,0.00072519144
42107,117,0.00048444528
42107,118,0.00039044756
42107,119,0.00038669605
42107,120,0.00035410005
42107,121,0.00044745166
42107,122,0.00048095404
42107,123,0.00042245607
42107,124,0.0005180202
42107,125,0.00070867693
42107,126,0.0008773056
42107,127,0.0010475507
42107,128,0.00094501773
42107,129,0.0006196195
42107,130,0.000605095
42107,131,0.0007239034
42107,132,0.00073746894
42107,133,0.0008436503
42107,134,0.0014468954
42107,135,0.0018276246
42107,136,0.002163428
42107,137,0.0028046155
42107,138,0.0043064263
42107,139,0.005742709
42107,140,0.009506074
42107,141,0.021442669
42107,142,0.028959312
42107,143,0.030991888
42107,144,0.033229817
42107,145,0.037538126
42107,146,0.029481163
42107,147,0.020900523
42107,148,0.017928313
42107,149,0.016707178
42107,150,0.015844246
42107,151,0.014250717
42107,152,0.012777385
42107,153,0.011343965
42107,154,0.010017407
42107,155,0.008440008
42107,156,0.0071316673
42107,157,0.0062353257
42107,158,0.00563378
42107,159,0.004894021
42107,160,0.0040002195
42107,161,0.003327656
42107,162,0.0029136005
42107,163,0.0024748577
42107,164,0.0022043795
42107,165,0.0018540748
42107,166,0.0016252368
42107,167,0.0014357258
42107,168,0.0010602142
42107,169,0.0011181226
42107,170,0.0013179625
42107,171,0.0014219921
42107,172,0.001470875
42107,173,0.001433267
42107,174,0.0013195782
42107,175,0.0012022943
42107,176,0.00087107695
42107,177,0.001346917
42107,178,0.001552
42107,179,0.0014422279
42107,180,0.001456167
42107,181,0.00127207
42107,182,0.0013506724
42107,183,0.00093900703
42107,184,0.00086342456
42107,185,0.00093131565
42107,186,0.0007280175
42107,187,0.0007079593
42107,188,0.0006273081
42107,189,0.00039539774
42107,190,0.0005709668
42107,191,0.0002355639
42107,192,0.00012242753
42107,193,0.00012620747
42107,194,4.9915114e-05
42107,195,0.00013928354
42107,196,5.675912e-05
42107,197,0.00027323543
42107,198,0.00024019978
42107,199,0.00045224946
42107,200,0.00020009914
42107,201,0.00016423008
42107,202,0.00017002583
42107,203,0.00027293165
42107,204,0.00025080124
42107,205,0.00010951559
42107,206,0.00019984721
42107,207,0.00015875677
42107,208,0.00025400956
42107,209,0.00031730573
42107,210,0.00037677746
42107,211,0.0005829199
42107,212,0.0005984209
42107,213,0.0005429961
42107,214,0.000505922
42107,215,0.00011193216
42111,73,0.023272976
42111,74,0.022511857
42111,75,0.020504639
42111,76,0.01957212
42111,77,0.01911413
42111,78,0.018684044
42111,79,0.01770199
42111,80,0.01660841
42111,81,0.015770106
42111,82,0.015251346
42111,83,0.014599255
42111,84,0.014011326
42111,85,0.013345561
42111,86,0.0129626645
42111,87,0.01188486
42111,88,0.010347115
42111,89,0.008840564
42111,90,0.0075969393
42111,91,0.0066970913
42111,92,0.0050727837
42111,93,0.0035930248
42111,94,0.0028987078
42111,95,0.00267824
42111,96,0.0026667896
42111,97,0.0025936405
42111,98,0.0023865367
42111,99,0.0020516878
42111,100,0.0019770078
42111,101,0.002072488
42111,102,0.0017035985
42111,103,0.001447553
42111,104,0.0015816576
42111,105,0.001881168
42111,106,0.0013881827
42111,107,0.001625847
42111,108,0.0025885066
42111,109,0.0032271848
42111,110,0.0040581618
42111,111,0.005280437
42111,112,0.0064437822
42111,113,0.0059600743
42111,114,0.005404899
42111,115,0.0046373233
42111,116,0.0037028003
42111,117,0.00296545
42111,118,0.002405897
42111,119,0.0018472533
42111,120,0.001602036
42111,121,0.0014141771
42111,122,0.0011963396
42111,123,0.0009848279
42111,124,0.0007466602
42111,125,0.00063368713
42111,126,0.0006047791
42111,127,0.00052812655
42111,128,0.00039818406
42111,129,0.00046152354
42111,130,0.00069066667
42111,131,0.000286356
42111,132,0.0
42111,133,0.0
42111,134,0.0
42111,135,0.00052147626
42111,136,0.00045044362
42111,137,0.0003194934
42111,138,7.364869e-05
42111,139,3.4314195e-05
42111,140,0.0
42111,141,3.4599703e-05
42111,142,2.3993849e-05
42111,143,0.00061919494
42111,144,0.0013157352
42111,145,0.0015165671
42111,146,0.0009881019
42111,147,0.0007808238
42111,148,0.0003330654
42111,149,2.4837254e-06
42111,150,0.0
42111,151,0.0
42111,152,0.0
42111,153,0.0
42111,154,0.0
42111,155,9.409607e-05
42111,156,0.00024014711
42111,157,0.00033367972
42111,158,0.00050593016
42111,159,0.00024926127
42111,160,0.00024940333
42111,161,0.00022369901
42111,162,0.0
42111,163,0.0
42111,164,0.0
42111,165,5.1227413e-05
42111,166,0.0
42111,167,5.965352e-05
42111,168,1.9512574e-05
42111,169,1.8124183e-05
42111,170,0.00019768218
42111,171,0.00010936181
42111,172,0.00036319
42111,173,0.0003227073
42111,174,0.000261692
42111,175,0.0003238523
42111,176,0.00022739689
42111,177,0.00034536558
42111,178,0.00014168798
42111,179,0.00030183812
42111,180,0.0005599187
42111,181,0.000668036
42111,182,0.0003419316
42111,183,0.000434345
42111,184,0.00041686933
42111,185,0.00043860317
42111,186,0.00020987848
42111,187,0.0002115927
42111,188,0.00038860916
42111,189,0.0003430907
42111,190,0.00019204518
42111,191,0.00025166114
42111,192,0.00025446594
42111,193,0.00015604933
42111,194,0.0
42111,195,0.00024395109
42111,196,0.00016851106
42111,197,0.00018184661
42111,198,0.00041800202
42111,199,0.00037744403
42111,200,0.00036895572
42111,201,0.0002985239
42111,202,0.00021411816
42111,203,9.965698e-05
42111,204,0.00013151109
42111,205,0.00019197425
42111,206,0.00022828141
42111,207,6.6900255e-05
42111,208,7.8266065e-05
42111,209,0.00010440688
42111,210,0.00014506221
42111,211,0.00027080378
42111,212,0.00037836772
42111,213,0.00027993062
42111,214,0.00015162647
42111,215,0.000114156006
42117,73,0.0
42117,74,0.0005230868
42117,75,0.0017757199
42117,76,0.0017401441
42117,77,0.0014368617
42117,78,0.0013846235
42117,79,0.0014213232
42117,80,0.0015638244
42117,81,0.0020158347
42117,82,0.001992764
42117,83,0.0022032864
42117,84,0.0018677127
42117,85,0.0015800312
42117,86,0.0012078277
42117,87,0.0007641151
42117,88,0.0005273587
42117,89,0.00052870373
42117,90,0.0006599291
42117,91,0.00057130115
42117,92,0.00053770543
42117,93,0.0009759096
42117,94,0.0007676987
42117,95,3.7417808e-06
42117,96,0.00012188018
42117,97,0.00031490286
42117,98,0.00042898196
42117,99,0.0006049047
42117,100,0.0012033547
42117,101,0.00045729798
42117,102,0.00025568693
42117,103,0.00019443354
42117,104,0.0002077184
42117,105,0.00016106525
42117,106,0.00037555755
42117,107,0.001040495
42117,108,0.0016356665
42117,109,0.0021361117
42117,110,0.002497015
42117,111,0.0027739522
42117,112,0.00268334
42117,113,0.0030888182
42117,114,0.0032487158
42117,115,0.0031143653
42117,116,0.0030939092
42117,117,0.0032568113
42117,118,0.0030881271
42117,119,0.0033439316
42117,120,0.002996802
42117,121,0.0026551636
42117,122,0.0023101596
42117,123,0.0021894376
42117,124,0.001730839
42117,125,0.0016405071
42117,126,0.001478706
42117,127,0.0018813745
42117,128,0.0020673377
42117,129,0.0021962337
42117,130,0.0023874145
42117,131,0.0023608403
42117,132,0.0023558824
42117,133,0.0016470306
42117,134,0.0010181814
42117,135,0.0010464552
42117,136,0.0011875579
42117,137,0.0012798011
42117,138,0.0019390525
42117,139,0.001188973
42117,140,0.0005516618
42117,141,0.0015621118
42117,142,0.002930059
42117,143,0.004593041
42117,144,0.0025240344
42117,145,0.00049528794
42117,146,0.0002813498
42117,147,0.0008675656
42117,148,0.0015186793
42117,149,0.001761295
42117,150,0.0016986843
42117,151,0.0016571219
42117,152,0.0014786092
42117,153,0.0014072366
42117,154,0.0014532276
42117,155,0.0012334216
42117,156,0.0009712289
42117,157,0.0007692889
42117,158,0.00076316856
42117,159,0.0007461884
42117,160,0.0006579491
42117,161,0.0007164731
42117,162,0.0008011282
42117,163,0.0010509443
42117,164,0.00080759136
42117,165,0.0006856016
42117,166,0.00084513985
42117,167,0.00067617925
42117,168,0.0005469827
42117,169,0.0006964483
42117,170,0.0007615959
42117,171,0.0010251388
42117,172,0.0012210471
42117,173,0.0007813712
42117,174,0.0007246637
42117,175,0.00080908835
42117,176,0.0011152318
42117,177,0.0009768445
42117,178,0.0009360614
42117,179,0.0013723846
42117,180,0.0016058646
42117,181,0.001208535
42117,182,0.0009923759
42117,183,0.000582764
42117,184,0.000949293
42117,185,0.00094872474
42117,186,0.00072508573
42117,187,0.00066484534
42117,188,0.00051278295
42117,189,0.00025711715
42117,190,0.000501097
42117,191,0.0005245113
42117,192,0.00057937903
42117,193,0.00047258913
42117,194,0.00039082606
42117,195,0.00048922875
42117,196,0.00044172088
42117,197,0.0003697552
42117,198,0.00045159637
42117,199,0.0005175525
42117,200,0.00050028664
42117,201,0.00051777763
42117,202,0.0004728955
42117,203,0.00027819953
42117,204,0.0005058352
42117,205,0.0005319573
42117,206,0.00045268596
42117,207,0.00048101405
42117,208,0.0005988979
42117,209,0.0004725053
42117,210,0.0005033018
42117,211,0.00053607865
42117,212,0.00063271704
42117,213,0.0006514442
42117,214,0.00037947475
42117,215,0.00032893318
42123,73,0.14374791
42123,74,0.33903995
42123,75,0.4032194
42123,76,0.3936674
42123,77,0.38584292
42123,78,0.37860715
42123,79,0.3682066
42123,80,0.3526596
42123,81,0.32754013
42123,82,0.3003673
42123,83,0.27296507
42123,84,0.24084884
42123,85,0.20259155
42123,86,0.16920225
42123,87,0.13736919
42123,88,0.105415516
42123,89,0.08057854
42123,90,0.062574394
42123,91,0.048248857
42123,92,0.03796577
42123,93,0.03156612
42123,94,0.026855256
42123,95,0.022813847
42123,96,0.020181263
42123,97,0.018050212
42123,98,0.01607956
42123,99,0.0151426885
42123,100,0.014288655
42123,101,0.012733648
42123,102,0.010725975
42123,103,0.00901124
42123,104,0.0074765254
42123,105,0.0059618135
42123,106,0.0045758416
42123,107,0.0038100847
42123,108,0.004000574
42123,109,0.0053463522
42123,110,0.0065494655
42123,111,0.007832215
42123,112,0.009351096
42123,113,0.0116404155
42123,114,0.015061191
42123,115,0.018401012
42123,116,0.022510692
42123,117,0.023765417
42123,118,0.023655508
42123,119,0.023082692
42123,120,0.022190817
42123,121,0.021340534
42123,122,0.020174086
42123,123,0.019208308
42123,124,0.0175053
42123,125,0.015883025
42123,126,0.014882082
42123,127,0.013817343
42123,128,0.012918469
42123,129,0.01258022
42123,130,0.011894861
42123,131,0.010302089
42123,132,0.00990707
42123,133,0.00958638
42123,134,0.008643211
42123,135,0.007429611
42123,136,0.0069674277
42123,137,0.0062029716
42123,138,0.006299943
42123,139,0.006375612
42123,140,0.0046937955
42123,141,0.00419404
42123,142,0.004452225
42123,143,0.005011993
42123,144,0.0048447535
42123,145,0.0039561857
42123,146,0.0034358324
42123,147,0.0035041226
42123,148,0.003143616
42123,149,0.0025881461
42123,150,0.002123396
42123,151,0.0020210906
42123,152,0.001612939
42123,153,0.0013834963
42123,154,0.0014479209
42123,155,0.001286523
42123,156,0.001321458
42123,157,0.001133434
42123,158,0.00083932956
42123,159,0.00060651224
42123,160,0.0005705764
42123,161,0.0006085859
42123,162,0.0006602917
42123,163,0.0007811127
42123,164,0.0010328529
42123,165,0.0008798436
42123,166,0.0006483492
42123,167,0.0006791244
42123,168,0.0005609854
42123,169,0.00043845514
42123,170,0.00099105
42123,171,0.0008899238
42123,172,0.0007995076
42123,173,0.0010066954
42123,174,0.0009887847
42123,175,0.00062326656
42123,176,0.00070724
42123,177,0.0006528308
42123,178,0.0008186681
42123,179,0.0013370283
42123,180,0.0012810667
42123,181,0.0011932108
42123,182,0.00090740854
42123,183,0.000835447
42123,184,0.0008707783
42123,185,0.000764304
42123,186,0.0008043543
42123,187,0.0005289205
42123,188,0.0006867198
42123,189,0.0007541126
42123,190,0.00077470444
42123,191,0.0009323875
42123,192,0.0005221689
42123,193,0.0005534069
42123,194,0.000507133
42123,195,0.0005565433
42123,196,0.00051923475
42123,197,0.0004592828
42123,198,0.0006075174
42123,199,0.00066312315
42123,200,0.00055571436
42123,201,0.0004633637
42123,202,0.00046530468
42123,203,0.000606793
42123,204,0.0007153394
42123,205,0.0004627647
42123,206,0.00022649864
42123,207,0.0002841713
42123,208,0.00013485749
42123,209,0.00016005815
42123,210,0.00022895694
42123,211,0.00022904256
42123,212,0.00046777367
42123,213,0.0005562298
42123,214,0.0005219247
42123,215,0.00034141916
54001,73,0.026747914
54001,74,0.025122091
54001,75,0.02290788
54001,76,0.021228056
54001,77,0.019417267
54001,78,0.017564397
54001,79,0.015280596
54001,80,0.01275858
54001,81,0.010601248
54001,82,0.008981665
54001,83,0.007666302
54001,84,0.0067077037
54001,85,0.0058955126
54001,86,0.0054040356
54001,87,0.004481926
54001,88,0.0040634144
54001,89,0.0035790207
54001,90,0.003604212
54001,91,0.002912675
54001,92,0.0031311417
54001,93,0.0027154747
54001,94,0.0024923016
54001,95,0.0024107657
54001,96,0.0024542967
54001,97,0.0023349267
54001,98,0.0021194175
54001,99,0.001841627
54001,100,0.0016201009
54001,101,0.0016434924
54001,102,0.0016220378
54001,103,0.0017031454
54001,104,0.001833943
54001,105,0.0018105846
54001,106,0.0018522096
54001,107,0.0018107855
54001,108,0.0017708554
54001,109,0.0019310516
54001,110,0.0020875752
54001,111,0.0024606795
54001,112,0.0022929113
54001,113,0.0021399807
54001,114,0.0020010541
54001,115,0.0018059463
54001,116,0.0018366885
54001,117,0.0020040446
54001,118,0.002195199
54001,119,0.0023995573
54001,120,0.002782906
54001,121,0.002846545
54001,122,0.0030354178
54001,123,0.0026047975
54001,124,0.001815701
54001,125,0.0014477032
54001,126,0.0012226875
54001,127,0.0014168015
54001,128,0.002305265
54001,129,0.0019302688
54001,130,0.0014183448
54001,131,0.0008311633
54001,132,0.00020944
54001,133,0.0
54001,134,0.0
54001,135,0.00032502096
54001,136,0.0005049223
54001,137,0.00021870733
54001,138,0.0
54001,139,3.256798e-05
54001,140,0.00084276526
54001,141,0.0012581254
54001,142,0.0018547352
54001,143,0.0019368195
54001,144,0.0016290583
54001,145,0.0022917218
54001,146,0.0018333121
54001,147,0.0019279952
54001,148,0.0016266024
54001,149,0.0017357701
54001,150,0.0021228113
54001,151,0.0020511781
54001,152,0.002201951
54001,153,0.0027014383
54001,154,0.0028896066
54001,155,0.0033919872
54001,156,0.0032919834
54001,157,0.00317596
54001,158,0.0031700593
54001,159,0.0029736236
54001,160,0.0021934526
54001,161,0.0018035752
54001,162,0.0018594329
54001,163,0.0017593879
54001,164,0.0014195134
54001,165,0.0011614219
54001,166,0.0010882085
54001,167,0.0009664842
54001,168,0.0012970726
54001,169,0.0012411496
54001,170,0.0010171606
54001,171,0.0010513396
54001,172,0.00096618925
54001,173,0.00093953754
54001,174,0.001155612
54001,175,0.0012018547
54001,176,0.0009053468
54001,177,0.00096423185
54001,178,0.0010903239
54001,179,0.001522384
54001,180,0.0013209785
54001,181,0.0011826135
54001,182,0.0010244268
54001,183,0.00090769865
54001,184,0.0010099206
54001,185,0.0010169093
54001,186,0.0012105755
54001,187,0.0006499229
54001,188,0.00047453822
54001,189,0.0003757743
54001,190,0.00078932306
54001,191,0.00080884615
54001,192,0.0010986372
54001,193,0.0007411609
54001,194,0.00073577365
54001,195,0.00075518526
54001,196,0.00090275606
54001,197,0.0010376537
54001,198,0.0010776112
54001,199,0.0012782981
54001,200,0.0014786355
54001,201,0.0013384232
54001,202,0.0013088734
54001,203,0.0013692899
54001,204,0.0012012094
54001,205,0.0009884842
54001,206,0.000865651
54001,207,0.00049420836
54001,208,0.00050753576
54001,209,0.00070844946
54001,210,0.0006252766
54001,211,0.00071843003
54001,212,0.0007011715
54001,213,0.0005126649
54001,214,0.000291424
54001,215,0.00023087123
54003,73,0.0026908114
54003,74,0.0
54003,75,0.0
54003,76,0.0
54003,77,0.0
54003,78,0.0
54003,79,0.0
54003,80,0.00065922
54003,81,0.0010476955
54003,82,0.001200368
54003,83,0.0012506807
54003,84,0.0014328439
54003,85,0.0014559804
54003,86,0.0013279081
54003,87,0.0012310388
54003,88,0.0010071805
54003,89,0.0009396935
54003,90,0.0009495948
54003,91,0.00088781415
54003,92,0.0008513859
54003,93,0.00080798334
54003,94,0.0011124357
54003,95,0.0006691166
54003,96,0.0005335247
54003,97,0.0004276371
54003,98,0.00021191894
54003,99,0.00022877454
54003,100,0.00010058363
54003,101,0.00024704932
54003,102,0.00018627723
54003,103,6.4339238e-06
54003,104,0.0001575903
54003,105,0.00036674083
54003,106,0.0007215203
54003,107,0.00084820425
54003,108,0.00072352675
54003,109,0.0005725906
54003,110,0.000496812
54003,111,0.00019370437
54003,112,0.00017436266
54003,113,0.00014631529
54003,114,0.0002110357
54003,115,0.00018407693
54003,116,4.2722622e-05
54003,117,3.1901796e-05
54003,118,0.0
54003,119,0.0
54003,120,0.0
54003,121,0.0
54003,122,0.0
54003,123,0.0
54003,124,0.0
54003,125,0.0
54003,126,0.0
54003,127,0.0
54003,128,0.0
54003,129,0.0
54003,130,0.0
54003,131,0.00022241374
54003,132,0.00073574344
54003,133,0.0
54003,134,0.0
54003,135,0.0
54003,136,0.0
54003,137,0.0
54003,138,0.0
54003,139,0.0
54003,140,0.0
54003,141,0.0
54003,142,0.0
54003,143,0.0
54003,144,0.0
54003,145,0.0
54003,146,0.0
54003,147,0.0
54003,148,0.0
54003,149,0.0
54003,150,0.0
54003,151,0.0
54003,152,0.0
54003,153,0.0
54003,154,0.0
54003,155,0.0
54003,156,0.0
54003,157,0.0
54003,158,0.0
54003,159,7.5040065e-05
54003,160,6.688436e-06
54003,161,0.0
54003,162,0.0
54003,163,0.0
54003,164,0.0
54003,165,0.0
54003,166,0.0
54003,167,0.0
54003,168,0.0
54003,169,0.0
54003,170,0.0
54003,171,0.0
54003,172,0.0
54003,173,0.0
54003,174,0.0
54003,175,0.0
54003,176,3.0942363e-05
54003,177,0.0
54003,178,0.00013650079
54003,179,0.00033746142
54003,180,0.0005445151
54003,181,0.0003416894
54003,182,0.00035009722
54003,183,0.00046266717
54003,184,0.0005190933
54003,185,0.0005997809
54003,186,0.00047893662
54003,187,0.00035674352
54003,188,0.00034410774
54003,189,0.00018222949
54003,190,0.00022898456
54003,191,0.00012120664
54003,192,4.0173927e-05
54003,193,0.0
54003,194,0.0
54003,195,0.0
54003,196,2.9218197e-06
54003,197,0.0
54003,198,0.0
54003,199,0.0
54003,200,0.0
54003,201,0.0
54003,202,0.0
54003,203,0.0
54003,204,2.2322536e-05
54003,205,0.00023770054
54003,206,0.00019557953
54003,207,0.00026851258
54003,208,0.00038111885
54003,209,0.00026509882
54003,210,0.0003879076
54003,211,0.00048053128
54003,212,0.0003492993
54003,213,0.00011644781
54003,214,0.0
54003,215,0.0
54005,73,0.0
54005,74,0.00035163105
54005,75,0.00041055382
54005,76,0.00028532287
54005,77,4.178405e-05
54005,78,0.00016534925
54005,79,0.00044180037
54005,80,0.00043926318
54005,81,0.0003921324
54005,82,0.0005107654
54005,83,0.0008028885
54005,84,0.00061710493
54005,85,0.00032309294
54005,86,0.0005215207
54005,87,0.0006308198
54005,88,0.0016473117
54005,89,0.0011889094
54005,90,0.00096192566
54005,91,0.00084351323
54005,92,0.00083942414
54005,93,0.0008020556
54005,94,0.0006493833
54005,95,0.0006571257
54005,96,0.00064007915
54005,97,0.000687654
54005,98,0.00057584327
54005,99,0.0004269759
54005,100,0.0002625841
54005,101,0.00022663514
54005,102,0.00035433334
54005,103,0.0004025795
54005,104,0.00024554034
54005,105,9.590824e-05
54005,106,0.00026417334
54005,107,0.00050197856
54005,108,0.00071532966
54005,109,0.0009117529
54005,110,0.0012393239
54005,111,0.0012690551
54005,112,0.001293451
54005,113,0.0016679184
54005,114,0.0017676615
54005,115,0.001792639
54005,116,0.0014317563
54005,117,0.0010801938
54005,118,0.0009054214
54005,119,0.000941213
54005,120,0.0011604052
54005,121,0.0013512681
54005,122,0.0011487807
54005,123,0.0008399109
54005,124,0.0011494511
54005,125,0.0032654246
54005,126,0.0058788466
54005,127,0.006903717
54005,128,0.007321703
54005,129,0.008503672
54005,130,0.008344053
54005,131,0.0069641643
54005,132,0.005082415
54005,133,0.0044063013
54005,134,0.0036965725
54005,135,0.0028798785
54005,136,0.004402949
54005,137,0.008821365
54005,138,0.012490166
54005,139,0.016657777
54005,140,0.015256567
54005,141,0.01866001
54005,142,0.024590066
54005,143,0.02506697
54005,144,0.024033548
54005,145,0.023930388
54005,146,0.02225199
54005,147,0.020324059
54005,148,0.018155409
54005,149,0.01687665
54005,150,0.015612239
54005,151,0.01538486
54005,152,0.01715929
54005,153,0.017304473
54005,154,0.016114416
54005,155,0.015441302
54005,156,0.014052897
54005,157,0.012236801
54005,158,0.011403929
54005,159,0.010004862
54005,160,0.007813222
54005,161,0.0063218856
54005,162,0.005228606
54005,163,0.0043750764
54005,164,0.0038117387
54005,165,0.0026720846
54005,166,0.0028298304
54005,167,0.0021398615
54005,168,0.0018595487
54005,169,0.0016790442
54005,170,0.0015942549
54005,171,0.0016432209
54005,172,0.0018302612
54005,173,0.0018155192
54005,174,0.0016050662
54005,175,0.0015729882
54005,176,0.001604086
54005,177,0.0017198189
54005,178,0.0019048898
54005,179,0.0021025245
54005,180,0.0018935413
54005,181,0.0016358068
54005,182,0.0013184906
54005,183,0.0012774207
54005,184,0.0014368301
54005,185,0.001323236
54005,186,0.0013117581
54005,187,0.00097103836
54005,188,0.00080612267
54005,189,0.00092966756
54005,190,0.0009494088
54005,191,0.0006671468
54005,192,0.00089950004
54005,193,0.0008806387
54005,194,0.00076561153
54005,195,0.0008300918
54005,196,0.00065203407
54005,197,0.0007705677
54005,198,0.00064516644
54005,199,0.0008385845
54005,200,0.0008514854
54005,201,0.00087526074
54005,202,0.00082232145
54005,203,0.0007508681
54005,204,0.0009876678
54005,205,0.0009420522
54005,206,0.00091512775
54005,207,0.0006858504
54005,208,0.0010099474
54005,209,0.0010377645
54005,210,0.0011383143
54005,211,0.001275534
54005,212,0.0008111147
54005,213,0.0005374777
54005,214,0.00022048989
54005,215,0.00010939777
54011,73,0.0028624139
54011,74,7.1749295e-05
54011,75,0.0
54011,76,8.076171e-05
54011,77,0.0
54011,78,2.1566351e-05
54011,79,5.7373247e-05
54011,80,0.00031041025
54011,81,0.0
54011,82,0.00017861009
54011,83,0.0002586206
54011,84,0.00058468
54011,85,0.0007866177
54011,86,0.0008718476
54011,87,0.00086752744
54011,88,0.00098455
54011,89,0.0007314498
54011,90,0.00080293266
54011,91,0.00078867486
54011,92,0.00074831746
54011,93,0.00064386404
54011,94,0.0004087317
54011,95,0.00029146243
54011,96,6.0906612e-05
54011,97,0.0
54011,98,0.0
54011,99,0.0
54011,100,0.0
54011,101,0.0
54011,102,0.0
54011,103,0.0
54011,104,0.0
54011,105,0.0
54011,106,0.0
54011,107,0.00071100536
54011,108,0.00094076333
54011,109,0.0011905741
54011,110,0.0014888688
54011,111,0.0014924408
54011,112,0.001711341
54011,113,0.001749555
54011,114,0.0015854443
54011,115,0.0014203484
54011,116,0.0012341946
54011,117,0.0012134272
54011,118,0.00087151193
54011,119,0.0006070082
54011,120,0.00048619966
54011,121,0.0002167648
54011,122,0.0
54011,123,0.0
54011,124,0.00033119065
54011,125,0.0003162831
54011,126,0.0006522157
54011,127,0.0007884888
54011,128,0.0019537979
54011,129,0.0017479705
54011,130,0.0017878156
54011,131,0.0011703423
54011,132,0.00014658054
54011,133,0.0
54011,134,0.0
54011,135,0.0
54011,136,0.0
54011,137,0.00018195191
54011,138,0.0010569083
54011,139,0.002278125
54011,140,0.0023787955
54011,141,0.00254958
54011,142,0.0027777562
54011,143,0.0026278475
54011,144,0.0023908692
54011,145,0.0022614924
54011,146,0.0015831011
54011,147,0.0012166969
54011,148,0.0012048262
54011,149,0.0012667476
54011,150,0.0012996276
54011,151,0.0013820216
54011,152,0.0013328702
54011,153,0.0015808314
54011,154,0.0018613379
54011,155,0.00177851
54011,156,0.0013334984
54011,157,0.0014196511
54011,158,0.0012152819
54011,159,0.0008700653
54011,160,0.0005509625
54011,161,0.0002570967
54011,162,0.00026206055
54011,163,0.00038248103
54011,164,0.00070036866
54011,165,0.00055157405
54011,166,0.0005018266
54011,167,0.00071941555
54011,168,0.00046669264
54011,169,0.00049390853
54011,170,0.00028964758
54011,171,0.000633592
54011,172,0.00015472929
54011,173,0.00014234643
54011,174,0.00024020394
54011,175,0.0003376456
54011,176,0.00025869647
54011,177,0.00031730076
54011,178,0.00049662427
54011,179,0.0006221873
54011,180,0.00056612433
54011,181,0.00059287413
54011,182,0.00049150764
54011,183,0.0005030334
54011,184,0.0006596186
54011,185,0.00043815892
54011,186,0.0003122131
54011,187,0.0004673602
54011,188,0.00063367287
54011,189,0.00064765575
54011,190,0.00047787547
54011,191,0.00038366456
54011,192,0.00036257505
54011,193,0.00036535383
54011,194,0.00036053837
54011,195,0.00032122433
54011,196,0.00014746786
54011,197,0.00018647373
54011,198,0.00023350657
54011,199,0.00027408957
54011,200,0.00033914467
54011,201,0.00030430497
54011,202,0.00023383141
54011,203,0.0002262956
54011,204,0.00033596635
54011,205,0.0004707718
54011,206,0.00053480227
54011,207,0.00044354002
54011,208,0.0005292052
54011,209,0.0005551394
54011,210,0.00068092725
54011,211,0.00088581024
54011,212,0.00080540637
54011,213,0.0006619239
54011,214,0.0003781261
54011,215,0.0002079157
54017,73,0.029016094
54017,74,0.01839989
54017,75,0.0144387875
54017,76,0.013080911
54017,77,0.0125914905
54017,78,0.012735555
54017,79,0.012063693
54017,80,0.011664924
54017,81,0.011381474
54017,82,0.009886087
54017,83,0.008015065
54017,84,0.0055982936
54017,85,0.00409099
54017,86,0.0036165938
54017,87,0.0028625997
54017,88,0.0020051736
54017,89,0.0016306756
54017,90,0.0015584476
54017,91,0.0010353138
54017,92,0.0013078101
54017,93,0.0012535246
54017,94,0.0012198808
54017,95,0.00107193
54017,96,0.0011478702
54017,97,0.00116656
54017,98,0.001217883
54017,99,0.0011330658
54017,100,0.00061641
54017,101,0.001131696
54017,102,0.0012689721
54017,103,0.001092331
54017,104,0.00081248936
54017,105,0.00073924544
54017,106,0.0009498956
54017,107,0.0011559295
54017,108,0.0014471327
54017,109,0.0018387676
54017,110,0.0023230012
54017,111,0.0026956105
54017,112,0.0024307386
54017,113,0.0027393233
54017,114,0.0033572675
54017,115,0.003597382
54017,116,0.0030141438
54017,117,0.002051316
54017,118,0.0014692105
54017,119,0.00094276224
54017,120,0.0006615815
54017,121,0.0005334751
54017,122,0.00052269024
54017,123,0.0002071321
54017,124,0.0
54017,125,0.00010658006
54017,126,0.0015788743
54017,127,0.00350188
54017,128,0.0042926744
54017,129,0.0031102446
54017,130,0.002268412
54017,131,0.0022686874
54017,132,0.0016344425
54017,133,0.0016334307
54017,134,0.0018235763
54017,135,0.0015493042
54017,136,0.0011477708
54017,137,0.0020520962
54017,138,0.0057637165
54017,139,0.012315411
54017,140,0.018597981
54017,141,0.023049371
54017,142,0.026452987
54017,143,0.028070783
54017,144,0.028068025
54017,145,0.03217496
54017,146,0.03431869
54017,147,0.034317587
54017,148,0.031188402
54017,149,0.031303998
54017,150,0.034958534
54017,151,0.038828123
54017,152,0.041976865
54017,153,0.049675412
54017,154,0.057191566
54017,155,0.06660335
54017,156,0.066679
54017,157,0.06376022
54017,158,0.051506635
54017,159,0.039858554
54017,160,0.029093856
54017,161,0.02199456
54017,162,0.016303835
54017,163,0.0124160405
54017,164,0.009249827
54017,165,0.0063111074
54017,166,0.0039069816
54017,167,0.0028328062
54017,168,0.0031002332
54017,169,0.0026435428
54017,170,0.0019428809
54017,171,0.0015339499
54017,172,0.0017503373
54017,173,0.0014412481
54017,174,0.0014279832
54017,175,0.0015155129
54017,176,0.001208202
54017,177,0.0011263486
54017,178,0.0012897202
54017,179,0.0014579899
54017,180,0.001569954
54017,181,0.0017275448
54017,182,0.0013298829
54017,183,0.0012997043
54017,184,0.001309348
54017,185,0.0010793818
54017,186,0.0013304519
54017,187,0.0008678063
54017,188,0.0006061133
54017,189,0.00046264887
54017,190,0.0005752601
54017,191,0.0005482769
54017,192,0.00074610533
54017,193,0.0005876297
54017,194,0.00051600137
54017,195,0.00041891276
54017,196,0.0004914431
54017,197,0.000524892
54017,198,0.0007042547
54017,199,0.00091858587
54017,200,0.0010257292
54017,201,0.0009295063
54017,202,0.00077393034
54017,203,0.00093571807
54017,204,0.0009456116
54017,205,0.0007968223
54017,206,0.0008224795
54017,207,0.00068533455
54017,208,0.0005201191
54017,209,0.0005031123
54017,210,0.0010293953
54017,211,0.00093077146
54017,212,0.00048103213
54017,213,0.00052701554
54017,214,0.0005842322
54017,215,0.00048521737
54021,73,0.0012988021
54021,74,0.00087536254
54021,75,0.0012970115
54021,76,0.0016470413
54021,77,0.0017815686
54021,78,0.0017297722
54021,79,0.0017136113
54021,80,0.0008729819
54021,81,0.0015741539
54021,82,0.0021762643
54021,83,0.002556857
54021,84,0.0021021455
54021,85,0.0013375222
54021,86,0.0011190801
54021,87,0.0013091178
54021,88,0.0013103187
54021,89,0.00079240045
54021,90,0.0005650437
54021,91,0.00071950257
54021,92,0.0011934658
54021,93,0.0011048078
54021,94,0.0008110559
54021,95,0.00059056206
54021,96,0.0004791069
54021,97,0.000543676
54021,98,0.00054611365
54021,99,0.00043527407
54021,100,0.00030252256
54021,101,0.00021967888
54021,102,5.5021443e-05
54021,103,4.84248e-05
54021,104,6.0399772e-05
54021,105,5.4654083e-05
54021,106,0.00020154199
54021,107,0.00011179845
54021,108,0.0005078991
54021,109,0.00073986925
54021,110,0.00089594757
54021,111,0.0010236121
54021,112,0.0011436389
54021,113,0.0016417784
54021,114,0.0024020832
54021,115,0.0032708307
54021,116,0.0032720622
54021,117,0.0022493768
54021,118,0.0014746455
54021,119,0.0010181443
54021,120,0.0009162096
54021,121,0.00096229045
54021,122,0.00074415794
54021,123,0.0
54021,124,0.0
54021,125,0.0005690492
54021,126,0.008098733
54021,127,0.020668335
54021,128,0.026934147
54021,129,0.0136225475
54021,130,0.012178569
54021,131,0.013618828
54021,132,0.011885635
54021,133,0.00723099
54021,134,0.005772373
54021,135,0.0050787157
54021,136,0.0034800244
54021,137,0.008557628
54021,138,0.021163922
54021,139,0.046736058
54021,140,0.07941329
54021,141,0.09932197
54021,142,0.11278348
54021,143,0.11018937
54021,144,0.10752231
54021,145,0.10817668
54021,146,0.09615785
54021,147,0.089746214
54021,148,0.08173598
54021,149,0.07668939
54021,150,0.0844929
54021,151,0.095716275
54021,152,0.10202759
54021,153,0.11271304
54021,154,0.1278486
54021,155,0.13758004
54021,156,0.13504255
54021,157,0.13465656
54021,158,0.1073246
54021,159,0.07341611
54021,160,0.06374058
54021,161,0.058202423
54021,162,0.04876308
54021,163,0.04344502
54021,164,0.03920678
54021,165,0.03531166
54021,166,0.030337734
54021,167,0.02790457
54021,168,0.02728983
54021,169,0.024955349
54021,170,0.023790842
54021,171,0.022478268
54021,172,0.022491328
54021,173,0.023120575
54021,174,0.023054369
54021,175,0.02293598
54021,176,0.022667674
54021,177,0.021886045
54021,178,0.019044785
54021,179,0.014053902
54021,180,0.008312502
54021,181,0.0048852023
54021,182,0.0035845242
54021,183,0.0028786918
54021,184,0.0022615935
54021,185,0.0018585152
54021,186,0.0019570387
54021,187,0.001338045
54021,188,0.000956702
54021,189,0.00086553715
54021,190,0.0009210024
54021,191,0.00082632387
54021,192,0.000766139
54021,193,0.00044226725
54021,194,0.0005347514
54021,195,0.0005689329
54021,196,0.0005009238
54021,197,0.00048473256
54021,198,0.00053436874
54021,199,0.0006451652
54021,200,0.00085369445
54021,201,0.0008191862
54021,202,0.0006415584
54021,203,0.0007988677
54021,204,0.00069336616
54021,205,0.0005330066
54021,206,0.00068301475
54021,207,0.0008426714
54021,208,0.00074391963
54021,209,0.0007063711
54021,210,0.0011748316
54021,211,0.001071342
54021,212,0.0007055304
54021,213,0.00043691337
54021,214,0.00013186355
54021,215,0.0
54049,73,0.008496074
54049,74,0.007412618
54049,75,0.00695018
54049,76,0.0065222476
54049,77,0.0058696656
54049,78,0.0052316757
54049,79,0.0045702895
54049,80,0.0038557264
54049,81,0.0034616399
54049,82,0.0030978129
54049,83,0.0028006916
54049,84,0.0026837995
54049,85,0.0025174788
54049,86,0.002774873
54049,87,0.0024898252
54049,88,0.002163285
54049,89,0.002093701
54049,90,0.001891942
54049,91,0.0013522208
54049,92,0.0014519537
54049,93,0.0014639306
54049,94,0.0013780614
54049,95,0.0012344882
54049,96,0.0011080824
54049,97,0.0007686049
54049,98,0.00072653894
54049,99,0.00056349917
54049,100,0.0004023717
54049,101,0.0003312673
54049,102,0.000405338
54049,103,0.00028925994
54049,104,0.00032350124
54049,105,0.00046034515
54049,106,0.00043248135
54049,107,0.0006767742
54049,108,0.0009742052
54049,109,0.0015689293
54049,110,0.0018890123
54049,111,0.0020179641
54049,112,0.0018695492
54049,113,0.0020116668
54049,114,0.0018299441
54049,115,0.0017106831
54049,116,0.0014246356
54049,117,0.0012787473
54049,118,0.0009971434
54049,119,0.0007875389
54049,120,0.0005927958
54049,121,0.0005314545
54049,122,0.00066651404
54049,123,0.0004976804
54049,124,0.0001238664
54049,125,0.0
54049,126,0.0005104637
54049,127,0.0029286614
54049,128,0.0042461483
54049,129,0.0046967985
54049,130,0.0049313568
54049,131,0.0040034605
54049,132,0.0030395486
54049,133,0.0024383077
54049,134,0.0023372585
54049,135,0.0017899431
54049,136,0.0013085414
54049,137,0.00032803495
54049,138,0.00021297098
54049,139,0.0014570461
54049,140,0.0025879631
54049,141,0.0034002266
54049,142,0.0033346964
54049,143,0.0037256954
54049,144,0.00271264
54049,145,0.0033058068
54049,146,0.0030081721
54049,147,0.0027712819
54049,148,0.0026018398
54049,149,0.002698776
54049,150,0.0024074712
54049,151,0.0025068142
54049,152,0.002106281
54049,153,0.0026248738
54049,154,0.0034992762
54049,155,0.004000405
54049,156,0.0036617336
54049,157,0.003056244
54049,158,0.0024173697
54049,159,0.0024057545
54049,160,0.0021488343
54049,161,0.0017010598
54049,162,0.00154515
54049,163,0.0014593505
54049,164,0.0011369177
54049,165,0.0009420704
54049,166,0.000900605
54049,167,0.0010764909
54049,168,0.0008272468
54049,169,0.0010147115
54049,170,0.00058987935
54049,171,0.00040950318
54049,172,0.0008199992
54049,173,0.00062006636
54049,174,0.0009792086
54049,175,0.000999479
54049,176,0.00060957373
54049,177,0.00042698186
54049,178,0.00060563604
54049,179,0.0006185941
54049,180,0.00057853
54049,181,0.0006537352
54049,182,0.0007272067
54049,183,0.0008608619
54049,184,0.0008298806
54049,185,0.0007576474
54049,186,0.0007441779
54049,187,0.0004776458
54049,188,0.0007466811
54049,189,0.00067947386
54049,190,0.00052080315
54049,191,0.00040964884
54049,192,0.00049574097
54049,193,0.0005061837
54049,194,0.000550917
54049,195,0.00057455
54049,196,0.00052638905
54049,197,0.00050486426
54049,198,0.0005535396
54049,199,0.0006351463
54049,200,0.000754174
54049,201,0.00080478226
54049,202,0.00088438333
54049,203,0.00092031143
54049,204,0.0006626425
54049,205,0.0005251231
54049,206,0.0006994382
54049,207,0.00058684807
54049,208,0.0004584535
54049,209,0.00043498437
54049,210,0.0006982746
54049,211,0.0008947998
54049,212,0.0007094493
54049,213,0.00054026523
54049,214,0.00047412235
54049,215,0.0003627302
54051,73,0.041667543
54051,74,0.04452743
54051,75,0.044509888
54051,76,0.044353243
54051,77,0.04442968
54051,78,0.04451139
54051,79,0.044302426
54051,80,0.04371039
54051,81,0.04297894
54051,82,0.041130282
54051,83,0.03861284
54051,84,0.035439897
54051,85,0.03128462
54051,86,0.027577553
54051,87,0.023225386
54051,88,0.018642453
54051,89,0.014401585
54051,90,0.011210474
54051,91,0.008513927
54051,92,0.00679619
54051,93,0.005632267
54051,94,0.0048435237
54051,95,0.0042056157
54051,96,0.0037139663
54051,97,0.0033556076
54051,98,0.0028668582
54051,99,0.0024936239
54051,100,0.0023768956
54051,101,0.0021761216
54051,102,0.0019345247
54051,103,0.0019550368
54051,104,0.0018702917
54051,105,0.0016958625
54051,106,0.0016303833
54051,107,0.001951559
54051,108,0.0023926846
54051,109,0.0030024955
54051,110,0.0034692024
54051,111,0.0035141672
54051,112,0.003583587
54051,113,0.003911648
54051,114,0.0048475657
54051,115,0.0055104224
54051,116,0.005994429
54051,117,0.006076715
54051,118,0.0056218375
54051,119,0.0045545753
54051,120,0.0033808253
54051,121,0.0028632837
54051,122,0.002421388
54051,123,0.0017826115
54051,124,0.0013705317
54051,125,0.0009087578
54051,126,0.0019325812
54051,127,0.004006721
54051,128,0.0022883534
54051,129,0.003407426
54051,130,0.0042779534
54051,131,0.0075428896
54051,132,0.009008162
54051,133,0.0079893265
54051,134,0.005405647
54051,135,0.0032189542
54051,136,0.002746795
54051,137,0.0032655403
54051,138,0.0041850535
54051,139,0.0048499624
54051,140,0.005562201
54051,141,0.008517415
54051,142,0.008813352
54051,143,0.006442611
54051,144,0.003963177
54051,145,0.003026054
54051,146,0.0019426108
54051,147,0.0017353153
54051,148,0.001519837
54051,149,0.0016602434
54051,150,0.0015548702
54051,151,0.0012458495
54051,152,0.00068289816
54051,153,0.0012923946
54051,154,0.00212586
54051,155,0.0033049006
54051,156,0.0053424076
54051,157,0.0060159583
54051,158,0.0043431236
54051,159,0.003201925
54051,160,0.0022924577
54051,161,0.0019950992
54051,162,0.0015468508
54051,163,0.0012065216
54051,164,0.0009552329
54051,165,0.0008277387
54051,166,0.0009503791
54051,167,0.0010258764
54051,168,0.0009330181
54051,169,0.00070396066
54051,170,0.0008714775
54051,171,0.00038507005
54051,172,0.00034503083
54051,173,0.00045472223
54051,174,0.0004751076
54051,175,0.00052966195
54051,176,0.00033283292
54051,177,0.0002801774
54051,178,0.0004884237
54051,179,0.00046066422
54051,180,0.00035937352
54051,181,0.0005012699
54051,182,0.00063938415
54051,183,0.00063403527
54051,184,0.000646463
54051,185,0.00047750713
54051,186,0.00037777383
54051,187,0.0005192514
54051,188,0.0004593007
54051,189,0.00023883044
54051,190,0.0003046707
54051,191,0.00040216584
54051,192,0.0007156948
54051,193,0.00080150686
54051,194,0.0008999437
54051,195,0.0008425394
54051,196,0.0008083922
54051,197,0.0007751318
54051,198,0.00075858476
54051,199,0.0005976462
54051,200,0.0006951378
54051,201,0.00067134167
54051,202,0.0006238957
54051,203,0.00045690816
54051,204,0.00050722004
54051,205,0.0005625578
54051,206,0.0005689405
54051,207,0.00072110037
54051,208,0.00070996606
54051,209,0.0006397428
54051,210,0.000875046
54051,211,0.00066205463
54051,212,0.0004843682
54051,213,0.0005083815
54051,214,0.00052850024
54051,215,0.00058698194
54061,73,0.0023611414
54061,74,0.0013780685
54061,75,0.0021747167
54061,76,0.0025102524
54061,77,0.0025672158
54061,78,0.0024854462
54061,79,0.0023557516
54061,80,0.0020518964
54061,81,0.0019450502
54061,82,0.0019040473
54061,83,0.0019602
54061,84,0.0019709559
54061,85,0.0017250961
54061,86,0.0017597341
54061,87,0.0016637392
54061,88,0.0013971967
54061,89,0.0012936438
54061,90,0.0013039525
54061,91,0.00094289007
54061,92,0.0009182534
54061,93,0.000992398
54061,94,0.00091914425
54061,95,0.00076465035
54061,96,0.00052039535
54061,97,0.000319495
54061,98,0.00038834332
54061,99,0.00023367345
54061,100,0.00035194377
54061,101,0.0003183937
54061,102,0.00053705316
54061,103,0.00035560149
54061,104,0.00039345998
54061,105,0.00037639498
54061,106,0.0004093027
54061,107,0.0006096067
54061,108,0.00083188334
54061,109,0.0012800418
54061,110,0.0012667793
54061,111,0.0015057372
54061,112,0.00155634
54061,113,0.0017092059
54061,114,0.0014261709
54061,115,0.0011848977
54061,116,0.0009125432
54061,117,0.000962273
54061,118,0.0006414578
54061,119,0.00050465186
54061,120,0.00064508116
54061,121,0.0004916809
54061,122,0.0006010624
54061,123,0.00047997374
54061,124,0.00027175425
54061,125,0.0
54061,126,0.0
54061,127,0.00042330963
54061,128,0.00083896524
54061,129,0.0007409483
54061,130,0.0006073564
54061,131,0.00058250845
54061,132,0.0009809589
54061,133,0.0010762704
54061,134,0.0010541418
54061,135,0.00082205376
54061,136,0.00070507027
54061,137,0.0005550768
54061,138,0.0
54061,139,0.0
54061,140,0.0
54061,141,0.0005731955
54061,142,0.0016152578
54061,143,0.002237595
54061,144,0.001968347
54061,145,0.0031608075
54061,146,0.0031404095
54061,147,0.0031799886
54061,148,0.0032658128
54061,149,0.003345002
54061,150,0.0037182237
54061,151,0.0038259283
54061,152,0.003295988
54061,153,0.0034565225
54061,154,0.003622924
54061,155,0.0038063421
54061,156,0.0032455912
54061,157,0.0026922456
54061,158,0.0025487086
54061,159,0.00220752
54061,160,0.0017811864
54061,161,0.0015034296
54061,162,0.0014410829
54061,163,0.0014775023
54061,164,0.001269654
54061,165,0.00090663397
54061,166,0.0009221741
54061,167,0.0009927044
54061,168,0.0007530859
54061,169,0.0007229186
54061,170,0.0006089641
54061,171,0.000571456
54061,172,0.0006658902
54061,173,0.0005228968
54061,174,0.0008580398
54061,175,0.0007635244
54061,176,0.00049690943
54061,177,0.00039787035
54061,178,0.0005798477
54061,179,0.0006155258
54061,180,0.00056755205
54061,181,0.00052198727
54061,182,0.00063212373
54061,183,0.00082354905
54061,184,0.00074755156
54061,185,0.0007076373
54061,186,0.000606094
54061,187,0.00062104664
54061,188,0.0008468652
54061,189,0.0008268126
54061,190,0.00061152736
54061,191,0.00042457343
54061,192,0.0005258385
54061,193,0.0006163581
54061,194,0.00046542822
54061,195,0.0006002043
54061,196,0.0006148909
54061,197,0.0006529186
54061,198,0.0007396996
54061,199,0.0008617878
54061,200,0.0010239247
54061,201,0.001058948
54061,202,0.0010523757
54061,203,0.0009770363
54061,204,0.00064952706
54061,205,0.0005139379
54061,206,0.00072151044
54061,207,0.000622592
54061,208,0.00045526386
54061,209,0.00029325983
54061,210,0.00053587655
54061,211,0.00084751425
54061,212,0.0006411042
54061,213,0.0007118335
54061,214,0.0005263412
54061,215,0.00029241422
54065,73,0.0042196955
54065,74,0.0044788606
54065,75,0.003952997
54065,76,0.0037129286
54065,77,0.0037442255
54065,78,0.0043100356
54065,79,0.004594568
54065,80,0.0041322974
54065,81,0.0033743572
54065,82,0.0025344237
54065,83,0.0022105582
54065,84,0.0018862486
54065,85,0.0015200011
54065,86,0.0013057874
54065,87,0.0013223881
54065,88,0.0010119373
54065,89,0.001019501
54065,90,0.0010465867
54065,91,0.0008366589
54065,92,0.0010220447
54065,93,0.0009908429
54065,94,0.00077842927
54065,95,0.0006151183
54065,96,0.00040392537
54065,97,0.00048547328
54065,98,0.00042878688
54065,99,0.00040318829
54065,100,0.00023220638
54065,101,0.0004985778
54065,102,0.00042030233
54065,103,0.00023379008
54065,104,0.00055428117
54065,105,0.00056993024
54065,106,0.0005836189
54065,107,0.0006468395
54065,108,0.0007704655
54065,109,0.00072724605
54065,110,0.0008248338
54065,111,0.0006788248
54065,112,0.00059808197
54065,113,0.00057302514
54065,114,0.0006255821
54065,115,0.000582125
54065,116,0.00043853145
54065,117,0.0003321889
54065,118,0.0003138119
54065,119,0.00039229452
54065,120,0.00032140213
54065,121,8.1765844e-05
54065,122,0.0
54065,123,0.0
54065,124,3.6362606e-05
54065,125,0.0
54065,126,0.0
54065,127,0.0
54065,128,0.00012186468
54065,129,0.0003974861
54065,130,0.00052904326
54065,131,0.0006238568
54065,132,0.0006188099
54065,133,0.00043073398
54065,134,0.00035204928
54065,135,0.0
54065,136,0.0
54065,137,0.00015926242
54065,138,0.00018622259
54065,139,0.0
54065,140,0.00024216274
54065,141,0.0
54065,142,0.0011465601
54065,143,0.001020824
54065,144,0.0014448231
54065,145,0.001602099
54065,146,0.0015033609
54065,147,0.001866083
54065,148,0.0019114979
54065,149,0.002183705
54065,150,0.0024295966
54065,151,0.0026372445
54065,152,0.0023428935
54065,153,0.0018794828
54065,154,0.0015579568
54065,155,0.0015773386
54065,156,0.0014299845
54065,157,0.0013379868
54065,158,0.0011496412
54065,159,0.00093136134
54065,160,0.0006866801
54065,161,0.0004647249
54065,162,0.00032555978
54065,163,0.00031276565
54065,164,0.00039552987
54065,165,0.0002778659
54065,166,0.0
54065,167,4.5341254e-05
54065,168,2.6471813e-05
54065,169,0.0
54065,170,0.00021487096
54065,171,0.00013557871
54065,172,0.00042049587
54065,173,0.00022353193
54065,174,0.00019943416
54065,175,0.00020135482
54065,176,0.00045033952
54065,177,0.00021644494
54065,178,0.00029629626
54065,179,0.000564637
54065,180,0.00072773575
54065,181,0.0008040281
54065,182,0.00064842065
54065,183,0.0007441833
54065,184,0.00088628684
54065,185,0.000969936
54065,186,0.00086373603
54065,187,0.00068668363
54065,188,0.0004947452
54065,189,0.00040892977
54065,190,0.0003716908
54065,191,0.00031975805
54065,192,0.00019246916
54065,193,0.0002195094
54065,194,0.0002254045
54065,195,0.00019761642
54065,196,9.6689866e-05
54065,197,3.3228993e-05
54065,198,9.8961e-05
54065,199,5.265812e-05
54065,200,0.0
54065,201,0.0
54065,202,0.0
54065,203,0.000117318436
54065,204,0.00022243956
54065,205,0.0003332293
54065,206,0.00036474885
54065,207,0.00056203204
54065,208,0.0007145264
54065,209,0.0009948659
54065,210,0.001465334
54065,211,0.0012283669
54065,212,0.0008432093
54065,213,0.00060935976
54065,214,0.00028733513
54065,215,9.351154e-05
