fipsCode,hour,osi_pred
18001,73,0.004275976395637509
18001,74,0.0028810984549133517
18001,75,0.0028646303421498865
18001,76,0.0028467670314130684
18001,77,0.0028139818036626283
18001,78,0.002773086540724538
18001,79,0.0027449998503171506
18001,80,0.0027350315847632866
18001,81,0.0026290193777038905
18001,82,0.0025416910437044095
18001,83,0.0025034248193253356
18001,84,0.002455968070615784
18001,85,0.0023676984984479393
18001,86,0.002287152950842649
18001,87,0.002200952717662674
18001,88,0.0021303509818524496
18001,89,0.002070730686424941
18001,90,0.0019836102139766396
18001,91,0.0018279578583662763
18001,92,0.001622863167720994
18001,93,0.0015453881227645242
18001,94,0.0015014181731885777
18001,95,0.0014515498451539738
18001,96,0.001409450561032876
18001,97,0.0013698753530355277
18001,98,0.0013383016181166673
18001,99,0.0013192823798881636
18001,100,0.0012977900635626329
18001,101,0.0012672928541846902
18001,102,0.001242634260511455
18001,103,0.001219382264983896
18001,104,0.0012299699994585446
18001,105,0.00122225005626924
18001,106,0.0012849960086806665
18001,107,0.0018476992399205504
18001,108,0.0032160847529949656
18001,109,0.004653042182330166
18001,110,0.005398810676730503
18001,111,0.005660035190722517
18001,112,0.005753870303709587
18001,113,0.006427924499032374
18001,114,0.006685896044864785
18001,115,0.00638760722953699
18001,116,0.0059441631950659215
18001,117,0.005640720248824037
18001,118,0.005470426078155654
18001,119,0.005368944322902392
18001,120,0.0053913153728856475
18001,121,0.005564173178543426
18001,122,0.0056664098986661275
18001,123,0.005893893955667192
18001,124,0.0058711205913146445
18001,125,0.005708839211589745
18001,126,0.005540457474625363
18001,127,0.005501572313376425
18001,128,0.005249579106628227
18001,129,0.004858583830694903
18001,130,0.004545365646647748
18001,131,0.004242132582402575
18001,132,0.003996535626578845
18001,133,0.0037089638992311353
18001,134,0.0034271414433489663
18001,135,0.0031538957345984752
18001,136,0.0029050534908897684
18001,137,0.002666078486283695
18001,138,0.0024567576091642936
18001,139,0.002259968832551452
18001,140,0.0020728220709706376
18001,141,0.001892799826621563
18001,142,0.0017273671484098736
18001,143,0.001652166502449937
18001,144,0.001625720795080368
18001,145,0.00150320248508053
18001,146,0.001423711863358405
18001,147,0.0013818526715792482
18001,148,0.0013184072867895272
18001,149,0.001272537841648636
18001,150,0.0012516349636808848
18001,151,0.0012658384368286132
18001,152,0.0013290022814086604
18001,153,0.0013481241933957237
18001,154,0.0013296705489696135
18001,155,0.0012824506222592466
18001,156,0.0012326764760642256
18001,157,0.0011760611416902446
18001,158,0.001088432094137571
18001,159,0.000999489469367182
18001,160,0.0009263674818349224
18001,161,0.0008531208997076935
18001,162,0.0007643734651904291
18001,163,0.0006845602540346995
18001,164,0.0006201009750375248
18001,165,0.0005725618942581651
18001,166,0.0005415832928919484
18001,167,0.000503378728872254
18001,168,0.0004742349337104272
18001,169,0.0004405446474099974
18001,170,0.00042334958577300665
18001,171,0.0004115496480229687
18001,172,0.0003964071065525154
18001,173,0.00038662007375113173
18001,174,0.00037830176521678875
18001,175,0.00037820224460637553
18001,176,0.0003954861667750734
18001,177,0.0004355538652182566
18001,178,0.0005068175220741751
18001,179,0.0004986004950398941
18001,180,0.00048518130765610405
18001,181,0.0005017556207121185
18001,182,0.0004988998055113306
18001,183,0.0004939756574226796
18001,184,0.00048697428401841094
18001,185,0.0004957573849797664
18001,186,0.00047587353302871505
18001,187,0.00046358985235647623
18001,188,0.00045727762363758674
18001,189,0.0004483855268494268
18001,190,0.0004465060867765207
18001,191,0.00044529749624694283
18001,192,0.0004445543494631752
18001,193,0.0004446259941640999
18001,194,0.00043708148419022613
18001,195,0.00042117690030420255
18001,196,0.00041604660831138964
18001,197,0.00040919940934113397
18001,198,0.0004057944705142224
18001,199,0.00040785577327037616
18001,200,0.0004231316349440371
18001,201,0.00044609935491648746
18001,202,0.00046625017343718776
18001,203,0.0004617106025417932
18001,204,0.0005104862050436303
18001,205,0.0005200853361925296
18001,206,0.0005011729746274337
18001,207,0.0004997099587402496
18001,208,0.0004853870474517299
18001,209,0.0005035064993530275
18001,210,0.00048379251271187613
18001,211,0.0004416883489607068
18001,212,0.00041269966594116933
18001,213,0.0004031958655008024
18001,214,0.00040815748543666556
18001,215,0.00040808430979352896
18003,73,0.008343239294769515
18003,74,0.007455232678093428
18003,75,0.006799470298799341
18003,76,0.006348824372402496
18003,77,0.006040641121271534
18003,78,0.005777176140192014
18003,79,0.0054677382481173025
18003,80,0.00528265129536575
18003,81,0.005094689148575772
18003,82,0.004834835757544585
18003,83,0.004477508320447289
18003,84,0.004096174604369027
18003,85,0.003772858470608934
18003,86,0.0034765435715650114
18003,87,0.003179792681472672
18003,88,0.002930807296116875
18003,89,0.00270585666584012
18003,90,0.002468961936617475
18003,91,0.0021930732080793322
18003,92,0.0018655506546605056
18003,93,0.0016767164095447006
18003,94,0.0015251658642538122
18003,95,0.0013627853336316174
18003,96,0.0012310060162792828
18003,97,0.001113772497081118
18003,98,0.0010281336478974883
18003,99,0.0009693727535487928
18003,100,0.0009207728956320844
18003,101,0.0008735681036610143
18003,102,0.0008341369719682445
18003,103,0.000808521070576901
18003,104,0.0007838496283919624
18003,105,0.0007681386955209992
18003,106,0.0007809930574427513
18003,107,0.0010918190194161173
18003,108,0.002098882047612262
18003,109,0.0031110667561895272
18003,110,0.004443593273678222
18003,111,0.005320984372510238
18003,112,0.005977460432942534
18003,113,0.005990022197531055
18003,114,0.005938466173981111
18003,115,0.00570888598305395
18003,116,0.005177243078682002
18003,117,0.004773311802048565
18003,118,0.0044437132328144545
18003,119,0.004357275851224976
18003,120,0.004272003963113774
18003,121,0.004991636229571655
18003,122,0.005468333563422123
18003,123,0.0052547089835569905
18003,124,0.005030360004274756
18003,125,0.004898384749077874
18003,126,0.004737722990316606
18003,127,0.004562374529213498
18003,128,0.004730770275733137
18003,129,0.0045198126016850835
18003,130,0.004122534763956148
18003,131,0.0038092381944208687
18003,132,0.003545187444567938
18003,133,0.0032770953172309315
18003,134,0.0030085214601673523
18003,135,0.0026231825264287326
18003,136,0.0023024667048555563
18003,137,0.0020424754712399214
18003,138,0.0018232273794813842
18003,139,0.0016250294580454551
18003,140,0.0014317018915403507
18003,141,0.0012830864897313342
18003,142,0.0011764195924419403
18003,143,0.0010856616947653875
18003,144,0.0010190575316598339
18003,145,0.0009622846606046314
18003,146,0.0009068051137852734
18003,147,0.0008766609587303612
18003,148,0.0008466989424720301
18003,149,0.0008246322169418809
18003,150,0.0008237465038007996
18003,151,0.0008144747201577638
18003,152,0.0007960805467260076
18003,153,0.0007849675008827601
18003,154,0.0007732899639724873
18003,155,0.0007217299050667267
18003,156,0.000665707643716978
18003,157,0.0006167807226172477
18003,158,0.0005687789875040332
18003,159,0.0005260635321320716
18003,160,0.00047808872555501564
18003,161,0.0004297691107524786
18003,162,0.00038746322337362363
18003,163,0.00034819880332207463
18003,164,0.00031183860279611645
18003,165,0.0002842873870695088
18003,166,0.0002633222919451537
18003,167,0.00024398873616427328
18003,168,0.0002257068826000217
18003,169,0.0002068482527033027
18003,170,0.00019245466558146407
18003,171,0.00018055437315034562
18003,172,0.00017009143534471398
18003,173,0.0001611128575337511
18003,174,0.00015320043108047718
18003,175,0.0001489862039987363
18003,176,0.0001505450520222068
18003,177,0.00016159121746811612
18003,178,0.00017009203921775754
18003,179,0.0001698555343920053
18003,180,0.00016999209727124276
18003,181,0.00016883189089207627
18003,182,0.00017148994236864193
18003,183,0.00017301892898570647
18003,184,0.00016916319554621722
18003,185,0.00016007519124747955
18003,186,0.00015238947080807529
18003,187,0.00014435284586251405
18003,188,0.00013628869247086551
18003,189,0.0001307199891600774
18003,190,0.00012532053730944357
18003,191,0.00011785047511997326
18003,192,0.00011008283576056887
18003,193,0.00010169855095382733
18003,194,9.509712866622817e-05
18003,195,8.836077448745486e-05
18003,196,8.619983811631701e-05
18003,197,9.361013369794014e-05
18003,198,8.9362239534015e-05
18003,199,8.341587100476897e-05
18003,200,9.426235830996757e-05
18003,201,0.00010797630666624902
18003,202,0.0001152573449534294
18003,203,0.00012290982762276745
18003,204,0.00013190957843957324
18003,205,0.0001407780101151208
18003,206,0.00014444451340007533
18003,207,0.00013708115638740893
18003,208,0.00013215598089839328
18003,209,0.0001310187589375432
18003,210,0.00012927939802627713
18003,211,0.0001280163860887781
18003,212,0.00012309921264626
18003,213,0.00011591043422746131
18003,214,0.00011094372593486436
18003,215,0.00010601709452277541
18005,73,2.1810693995019644e-05
18005,74,2.1916880886042344e-05
18005,75,2.339849969630434e-05
18005,76,2.274965109673391e-05
18005,77,2.4432257802208884e-05
18005,78,2.613163068125908e-05
18005,79,3.815270535524544e-05
18005,80,5.810027244062101e-05
18005,81,8.343712207364092e-05
18005,82,8.141929786978643e-05
18005,83,8.871849494102177e-05
18005,84,0.00010048736389982296
18005,85,0.00010888003766725639
18005,86,0.00011363560581422144
18005,87,0.00011505556770712564
18005,88,0.00011526508394572414
18005,89,0.00011861517344075564
18005,90,0.00012343605223892463
18005,91,0.00011826932532305983
18005,92,0.00011063351179536052
18005,93,0.0001059795397931385
18005,94,0.00010290507886833441
18005,95,9.933970662172857e-05
18005,96,9.733047090815271e-05
18005,97,9.33629852727055e-05
18005,98,9.039075910342078e-05
18005,99,9.080380205695655e-05
18005,100,8.897582130658273e-05
18005,101,8.837454166242533e-05
18005,102,8.942569462619689e-05
18005,103,9.628931371296706e-05
18005,104,0.00011147431168584446
18005,105,0.0001398535852144212
18005,106,0.00031738812346152024
18005,107,0.0016418785830854838
18005,108,0.005252751487760762
18005,109,0.008037223777074482
18005,110,0.009996492052843023
18005,111,0.01130349824798184
18005,112,0.011078746265390177
18005,113,0.010394532186613858
18005,114,0.009680888545776952
18005,115,0.00872384732561615
18005,116,0.007622152308970563
18005,117,0.0066485628776856605
18005,118,0.006148149801386586
18005,119,0.0067758340250219885
18005,120,0.007038232691804202
18005,121,0.006594389290644223
18005,122,0.006186417386525741
18005,123,0.00592044115632973
18005,124,0.005749562782193773
18005,125,0.005543212648557608
18005,126,0.005337229523949124
18005,127,0.005133978209748129
18005,128,0.004937790560130912
18005,129,0.0046325217906928295
18005,130,0.0043097278081136075
18005,131,0.003940185989902011
18005,132,0.0035876415200595223
18005,133,0.0032050152390772357
18005,134,0.0028340776014273367
18005,135,0.002489068047702026
18005,136,0.0021695624682699427
18005,137,0.001956993262285821
18005,138,0.0017539101455470059
18005,139,0.0015645708233712914
18005,140,0.001422095542862615
18005,141,0.0013294797610585352
18005,142,0.0012947454991766064
18005,143,0.001226326055646407
18005,144,0.001186607852046169
18005,145,0.0011530749860225414
18005,146,0.0010979832061423012
18005,147,0.0010706224583999834
18005,148,0.0010462899817269217
18005,149,0.0010106841618939232
18005,150,0.0009862128074982226
18005,151,0.0009793655744101523
18005,152,0.000976982244610036
18005,153,0.000989181179197002
18005,154,0.0009904687288743532
18005,155,0.000962693536184204
18005,156,0.0009355162152164502
18005,157,0.0009004504156722992
18005,158,0.0008522414904186723
18005,159,0.0008135634610710782
18005,160,0.0007816343021085946
18005,161,0.0007459581874063992
18005,162,0.0007132066750757763
18005,163,0.0006616419524213975
18005,164,0.0006028677779634584
18005,165,0.0005631605922762136
18005,166,0.0005294755475018565
18005,167,0.000490463230034721
18005,168,0.00046781135645056763
18005,169,0.0004429225904078488
18005,170,0.0004267989793402956
18005,171,0.00042384214154312
18005,172,0.0004241133374184529
18005,173,0.0004211736405471067
18005,174,0.0004223472371527801
18005,175,0.0004358808129981067
18005,176,0.00046419832148012624
18005,177,0.0004964350543477186
18005,178,0.0005029396740810387
18005,179,0.000488837898649917
18005,180,0.0004900720027428838
18005,181,0.000487000714447701
18005,182,0.0004804164040475371
18005,183,0.00048233124389866614
18005,184,0.000456434565167567
18005,185,0.0004412426188544175
18005,186,0.00042841110803775237
18005,187,0.00040656364687948816
18005,188,0.00037689527959524293
18005,189,0.0003530661103582555
18005,190,0.0003379760260546772
18005,191,0.0003238340871339858
18005,192,0.00031263664979089213
18005,193,0.00030290853017151623
18005,194,0.00029370228413133756
18005,195,0.00028893877151989303
18005,196,0.0002854995301310681
18005,197,0.0002825925377114837
18005,198,0.00028165788398503403
18005,199,0.0002875500195737355
18005,200,0.00030168662247913623
18005,201,0.00032134866423683725
18005,202,0.0003309884587489679
18005,203,0.0003284698995571151
18005,204,0.00031516478087344505
18005,205,0.0002905636247413664
18005,206,0.00026818861697991696
18005,207,0.0002582467071204263
18005,208,0.00024970049947033954
18005,209,0.00024489524283377237
18005,210,0.0002517112493936351
18005,211,0.00024212674103090928
18005,212,0.00022750205114883281
18005,213,0.00021621333010482389
18005,214,0.0002073551679878818
18005,215,0.00020015314327676055
18007,73,0.00012373819228231507
18007,74,0.00015834537664851064
18007,75,0.00018891835264132564
18007,76,0.00023764360224351987
18007,77,0.0002753168781086345
18007,78,0.00029945949680646133
18007,79,0.0003674791426050091
18007,80,0.0005129429593793093
18007,81,0.0007928950457320022
18007,82,0.0010983133484074412
18007,83,0.0013263517342897752
18007,84,0.0015038664334117967
18007,85,0.0016626579465820902
18007,86,0.0018378370487429085
18007,87,0.001980006795237285
18007,88,0.0021005236915556426
18007,89,0.002192848297562636
18007,90,0.0021864602932585324
18007,91,0.0021323389610495846
18007,92,0.0019431263245364631
18007,93,0.0018628234147805064
18007,94,0.0018225626007785415
18007,95,0.0017720676914595188
18007,96,0.001761012109249228
18007,97,0.0017772940122498997
18007,98,0.001587484136898563
18007,99,0.001549732640513426
18007,100,0.0015112297814765957
18007,101,0.0014760461355439681
18007,102,0.001489235642363832
18007,103,0.0014743857118802908
18007,104,0.0014946367527655365
18007,105,0.0016235646542496751
18007,106,0.0017343317092786152
18007,107,0.0020607434374962114
18007,108,0.0026899131703990286
18007,109,0.00302007489620215
18007,110,0.003465081763206041
18007,111,0.004365609530896232
18007,112,0.004891436938101707
18007,113,0.005500435839089582
18007,114,0.006002719642373113
18007,115,0.006338038538875946
18007,116,0.006884037845838025
18007,117,0.0077087733684032276
18007,118,0.008155162220525723
18007,119,0.008828298164084257
18007,120,0.009199265882100478
18007,121,0.009213160462051267
18007,122,0.008948455178212378
18007,123,0.009097586783080144
18007,124,0.009197028604775084
18007,125,0.008046373696776438
18007,126,0.007918552522456908
18007,127,0.00799635512440561
18007,128,0.008075554597746575
18007,129,0.00800236141795028
18007,130,0.007905628428140757
18007,131,0.007904900113791012
18007,132,0.008037528597832421
18007,133,0.008049078160909927
18007,134,0.008162880323583897
18007,135,0.008374908932356526
18007,136,0.008578184711232732
18007,137,0.008127556100090387
18007,138,0.00817141371708468
18007,139,0.008389416685518248
18007,140,0.007833566804715548
18007,141,0.00769028788695722
18007,142,0.007635939264811886
18007,143,0.0076106758233446285
18007,144,0.0073848596247790355
18007,145,0.007272044117640743
18007,146,0.007370703837274595
18007,147,0.007423428343192204
18007,148,0.0064477844899514525
18007,149,0.006232497510178541
18007,150,0.006228946894137899
18007,151,0.0061310161658347274
18007,152,0.005985314131494534
18007,153,0.005879017287408066
18007,154,0.005749195711299303
18007,155,0.005536796412427522
18007,156,0.005374053794935726
18007,157,0.0051481708699019305
18007,158,0.004903185876826903
18007,159,0.004668941764448421
18007,160,0.004501482213812461
18007,161,0.004344027147909709
18007,162,0.00416216783959791
18007,163,0.00403888325077852
18007,164,0.0038534627337017406
18007,165,0.003798185628744677
18007,166,0.003781013274678487
18007,167,0.00373287846355083
18007,168,0.003627976537037105
18007,169,0.003566953868033719
18007,170,0.003556663065809064
18007,171,0.003540367188229275
18007,172,0.0034965416823799513
18007,173,0.003329249175232137
18007,174,0.0032994042751903424
18007,175,0.0032596105376738174
18007,176,0.0032348467650072927
18007,177,0.003192422712126835
18007,178,0.003069015475534274
18007,179,0.0029502659348985896
18007,180,0.0028258059922881347
18007,181,0.002650972789542186
18007,182,0.002530400721587133
18007,183,0.002489360440693047
18007,184,0.002362674523501755
18007,185,0.002270019318495192
18007,186,0.0022164334717735845
18007,187,0.002172334972752898
18007,188,0.0021083746624967247
18007,189,0.002056945935368654
18007,190,0.0020322255534680543
18007,191,0.0020084847089441304
18007,192,0.001762317467120099
18007,193,0.0017206085550149565
18007,194,0.0017012678123687257
18007,195,0.0014937908764175905
18007,196,0.0014351538480040034
18007,197,0.001399849213114304
18007,198,0.0012224976722138318
18007,199,0.00120140022276513
18007,200,0.0012107330646648857
18007,201,0.0010966327832401942
18007,202,0.0010819158041829081
18007,203,0.0010218643206339024
18007,204,0.0009657269356027447
18007,205,0.0009102961337648979
18007,206,0.0008532914148554959
18007,207,0.0008431913043830857
18007,208,0.0008753581962537504
18007,209,0.0008863236289563259
18007,210,0.0008764354597089731
18007,211,0.0008673137418672088
18007,212,0.0007163327655613539
18007,213,0.0007133640673944281
18007,214,0.0006348547413124519
18007,215,0.0006150931006198115
18011,73,2.7527087306914088e-05
18011,74,3.313918247397519e-05
18011,75,4.239673250792296e-05
18011,76,4.613104448473878e-05
18011,77,5.3203647342968074e-05
18011,78,5.7064015829577335e-05
18011,79,7.109480951969282e-05
18011,80,9.484505667472403e-05
18011,81,0.00011880414753752645
18011,82,0.0001520985293479511
18011,83,0.00016398665761904505
18011,84,0.00016947594241584018
18011,85,0.0001748899591833325
18011,86,0.00017685923829582992
18011,87,0.00018187984788888532
18011,88,0.00019284603768061778
18011,89,0.00019865881256888273
18011,90,0.0001994925946287794
18011,91,0.000197088179675917
18011,92,0.00019169247835264873
18011,93,0.00019360106338687372
18011,94,0.0002005265142546391
18011,95,0.00020860580489221118
18011,96,0.0002151520645115154
18011,97,0.0002236604787872056
18011,98,0.0002350986666616449
18011,99,0.00024611476282571006
18011,100,0.0002562168657380009
18011,101,0.0002620516300250554
18011,102,0.00027078657749443375
18011,103,0.0002886976149131461
18011,104,0.0003334874982130903
18011,105,0.00045771995748234367
18011,106,0.0007798194412021563
18011,107,0.001657759471269101
18011,108,0.0034832834502117912
18011,109,0.006163210051903609
18011,110,0.009017050352804389
18011,111,0.008838799143603731
18011,112,0.008688140771582207
18011,113,0.008519921025105685
18011,114,0.00769308019137577
18011,115,0.0066609879785351975
18011,116,0.005739137284981574
18011,117,0.005312403152941153
18011,118,0.005649655137082318
18011,119,0.006474257645583455
18011,120,0.006166828344639029
18011,121,0.00590442369495528
18011,122,0.0055819234968619205
18011,123,0.005559641755390657
18011,124,0.005328597798418709
18011,125,0.005043075533150444
18011,126,0.00484367432665499
18011,127,0.004659556511007369
18011,128,0.004418044764582808
18011,129,0.004133472919963534
18011,130,0.00388440790299368
18011,131,0.0036337413147047135
18011,132,0.003324885035217408
18011,133,0.0029960959489744223
18011,134,0.0026799051431886144
18011,135,0.0024519235608090996
18011,136,0.0022522933072535176
18011,137,0.0020674186753941956
18011,138,0.0019892222968347735
18011,139,0.0018892207468454028
18011,140,0.0018070644903422535
18011,141,0.0018024395259420923
18011,142,0.0018454286770976979
18011,143,0.0019146093083897157
18011,144,0.0019233251739128002
18011,145,0.0018515764028712168
18011,146,0.0017662798922194517
18011,147,0.0017605286382578946
18011,148,0.0017042946635134457
18011,149,0.0016429023435178987
18011,150,0.0015965165411511288
18011,151,0.0015617024626517484
18011,152,0.0015414597478449782
18011,153,0.0015559383036392593
18011,154,0.0015125518479627812
18011,155,0.0014149488597826835
18011,156,0.0013310952608419533
18011,157,0.0012638231200001284
18011,158,0.0011544163678012562
18011,159,0.0010479534808491133
18011,160,0.0009581647651349546
18011,161,0.0008768508415089448
18011,162,0.0007965133511396142
18011,163,0.0007262368149156305
18011,164,0.0006596080838947532
18011,165,0.0006177400610061014
18011,166,0.0005875239245220585
18011,167,0.0005586782510952316
18011,168,0.0005387960612604576
18011,169,0.0005218884836290693
18011,170,0.0005114702522905697
18011,171,0.0005066907036622281
18011,172,0.0005028493213716866
18011,173,0.0005026687166280364
18011,174,0.0005002245935585879
18011,175,0.0005132542561123798
18011,176,0.000539008955541572
18011,177,0.0005659148121228945
18011,178,0.0005969249662802136
18011,179,0.0005905736236897692
18011,180,0.0005736715975649596
18011,181,0.0005724073345947863
18011,182,0.0005634123141502134
18011,183,0.0005276632441891264
18011,184,0.0005036251399008005
18011,185,0.0004905321968461776
18011,186,0.0004519597646372292
18011,187,0.00041828504273572507
18011,188,0.0003883539567954755
18011,189,0.0003726864295233317
18011,190,0.0003577265690852742
18011,191,0.000343196700624861
18011,192,0.0003392967021172243
18011,193,0.0003333073455081731
18011,194,0.000332869075869939
18011,195,0.0003296232875702513
18011,196,0.0003270818108135673
18011,197,0.0003225676941797798
18011,198,0.0003200541088211373
18011,199,0.00032478136127549607
18011,200,0.0003549553889199358
18011,201,0.0003923724798518247
18011,202,0.0003985986255305309
18011,203,0.00037983932077980423
18011,204,0.0003495558588399142
18011,205,0.0003343603503678238
18011,206,0.0003354873046701795
18011,207,0.0003524227937831258
18011,208,0.00035953131455556607
18011,209,0.0003420169774665769
18011,210,0.00034008198301815966
18011,211,0.00032019151854943223
18011,212,0.0002960971090056316
18011,213,0.0002887844724053095
18011,214,0.0002832212223224344
18011,215,0.00027455139792000765
18015,73,0.00017499637746793938
18015,74,0.00015539353923060245
18015,75,0.0001433999529174636
18015,76,0.00015321341604068706
18015,77,0.0001577394533232438
18015,78,0.00015757333468783657
18015,79,0.00016297346715133185
18015,80,0.00018488689705201147
18015,81,0.00020613148242057345
18015,82,0.00023676022659555574
18015,83,0.00028606684735195273
18015,84,0.00031559169464320433
18015,85,0.0003197720816659218
18015,86,0.00032849740020417993
18015,87,0.0003428681507252878
18015,88,0.00034830987394345394
18015,89,0.0003590567154395798
18015,90,0.0003683390855135799
18015,91,0.00036267797894951926
18015,92,0.00034740843658742545
18015,93,0.00034730121218322894
18015,94,0.00035092710213279664
18015,95,0.000351433134825325
18015,96,0.00035502155455759577
18015,97,0.00035696206072662203
18015,98,0.00036727614435510045
18015,99,0.00037178124052054116
18015,100,0.0003803038385010839
18015,101,0.00039058817235586616
18015,102,0.0003978971074075563
18015,103,0.0004304559889365638
18015,104,0.0006135422025825201
18015,105,0.0011332085663686463
18015,106,0.0017478704238162062
18015,107,0.0022374524544086947
18015,108,0.003259547366952097
18015,109,0.004436265705052162
18015,110,0.005650860647598926
18015,111,0.007848959420604174
18015,112,0.00904493718568809
18015,113,0.009775582928584303
18015,114,0.009994697591310426
18015,115,0.009105926071001292
18015,116,0.008902388544748369
18015,117,0.009150048533193548
18015,118,0.009886246190427451
18015,119,0.011191179676355856
18015,120,0.011683564312761668
18015,121,0.012920148199373243
18015,122,0.014416307441568642
18015,123,0.014381803267136206
18015,124,0.012546263045199558
18015,125,0.011135732691554486
18015,126,0.010166865365103047
18015,127,0.009526872214780565
18015,128,0.008602636407006748
18015,129,0.007876958008246128
18015,130,0.0072535580558475915
18015,131,0.006930033714243396
18015,132,0.006520232364339914
18015,133,0.006153303612588818
18015,134,0.005932946685103602
18015,135,0.005634526509349805
18015,136,0.005555333136300732
18015,137,0.0058027993074763065
18015,138,0.005950727981020782
18015,139,0.006187448675948721
18015,140,0.006240763678460911
18015,141,0.0061435022600693475
18015,142,0.0059945607725558235
18015,143,0.005791186384123876
18015,144,0.005536407591436443
18015,145,0.005265578437704861
18015,146,0.005118630941704282
18015,147,0.0050767539551452075
18015,148,0.005049476477496179
18015,149,0.005026683593496105
18015,150,0.0050266446431355815
18015,151,0.005080726122968235
18015,152,0.004441547449131904
18015,153,0.004271658309642837
18015,154,0.004124026253032252
18015,155,0.0039023524236683313
18015,156,0.0036860938087090074
18015,157,0.0034779046671441012
18015,158,0.0032939099378373506
18015,159,0.0031201860074183204
18015,160,0.0029303006385135947
18015,161,0.002758221920668167
18015,162,0.0026233765187170647
18015,163,0.002512516991727445
18015,164,0.002376505495875753
18015,165,0.0022624126345261587
18015,166,0.0021814359408409835
18015,167,0.002113192100415461
18015,168,0.0020427270152259306
18015,169,0.0019763392066931957
18015,170,0.0019420620818300172
18015,171,0.0019266564105159497
18015,172,0.0019186119045427154
18015,173,0.0019024753580333185
18015,174,0.0018920903581793535
18015,175,0.001886198789960026
18015,176,0.0019260541812392473
18015,177,0.0017061937952891077
18015,178,0.0016117945796902294
18015,179,0.0015659227924358517
18015,180,0.0015323062254078829
18015,181,0.001486764833200161
18015,182,0.0014200744163913744
18015,183,0.0013769968763068779
18015,184,0.001307746289354874
18015,185,0.0012369006419082314
18015,186,0.0011792796113828407
18015,187,0.0011298147625801473
18015,188,0.0010688999172839683
18015,189,0.0010245962059237106
18015,190,0.0010079248725327202
18015,191,0.0009848147508134087
18015,192,0.0009759991693214432
18015,193,0.0009667546502841981
18015,194,0.0009679907795750873
18015,195,0.000959240415021752
18015,196,0.0009341997505523533
18015,197,0.0009101882326027976
18015,198,0.0008878602395157607
18015,199,0.0008634962108309267
18015,200,0.0008627590011161392
18015,201,0.0008741494488052027
18015,202,0.00086021867284447
18015,203,0.0008455196752529509
18015,204,0.0007896262790372923
18015,205,0.0007489015821531572
18015,206,0.0007245505966749378
18015,207,0.0007606411967241942
18015,208,0.0008665507448836383
18015,209,0.0009332938816673022
18015,210,0.0009433557995429276
18015,211,0.0009198824363639196
18015,212,0.0009025282902211661
18015,213,0.0008940563665321383
18015,214,0.0008473652767401537
18015,215,0.0008102499711965977
18017,73,0.00016375285181225281
18017,74,0.00014672543746056574
18017,75,0.00014177492732096158
18017,76,0.00014327131059186637
18017,77,0.00014090520186409467
18017,78,0.00013705527431142082
18017,79,0.00013644756520726304
18017,80,0.00014586117051954865
18017,81,0.00016496965389695102
18017,82,0.00019240721970796852
18017,83,0.0002268939102061258
18017,84,0.0002674381980127629
18017,85,0.0002727651862314618
18017,86,0.0002787027048173602
18017,87,0.000282388171865359
18017,88,0.0002828198376735914
18017,89,0.00028483153715640365
18017,90,0.00028887296956245134
18017,91,0.00028653478111966615
18017,92,0.0002697564224809257
18017,93,0.00026655200536435233
18017,94,0.0002731308899552771
18017,95,0.0002751392708379969
18017,96,0.00027403198032302793
18017,97,0.00026909835336029833
18017,98,0.00027221992986498425
18017,99,0.0002798534906309021
18017,100,0.0002798240561352906
18017,101,0.0002774044421379081
18017,102,0.0002761718097407957
18017,103,0.0002783111510841955
18017,104,0.0002963611274967447
18017,105,0.00032182373275473444
18017,106,0.0003371774638406549
18017,107,0.0004077017343872613
18017,108,0.0005678085139582166
18017,109,0.0007090566245337991
18017,110,0.0009021830083839495
18017,111,0.0016997132780027975
18017,112,0.0021317928813234617
18017,113,0.0021881838326159465
18017,114,0.0021196905220311475
18017,115,0.0020681257340652297
18017,116,0.0021502531331869575
18017,117,0.0023593200456223417
18017,118,0.0026946932138345045
18017,119,0.0028640060702755953
18017,120,0.003019346954268857
18017,121,0.0033047019457887526
18017,122,0.003528003981574716
18017,123,0.0036118670550937424
18017,124,0.0035065632745382874
18017,125,0.0036039324656201013
18017,126,0.0036540502420011707
18017,127,0.003665120025926074
18017,128,0.003635724172444405
18017,129,0.0034922944743555717
18017,130,0.003302655180421062
18017,131,0.0032745032562651565
18017,132,0.0032861722307945336
18017,133,0.003225818160619922
18017,134,0.0030735825829908536
18017,135,0.002960994294786775
18017,136,0.0029146833632419946
18017,137,0.002915451085026788
18017,138,0.0028960620811343024
18017,139,0.0028326828671895077
18017,140,0.003067026716364888
18017,141,0.0034725483033685505
18017,142,0.0038085800949528834
18017,143,0.003832051786161902
18017,144,0.0037047884112723826
18017,145,0.003639680763624482
18017,146,0.003654394212380694
18017,147,0.003724152596102907
18017,148,0.003719452964611077
18017,149,0.003684648950441246
18017,150,0.0036824493590782424
18017,151,0.003758510201822732
18017,152,0.003789007874743965
18017,153,0.00372491428753876
18017,154,0.0035777879423456874
18017,155,0.0033664776142502254
18017,156,0.0031476801130901795
18017,157,0.002928483412054005
18017,158,0.0027443609483408958
18017,159,0.0026014918948213113
18017,160,0.0024264345676480704
18017,161,0.0022706013771239823
18017,162,0.002157705655550281
18017,163,0.0020560243602149647
18017,164,0.0019320123254250748
18017,165,0.0018328966669482745
18017,166,0.001772809864524642
18017,167,0.0017349479669572924
18017,168,0.0016935613794932922
18017,169,0.0016554452094581368
18017,170,0.0016281170858167347
18017,171,0.0016165445273084512
18017,172,0.0016028130032060587
18017,173,0.0015895440550144164
18017,174,0.0015738778997740107
18017,175,0.0015661148264663406
18017,176,0.0014179980735465573
18017,177,0.001401562407814778
18017,178,0.0013810603916863228
18017,179,0.0013256916156869465
18017,180,0.001280728845111192
18017,181,0.0012239580686633086
18017,182,0.0011619734053885985
18017,183,0.0011109463628542842
18017,184,0.0010534438337905215
18017,185,0.0009879485412750584
18017,186,0.0009305307717465731
18017,187,0.0008880506915973094
18017,188,0.0008445457282771413
18017,189,0.0008182722466955
18017,190,0.0008030421994623093
18017,191,0.0006921597130545633
18017,192,0.0006633151405834205
18017,193,0.0006565443492378678
18017,194,0.0006440402530238451
18017,195,0.0005592266563944406
18017,196,0.0005331779837178799
18017,197,0.0005180199264223004
18017,198,0.0004994700478153733
18017,199,0.0004823803485883402
18017,200,0.00047210505777619096
18017,201,0.0004743221143398345
18017,202,0.00046909473064493846
18017,203,0.00045035815420735174
18017,204,0.000413677923626539
18017,205,0.00036639399001216964
18017,206,0.00034614740021873255
18017,207,0.0003377865086658256
18017,208,0.00032411388412950827
18017,209,0.000301150574511191
18017,210,0.0002863279501284681
18017,211,0.0002850649452587728
18017,212,0.00027864819355033233
18017,213,0.00029333323676408745
18017,214,0.00028683096142443845
18017,215,0.00027984735907921174
18019,73,2.4897571031032754e-05
18019,74,1.9857991702731748e-05
18019,75,1.5076627616538727e-05
18019,76,1.7372698455414364e-05
18019,77,1.7664685588225963e-05
18019,78,2.2527496288268066e-05
18019,79,3.2936857150223864e-05
18019,80,6.584139788461226e-05
18019,81,0.00011347541461082798
18019,82,0.00013029695360513362
18019,83,0.00012723255458770366
18019,84,0.0001279530846845672
18019,85,0.00013224621224005014
18019,86,0.000136870550347929
18019,87,0.00013720743977085962
18019,88,0.00014066739533951918
18019,89,0.00015446328264758356
18019,90,0.00015422721711817248
18019,91,0.00014264146133126653
18019,92,0.00013463851550338807
18019,93,0.0001292731854101702
18019,94,0.0001242771279816922
18019,95,0.00011749392233679729
18019,96,0.00011104800466108342
18019,97,0.00010488123400245378
18019,98,9.985952695503174e-05
18019,99,9.761485268348212e-05
18019,100,9.679127650375493e-05
18019,101,9.701966634123348e-05
18019,102,9.736638669953976e-05
18019,103,0.00010289941205814267
18019,104,0.0001235883857435265
18019,105,0.00015489754351015125
18019,106,0.00025967611913367593
18019,107,0.0015020776627586926
18019,108,0.0060843522375624145
18019,109,0.010408642482570372
18019,110,0.010858955861357931
18019,111,0.010045275390241724
18019,112,0.009615923540574054
18019,113,0.009197501781058562
18019,114,0.008891626103504795
18019,115,0.008031778369581829
18019,116,0.0068661786731541085
18019,117,0.006186535008565302
18019,118,0.0056619302621191015
18019,119,0.0056583486488407326
18019,120,0.005676090093454871
18019,121,0.005798857860398378
18019,122,0.0058307289512101075
18019,123,0.0056661376747803695
18019,124,0.005348264571031988
18019,125,0.005007199688458561
18019,126,0.004823936516280804
18019,127,0.004613406883867091
18019,128,0.004388138550164362
18019,129,0.004120217570766068
18019,130,0.003755767857952163
18019,131,0.00345505269152385
18019,132,0.0031416985699167874
18019,133,0.0027984287344651813
18019,134,0.0024822692907822967
18019,135,0.0022025934477388886
18019,136,0.001966314831276649
18019,137,0.0017637801832385942
18019,138,0.0016091408765924
18019,139,0.0014436211431367717
18019,140,0.0013159443700336507
18019,141,0.0012244614570153724
18019,142,0.0011438664700809875
18019,143,0.001081044101980536
18019,144,0.0010428223861616212
18019,145,0.0009929153537510049
18019,146,0.0009553629484852996
18019,147,0.0009538248643099302
18019,148,0.0009319168858623903
18019,149,0.0009050437937237232
18019,150,0.0008875158071018972
18019,151,0.0008815659917804293
18019,152,0.0008898366236405461
18019,153,0.0008870140118165074
18019,154,0.0008769607663448657
18019,155,0.0008578320994842598
18019,156,0.0008582739538559643
18019,157,0.0008232038937503514
18019,158,0.0007878666689375931
18019,159,0.000736820712329834
18019,160,0.0006918943216340413
18019,161,0.0006564691730425319
18019,162,0.0006129219281310594
18019,163,0.000559374834128575
18019,164,0.0005075526916953042
18019,165,0.00046573806753287577
18019,166,0.0004247970035191187
18019,167,0.00038737393509727846
18019,168,0.00035827846449126643
18019,169,0.000323519798373116
18019,170,0.00029697319896317424
18019,171,0.0002871897752341602
18019,172,0.00027745291813251465
18019,173,0.00027065852922290883
18019,174,0.000268762471794914
18019,175,0.0002813695709259344
18019,176,0.00031793003466464655
18019,177,0.00036197638309403487
18019,178,0.0003759565754547412
18019,179,0.0003857501102326833
18019,180,0.00041871295995477237
18019,181,0.00042323307560197354
18019,182,0.00041284503886554117
18019,183,0.00041909837140198693
18019,184,0.00042079356339689504
18019,185,0.0004150567467094698
18019,186,0.00039907802810101883
18019,187,0.000381909563646625
18019,188,0.0003570355029455908
18019,189,0.00033816250141351117
18019,190,0.00032227724158017854
18019,191,0.00030375327178500973
18019,192,0.0002856348531457556
18019,193,0.00026676608670807967
18019,194,0.00025278504774414203
18019,195,0.00024373331250218927
18019,196,0.00023560145865980672
18019,197,0.00022900596831897433
18019,198,0.00022422941912595844
18019,199,0.00022317888654065654
18019,200,0.00023084453473944737
18019,201,0.0002473387580025993
18019,202,0.0002468543127004429
18019,203,0.00023284173027704
18019,204,0.00021732884296358788
18019,205,0.00021451628981814959
18019,206,0.00022873962007866498
18019,207,0.000245878611461282
18019,208,0.0002504371999774867
18019,209,0.00027300464022680254
18019,210,0.0003007227355019586
18019,211,0.00030594105009478493
18019,212,0.0002831704803109735
18019,213,0.0002700005537494766
18019,214,0.0002565527372317786
18019,215,0.00023799820462262395
18021,73,0.00021146710196580425
18021,74,0.00018774141033424985
18021,75,0.00014803706270972048
18021,76,0.00012035337339799039
18021,77,0.0001174494727413756
18021,78,0.00012356508726271562
18021,79,0.00012898315786497754
18021,80,0.00015177754399507476
18021,81,0.0001697259249287646
18021,82,0.00018161436669955543
18021,83,0.00018988356127705008
18021,84,0.00020103454881409587
18021,85,0.0002091429193072847
18021,86,0.0002096291717726701
18021,87,0.00023040977103904896
18021,88,0.0002434551333834414
18021,89,0.00024746890031921234
18021,90,0.0002600582858640042
18021,91,0.00025701816705417553
18021,92,0.0002407962617732299
18021,93,0.0002313136764311745
18021,94,0.00022590473238474597
18021,95,0.00022266652182172727
18021,96,0.000219419511789624
18021,97,0.00021515205824523514
18021,98,0.00021438985370069802
18021,99,0.00021362721037760057
18021,100,0.00021594075270215627
18021,101,0.00022621297550946457
18021,102,0.0002497165824998059
18021,103,0.00029566129321296667
18021,104,0.0003710318939275293
18021,105,0.0005508228905843973
18021,106,0.0015658770580664328
18021,107,0.005193413505526709
18021,108,0.010743513131097124
18021,109,0.014363391725642698
18021,110,0.01655039065284392
18021,111,0.01685764164661916
18021,112,0.01610649798906211
18021,113,0.01551253257597255
18021,114,0.014406829704820517
18021,115,0.013103330935345797
18021,116,0.012043344030971521
18021,117,0.012164332329785449
18021,118,0.013201575805089018
18021,119,0.014126909537835637
18021,120,0.013284890634724196
18021,121,0.012077016556647887
18021,122,0.011368132537922248
18021,123,0.01073947371048897
18021,124,0.009798184913260897
18021,125,0.008994787013740187
18021,126,0.00846579451601757
18021,127,0.007880905253678194
18021,128,0.007484866035487938
18021,129,0.007022210976047628
18021,130,0.006362124831528623
18021,131,0.005835986030081816
18021,132,0.00543168463195071
18021,133,0.004890293305806912
18021,134,0.004420214225634219
18021,135,0.004022253091778733
18021,136,0.0035682605343929966
18021,137,0.0032064353773314067
18021,138,0.002917139096767793
18021,139,0.002640468842538362
18021,140,0.002442573056384982
18021,141,0.0023017834286624215
18021,142,0.002229058536811702
18021,143,0.002165754596433672
18021,144,0.0021251952094374083
18021,145,0.0020521560988992983
18021,146,0.0019993541615702273
18021,147,0.0019759881840534415
18021,148,0.001950168340791544
18021,149,0.001929112396377482
18021,150,0.0019115496380882246
18021,151,0.0019008983373348884
18021,152,0.0019010768694426063
18021,153,0.0018898704344644654
18021,154,0.0018285340990498629
18021,155,0.0017489293417665176
18021,156,0.0016642484023758498
18021,157,0.0015834698419189511
18021,158,0.0015260394501605376
18021,159,0.001429337770452178
18021,160,0.0013821792179937518
18021,161,0.0013622094944888282
18021,162,0.0013144140014516228
18021,163,0.0012419975761064237
18021,164,0.0011425802192965373
18021,165,0.0010864873184500926
18021,166,0.001054968224038883
18021,167,0.0010381525682814448
18021,168,0.0010174609030170702
18021,169,0.0010079918887386605
18021,170,0.001000198747997662
18021,171,0.0009874780541238284
18021,172,0.0009833385564617279
18021,173,0.0009843118630465655
18021,174,0.0009861579973208913
18021,175,0.000995344433851231
18021,176,0.0010251032997236004
18021,177,0.0010420629049044644
18021,178,0.0010088971527806143
18021,179,0.0010215299278226646
18021,180,0.0010209985485626317
18021,181,0.0009759510663708356
18021,182,0.0009386683165581277
18021,183,0.0009075927356244377
18021,184,0.0008730809303033161
18021,185,0.000827982276653673
18021,186,0.0007782878253343164
18021,187,0.0007495469167565403
18021,188,0.0007250939678647426
18021,189,0.0007028050088538862
18021,190,0.0006756079083022946
18021,191,0.0006540888141873427
18021,192,0.0006468480299443959
18021,193,0.0006394555852019892
18021,194,0.0005640429883192721
18021,195,0.0005429671175305901
18021,196,0.0005348718643713224
18021,197,0.0005275313367960477
18021,198,0.00045806952374521627
18021,199,0.00044324254608448064
18021,200,0.000463455639905646
18021,201,0.0004986284495096586
18021,202,0.0005102575312112945
18021,203,0.00048231049963389926
18021,204,0.0004512994335656936
18021,205,0.00044755958807342756
18021,206,0.00045336827228068666
18021,207,0.0004596244576279035
18021,208,0.0004641552449336542
18021,209,0.00046347472559821174
18021,210,0.0004690821993302142
18021,211,0.00045743668011292136
18021,212,0.0004368851485648668
18021,213,0.000419762699578556
18021,214,0.000412581894748057
18021,215,0.00041469339798932975
18031,73,0.002991883603465669
18031,74,0.002827348788314546
18031,75,0.00263781054044873
18031,76,0.002473388519269883
18031,77,0.0023153408825075947
18031,78,0.002223251278348277
18031,79,0.0021719928372103104
18031,80,0.002148484684670911
18031,81,0.0021104552042349963
18031,82,0.001988250242278789
18031,83,0.0019045343642080177
18031,84,0.0018215615370669256
18031,85,0.0017188262046740467
18031,86,0.001621199107298036
18031,87,0.0015215126926621104
18031,88,0.00142817010026049
18031,89,0.0013520729829644192
18031,90,0.0012817871840498565
18031,91,0.0011927530276109296
18031,92,0.0010906325112321606
18031,93,0.0010219993661858356
18031,94,0.0009794439598190207
18031,95,0.0009573607377248911
18031,96,0.0009454960733690739
18031,97,0.0009276993106633336
18031,98,0.0009290789261138167
18031,99,0.0009369788817304815
18031,100,0.0008531378932310931
18031,101,0.0008394449809788391
18031,102,0.0008391188968889973
18031,103,0.0008481543573388801
18031,104,0.000876394242685895
18031,105,0.0009234261423409722
18031,106,0.0014029425157462683
18031,107,0.0036638594888264036
18031,108,0.009260743105122045
18031,109,0.018845341454318185
18031,110,0.024848338147123592
18031,111,0.025320331774291445
18031,112,0.024170110787610003
18031,113,0.0221703644116288
18031,114,0.021276947309666328
18031,115,0.019924170677748352
18031,116,0.01766033024861376
18031,117,0.015127954498624075
18031,118,0.01327043309193839
18031,119,0.012761680592992698
18031,120,0.013880187305763608
18031,121,0.013916771989821353
18031,122,0.012957968527100433
18031,123,0.012161505459198144
18031,124,0.011623058258560028
18031,125,0.011152138484557282
18031,126,0.010615370400272507
18031,127,0.010053067037864112
18031,128,0.009734055744987763
18031,129,0.009294859905973691
18031,130,0.00862885206137379
18031,131,0.008026252731742697
18031,132,0.007389167481462491
18031,133,0.006736964535389489
18031,134,0.006130911776551021
18031,135,0.005602409785587166
18031,136,0.0050843737407471465
18031,137,0.004615595965992111
18031,138,0.004240890518504607
18031,139,0.0040011988754374925
18031,140,0.003649588412323339
18031,141,0.003407307239740627
18031,142,0.0032674074537481475
18031,143,0.0032150671154678677
18031,144,0.0031569807055304997
18031,145,0.0030935198920249134
18031,146,0.00300346829206517
18031,147,0.0029813666790260485
18031,148,0.002978404281804217
18031,149,0.002963348472692111
18031,150,0.002912916628002273
18031,151,0.002882118387029002
18031,152,0.002884275919256765
18031,153,0.0028667222266882176
18031,154,0.0027779143795417607
18031,155,0.002667764159366669
18031,156,0.0025716304256639673
18031,157,0.0024536287205705375
18031,158,0.0023078797611247623
18031,159,0.002166534162925218
18031,160,0.0020423329097118584
18031,161,0.001937454784916322
18031,162,0.0018443739002672944
18031,163,0.001746514779876247
18031,164,0.0016387584116060853
18031,165,0.0015629769280366226
18031,166,0.0014921674736797462
18031,167,0.0014143549237750363
18031,168,0.0013728521498220607
18031,169,0.0013389135482924333
18031,170,0.001316759468626109
18031,171,0.0013005593202702948
18031,172,0.001181249002925359
18031,173,0.001154912414693085
18031,174,0.0011461992609541082
18031,175,0.0011551800217306115
18031,176,0.0011855628721722637
18031,177,0.0011008150789394572
18031,178,0.0010851601818298417
18031,179,0.0010739951876461084
18031,180,0.0010456171545570002
18031,181,0.0010196538691822554
18031,182,0.0009908403832877876
18031,183,0.0009531155688602414
18031,184,0.0009303509453938426
18031,185,0.0009072503971555497
18031,186,0.0008900659428666334
18031,187,0.0008672973870351662
18031,188,0.0008321917950730598
18031,189,0.0008191653566306262
18031,190,0.0008132374711325494
18031,191,0.0008011845942586682
18031,192,0.0007958282366917626
18031,193,0.0007054901071148686
18031,194,0.0006853915535669429
18031,195,0.0006835074325369781
18031,196,0.0006752246075101184
18031,197,0.0006097304233824294
18031,198,0.0006000819837867539
18031,199,0.0006198043057627274
18031,200,0.000586782373609794
18031,201,0.0006092249034779377
18031,202,0.0006132798422350078
18031,203,0.0006038807484378027
18031,204,0.0006025086190226749
18031,205,0.0006009132110896677
18031,206,0.0005766284805570998
18031,207,0.000538342955920808
18031,208,0.0005197109622180374
18031,209,0.0005097334129410888
18031,210,0.0004963780974631309
18031,211,0.00047546514898609023
18031,212,0.00046177844126253284
18031,213,0.0004572859118171123
18031,214,0.00045191508890385184
18031,215,0.00044587604527744515
18049,73,0.0006406315864418314
18049,74,0.0006190792523490603
18049,75,0.0006305579857182974
18049,76,0.0006395076876744051
18049,77,0.0006416669730539814
18049,78,0.0006339587016333249
18049,79,0.0006445778668157465
18049,80,0.000700311454515457
18049,81,0.0007713273783458486
18049,82,0.0008003618678773292
18049,83,0.0008199071735514137
18049,84,0.0008516181123613113
18049,85,0.0008563199166259501
18049,86,0.0008572725003634942
18049,87,0.0008687725944944235
18049,88,0.0008801819286512952
18049,89,0.0008644693169580958
18049,90,0.0008481617916151409
18049,91,0.0008307951971692169
18049,92,0.0008012793307385948
18049,93,0.0008076556370885499
18049,94,0.0008274835280163721
18049,95,0.0008572479391577934
18049,96,0.000878849459792733
18049,97,0.0007807003162966205
18049,98,0.0007768118959089297
18049,99,0.0007896057923412986
18049,100,0.000797557763777648
18049,101,0.0008100285670460471
18049,102,0.0007369966492903924
18049,103,0.0007584201516014931
18049,104,0.0008654578312787853
18049,105,0.0010694662938406764
18049,106,0.0012463585678619753
18049,107,0.0014228512661304956
18049,108,0.0016696761987744367
18049,109,0.002193382076056235
18049,110,0.003403701544498062
18049,111,0.005417451550341941
18049,112,0.006701597076628905
18049,113,0.007005045835011515
18049,114,0.007237103433394401
18049,115,0.00728894185207854
18049,116,0.007317646409163967
18049,117,0.007565922790501429
18049,118,0.008915553786946846
18049,119,0.013153634610228039
18049,120,0.014656605021702313
18049,121,0.014873124905957925
18049,122,0.014021126021580671
18049,123,0.013553468296508123
18049,124,0.012323495367888767
18049,125,0.01101860160032714
18049,126,0.010201386047281212
18049,127,0.00967349785654197
18049,128,0.009389899298906799
18049,129,0.008981755434966614
18049,130,0.008557911301424354
18049,131,0.00801289014579055
18049,132,0.007607913479783064
18049,133,0.00733824593616437
18049,134,0.006998586354940186
18049,135,0.0066393499509970364
18049,136,0.0064209175666398504
18049,137,0.006542629491699864
18049,138,0.006784640273981123
18049,139,0.006923344630221471
18049,140,0.007038523631430766
18049,141,0.00738474686683177
18049,142,0.007834884820903176
18049,143,0.008122464507986751
18049,144,0.008172048593128194
18049,145,0.00823921747923401
18049,146,0.008259973770784905
18049,147,0.008282143747095233
18049,148,0.008194434959847325
18049,149,0.00818334545655838
18049,150,0.008306783253471945
18049,151,0.008340476584934262
18049,152,0.008420003076345153
18049,153,0.008438901211580974
18049,154,0.008035724424232085
18049,155,0.007743095918370533
18049,156,0.007446257941340413
18049,157,0.007103522841956491
18049,158,0.006765196163455311
18049,159,0.006325043979412072
18049,160,0.005979099353536638
18049,161,0.00567509778633618
18049,162,0.00542443917720949
18049,163,0.005190479123830454
18049,164,0.004919872669587158
18049,165,0.004720388677863362
18049,166,0.004547153215388606
18049,167,0.00445700727292061
18049,168,0.004373628318067676
18049,169,0.004279650740194948
18049,170,0.0042429387423097
18049,171,0.004260727234254693
18049,172,0.004267784443818322
18049,173,0.004272369879616984
18049,174,0.004259018028139494
18049,175,0.003819931105508068
18049,176,0.0038640958896442633
18049,177,0.0039723679812460316
18049,178,0.0039019405789819206
18049,179,0.003670453757594984
18049,180,0.0034148892070778292
18049,181,0.0032565554529302835
18049,182,0.003122098461430324
18049,183,0.0029767478069743407
18049,184,0.0028160521689318467
18049,185,0.0026859077655818045
18049,186,0.002558378015763512
18049,187,0.0024748906002290123
18049,188,0.002394336334187742
18049,189,0.002358182999944197
18049,190,0.0023174524127323615
18049,191,0.0022853516259380684
18049,192,0.002270704592137024
18049,193,0.002042967200496728
18049,194,0.0020072318416735103
18049,195,0.001763728302636387
18049,196,0.0017076082785478087
18049,197,0.0016822030892686866
18049,198,0.001628202424092199
18049,199,0.0015709548442885339
18049,200,0.001503138424310426
18049,201,0.0014230899496674877
18049,202,0.0013853640093283012
18049,203,0.001334582230849164
18049,204,0.0012806105780382917
18049,205,0.0012436523870724117
18049,206,0.0011933020439760294
18049,207,0.001148183460070178
18049,208,0.0011083373231476085
18049,209,0.0010890799463118784
18049,210,0.0011022153681516209
18049,211,0.001118249803156787
18049,212,0.0011282562578392693
18049,213,0.0011244687261635232
18049,214,0.0009359885497719064
18049,215,0.0009000609254403068
18053,73,0.012452856688490612
18053,74,0.012027778667462312
18053,75,0.011647840512991977
18053,76,0.011040937817750139
18053,77,0.010341772859051012
18053,78,0.009737249674760882
18053,79,0.009109964036905652
18053,80,0.008195149180020069
18053,81,0.00759845700463265
18053,82,0.0071954427575987075
18053,83,0.006605998612831593
18053,84,0.005968275216499066
18053,85,0.005413006884831899
18053,86,0.005029752856286864
18053,87,0.004590553732356107
18053,88,0.004143938402422496
18053,89,0.003745103819831851
18053,90,0.0033841035478114076
18053,91,0.0030070819973158107
18053,92,0.0025257634083570373
18053,93,0.002248878298574543
18053,94,0.0020432001546709343
18053,95,0.0018762872025318152
18053,96,0.0017390377048451676
18053,97,0.0016308260930014131
18053,98,0.0015601985495162264
18053,99,0.00151537559694932
18053,100,0.0014814516531340101
18053,101,0.001451273755057928
18053,102,0.0014215930811568131
18053,103,0.0014063063861546907
18053,104,0.0013996401805173217
18053,105,0.0014122747811754614
18053,106,0.0015469539855926682
18053,107,0.0024128774109584525
18053,108,0.00437830708526083
18053,109,0.005841988905378178
18053,110,0.00619907778941745
18053,111,0.00644404184884481
18053,112,0.00658916694596995
18053,113,0.006496497076630409
18053,114,0.006299674653756115
18053,115,0.005899309383925636
18053,116,0.005325215727801401
18053,117,0.004907456770740203
18053,118,0.004591614294764376
18053,119,0.004506939986175371
18053,120,0.004552931945220244
18053,121,0.004740321628743153
18053,122,0.004725466464532331
18053,123,0.004646743310282743
18053,124,0.004521330186377061
18053,125,0.004370912327750105
18053,126,0.004439717304673065
18053,127,0.004376412982249402
18053,128,0.004271274131659913
18053,129,0.004129815505625464
18053,130,0.003884050202485009
18053,131,0.003630324968365528
18053,132,0.00338712626510779
18053,133,0.0031235693433005448
18053,134,0.0029061505705862242
18053,135,0.0026637262407590953
18053,136,0.00242910679817915
18053,137,0.0021845238399631583
18053,138,0.001991223359873372
18053,139,0.001816506803882252
18053,140,0.001656268032085724
18053,141,0.0015739026643847482
18053,142,0.00153245557350212
18053,143,0.0014667673288124474
18053,144,0.0014169979584164102
18053,145,0.0013773117151821058
18053,146,0.0013742418664806574
18053,147,0.0013789868271024003
18053,148,0.0013536769620185116
18053,149,0.0013283967402194364
18053,150,0.001327052767448982
18053,151,0.0013458503602318279
18053,152,0.001358590309858211
18053,153,0.0013507659715278216
18053,154,0.001303178609995013
18053,155,0.0012523459445805806
18053,156,0.00118374802440839
18053,157,0.0011213335490739978
18053,158,0.0010441111166160102
18053,159,0.000963035702380813
18053,160,0.0009026386288449748
18053,161,0.0008699070874443582
18053,162,0.0008121925256325966
18053,163,0.0007460706400629433
18053,164,0.0006873624722294298
18053,165,0.00066091415872995
18053,166,0.0006329276683247243
18053,167,0.0006046803247513168
18053,168,0.0005928334795647038
18053,169,0.0005786481994932502
18053,170,0.0005661496041786863
18053,171,0.0005615559895169455
18053,172,0.0004928670482272071
18053,173,0.00047154071547541665
18053,174,0.0004589656483541554
18053,175,0.0004444873873479831
18053,176,0.00044178005919395146
18053,177,0.0004526420902617193
18053,178,0.0004579759198546613
18053,179,0.00045034409568078175
18053,180,0.00044197537563594097
18053,181,0.0004303809816102324
18053,182,0.000420945747498865
18053,183,0.000409129659761196
18053,184,0.00039192236994451833
18053,185,0.0003765699083455194
18053,186,0.0003573501111597526
18053,187,0.0003364121496697431
18053,188,0.00031426109496869917
18053,189,0.0002986375075094112
18053,190,0.0002861565234927689
18053,191,0.00028030627045296007
18053,192,0.00027830749377838964
18053,193,0.0002739127574830735
18053,194,0.0002729270726336478
18053,195,0.0002696854672236849
18053,196,0.0002670438922285323
18053,197,0.00026578641948219714
18053,198,0.0002650337543193005
18053,199,0.0002654239795536366
18053,200,0.0002735024193218231
18053,201,0.00029869648377174184
18053,202,0.0003024084773062962
18053,203,0.00028269845836025997
18053,204,0.0002518947117312611
18053,205,0.00023458447403792884
18053,206,0.00022076559635331156
18053,207,0.000209430599762214
18053,208,0.0002104573840003307
18053,209,0.00021125814738653766
18053,210,0.00020238934560868376
18053,211,0.0001861978376659371
18053,212,0.0001745750925406771
18053,213,0.0001736381333655811
18053,214,0.00017256522089894653
18053,215,0.00017242456858371677
18055,73,6.9344958444914875e-06
18055,74,8.652988482730738e-06
18055,75,1.0189853179330712e-05
18055,76,1.2243063114707706e-05
18055,77,1.3828756011305877e-05
18055,78,1.5656056300293763e-05
18055,79,2.4511689462348954e-05
18055,80,5.31733795788041e-05
18055,81,9.174478610408079e-05
18055,82,0.00011062743674571511
18055,83,0.000119212224282894
18055,84,0.00012747139377482109
18055,85,0.000137187828358455
18055,86,0.00014620511267001693
18055,87,0.00015581740235582082
18055,88,0.00016265296488594992
18055,89,0.00016829364856592508
18055,90,0.00017123691665504932
18055,91,0.00016346207774037367
18055,92,0.0001543615816883449
18055,93,0.0001493435415493394
18055,94,0.00014719619603143508
18055,95,0.00014547509767766402
18055,96,0.00014294710414855077
18055,97,0.00013994428192363705
18055,98,0.000137408978590095
18055,99,0.0001376001778293279
18055,100,0.00013603126639305093
18055,101,0.00013786336543830622
18055,102,0.00014225185967035924
18055,103,0.00015520122085431083
18055,104,0.00019373112967554742
18055,105,0.00032164831652011107
18055,106,0.0009228282742601238
18055,107,0.003332109000393723
18055,108,0.008087847180621978
18055,109,0.012053768478702537
18055,110,0.015853132808340935
18055,111,0.01635271608616737
18055,112,0.01434103747989056
18055,113,0.01290044472577718
18055,114,0.011586205044724181
18055,115,0.01062773634341413
18055,116,0.009545719137490933
18055,117,0.01076195928050452
18055,118,0.02014715228177689
18055,119,0.0303314274000687
18055,120,0.027243700612843806
18055,121,0.021630739976655714
18055,122,0.020288461410817905
18055,123,0.01888455805679229
18055,124,0.01697203637974625
18055,125,0.01481140565879388
18055,126,0.013461618288820507
18055,127,0.012365205925703672
18055,128,0.011600880560753944
18055,129,0.010994778779757982
18055,130,0.010319141619893012
18055,131,0.009635433210588124
18055,132,0.008865414120653782
18055,133,0.008058435650032152
18055,134,0.0073513337564038
18055,135,0.00672143467109693
18055,136,0.006108866079113195
18055,137,0.005621695015228109
18055,138,0.00535319785237298
18055,139,0.0049683693600113335
18055,140,0.004575467459039492
18055,141,0.004310393675689916
18055,142,0.00420258193345556
18055,143,0.0041545722334268426
18055,144,0.004097061908761046
18055,145,0.004014640182000122
18055,146,0.003958095624368861
18055,147,0.003965662735491819
18055,148,0.0035691862484284716
18055,149,0.0034284820050805346
18055,150,0.0033281792368055592
18055,151,0.0032077611385077165
18055,152,0.00310984043767863
18055,153,0.0029940106580888756
18055,154,0.002862069148813541
18055,155,0.002720967438185503
18055,156,0.0026141027204609714
18055,157,0.002503174489356988
18055,158,0.0023499935103544465
18055,159,0.002223514404767258
18055,160,0.002096651852512763
18055,161,0.0019415708985393275
18055,162,0.0018466083999298907
18055,163,0.0017157220626852928
18055,164,0.0015724262898014199
18055,165,0.0014868876529323882
18055,166,0.0014258276346399213
18055,167,0.0013795647720019726
18055,168,0.001337647772798885
18055,169,0.0012956123630875026
18055,170,0.0012899064258904643
18055,171,0.0012853050442606627
18055,172,0.0012757987283974436
18055,173,0.0011148327152784776
18055,174,0.0011019369408033473
18055,175,0.0011225329490259517
18055,176,0.001146640251143314
18055,177,0.0010173281126521052
18055,178,0.0009797226170768884
18055,179,0.0009490330630017006
18055,180,0.0009542913255006874
18055,181,0.0009589456023255004
18055,182,0.0009149935567497045
18055,183,0.0008687585002767308
18055,184,0.0008333160077210504
18055,185,0.0007982914635558054
18055,186,0.0007562798165237033
18055,187,0.0007145958172864867
18055,188,0.0006795464264749294
18055,189,0.0006560488114583495
18055,190,0.0006312403961433728
18055,191,0.0006114690587184955
18055,192,0.000601269294541783
18055,193,0.0005960266587263407
18055,194,0.0005878281996960967
18055,195,0.0005823491878592648
18055,196,0.0005295719307065686
18055,197,0.0005149220801407771
18055,198,0.0005081058596710228
18055,199,0.0005069471703364257
18055,200,0.00048243523604871977
18055,201,0.000500390131555438
18055,202,0.0005344858846452804
18055,203,0.0005099087972045157
18055,204,0.0004785623164404025
18055,205,0.0004638271216973993
18055,206,0.00048390684678587757
18055,207,0.0005155154582913512
18055,208,0.0005301504023384495
18055,209,0.0005526096166458603
18055,210,0.0005645780373422543
18055,211,0.0005669781962861512
18055,212,0.0004412409100740434
18055,213,0.00042186222307741505
18055,214,0.0004214817202197994
18055,215,0.000336932908267653
18057,73,0.0011461196915948653
18057,74,0.0011506695030405211
18057,75,0.0011718359287640604
18057,76,0.0010749629705082608
18057,77,0.0009878754018901004
18057,78,0.0009227273189225528
18057,79,0.0008667345905430578
18057,80,0.0008376980474372185
18057,81,0.0008080936125811579
18057,82,0.0007757877539923731
18057,83,0.0007208320788945445
18057,84,0.0006625120844947593
18057,85,0.000608353164103509
18057,86,0.0005589798527980761
18057,87,0.0005080590730586677
18057,88,0.00045037485775932285
18057,89,0.0004029511587340442
18057,90,0.00036174944432625875
18057,91,0.0003176750006259439
18057,92,0.00027439935426654805
18057,93,0.0002447580188855422
18057,94,0.00022314969193876162
18057,95,0.00020464109775679193
18057,96,0.00018818019434156623
18057,97,0.0001746624359534912
18057,98,0.0001654884364583925
18057,99,0.00015926650255341214
18057,100,0.00015433361470829513
18057,101,0.00015216425650314632
18057,102,0.00015582768009075082
18057,103,0.00016868873325504404
18057,104,0.00019142065371582822
18057,105,0.00022339260992483063
18057,106,0.00033019672597448967
18057,107,0.0007313383803756294
18057,108,0.00146078079862414
18057,109,0.0022209021277718355
18057,110,0.0029187739843162777
18057,111,0.0035993056999123444
18057,112,0.0037429368479988748
18057,113,0.003604828878132667
18057,114,0.0034430919857833674
18057,115,0.00327090093378311
18057,116,0.002899354744026819
18057,117,0.002692313911701436
18057,118,0.002828168950570026
18057,119,0.003175297523999147
18057,120,0.0032052762360202784
18057,121,0.0035166348870467948
18057,122,0.0035585286574192237
18057,123,0.003257851800219662
18057,124,0.00304992743909655
18057,125,0.0029082885889216833
18057,126,0.0028270792644219896
18057,127,0.002656206233089224
18057,128,0.002469675349118515
18057,129,0.002297749538588442
18057,130,0.0020679276311246653
18057,131,0.0018658940536880363
18057,132,0.0017237100672109833
18057,133,0.0015687859369083177
18057,134,0.0014270497248517148
18057,135,0.0013052348110654088
18057,136,0.001199204047966745
18057,137,0.001133387675972088
18057,138,0.0011050706146684744
18057,139,0.0010280080974949155
18057,140,0.0009743113293828374
18057,141,0.0009330561677180467
18057,142,0.0008859451923865511
18057,143,0.0008342376796609332
18057,144,0.0007903685482566462
18057,145,0.0007069581078802713
18057,146,0.0006396079199879044
18057,147,0.0006192372101538212
18057,148,0.0005759694452165449
18057,149,0.0005264510077038356
18057,150,0.0004905728450799063
18057,151,0.00047650309049838144
18057,152,0.00046926320005953495
18057,153,0.0004654873359501782
18057,154,0.00044673107448854
18057,155,0.00042920170769539115
18057,156,0.0004104915485005816
18057,157,0.00038830489287074616
18057,158,0.0003607476821588931
18057,159,0.0003283147622582524
18057,160,0.00029875387177159953
18057,161,0.0002705358157101962
18057,162,0.00024943545507556436
18057,163,0.00022617946815029792
18057,164,0.00020184747530663488
18057,165,0.00018681165219496212
18057,166,0.0001734985243365927
18057,167,0.00016121041731115022
18057,168,0.0001515324619922048
18057,169,0.0001413413449391403
18057,170,0.0001329546299146059
18057,171,0.00012735743212367447
18057,172,0.00012201454685663802
18057,173,0.00011642595501687569
18057,174,0.00011355978717623808
18057,175,0.00011665516545898626
18057,176,0.00012601704320262051
18057,177,0.00014384737288591548
18057,178,0.00015562879982616623
18057,179,0.00015511534302813004
18057,180,0.0001572143723897951
18057,181,0.0001594813262521179
18057,182,0.00016450660687379782
18057,183,0.00016484305346875372
18057,184,0.0001600734117156573
18057,185,0.0001552876920346177
18057,186,0.0001504900515168062
18057,187,0.00014690843415006273
18057,188,0.0001378759972262457
18057,189,0.00013111472179919742
18057,190,0.00012668525852263347
18057,191,0.00012049544153726
18057,192,0.000111923898533888
18057,193,0.00010556323480902488
18057,194,0.00010065776129258147
18057,195,9.821778882791015e-05
18057,196,9.314927693268026e-05
18057,197,8.856299998599758e-05
18057,198,8.411363632554248e-05
18057,199,8.334139599671574e-05
18057,200,9.523726656922326e-05
18057,201,0.00011036063966117561
18057,202,0.00012079565762536576
18057,203,0.00012492293826962676
18057,204,0.0001225057126208828
18057,205,0.00011744743427370578
18057,206,0.0001190698261699984
18057,207,0.00012160453806129163
18057,208,0.00011625411938141352
18057,209,0.00010828871526286286
18057,210,0.00010569426328065702
18057,211,0.0001032913173919967
18057,212,9.59209716138331e-05
18057,213,9.109120285409536e-05
18057,214,8.333763574494133e-05
18057,215,7.834542578286437e-05
18063,73,2.694330444805139e-05
18063,74,2.6051304641267753e-05
18063,75,3.005374369004619e-05
18063,76,3.412167983924479e-05
18063,77,3.62191627780783e-05
18063,78,3.6751430427691334e-05
18063,79,3.5180038246360355e-05
18063,80,4.1297473555756465e-05
18063,81,4.742538620794303e-05
18063,82,5.022580745790721e-05
18063,83,5.1295976176260346e-05
18063,84,5.031286328493036e-05
18063,85,4.8807416197268824e-05
18063,86,4.8618011942362065e-05
18063,87,4.859439507233781e-05
18063,88,5.011585414567807e-05
18063,89,5.177824587162808e-05
18063,90,5.232379779781429e-05
18063,91,4.9368719039913845e-05
18063,92,4.546947610988077e-05
18063,93,4.722583033173142e-05
18063,94,5.548849938897682e-05
18063,95,6.285870287687645e-05
18063,96,6.947982746972316e-05
18063,97,7.235574536244094e-05
18063,98,7.660163142434675e-05
18063,99,7.766109202884516e-05
18063,100,7.603962057046926e-05
18063,101,7.618735551053908e-05
18063,102,7.905094159266018e-05
18063,103,8.830544469150427e-05
18063,104,0.00010616904528877701
18063,105,0.00016076446794142902
18063,106,0.0005584920191896746
18063,107,0.0022362880530510704
18063,108,0.006077583969703488
18063,109,0.014489262447315424
18063,110,0.0224900123988009
18063,111,0.02362523426040265
18063,112,0.021819786490632632
18063,113,0.019990550144726966
18063,114,0.018438651107089393
18063,115,0.016919048655425394
18063,116,0.01480417935724709
18063,117,0.01368670778603667
18063,118,0.014428225638512643
18063,119,0.018142606485467817
18063,120,0.018188761812403535
18063,121,0.015438387142899608
18063,122,0.013457536463540523
18063,123,0.012253632200143845
18063,124,0.011329181884701021
18063,125,0.010130757211089986
18063,126,0.008879295376563751
18063,127,0.007981876025683362
18063,128,0.00725731832563851
18063,129,0.006591548524876048
18063,130,0.005949762094370126
18063,131,0.005329711885804681
18063,132,0.004741655155182802
18063,133,0.004103794972585399
18063,134,0.0036163845428576875
18063,135,0.0032245660345651705
18063,136,0.0028227066356451384
18063,137,0.002515550850027398
18063,138,0.0022452413036540635
18063,139,0.0019985996034412655
18063,140,0.0017970583647473346
18063,141,0.001686106027998004
18063,142,0.0015970670264114383
18063,143,0.0015046061260087487
18063,144,0.0014307479731796786
18063,145,0.001368961361345324
18063,146,0.0013129693183521357
18063,147,0.001270084741120109
18063,148,0.0012149389932607447
18063,149,0.0011301943923038447
18063,150,0.0010600907104007509
18063,151,0.0009773269967495877
18063,152,0.0009022677956432858
18063,153,0.0008448199513380913
18063,154,0.0007883103165140206
18063,155,0.0007223289674063984
18063,156,0.0006649686872072395
18063,157,0.0006051979330321221
18063,158,0.0005505164558804966
18063,159,0.0004982011164894851
18063,160,0.0004463840522737692
18063,161,0.0003968379443446634
18063,162,0.0003510349457206958
18063,163,0.00031534373599791864
18063,164,0.0002867933942286915
18063,165,0.0002675934430988356
18063,166,0.0002471515850316911
18063,167,0.0002324916715342226
18063,168,0.00022319145476329616
18063,169,0.0002126328038013563
18063,170,0.00020148739525639427
18063,171,0.00019780068907271494
18063,172,0.00019423165737388534
18063,173,0.00019093464204243652
18063,174,0.00018750134225420427
18063,175,0.0001923234596428316
18063,176,0.00021597088682295587
18063,177,0.00024021562228278214
18063,178,0.0002550102161226174
18063,179,0.00026266880795088477
18063,180,0.0002593902364055114
18063,181,0.00025346656213968266
18063,182,0.00025072631201598564
18063,183,0.000248321199288185
18063,184,0.0002342329605138631
18063,185,0.00021643983008561124
18063,186,0.00020087553859365767
18063,187,0.0001857364513927397
18063,188,0.00017239388296834743
18063,189,0.0001660826446239155
18063,190,0.0001559964654087605
18063,191,0.00014617080090195136
18063,192,0.00014176116168437497
18063,193,0.00013909217909883754
18063,194,0.00013093585053227817
18063,195,0.00012510211090581083
18063,196,0.00012235999399628635
18063,197,0.00011987611673875452
18063,198,0.00011712892299066161
18063,199,0.00011718876329883527
18063,200,0.00013193240301390515
18063,201,0.0001581227706346982
18063,202,0.00016936135172688786
18063,203,0.000176897735782156
18063,204,0.0001949703541753576
18063,205,0.00019887497234280703
18063,206,0.00020720592370970458
18063,207,0.0002304773054458851
18063,208,0.00023921026565330958
18063,209,0.00024406554144305802
18063,210,0.00024617054281134463
18063,211,0.00023462037567843788
18063,212,0.00022020986614612785
18063,213,0.00021187834543697688
18063,214,0.00020271974152355276
18063,215,0.00019280496756610846
18075,73,0.0051563373952157295
18075,74,0.005006112925506838
18075,75,0.004895386811390933
18075,76,0.004751091624419349
18075,77,0.004513675382208438
18075,78,0.004254163127658945
18075,79,0.004035073958535469
18075,80,0.0038541893996569885
18075,81,0.0036408764338089583
18075,82,0.003420203664645567
18075,83,0.0031646825359811516
18075,84,0.0029928277714890107
18075,85,0.0028730125531982137
18075,86,0.0027585437077233986
18075,87,0.0026698425823910256
18075,88,0.0025508680309038836
18075,89,0.0024602241916811185
18075,90,0.0023677954205884207
18075,91,0.0022190982691064278
18075,92,0.002032410609401971
18075,93,0.0019176469604142183
18075,94,0.0018455577064475572
18075,95,0.0017714445059554107
18075,96,0.001708436888721143
18075,97,0.001656073474380894
18075,98,0.001622466054963665
18075,99,0.0016181211450161316
18075,100,0.0016168558953785846
18075,101,0.0016105211389429077
18075,102,0.0015072373540816108
18075,103,0.0014928413290088776
18075,104,0.0015230906520689984
18075,105,0.0015648704703823256
18075,106,0.0016763450109309038
18075,107,0.002241603719639126
18075,108,0.0035472876677999357
18075,109,0.006166358692090471
18075,110,0.009154484111026776
18075,111,0.010264163095466305
18075,112,0.010687530047811164
18075,113,0.011357749983885158
18075,114,0.012051982280592392
18075,115,0.01226026344523283
18075,116,0.011569270045276943
18075,117,0.010636164352936572
18075,118,0.009890208585762245
18075,119,0.009575744839288282
18075,120,0.009267851613465751
18075,121,0.009324491518571605
18075,122,0.009688625124151352
18075,123,0.010223102012964386
18075,124,0.010180862821750378
18075,125,0.009504628065604967
18075,126,0.009169542724969957
18075,127,0.009161864717615834
18075,128,0.008884191796743924
18075,129,0.008486700035826916
18075,130,0.00800667555640638
18075,131,0.007713595292534288
18075,132,0.007493790606758405
18075,133,0.007153988580577183
18075,134,0.006755113864361412
18075,135,0.006426247113966327
18075,136,0.006119987953213558
18075,137,0.005909327706199291
18075,138,0.005445894769773821
18075,139,0.005182059702988336
18075,140,0.005106398114783565
18075,141,0.004966742080498869
18075,142,0.0050314969578250735
18075,143,0.005071648590197615
18075,144,0.005110869440994282
18075,145,0.004982627242904043
18075,146,0.004780075580429824
18075,147,0.00466397208364253
18075,148,0.004552927508888706
18075,149,0.0044592683036432735
18075,150,0.00441509373694932
18075,151,0.004412748572646188
18075,152,0.0042169291672656635
18075,153,0.004110578074945495
18075,154,0.003905210178898348
18075,155,0.0036285185778091355
18075,156,0.0033979615640603654
18075,157,0.003240020771652462
18075,158,0.003063455154035486
18075,159,0.0028609609911602538
18075,160,0.0026771288387589247
18075,161,0.002541538763785373
18075,162,0.002402960870160507
18075,163,0.0022576911476087855
18075,164,0.0021074392196984136
18075,165,0.001996949464170156
18075,166,0.001917509483609851
18075,167,0.001834075785685816
18075,168,0.001777090667728219
18075,169,0.001718663318881371
18075,170,0.0016663696339897479
18075,171,0.0016334043160292073
18075,172,0.0015792703148636224
18075,173,0.0015245742416441796
18075,174,0.0014959511324285414
18075,175,0.0014831699279556723
18075,176,0.0014768637182234945
18075,177,0.0015001995554469422
18075,178,0.001491315175095328
18075,179,0.0014013448156794447
18075,180,0.001344139952714981
18075,181,0.0012980365953167484
18075,182,0.0012495670044842331
18075,183,0.0011957042478733105
18075,184,0.0011560717853253224
18075,185,0.0011154000155915032
18075,186,0.0010715201457575652
18075,187,0.0010259870138095253
18075,188,0.0009694604829911713
18075,189,0.0009269268888138311
18075,190,0.0009003685402478324
18075,191,0.00087581934303939
18075,192,0.0008539813670797096
18075,193,0.0008370896284429594
18075,194,0.0008232546003805711
18075,195,0.0007917162218036639
18075,196,0.0007645308386816369
18075,197,0.0007462456911451561
18075,198,0.0007346932482148807
18075,199,0.0007209478184591155
18075,200,0.0007124476930341089
18075,201,0.0006923551901431947
18075,202,0.000677997159746745
18075,203,0.0006405275605665526
18075,204,0.0005797851158559591
18075,205,0.0005307154106833101
18075,206,0.0005023102920403109
18075,207,0.00047871410112963715
18075,208,0.00044770143689296235
18075,209,0.000426626033134445
18075,210,0.0003923509526019094
18075,211,0.0003641101418814085
18075,212,0.00035505357290056626
18075,213,0.0003566736870826126
18075,214,0.0003445870361305621
18075,215,0.0003245690639044422
18079,73,1.3950544906761977e-05
18079,74,1.8240344946121358e-05
18079,75,2.1275808879534793e-05
18079,76,2.6672875789297852e-05
18079,77,2.9336591380393113e-05
18079,78,3.374039876671002e-05
18079,79,4.153619325262238e-05
18079,80,7.58525576191369e-05
18079,81,0.00011138361829841574
18079,82,0.00014009756378759606
18079,83,0.0001589677343261836
18079,84,0.00017838204259407504
18079,85,0.0001947176209337193
18079,86,0.00020823432207177662
18079,87,0.00023214705855342292
18079,88,0.00025442356426481715
18079,89,0.00026541226085707045
18079,90,0.0002870095001617897
18079,91,0.00030156869699377535
18079,92,0.00028665466460593236
18079,93,0.00027266981031568463
18079,94,0.00027049485709639226
18079,95,0.0002745933357652841
18079,96,0.00028363013434827116
18079,97,0.0002896626350648123
18079,98,0.0002988071728624595
18079,99,0.00031908902377766256
18079,100,0.0003439154177801044
18079,101,0.0003698046223553681
18079,102,0.00038869908792264237
18079,103,0.0004335946084185594
18079,104,0.0005316951549696407
18079,105,0.000598168013084183
18079,106,0.0012425611154182141
18079,107,0.005314651814708036
18079,108,0.015905505828365127
18079,109,0.030884469819686525
18079,110,0.03167664525353776
18079,111,0.028982009546600844
18079,112,0.027040816496830482
18079,113,0.024721404169388745
18079,114,0.023062960227119966
18079,115,0.02064218903936688
18079,116,0.01840015648633084
18079,117,0.0164320348929947
18079,118,0.01507304436213744
18079,119,0.014946339285853693
18079,120,0.015475089507917749
18079,121,0.015415580169525475
18079,122,0.014327965748531485
18079,123,0.01329604102481719
18079,124,0.012795569631157078
18079,125,0.012360842293470382
18079,126,0.011896533310286386
18079,127,0.011611837075408119
18079,128,0.011507040954225764
18079,129,0.011055515810843141
18079,130,0.010353335185738818
18079,131,0.009760459493442104
18079,132,0.009185398832405819
18079,133,0.008557898226490078
18079,134,0.00791587545674973
18079,135,0.007290513052401168
18079,136,0.006694955419782903
18079,137,0.006229223583122817
18079,138,0.005816942390676202
18079,139,0.005475717602278108
18079,140,0.005098776835530823
18079,141,0.004841210780575569
18079,142,0.004674454405603041
18079,143,0.004494654592491569
18079,144,0.004363974383183461
18079,145,0.004261303662230162
18079,146,0.004166700905029891
18079,147,0.004109848700183431
18079,148,0.003983403443544986
18079,149,0.0038680902770044613
18079,150,0.0038364258572666527
18079,151,0.0037663172644872597
18079,152,0.003666519092601898
18079,153,0.0035776074993000115
18079,154,0.003415459874709653
18079,155,0.0032420627180953007
18079,156,0.003089112131186738
18079,157,0.0029282719768305666
18079,158,0.0027622100283182364
18079,159,0.0026314494670540093
18079,160,0.002510564280288364
18079,161,0.00238843367346334
18079,162,0.00230971225938006
18079,163,0.0022232544772146563
18079,164,0.002083454201007002
18079,165,0.0019908687381765796
18079,166,0.001924055429604193
18079,167,0.001877064953261199
18079,168,0.0018627160257262264
18079,169,0.0018439678795699192
18079,170,0.0018338882538566363
18079,171,0.001821108994500577
18079,172,0.0016527062387203886
18079,173,0.001637059028381202
18079,174,0.0016512699099073868
18079,175,0.0016537579099390864
18079,176,0.00151123907466804
18079,177,0.0015015791492887336
18079,178,0.0014806753986695874
18079,179,0.0014350065901092613
18079,180,0.0013871704914353773
18079,181,0.001338018426464057
18079,182,0.0012958394132488876
18079,183,0.0012532104193531666
18079,184,0.0011975625494635611
18079,185,0.0011468210526199233
18079,186,0.0011068918269708477
18079,187,0.0010679207606759179
18079,188,0.0010238714561505429
18079,189,0.0009984593095355343
18079,190,0.0009909141222533271
18079,191,0.0009776885718027933
18079,192,0.0009656600299669151
18079,193,0.0008420381753857151
18079,194,0.0008213273147792011
18079,195,0.0008107173685501696
18079,196,0.0007939949136008949
18079,197,0.0007807503771556443
18079,198,0.0007769801099450591
18079,199,0.0007872991761931168
18079,200,0.0008215106404425831
18079,201,0.0008833432621400249
18079,202,0.0009118797743909929
18079,203,0.0008896783300599098
18079,204,0.0008527791871169149
18079,205,0.0008087591800515119
18079,206,0.0007401140300404305
18079,207,0.0007095580306910042
18079,208,0.0006942717780669091
18079,209,0.0006920802375705044
18079,210,0.0006851666010388138
18079,211,0.0006680760508745103
18079,212,0.0006409934011883832
18079,213,0.0006325862537382406
18079,214,0.0006355412189016971
18079,215,0.0006299580669599635
18081,73,6.07900471942966e-06
18081,74,6.550106556642168e-06
18081,75,5.909566351413425e-06
18081,76,6.227735005241372e-06
18081,77,6.8358961025195206e-06
18081,78,7.6191222872776935e-06
18081,79,1.0049470926653877e-05
18081,80,1.7528380891515663e-05
18081,81,2.7403702018191217e-05
18081,82,3.218303273941153e-05
18081,83,3.3980897930921996e-05
18081,84,3.4543390002318625e-05
18081,85,3.5220399749823214e-05
18081,86,3.765865158638861e-05
18081,87,3.990112019438729e-05
18081,88,4.13080920004846e-05
18081,89,3.981305736688361e-05
18081,90,3.9261119462696004e-05
18081,91,3.823527656638625e-05
18081,92,3.5262456262746255e-05
18081,93,3.5365511605511256e-05
18081,94,3.630088795966554e-05
18081,95,3.7071250856443173e-05
18081,96,3.7938770167596766e-05
18081,97,3.7166322586459806e-05
18081,98,3.697858418227934e-05
18081,99,3.738604640923609e-05
18081,100,3.781317037380025e-05
18081,101,3.887048018305543e-05
18081,102,3.868268555070535e-05
18081,103,4.421419553741995e-05
18081,104,5.4753615369943705e-05
18081,105,8.861330867593898e-05
18081,106,0.00036085346347724444
18081,107,0.0013588873858827349
18081,108,0.0027342415074582513
18081,109,0.006084628627682613
18081,110,0.009962831937282259
18081,111,0.010017765126008835
18081,112,0.009532498254592646
18081,113,0.009223008989303646
18081,114,0.009063196567427682
18081,115,0.00849034891419786
18081,116,0.007272338992134654
18081,117,0.006505601245063707
18081,118,0.006327299613884948
18081,119,0.007180507148914657
18081,120,0.00723739557270274
18081,121,0.006543269821570546
18081,122,0.005944332564580903
18081,123,0.005832015769327929
18081,124,0.005445053461541229
18081,125,0.004937397381816169
18081,126,0.004604877055323114
18081,127,0.004226740409356146
18081,128,0.003991362978496284
18081,129,0.0037391601014609872
18081,130,0.0033612163817791966
18081,131,0.0029872026847540933
18081,132,0.002620272411216565
18081,133,0.002283943352511038
18081,134,0.0019929151136966077
18081,135,0.0018127047056675607
18081,136,0.0016391149847764827
18081,137,0.00143046058939776
18081,138,0.0012427965123166644
18081,139,0.0011131428838251998
18081,140,0.0009972360615900044
18081,141,0.0009358586194800018
18081,142,0.0008810137884096923
18081,143,0.0008589363343821865
18081,144,0.0008348767676815327
18081,145,0.0007856266424401637
18081,146,0.0007332939124968904
18081,147,0.000700406424072236
18081,148,0.0006620682914365343
18081,149,0.000614231430512374
18081,150,0.0005725976963149377
18081,151,0.0005350373425554102
18081,152,0.0005153491717486514
18081,153,0.0004966222402281963
18081,154,0.0004714798530049124
18081,155,0.00044955114342219086
18081,156,0.0004317379713122655
18081,157,0.00040838251994989325
18081,158,0.00036833220296448595
18081,159,0.0003466447004881387
18081,160,0.0003505511382217963
18081,161,0.0003285932579366225
18081,162,0.00029951481318165154
18081,163,0.00027340305590013096
18081,164,0.0002499532989153278
18081,165,0.00023327400251545744
18081,166,0.00021180276963546867
18081,167,0.00019356918793153472
18081,168,0.0001820653822062615
18081,169,0.00016879660427177208
18081,170,0.0001583898712360053
18081,171,0.00015169678634851025
18081,172,0.00014539126378789371
18081,173,0.00013773354094655837
18081,174,0.00013270191733389107
18081,175,0.00013277048567530042
18081,176,0.00014349829000023445
18081,177,0.00015973667989896986
18081,178,0.0001650498532897161
18081,179,0.00016043532443188457
18081,180,0.00015629274754748663
18081,181,0.00014914925954511766
18081,182,0.00014319252702336635
18081,183,0.00013502474192561567
18081,184,0.00012778949351044153
18081,185,0.00012070430692798284
18081,186,0.00011268369837268961
18081,187,0.00010530269040895222
18081,188,9.796387803132921e-05
18081,189,9.160140489632451e-05
18081,190,8.648733069047133e-05
18081,191,8.193198149433425e-05
18081,192,7.875588024865679e-05
18081,193,7.486621271378328e-05
18081,194,7.081747037271715e-05
18081,195,6.814124721791672e-05
18081,196,6.614007675591551e-05
18081,197,6.484796392481261e-05
18081,198,6.44495434898763e-05
18081,199,6.680415420565505e-05
18081,200,7.504903690144805e-05
18081,201,7.797727113684118e-05
18081,202,7.978646666890796e-05
18081,203,7.740993776532327e-05
18081,204,7.612853312977688e-05
18081,205,7.509291256969808e-05
18081,206,7.515904779741658e-05
18081,207,7.998417399232937e-05
18081,208,9.009832528160522e-05
18081,209,0.00011251719401612178
18081,210,0.00011300861850502454
18081,211,0.00010315691325916495
18081,212,9.463852060267951e-05
18081,213,8.845227994097364e-05
18081,214,8.481487860380155e-05
18081,215,7.67031671619008e-05
18115,73,0.00010978210845234234
18115,74,0.00016514148125845786
18115,75,0.00022368846435049514
18115,76,0.0002969442783615287
18115,77,0.00036871693513150814
18115,78,0.00043737478318224
18115,79,0.0005641426471972127
18115,80,0.0009025856344379948
18115,81,0.0014682363985647152
18115,82,0.0018364985653320798
18115,83,0.002029322894536732
18115,84,0.0020949237957327564
18115,85,0.002078188206262907
18115,86,0.002101708607310389
18115,87,0.0020345738370225945
18115,88,0.0019467319216862674
18115,89,0.0018620108334017282
18115,90,0.001802640035579784
18115,91,0.0017705338696203162
18115,92,0.0016606853004429824
18115,93,0.0015765829967906305
18115,94,0.0015209489270147777
18115,95,0.0014908147852881234
18115,96,0.0014760479848810282
18115,97,0.0014420554604666082
18115,98,0.0014263055671354114
18115,99,0.0014107627095313415
18115,100,0.0013896723064890817
18115,101,0.0013686031781528988
18115,102,0.0013720529571005589
18115,103,0.001438020261382856
18115,104,0.0015496018428955754
18115,105,0.001595761736954948
18115,106,0.0019556874870751816
18115,107,0.005041987298326181
18115,108,0.01314930274231393
18115,109,0.019319126584934787
18115,110,0.02533994498511597
18115,111,0.02411980749945784
18115,112,0.021416032434193096
18115,113,0.020703067985775477
18115,114,0.020675115036921567
18115,115,0.019336243037163563
18115,116,0.01751935302956438
18115,117,0.01621585573972409
18115,118,0.01520297798298808
18115,119,0.014859648467284986
18115,120,0.015424028150958094
18115,121,0.015979499306639642
18115,122,0.015665491412031097
18115,123,0.014886714324398491
18115,124,0.013780341695359764
18115,125,0.012774698346152774
18115,126,0.012180207157998462
18115,127,0.011600564300261178
18115,128,0.011399727614395332
18115,129,0.011630840312140813
18115,130,0.011562089829688723
18115,131,0.011056202008382431
18115,132,0.010617643458496742
18115,133,0.010228270690777082
18115,134,0.009989361250967409
18115,135,0.009736887970600893
18115,136,0.009712026774740201
18115,137,0.00980801007502134
18115,138,0.009833082718736922
18115,139,0.010090163197314705
18115,140,0.010073178989985481
18115,141,0.00993402780322721
18115,142,0.00988393275705961
18115,143,0.009894961479284895
18115,144,0.009472323934352003
18115,145,0.009075363553191088
18115,146,0.009257361308316026
18115,147,0.009288048777289847
18115,148,0.009351227724194524
18115,149,0.009455400256340138
18115,150,0.009340785173176623
18115,151,0.009260087192243917
18115,152,0.009093117498923265
18115,153,0.008913822421022517
18115,154,0.008601853077719919
18115,155,0.008273127976564433
18115,156,0.007850340872594138
18115,157,0.007453723095539932
18115,158,0.00719604312873029
18115,159,0.006946000127873294
18115,160,0.006769617365700064
18115,161,0.006558668582001981
18115,162,0.006357342849456528
18115,163,0.006158634735290768
18115,164,0.006011246952489168
18115,165,0.005815362609261415
18115,166,0.005646634248680727
18115,167,0.00556625023538559
18115,168,0.005546771238896377
18115,169,0.005530648362177425
18115,170,0.005519185942290946
18115,171,0.005534595154452885
18115,172,0.005389415020875759
18115,173,0.0053474186191991456
18115,174,0.005388184094344129
18115,175,0.005519024953610246
18115,176,0.0058159269505946515
18115,177,0.00609684629788314
18115,178,0.006009243839193334
18115,179,0.0057621132710529285
18115,180,0.005551569195093961
18115,181,0.005233550970035882
18115,182,0.004860326739998835
18115,183,0.004544431678449567
18115,184,0.004301223434909535
18115,185,0.004069828435803079
18115,186,0.003932843589457955
18115,187,0.0037388380460978707
18115,188,0.003557863062776142
18115,189,0.0034915733275723386
18115,190,0.003415841327143779
18115,191,0.003340917191403408
18115,192,0.003295331473843264
18115,193,0.0032647615763048104
18115,194,0.0032500758846444574
18115,195,0.0032455244893400794
18115,196,0.0030772228929714807
18115,197,0.0030671649963129946
18115,198,0.003066263342868485
18115,199,0.0031253796983826063
18115,200,0.0031911501543639125
18115,201,0.0031462733364203974
18115,202,0.003049706313922002
18115,203,0.002801399119911058
18115,204,0.002512520715269068
18115,205,0.002265903990386628
18115,206,0.0020426451856458746
18115,207,0.0019127817896645019
18115,208,0.0017924699007901227
18115,209,0.0016794430077652243
18115,210,0.0015839051052030523
18115,211,0.0014920130537914792
18115,212,0.001436632400493755
18115,213,0.0013625061256438485
18115,214,0.0013046118109264308
18115,215,0.001245533064211964
18119,73,1.6952131102926376e-05
18119,74,2.0435266835575347e-05
18119,75,2.5026561407274754e-05
18119,76,3.1807564805262905e-05
18119,77,3.892001946983628e-05
18119,78,5.021282525223935e-05
18119,79,9.50678664921964e-05
18119,80,0.00019231866564120649
18119,81,0.0002517757968693798
18119,82,0.00026531429198292655
18119,83,0.00028408366770758754
18119,84,0.00031779831927073083
18119,85,0.0003542850298797979
18119,86,0.0003763424288071975
18119,87,0.00041960037356843433
18119,88,0.0004407519979197192
18119,89,0.00045256404085567824
18119,90,0.00047434813187585727
18119,91,0.0004853098935898556
18119,92,0.00047191822743159313
18119,93,0.0004671408048759265
18119,94,0.00046958775130071027
18119,95,0.000472837951143485
18119,96,0.0004769131581190133
18119,97,0.00048161589156681177
18119,98,0.0004883166821415368
18119,99,0.0004967287248784526
18119,100,0.0005074112431837724
18119,101,0.0005259183746293295
18119,102,0.0005705209817422018
18119,103,0.0006760375414511933
18119,104,0.0009500978320118033
18119,105,0.0019084871614423462
18119,106,0.0044935475613799855
18119,107,0.008118890413062654
18119,108,0.01191801995742145
18119,109,0.016501032918764307
18119,110,0.021863133320725845
18119,111,0.022779925761634453
18119,112,0.020895837023877036
18119,113,0.01962983902928003
18119,114,0.018609396425719363
18119,115,0.0171770080003424
18119,116,0.014862463169065504
18119,117,0.014579184932966225
18119,118,0.016029952213697216
18119,119,0.016195355455035646
18119,120,0.015173203655711865
18119,121,0.013762894067533522
18119,122,0.013085148679863504
18119,123,0.012447818647645216
18119,124,0.011364872793329256
18119,125,0.01052102131661641
18119,126,0.010055608157338379
18119,127,0.009662985099061083
18119,128,0.009361052161012243
18119,129,0.009153260822117188
18119,130,0.008613508613645494
18119,131,0.00800461319735336
18119,132,0.007674821964820204
18119,133,0.007113105156890343
18119,134,0.006581609668364425
18119,135,0.006254639190495131
18119,136,0.005836362639031524
18119,137,0.005389710990973834
18119,138,0.005060260965132911
18119,139,0.004740082842803561
18119,140,0.004436043727557014
18119,141,0.00433121631172209
18119,142,0.004359564633394428
18119,143,0.004400737644691976
18119,144,0.00445510022794974
18119,145,0.004426889108033296
18119,146,0.004403088312982408
18119,147,0.004429586232352528
18119,148,0.004349065674948285
18119,149,0.0042513401141481425
18119,150,0.004152545019941666
18119,151,0.004027411479614444
18119,152,0.0040024876258337805
18119,153,0.003945832026437751
18119,154,0.003785205105130569
18119,155,0.0035855867873724376
18119,156,0.0034160025736384866
18119,157,0.0032502188211489275
18119,158,0.0030756247108155933
18119,159,0.0029132850818265423
18119,160,0.002786477487552767
18119,161,0.0026503462688556995
18119,162,0.002535431968206981
18119,163,0.0024068733526559733
18119,164,0.0022426681251242987
18119,165,0.0021363216321232683
18119,166,0.002063773815522095
18119,167,0.002010846080126546
18119,168,0.0019536007758091884
18119,169,0.001918092995215631
18119,170,0.0019046791228630828
18119,171,0.0016591342370223083
18119,172,0.0016198652683305766
18119,173,0.0016177205935474096
18119,174,0.0014388321185278944
18119,175,0.0014210063013948484
18119,176,0.0014614941081253548
18119,177,0.0015068300802436394
18119,178,0.001494306946028718
18119,179,0.001485403791542836
18119,180,0.0014903873750996503
18119,181,0.0014636700959642897
18119,182,0.0014434712822819099
18119,183,0.0014146189856381439
18119,184,0.001375944111354385
18119,185,0.0013280952567248593
18119,186,0.0012901356245957941
18119,187,0.001247068541341441
18119,188,0.001205654599114997
18119,189,0.0011831345969346174
18119,190,0.0011774179772766596
18119,191,0.0011715351408114788
18119,192,0.001028234464975171
18119,193,0.0010085585057252303
18119,194,0.001002549876659479
18119,195,0.0008753840709423437
18119,196,0.0008466374721704392
18119,197,0.0008257849248038057
18119,198,0.0007218562399456155
18119,199,0.0007149072501116615
18119,200,0.0007511062915814023
18119,201,0.0007836890286571732
18119,202,0.0007883687617709097
18119,203,0.0007678244367480932
18119,204,0.0007603108667189695
18119,205,0.0008015525027743797
18119,206,0.0008812662942322598
18119,207,0.0009394174176634614
18119,208,0.0009139407278690528
18119,209,0.0008929329602806015
18119,210,0.0008975331844942133
18119,211,0.0008643473266379491
18119,212,0.0008243599188272459
18119,213,0.0007899430425827329
18119,214,0.0007662518111625056
18119,215,0.0007473822927699962
39001,73,8.075335150958963e-05
39001,74,0.00010396576159613529
39001,75,0.0001217456292376723
39001,76,0.00013772416936011104
39001,77,0.00014873586886292894
39001,78,0.0001668893096790794
39001,79,0.00019415996129703555
39001,80,0.0002639318119697446
39001,81,0.00035841259209488436
39001,82,0.00041080274715701675
39001,83,0.00041857115129929857
39001,84,0.00043370432593348623
39001,85,0.0004657136845122134
39001,86,0.0005253625337456242
39001,87,0.0005465287332076825
39001,88,0.0005661464579777949
39001,89,0.0006308633183386883
39001,90,0.0007651572323397172
39001,91,0.0007827213301641426
39001,92,0.0007512366856318685
39001,93,0.0007601863013385928
39001,94,0.0007813851573487673
39001,95,0.0008077540493442672
39001,96,0.0008164939368490663
39001,97,0.000739749173411149
39001,98,0.0007422327813771536
39001,99,0.0007558379906569142
39001,100,0.0007374683832709144
39001,101,0.0007367485892068423
39001,102,0.0007130283392770582
39001,103,0.0007372793861121427
39001,104,0.0007534931097961774
39001,105,0.0008099761915011494
39001,106,0.0009226699748445596
39001,107,0.0012005204551381215
39001,108,0.001928233428060759
39001,109,0.0032718718547563408
39001,110,0.00478346686654907
39001,111,0.005853018925613782
39001,112,0.00610387602290173
39001,113,0.0061272342826190675
39001,114,0.006394444594259689
39001,115,0.006375632551258477
39001,116,0.006233938028473861
39001,117,0.006101809309702383
39001,118,0.005858281391200317
39001,119,0.005584471846793731
39001,120,0.005231730810694764
39001,121,0.005150154684021945
39001,122,0.005334912888283166
39001,123,0.0055015356070324045
39001,124,0.00573138459930626
39001,125,0.006039677890712553
39001,126,0.0065450443307851075
39001,127,0.006957957342438738
39001,128,0.007407713310377424
39001,129,0.007353816524255707
39001,130,0.007070663261413852
39001,131,0.007071189342715775
39001,132,0.007189608569585684
39001,133,0.007049333520058718
39001,134,0.006748674140582804
39001,135,0.006475866455451219
39001,136,0.006297006555236219
39001,137,0.006338608830800241
39001,138,0.006440239714749372
39001,139,0.006488158193287748
39001,140,0.006271372015353844
39001,141,0.0060803619826809525
39001,142,0.00588192353943413
39001,143,0.005716397966157423
39001,144,0.0056960904571654696
39001,145,0.005688449864933416
39001,146,0.005629335140346373
39001,147,0.0056111047342693905
39001,148,0.005683192404550532
39001,149,0.005803278682264986
39001,150,0.005916166501261922
39001,151,0.00608853090596789
39001,152,0.006232658128404302
39001,153,0.006292821590701881
39001,154,0.00624531594008291
39001,155,0.0061764405169999655
39001,156,0.006116207510429085
39001,157,0.005947007487152679
39001,158,0.0056372835152387
39001,159,0.005360838528868387
39001,160,0.005124388379959009
39001,161,0.0048472597646427576
39001,162,0.004560002527944566
39001,163,0.004268522978044642
39001,164,0.003969549949107781
39001,165,0.003708200511778219
39001,166,0.0035219098072091053
39001,167,0.003344552773123921
39001,168,0.003222564621748612
39001,169,0.0031192899399606483
39001,170,0.0030141295216645214
39001,171,0.0029662372982263746
39001,172,0.002944349213265667
39001,173,0.0028245092157674675
39001,174,0.002810285205666748
39001,175,0.0028625565250538173
39001,176,0.002877604692345363
39001,177,0.0028935065409526027
39001,178,0.002837165931026666
39001,179,0.0028049121165323538
39001,180,0.00269641719876063
39001,181,0.002538727787079123
39001,182,0.0023891309592702116
39001,183,0.0022481945098945313
39001,184,0.0021190814650810285
39001,185,0.0019899848172029045
39001,186,0.0018889630573387373
39001,187,0.0018085669730534104
39001,188,0.0016933467734892595
39001,189,0.001616782525345965
39001,190,0.0015469623529446898
39001,191,0.0014770467690984465
39001,192,0.0014454247837744638
39001,193,0.0014335105890550016
39001,194,0.0014264352227480797
39001,195,0.0013726948634195351
39001,196,0.0013492105726840196
39001,197,0.0013386537340600694
39001,198,0.0013283303374736967
39001,199,0.0013436396007604652
39001,200,0.0014137395228416196
39001,201,0.0014680374457523837
39001,202,0.0014505035848398078
39001,203,0.0014088810024437829
39001,204,0.001400259410496583
39001,205,0.001329479497758489
39001,206,0.0012507363853770611
39001,207,0.0012111711342399749
39001,208,0.0011272647509126099
39001,209,0.0010248670600111792
39001,210,0.0009768642454366816
39001,211,0.0008951175871591537
39001,212,0.0008322516458382585
39001,213,0.0008032236064768417
39001,214,0.0007590058396814528
39001,215,0.0007231845682466563
39003,73,0.037252011797512335
39003,74,0.03444393590716206
39003,75,0.033110087418594496
39003,76,0.031905468488323895
39003,77,0.030875663291740102
39003,78,0.029263493867804424
39003,79,0.028009630557760883
39003,80,0.027077643757979566
39003,81,0.026153068634528376
39003,82,0.024487640478866916
39003,83,0.02269666717555452
39003,84,0.02027133588358163
39003,85,0.018167320338186434
39003,86,0.016249704019055063
39003,87,0.014691837091096047
39003,88,0.013235436532888778
39003,89,0.011920123809924318
39003,90,0.010683790916639539
39003,91,0.009425185711441781
39003,92,0.00778626743007816
39003,93,0.006831151494953172
39003,94,0.006182327876215092
39003,95,0.00556574202275931
39003,96,0.0050963301822127514
39003,97,0.00466542318776514
39003,98,0.0043391145087983566
39003,99,0.004127700100963201
39003,100,0.003947156775135274
39003,101,0.0037816263834651543
39003,102,0.003662619703609997
39003,103,0.003494517146985173
39003,104,0.0033403221861206525
39003,105,0.0032373912448888853
39003,106,0.0030982758386271445
39003,107,0.0031074489419555457
39003,108,0.0033741533076873304
39003,109,0.00408668396386165
39003,110,0.005374342429454374
39003,111,0.00598770382212703
39003,112,0.006031230365569651
39003,113,0.0059055578578041616
39003,114,0.0058481659046073645
39003,115,0.005658118570761097
39003,116,0.005169358236842699
39003,117,0.004697245483069855
39003,118,0.004460155774441212
39003,119,0.00421599451719651
39003,120,0.003921263562544155
39003,121,0.0039043549544030987
39003,122,0.004006891763428798
39003,123,0.003993844529703345
39003,124,0.003938484021568885
39003,125,0.0038514339839221794
39003,126,0.003751077244414258
39003,127,0.0037410246035737334
39003,128,0.003874987811538605
39003,129,0.003800494693477421
39003,130,0.0035597133244787654
39003,131,0.003337909791158199
39003,132,0.0031558590792672065
39003,133,0.0029344423480126905
39003,134,0.002701654650542959
39003,135,0.0024731464721202616
39003,136,0.002239367912521983
39003,137,0.0020196429412342835
39003,138,0.0018223645212233769
39003,139,0.0016195726377534465
39003,140,0.0014253633095877784
39003,141,0.0012648428475146227
39003,142,0.00114097186147931
39003,143,0.0010185870044789299
39003,144,0.0009138990966690896
39003,145,0.0008231996508569158
39003,146,0.0007438329728226962
39003,147,0.000686383872679088
39003,148,0.0006376800085402055
39003,149,0.0006064296091189609
39003,150,0.00058128506664946
39003,151,0.0005598589206084353
39003,152,0.0005450620141261649
39003,153,0.0005545645102860728
39003,154,0.0005225407788692098
39003,155,0.0004923716947305611
39003,156,0.00045937400185406765
39003,157,0.00043064042843070637
39003,158,0.0003976232231053622
39003,159,0.00034905633184990453
39003,160,0.0003047117750731946
39003,161,0.0002683720969127573
39003,162,0.00023236766640087405
39003,163,0.00020618037521781258
39003,164,0.0001779837234311513
39003,165,0.00015271821256300294
39003,166,0.00013434150699132697
39003,167,0.00011971569074417909
39003,168,0.00010766583224862046
39003,169,9.487682503361547e-05
39003,170,8.439956336148915e-05
39003,171,7.97019944077405e-05
39003,172,7.519985416707515e-05
39003,173,6.977915435354482e-05
39003,174,6.407915101815552e-05
39003,175,6.283677292615859e-05
39003,176,6.602993807588054e-05
39003,177,7.920867160227468e-05
39003,178,9.11057052437593e-05
39003,179,0.00010325294986816169
39003,180,0.00010558560966234368
39003,181,0.0001072657681377612
39003,182,0.00011950905764923553
39003,183,0.00012976457739864416
39003,184,0.00013146745163384888
39003,185,0.0001301030914768919
39003,186,0.0001259168392653694
39003,187,0.0001147382827543826
39003,188,0.00010080059102181556
39003,189,9.085459200331735e-05
39003,190,8.276982877781819e-05
39003,191,7.528688932220352e-05
39003,192,6.677935883114499e-05
39003,193,5.953459450374092e-05
39003,194,5.3920307598534255e-05
39003,195,5.13787605385726e-05
39003,196,4.867787603346672e-05
39003,197,4.972476650013564e-05
39003,198,4.862895947978219e-05
39003,199,5.0809181104878355e-05
39003,200,6.249818555132634e-05
39003,201,7.912209856887049e-05
39003,202,9.376160361957523e-05
39003,203,0.00010158723398776463
39003,204,0.00011761660411134601
39003,205,0.00011684721650772889
39003,206,0.00011870960596780042
39003,207,0.00012728954309032184
39003,208,0.00012062460124855079
39003,209,0.00011379150584149197
39003,210,0.00010512568121434895
39003,211,9.757266956634004e-05
39003,212,9.42810206267365e-05
39003,213,9.721173663823911e-05
39003,214,9.677688016827683e-05
39003,215,9.378219909281685e-05
39005,73,0.13327788361226298
39005,74,0.11774100846133728
39005,75,0.10719402909596408
39005,76,0.10285632417061612
39005,77,0.09744098725682297
39005,78,0.09104106995751225
39005,79,0.08511885357230244
39005,80,0.08128514623982604
39005,81,0.07820928039154282
39005,82,0.07393017684620533
39005,83,0.07005091319589477
39005,84,0.06662641558414596
39005,85,0.06228505011431149
39005,86,0.058977925867087264
39005,87,0.05529018164796944
39005,88,0.0512326257982781
39005,89,0.04788102421819093
39005,90,0.04477249304868886
39005,91,0.04086087356158428
39005,92,0.0346582769614557
39005,93,0.031739212354520686
39005,94,0.029677441911718398
39005,95,0.027574479860867803
39005,96,0.02575762622353739
39005,97,0.0240038251108824
39005,98,0.022768196356601978
39005,99,0.02185639191136141
39005,100,0.021018883379711275
39005,101,0.020417071373103474
39005,102,0.019933444514821614
39005,103,0.01953848354972881
39005,104,0.019089126237891968
39005,105,0.018465569650265003
39005,106,0.017652753518900593
39005,107,0.016702252883460944
39005,108,0.016195695118620602
39005,109,0.016231749735490002
39005,110,0.01665855794518543
39005,111,0.016331789774539324
39005,112,0.01602994901799646
39005,113,0.015650079899993778
39005,114,0.014986053579117559
39005,115,0.013771100649885853
39005,116,0.012534999282090576
39005,117,0.011876282169699768
39005,118,0.011399386916596588
39005,119,0.01094123166491056
39005,120,0.010852260297603297
39005,121,0.011128867825738777
39005,122,0.011494091198490446
39005,123,0.01287739247055176
39005,124,0.01370934244750759
39005,125,0.015637164773291818
39005,126,0.015042509372055923
39005,127,0.014069788208396623
39005,128,0.013455018533739193
39005,129,0.012736691609056681
39005,130,0.012255259249941117
39005,131,0.011273784655184393
39005,132,0.010274751455789315
39005,133,0.00901207392882524
39005,134,0.007897977056972606
39005,135,0.006897700166331212
39005,136,0.005961231775679251
39005,137,0.005151866667790582
39005,138,0.004377904022029591
39005,139,0.003818913093212432
39005,140,0.0033775899405865937
39005,141,0.0031519784637469754
39005,142,0.002985508290548633
39005,143,0.00277627139999434
39005,144,0.002665761560310022
39005,145,0.002568365367738867
39005,146,0.0025160826945493544
39005,147,0.0024871261900988326
39005,148,0.0024383581140326772
39005,149,0.0024140309155532154
39005,150,0.002411775494397112
39005,151,0.002437020266409439
39005,152,0.002480154733181529
39005,153,0.0024645628700448886
39005,154,0.002407279556337068
39005,155,0.0022711724596058487
39005,156,0.0021384094107161555
39005,157,0.0020550286277681317
39005,158,0.0019562403496097024
39005,159,0.0018320719914783573
39005,160,0.0016417759031646432
39005,161,0.0014742060501033048
39005,162,0.0013627231211509935
39005,163,0.0012062983723404622
39005,164,0.0010793723572357138
39005,165,0.0009914324064367306
39005,166,0.0009297922070864703
39005,167,0.0008873160653738765
39005,168,0.0008499498103700569
39005,169,0.0008087429087418255
39005,170,0.0007678100634673044
39005,171,0.000736705678166225
39005,172,0.0007122823933468064
39005,173,0.0006890699607422107
39005,174,0.0006771175854408968
39005,175,0.0006749000420792162
39005,176,0.0006851686881582065
39005,177,0.0007047622764967175
39005,178,0.0007106570842687561
39005,179,0.0006920796453441381
39005,180,0.0006774689915255728
39005,181,0.0006570583114001603
39005,182,0.0006432136402925142
39005,183,0.0006133274907796275
39005,184,0.000580813066031911
39005,185,0.000558977975382483
39005,186,0.000555205440908347
39005,187,0.0005056824275874706
39005,188,0.00045694008852375487
39005,189,0.0004268947141933952
39005,190,0.0004040194237035737
39005,191,0.00038623030260650826
39005,192,0.00037650574651697564
39005,193,0.00037043426030891884
39005,194,0.00036897005704879997
39005,195,0.00036923621495421393
39005,196,0.00037255526706441306
39005,197,0.00038297670793229475
39005,198,0.00038290331833065185
39005,199,0.00039663664764234943
39005,200,0.0004011489298208806
39005,201,0.00042547350633343194
39005,202,0.00044418326895149244
39005,203,0.0004518822600376435
39005,204,0.00045421919462422663
39005,205,0.0004467512905552931
39005,206,0.0004318924078238036
39005,207,0.0004033345056861771
39005,208,0.000381126495603717
39005,209,0.00035705741912533793
39005,210,0.00032867737701048136
39005,211,0.0003051524726086887
39005,212,0.0002837013347973993
39005,213,0.0002555538529763942
39005,214,0.00023621927066726854
39005,215,0.00022862211850668775
39007,73,0.042113855095636435
39007,74,0.042116317020632565
39007,75,0.041838059869928834
39007,76,0.040749930292513406
39007,77,0.0396236025828069
39007,78,0.03859350041871872
39007,79,0.03681359441777516
39007,80,0.03514100830217317
39007,81,0.033893364824606094
39007,82,0.03185485598926723
39007,83,0.02978263919067306
39007,84,0.02780846152763524
39007,85,0.025703037160213438
39007,86,0.023647486647567762
39007,87,0.021012468921796305
39007,88,0.018686991039224027
39007,89,0.01692445584251715
39007,90,0.015161375211527117
39007,91,0.013329075515638299
39007,92,0.011584906471740843
39007,93,0.010585550681341198
39007,94,0.009761593946180633
39007,95,0.008879196612695983
39007,96,0.008333931267463703
39007,97,0.007901790978208817
39007,98,0.007629692323278123
39007,99,0.007504317560277913
39007,100,0.007391784338041582
39007,101,0.007352709407318125
39007,102,0.0073622683660299155
39007,103,0.007383405551637215
39007,104,0.0074491507556372575
39007,105,0.007365432708372435
39007,106,0.007131191401944137
39007,107,0.006849797163071597
39007,108,0.00658191741727167
39007,109,0.006459779471233713
39007,110,0.00679128198723822
39007,111,0.007919124640674192
39007,112,0.010139893157558333
39007,113,0.010957655422698477
39007,114,0.011789278159375872
39007,115,0.012206972940183778
39007,116,0.013141490861954272
39007,117,0.014259213682579493
39007,118,0.015052759807967124
39007,119,0.01531269118324768
39007,120,0.015073177211676376
39007,121,0.014251712145643348
39007,122,0.013253533343231289
39007,123,0.01250609481914563
39007,124,0.011918836098187963
39007,125,0.011331679068090308
39007,126,0.010846367490946161
39007,127,0.011124112206045268
39007,128,0.01124329491280842
39007,129,0.010714702010876237
39007,130,0.00960058005357095
39007,131,0.008573973800271566
39007,132,0.007798601724985491
39007,133,0.00708481297299252
39007,134,0.006186618399787474
39007,135,0.005206699525148613
39007,136,0.004462350072747599
39007,137,0.0038917709516013465
39007,138,0.003471436525034858
39007,139,0.0032026069346580937
39007,140,0.0031099001625197855
39007,141,0.0030409243756102083
39007,142,0.0030499833301588486
39007,143,0.0030635376953525536
39007,144,0.003114226466202352
39007,145,0.003175442402314514
39007,146,0.0033338173018986504
39007,147,0.003453691816281983
39007,148,0.003458991333145067
39007,149,0.003434155357984885
39007,150,0.0034327298485656034
39007,151,0.003420005588462343
39007,152,0.0034050324332628684
39007,153,0.003402582310717323
39007,154,0.0033302733114139544
39007,155,0.0031955009551102712
39007,156,0.0030478271771537564
39007,157,0.0028600245860291597
39007,158,0.002655985857379067
39007,159,0.0024762214747800185
39007,160,0.002304115505498472
39007,161,0.0021772256756115195
39007,162,0.0020088190265946317
39007,163,0.0018101760269705618
39007,164,0.0016702290709449583
39007,165,0.0015886041310599667
39007,166,0.0015384742891356796
39007,167,0.0015233747981665022
39007,168,0.0015889973437351683
39007,169,0.0015073013505460889
39007,170,0.0015101436254807744
39007,171,0.0015594104888769578
39007,172,0.0015848252061765836
39007,173,0.001623277211576492
39007,174,0.0016103586242361516
39007,175,0.0017147931909592246
39007,176,0.0018720923506518681
39007,177,0.0020949798844040503
39007,178,0.002329999335120417
39007,179,0.0024339601835388766
39007,180,0.0024066417542257723
39007,181,0.002357960841942914
39007,182,0.0022809444197579016
39007,183,0.002182261647560825
39007,184,0.002061980903488187
39007,185,0.0019275916662148645
39007,186,0.0017920671383886608
39007,187,0.0016664703339080312
39007,188,0.001551005463002434
39007,189,0.0014758477952905827
39007,190,0.0014107042412693756
39007,191,0.001365246450190021
39007,192,0.0013481905101217458
39007,193,0.00132109091558794
39007,194,0.0013151631975603846
39007,195,0.0013362209409283413
39007,196,0.0013489757743008525
39007,197,0.0013703967614828699
39007,198,0.0013715388271460472
39007,199,0.001441641406796973
39007,200,0.001550012812023258
39007,201,0.0016510978653080121
39007,202,0.0016474060915181313
39007,203,0.0016273751959914996
39007,204,0.0015916900584232129
39007,205,0.0015816842598173012
39007,206,0.001539455579556291
39007,207,0.0015200240321182113
39007,208,0.0014602126801984028
39007,209,0.0013813466820442708
39007,210,0.0013584710340055726
39007,211,0.0013504586640507405
39007,212,0.0012355726956919965
39007,213,0.0011602565409057442
39007,214,0.00113741550035531
39007,215,0.0011744630946437101
39009,73,0.006125457765806772
39009,74,0.003718805804764226
39009,75,0.003440991166803723
39009,76,0.00322890384918118
39009,77,0.0031377858484085788
39009,78,0.003071954868313837
39009,79,0.0029705234607578417
39009,80,0.0028434965834815227
39009,81,0.002728876064872726
39009,82,0.002536918177009748
39009,83,0.0023692585701026187
39009,84,0.0022206743428976254
39009,85,0.0020633785526609247
39009,86,0.0019257109460287278
39009,87,0.0018085822441960063
39009,88,0.0017192565473623735
39009,89,0.0016176112758580544
39009,90,0.001494892714737622
39009,91,0.0013872571559583593
39009,92,0.0012592531117778735
39009,93,0.001167198206984899
39009,94,0.0011227026329303311
39009,95,0.0010804338771267087
39009,96,0.001051116747597601
39009,97,0.0010260378462824031
39009,98,0.0010191931474475462
39009,99,0.001020688887302702
39009,100,0.0010166708848940004
39009,101,0.0010225528068981186
39009,102,0.0010534560016264868
39009,103,0.0010919452759859704
39009,104,0.001086607425162946
39009,105,0.0010946724054296346
39009,106,0.0010663170086234143
39009,107,0.0010741884494867785
39009,108,0.0011249093773733636
39009,109,0.001325666894387274
39009,110,0.001526392554012876
39009,111,0.0016360574698378123
39009,112,0.002014800562357423
39009,113,0.002620745462723842
39009,114,0.002937740887545303
39009,115,0.00282646641660348
39009,116,0.0026914083273525155
39009,117,0.0026654259281547856
39009,118,0.0025513478397161658
39009,119,0.0024980562402783257
39009,120,0.0024066503942674526
39009,121,0.0022730689053746503
39009,122,0.0021869628866665563
39009,123,0.0021178839966211897
39009,124,0.0023457403925685005
39009,125,0.003331948516023043
39009,126,0.0036648519128839145
39009,127,0.0036013751356939994
39009,128,0.003791867841014642
39009,129,0.004179735312159426
39009,130,0.004333506870670618
39009,131,0.004111176237355168
39009,132,0.003824703874896379
39009,133,0.0035783231212509724
39009,134,0.003380473093572953
39009,135,0.0031590317831661193
39009,136,0.003029165087925684
39009,137,0.003114025941269986
39009,138,0.003753095895160459
39009,139,0.0038230908687209575
39009,140,0.003490697470595546
39009,141,0.003392285808283307
39009,142,0.0033518780692000055
39009,143,0.003268598706538153
39009,144,0.003173705033643025
39009,145,0.003036006766824472
39009,146,0.002931957663416087
39009,147,0.00288322468034889
39009,148,0.002802655418676887
39009,149,0.0027518807355417477
39009,150,0.002736143960679248
39009,151,0.0027396080024994726
39009,152,0.002773537642817242
39009,153,0.0027401257730416046
39009,154,0.00269860589055436
39009,155,0.0025766444014770776
39009,156,0.0024448788782753528
39009,157,0.0023134813581958407
39009,158,0.0021616127728906363
39009,159,0.002001752581043371
39009,160,0.0018358209657316376
39009,161,0.0016831396279207264
39009,162,0.001564791726210696
39009,163,0.0014053526490135685
39009,164,0.0012562800691633944
39009,165,0.0011620323274742924
39009,166,0.0010986234538743044
39009,167,0.00104268718675945
39009,168,0.0009965767039582442
39009,169,0.0009568563622214421
39009,170,0.0009358552299318963
39009,171,0.0009317456239711999
39009,172,0.0009248703205234479
39009,173,0.0009221222760122798
39009,174,0.0009299435867493591
39009,175,0.0009151509045933119
39009,176,0.0009461887858535101
39009,177,0.0010469369830965556
39009,178,0.0010842255234472218
39009,179,0.0010515416928321291
39009,180,0.0010158833333891138
39009,181,0.0009858609632041517
39009,182,0.0009516716127079824
39009,183,0.0009070637708580834
39009,184,0.0008607157816466134
39009,185,0.0008139792927912779
39009,186,0.0007682756100244075
39009,187,0.0007257716859579157
39009,188,0.0006812969429015492
39009,189,0.0006422219004882078
39009,190,0.0006079988649297167
39009,191,0.0005865767295548616
39009,192,0.0005699985716388975
39009,193,0.0005564997367602346
39009,194,0.0005496599116127242
39009,195,0.0005455819207096675
39009,196,0.0005450070408849231
39009,197,0.0005482107391601971
39009,198,0.0005213765660952018
39009,199,0.0005319962877094644
39009,200,0.0005969696801754046
39009,201,0.0007077112953320494
39009,202,0.000724192827702758
39009,203,0.0007119900485533459
39009,204,0.0006848475340154075
39009,205,0.0006582752658941863
39009,206,0.0006337487128573824
39009,207,0.0006031740720783895
39009,208,0.0005695485204229044
39009,209,0.000526871126048479
39009,210,0.0005009577627768035
39009,211,0.000462399606135204
39009,212,0.0004340639694608205
39009,213,0.00041503114758295503
39009,214,0.00038279364035584895
39009,215,0.0003597511969247235
39011,73,0.03960704350667596
39011,74,0.03735972288170206
39011,75,0.03609256551326652
39011,76,0.0350448823752531
39011,77,0.0340334905345222
39011,78,0.03250666590496594
39011,79,0.030606222619211535
39011,80,0.029453512072220894
39011,81,0.028563119190283513
39011,82,0.02668569457880983
39011,83,0.024655439729358877
39011,84,0.022938005188271007
39011,85,0.02144311046330497
39011,86,0.019932390414279064
39011,87,0.018685334251386927
39011,88,0.017557129766439413
39011,89,0.016517109056560602
39011,90,0.015074739351145634
39011,91,0.01353930188350777
39011,92,0.011567271501634464
39011,93,0.010473319952105778
39011,94,0.00980941578521225
39011,95,0.009154305058743518
39011,96,0.008624683885907326
39011,97,0.008175033899112148
39011,98,0.007961987679156181
39011,99,0.007861877446505175
39011,100,0.0077855118641357544
39011,101,0.007682693680355995
39011,102,0.007627506039333603
39011,103,0.007502898175649377
39011,104,0.007384547916826859
39011,105,0.0071898732773272404
39011,106,0.006801210051978381
39011,107,0.006698432913082655
39011,108,0.007286610836307887
39011,109,0.008527595800174944
39011,110,0.009328120466809812
39011,111,0.00932027487023937
39011,112,0.009257814843436983
39011,113,0.009292532180610857
39011,114,0.008957163971410288
39011,115,0.008251739238688587
39011,116,0.007552194052839165
39011,117,0.006988950533802355
39011,118,0.006629839260393269
39011,119,0.0062889112935940305
39011,120,0.006086748464822662
39011,121,0.006562911123160502
39011,122,0.007045762263649511
39011,123,0.007612492055597685
39011,124,0.007647303482505149
39011,125,0.00755621324754415
39011,126,0.007455575701100014
39011,127,0.007326050905778973
39011,128,0.007113101994047902
39011,129,0.006663470465165071
39011,130,0.006390873388893815
39011,131,0.006040142572045894
39011,132,0.0057585103013159545
39011,133,0.005437947579265671
39011,134,0.005037343283229347
39011,135,0.00465423861796689
39011,136,0.004271340161872169
39011,137,0.004002225375169211
39011,138,0.0037492283842442448
39011,139,0.0034547997969639897
39011,140,0.0031482681487081865
39011,141,0.0028968176296806348
39011,142,0.002672121524516224
39011,143,0.0025335752715854674
39011,144,0.0024926794518137056
39011,145,0.0024467199978979908
39011,146,0.0023857182631978006
39011,147,0.0023364013735901364
39011,148,0.002303337499164477
39011,149,0.002279068847012714
39011,150,0.002232550902773598
39011,151,0.002216878403001247
39011,152,0.002284638581793447
39011,153,0.0023559400949442885
39011,154,0.002266539941082372
39011,155,0.002159550618404101
39011,156,0.002068622918716996
39011,157,0.0020124316780889477
39011,158,0.0019381608114876394
39011,159,0.0017747840054071515
39011,160,0.0015906690556755588
39011,161,0.0014441080009697288
39011,162,0.001282955927993179
39011,163,0.0011318251099728728
39011,164,0.0009999435628648215
39011,165,0.0009040106845317643
39011,166,0.0008458577388371088
39011,167,0.0007824035980021706
39011,168,0.0007270864005417967
39011,169,0.0006880017038285407
39011,170,0.000638573034890051
39011,171,0.0006101683286053092
39011,172,0.000587520080822953
39011,173,0.0005640278439434959
39011,174,0.0005397571309018889
39011,175,0.0005228388566246003
39011,176,0.000518522888078258
39011,177,0.0005510018277224036
39011,178,0.0006793935768599156
39011,179,0.0007242936442801994
39011,180,0.0006759616073873178
39011,181,0.0006503117874841803
39011,182,0.000635132659727472
39011,183,0.0006161979201845553
39011,184,0.0005932713270633504
39011,185,0.0005801084462034249
39011,186,0.0005644948281289863
39011,187,0.0005328985434872491
39011,188,0.0004910316865575836
39011,189,0.00047986222301566264
39011,190,0.0004745711148993915
39011,191,0.00046431613145034013
39011,192,0.0004553349318203225
39011,193,0.0004460238691366802
39011,194,0.000443568475567575
39011,195,0.00044495069714235545
39011,196,0.0004473444754223706
39011,197,0.0004614602808873691
39011,198,0.0004959271962358575
39011,199,0.0005288985126403247
39011,200,0.0005606810878824766
39011,201,0.0005652035035145367
39011,202,0.0005652442817335917
39011,203,0.000573684205340471
39011,204,0.0005958729463882252
39011,205,0.000554479287571705
39011,206,0.0005212214306945734
39011,207,0.0005130054075963958
39011,208,0.000501191141727156
39011,209,0.0004903129014143456
39011,210,0.0004529563194401972
39011,211,0.00041276218105248627
39011,212,0.0003917778828656121
39011,213,0.00036793620922557433
39011,214,0.000344791780092348
39011,215,0.0003221661417688519
39013,73,0.13024961213805425
39013,74,0.1271466176514811
39013,75,0.12432779378924935
39013,76,0.12172000246737766
39013,77,0.11906005765521376
39013,78,0.11778222168113531
39013,79,0.11671631931322833
39013,80,0.11496433388338284
39013,81,0.11044477472661128
39013,82,0.10429818758236892
39013,83,0.09851827565309315
39013,84,0.09254205750369747
39013,85,0.08571092024564898
39013,86,0.079163627646272
39013,87,0.07303852370093686
39013,88,0.06723409552128046
39013,89,0.0613887788790828
39013,90,0.055904368855454765
39013,91,0.05053631945727938
39013,92,0.04322377295563747
39013,93,0.03903822693188514
39013,94,0.03643639110193753
39013,95,0.034143762889833194
39013,96,0.03255150205575161
39013,97,0.03112876193882233
39013,98,0.030286680685084114
39013,99,0.029840514089028145
39013,100,0.0295492839922319
39013,101,0.029291767866509198
39013,102,0.02897784917658349
39013,103,0.028626505053542695
39013,104,0.02816089331399779
39013,105,0.027223431604666625
39013,106,0.02546555114916382
39013,107,0.02365884658108136
39013,108,0.022079832950261065
39013,109,0.020399112748406428
39013,110,0.018881666474113965
39013,111,0.01722925990791967
39013,112,0.015668724289389934
39013,113,0.01488851000388908
39013,114,0.014309388074967054
39013,115,0.01285553338969251
39013,116,0.011593782970418416
39013,117,0.010877146035092407
39013,118,0.010232116070320636
39013,119,0.009647039948736965
39013,120,0.009319285018755157
39013,121,0.008961457321766115
39013,122,0.00851999414962388
39013,123,0.00824210059805164
39013,124,0.008029748646709446
39013,125,0.007940213326495544
39013,126,0.008129988711257781
39013,127,0.008637516507408948
39013,128,0.008691598946028292
39013,129,0.008434404455233562
39013,130,0.008005766511676669
39013,131,0.007814715181638874
39013,132,0.0073339040338015835
39013,133,0.006636451129676115
39013,134,0.0059941440629829755
39013,135,0.005328241547307343
39013,136,0.004858019054440807
39013,137,0.00451446763929471
39013,138,0.004301617449809342
39013,139,0.004183323582242466
39013,140,0.004057848959026497
39013,141,0.003935943708184755
39013,142,0.0038489388817259554
39013,143,0.0037629226438117137
39013,144,0.0037240903367770444
39013,145,0.0036784965244438233
39013,146,0.0036671696631482295
39013,147,0.0036857904335349774
39013,148,0.003625876761854585
39013,149,0.0036213760102931053
39013,150,0.0036745976237766535
39013,151,0.0037690646927607666
39013,152,0.0037268235141920208
39013,153,0.0036739554672026112
39013,154,0.00359617811869996
39013,155,0.0034507453719440696
39013,156,0.0032698251014211237
39013,157,0.0030283798768304285
39013,158,0.002757157966674182
39013,159,0.0025126641917506153
39013,160,0.0022766962666866536
39013,161,0.0020638937212730988
39013,162,0.0018704113108441796
39013,163,0.0016502200764942113
39013,164,0.0014794626255726926
39013,165,0.0013523654466822592
39013,166,0.0012837756387168845
39013,167,0.001236585968498399
39013,168,0.0011988802007001239
39013,169,0.0011791097453273118
39013,170,0.0011654470127338906
39013,171,0.0011735855451008434
39013,172,0.0011810875046592566
39013,173,0.001183614235408291
39013,174,0.001181020637008728
39013,175,0.001201891970480767
39013,176,0.001268574341681179
39013,177,0.0013786287274378229
39013,178,0.0015483064676852442
39013,179,0.0016973446961735974
39013,180,0.0017318625340634493
39013,181,0.001619187169339099
39013,182,0.001543930329766548
39013,183,0.0014473413374993882
39013,184,0.0013427942349844826
39013,185,0.0012483491807959623
39013,186,0.001156087157893188
39013,187,0.001047158178901728
39013,188,0.0009482472410086575
39013,189,0.0008741782194088021
39013,190,0.0008233916324860061
39013,191,0.0007934276795863071
39013,192,0.0007689593853451349
39013,193,0.0007532828917924448
39013,194,0.0007491305935025835
39013,195,0.0007461820185318451
39013,196,0.0007276405922415462
39013,197,0.0007170690784557282
39013,198,0.00073047362972884
39013,199,0.0007617432245443244
39013,200,0.0008148813775682006
39013,201,0.0008706461135920589
39013,202,0.0008631623247498938
39013,203,0.0008389464169256944
39013,204,0.0008212773040223229
39013,205,0.000769282922099524
39013,206,0.0006975912304971805
39013,207,0.0006310665735119662
39013,208,0.0005774428064307812
39013,209,0.0005271316520963762
39013,210,0.0004849006397949902
39013,211,0.000438287304305483
39013,212,0.00039556167589830326
39013,213,0.0003650126828203004
39013,214,0.0003430643086038062
39013,215,0.00032104240897636016
39015,73,0.0005135166329664326
39015,74,0.0005103037359076644
39015,75,0.0005092426928779009
39015,76,0.0005059688783103372
39015,77,0.0004935961534861765
39015,78,0.0004990506255883008
39015,79,0.0005189431866193611
39015,80,0.0005520056580554734
39015,81,0.0006110726527451107
39015,82,0.0006237280065243707
39015,83,0.0006083106251672469
39015,84,0.0006031967409420441
39015,85,0.0006033237420928357
39015,86,0.0005986395070655732
39015,87,0.0005906194842930042
39015,88,0.0005831256815210004
39015,89,0.0005774855875461021
39015,90,0.0005831015533858947
39015,91,0.0005475318893561829
39015,92,0.0004971185649937047
39015,93,0.0004737635994109525
39015,94,0.0004599421075572846
39015,95,0.0004492515548194847
39015,96,0.0004384353488918234
39015,97,0.00043080888971595626
39015,98,0.00042338019951176735
39015,99,0.00041598539953583146
39015,100,0.0004114399665830129
39015,101,0.0004048227082636926
39015,102,0.0004032610807439991
39015,103,0.0004077755716050347
39015,104,0.0004157789356555141
39015,105,0.0004271012983347787
39015,106,0.0004720648074758305
39015,107,0.0006798791778028464
39015,108,0.0011690874038787083
39015,109,0.0018928782605825425
39015,110,0.0035332637735980494
39015,111,0.005754444982720325
39015,112,0.00726173541240658
39015,113,0.00729253158010166
39015,114,0.006976258310306553
39015,115,0.006739991670070424
39015,116,0.006361114472760614
39015,117,0.006029189291400479
39015,118,0.005530725700678763
39015,119,0.005101151039197611
39015,120,0.004790918252324361
39015,121,0.004703127719163331
39015,122,0.004881128996515657
39015,123,0.004877967868288272
39015,124,0.005120075803415151
39015,125,0.005401371105582927
39015,126,0.005614196015112008
39015,127,0.005685898971752789
39015,128,0.00582368792712459
39015,129,0.005550616618293356
39015,130,0.005373420042145042
39015,131,0.005325823630710972
39015,132,0.005113659673340896
39015,133,0.004830348092346404
39015,134,0.004561386678280371
39015,135,0.0043332645437217324
39015,136,0.004086014805059336
39015,137,0.0039273981448831015
39015,138,0.0037605135277319905
39015,139,0.003512741403975197
39015,140,0.0031666599575231203
39015,141,0.0029492671001998066
39015,142,0.0028151433573704743
39015,143,0.0026716705957386014
39015,144,0.0025706130008675194
39015,145,0.0024683381231210217
39015,146,0.00239159460808377
39015,147,0.0023786349669286037
39015,148,0.002404309448301135
39015,149,0.0023854721109863274
39015,150,0.0023672647921958202
39015,151,0.002406966798325325
39015,152,0.002400530719584363
39015,153,0.0023197595486211344
39015,154,0.002235492587639427
39015,155,0.002143923677793257
39015,156,0.002058440057233176
39015,157,0.0019390745464930182
39015,158,0.0018261376175805716
39015,159,0.0017167404812345908
39015,160,0.0016160616573334726
39015,161,0.0015102287133050146
39015,162,0.0014182375106587218
39015,163,0.0013351059014372886
39015,164,0.0012494601386238446
39015,165,0.0011761657838849937
39015,166,0.0011134491867963762
39015,167,0.0010484114531080667
39015,168,0.0010130834426091803
39015,169,0.0009876217629656303
39015,170,0.0009552680296593849
39015,171,0.0009342269420111524
39015,172,0.0009261180317163598
39015,173,0.0008809054099356023
39015,174,0.0008733403025758472
39015,175,0.0008858984524293335
39015,176,0.0008773593499503601
39015,177,0.0009188348432850033
39015,178,0.0009323340430506417
39015,179,0.0009323662438683433
39015,180,0.0009167462583904223
39015,181,0.0009014185929981762
39015,182,0.0008805531958276441
39015,183,0.0008320448475265351
39015,184,0.0007983524837980627
39015,185,0.0007672707226676089
39015,186,0.0007447139659231565
39015,187,0.0007143078680288472
39015,188,0.0006804503818881909
39015,189,0.0006532682934669702
39015,190,0.0006397921569403684
39015,191,0.0006324551361668506
39015,192,0.0006284359321470751
39015,193,0.000625072592000481
39015,194,0.0006204240069893996
39015,195,0.0006129035773799261
39015,196,0.0006117575727164882
39015,197,0.000613664260327612
39015,198,0.0005933462707146171
39015,199,0.0005858915065327124
39015,200,0.0005954759232327354
39015,201,0.0006107142286701267
39015,202,0.0006163490772810065
39015,203,0.0006246768645366104
39015,204,0.0005899833320260697
39015,205,0.0005601401421888722
39015,206,0.0005334247991077305
39015,207,0.0004939724272723382
39015,208,0.0004599470221849526
39015,209,0.00043674781534778123
39015,210,0.00041050763645121357
39015,211,0.0003903360351184814
39015,212,0.0003731943399180489
39015,213,0.00036116354249979244
39015,214,0.0003533425354981282
39015,215,0.0003381948030926435
39019,73,0.36631215901901965
39019,74,0.3539473766804586
39019,75,0.34673390129211784
39019,76,0.3293522967607405
39019,77,0.3154605159611646
39019,78,0.3027669016276886
39019,79,0.289476594643812
39019,80,0.2780976947564549
39019,81,0.26538522675549814
39019,82,0.2515262777780064
39019,83,0.23986254567117476
39019,84,0.2254108268108916
39019,85,0.21502865956822564
39019,86,0.204286344865684
39019,87,0.18956909881298517
39019,88,0.17871618158859862
39019,89,0.16865762588355632
39019,90,0.15677872577341653
39019,91,0.14371635418483278
39019,92,0.12513988611358529
39019,93,0.11690201901264323
39019,94,0.11134304892289093
39019,95,0.10596721777397385
39019,96,0.10115157760421722
39019,97,0.09629216000761653
39019,98,0.09253974335246011
39019,99,0.09065571898263698
39019,100,0.08865716128428991
39019,101,0.08676483010541615
39019,102,0.08470368154852755
39019,103,0.08234990944756633
39019,104,0.08041336844398747
39019,105,0.0772825890903204
39019,106,0.07220050074707973
39019,107,0.06660416312429444
39019,108,0.061857621247298
39019,109,0.05657357629046621
39019,110,0.05016101624886941
39019,111,0.044895926701997456
39019,112,0.04114118901642539
39019,113,0.03775615021171518
39019,114,0.03508594944223196
39019,115,0.03095429890996567
39019,116,0.026970408071699984
39019,117,0.023778407434926905
39019,118,0.020801457397589273
39019,119,0.018747324556680184
39019,120,0.017021559435849397
39019,121,0.015611612654048595
39019,122,0.014760599436703678
39019,123,0.014103996607938332
39019,124,0.013686567743849106
39019,125,0.013460429098775697
39019,126,0.01363508937765722
39019,127,0.014277813876090383
39019,128,0.015064978765701417
39019,129,0.015107509581337835
39019,130,0.014098626905472622
39019,131,0.01346873025514417
39019,132,0.01241204724316989
39019,133,0.011029242393819957
39019,134,0.009535272289059236
39019,135,0.008061963751929375
39019,136,0.006942825447297815
39019,137,0.005957486208973117
39019,138,0.005189015153252195
39019,139,0.004663394781276151
39019,140,0.004200450028450197
39019,141,0.003933115528846786
39019,142,0.003676827122448565
39019,143,0.00370040637552846
39019,144,0.0038344553799730743
39019,145,0.0037740517287222983
39019,146,0.0036353651963227165
39019,147,0.0035636529010445654
39019,148,0.0035493771879920185
39019,149,0.003574541773228219
39019,150,0.003627723521755313
39019,151,0.003683130271649273
39019,152,0.0038277706496004818
39019,153,0.0039072990145863845
39019,154,0.0037993741490596764
39019,155,0.003567769789456772
39019,156,0.003381282853059142
39019,157,0.0031483860512826005
39019,158,0.0028096397748228388
39019,159,0.002538838248860719
39019,160,0.002309102665629566
39019,161,0.0021049613768087416
39019,162,0.0019142925993836013
39019,163,0.0016948489739568276
39019,164,0.0015140178781585729
39019,165,0.0013888144080077055
39019,166,0.001299885608520675
39019,167,0.0012347050514280485
39019,168,0.0012028722812702888
39019,169,0.0011640715004132636
39019,170,0.001129799984370822
39019,171,0.0011086726547790864
39019,172,0.0010886990636565605
39019,173,0.0010777544055651656
39019,174,0.0010849533539594434
39019,175,0.001109632232291766
39019,176,0.0012027095023171687
39019,177,0.001350084789143738
39019,178,0.0015021002363551257
39019,179,0.0016094615434051915
39019,180,0.001554115094669635
39019,181,0.0014575197570334663
39019,182,0.0013927308672379848
39019,183,0.0013288418216766652
39019,184,0.0012638289517120308
39019,185,0.0011648977011788943
39019,186,0.0010877928696706614
39019,187,0.0010025962629271526
39019,188,0.0009235226936926292
39019,189,0.0008638344338577211
39019,190,0.0008126216475985089
39019,191,0.0007739246742989316
39019,192,0.0007543762408102248
39019,193,0.0007391141422919485
39019,194,0.0007297420382925292
39019,195,0.0007225923429229849
39019,196,0.0007132979369464695
39019,197,0.0007044410906587548
39019,198,0.0007072846392048427
39019,199,0.0007342748408998224
39019,200,0.0007938257993039939
39019,201,0.0008188099163190958
39019,202,0.000808178999068841
39019,203,0.0008131359266173083
39019,204,0.0008251415342037914
39019,205,0.0008112718137354682
39019,206,0.000796033794034406
39019,207,0.0007489181914697888
39019,208,0.0006808433939737099
39019,209,0.0006386134942484461
39019,210,0.0005961640310758239
39019,211,0.0005448253300463684
39019,212,0.0005061175577289059
39019,213,0.0004618136902607566
39019,214,0.0004376619392298848
39019,215,0.0004278601105231703
39021,73,0.11439113814202972
39021,74,0.1080831661378457
39021,75,0.1043483603807605
39021,76,0.1015719280647451
39021,77,0.09725682535691192
39021,78,0.09525358683417035
39021,79,0.09095771166561925
39021,80,0.08787749296500089
39021,81,0.0834754559410977
39021,82,0.07753948037960491
39021,83,0.07300446062433276
39021,84,0.06695935730420648
39021,85,0.0617116120085844
39021,86,0.05705314114945041
39021,87,0.052895309417162195
39021,88,0.04940032334414937
39021,89,0.04560764625779579
39021,90,0.0416424199502792
39021,91,0.03735079584508523
39021,92,0.03225659643610589
39021,93,0.02915650905641042
39021,94,0.02704867023843705
39021,95,0.025094198850465363
39021,96,0.023647107457121338
39021,97,0.022538374086542582
39021,98,0.02197216629674215
39021,99,0.021506333439772804
39021,100,0.02113367972798265
39021,101,0.02092800791623011
39021,102,0.02075539455828629
39021,103,0.020518074463193856
39021,104,0.020268796439900903
39021,105,0.01965460266144675
39021,106,0.018611038883022728
39021,107,0.018085483736491676
39021,108,0.018461354260383846
39021,109,0.019504053077637626
39021,110,0.01983060962573488
39021,111,0.019149001050767337
39021,112,0.019083635871577954
39021,113,0.019142284922548818
39021,114,0.01848962053257105
39021,115,0.01713860199463843
39021,116,0.015108040270944242
39021,117,0.013915489777020508
39021,118,0.013169193415429848
39021,119,0.012332686407220659
39021,120,0.01167785356188932
39021,121,0.011592605860070925
39021,122,0.01305299081804633
39021,123,0.013292174331225998
39021,124,0.012878855051117305
39021,125,0.012970380526063972
39021,126,0.012713430088126164
39021,127,0.01226276434571691
39021,128,0.011879865345608993
39021,129,0.011479443891576525
39021,130,0.01091961108756239
39021,131,0.010323331737847151
39021,132,0.009803127098080466
39021,133,0.009233729750930633
39021,134,0.008667277523628395
39021,135,0.007827926720917392
39021,136,0.007029991353902663
39021,137,0.006496781416609214
39021,138,0.005978057699402892
39021,139,0.0055252583048472385
39021,140,0.005044448929472149
39021,141,0.004700648859432594
39021,142,0.004362492984553727
39021,143,0.0041331130884605825
39021,144,0.00409482166896971
39021,145,0.003830351909176343
39021,146,0.0036970557267247796
39021,147,0.0036520127754513946
39021,148,0.003605867797459006
39021,149,0.003539096315722538
39021,150,0.003490628892531365
39021,151,0.003486838600437435
39021,152,0.003547797883389892
39021,153,0.003551552417379204
39021,154,0.003479709682884788
39021,155,0.0033254214445042787
39021,156,0.0031714683934656843
39021,157,0.0029792108341203175
39021,158,0.002751850149796059
39021,159,0.0025352301403219596
39021,160,0.002359264460220351
39021,161,0.002168382855765546
39021,162,0.0019443518429601283
39021,163,0.0017502354698265736
39021,164,0.001587349340276496
39021,165,0.0014702423511519915
39021,166,0.001385744621501657
39021,167,0.0013079658728529055
39021,168,0.0012431605161697362
39021,169,0.0011529177935931281
39021,170,0.001081512515052743
39021,171,0.0010593538248515563
39021,172,0.0010307345698972428
39021,173,0.001000691745368262
39021,174,0.0009935512675626182
39021,175,0.0009964054870515778
39021,176,0.0010290439970676018
39021,177,0.0010638093428206037
39021,178,0.0010557515731422706
39021,179,0.0010377434891515826
39021,180,0.0010243457090343632
39021,181,0.000987626980152343
39021,182,0.0009393773003860623
39021,183,0.0008948829271074359
39021,184,0.0008387703834458262
39021,185,0.0007789776896623791
39021,186,0.0007453680122624215
39021,187,0.0007048947834384555
39021,188,0.0006434151091872414
39021,189,0.0005946149956022241
39021,190,0.0005714087496624349
39021,191,0.0005551771561600247
39021,192,0.0005454143861695893
39021,193,0.0005276801003233445
39021,194,0.0005154064339701597
39021,195,0.0005069105715737938
39021,196,0.0005079594903937116
39021,197,0.0005124774340677764
39021,198,0.0005266831969385481
39021,199,0.000546510474605628
39021,200,0.0005642198564902794
39021,201,0.0005713361866458434
39021,202,0.0005707588214564631
39021,203,0.0005850454457359466
39021,204,0.0005882017297557262
39021,205,0.0005586219003265662
39021,206,0.0005128086111235611
39021,207,0.0004879314062985037
39021,208,0.0004548033135585412
39021,209,0.0004225247116553137
39021,210,0.0003991989457090795
39021,211,0.0003483646094302469
39021,212,0.00030986114306925114
39021,213,0.00028872989198084644
39021,214,0.0002698063763851882
39021,215,0.0002505854428458503
39041,73,0.06643336324449091
39041,74,0.06313138224714052
39041,75,0.0612447828769508
39041,76,0.05943602567423034
39041,77,0.05806961334098625
39041,78,0.056920670115925734
39041,79,0.05557783955319474
39041,80,0.05451708017414577
39041,81,0.05253616742970509
39041,82,0.048787052172759124
39041,83,0.045054119469403284
39041,84,0.04199113547719545
39041,85,0.038863213838680535
39041,86,0.03533954382738239
39041,87,0.031766262167625015
39041,88,0.029062418137648253
39041,89,0.026407215919631043
39041,90,0.023430025744189172
39041,91,0.020860880654752795
39041,92,0.017368457617420865
39041,93,0.015286634753586615
39041,94,0.013848833509346098
39041,95,0.012443753721697717
39041,96,0.011375899054567208
39041,97,0.010380810229867282
39041,98,0.009628539304633574
39041,99,0.009203926229102585
39041,100,0.008799159503313456
39041,101,0.008481253040032628
39041,102,0.008219948553475258
39041,103,0.00801047176311821
39041,104,0.0078290996001921
39041,105,0.007570797110501348
39041,106,0.007116361860372945
39041,107,0.006765461313968041
39041,108,0.006756435365346864
39041,109,0.00727852953920558
39041,110,0.008389044499295232
39041,111,0.009629848921369952
39041,112,0.010187993593699235
39041,113,0.010445407610333036
39041,114,0.010713915214041915
39041,115,0.009110396505242197
39041,116,0.007544568910437796
39041,117,0.0066721711753191144
39041,118,0.006050460695224293
39041,119,0.005443653224023288
39041,120,0.004928419965639335
39041,121,0.00459144352831685
39041,122,0.004885203242434275
39041,123,0.0067068001245283405
39041,124,0.0077300004039934705
39041,125,0.007111620211999766
39041,126,0.00644816096123736
39041,127,0.00629802613903158
39041,128,0.006182973459304181
39041,129,0.005840818151137576
39041,130,0.005317696714479325
39041,131,0.004806065507685436
39041,132,0.004375765519084201
39041,133,0.003909794013324506
39041,134,0.0034162314973144358
39041,135,0.0029565403131363815
39041,136,0.002544052325427057
39041,137,0.002260076504402032
39041,138,0.0019715671756711014
39041,139,0.0017203242908536422
39041,140,0.0015288136891663988
39041,141,0.0014231458533168736
39041,142,0.0013337545040277548
39041,143,0.0012539292357582957
39041,144,0.0011722689659219691
39041,145,0.0010907138985851224
39041,146,0.0010400845428165841
39041,147,0.0010117658921287734
39041,148,0.000978384510390306
39041,149,0.0009408858437874248
39041,150,0.0009133216552077236
39041,151,0.0008986880516531825
39041,152,0.0009044422527218379
39041,153,0.000896334190073527
39041,154,0.0008483932413766572
39041,155,0.0007962482795451259
39041,156,0.000738897217335
39041,157,0.0006843702676039811
39041,158,0.0006297687061181575
39041,159,0.000574775253715461
39041,160,0.0005260987905961157
39041,161,0.00047946462849259074
39041,162,0.0004328273600070247
39041,163,0.0003824669127770572
39041,164,0.0003368732757223775
39041,165,0.0003114903074250257
39041,166,0.00029135463967918686
39041,167,0.0002722438598986755
39041,168,0.0002575552799125096
39041,169,0.00023730840268436175
39041,170,0.0002143544894678577
39041,171,0.00020657732130667796
39041,172,0.00020027478591601948
39041,173,0.00019899161402437413
39041,174,0.00019886031611276027
39041,175,0.00020529220529495713
39041,176,0.000223283185665514
39041,177,0.00025555027099454473
39041,178,0.00027927419028092696
39041,179,0.0002937373558369339
39041,180,0.00031882425826053264
39041,181,0.00030240274649149455
39041,182,0.00027905833550586007
39041,183,0.000273200615041355
39041,184,0.0002616458589317843
39041,185,0.0002459260648877897
39041,186,0.0002310679501485833
39041,187,0.00021335580163309907
39041,188,0.00019472553331673073
39041,189,0.0001851975100855978
39041,190,0.00017814412321370482
39041,191,0.0001711566542657773
39041,192,0.00016859227664905513
39041,193,0.00016673512661120727
39041,194,0.0001641072822489611
39041,195,0.0001630769219724526
39041,196,0.00016206244056250467
39041,197,0.0001687143306397378
39041,198,0.00017801783866816425
39041,199,0.00018667335543872
39041,200,0.0002050864587181532
39041,201,0.00023218862378283288
39041,202,0.00025048641015846477
39041,203,0.0002426838375216207
39041,204,0.00023523154261362092
39041,205,0.00023690833948074696
39041,206,0.00021999738333634895
39041,207,0.00020162474878594034
39041,208,0.00018315711918946703
39041,209,0.00016783285407259913
39041,210,0.0001562776476487267
39041,211,0.00013910675593422153
39041,212,0.00011774062791662239
39041,213,0.00010624612330334365
39041,214,9.76017971095758e-05
39041,215,8.686224723736975e-05
39043,73,0.031198502255965665
39043,74,0.030228141219417973
39043,75,0.029074354191199102
39043,76,0.027835098982448247
39043,77,0.026518223914449912
39043,78,0.025604806016936512
39043,79,0.024914763973613332
39043,80,0.0244080612467146
39043,81,0.02383026364797956
39043,82,0.022780293109842576
39043,83,0.02122029326715931
39043,84,0.019780791300324285
39043,85,0.018574682684647653
39043,86,0.017343840820629345
39043,87,0.01569233152515926
39043,88,0.014299979086881638
39043,89,0.013282083086068722
39043,90,0.012443038410653962
39043,91,0.011245844840722065
39043,92,0.009602600613246425
39043,93,0.008845624071941716
39043,94,0.008311796116257446
39043,95,0.007804402516654404
39043,96,0.007359925476261045
39043,97,0.006956517059269007
39043,98,0.006686740616388252
39043,99,0.006560374131139931
39043,100,0.006439116715829756
39043,101,0.006309254872054903
39043,102,0.006212030841141603
39043,103,0.0061568296697817534
39043,104,0.006131333054512567
39043,105,0.005993373535694087
39043,106,0.005592324463500558
39043,107,0.0052485954588940165
39043,108,0.0051920760018536755
39043,109,0.005269096251611401
39043,110,0.0053861132434878094
39043,111,0.005519720518742645
39043,112,0.006031207314193
39043,113,0.006327712422610291
39043,114,0.006043206440237027
39043,115,0.005571585491669265
39043,116,0.00519592814321046
39043,117,0.00490309492762789
39043,118,0.004606420395998999
39043,119,0.004373425725675386
39043,120,0.004382301893216103
39043,121,0.004402968622339569
39043,122,0.004443131937432526
39043,123,0.004675063143811633
39043,124,0.00528814497458489
39043,125,0.0055552441639401505
39043,126,0.0055358243131167625
39043,127,0.005426828550443248
39043,128,0.0055570787595359125
39043,129,0.005748929536343375
39043,130,0.0057744130153465885
39043,131,0.005587370978050714
39043,132,0.005279539361561924
39043,133,0.00494778210134454
39043,134,0.004625812880503304
39043,135,0.004220363299191606
39043,136,0.0038888551837750873
39043,137,0.0036134842065049283
39043,138,0.003353669248774936
39043,139,0.003104619125782852
39043,140,0.0028229037111370376
39043,141,0.002697692528732294
39043,142,0.002583193153514021
39043,143,0.0025172191599393923
39043,144,0.002431595486808951
39043,145,0.002339271488694441
39043,146,0.00223701975703913
39043,147,0.0021820482890030453
39043,148,0.002120108532720105
39043,149,0.0020773420654872344
39043,150,0.0020202297902442282
39043,151,0.0019512721753152914
39043,152,0.0019260982810673144
39043,153,0.0018853309804101983
39043,154,0.001797257116714685
39043,155,0.0016941483766664026
39043,156,0.001611656730031331
39043,157,0.0015444937706501636
39043,158,0.0014784727912860226
39043,159,0.001400355368169404
39043,160,0.001335535889181609
39043,161,0.0012375009017623311
39043,162,0.0011434693359025252
39043,163,0.0010390325032066593
39043,164,0.0009504614867159777
39043,165,0.000885588896796967
39043,166,0.000827648161992055
39043,167,0.0007878940581062539
39043,168,0.0007582509986401409
39043,169,0.0007163436086892133
39043,170,0.0006860745110400444
39043,171,0.0006660674110135766
39043,172,0.0006585128557994866
39043,173,0.000654394637655323
39043,174,0.000620583630390669
39043,175,0.0006244330164411416
39043,176,0.0006097926122031295
39043,177,0.0006371854244068748
39043,178,0.0006613688828331498
39043,179,0.0006490945146920126
39043,180,0.0006337498532576532
39043,181,0.0006231623454817206
39043,182,0.0006129437690890282
39043,183,0.0006008985476215608
39043,184,0.000581938954457366
39043,185,0.0005611686173367296
39043,186,0.0005432104868846063
39043,187,0.0005237195728198001
39043,188,0.0004932960931736375
39043,189,0.0004746150404692917
39043,190,0.0004592383638857853
39043,191,0.0004399617883640145
39043,192,0.0004303277581575042
39043,193,0.00041825397508327627
39043,194,0.0004089968920421324
39043,195,0.0004070571034743841
39043,196,0.0004084158312418241
39043,197,0.0004099540204778276
39043,198,0.0004102275288456522
39043,199,0.0004147105673551006
39043,200,0.0004425024472040651
39043,201,0.00048066129048591767
39043,202,0.0004862659020827679
39043,203,0.0004740819231832359
39043,204,0.0004511282772805528
39043,205,0.000430515258932968
39043,206,0.00041858826752846874
39043,207,0.0004078489296588443
39043,208,0.00038993595892038374
39043,209,0.00038967657942664603
39043,210,0.00039941883169030394
39043,211,0.0003878626109611739
39043,212,0.0003659750311431165
39043,213,0.00035940094881664917
39043,214,0.0003627322569413523
39043,215,0.0003704598912692003
39047,73,0.011109980385935959
39047,74,0.010527397083483969
39047,75,0.010115490764192447
39047,76,0.009680877898137423
39047,77,0.009233044543801227
39047,78,0.008886091438596816
39047,79,0.00860120019951588
39047,80,0.008204557891638643
39047,81,0.007777894543681729
39047,82,0.007177118276404498
39047,83,0.00665994209520387
39047,84,0.006169912969754532
39047,85,0.0057376097143071675
39047,86,0.0053617292918141
39047,87,0.004985965797085374
39047,88,0.004697074092938622
39047,89,0.00440864682601195
39047,90,0.004154062242882488
39047,91,0.0038737515132170755
39047,92,0.0035229029266496056
39047,93,0.0032716426835409395
39047,94,0.003105564528970956
39047,95,0.0029496141103913234
39047,96,0.0028387737448537604
39047,97,0.002737022638269613
39047,98,0.0026444387710117365
39047,99,0.002568511741944348
39047,100,0.002507147914616507
39047,101,0.002450398594343531
39047,102,0.002395381894021815
39047,103,0.002359328586407907
39047,104,0.0023703734815846123
39047,105,0.0023701209137674067
39047,106,0.0022754702194540846
39047,107,0.002225034146410941
39047,108,0.0023299077144317945
39047,109,0.0027989137598767367
39047,110,0.003860552774520317
39047,111,0.005388111590948273
39047,112,0.006686952062841194
39047,113,0.007126838673957569
39047,114,0.007100562420013143
39047,115,0.006973162949032191
39047,116,0.006722771075684376
39047,117,0.006687848334518205
39047,118,0.0065639989281973945
39047,119,0.00638088133156493
39047,120,0.006260477148268795
39047,121,0.006261134231188988
39047,122,0.006182663285063286
39047,123,0.006451266547937813
39047,124,0.006718708921346487
39047,125,0.0068736668041472085
39047,126,0.007201353612392062
39047,127,0.007424636695702912
39047,128,0.007625928000718866
39047,129,0.0074480894228292445
39047,130,0.0072057951546714745
39047,131,0.006872606019561883
39047,132,0.006591432719017098
39047,133,0.006302666532326994
39047,134,0.005908616464817154
39047,135,0.005486350004470494
39047,136,0.005235281898425017
39047,137,0.005176097389504722
39047,138,0.005091139059553435
39047,139,0.0050472709535261465
39047,140,0.004902276260966422
39047,141,0.004727912640934379
39047,142,0.0046693744121396935
39047,143,0.00451102927460468
39047,144,0.004300883899494424
39047,145,0.004222405200982716
39047,146,0.004165328436714424
39047,147,0.004078471724838881
39047,148,0.004038842508564001
39047,149,0.003991228760609927
39047,150,0.003893356447523395
39047,151,0.0039061794482820986
39047,152,0.003911049626728531
39047,153,0.003764855235395552
39047,154,0.0036113644811901
39047,155,0.0034648343254669377
39047,156,0.0033056041351429742
39047,157,0.0031183970298121763
39047,158,0.0029203370894313047
39047,159,0.0026954298378217044
39047,160,0.0024828952236215576
39047,161,0.0023067556269250745
39047,162,0.002133869519103486
39047,163,0.001970579264638126
39047,164,0.0018124645306959216
39047,165,0.001689376519545433
39047,166,0.001609089571845376
39047,167,0.0015381806227388695
39047,168,0.001505163574321475
39047,169,0.0014755753912613042
39047,170,0.0014629415117377623
39047,171,0.0014586410729271674
39047,172,0.001394912008959411
39047,173,0.0013976083567164086
39047,174,0.0014167575625687436
39047,175,0.0013739988571871398
39047,176,0.0014380551587030675
39047,177,0.0015046638715044572
39047,178,0.0015167032595082225
39047,179,0.0015066410366884274
39047,180,0.0014686122309928741
39047,181,0.0014446528251309673
39047,182,0.0014066864072858724
39047,183,0.001344981374952727
39047,184,0.0013045216124669156
39047,185,0.0012283108008627251
39047,186,0.0011691857192397213
39047,187,0.0011152027553697139
39047,188,0.0010534157954078637
39047,189,0.0010164133329342289
39047,190,0.0009897032880665508
39047,191,0.000964526854178119
39047,192,0.0009450245168150158
39047,193,0.000940548644750396
39047,194,0.0009415023493383361
39047,195,0.0009022982328064985
39047,196,0.0008827834704079887
39047,197,0.0008904481638487323
39047,198,0.0009005499969707105
39047,199,0.0009182580419003842
39047,200,0.0009736949533637589
39047,201,0.0010036915209611233
39047,202,0.0009851167733807566
39047,203,0.0009936344039083703
39047,204,0.0009708930736885702
39047,205,0.0009502552775821426
39047,206,0.0009187144676483259
39047,207,0.0008963926070692472
39047,208,0.0008639504119819013
39047,209,0.0008181007834643569
39047,210,0.0007901895867832582
39047,211,0.0007546600471793968
39047,212,0.0007334150746885272
39047,213,0.0007242940230152524
39047,214,0.0007002525924463996
39047,215,0.0006917777030897852
39057,73,0.03236106922556743
39057,74,0.026548181055391633
39057,75,0.022743294633100312
39057,76,0.021529779437918412
39057,77,0.020116131648077424
39057,78,0.018784008850232743
39057,79,0.017730484402819203
39057,80,0.016852942861754146
39057,81,0.01598304789375976
39057,82,0.014476905856396733
39057,83,0.012977307879170391
39057,84,0.011798844148792544
39057,85,0.010371033700015964
39057,86,0.009134694003566347
39057,87,0.007968762149532072
39057,88,0.006950514916075594
39057,89,0.0061107580097318585
39057,90,0.005366219325600392
39057,91,0.004642926207492453
39057,92,0.0039420177911580895
39057,93,0.0034442454928838217
39057,94,0.00306260635530713
39057,95,0.0027458007301128704
39057,96,0.002500808230397031
39057,97,0.0022852670241636478
39057,98,0.0021147970261507967
39057,99,0.0020073896620081038
39057,100,0.0019228324138270314
39057,101,0.0018488787023139472
39057,102,0.0017833168371821913
39057,103,0.0017293418088069194
39057,104,0.0016953915655601565
39057,105,0.0016413878584936317
39057,106,0.00155267746288848
39057,107,0.0016588609754750157
39057,108,0.0021131159470033248
39057,109,0.00263987819773326
39057,110,0.0032922878252615124
39057,111,0.0039350284692044315
39057,112,0.004542374896320871
39057,113,0.005068845941187043
39057,114,0.005166417929772005
39057,115,0.004982692880134998
39057,116,0.004531443971662807
39057,117,0.004181291172662397
39057,118,0.003889588627565974
39057,119,0.0035237619810865885
39057,120,0.003227762733415156
39057,121,0.0031518871472141228
39057,122,0.0035897412994044422
39057,123,0.0037255091192984193
39057,124,0.00361402479124958
39057,125,0.0036293734948820936
39057,126,0.0037376713200224848
39057,127,0.003730643539637726
39057,128,0.003701028503024622
39057,129,0.0036511910747093214
39057,130,0.0033759214080367342
39057,131,0.0030770086339497633
39057,132,0.0028456386630272474
39057,133,0.0025413301766674667
39057,134,0.002320675004665397
39057,135,0.0022557426859011413
39057,136,0.0020991511608629224
39057,137,0.0019031760981815043
39057,138,0.0017372665950342772
39057,139,0.0015588010183510393
39057,140,0.0014017196178895922
39057,141,0.0013106379532233981
39057,142,0.0012184833501207278
39057,143,0.0011524189916963337
39057,144,0.0010956792397004396
39057,145,0.001022555314875615
39057,146,0.0009656409510273899
39057,147,0.0009210003958725596
39057,148,0.000857985397068224
39057,149,0.000805542880206988
39057,150,0.0007645545845401667
39057,151,0.0007480457721262709
39057,152,0.0007476004003215761
39057,153,0.0007218381339571246
39057,154,0.0006782875257473554
39057,155,0.0006350917442617928
39057,156,0.0005906883287294322
39057,157,0.0005479657590862586
39057,158,0.0005119251378549066
39057,159,0.0004728772275388036
39057,160,0.0004406598277310291
39057,161,0.00042861509992759325
39057,162,0.000440478004199249
39057,163,0.0003984293419869846
39057,164,0.00035434511406116107
39057,165,0.0003395423620133772
39057,166,0.0003245593011689966
39057,167,0.00029922680933601535
39057,168,0.0002794418419469895
39057,169,0.000256543036284278
39057,170,0.00023749074165109617
39057,171,0.0002295163840908719
39057,172,0.00022550707499045393
39057,173,0.00022548602899681236
39057,174,0.00022369977370274556
39057,175,0.0002300112610342925
39057,176,0.0002531066707494427
39057,177,0.00028609913747452287
39057,178,0.00031127657902499205
39057,179,0.00031083717150240386
39057,180,0.00029278643519367755
39057,181,0.000285933717332957
39057,182,0.0002822240770895431
39057,183,0.0002759082061614553
39057,184,0.0002606657217801386
39057,185,0.00023844539339974374
39057,186,0.00022362323650520154
39057,187,0.00020911522663169833
39057,188,0.00019566970627319112
39057,189,0.00018641157101743604
39057,190,0.00017585461086304445
39057,191,0.00016721768408522596
39057,192,0.000160837922092176
39057,193,0.00015282449644648264
39057,194,0.00014679575958461194
39057,195,0.00014732732484645073
39057,196,0.0001466974062939422
39057,197,0.00015045106859455393
39057,198,0.00015684457769505654
39057,199,0.0001711696242951975
39057,200,0.00020362144997715427
39057,201,0.00023646239916075152
39057,202,0.0002427566620407271
39057,203,0.00023806570527355305
39057,204,0.00022528823282795448
39057,205,0.0002189278056332086
39057,206,0.00020844177904912322
39057,207,0.00018909767004755511
39057,208,0.000175211398214231
39057,209,0.00016043697748155958
39057,210,0.0001453056039541932
39057,211,0.0001333077634454662
39057,212,0.00012156417652632034
39057,213,0.00011270864754664255
39057,214,0.00010505811092582642
39057,215,9.922021592895022e-05
39067,73,0.24218319806890712
39067,74,0.23645590959134458
39067,75,0.23232284880558923
39067,76,0.22622562684829095
39067,77,0.22144527717982176
39067,78,0.21823191639945444
39067,79,0.21448798922571602
39067,80,0.20947258154097578
39067,81,0.20163397464486915
39067,82,0.19215222933409154
39067,83,0.18422470861748555
39067,84,0.17632325982490119
39067,85,0.1674845238962864
39067,86,0.15937274741752175
39067,87,0.15192377351805772
39067,88,0.14422239473070864
39067,89,0.13445616666179652
39067,90,0.12476513229579717
39067,91,0.11645923718466772
39067,92,0.10407250305191962
39067,93,0.0957463580603687
39067,94,0.09105254570875548
39067,95,0.08764511720356084
39067,96,0.0848311143053062
39067,97,0.08297695835385079
39067,98,0.08203711787987407
39067,99,0.0816846448449109
39067,100,0.08144173626867807
39067,101,0.08133816544122364
39067,102,0.08057158772056422
39067,103,0.08050068250182246
39067,104,0.07915353378565493
39067,105,0.07705134143651485
39067,106,0.07235350037305403
39067,107,0.06968693802873552
39067,108,0.06715637917081825
39067,109,0.06314485471772965
39067,110,0.05895862955559292
39067,111,0.05490940580608633
39067,112,0.05246970237973737
39067,113,0.05121102067183162
39067,114,0.049372342779427224
39067,115,0.04550814127442036
39067,116,0.043171820732121995
39067,117,0.04171551515530276
39067,118,0.040436572641611226
39067,119,0.03938217874709917
39067,120,0.03908418384759138
39067,121,0.038915003320468045
39067,122,0.03873101757412786
39067,123,0.03785981011892481
39067,124,0.038129139229793454
39067,125,0.037740831535733994
39067,126,0.03830112538708809
39067,127,0.03954961422083494
39067,128,0.03870902304231153
39067,129,0.038002349410512955
39067,130,0.03530251709622035
39067,131,0.03425047139089172
39067,132,0.0318555716805687
39067,133,0.02911149966284008
39067,134,0.026648815131496344
39067,135,0.024468927511229113
39067,136,0.02224329298232117
39067,137,0.020308431887402216
39067,138,0.018592985405346305
39067,139,0.01733883986909093
39067,140,0.016715657218803366
39067,141,0.016395192209290345
39067,142,0.01591836023889811
39067,143,0.015907453887025816
39067,144,0.016040728398733318
39067,145,0.015419056130732507
39067,146,0.015400907193105553
39067,147,0.015527242452797737
39067,148,0.015404961677958478
39067,149,0.015204677663833663
39067,150,0.015220700073462656
39067,151,0.015014958515060566
39067,152,0.01507768420477417
39067,153,0.014609552170021071
39067,154,0.013874779677788647
39067,155,0.013095958398117538
39067,156,0.01244727114665351
39067,157,0.011747069229302042
39067,158,0.010972635713571087
39067,159,0.010234031410325172
39067,160,0.009550495883468662
39067,161,0.008779321502396657
39067,162,0.008205553029851683
39067,163,0.007646671353843385
39067,164,0.007198259611387556
39067,165,0.006858468089831363
39067,166,0.0066770234609326
39067,167,0.0065313356120173995
39067,168,0.006445871846079058
39067,169,0.006387829279774421
39067,170,0.006068920361445053
39067,171,0.006008294430966718
39067,172,0.0060033873529243475
39067,173,0.005983154147506178
39067,174,0.0058272213726639245
39067,175,0.0058095274991207466
39067,176,0.005653941227873005
39067,177,0.005599284071580823
39067,178,0.0055808186601887305
39067,179,0.005539450388915179
39067,180,0.005268980111236731
39067,181,0.004833576304034257
39067,182,0.00460016613131579
39067,183,0.004465937206596713
39067,184,0.004267707692202051
39067,185,0.004028580196831345
39067,186,0.003835970384226073
39067,187,0.0036389814063283077
39067,188,0.0034000991610541437
39067,189,0.003250759575270584
39067,190,0.0031415952964384507
39067,191,0.0030701881700698768
39067,192,0.003038582324094612
39067,193,0.00284400880941713
39067,194,0.0028219422152085815
39067,195,0.002820125464526339
39067,196,0.0026685091091856687
39067,197,0.002624183732576082
39067,198,0.0026086487954091572
39067,199,0.002630805193549466
39067,200,0.0026788614804049617
39067,201,0.0026002733011289136
39067,202,0.0026091488924723256
39067,203,0.0025979976669983492
39067,204,0.0025014967408984296
39067,205,0.002363748200390026
39067,206,0.00219791775469654
39067,207,0.0020598543398371743
39067,208,0.0018971110180633522
39067,209,0.0017588096048201534
39067,210,0.0016243751261962166
39067,211,0.0014963705684149897
39067,212,0.0013564424179795974
39067,213,0.0012542131028020606
39067,214,0.0011694977256148332
39067,215,0.0011160751077209127
39071,73,0.00046255280673837524
39071,74,0.00047510705684942914
39071,75,0.00048665576817812843
39071,76,0.0005123798420307703
39071,77,0.0005632044262128439
39071,78,0.0006102617450153093
39071,79,0.0006313652570704144
39071,80,0.0006797763316195406
39071,81,0.0007291173788180206
39071,82,0.000746082141595614
39071,83,0.0007499412990117003
39071,84,0.000759441206813765
39071,85,0.0007653809643009897
39071,86,0.00076826641337065
39071,87,0.000758858006577884
39071,88,0.0007397143157780927
39071,89,0.0007329436014540497
39071,90,0.0007520079838635744
39071,91,0.0007283716129128263
39071,92,0.0006583560500209295
39071,93,0.0006376928413806778
39071,94,0.0006399828068913508
39071,95,0.0006339018785151485
39071,96,0.0006285653999324397
39071,97,0.0006241445316217935
39071,98,0.0006240605928159338
39071,99,0.0006212402599110034
39071,100,0.0006146195776859779
39071,101,0.0006062859915039018
39071,102,0.0005990624955657144
39071,103,0.0005963713869128349
39071,104,0.00061216282515192
39071,105,0.0006441897586141446
39071,106,0.0006679219498567171
39071,107,0.0007085544216229998
39071,108,0.000962494998908111
39071,109,0.0019004819279730102
39071,110,0.0033846371106983925
39071,111,0.004782142297264607
39071,112,0.006498666106037061
39071,113,0.007243811089339316
39071,114,0.007454738327598434
39071,115,0.0073632501448274
39071,116,0.006877849222287981
39071,117,0.006499070575620402
39071,118,0.006084067784643353
39071,119,0.005709721754934284
39071,120,0.0052428874978004076
39071,121,0.005008445703358264
39071,122,0.004929462654877435
39071,123,0.004966894708272577
39071,124,0.005088352191228729
39071,125,0.005099028581316069
39071,126,0.005112990356754891
39071,127,0.0050750367288602384
39071,128,0.005259893354807151
39071,129,0.0052849588793522665
39071,130,0.005099498125517941
39071,131,0.004878503993906754
39071,132,0.0046231869036614205
39071,133,0.0043827088515106674
39071,134,0.004018603582651676
39071,135,0.003713231801566335
39071,136,0.003608464600708721
39071,137,0.0036824961131103713
39071,138,0.0035152903016722253
39071,139,0.0032639170316046914
39071,140,0.003045240015416143
39071,141,0.0028734455031095532
39071,142,0.002776390732255853
39071,143,0.0026461731663725567
39071,144,0.0025699768480630697
39071,145,0.0024897129935303624
39071,146,0.0024181578398451437
39071,147,0.002388645765196957
39071,148,0.0023756456845972804
39071,149,0.00235031639867178
39071,150,0.002288938066003816
39071,151,0.002278661276295956
39071,152,0.0022837465318162487
39071,153,0.002223659808830702
39071,154,0.002141594919007502
39071,155,0.0020596356115172706
39071,156,0.001984534914149989
39071,157,0.0019018604738209992
39071,158,0.0018201577947235714
39071,159,0.0017028269176902553
39071,160,0.0015876203344129742
39071,161,0.001464769132147523
39071,162,0.0013724421574723622
39071,163,0.0012846313260971875
39071,164,0.0011996157195788833
39071,165,0.001134353932895714
39071,166,0.0010797902684725835
39071,167,0.0010483298750968454
39071,168,0.0010285965911836698
39071,169,0.0010012245961193154
39071,170,0.0009753256403793052
39071,171,0.0009648413130031094
39071,172,0.0009598985173773645
39071,173,0.0009130205584532553
39071,174,0.0008893223246847536
39071,175,0.0009108831496154765
39071,176,0.0009358915761019295
39071,177,0.0009733504206043492
39071,178,0.0009668989294742514
39071,179,0.0009560894893325282
39071,180,0.0009342379810840549
39071,181,0.0008987504480490495
39071,182,0.0008835186845268174
39071,183,0.0008549572888564324
39071,184,0.000819420122994006
39071,185,0.0007742535982781316
39071,186,0.0007376350610346789
39071,187,0.0006868551548846333
39071,188,0.0006441950546724957
39071,189,0.0006156449323952456
39071,190,0.0005917226182408273
39071,191,0.0005685629879645625
39071,192,0.0005552857459088461
39071,193,0.0005486276786109746
39071,194,0.0005465304517355733
39071,195,0.000545257377441331
39071,196,0.0005397080448774205
39071,197,0.0005405302311764958
39071,198,0.0005469862289179964
39071,199,0.0005238792413015769
39071,200,0.000529534760175821
39071,201,0.0005726382373834528
39071,202,0.0005941437609138406
39071,203,0.0005798571672956306
39071,204,0.0005607284954243197
39071,205,0.0005416051610888777
39071,206,0.0005383762551406057
39071,207,0.0005112778246192111
39071,208,0.00048247049156310184
39071,209,0.00045731508312666204
39071,210,0.0004358736533191942
39071,211,0.00041523091171576874
39071,212,0.0004020211819183521
39071,213,0.000395612673491265
39071,214,0.00038502429451895163
39071,215,0.00037748208442700125
39079,73,0.01042521438614221
39079,74,0.00888656548934599
39079,75,0.007493599292042325
39079,76,0.00622182480833404
39079,77,0.0061351509793008885
39079,78,0.00602193558843282
39079,79,0.0059847064084946775
39079,80,0.0058764974498959595
39079,81,0.005749823176897958
39079,82,0.0055278785948760355
39079,83,0.0052713144190584425
39079,84,0.005034355652204657
39079,85,0.0047724486368514694
39079,86,0.004411860336530717
39079,87,0.00416742636651697
39079,88,0.004033981982111428
39079,89,0.0038319180183532344
39079,90,0.0035412169395364072
39079,91,0.0032516780432508496
39079,92,0.002923292613726888
39079,93,0.0027294702349526224
39079,94,0.002570876301840038
39079,95,0.0024305723687437575
39079,96,0.002345321973991195
39079,97,0.0022866806177602073
39079,98,0.002261897135520434
39079,99,0.002249657561110236
39079,100,0.002242523874420399
39079,101,0.002249725695084765
39079,102,0.0022684753873431413
39079,103,0.0022350309656541385
39079,104,0.0023080980475396777
39079,105,0.0023650668778885486
39079,106,0.0023333506618827857
39079,107,0.0023521104130817348
39079,108,0.0024502578708680335
39079,109,0.0026043364841041527
39079,110,0.0027490374553092926
39079,111,0.002964343548702872
39079,112,0.003103413693813523
39079,113,0.0031525308988193212
39079,114,0.0031867890452414024
39079,115,0.0031534402465520925
39079,116,0.0031536283602857157
39079,117,0.0031175151866454356
39079,118,0.003053076068081537
39079,119,0.002912079298244995
39079,120,0.002708104761069549
39079,121,0.0026043080416643565
39079,122,0.0025308945901969353
39079,123,0.0025358035187818735
39079,124,0.002632006539145259
39079,125,0.0027636430510789714
39079,126,0.002829176191016816
39079,127,0.0030599540325083165
39079,128,0.0032467480489982515
39079,129,0.0035302972023451796
39079,130,0.0035447184733545063
39079,131,0.0034816223171922098
39079,132,0.0034649202602064044
39079,133,0.0034096381748645165
39079,134,0.0033010185318998173
39079,135,0.00325367598803281
39079,136,0.003342929100221428
39079,137,0.0035419615915764638
39079,138,0.003497810995651056
39079,139,0.0034267966817824185
39079,140,0.0034433494962437367
39079,141,0.003419628590965484
39079,142,0.0033381051143966983
39079,143,0.0032352436085117935
39079,144,0.0031335317065948457
39079,145,0.00306145823109699
39079,146,0.003048812753603367
39079,147,0.003095262231121615
39079,148,0.0030896218403946066
39079,149,0.0030674207112235323
39079,150,0.0030303295023226613
39079,151,0.003016522131297039
39079,152,0.003000791781799288
39079,153,0.0029838709383751267
39079,154,0.0029196825085802715
39079,155,0.002822467304609753
39079,156,0.0027101594393613314
39079,157,0.0025867000055943747
39079,158,0.002457669632395573
39079,159,0.0023055243508631174
39079,160,0.0021606581431313377
39079,161,0.002011686284764726
39079,162,0.001866036339426854
39079,163,0.0017148835092662602
39079,164,0.0016227648618905596
39079,165,0.0015456706870983414
39079,166,0.0014838508837589027
39079,167,0.0014163987820397378
39079,168,0.0013782433411088587
39079,169,0.0013473495879840521
39079,170,0.0013271789725468057
39079,171,0.001311000877465265
39079,172,0.0013036241761882593
39079,173,0.0012436076211027331
39079,174,0.0012236672036418912
39079,175,0.0012483799253158708
39079,176,0.0013300569078140332
39079,177,0.0014263316214628765
39079,178,0.0014293624610639663
39079,179,0.0014043951090554347
39079,180,0.0014026097083499707
39079,181,0.0013985256016985118
39079,182,0.0013726278648409308
39079,183,0.001350914930808187
39079,184,0.0012966252308764129
39079,185,0.001237062063546161
39079,186,0.0011858774632388666
39079,187,0.0011178263116948407
39079,188,0.0010555928593511828
39079,189,0.0009931322390684108
39079,190,0.0009358266316384933
39079,191,0.000900034042217649
39079,192,0.0008808157297529178
39079,193,0.0008692437751591913
39079,194,0.0008600974979426659
39079,195,0.0008566826642819258
39079,196,0.000812860420088562
39079,197,0.000795118572217487
39079,198,0.0007964066271333879
39079,199,0.000813180509689123
39079,200,0.0008669878435736462
39079,201,0.0009522377387619621
39079,202,0.0009620069867711008
39079,203,0.0009367820058239677
39079,204,0.000923201178156664
39079,205,0.0008562635910262373
39079,206,0.0008265392358950924
39079,207,0.0007795673309882632
39079,208,0.0007290957865601546
39079,209,0.0006992724953627243
39079,210,0.0006761835382536633
39079,211,0.0006403954823515277
39079,212,0.0006146481942135995
39079,213,0.0006203365947422562
39079,214,0.0006104522495921193
39079,215,0.0006021609111434012
39083,73,0.20641741199614325
39083,74,0.2005421492832778
39083,75,0.19363925783976976
39083,76,0.18602778381058907
39083,77,0.1818556512158573
39083,78,0.17655960868440795
39083,79,0.17029988546869004
39083,80,0.16495730368352077
39083,81,0.15953209666087564
39083,82,0.15108425217409155
39083,83,0.14115620215731797
39083,84,0.135135244114748
39083,85,0.12539167748071298
39083,86,0.11509487612791096
39083,87,0.10755164018903507
39083,88,0.0978709425586483
39083,89,0.0904858474185587
39083,90,0.08314884091988686
39083,91,0.0755293942491642
39083,92,0.06503558457745062
39083,93,0.059113955414215824
39083,94,0.055593568724922056
39083,95,0.05251986958173969
39083,96,0.05017385204986997
39083,97,0.048281814626562926
39083,98,0.04728199633380756
39083,99,0.046916949871048635
39083,100,0.04657829912294513
39083,101,0.046212143938587205
39083,102,0.04603196531381639
39083,103,0.04598870034532133
39083,104,0.04602087344741875
39083,105,0.04497273424910178
39083,106,0.04224185342140312
39083,107,0.03882887807977988
39083,108,0.03679263603001662
39083,109,0.035054640990643336
39083,110,0.03335030786706809
39083,111,0.031130676247081754
39083,112,0.02952209848806086
39083,113,0.027137954748768244
39083,114,0.024947029384915127
39083,115,0.021799463434484072
39083,116,0.018791531760793706
39083,117,0.01630972379570133
39083,118,0.015220565330820295
39083,119,0.014438083031312962
39083,120,0.013651155543470529
39083,121,0.013035254383418538
39083,122,0.012764317038063779
39083,123,0.012891406223486383
39083,124,0.013381222717303153
39083,125,0.0146540330428005
39083,126,0.014313088127150307
39083,127,0.013467550246565374
39083,128,0.012971532769884544
39083,129,0.012130021521197852
39083,130,0.011366737507193784
39083,131,0.010265694321080161
39083,132,0.009133216381577701
39083,133,0.008075265386733404
39083,134,0.007092388113701196
39083,135,0.006270740045960064
39083,136,0.00537395194915528
39083,137,0.004570244266528401
39083,138,0.003929295744396157
39083,139,0.0034204758815856934
39083,140,0.0030367472311315243
39083,141,0.0027826446249465935
39083,142,0.0025477609820526337
39083,143,0.0023638278981187987
39083,144,0.0022616455473679796
39083,145,0.0021709071854350767
39083,146,0.0021212580932412125
39083,147,0.002054809988811929
39083,148,0.002020968325733832
39083,149,0.0019910965765159785
39083,150,0.0019606012706980085
39083,151,0.001956331801293104
39083,152,0.001966965767568635
39083,153,0.0019661728577756027
39083,154,0.0019131306995687062
39083,155,0.0018339403282157825
39083,156,0.0017399630083123484
39083,157,0.0016153366414268912
39083,158,0.0015058799471458473
39083,159,0.0013652149470752013
39083,160,0.001233066810473514
39083,161,0.0011161634747584206
39083,162,0.0010151567371737618
39083,163,0.0008965470643265699
39083,164,0.0007842180915205023
39083,165,0.0007129883034610672
39083,166,0.0006668264497332068
39083,167,0.0006143120728401901
39083,168,0.0005745006535123581
39083,169,0.0005333638415094034
39083,170,0.0004921718277034121
39083,171,0.00045654883641403914
39083,172,0.0004245459686843683
39083,173,0.0004095464052024671
39083,174,0.00040346102078161924
39083,175,0.0004054143165803864
39083,176,0.00042802719755684576
39083,177,0.00048632803244605567
39083,178,0.0005154122757887042
39083,179,0.0005058684893212281
39083,180,0.0004907434642487848
39083,181,0.0004735063962888765
39083,182,0.0004713816408432912
39083,183,0.0004603195831800751
39083,184,0.0004303516217251164
39083,185,0.00041014536848413697
39083,186,0.0003978114953755149
39083,187,0.00036851362113115427
39083,188,0.00032767645245461517
39083,189,0.0002971933093911008
39083,190,0.0002756975900515561
39083,191,0.0002613902397971109
39083,192,0.0002563211995670097
39083,193,0.00025123976110137436
39083,194,0.00024653187360054073
39083,195,0.0002428778911702014
39083,196,0.00024624090636292823
39083,197,0.0002670825232671129
39083,198,0.00028473449127538444
39083,199,0.0002995106727980813
39083,200,0.00032498411898912525
39083,201,0.00035837680691615774
39083,202,0.0003916659019452525
39083,203,0.0003863494853955564
39083,204,0.00036825107613125727
39083,205,0.00034255031275833296
39083,206,0.00033086742450469484
39083,207,0.00031307181704619903
39083,208,0.00028750728110275966
39083,209,0.00026492763125544406
39083,210,0.0002443304958674852
39083,211,0.000226314370528768
39083,212,0.00020128904769761789
39083,213,0.00017881682283140524
39083,214,0.0001640997914881688
39083,215,0.0001535575290859411
42001,73,0.005046828497454063
42001,74,0.004845261220407506
42001,75,0.004669449102709864
42001,76,0.004453099808811039
42001,77,0.004186455133912783
42001,78,0.0040305518947375395
42001,79,0.003885225323807871
42001,80,0.003718663936752866
42001,81,0.0035213159172034283
42001,82,0.0032177041122881927
42001,83,0.0028927503532280283
42001,84,0.00257822186357346
42001,85,0.0022777878083795164
42001,86,0.0019014660621845436
42001,87,0.0016559479103779287
42001,88,0.001490310086734647
42001,89,0.0013478808679143258
42001,90,0.0011719759237303025
42001,91,0.0009951873361337307
42001,92,0.0008691370522394535
42001,93,0.0007829555710180759
42001,94,0.0007173028173965224
42001,95,0.0006593254426089797
42001,96,0.0006179208767241738
42001,97,0.00058440769066594
42001,98,0.0005604389756413869
42001,99,0.0005583857243577794
42001,100,0.0005571162463998938
42001,101,0.0005142139681311451
42001,102,0.0005065010827434414
42001,103,0.0005201853902238331
42001,104,0.0005330621073628883
42001,105,0.0005546453704430905
42001,106,0.0005705851575340497
42001,107,0.0005583937408785357
42001,108,0.0005227997257229797
42001,109,0.0005013095037032108
42001,110,0.00048541680150208233
42001,111,0.00046169108923434243
42001,112,0.00044383646437182086
42001,113,0.0004267713417508013
42001,114,0.000404222285290971
42001,115,0.0003756270346884807
42001,116,0.00035137990112936847
42001,117,0.0003351269235662295
42001,118,0.00032160337193946843
42001,119,0.00031410904473953095
42001,120,0.00031861228473114054
42001,121,0.0003192582785384753
42001,122,0.00032728367360742336
42001,123,0.00034406232046469895
42001,124,0.00036332522495638935
42001,125,0.0003607980374390056
42001,126,0.0003785842501553111
42001,127,0.00040317376930377254
42001,128,0.00044180240756730676
42001,129,0.0004919833501925159
42001,130,0.0005594437658355756
42001,131,0.0005972022341460285
42001,132,0.0006291494933128817
42001,133,0.000632375000367122
42001,134,0.0006730540830959126
42001,135,0.0007269387975523794
42001,136,0.0007448685066618241
42001,137,0.0007911105710684746
42001,138,0.0011071874565108208
42001,139,0.002846193454705873
42001,140,0.008843078013668538
42001,141,0.014710974280007142
42001,142,0.013322020421129203
42001,143,0.010893360181879948
42001,144,0.010574907107413281
42001,145,0.010212780367484147
42001,146,0.009658174146183283
42001,147,0.008753841501297249
42001,148,0.008192051848901994
42001,149,0.007710979622292022
42001,150,0.0072714868678606485
42001,151,0.007109012615871565
42001,152,0.006971291838555437
42001,153,0.006797514342545577
42001,154,0.0064197669765802936
42001,155,0.005950143160791733
42001,156,0.005452547705288261
42001,157,0.004946068397263095
42001,158,0.0043924077111621935
42001,159,0.003896877015181325
42001,160,0.0034439638970730525
42001,161,0.0030479553477426795
42001,162,0.0027311887613163037
42001,163,0.002436173165157542
42001,164,0.0022141517402969493
42001,165,0.0020406312863429778
42001,166,0.0018848836741527982
42001,167,0.0017480591654958411
42001,168,0.0016825330595002523
42001,169,0.0016094581337582033
42001,170,0.0015531113197302414
42001,171,0.00152903419275825
42001,172,0.0015123705902457872
42001,173,0.0015273001058788299
42001,174,0.0015541901326548903
42001,175,0.0015441535639749153
42001,176,0.0015991657061557953
42001,177,0.0016107627633315197
42001,178,0.001576321740613341
42001,179,0.001515242032177153
42001,180,0.001435300385505234
42001,181,0.0013484671533867429
42001,182,0.0012142053924441793
42001,183,0.0010817766890291694
42001,184,0.0009580989172081835
42001,185,0.0008785580236078628
42001,186,0.0008118390996171251
42001,187,0.0007374670864291891
42001,188,0.0006711913143551771
42001,189,0.0006278160352836807
42001,190,0.000581940893597894
42001,191,0.0005553428802687332
42001,192,0.0005417489245132573
42001,193,0.0005111416224630906
42001,194,0.0005001912700638646
42001,195,0.000495375936482922
42001,196,0.0004946146004442447
42001,197,0.0005000639204371034
42001,198,0.0005115408248905908
42001,199,0.0005370226092348414
42001,200,0.0005896602200778913
42001,201,0.0006571049656395202
42001,202,0.0006721974843263351
42001,203,0.0006395961516625627
42001,204,0.0006033123470229566
42001,205,0.0005686792781362418
42001,206,0.000527320840632313
42001,207,0.000492036391220094
42001,208,0.00045049750354440366
42001,209,0.0004161097764243215
42001,210,0.00039328110120709977
42001,211,0.00037004693681703433
42001,212,0.00035485898479262624
42001,213,0.0003580738294737881
42001,214,0.0003467825091768461
42001,215,0.00033990119507854526
42003,73,0.14273477985032917
42003,74,0.13478349256300268
42003,75,0.1279926252984381
42003,76,0.12411964693144971
42003,77,0.12095930554448155
42003,78,0.1179475536722378
42003,79,0.11469697827326707
42003,80,0.11236204353422247
42003,81,0.10896276117843506
42003,82,0.10214585752969822
42003,83,0.0958556617606478
42003,84,0.09055040972384815
42003,85,0.08429164313733879
42003,86,0.07777704258730489
42003,87,0.0709508224932202
42003,88,0.06446472895584669
42003,89,0.05910919103050364
42003,90,0.05255407777597608
42003,91,0.045836021171270114
42003,92,0.03910409027747687
42003,93,0.034209571809580806
42003,94,0.030023442495076016
42003,95,0.026734779499318392
42003,96,0.02401415073604698
42003,97,0.02145781522552379
42003,98,0.01979909209675732
42003,99,0.018764350255105977
42003,100,0.017826811562631547
42003,101,0.01701894994297731
42003,102,0.016393230009441626
42003,103,0.015937770975115357
42003,104,0.015421109461558438
42003,105,0.014826539601373883
42003,106,0.014021106100336104
42003,107,0.013171491031016263
42003,108,0.012521056215669617
42003,109,0.011803705459060121
42003,110,0.011288040794588682
42003,111,0.010801365871305701
42003,112,0.010542369961073215
42003,113,0.010306025104270528
42003,114,0.009747101811458226
42003,115,0.00886912759653294
42003,116,0.007842682621108115
42003,117,0.007069679747377828
42003,118,0.006517022224750761
42003,119,0.006180798436481788
42003,120,0.005943436039071489
42003,121,0.005432268266463944
42003,122,0.004856633009462832
42003,123,0.004558993038621383
42003,124,0.00432540426735897
42003,125,0.004132652669196028
42003,126,0.003969752405137306
42003,127,0.00425886074380326
42003,128,0.00491541707135412
42003,129,0.0049560525927240156
42003,130,0.00444299169164319
42003,131,0.004182332930163072
42003,132,0.004191688135463817
42003,133,0.003995260813136292
42003,134,0.0037251846423012568
42003,135,0.003504925499273874
42003,136,0.0031818727566583615
42003,137,0.0029984422767789557
42003,138,0.002873599284612934
42003,139,0.0027417361379345373
42003,140,0.0026020095963737826
42003,141,0.0025405497648183666
42003,142,0.002348177102148653
42003,143,0.0022936894335561456
42003,144,0.00233616167122076
42003,145,0.0021851790476071537
42003,146,0.0020230185451454706
42003,147,0.0019360533231111917
42003,148,0.0018567939322988191
42003,149,0.001781621669329011
42003,150,0.0017626511768976715
42003,151,0.0017846283179279755
42003,152,0.0017748545014146906
42003,153,0.0018172188550423026
42003,154,0.0018474540098049957
42003,155,0.0018600771559000573
42003,156,0.0018391311689428037
42003,157,0.0017928445494699513
42003,158,0.0016904621739496396
42003,159,0.0016135772493617476
42003,160,0.0015574640189848098
42003,161,0.001492479925803278
42003,162,0.0013816852363296647
42003,163,0.001246416484635437
42003,164,0.001108034632670936
42003,165,0.0009952724013007502
42003,166,0.0009278530501372748
42003,167,0.0008931175968450371
42003,168,0.0008539175006777116
42003,169,0.0008088465270168258
42003,170,0.0007681266854745448
42003,171,0.0007604765497748714
42003,172,0.0007262748797814535
42003,173,0.0006851477536227197
42003,174,0.0006610094156335072
42003,175,0.0006752522584830331
42003,176,0.0007377397582236657
42003,177,0.0008311137541004367
42003,178,0.0009119574391942875
42003,179,0.0009428582596367179
42003,180,0.0009512307076167029
42003,181,0.0009678710164269232
42003,182,0.000930043878680567
42003,183,0.0008795255371284486
42003,184,0.0008282820991354314
42003,185,0.0007941148035705437
42003,186,0.0007583298618451797
42003,187,0.0006706692777574356
42003,188,0.0005950689791780422
42003,189,0.0005575211920985382
42003,190,0.0005165775815464989
42003,191,0.0004742683158630147
42003,192,0.00044183634976233414
42003,193,0.0004183000878367197
42003,194,0.00039330219766825085
42003,195,0.0003912486007300582
42003,196,0.00039158166993603943
42003,197,0.000395312408270225
42003,198,0.0004086659638240637
42003,199,0.0004452295530673755
42003,200,0.0004997778444521789
42003,201,0.0005702965536625975
42003,202,0.0005981384107519196
42003,203,0.0005845516063668439
42003,204,0.0005923465981433367
42003,205,0.0005899177891714022
42003,206,0.0005919633885406682
42003,207,0.0005737777544123179
42003,208,0.0005379624367516327
42003,209,0.0004981549876199661
42003,210,0.0004478746890024129
42003,211,0.0004108698999842906
42003,212,0.0003600496951446474
42003,213,0.0003171593890407187
42003,214,0.0002777521514672374
42003,215,0.00024950339593607574
42011,73,0.00020893524940113098
42011,74,0.00017478268168002556
42011,75,0.00016323295744297435
42011,76,0.0001564919190965892
42011,77,0.0001545144860611698
42011,78,0.00015164078079592442
42011,79,0.0001892869660475543
42011,80,0.000422704085151029
42011,81,0.0009175572758222306
42011,82,0.0015220407062312466
42011,83,0.0019090536508597194
42011,84,0.0026395534291872177
42011,85,0.0031093477666684043
42011,86,0.002939591919599893
42011,87,0.002690111335135039
42011,88,0.0024809152376195046
42011,89,0.002268505589779932
42011,90,0.0020183671087147122
42011,91,0.0017853812850600979
42011,92,0.0015325961664157484
42011,93,0.001359316339389989
42011,94,0.001223724725326737
42011,95,0.0011162114796120237
42011,96,0.0010322158705407605
42011,97,0.0009651523347330708
42011,98,0.0009157573495603593
42011,99,0.0008812254047975534
42011,100,0.0008555429988750556
42011,101,0.0008280554427012005
42011,102,0.000795714825927069
42011,103,0.0007740555676353624
42011,104,0.0007656458364871416
42011,105,0.0007567018527823948
42011,106,0.0007356214959281486
42011,107,0.0007038856151315932
42011,108,0.0006700895530273168
42011,109,0.0006280795234926217
42011,110,0.0005858703888290203
42011,111,0.0005357281885324536
42011,112,0.0004900472227100858
42011,113,0.00044616978332463904
42011,114,0.00040597560052373256
42011,115,0.0003620619922117776
42011,116,0.0003231156856509966
42011,117,0.0002977443252331083
42011,118,0.0002763632096044337
42011,119,0.00025681757229131336
42011,120,0.00024149446980230736
42011,121,0.0002337017226651589
42011,122,0.00022748671574926378
42011,123,0.00022183957599523874
42011,124,0.00021796746482899803
42011,125,0.00021830799525105043
42011,126,0.00022767919302655492
42011,127,0.0002443426537973087
42011,128,0.00026315103983546597
42011,129,0.0002915457130137919
42011,130,0.0003342902866920345
42011,131,0.0003803934620750168
42011,132,0.0004991325328776291
42011,133,0.0007749405687362052
42011,134,0.0009408651978892625
42011,135,0.0010175555667231511
42011,136,0.0010895357695294378
42011,137,0.0010710727801826552
42011,138,0.0009768056884871487
42011,139,0.0009665322163307659
42011,140,0.0010280677068761229
42011,141,0.002465034623731321
42011,142,0.007137496311007955
42011,143,0.007732570529332742
42011,144,0.006182776521716817
42011,145,0.0056862911150596515
42011,146,0.005366186790676711
42011,147,0.005221251018792788
42011,148,0.0047940249960087096
42011,149,0.004267961553535699
42011,150,0.0038187713915523794
42011,151,0.003463059490565777
42011,152,0.003169561779591185
42011,153,0.0029022505593214584
42011,154,0.0026083325973460638
42011,155,0.0023476185122590526
42011,156,0.0021139410398411315
42011,157,0.0018815044612165983
42011,158,0.0016757369668508667
42011,159,0.0014696489232143442
42011,160,0.0013005373274835193
42011,161,0.0011382928163715476
42011,162,0.000979944544083993
42011,163,0.0008219133497576461
42011,164,0.0006983914968576356
42011,165,0.0006130164413685827
42011,166,0.0005357782430696847
42011,167,0.00046624843098824303
42011,168,0.00040369965904970314
42011,169,0.0003510990858797343
42011,170,0.000311179356750124
42011,171,0.00028307446797177463
42011,172,0.00026338611284825955
42011,173,0.0002478194615925963
42011,174,0.00023635214538387738
42011,175,0.00022947135262642857
42011,176,0.0002432765195177879
42011,177,0.00026540088961708036
42011,178,0.0002671448347647113
42011,179,0.00025344690930062844
42011,180,0.0002379473177354325
42011,181,0.0002182911113677857
42011,182,0.0002025445323329787
42011,183,0.00018520710852158018
42011,184,0.00016804360589548482
42011,185,0.0001587145838050692
42011,186,0.00015488240489566998
42011,187,0.00015045186356062051
42011,188,0.0001419504721226486
42011,189,0.0001325075462684154
42011,190,0.00012715993477485792
42011,191,0.00011733533334637168
42011,192,0.00010711376351245765
42011,193,0.00010022910050880456
42011,194,9.179717630359476e-05
42011,195,8.600304004111124e-05
42011,196,8.280129082902886e-05
42011,197,8.236220143290376e-05
42011,198,8.668654646200381e-05
42011,199,9.665758799918899e-05
42011,200,0.00011596664650921293
42011,201,0.0001519863221451939
42011,202,0.00017038329122531857
42011,203,0.00016967728051389222
42011,204,0.00016214151623675983
42011,205,0.000155076392433515
42011,206,0.00014728565459606063
42011,207,0.00013821553613890952
42011,208,0.00013161703108679636
42011,209,0.00012523324416943842
42011,210,0.00012436699120297096
42011,211,0.00012261268083783636
42011,212,0.0001262187238216886
42011,213,0.0001290760700908704
42011,214,0.00012331850268785104
42011,215,0.00012398497888840978
42017,73,7.631225820216082e-05
42017,74,7.976415148536881e-05
42017,75,8.029583486732232e-05
42017,76,8.496093759290807e-05
42017,77,9.4269413147872e-05
42017,78,0.00010438487068838011
42017,79,0.00012338999559585183
42017,80,0.00020982285317007224
42017,81,0.00047103464044825113
42017,82,0.0006229115853070252
42017,83,0.0006672590221003883
42017,84,0.0006477731721284441
42017,85,0.0006235965190730357
42017,86,0.0005767895596513681
42017,87,0.0005193772791831212
42017,88,0.00048302071258832046
42017,89,0.00044946306275104247
42017,90,0.0003980837437797811
42017,91,0.0003548219521228392
42017,92,0.0003319877247287296
42017,93,0.00030586733893551624
42017,94,0.0002864212768895325
42017,95,0.0002677951827739979
42017,96,0.00024627516688216494
42017,97,0.00022807650962346486
42017,98,0.0002089140764398092
42017,99,0.00019363954119791955
42017,100,0.0001792106070818817
42017,101,0.00016802025655012268
42017,102,0.0001709443862819353
42017,103,0.0001781214877459993
42017,104,0.00018636152560376186
42017,105,0.00019352720673462956
42017,106,0.0001933337233412008
42017,107,0.0001886365618032274
42017,108,0.00018666196854135326
42017,109,0.00018585339454817813
42017,110,0.00018449042498692243
42017,111,0.0001814649400273079
42017,112,0.00017011462192503729
42017,113,0.00015892547892057342
42017,114,0.0001501623279069105
42017,115,0.00014174873592963087
42017,116,0.00013600288635643617
42017,117,0.00014077831610055685
42017,118,0.00013906774563210759
42017,119,0.0001331285293606595
42017,120,0.00012730623148262014
42017,121,0.00012926035603111756
42017,122,0.00013697200849183277
42017,123,0.0001487151279458973
42017,124,0.0001544668227826858
42017,125,0.00016432862869606807
42017,126,0.00022033183930819205
42017,127,0.00034909447723149135
42017,128,0.0004072320451342903
42017,129,0.00044002440585709334
42017,130,0.00044662910366069405
42017,131,0.0004483539174315301
42017,132,0.00044635901923268816
42017,133,0.00044847674698924645
42017,134,0.0004918642998964942
42017,135,0.0005503499605663506
42017,136,0.000552198778982772
42017,137,0.0005574292500582946
42017,138,0.000606637227473504
42017,139,0.0006031312025388594
42017,140,0.0006149015082224351
42017,141,0.0008058257613096876
42017,142,0.003141113035989385
42017,143,0.011088421060250604
42017,144,0.017044915916235782
42017,145,0.013691247480664461
42017,146,0.01079964618515133
42017,147,0.009223410913836754
42017,148,0.00824853893471742
42017,149,0.0070138762262204005
42017,150,0.005531919209093196
42017,151,0.0044599779447240875
42017,152,0.003586992632321172
42017,153,0.0028743994720780972
42017,154,0.002263450958562277
42017,155,0.0018085025472912644
42017,156,0.0014506732641953372
42017,157,0.0011476109640974244
42017,158,0.0008841728835134944
42017,159,0.0006867868938755424
42017,160,0.000536190560433476
42017,161,0.0004247809871764936
42017,162,0.00034323979802190063
42017,163,0.00026489990648614995
42017,164,0.00021042028376464184
42017,165,0.00019413614002658478
42017,166,0.00017770717241858748
42017,167,0.00016324722476217333
42017,168,0.0001503081905493295
42017,169,0.00012926409264188977
42017,170,0.00011642988863057054
42017,171,0.00011488375008173283
42017,172,0.0001130175254673482
42017,173,0.00012350357668865697
42017,174,0.00013119010769183114
42017,175,0.0001431057250148253
42017,176,0.00017017881343656674
42017,177,0.00019629717413107998
42017,178,0.00018913773382905314
42017,179,0.00017597571356665716
42017,180,0.00016714816303569228
42017,181,0.0001600560314889017
42017,182,0.0001491225143705074
42017,183,0.00013867748733601757
42017,184,0.00012452239853894757
42017,185,0.00012420588140193362
42017,186,0.00013627606318311616
42017,187,0.0001403756721300107
42017,188,0.00014494995178050642
42017,189,0.00014494432101352922
42017,190,0.00013983998177391144
42017,191,0.00013773197348252548
42017,192,0.00012859749743045643
42017,193,0.0001257857287562818
42017,194,0.00012117055743863495
42017,195,0.00011316216161352382
42017,196,0.00010346469423673227
42017,197,9.504415192415119e-05
42017,198,9.55286308505126e-05
42017,199,0.00010534107330989836
42017,200,0.0001368005292831038
42017,201,0.00016844305213887774
42017,202,0.00016897923340204287
42017,203,0.00014980655382830583
42017,204,0.00013345362117770005
42017,205,0.00012778390433001356
42017,206,0.00012159955928963653
42017,207,0.00011653453271564451
42017,208,0.00010517760208357385
42017,209,0.0001019934865901457
42017,210,0.00010379657639668772
42017,211,0.00010707241451574797
42017,212,0.00011158327916100222
42017,213,0.00011132669273976233
42017,214,0.00010341613178291185
42017,215,9.43293811610311e-05
42037,73,4.25389498076124e-05
42037,74,5.091052683036789e-05
42037,75,5.673386258482737e-05
42037,76,7.999184716913438e-05
42037,77,0.00015893145095218698
42037,78,0.00027329458742739936
42037,79,0.00047330604310317944
42037,80,0.0007502565035474495
42037,81,0.000946997433344405
42037,82,0.0011763098604006342
42037,83,0.0015086170445791894
42037,84,0.001826699733707065
42037,85,0.002141275423864716
42037,86,0.00214783766466229
42037,87,0.0018686903432815632
42037,88,0.0016350325338942433
42037,89,0.0014778493125885673
42037,90,0.0013020748754790608
42037,91,0.001116617272181461
42037,92,0.0009406057875290559
42037,93,0.0008347493317138091
42037,94,0.0007562116116764028
42037,95,0.0006945847780795364
42037,96,0.0006583067054837427
42037,97,0.0006321489938030242
42037,98,0.0006202409483263984
42037,99,0.0006133494668573007
42037,100,0.0005990619865945568
42037,101,0.0005931619288413528
42037,102,0.0005977552948504496
42037,103,0.0006077353730136139
42037,104,0.0006176260044791713
42037,105,0.0006212586817071529
42037,106,0.0006196194007400831
42037,107,0.0006122983278776026
42037,108,0.0005871399600187506
42037,109,0.0005640112511152503
42037,110,0.000533192362373681
42037,111,0.0005121384028612253
42037,112,0.000493413074158941
42037,113,0.0004663913073669743
42037,114,0.0004404125575278845
42037,115,0.00041520989935266
42037,116,0.0003959273825358552
42037,117,0.0003889654164818268
42037,118,0.00038523561746364846
42037,119,0.0003862954773854615
42037,120,0.00038796781814690924
42037,121,0.00041349084260972546
42037,122,0.0004863526550155157
42037,123,0.0005107321224732598
42037,124,0.0005320284492006158
42037,125,0.0005687359852231508
42037,126,0.0005941986848566357
42037,127,0.0006415045456126183
42037,128,0.0007076632458169615
42037,129,0.0008483444023050282
42037,130,0.001076586209184223
42037,131,0.0011581025835283164
42037,132,0.0011270869407279931
42037,133,0.0011168864341172613
42037,134,0.0011405765437662921
42037,135,0.0011300261021829781
42037,136,0.001085911970381416
42037,137,0.0011328078686506037
42037,138,0.0011182998002543438
42037,139,0.001388924158913505
42037,140,0.002967814919179664
42037,141,0.0048469470084895605
42037,142,0.005675543732103536
42037,143,0.005452488120006843
42037,144,0.005281945289043745
42037,145,0.005491812454046168
42037,146,0.005505501478926573
42037,147,0.00526914942269081
42037,148,0.005157372875973262
42037,149,0.005117471049636668
42037,150,0.005110868942301419
42037,151,0.00480878122712157
42037,152,0.004663469335887667
42037,153,0.004497511785578247
42037,154,0.004225502375784361
42037,155,0.003915709126238382
42037,156,0.0035526871140528164
42037,157,0.003168138086457441
42037,158,0.0028360039939303197
42037,159,0.002530284995642993
42037,160,0.0022549601285711865
42037,161,0.0020243078258169226
42037,162,0.0018351606972906612
42037,163,0.0016836721450996326
42037,164,0.0015240340380189476
42037,165,0.0014414905605637698
42037,166,0.0013745943024024163
42037,167,0.0013089014006289579
42037,168,0.001268509522414057
42037,169,0.0012172610410353642
42037,170,0.0011622942764639578
42037,171,0.0011531822251567348
42037,172,0.00115397899001519
42037,173,0.0010858020907296068
42037,174,0.0010837628990724103
42037,175,0.0011199872208317845
42037,176,0.001163994420793238
42037,177,0.001185071204170118
42037,178,0.0010906640158424305
42037,179,0.0010422947649193443
42037,180,0.0009876774292977455
42037,181,0.0009130772971367876
42037,182,0.0008543259211842084
42037,183,0.0007969470585677235
42037,184,0.0007411770985967974
42037,185,0.0006911131801207414
42037,186,0.0006659281024226538
42037,187,0.0006730743867691719
42037,188,0.0006432260141142198
42037,189,0.0006105694215403839
42037,190,0.0005896488349871109
42037,191,0.0005359097657950979
42037,192,0.000517484231600322
42037,193,0.0005105024559839607
42037,194,0.0005049589992605818
42037,195,0.0004911123404095615
42037,196,0.0004774732567880011
42037,197,0.00047690033358540256
42037,198,0.00048667363009792514
42037,199,0.00047397618689759736
42037,200,0.00051258851866381
42037,201,0.0005619006046039017
42037,202,0.0005261015174850287
42037,203,0.0005176899552208549
42037,204,0.000523063286087707
42037,205,0.0005207390589530166
42037,206,0.0004926942671382742
42037,207,0.0004750574341574125
42037,208,0.000453943829389785
42037,209,0.0004216359131129488
42037,210,0.00039685788437657607
42037,211,0.0003728362780843983
42037,212,0.00034526360965735087
42037,213,0.0003321909058418462
42037,214,0.0003242455420745637
42037,215,0.0003157802267938648
42071,73,0.0002571148058775301
42071,74,0.00022332001509235195
42071,75,0.00020857183801389765
42071,76,0.0002085905896028548
42071,77,0.00020491374584123806
42071,78,0.00020544696699875657
42071,79,0.00022168604879922602
42071,80,0.0003417691687733556
42071,81,0.0007057592329389314
42071,82,0.0010096982960430393
42071,83,0.0013405456280591857
42071,84,0.0017435481184549936
42071,85,0.0018993906680464107
42071,86,0.0017423542893538221
42071,87,0.001654927464445514
42071,88,0.0015810886448671376
42071,89,0.0014459970862364185
42071,90,0.0012896859406548817
42071,91,0.0011225275662222708
42071,92,0.000965684084485169
42071,93,0.0008458246498905836
42071,94,0.0007598813432081809
42071,95,0.0006923535657635001
42071,96,0.0006343028156886217
42071,97,0.0005816945759707875
42071,98,0.0005340321855538524
42071,99,0.0005208928681936105
42071,100,0.000511789954239726
42071,101,0.0004969979954422281
42071,102,0.0004888960965937826
42071,103,0.0004946960664761821
42071,104,0.0005108532699359818
42071,105,0.0005243741912935
42071,106,0.0005303802512945746
42071,107,0.0005253934963948632
42071,108,0.0005122541689571284
42071,109,0.0004795055410089319
42071,110,0.0004438472055389782
42071,111,0.0004276985780345358
42071,112,0.00041117963051661815
42071,113,0.00037640628238724746
42071,114,0.0003458571403212407
42071,115,0.0003205008676187148
42071,116,0.00028692705378194274
42071,117,0.00026458575967363884
42071,118,0.0002536948375306713
42071,119,0.000268204534486781
42071,120,0.0002886861377595538
42071,121,0.0003234321767374956
42071,122,0.00039417947867280233
42071,123,0.00038901234499361174
42071,124,0.0003814113365456966
42071,125,0.0003854551840254807
42071,126,0.00038602445277992787
42071,127,0.0003750155396433116
42071,128,0.0003635623740250611
42071,129,0.0003806487513529061
42071,130,0.0004035300866360621
42071,131,0.0005082656691870886
42071,132,0.0007641821771353319
42071,133,0.001000868622048247
42071,134,0.0010774208197113979
42071,135,0.0011933847946491518
42071,136,0.0013438740312483595
42071,137,0.001336746574841076
42071,138,0.0013834089075083194
42071,139,0.0017403853608569473
42071,140,0.004815093619162092
42071,141,0.019231306225835035
42071,142,0.03426472718799099
42071,143,0.03462425685182706
42071,144,0.030043322537049843
42071,145,0.02767194870312198
42071,146,0.02649072912943986
42071,147,0.02537606726929127
42071,148,0.022968595876956682
42071,149,0.02085034570955697
42071,150,0.019341303296940164
42071,151,0.0178168575025914
42071,152,0.01661099877694732
42071,153,0.015081794250550352
42071,154,0.013159787820240944
42071,155,0.011921363045419174
42071,156,0.01050656916285329
42071,157,0.008972783985181317
42071,158,0.007628932330876121
42071,159,0.006324723095778574
42071,160,0.00534204379433371
42071,161,0.004450365550690761
42071,162,0.003660801018806691
42071,163,0.0030533405731734396
42071,164,0.0026056328991032243
42071,165,0.002224521025661078
42071,166,0.001894824506521868
42071,167,0.0016069849685809603
42071,168,0.0014150154405550685
42071,169,0.0012458019791041612
42071,170,0.0011068895214268327
42071,171,0.0010245709526473519
42071,172,0.0009562551235384598
42071,173,0.0009102377350407403
42071,174,0.0008729474128079641
42071,175,0.000882621253042816
42071,176,0.000884974995470282
42071,177,0.0009039078526489166
42071,178,0.000901755612027829
42071,179,0.0008798065264442875
42071,180,0.0008449923921271198
42071,181,0.0007944863544220149
42071,182,0.0007161426316693279
42071,183,0.0006887943347519728
42071,184,0.0006372763842958237
42071,185,0.0005777489526011952
42071,186,0.0005458210154440488
42071,187,0.0004824707198681316
42071,188,0.00043405986062366325
42071,189,0.00040192774120898726
42071,190,0.000371489992978197
42071,191,0.0003453391998009217
42071,192,0.0003064460094155041
42071,193,0.00027487161880831074
42071,194,0.00024397032338111766
42071,195,0.0002247866043319859
42071,196,0.00021477896028941577
42071,197,0.0002072023149874807
42071,198,0.00020712937499087135
42071,199,0.00021711748801878864
42071,200,0.0002373758788814905
42071,201,0.0002722844900580469
42071,202,0.000283511555564711
42071,203,0.00027990825947182493
42071,204,0.0002677300211797727
42071,205,0.00024673214177206164
42071,206,0.00022683244021108633
42071,207,0.00020248472531127397
42071,208,0.0001838399673008577
42071,209,0.0001676129290895253
42071,210,0.00015623660101239483
42071,211,0.00014820651796016704
42071,212,0.00013849750034594042
42071,213,0.00012953196654559123
42071,214,0.00012109986458271036
42071,215,0.00011572864348231957
42073,73,0.04210708161490028
42073,74,0.041131010521407226
42073,75,0.039549896901749225
42073,76,0.03754698298445186
42073,77,0.03570335667736509
42073,78,0.034226749825338736
42073,79,0.033272402978942926
42073,80,0.032239131001558584
42073,81,0.031191935780695703
42073,82,0.029075961204646828
42073,83,0.027017070205294206
42073,84,0.025177595085621934
42073,85,0.023497110916132255
42073,86,0.021554330571197038
42073,87,0.01927430443990626
42073,88,0.01726666108412452
42073,89,0.015214323228976357
42073,90,0.01347217880624982
42073,91,0.011705544513017814
42073,92,0.009825319315296569
42073,93,0.008829167128455492
42073,94,0.008155826758818329
42073,95,0.007538172978456023
42073,96,0.007071210328019133
42073,97,0.0067915608111913635
42073,98,0.006685829571825377
42073,99,0.006636624635416854
42073,100,0.006602230282513618
42073,101,0.006481788801275394
42073,102,0.006474181619368588
42073,103,0.006520606362051945
42073,104,0.006407831351459529
42073,105,0.006309115175423833
42073,106,0.006037653437923593
42073,107,0.005696309650942096
42073,108,0.005357511822078075
42073,109,0.005049825056426081
42073,110,0.004838148674236143
42073,111,0.0047568975887817885
42073,112,0.004989360155695329
42073,113,0.005130735722835229
42073,114,0.004826973618111095
42073,115,0.0044909905347092615
42073,116,0.004301260168299524
42073,117,0.004186528981951581
42073,118,0.004005147948672927
42073,119,0.0038241014288025437
42073,120,0.0036424802773242396
42073,121,0.003456911014642076
42073,122,0.0033056444939085754
42073,123,0.003193167598121328
42073,124,0.0031334572992271358
42073,125,0.0030743816622125207
42073,126,0.00302964031256496
42073,127,0.003140462825932826
42073,128,0.0036059269709101615
42073,129,0.004219908320262811
42073,130,0.00464305813357055
42073,131,0.004785580168931455
42073,132,0.00465069812972088
42073,133,0.00439044062443772
42073,134,0.0040867179171789865
42073,135,0.003776299530464361
42073,136,0.0035132162446916727
42073,137,0.00331809127582695
42073,138,0.0032084238395397057
42073,139,0.0032444370828912106
42073,140,0.0034050833703105766
42073,141,0.0035007766957250172
42073,142,0.003379531723030705
42073,143,0.0033039614641305892
42073,144,0.0032969827859133747
42073,145,0.003284075616739235
42073,146,0.0032412826620427885
42073,147,0.00313855947870067
42073,148,0.00308687581362066
42073,149,0.003105051949116742
42073,150,0.003126407968058798
42073,151,0.003152104105059721
42073,152,0.0031922968352827616
42073,153,0.0032175517036115747
42073,154,0.0031983709163562438
42073,155,0.003045418648591506
42073,156,0.002977579500815422
42073,157,0.0028302623572521424
42073,158,0.002589666568274869
42073,159,0.0024254231496196677
42073,160,0.0022612205574161475
42073,161,0.002095732799028127
42073,162,0.0019086715703904773
42073,163,0.0017276094487252973
42073,164,0.0015705582958710608
42073,165,0.0014638511151789362
42073,166,0.001402039419818375
42073,167,0.0013586888638235748
42073,168,0.0013505713897900835
42073,169,0.0013223392262865115
42073,170,0.001300870858369681
42073,171,0.0012988815387079305
42073,172,0.0012905544467647512
42073,173,0.00128797015942098
42073,174,0.0013084285500612697
42073,175,0.0012962205597163896
42073,176,0.00135737850728328
42073,177,0.0014367449525095344
42073,178,0.001524796305872715
42073,179,0.0015705511292190752
42073,180,0.0015369594596270754
42073,181,0.0014699795069648039
42073,182,0.0014041414106031257
42073,183,0.0013405987800570915
42073,184,0.001263895173038934
42073,185,0.001187234910016601
42073,186,0.001129689233140925
42073,187,0.0010595220543778798
42073,188,0.0009853979523591367
42073,189,0.0009342338892264717
42073,190,0.0008875503340416265
42073,191,0.0008479494987729647
42073,192,0.0008261644207874578
42073,193,0.000802878677006617
42073,194,0.0007918638473557255
42073,195,0.0007949094909566728
42073,196,0.0007927079796367394
42073,197,0.0007849043118202618
42073,198,0.0007734916292067169
42073,199,0.0007893023338650362
42073,200,0.0008621589580932226
42073,201,0.000946174746151254
42073,202,0.000971159365219368
42073,203,0.0009767717085658485
42073,204,0.0009727671346187962
42073,205,0.0009235081376571874
42073,206,0.0008600193302043497
42073,207,0.0008155048861764933
42073,208,0.0007701724347217674
42073,209,0.0007418981367117973
42073,210,0.0007270123819037987
42073,211,0.0006919390291760817
42073,212,0.0006365601894086335
42073,213,0.0006237025252895203
42073,214,0.0006209468674725963
42073,215,0.0006057692750831644
42087,73,0.012636656070551902
42087,74,0.01278632462993233
42087,75,0.007366847679154221
42087,76,0.002072519476872211
42087,77,0.0026316056944179433
42087,78,0.00389527637610605
42087,79,0.00454432451398758
42087,80,0.005005049164723798
42087,81,0.005790369387230696
42087,82,0.006353132813360605
42087,83,0.006825154879435108
42087,84,0.007619329007134196
42087,85,0.00758408240516069
42087,86,0.007033429105614706
42087,87,0.006655089312788596
42087,88,0.006366656375297831
42087,89,0.006113561292692784
42087,90,0.0057615049814662665
42087,91,0.005229201959455223
42087,92,0.004608769705544369
42087,93,0.004327376758228027
42087,94,0.004118599762865688
42087,95,0.003977213044517881
42087,96,0.0038689153124285176
42087,97,0.003563542434443412
42087,98,0.0034993283905390806
42087,99,0.0034880693000300376
42087,100,0.003375314510694864
42087,101,0.0033502354519703175
42087,102,0.003265814825316617
42087,103,0.0032734762519222135
42087,104,0.0032039655884272653
42087,105,0.0031936679488807226
42087,106,0.0031734723491378017
42087,107,0.003062203609280036
42087,108,0.002887479731247241
42087,109,0.0027339517745771256
42087,110,0.002563797585385231
42087,111,0.002385969393972786
42087,112,0.0022197886433776345
42087,113,0.002042419485101077
42087,114,0.001894437891496163
42087,115,0.0017676519490782971
42087,116,0.0016676511193543008
42087,117,0.0015904965763672086
42087,118,0.0015235543945835092
42087,119,0.0014765878323736684
42087,120,0.0014633857642070377
42087,121,0.0013790664967378342
42087,122,0.001397105529400781
42087,123,0.0013812917332257093
42087,124,0.0013897862613230086
42087,125,0.0013645220498660978
42087,126,0.001377889034759868
42087,127,0.0013692223997345888
42087,128,0.0013925036890076526
42087,129,0.0014061826392108019
42087,130,0.001370740121443103
42087,131,0.0013782421572686645
42087,132,0.001384163246711317
42087,133,0.0013601918977197336
42087,134,0.0013102636338282758
42087,135,0.0012086353399336917
42087,136,0.0012415408617713324
42087,137,0.0014606397942542937
42087,138,0.0016557271814416849
42087,139,0.0018394706954587114
42087,140,0.0019819104377206405
42087,141,0.0027287462062792756
42087,142,0.004266017590074687
42087,143,0.005439774839880574
42087,144,0.005613232275459574
42087,145,0.00551992263835436
42087,146,0.005772827727790611
42087,147,0.006059976957412028
42087,148,0.006245095772798024
42087,149,0.006209484195230975
42087,150,0.0061114637084533135
42087,151,0.006045885824090672
42087,152,0.0059920712145216555
42087,153,0.0059068744814659135
42087,154,0.0057396029890509175
42087,155,0.005542707846282563
42087,156,0.005270147533463159
42087,157,0.004895701561746953
42087,158,0.004569643546717787
42087,159,0.004236583110794713
42087,160,0.003944448531816198
42087,161,0.0036444743180439007
42087,162,0.003330269986581168
42087,163,0.0030526005122470286
42087,164,0.002815150381082721
42087,165,0.0026199157762930203
42087,166,0.002492939996446575
42087,167,0.002382132314762335
42087,168,0.0023311782262367266
42087,169,0.002295341331324194
42087,170,0.002268283633248332
42087,171,0.00225896198135094
42087,172,0.002164594814946304
42087,173,0.002165386732145183
42087,174,0.002087054319521134
42087,175,0.002093598337176091
42087,176,0.0020757831430461503
42087,177,0.002104894629418356
42087,178,0.0019646227376237282
42087,179,0.0018384158493853428
42087,180,0.0017524680788831098
42087,181,0.0016896016815516255
42087,182,0.00163150248512847
42087,183,0.0015488087388090003
42087,184,0.0014656472507070778
42087,185,0.0013921135139446576
42087,186,0.001338873558001035
42087,187,0.0012814006001690328
42087,188,0.0012188220256153792
42087,189,0.0011689259629196875
42087,190,0.0011337834640079772
42087,191,0.0010975227665024345
42087,192,0.0010744455739500993
42087,193,0.001060177180454648
42087,194,0.0010581899866707247
42087,195,0.0009912919307919052
42087,196,0.0009719875736304952
42087,197,0.0009583730289969583
42087,198,0.0009576854199149201
42087,199,0.0009802196247234156
42087,200,0.0009729818321759143
42087,201,0.0010279839046754933
42087,202,0.0010419459659195684
42087,203,0.0010216743747240285
42087,204,0.0010153833434164196
42087,205,0.0009879732496286763
42087,206,0.0009123251728586277
42087,207,0.0008545560168449289
42087,208,0.0008216663526616426
42087,209,0.0007990822666937364
42087,210,0.00077786692676347
42087,211,0.0007571283968293383
42087,212,0.0007493939651093423
42087,213,0.0007253585844325997
42087,214,0.0006868739394698358
42087,215,0.0006483022567362876
42093,73,7.100213015194991e-05
42093,74,8.837215744586018e-05
42093,75,9.939085203197583e-05
42093,76,0.00011650904463265314
42093,77,0.00016516641920807722
42093,78,0.00024183283862309923
42093,79,0.0003626351388146362
42093,80,0.0006772646365359853
42093,81,0.0010094333523598478
42093,82,0.0012447525584413281
42093,83,0.0022690614378666736
42093,84,0.003660266602339341
42093,85,0.004304696304671634
42093,86,0.003923353242696868
42093,87,0.003466322833448896
42093,88,0.0033610442764842622
42093,89,0.003325989885978016
42093,90,0.0031702227508302364
42093,91,0.0028788584653578093
42093,92,0.0025775815349326123
42093,93,0.0023984484638587995
42093,94,0.002243022875616662
42093,95,0.0021603100046610367
42093,96,0.00209726040541733
42093,97,0.002053251124969353
42093,98,0.0020398441796884346
42093,99,0.00203093271562193
42093,100,0.00190742284731248
42093,101,0.0019056625909825032
42093,102,0.0019163684374103114
42093,103,0.001819915886604729
42093,104,0.0018332613721135712
42093,105,0.0017470250779931197
42093,106,0.0017343300487387629
42093,107,0.0017203171510971908
42093,108,0.0017160328359907522
42093,109,0.001821178672164054
42093,110,0.001857523814846045
42093,111,0.0018313760543116832
42093,112,0.0017870415262091267
42093,113,0.0017524588231390824
42093,114,0.0017229134494352392
42093,115,0.001676884236988513
42093,116,0.0016476134578929345
42093,117,0.0016336603948882119
42093,118,0.0016375656558440639
42093,119,0.0016728182536523781
42093,120,0.001701344857002331
42093,121,0.0015659569982508584
42093,122,0.0015728890511671019
42093,123,0.0016273956797336886
42093,124,0.0017008052257440566
42093,125,0.0016693642631626137
42093,126,0.0017163102542388413
42093,127,0.0017879254032171815
42093,128,0.001780729197498787
42093,129,0.0019876881670430353
42093,130,0.002431164669930627
42093,131,0.0027701038451426246
42093,132,0.002869990490524271
42093,133,0.0029145302752642327
42093,134,0.0029365749659933794
42093,135,0.0028937008655774
42093,136,0.0028941782944249803
42093,137,0.002930221611851145
42093,138,0.0029247054491517636
42093,139,0.0033213811210282794
42093,140,0.0039585065594636044
42093,141,0.004924685048941083
42093,142,0.005439077799277325
42093,143,0.005801405850043011
42093,144,0.00612968542680722
42093,145,0.006354739799616195
42093,146,0.006395046451782537
42093,147,0.0064511814474680846
42093,148,0.006529226999802936
42093,149,0.006723376637539225
42093,150,0.006719486008093583
42093,151,0.006669628695239572
42093,152,0.006426846998490096
42093,153,0.006253419691895307
42093,154,0.006046113591454297
42093,155,0.00574553807260675
42093,156,0.005506200465080139
42093,157,0.0052428460155496005
42093,158,0.0050000455974413775
42093,159,0.004719750154956942
42093,160,0.004339353957948502
42093,161,0.003992547227189647
42093,162,0.003719584687266278
42093,163,0.0035187725581583033
42093,164,0.0032880936202826392
42093,165,0.0031220120247810955
42093,166,0.002968573716460438
42093,167,0.002842041678006413
42093,168,0.0027681761431424864
42093,169,0.002682938249148159
42093,170,0.0025919262242149782
42093,171,0.0025476006389850733
42093,172,0.002524474747123564
42093,173,0.0025109460185781603
42093,174,0.0024988931007983435
42093,175,0.0023513440793386997
42093,176,0.002337257734217014
42093,177,0.002253477542963788
42093,178,0.002178754315469319
42093,179,0.002082445359704531
42093,180,0.0019430524130686633
42093,181,0.001874960534404063
42093,182,0.0018127039434852209
42093,183,0.0017467472739374431
42093,184,0.001665104173904237
42093,185,0.0016020964478315395
42093,186,0.0015508013253568678
42093,187,0.001497436068302295
42093,188,0.0014286628336620802
42093,189,0.0013748258915357405
42093,190,0.0013379373567071716
42093,191,0.0012894812455425957
42093,192,0.0012581294763026009
42093,193,0.001206760399323647
42093,194,0.0011597653157736302
42093,195,0.0011072729360788805
42093,196,0.0010581036107147755
42093,197,0.001005381932378825
42093,198,0.0009739288769205158
42093,199,0.0009428572785465803
42093,200,0.0009396608704540969
42093,201,0.0009356868291003185
42093,202,0.0009005919318714648
42093,203,0.000848718433128946
42093,204,0.0007867755228302535
42093,205,0.0007210991836412074
42093,206,0.0006638638060872127
42093,207,0.000612125625892738
42093,208,0.0005684948291835146
42093,209,0.0005318628284097244
42093,210,0.0005126024680502849
42093,211,0.0004857016088495722
42093,212,0.0004662135653999837
42093,213,0.00045371030782737006
42093,214,0.0004358381994003592
42093,215,0.000407691865086433
42099,73,0.001676713809527559
42099,74,0.0017357657090604686
42099,75,0.0016453187389624084
42099,76,0.0015784681813318018
42099,77,0.0016825858578752722
42099,78,0.0019110411778854644
42099,79,0.0019810382252725247
42099,80,0.0019989775161819486
42099,81,0.0020745929760166482
42099,82,0.002105877036472481
42099,83,0.002020111050042067
42099,84,0.001982431667911706
42099,85,0.0019229468588645065
42099,86,0.0017681659722034527
42099,87,0.001707583710868082
42099,88,0.0016449196422590078
42099,89,0.00157877872223644
42099,90,0.0013916034867671166
42099,91,0.0012374927559919804
42099,92,0.0011074464526330638
42099,93,0.0010083561580566216
42099,94,0.000918676788442406
42099,95,0.0008468924467526472
42099,96,0.0007896671499217902
42099,97,0.0007338963841759852
42099,98,0.0007008399507424025
42099,99,0.0006835353705021187
42099,100,0.0006746669709127937
42099,101,0.0006294040591316632
42099,102,0.0006099857865638689
42099,103,0.0006082380064255753
42099,104,0.0006209853766989703
42099,105,0.0006324927776701893
42099,106,0.0006242368452074596
42099,107,0.0006045838987253008
42099,108,0.0005921302182197686
42099,109,0.0005922793888860244
42099,110,0.0005759809468321562
42099,111,0.0005562557366123698
42099,112,0.0005393733579788717
42099,113,0.0005194767266342345
42099,114,0.0005028106252522363
42099,115,0.0004817680816111953
42099,116,0.0004660409543491722
42099,117,0.00047448738314747046
42099,118,0.00048145904126021654
42099,119,0.0004921862408926351
42099,120,0.0004964136411617708
42099,121,0.0005055855555716913
42099,122,0.0005387343821698139
42099,123,0.0005642448335955426
42099,124,0.0005713068133910293
42099,125,0.0005908159411450544
42099,126,0.0006352000768795933
42099,127,0.0006588286622893471
42099,128,0.0007066482042459581
42099,129,0.0007601008018331978
42099,130,0.000796539033915102
42099,131,0.0008695816450707563
42099,132,0.0009364908335324767
42099,133,0.0010239779006323744
42099,134,0.0010558107905991319
42099,135,0.0010848569686840108
42099,136,0.0012178954729594172
42099,137,0.0013108781629421378
42099,138,0.001655375014796652
42099,139,0.0025132965267412152
42099,140,0.003863719592646706
42099,141,0.005194317650823253
42099,142,0.006712177441844118
42099,143,0.008759191941303167
42099,144,0.008915087522657348
42099,145,0.008079061002140174
42099,146,0.007469047731902499
42099,147,0.007225183242900051
42099,148,0.007106201511991967
42099,149,0.0067482435486558665
42099,150,0.006507268843612404
42099,151,0.006292707081213724
42099,152,0.00608909851403875
42099,153,0.005872550606517254
42099,154,0.0055210931013715
42099,155,0.005165612992539371
42099,156,0.004818402822414458
42099,157,0.004427370866202518
42099,158,0.004027029566634028
42099,159,0.003594583068612609
42099,160,0.003199426856956608
42099,161,0.002832397744280757
42099,162,0.002515703182410977
42099,163,0.0022968510212992323
42099,164,0.002120973353391196
42099,165,0.0019380725196497437
42099,166,0.0017931775747173286
42099,167,0.0016769316835989097
42099,168,0.0016168539190554504
42099,169,0.001531882457639929
42099,170,0.0014488151542289686
42099,171,0.0014152020066617998
42099,172,0.0013918968695403342
42099,173,0.0013733048466442145
42099,174,0.0013658604335807262
42099,175,0.0013863252721562655
42099,176,0.0013761649451280067
42099,177,0.0014182764639195755
42099,178,0.0014618290911194416
42099,179,0.0014739197066064645
42099,180,0.0014474399640314448
42099,181,0.0014068740953511313
42099,182,0.0013382294259359027
42099,183,0.0012925414407533968
42099,184,0.001236284269187518
42099,185,0.001168729735242038
42099,186,0.0011105514413254816
42099,187,0.0010480612552340198
42099,188,0.000989170860239563
42099,189,0.0009432691621651829
42099,190,0.0009013390268933112
42099,191,0.00085412277698687
42099,192,0.0008200085113272281
42099,193,0.0007909937531655599
42099,194,0.0007913627481126929
42099,195,0.0007903272042957565
42099,196,0.0007348104755398984
42099,197,0.0007206988910692594
42099,198,0.0007279039019322563
42099,199,0.0007135698509284032
42099,200,0.0007551395020644715
42099,201,0.0007815853631498766
42099,202,0.0008229094060489768
42099,203,0.0008945014251510377
42099,204,0.0009472440597679926
42099,205,0.0009773766194047767
42099,206,0.0009690051619611498
42099,207,0.0009227595842293144
42099,208,0.0008578769391056155
42099,209,0.0008191643865594898
42099,210,0.0007978847656218061
42099,211,0.0007766723681964756
42099,212,0.0007610764043883187
42099,213,0.0007337656071479883
42099,214,0.0006759248749119394
42099,215,0.000627779340496234
42105,73,0.0016649854022364346
42105,74,0.004597986797807176
42105,75,0.008365122006846215
42105,76,0.013894570040259428
42105,77,0.021414940205981108
42105,78,0.022822117714954362
42105,79,0.02497664763607823
42105,80,0.02692765834680191
42105,81,0.02799736365795988
42105,82,0.029826720037490886
42105,83,0.030113461401776367
42105,84,0.02935721605719525
42105,85,0.02912129959677163
42105,86,0.028523270982166043
42105,87,0.0276278739304273
42105,88,0.026970129291626933
42105,89,0.026141049407364964
42105,90,0.025375130399974365
42105,91,0.024112237787629078
42105,92,0.02260363129733479
42105,93,0.021647513545127346
42105,94,0.021115848886876034
42105,95,0.0207852787603886
42105,96,0.019393203223515742
42105,97,0.01909368132417925
42105,98,0.019051135523529304
42105,99,0.019060829461459036
42105,100,0.019112454541113447
42105,101,0.019050418171130717
42105,102,0.01915987674416511
42105,103,0.019269188603783623
42105,104,0.019417010128156994
42105,105,0.0192157690750342
42105,106,0.020384287812804894
42105,107,0.023931437920380993
42105,108,0.025543981473020217
42105,109,0.027368992864672245
42105,110,0.029215242326067727
42105,111,0.030321985051975406
42105,112,0.03145081458699251
42105,113,0.03186887700098666
42105,114,0.032348033933850634
42105,115,0.03322090861704587
42105,116,0.0334368541043504
42105,117,0.03465541208285098
42105,118,0.03553965877351145
42105,119,0.034913043945179155
42105,120,0.03549342519893183
42105,121,0.03688017403053693
42105,122,0.036247663031807605
42105,123,0.03714262849034154
42105,124,0.037296352107766204
42105,125,0.03759055873411654
42105,126,0.03642090587906923
42105,127,0.03713199290566587
42105,128,0.039823529972894664
42105,129,0.04135379101533757
42105,130,0.043118240303570685
42105,131,0.042150269367546324
42105,132,0.03779914788748487
42105,133,0.033447229273526516
42105,134,0.03051971252075622
42105,135,0.02850281383015763
42105,136,0.026849768189910198
42105,137,0.025301482479962802
42105,138,0.024198942682860092
42105,139,0.023447706597600867
42105,140,0.023077103737636308
42105,141,0.022800814458692566
42105,142,0.02305902712236176
42105,143,0.021926521316967287
42105,144,0.02236470426202179
42105,145,0.022604009473450173
42105,146,0.02134904891959615
42105,147,0.021919533379600578
42105,148,0.021898139120681764
42105,149,0.022098376423089962
42105,150,0.021945863543854915
42105,151,0.02266300355821846
42105,152,0.022287929533429438
42105,153,0.023327622478503333
42105,154,0.02318867086146371
42105,155,0.024478615076743326
42105,156,0.02469558271830678
42105,157,0.023445990217778805
42105,158,0.022917803590574885
42105,159,0.023180313981760677
42105,160,0.023969052063873942
42105,161,0.023894656048438784
42105,162,0.023730367769759474
42105,163,0.02348800605769632
42105,164,0.023158290977523432
42105,165,0.023263762127779274
42105,166,0.020901789935285745
42105,167,0.020511892432561574
42105,168,0.020404299623547607
42105,169,0.018510170331308848
42105,170,0.01817145307746535
42105,171,0.017245303249322035
42105,172,0.01704955266785351
42105,173,0.01643223911171753
42105,174,0.016277774453347917
42105,175,0.016010073969853846
42105,176,0.015957531441038585
42105,177,0.01532760906921694
42105,178,0.014939415576403688
42105,179,0.014946352970480668
42105,180,0.01517202245390568
42105,181,0.015198446584682477
42105,182,0.015230528508243345
42105,183,0.01511037654348788
42105,184,0.015069319186711677
42105,185,0.015076675620998174
42105,186,0.01515735662210097
42105,187,0.015169375959171255
42105,188,0.015252861573059358
42105,189,0.015322176198428903
42105,190,0.015305001737933817
42105,191,0.013864184047808658
42105,192,0.013846415205665812
42105,193,0.012764187389038402
42105,194,0.012610617210109663
42105,195,0.012554708472127083
42105,196,0.011867930441238421
42105,197,0.011820797642589748
42105,198,0.011438806677283132
42105,199,0.01144113506774782
42105,200,0.011141259764365918
42105,201,0.0111228182597571
42105,202,0.010973059019089612
42105,203,0.010869640885864867
42105,204,0.010818094655980758
42105,205,0.010657498596927797
42105,206,0.010514490451709225
42105,207,0.010391705693362438
42105,208,0.01034817517861384
42105,209,0.010420221836136362
42105,210,0.010354903043179585
42105,211,0.008717805249484362
42105,212,0.008315949489964397
42105,213,0.007958345234767739
42105,214,0.007509039502013225
42105,215,0.007239353720276348
42107,73,0.00011421184777373702
42107,74,4.5969632225430015e-05
42107,75,4.423214979171844e-05
42107,76,4.563568455812381e-05
42107,77,4.828905324219625e-05
42107,78,6.295683952288324e-05
42107,79,8.730824093496807e-05
42107,80,0.00014919726619001984
42107,81,0.0002790004689932662
42107,82,0.0004210819709399696
42107,83,0.0005187030061773221
42107,84,0.0005720251137235114
42107,85,0.000643528094031143
42107,86,0.0006431163349295377
42107,87,0.0005658652739417393
42107,88,0.0004963389358326563
42107,89,0.0004421526895444992
42107,90,0.00038943546431518796
42107,91,0.000341926454285207
42107,92,0.00029963385188061574
42107,93,0.0002726182399951961
42107,94,0.0002477622633828131
42107,95,0.00022804911786233523
42107,96,0.00021299950588816774
42107,97,0.00019974232505064548
42107,98,0.0001886772628381255
42107,99,0.00018293724527071136
42107,100,0.0001786785325882442
42107,101,0.0001742045952632378
42107,102,0.00017102777993717263
42107,103,0.0001768558628472698
42107,104,0.0001976016153114546
42107,105,0.00021535430766291352
42107,106,0.00021598766604640526
42107,107,0.0002133729649040535
42107,108,0.00020837196422024675
42107,109,0.00019847909437373313
42107,110,0.00019190977832165453
42107,111,0.00018940996723221652
42107,112,0.00018486059017471695
42107,113,0.0001734567643450391
42107,114,0.00016667519340421037
42107,115,0.0001582023871354976
42107,116,0.00014842659091403952
42107,117,0.00014586426378086428
42107,118,0.00015029968138505404
42107,119,0.00015451129317504777
42107,120,0.00015827303292037677
42107,121,0.00017165468606012926
42107,122,0.00018498592942364897
42107,123,0.00020144909235834734
42107,124,0.00022224289381991578
42107,125,0.00023296203475668795
42107,126,0.0002462294775166317
42107,127,0.000261223953141144
42107,128,0.00029025216113903285
42107,129,0.0003455607655603449
42107,130,0.0004189312352962136
42107,131,0.0004939087416995058
42107,132,0.0007328871376479032
42107,133,0.0016282706921443085
42107,134,0.002260176185492063
42107,135,0.002372856389108882
42107,136,0.0022339835028034366
42107,137,0.002165905548488964
42107,138,0.0020996511429587274
42107,139,0.0021343866979812278
42107,140,0.002891759288737365
42107,141,0.006123465224885447
42107,142,0.008477854666596073
42107,143,0.008270996790759056
42107,144,0.007460791827765299
42107,145,0.0074278998235770746
42107,146,0.0071078111792897795
42107,147,0.006423245682889844
42107,148,0.005871670535913404
42107,149,0.00544599909388718
42107,150,0.0051732801719040844
42107,151,0.00481941751127922
42107,152,0.004478111756384233
42107,153,0.004136727666472136
42107,154,0.0037153534906453857
42107,155,0.003343190266736317
42107,156,0.0029287852360815707
42107,157,0.0025378012852672834
42107,158,0.002197661263181535
42107,159,0.00188638575478093
42107,160,0.0016354358073156978
42107,161,0.001423760614193707
42107,162,0.0012514587363963731
42107,163,0.001085252679188115
42107,164,0.0009431338070221746
42107,165,0.0008371405557638468
42107,166,0.0007541782819625408
42107,167,0.0006953754160068231
42107,168,0.0006501822346404433
42107,169,0.0005860267655243771
42107,170,0.0005390546595454071
42107,171,0.0005065778996756219
42107,172,0.00047738016305500365
42107,173,0.0004597304673258358
42107,174,0.00045399982352895734
42107,175,0.0004553828947278509
42107,176,0.00048084635881145125
42107,177,0.00048257072050819665
42107,178,0.0004696395128289718
42107,179,0.00045094359175926565
42107,180,0.00040416434030415713
42107,181,0.0003638900298588872
42107,182,0.00033313944135044435
42107,183,0.0002905799134736155
42107,184,0.00025615439849773283
42107,185,0.00022712119698665905
42107,186,0.00021226792125261915
42107,187,0.00019351388107253159
42107,188,0.00017459317929992093
42107,189,0.00015846732332697075
42107,190,0.00014463572885553555
42107,191,0.00013661364318036436
42107,192,0.0001278141734700721
42107,193,0.00011722666516230183
42107,194,0.00010909585797105545
42107,195,0.00010520574074079475
42107,196,0.00010235270140909976
42107,197,0.0001006647592086647
42107,198,0.00010257797332513398
42107,199,0.00011497175238038297
42107,200,0.00015387810835789352
42107,201,0.00018615343991333597
42107,202,0.0001929566532341213
42107,203,0.00019377243408579074
42107,204,0.00018356728304283793
42107,205,0.00017246591462256677
42107,206,0.00016525444463107668
42107,207,0.00015595239993061505
42107,208,0.00014316958540972348
42107,209,0.00013173549075463217
42107,210,0.00012455078151222184
42107,211,0.00012064590013088456
42107,212,0.00011923661616551558
42107,213,0.00011994528748955646
42107,214,0.00011905115887287373
42107,215,0.00011933576299707657
42111,73,0.02552725596900505
42111,74,0.023335607205104015
42111,75,0.02143881898063672
42111,76,0.020107846752973273
42111,77,0.019450083062274626
42111,78,0.01870605609980444
42111,79,0.01802360382117522
42111,80,0.017360157941387254
42111,81,0.01642060033053179
42111,82,0.01528966645225478
42111,83,0.014036954062207873
42111,84,0.012914672616738891
42111,85,0.011609692759112163
42111,86,0.010285993337578455
42111,87,0.009083280341570327
42111,88,0.008095964358506142
42111,89,0.0071833438996726975
42111,90,0.00617973890466564
42111,91,0.005306800540693395
42111,92,0.004478366147474164
42111,93,0.003971596820558468
42111,94,0.0035902685876418494
42111,95,0.0032198366286572016
42111,96,0.0029929931763668176
42111,97,0.0028053908728280642
42111,98,0.0026927545736310453
42111,99,0.0026356684131326057
42111,100,0.002595859308598405
42111,101,0.0025785302185399464
42111,102,0.0025768237277886538
42111,103,0.0026053642382528578
42111,104,0.002657623688150759
42111,105,0.002839474782150081
42111,106,0.0031830098867701704
42111,107,0.003256737591882084
42111,108,0.0032333939322715896
42111,109,0.0033551400593719556
42111,110,0.00349268713528343
42111,111,0.0035557506958579883
42111,112,0.0033484815593347777
42111,113,0.0032382310686565724
42111,114,0.0032252870319348734
42111,115,0.003013083749456429
42111,116,0.0027928692894332013
42111,117,0.0027400664824904484
42111,118,0.0026834731473436464
42111,119,0.0026062571194250257
42111,120,0.0026268316700757224
42111,121,0.0028140317129458406
42111,122,0.0029762093415162567
42111,123,0.0030338510518346947
42111,124,0.003097162619394414
42111,125,0.003125082929219215
42111,126,0.003120305302318544
42111,127,0.003167685877812262
42111,128,0.003245021152583876
42111,129,0.0032643593893599845
42111,130,0.0032406202273733667
42111,131,0.0031394257810522744
42111,132,0.002884671616615716
42111,133,0.002733199552371788
42111,134,0.002644014349658087
42111,135,0.0025539030996431147
42111,136,0.002689488661815814
42111,137,0.002615903773590099
42111,138,0.002749584064161147
42111,139,0.0032955043314643736
42111,140,0.003840521211455458
42111,141,0.004317311863886645
42111,142,0.004889670953064987
42111,143,0.00538899873012612
42111,144,0.0057008442103932055
42111,145,0.005736049235451657
42111,146,0.005729573017045848
42111,147,0.00564269183198479
42111,148,0.005608593488587166
42111,149,0.005479517950658896
42111,150,0.005341398507383401
42111,151,0.005262543413257914
42111,152,0.005278285686647278
42111,153,0.005301821535937954
42111,154,0.005279421056508594
42111,155,0.005188914776711664
42111,156,0.005040784290132595
42111,157,0.004769925098656421
42111,158,0.00451133763333738
42111,159,0.004134411554277349
42111,160,0.0037280661182748035
42111,161,0.003386234784578003
42111,162,0.003110575850462005
42111,163,0.0028041676938689412
42111,164,0.002510063925718553
42111,165,0.002281117783346125
42111,166,0.002114838978887864
42111,167,0.0019976155542996907
42111,168,0.0019285669180240828
42111,169,0.001845535989197291
42111,170,0.0017850286850268002
42111,171,0.001759798172701407
42111,172,0.0017719874180016219
42111,173,0.0017876412859429809
42111,174,0.0018020184461114224
42111,175,0.0017675333640222604
42111,176,0.0018315102755446647
42111,177,0.0018746751175885428
42111,178,0.0018380655368697434
42111,179,0.0017732644618098968
42111,180,0.0017389087915763376
42111,181,0.0016661489944253059
42111,182,0.001555487836457991
42111,183,0.0014297811229501069
42111,184,0.0013202884157197602
42111,185,0.001230560928654769
42111,186,0.0011555309964703937
42111,187,0.0010627943026426726
42111,188,0.0009703582367105849
42111,189,0.0008998653548542552
42111,190,0.0008481727520973897
42111,191,0.0008058465441773932
42111,192,0.0007784151379263194
42111,193,0.0007505546115124228
42111,194,0.0007339336477542283
42111,195,0.000730979881629054
42111,196,0.0007272728369613898
42111,197,0.0007253097044611103
42111,198,0.0007397798343833423
42111,199,0.0007967549361968006
42111,200,0.000911474514676311
42111,201,0.001008464709719815
42111,202,0.001067858512362414
42111,203,0.0010943385552224772
42111,204,0.0010237643978262276
42111,205,0.0009529750338303555
42111,206,0.0008862691692763546
42111,207,0.0008254835640770657
42111,208,0.000758381477256717
42111,209,0.0006990327970976907
42111,210,0.0006419810408095602
42111,211,0.0005967794466738087
42111,212,0.0005640079678245674
42111,213,0.0005314398846758101
42111,214,0.0005025512495021103
42111,215,0.0004835533536529369
42117,73,7.086089541138029e-05
42117,74,0.0001246546181679451
42117,75,0.00026972216831015457
42117,76,0.0005094019272075381
42117,77,0.0006479906219703322
42117,78,0.000703926162426305
42117,79,0.0008897746642248269
42117,80,0.0012767703732751141
42117,81,0.0016406277259555697
42117,82,0.0019317082817305576
42117,83,0.002196787325695372
42117,84,0.002567214321944503
42117,85,0.002958743525926557
42117,86,0.0030281394558470355
42117,87,0.0028705824504490513
42117,88,0.002738773660317403
42117,89,0.002657171368043035
42117,90,0.002536352282727785
42117,91,0.0023622521253598137
42117,92,0.002206098494135768
42117,93,0.002122856274122306
42117,94,0.00209167841233866
42117,95,0.002058693836276785
42117,96,0.001815682103793748
42117,97,0.0017619197625993875
42117,98,0.0017116629401767959
42117,99,0.001682720078548084
42117,100,0.0016744501307428144
42117,101,0.0015892468821237082
42117,102,0.001575140754809652
42117,103,0.0015922916324073904
42117,104,0.0016397015501004597
42117,105,0.0016995965393508331
42117,106,0.0016875194931157197
42117,107,0.0021503594585179932
42117,108,0.0033702559000466704
42117,109,0.0054289942482703205
42117,110,0.008571554964800882
42117,111,0.01509618755204979
42117,112,0.018173404967967655
42117,113,0.02139450583533217
42117,114,0.028843121348687502
42117,115,0.028461848127241264
42117,116,0.025605168668615116
42117,117,0.024231055780618987
42117,118,0.023534582850937694
42117,119,0.022646120082561942
42117,120,0.02067639011994245
42117,121,0.019133580053802248
42117,122,0.017992060882291442
42117,123,0.01739843735686548
42117,124,0.016722346140062905
42117,125,0.016426653709499594
42117,126,0.016270580147431858
42117,127,0.015845106750191382
42117,128,0.015657111384833982
42117,129,0.015420886408353556
42117,130,0.015099769178228922
42117,131,0.014622804380287402
42117,132,0.014089777763449317
42117,133,0.013376460081534263
42117,134,0.012350321008679117
42117,135,0.011218587831105813
42117,136,0.01013402313753227
42117,137,0.009646596563729445
42117,138,0.009639839335367445
42117,139,0.009147160053440153
42117,140,0.008390383833176895
42117,141,0.008241454201886947
42117,142,0.008328838681902123
42117,143,0.008507524071287804
42117,144,0.00897206602435753
42117,145,0.00888615817484337
42117,146,0.008625621274854549
42117,147,0.008718107715776878
42117,148,0.008618078031520602
42117,149,0.008538409153840855
42117,150,0.008507076929815869
42117,151,0.008502772206120019
42117,152,0.008454470949090426
42117,153,0.008296060523384857
42117,154,0.008131534943158972
42117,155,0.007968554938429446
42117,156,0.007712775121545659
42117,157,0.007358997350327293
42117,158,0.006982273070765153
42117,159,0.006662770223789704
42117,160,0.006363077822175727
42117,161,0.0061192251843369206
42117,162,0.005895737663204317
42117,163,0.0055798799495682585
42117,164,0.005370198933054097
42117,165,0.0052190357570088865
42117,166,0.005055477247531164
42117,167,0.004889794360250861
42117,168,0.004786740576963997
42117,169,0.004734239600355477
42117,170,0.004722583318330444
42117,171,0.00469773574821991
42117,172,0.004446610576105091
42117,173,0.004364853214245705
42117,174,0.004373308021374481
42117,175,0.004373159684944966
42117,176,0.004195727266515124
42117,177,0.00424770539160572
42117,178,0.004301791725112521
42117,179,0.0041898801389571826
42117,180,0.00415102876798264
42117,181,0.004089630538860949
42117,182,0.003956039586357552
42117,183,0.003799827554946053
42117,184,0.003663021139162157
42117,185,0.0035946898971960664
42117,186,0.003514268708282393
42117,187,0.0033993065499550784
42117,188,0.0032925286643082944
42117,189,0.00324941984058277
42117,190,0.003208102898136253
42117,191,0.003202374944843497
42117,192,0.003234369633566101
42117,193,0.0032673228003052453
42117,194,0.003061741539669557
42117,195,0.0030339687827135903
42117,196,0.0030455804005100583
42117,197,0.0030497216969659507
42117,198,0.003041919689162144
42117,199,0.0030405210329750984
42117,200,0.0030853358577432543
42117,201,0.0030903454439114146
42117,202,0.002993633582574601
42117,203,0.0028853847822518652
42117,204,0.0027297001654006587
42117,205,0.002580419534089594
42117,206,0.00243596791072755
42117,207,0.002315698697126266
42117,208,0.00222566875932196
42117,209,0.0021621677358452636
42117,210,0.0021282866605631264
42117,211,0.0020658681194856863
42117,212,0.0019932919844095425
42117,213,0.0019448280251244932
42117,214,0.0019273961410754875
42117,215,0.0018778657708856772
42123,73,0.09635395461238429
42123,74,0.13142916255598505
42123,75,0.14564366849595764
42123,76,0.14572064289363998
42123,77,0.1381782838215021
42123,78,0.12848824105445172
42123,79,0.11607876782494903
42123,80,0.0985923019952109
42123,81,0.08585565120464125
42123,82,0.07583773189239355
42123,83,0.06852391294362684
42123,84,0.06304336057644441
42123,85,0.057500953335246456
42123,86,0.05420623923270017
42123,87,0.05095681952623999
42123,88,0.04797685715230728
42123,89,0.04521897059335064
42123,90,0.04239977914374922
42123,91,0.03944220443227515
42123,92,0.036435499150647525
42123,93,0.03395506077584205
42123,94,0.03160882390951114
42123,95,0.030061475296137275
42123,96,0.029660116697871282
42123,97,0.029265573459802272
42123,98,0.028776287263609472
42123,99,0.028693424327109748
42123,100,0.02855519540593039
42123,101,0.028671758277077145
42123,102,0.028134109112189956
42123,103,0.028194224049387647
42123,104,0.028000272264459943
42123,105,0.028119167414545114
42123,106,0.02788840470964772
42123,107,0.028998506032882475
42123,108,0.030095937319241543
42123,109,0.03096653540171063
42123,110,0.03170779700710442
42123,111,0.03161377142538929
42123,112,0.031772885074197114
42123,113,0.03182959149845548
42123,114,0.03250881178608152
42123,115,0.03201144435696511
42123,116,0.03255960478156534
42123,117,0.031950679309191835
42123,118,0.031377441055311144
42123,119,0.031926327442270516
42123,120,0.03264938896426323
42123,121,0.033632932112440665
42123,122,0.0326533747769498
42123,123,0.03225935792414813
42123,124,0.031996549001359585
42123,125,0.031825466891591596
42123,126,0.03168988783804429
42123,127,0.03058784121530711
42123,128,0.029780967100908037
42123,129,0.029368188147750506
42123,130,0.028334941939059072
42123,131,0.027541173927177642
42123,132,0.027466564270968254
42123,133,0.026803054845686004
42123,134,0.02617168688076007
42123,135,0.02555094245047482
42123,136,0.024788882350915812
42123,137,0.023304842675777926
42123,138,0.021341283228365156
42123,139,0.020588498664349524
42123,140,0.019758345349030534
42123,141,0.0189309731448765
42123,142,0.01819962392388547
42123,143,0.017743143230353305
42123,144,0.018247011470376974
42123,145,0.017719854999670027
42123,146,0.01712207156313548
42123,147,0.01734848632649224
42123,148,0.017628805611954627
42123,149,0.017297656942857235
42123,150,0.017009593039809298
42123,151,0.016905702108225666
42123,152,0.017114560077141162
42123,153,0.017423248661919827
42123,154,0.017908428177486897
42123,155,0.018486187698328063
42123,156,0.01854363370724712
42123,157,0.017890518449641686
42123,158,0.01743583634397332
42123,159,0.01677166935286106
42123,160,0.01571966833949837
42123,161,0.014877180526602347
42123,162,0.01409147333435716
42123,163,0.013136650215838652
42123,164,0.012114055017836146
42123,165,0.011223912031037833
42123,166,0.010665756090210518
42123,167,0.010206341105701499
42123,168,0.009972027726844464
42123,169,0.009732431498978915
42123,170,0.00959952444881902
42123,171,0.009614134720838264
42123,172,0.009520021119534903
42123,173,0.0095687118468323
42123,174,0.009466258136700382
42123,175,0.009595247769503925
42123,176,0.00949106213726425
42123,177,0.00956640533269784
42123,178,0.00973480913832272
42123,179,0.009971571207862467
42123,180,0.010299925172928024
42123,181,0.010226091874181704
42123,182,0.009686103884149455
42123,183,0.00903887471556158
42123,184,0.008566455876812555
42123,185,0.008209432418661957
42123,186,0.007757263142635683
42123,187,0.007396052239216907
42123,188,0.007001378605817228
42123,189,0.006684421808053317
42123,190,0.0064058419307156875
42123,191,0.006203810828807151
42123,192,0.0062208679734465835
42123,193,0.006113303906710404
42123,194,0.0059972029141823705
42123,195,0.006017045740020209
42123,196,0.006039708811476658
42123,197,0.006089944459722705
42123,198,0.00607397255275265
42123,199,0.006086339836164844
42123,200,0.006150216723592238
42123,201,0.0062949139611425614
42123,202,0.006320400458450361
42123,203,0.0061333315552602255
42123,204,0.00587675868603057
42123,205,0.005539330630220813
42123,206,0.005153876316939392
42123,207,0.00463193246702735
42123,208,0.0041183802732508885
42123,209,0.00378109912771582
42123,210,0.003453470214368833
42123,211,0.003092908387893901
42123,212,0.00274804594221524
42123,213,0.002435772825237697
42123,214,0.0022570225090907787
42123,215,0.0021371570742189498
54001,73,0.028433548081738952
54001,74,0.026340058203483604
54001,75,0.025329053851472983
54001,76,0.02460310783039902
54001,77,0.02389507518881063
54001,78,0.023101644389902545
54001,79,0.02247165536939962
54001,80,0.022025448352124024
54001,81,0.021186866237557438
54001,82,0.01980813785111111
54001,83,0.018426126740076706
54001,84,0.01703717844332659
54001,85,0.015440027390682344
54001,86,0.014123014863761654
54001,87,0.012757564433168042
54001,88,0.01170525286036889
54001,89,0.010490340892179813
54001,90,0.0093772479874679
54001,91,0.008501634686534169
54001,92,0.00771722511754603
54001,93,0.007239654688126212
54001,94,0.006909915173212758
54001,95,0.006651475309924123
54001,96,0.006493011654660991
54001,97,0.006442077521260224
54001,98,0.00644765850060829
54001,99,0.006417166179611027
54001,100,0.00643896954767442
54001,101,0.006387023306184824
54001,102,0.006411425674314313
54001,103,0.006524647166870017
54001,104,0.006623924854544422
54001,105,0.006663915044119558
54001,106,0.006487271918387806
54001,107,0.006334355907898362
54001,108,0.006221415745570111
54001,109,0.0061709710628673935
54001,110,0.0063464881048178115
54001,111,0.006331527693784519
54001,112,0.006236294223305672
54001,113,0.006283517482334056
54001,114,0.006245506400346239
54001,115,0.006392225913415191
54001,116,0.006731999305031716
54001,117,0.008673336102241828
54001,118,0.010366222515472461
54001,119,0.010719466428413557
54001,120,0.01067377648314561
54001,121,0.010529428253093331
54001,122,0.010569323701211074
54001,123,0.010384932886877356
54001,124,0.010083817481799819
54001,125,0.010132013862818805
54001,126,0.009997219132078955
54001,127,0.010345505999759363
54001,128,0.010862960916181321
54001,129,0.010338200010294807
54001,130,0.009928024593139058
54001,131,0.00947572601978849
54001,132,0.008758194817026298
54001,133,0.007912457525459582
54001,134,0.0074716544579512345
54001,135,0.007123992431120764
54001,136,0.006815429074884722
54001,137,0.00653598135138124
54001,138,0.0063671342763693605
54001,139,0.006530805275057922
54001,140,0.006954757213137171
54001,141,0.00693570674637258
54001,142,0.007329375495823587
54001,143,0.007325876138312088
54001,144,0.007783571327798905
54001,145,0.008171439276420271
54001,146,0.008179037987629114
54001,147,0.008229897591446602
54001,148,0.008318927685275469
54001,149,0.008135408881822877
54001,150,0.00819679325872381
54001,151,0.008129001404053038
54001,152,0.008215108283572846
54001,153,0.008085838886532241
54001,154,0.00798848495702343
54001,155,0.007984908573872282
54001,156,0.008022702609117712
54001,157,0.007956871199774274
54001,158,0.007832456065337055
54001,159,0.007609475136094376
54001,160,0.0073381768933794694
54001,161,0.007021131411834094
54001,162,0.006724318309135202
54001,163,0.006295776587908499
54001,164,0.0059685095524967076
54001,165,0.0056420315836323825
54001,166,0.005328571956752087
54001,167,0.00508443054471386
54001,168,0.004963543689298667
54001,169,0.004896411695803061
54001,170,0.004840455559175764
54001,171,0.004728315926309511
54001,172,0.004706188201452124
54001,173,0.0046359339490073485
54001,174,0.004625182478064688
54001,175,0.004554065559928512
54001,176,0.004540678541629442
54001,177,0.004360961629822528
54001,178,0.004275934999679497
54001,179,0.004169796672216834
54001,180,0.00402068110556244
54001,181,0.0038086553381306764
54001,182,0.0035587856439810916
54001,183,0.003376575321438929
54001,184,0.003202872958756626
54001,185,0.003040749777182706
54001,186,0.002890442478922174
54001,187,0.0027064136209884555
54001,188,0.0024377222875911026
54001,189,0.002249832893148067
54001,190,0.002118696515296154
54001,191,0.0020361418324608993
54001,192,0.0019825432892959845
54001,193,0.0019399743576223997
54001,194,0.001916901363833796
54001,195,0.0018314240024355766
54001,196,0.00180428496134312
54001,197,0.0017907068967980802
54001,198,0.0017935108676815626
54001,199,0.0018086872628774928
54001,200,0.0018627621564848193
54001,201,0.001862410207310756
54001,202,0.0017433534826212234
54001,203,0.0016759614401640193
54001,204,0.0016574870475674183
54001,205,0.0016180022226663293
54001,206,0.0015690939162797833
54001,207,0.00146069363507108
54001,208,0.0013478991149022184
54001,209,0.0012626805887135744
54001,210,0.0011864334561373848
54001,211,0.0011060217353736261
54001,212,0.0010338967460229804
54001,213,0.0009880291231467368
54001,214,0.0009474573920373782
54001,215,0.0009129657248947797
54003,73,0.00019385785378198548
54003,74,0.0002341500572632365
54003,75,0.0002642652836381542
54003,76,0.0002089950152522273
54003,77,0.0002497475880626721
54003,78,0.0003173465191060848
54003,79,0.0003351036078734715
54003,80,0.00034681142885380195
54003,81,0.00036707649247947406
54003,82,0.00036337584822083996
54003,83,0.00034815318716995957
54003,84,0.0003455273995315941
54003,85,0.00035552446802351363
54003,86,0.0003383029429730716
54003,87,0.00031429223534071304
54003,88,0.00029072680961200986
54003,89,0.00026626810393381013
54003,90,0.00023505965932836515
54003,91,0.0001995303672424396
54003,92,0.00017507549671240058
54003,93,0.00015635805323032225
54003,94,0.00013758636065144939
54003,95,0.00012154416542402173
54003,96,0.0001101160028579777
54003,97,0.00010101327518946443
54003,98,9.141805347212714e-05
54003,99,8.359446894288547e-05
54003,100,7.735001251522929e-05
54003,101,7.225841481776094e-05
54003,102,6.877144446573843e-05
54003,103,6.673832430387153e-05
54003,104,7.01343480679529e-05
54003,105,7.186200167056043e-05
54003,106,7.146748491182754e-05
54003,107,7.334065819578664e-05
54003,108,7.877664119272754e-05
54003,109,8.092817691774605e-05
54003,110,8.016168972158115e-05
54003,111,7.808195322026821e-05
54003,112,7.722759079988202e-05
54003,113,8.150342413697044e-05
54003,114,8.042018629695672e-05
54003,115,7.587929811449304e-05
54003,116,7.325467643777172e-05
54003,117,7.155841923808107e-05
54003,118,7.00441017820518e-05
54003,119,6.925772049346333e-05
54003,120,7.020818147412033e-05
54003,121,6.84987687448926e-05
54003,122,6.908719216371853e-05
54003,123,7.012986363247689e-05
54003,124,6.62199019302863e-05
54003,125,6.891591942823716e-05
54003,126,7.369823036929921e-05
54003,127,8.291855279076647e-05
54003,128,9.466255727455285e-05
54003,129,0.00011354975579051593
54003,130,0.00012118279232525156
54003,131,0.00013148682506373537
54003,132,0.00014388949401023226
54003,133,0.00016175681116428422
54003,134,0.00016780129022579587
54003,135,0.00019157885621121936
54003,136,0.00024333672721935283
54003,137,0.0003242265296364463
54003,138,0.0007978694496591247
54003,139,0.0016660563121024517
54003,140,0.002491947698104527
54003,141,0.002536894343405345
54003,142,0.0023391230774375336
54003,143,0.002329355509763969
54003,144,0.002363998537546464
54003,145,0.0023204989627053146
54003,146,0.0021539931480189217
54003,147,0.0020358850094238006
54003,148,0.0019850432731693514
54003,149,0.0019445475312073433
54003,150,0.0018595541392687509
54003,151,0.0017733467443897793
54003,152,0.0017301685325109522
54003,153,0.0016674827869262035
54003,154,0.0015661081513752965
54003,155,0.0014429790704844256
54003,156,0.0013413836464338169
54003,157,0.0012385048297674519
54003,158,0.0011484777565046263
54003,159,0.0010638960150957046
54003,160,0.0009513359412575164
54003,161,0.0008442159476027688
54003,162,0.0007896646259594656
54003,163,0.0007294302923009866
54003,164,0.0006622160052730143
54003,165,0.0006149067394312739
54003,166,0.0005713941559721629
54003,167,0.0005349984545792066
54003,168,0.000511047007788218
54003,169,0.00048789430193431566
54003,170,0.00046356481007682585
54003,171,0.00044608940001447564
54003,172,0.00043289171530011
54003,173,0.0004281276104693353
54003,174,0.000432080976321002
54003,175,0.0004524275231091082
54003,176,0.0004916887646996449
54003,177,0.0005305818004141317
54003,178,0.00046455672634240807
54003,179,0.000444238376094976
54003,180,0.0004514030211311572
54003,181,0.0004514209845147615
54003,182,0.0004490467181828772
54003,183,0.0004321630966064957
54003,184,0.0004079647342607676
54003,185,0.0003880370129116314
54003,186,0.00036688535548565486
54003,187,0.00034014918943484524
54003,188,0.0003059512556838103
54003,189,0.0002805647421826273
54003,190,0.00026310328198367143
54003,191,0.0002433597715850244
54003,192,0.0002246144628731848
54003,193,0.00021071401142639073
54003,194,0.00019757942745286333
54003,195,0.00018537526867669273
54003,196,0.00017482381902286
54003,197,0.0001624984038921114
54003,198,0.00015497090657635328
54003,199,0.00015426158269284793
54003,200,0.0001666711352085457
54003,201,0.0001756930756345145
54003,202,0.0001756195701463756
54003,203,0.00017999017328447657
54003,204,0.00017027487655626916
54003,205,0.000159939353233782
54003,206,0.00015058631846785115
54003,207,0.0001423045272150625
54003,208,0.00013484788562837208
54003,209,0.0001327112121452223
54003,210,0.00013733946814240423
54003,211,0.00013762082505301785
54003,212,0.0001299190305395437
54003,213,0.00012321664673734553
54003,214,0.00011741341959300678
54003,215,0.0001120295056779813
54005,73,0.0005365105984836759
54005,74,0.00048123661712624573
54005,75,0.0004401939632802483
54005,76,0.0003784628268917878
54005,77,0.00040719071387809
54005,78,0.00043608543231042147
54005,79,0.00046914991248034956
54005,80,0.0005605344642409
54005,81,0.0007336116423514371
54005,82,0.0007994502789237755
54005,83,0.0008224910827160206
54005,84,0.000889502233021685
54005,85,0.0009311614065141029
54005,86,0.0009485434223204046
54005,87,0.0009239375409793952
54005,88,0.0008708115553748417
54005,89,0.0008377286588300654
54005,90,0.0008461772108712582
54005,91,0.0008586104285991343
54005,92,0.0008024016274586835
54005,93,0.0007684190850070212
54005,94,0.0007555128386095368
54005,95,0.000753320394858989
54005,96,0.000760588104921867
54005,97,0.0007608232810137612
54005,98,0.0007060118798818898
54005,99,0.0007132980260691116
54005,100,0.000742487746389534
54005,101,0.0007489606127066179
54005,102,0.000794389778388774
54005,103,0.0008862543938876513
54005,104,0.0010474285435958664
54005,105,0.0012163869211272939
54005,106,0.0013228834114740304
54005,107,0.001489419112193021
54005,108,0.0017055024822482125
54005,109,0.001990153473000168
54005,110,0.002540372528263592
54005,111,0.0035442881460097985
54005,112,0.00443091552208039
54005,113,0.00486755368558148
54005,114,0.005170287850042095
54005,115,0.005354223394259797
54005,116,0.005540502392414758
54005,117,0.005547312585533688
54005,118,0.005528652729283813
54005,119,0.005550825569670862
54005,120,0.005661654516127663
54005,121,0.005561148708196368
54005,122,0.005477215411920342
54005,123,0.005657558071602255
54005,124,0.006206086785880751
54005,125,0.00836724799451318
54005,126,0.012969254930946717
54005,127,0.015773178893294736
54005,128,0.014923358413537074
54005,129,0.013560105906507396
54005,130,0.012492241973581463
54005,131,0.011919385449982433
54005,132,0.01175991966524663
54005,133,0.011047770145002325
54005,134,0.010402405081270204
54005,135,0.00989460760094668
54005,136,0.009574103596699586
54005,137,0.009721768892783745
54005,138,0.010529552770910732
54005,139,0.011460157257836771
54005,140,0.012498962518343145
54005,141,0.012736483480698805
54005,142,0.013304130188747022
54005,143,0.013305446416924535
54005,144,0.013430813236199799
54005,145,0.013380319997542196
54005,146,0.013130513677859957
54005,147,0.013234036250904893
54005,148,0.01332449810018565
54005,149,0.013189870873009567
54005,150,0.013381531523291098
54005,151,0.013606962748091108
54005,152,0.01391065050908062
54005,153,0.01427652215894658
54005,154,0.013131731977814504
54005,155,0.012434552966023677
54005,156,0.012083459684860675
54005,157,0.011526021950014311
54005,158,0.011122627803961792
54005,159,0.01056273332869301
54005,160,0.010068681520816223
54005,161,0.009574425792831045
54005,162,0.009123556614082935
54005,163,0.008566762725406497
54005,164,0.008047537009489899
54005,165,0.0077414706032666964
54005,166,0.007470580078789628
54005,167,0.007297685623199648
54005,168,0.007197247069584089
54005,169,0.007136446579572235
54005,170,0.00711606341293562
54005,171,0.006986373094630026
54005,172,0.006974530678895617
54005,173,0.007021804839506081
54005,174,0.006874070608072407
54005,175,0.006991995633662199
54005,176,0.007142656690870617
54005,177,0.0069085108686727115
54005,178,0.0067887705356889025
54005,179,0.006495132463570607
54005,180,0.00615546096815808
54005,181,0.005904412805823652
54005,182,0.0056158630421972435
54005,183,0.005300889064015122
54005,184,0.004982022815605647
54005,185,0.004744958640605806
54005,186,0.004535745885448013
54005,187,0.004254189138498412
54005,188,0.0039342330680099255
54005,189,0.003720531653094011
54005,190,0.003622105493047275
54005,191,0.00354295896918999
54005,192,0.0034369630245558694
54005,193,0.0033643707260406727
54005,194,0.003350208768452753
54005,195,0.003335873949089913
54005,196,0.0032822560455030726
54005,197,0.003219380000964737
54005,198,0.0032369065056843628
54005,199,0.0032679360522960285
54005,200,0.003266886702540574
54005,201,0.0031917802522383907
54005,202,0.002985726006574533
54005,203,0.002856338990768984
54005,204,0.0027392930815774014
54005,205,0.0026392253311391307
54005,206,0.002478542063872755
54005,207,0.0023316117618511823
54005,208,0.002225918075560308
54005,209,0.0020501347907806037
54005,210,0.001935439650934668
54005,211,0.001816157576299458
54005,212,0.0016741581656439276
54005,213,0.001575438836709503
54005,214,0.001489983929651289
54005,215,0.0014329761711058973
54011,73,0.0023541619992566666
54011,74,0.0022650353723764134
54011,75,0.0014447798851578344
54011,76,0.0009119186011298171
54011,77,0.0009045422855883116
54011,78,0.0008854683056315652
54011,79,0.0008837626886670399
54011,80,0.0008970067876511017
54011,81,0.0009157964314315613
54011,82,0.0008997578181845723
54011,83,0.0008526471016388755
54011,84,0.0007936167843096828
54011,85,0.0007518295626459803
54011,86,0.0007002553905025939
54011,87,0.0006319050206306606
54011,88,0.0005676491460095511
54011,89,0.0004967649208334735
54011,90,0.0004390267391608155
54011,91,0.00039602795061769174
54011,92,0.0003379644622331105
54011,93,0.0003040388732052586
54011,94,0.0002876176216052954
54011,95,0.00027414651458881905
54011,96,0.00025818907705190026
54011,97,0.0002421206068840917
54011,98,0.00023160434567294502
54011,99,0.00022956176974655982
54011,100,0.00022542792256535616
54011,101,0.00022057239105622027
54011,102,0.00022481983744832506
54011,103,0.0002316746548930497
54011,104,0.00025500423189793415
54011,105,0.00028057201136823685
54011,106,0.0003011445542770222
54011,107,0.00037878555530749874
54011,108,0.0006477776858283659
54011,109,0.0013116346961552906
54011,110,0.0020635449743226955
54011,111,0.002274664966706228
54011,112,0.002348587215999719
54011,113,0.002430166485968241
54011,114,0.0025301872972137898
54011,115,0.0025663161402460456
54011,116,0.0023988960148716167
54011,117,0.002202149866921105
54011,118,0.0021075975225280812
54011,119,0.0020541455406322966
54011,120,0.0019445773092750995
54011,121,0.0017909671976481286
54011,122,0.0016623004176022891
54011,123,0.0016813839397701812
54011,124,0.0018145214726451226
54011,125,0.0020621378123500318
54011,126,0.0021578682983051296
54011,127,0.0022259709294560693
54011,128,0.0025284370746530955
54011,129,0.0032237439849761313
54011,130,0.0036990185002144147
54011,131,0.0035298471231520086
54011,132,0.003286862788044548
54011,133,0.0031262472602629006
54011,134,0.0030260886358225727
54011,135,0.0029559667022051885
54011,136,0.002925893828833542
54011,137,0.0031188116396459555
54011,138,0.0036651498641644686
54011,139,0.0037362464700888857
54011,140,0.003573162750542985
54011,141,0.0036003396451446622
54011,142,0.0036106126190137647
54011,143,0.0035089286394145154
54011,144,0.003291448435294913
54011,145,0.003110268984383836
54011,146,0.002982706141316362
54011,147,0.0029241209538912977
54011,148,0.0028183449993966986
54011,149,0.0027087734722550678
54011,150,0.0026531255598381946
54011,151,0.0026887251997370185
54011,152,0.0028433526868007026
54011,153,0.003269460426731357
54011,154,0.003367950704275122
54011,155,0.0031478364075318032
54011,156,0.0029874812963122427
54011,157,0.0028094216845163567
54011,158,0.002662723147477018
54011,159,0.0024849832306068657
54011,160,0.0022884542855998486
54011,161,0.0021091345426340175
54011,162,0.0019448811340347615
54011,163,0.0017410398616488616
54011,164,0.0015757268672543163
54011,165,0.0014521867376661702
54011,166,0.001337837431874432
54011,167,0.0012398204756319934
54011,168,0.0011480190790944152
54011,169,0.0010575327702588636
54011,170,0.0009960713997907238
54011,171,0.0009415500732168773
54011,172,0.0009070346428149437
54011,173,0.0008879139406782255
54011,174,0.0009084552107635728
54011,175,0.0010237789409535917
54011,176,0.0011837689132136006
54011,177,0.0013516254347329952
54011,178,0.0014349725972804424
54011,179,0.0014177533486604923
54011,180,0.0013418122518222225
54011,181,0.0012516714570524794
54011,182,0.0011885076893557213
54011,183,0.0011125028324542295
54011,184,0.0010335074173216502
54011,185,0.0009468813273705121
54011,186,0.0008902540521925734
54011,187,0.0008234813660020045
54011,188,0.0007579758238019366
54011,189,0.0007251449735636972
54011,190,0.000680451434706167
54011,191,0.0006331636567732592
54011,192,0.0006162043976816054
54011,193,0.0006124381603816633
54011,194,0.0006026828779624772
54011,195,0.0006023379665855798
54011,196,0.0006070919065992921
54011,197,0.000611022465447143
54011,198,0.000625201016303928
54011,199,0.0006736329734621314
54011,200,0.0007748705284278089
54011,201,0.000844899418155268
54011,202,0.0008447798615313591
54011,203,0.0008405079021054005
54011,204,0.0007979945663756818
54011,205,0.0007426119200717778
54011,206,0.0007297404543419677
54011,207,0.0007619352204641816
54011,208,0.0007727644491190625
54011,209,0.0007695385786899682
54011,210,0.0007620992961978096
54011,211,0.0007186785680224385
54011,212,0.0006591552082084818
54011,213,0.0006135190206144195
54011,214,0.0005820043140827278
54011,215,0.0005393654297924131
54017,73,0.027156677930418763
54017,74,0.0247664006529892
54017,75,0.025656961407512557
54017,76,0.024996364880063942
54017,77,0.024411028211704395
54017,78,0.024191464491075898
54017,79,0.023639195285295088
54017,80,0.023579537816610492
54017,81,0.023235872829295883
54017,82,0.0224820385545288
54017,83,0.021845871738028298
54017,84,0.020929013714071167
54017,85,0.01984835763142767
54017,86,0.01891183146922351
54017,87,0.017891325075442065
54017,88,0.01664948359871457
54017,89,0.01519475654429087
54017,90,0.014290831929077564
54017,91,0.013577841095558065
54017,92,0.012682358799552875
54017,93,0.012085862292525085
54017,94,0.011586613176214967
54017,95,0.011259594894880619
54017,96,0.01114938052144928
54017,97,0.011082602100269949
54017,98,0.010577389693208695
54017,99,0.010544472663957695
54017,100,0.010468867731814973
54017,101,0.010509312263148449
54017,102,0.010238205929341417
54017,103,0.010339822481219355
54017,104,0.010125055981754047
54017,105,0.010169799530917883
54017,106,0.010306196928054975
54017,107,0.010286593630756931
54017,108,0.010124210214369427
54017,109,0.01037271357277225
54017,110,0.011059459418547225
54017,111,0.011623127992115918
54017,112,0.012118563934203219
54017,113,0.01278345314980054
54017,114,0.013680348655484465
54017,115,0.01405549603426597
54017,116,0.013910459524559654
54017,117,0.013855125534712898
54017,118,0.01383118023721911
54017,119,0.0136148540204912
54017,120,0.013690576249752163
54017,121,0.01329740950400099
54017,122,0.013206655820282026
54017,123,0.013168438767010316
54017,124,0.013135602836018076
54017,125,0.013575537864357662
54017,126,0.014523507737505355
54017,127,0.01583754375711509
54017,128,0.016344336298194904
54017,129,0.014782542379066874
54017,130,0.01439961246101515
54017,131,0.013952260840690293
54017,132,0.014449981789327658
54017,133,0.014334948634094067
54017,134,0.01381984950218293
54017,135,0.013596243247049647
54017,136,0.014880620543805302
54017,137,0.01577912760177371
54017,138,0.017604274903804437
54017,139,0.021964589170413662
54017,140,0.02744133848780594
54017,141,0.030939874580016038
54017,142,0.03473158576564565
54017,143,0.03477084523144444
54017,144,0.03386700822318227
54017,145,0.034732005787845126
54017,146,0.035298345071143336
54017,147,0.035385401897531
54017,148,0.03581745264182597
54017,149,0.036001357702865104
54017,150,0.03599606733960507
54017,151,0.03705489503443079
54017,152,0.03878583212222831
54017,153,0.04273024595367346
54017,154,0.04554860546380109
54017,155,0.048684427832955075
54017,156,0.0504650065562242
54017,157,0.05063975279789813
54017,158,0.04859694293766988
54017,159,0.04636205957441854
54017,160,0.044115978223572515
54017,161,0.04179777064178372
54017,162,0.03999943900267595
54017,163,0.03791057967183555
54017,164,0.036285092445497456
54017,165,0.035651522586850386
54017,166,0.0349972909304226
54017,167,0.03446378946994049
54017,168,0.03435188408792891
54017,169,0.0330366298877043
54017,170,0.03291391516875416
54017,171,0.032587024744883515
54017,172,0.0325222128262359
54017,173,0.03230803975231464
54017,174,0.03224698863701343
54017,175,0.03201908601600562
54017,176,0.03227941866917865
54017,177,0.032392563361537355
54017,178,0.03218791728687934
54017,179,0.031871737741120225
54017,180,0.031358645775160204
54017,181,0.030605317221661543
54017,182,0.03003428909113489
54017,183,0.02884321592351662
54017,184,0.02733736731098259
54017,185,0.026014587973163857
54017,186,0.024688031549051664
54017,187,0.023098614032765648
54017,188,0.021050384962317117
54017,189,0.019771070659553375
54017,190,0.018705654872860897
54017,191,0.017815034130988814
54017,192,0.01732604721336608
54017,193,0.016859635210512168
54017,194,0.01648506381305627
54017,195,0.016237214585920756
54017,196,0.016248423902770297
54017,197,0.016220973081658832
54017,198,0.016300224286701373
54017,199,0.016083364360577494
54017,200,0.01624346570377445
54017,201,0.016156173552764306
54017,202,0.015142513381468633
54017,203,0.014513215096119147
54017,204,0.013936940987047293
54017,205,0.01332476241663016
54017,206,0.012644503054227011
54017,207,0.011868132616150866
54017,208,0.01097990649878237
54017,209,0.010281985163145591
54017,210,0.009607908087895049
54017,211,0.009017195922658483
54017,212,0.008262027549061336
54017,213,0.007734309921203841
54017,214,0.007590077046048476
54017,215,0.007467116966916564
54021,73,0.0030799443186133417
54021,74,0.003021716257508953
54021,75,0.0030036672484482522
54021,76,0.0030027389092860818
54021,77,0.003002853534149218
54021,78,0.0029685949659180666
54021,79,0.003070828478351196
54021,80,0.0032051394337309276
54021,81,0.0032974689975554922
54021,82,0.0032809431958705356
54021,83,0.003247040906224296
54021,84,0.0031922351660040107
54021,85,0.003057533235583381
54021,86,0.0030609294934130426
54021,87,0.003033962965135623
54021,88,0.0029477464603667775
54021,89,0.0028894958895084844
54021,90,0.0027655508304654628
54021,91,0.0026584042716973413
54021,92,0.0025705806319618885
54021,93,0.002445693358943042
54021,94,0.002389120102552328
54021,95,0.0023585452264558915
54021,96,0.0023281662484585376
54021,97,0.0021233416890173596
54021,98,0.0020857750100151035
54021,99,0.0020796496334315458
54021,100,0.001991897076543094
54021,101,0.0019924550483906493
54021,102,0.002029518749776806
54021,103,0.0020194287776962756
54021,104,0.002070208658305367
54021,105,0.001972522081364577
54021,106,0.0019155857954554747
54021,107,0.0018685256127443728
54021,108,0.0018530676494284905
54021,109,0.0018784141099365203
54021,110,0.0020415466031676334
54021,111,0.002465235847727184
54021,112,0.003937568205355638
54021,113,0.006045806715486803
54021,114,0.008599569402824064
54021,115,0.009968920273741395
54021,116,0.011170329748409659
54021,117,0.011699861325205152
54021,118,0.011760358905768577
54021,119,0.011684409539038822
54021,120,0.01143597556932139
54021,121,0.01103318699178651
54021,122,0.010704709527231737
54021,123,0.010477366850921972
54021,124,0.010419074601891036
54021,125,0.010625323016718091
54021,126,0.011317539376010414
54021,127,0.011621543954713721
54021,128,0.011764949253750911
54021,129,0.01140939275418905
54021,130,0.01182274159339689
54021,131,0.013056343625704023
54021,132,0.014323322326861425
54021,133,0.014227542411280505
54021,134,0.013658847187388598
54021,135,0.014007388401650923
54021,136,0.0161021694062752
54021,137,0.019795698861936793
54021,138,0.026559296969844035
54021,139,0.03474981787360124
54021,140,0.055039156694340785
54021,141,0.06722197389586265
54021,142,0.07148232142639631
54021,143,0.07239608283162892
54021,144,0.07214436965615638
54021,145,0.07326650008776767
54021,146,0.07270905833873301
54021,147,0.0714965273096297
54021,148,0.07092251288120772
54021,149,0.0717232521827301
54021,150,0.0751080410543505
54021,151,0.08002414261549823
54021,152,0.07964685971958091
54021,153,0.08118114265152823
54021,154,0.08483146416361294
54021,155,0.08611704273091143
54021,156,0.08467853093266911
54021,157,0.08136763284003985
54021,158,0.07689947405294421
54021,159,0.07228818517705665
54021,160,0.06750318509209878
54021,161,0.06384397850808347
54021,162,0.06054468046841288
54021,163,0.056351261952329645
54021,164,0.05426716323341263
54021,165,0.05311215881302224
54021,166,0.05159626977894444
54021,167,0.05071547960050482
54021,168,0.047623779450399646
54021,169,0.0469732668362793
54021,170,0.04672756054212086
54021,171,0.046451055401988114
54021,172,0.04551384820562541
54021,173,0.0452073955848403
54021,174,0.04424410373337438
54021,175,0.04395598807820653
54021,176,0.043975447449820994
54021,177,0.042148793711023896
54021,178,0.040967191492790114
54021,179,0.039640839884785846
54021,180,0.0380040155390348
54021,181,0.03605922991887709
54021,182,0.03450456445865074
54021,183,0.03306448310677869
54021,184,0.03142641989828436
54021,185,0.02964077377041765
54021,186,0.027770814235372546
54021,187,0.025943048244658456
54021,188,0.02427326616100287
54021,189,0.022587556244284306
54021,190,0.021443815858264274
54021,191,0.02061836722280395
54021,192,0.019953104414924785
54021,193,0.01941176048614842
54021,194,0.018864715461626942
54021,195,0.018522588814809244
54021,196,0.018063360758912024
54021,197,0.018055992405218584
54021,198,0.018200902017752235
54021,199,0.017956807190584657
54021,200,0.018034750281813557
54021,201,0.017959671702577135
54021,202,0.01678069439911211
54021,203,0.01556437104606779
54021,204,0.015097346757130694
54021,205,0.014517077146127612
54021,206,0.013984088131558646
54021,207,0.013129826536023372
54021,208,0.011746456992090372
54021,209,0.011018922133292816
54021,210,0.01062239347388319
54021,211,0.010072563481095934
54021,212,0.009347578011063068
54021,213,0.008741901277087669
54021,214,0.008611065471019443
54021,215,0.008532718468488009
54049,73,0.008709487450937076
54049,74,0.00827235379749837
54049,75,0.008026514431758244
54049,76,0.007844634368658227
54049,77,0.007624399152911656
54049,78,0.007418000235849949
54049,79,0.007250712144797185
54049,80,0.007147756966940109
54049,81,0.006912921054065895
54049,82,0.006588286194189613
54049,83,0.00622806995303488
54049,84,0.005836940216402617
54049,85,0.0053790949552287
54049,86,0.004704113873876309
54049,87,0.004162847590896426
54049,88,0.003769581320247773
54049,89,0.0034020104062564152
54049,90,0.003003735824075989
54049,91,0.0026757639177176274
54049,92,0.0023911243034621887
54049,93,0.0022148463399532217
54049,94,0.002103338567876914
54049,95,0.0020323074107032593
54049,96,0.0019876175723812766
54049,97,0.0019590569854199655
54049,98,0.0019564655923231668
54049,99,0.0018742477121918284
54049,100,0.001857522836307543
54049,101,0.001853342977445356
54049,102,0.0018558236950997635
54049,103,0.0018747095061337222
54049,104,0.0019059255004874479
54049,105,0.0019183209066582366
54049,106,0.0018802298032695093
54049,107,0.001865544692675015
54049,108,0.0019296323856864905
54049,109,0.002024679570339664
54049,110,0.0022339137644728393
54049,111,0.0026126078036965467
54049,112,0.0027896666432196396
54049,113,0.002895498332638666
54049,114,0.003083335878196693
54049,115,0.003007101168764874
54049,116,0.0028041131824508726
54049,117,0.0026328033586460334
54049,118,0.0025631452635804138
54049,119,0.0024646877433530563
54049,120,0.0023961377487106803
54049,121,0.0024145424564409454
54049,122,0.0024003048122872178
54049,123,0.0023324468969332366
54049,124,0.002294117515085043
54049,125,0.0023108461646522372
54049,126,0.0023266257554035844
54049,127,0.002507643026864686
54049,128,0.0026877714361612584
54049,129,0.0026639414895162795
54049,130,0.002628683592741522
54049,131,0.0026047003613203614
54049,132,0.002669687771855447
54049,133,0.00270828696496616
54049,134,0.0025853910500579654
54049,135,0.0024994145907791835
54049,136,0.002556258431892939
54049,137,0.0027138576938611596
54049,138,0.003087160946951699
54049,139,0.0032436996860628234
54049,140,0.003480686297310048
54049,141,0.0037557186284159797
54049,142,0.0038109911769477344
54049,143,0.0037890703018129434
54049,144,0.0037895021437854845
54049,145,0.0037546559563890443
54049,146,0.00365084447874894
54049,147,0.0035164986065799246
54049,148,0.003426118788861337
54049,149,0.0033715619479314112
54049,150,0.003392951199276201
54049,151,0.0034589878781596446
54049,152,0.0034956039691156405
54049,153,0.0035647292440488653
54049,154,0.003658252845460137
54049,155,0.0037007817237927616
54049,156,0.0035519478169998174
54049,157,0.0034376556026872694
54049,158,0.0032563308155392078
54049,159,0.003040147961844491
54049,160,0.002826609252116061
54049,161,0.002607673910002931
54049,162,0.002397502483047793
54049,163,0.002155992699019137
54049,164,0.001944510449165323
54049,165,0.0017902217077002986
54049,166,0.0016936253348950117
54049,167,0.0016042515199208517
54049,168,0.0015546332256803183
54049,169,0.0014968906011767343
54049,170,0.0014382743855783332
54049,171,0.0014253871023885783
54049,172,0.0014090046289152276
54049,173,0.0014038725690552621
54049,174,0.0014075586199872052
54049,175,0.0014449157893836018
54049,176,0.0015278190748248726
54049,177,0.0015763464581696287
54049,178,0.0015270916298864383
54049,179,0.001493775589059859
54049,180,0.0014765447678627348
54049,181,0.0014217623180003188
54049,182,0.0013649453104767949
54049,183,0.0012958630197924346
54049,184,0.0012431005248192035
54049,185,0.0011754096851140754
54049,186,0.0011297142189153997
54049,187,0.0010711545716492819
54049,188,0.000994143647559011
54049,189,0.0009352281256716583
54049,190,0.0008920830388132226
54049,191,0.0008640633011234748
54049,192,0.0008494588112832973
54049,193,0.0008385581892136574
54049,194,0.0008205740353007936
54049,195,0.0008178505127494045
54049,196,0.0008115621798896874
54049,197,0.0008076675930499654
54049,198,0.0008089288180963299
54049,199,0.0008397841726450362
54049,200,0.0009119580917713974
54049,201,0.0009567565547639467
54049,202,0.0009267403310834846
54049,203,0.0009073728871829717
54049,204,0.0008889889019846466
54049,205,0.000853876049198769
54049,206,0.0007929767976679376
54049,207,0.0007542242896438729
54049,208,0.0007189254260574807
54049,209,0.0006860559790590691
54049,210,0.0006516527458327044
54049,211,0.0005935536330858986
54049,212,0.0005568393720264402
54049,213,0.000542140991481106
54049,214,0.0005282297729856996
54049,215,0.0005122779643788626
54051,73,0.05052323877193861
54051,74,0.04840021375447355
54051,75,0.04661110204624922
54051,76,0.04510729898829097
54051,77,0.04356264784118552
54051,78,0.04204790463968816
54051,79,0.04095863176990594
54051,80,0.04029580507179501
54051,81,0.039134976918609204
54051,82,0.03710065550845309
54051,83,0.03490163893280533
54051,84,0.032554086222206784
54051,85,0.03020601741699416
54051,86,0.027654496177024895
54051,87,0.025312175016035835
54051,88,0.0228478149803053
54051,89,0.02038969010312879
54051,90,0.0179222230849106
54051,91,0.015654862760656012
54051,92,0.013254771058169757
54051,93,0.0118799876004237
54051,94,0.010955048576668697
54051,95,0.010311592693371043
54051,96,0.009942087030414435
54051,97,0.009702301796308141
54051,98,0.009640146388557527
54051,99,0.009520637729066151
54051,100,0.00952717338652702
54051,101,0.009572067675632238
54051,102,0.009440108959109208
54051,103,0.009442190231041602
54051,104,0.009498778463370544
54051,105,0.009221393876825313
54051,106,0.00866496345410915
54051,107,0.008094895999607003
54051,108,0.007708562637531242
54051,109,0.007440393715624545
54051,110,0.007274664357835664
54051,111,0.007379529533249654
54051,112,0.007772109264432827
54051,113,0.007855618009740665
54051,114,0.008041163483032613
54051,115,0.008217851131137923
54051,116,0.008282534116967973
54051,117,0.00825343296686891
54051,118,0.007988749731991655
54051,119,0.007809748269884834
54051,120,0.00775729736837613
54051,121,0.0077076283302524
54051,122,0.007567524761620651
54051,123,0.007560390790549886
54051,124,0.0076316542236318004
54051,125,0.007514241499703543
54051,126,0.007683449903725094
54051,127,0.007932535465660188
54051,128,0.008000689531636537
54051,129,0.0075122656063056495
54051,130,0.00709354196927392
54051,131,0.006821071441548454
54051,132,0.006676548834429783
54051,133,0.006296385789510819
54051,134,0.005828583980040197
54051,135,0.005452330587089204
54051,136,0.005345512719213895
54051,137,0.00532973815716383
54051,138,0.0053337507501249205
54051,139,0.005608176582150518
54051,140,0.005995956027789986
54051,141,0.00612142419014554
54051,142,0.006096915124901512
54051,143,0.006007121962347641
54051,144,0.006021248856969515
54051,145,0.006156988791319392
54051,146,0.006182998810240337
54051,147,0.006234401156976303
54051,148,0.006219290669089354
54051,149,0.006281271845459653
54051,150,0.006352351452933043
54051,151,0.006446283980046111
54051,152,0.006449700307066575
54051,153,0.006497836613101565
54051,154,0.006566167203214595
54051,155,0.006527748549897157
54051,156,0.00630814549067207
54051,157,0.006023526286480705
54051,158,0.005605236903689047
54051,159,0.0052273994112944306
54051,160,0.00477145847352541
54051,161,0.004366970819478238
54051,162,0.004056975240662646
54051,163,0.003700557663211328
54051,164,0.003422511084564559
54051,165,0.0031902016844719216
54051,166,0.0030338730941803335
54051,167,0.002944011856539503
54051,168,0.0028975875074562867
54051,169,0.0028319867572493486
54051,170,0.0027461864702764114
54051,171,0.0027067376623894275
54051,172,0.002694504640993233
54051,173,0.0026843789100136736
54051,174,0.002546463957884863
54051,175,0.002550015605378423
54051,176,0.0025907617578639825
54051,177,0.0024782319725798283
54051,178,0.002472466178393991
54051,179,0.002493788079398175
54051,180,0.002486546052252634
54051,181,0.0024154954764154407
54051,182,0.0023423420017306923
54051,183,0.0022366295798460483
54051,184,0.00213406593628822
54051,185,0.002047542002625685
54051,186,0.0019705716323189146
54051,187,0.0018603908481987126
54051,188,0.0017659260184658095
54051,189,0.0016766673178088528
54051,190,0.0016107797128123405
54051,191,0.0015574308029605822
54051,192,0.0015381446926842678
54051,193,0.0015298781745021418
54051,194,0.001519115056015828
54051,195,0.0014443375089835924
54051,196,0.0014356943471397195
54051,197,0.0014379148798626823
54051,198,0.001358209428596985
54051,199,0.00137824094567759
54051,200,0.001473399236122744
54051,201,0.0014272378874301793
54051,202,0.0013931032447277983
54051,203,0.0013744403561566645
54051,204,0.0013686193927480677
54051,205,0.0013438403922800737
54051,206,0.0012810824943359617
54051,207,0.0012016963743313421
54051,208,0.0011331299943711062
54051,209,0.0010561027317145272
54051,210,0.0009603848006976431
54051,211,0.0008903980291250908
54051,212,0.0008355309341493403
54051,213,0.0007910045056026971
54051,214,0.0007454528765541968
54051,215,0.0007126377235186926
54061,73,0.0016613668051425742
54061,74,0.0016195002658453618
54061,75,0.0015341665775490455
54061,76,0.001459999729181298
54061,77,0.00140383766883012
54061,78,0.0013737035935275697
54061,79,0.0013584262736571124
54061,80,0.001371327839715549
54061,81,0.0013512832885891645
54061,82,0.001288855445129282
54061,83,0.0012105921092728743
54061,84,0.0011346306491822192
54061,85,0.001057573911771337
54061,86,0.0009627694310173807
54061,87,0.0008747830577743966
54061,88,0.0008030728693241074
54061,89,0.0007134026901673525
54061,90,0.0006212815391256216
54061,91,0.000563509051611012
54061,92,0.0004941097663657076
54061,93,0.00045134755142598755
54061,94,0.0004243817030106769
54061,95,0.000407552278881829
54061,96,0.0003978960920297734
54061,97,0.00038536229250445803
54061,98,0.00038851004911465717
54061,99,0.00039464902772565945
54061,100,0.0003701391422343968
54061,101,0.00036609279030437434
54061,102,0.0003711218947375371
54061,103,0.0003950190692999934
54061,104,0.00041470634561197376
54061,105,0.00043543662164221067
54061,106,0.00046567720828222584
54061,107,0.0005219562944049633
54061,108,0.0006072959712181494
54061,109,0.0009362371986351523
54061,110,0.0011534939819990062
54061,111,0.0013957277467758144
54061,112,0.001555547389849121
54061,113,0.0015548176880263763
54061,114,0.0016594983010832461
54061,115,0.0017027914721267582
54061,116,0.0016027418540101469
54061,117,0.001482677672432737
54061,118,0.0013972676738317786
54061,119,0.0013548717518900646
54061,120,0.0013815334875115573
54061,121,0.001446204112489588
54061,122,0.0014270795395117987
54061,123,0.001394334685382954
54061,124,0.0013626507067304417
54061,125,0.0014006080111225456
54061,126,0.001433209485425322
54061,127,0.0015237818077471108
54061,128,0.0016078714403575975
54061,129,0.0015976907034874156
54061,130,0.001542059217751217
54061,131,0.001589006366900047
54061,132,0.00163981997267137
54061,133,0.001689697688630574
54061,134,0.001622873726556032
54061,135,0.001564967576361348
54061,136,0.0016235640599483465
54061,137,0.0017423885251032587
54061,138,0.0019918165609367
54061,139,0.002079517387994182
54061,140,0.002380083119886271
54061,141,0.0027006723421227354
54061,142,0.002693455169037068
54061,143,0.0025503387905048062
54061,144,0.0024535344367805022
54061,145,0.002495791502401216
54061,146,0.002486929427978302
54061,147,0.002413977303140645
54061,148,0.002337753186959945
54061,149,0.0023382597282589866
54061,150,0.0024414125303608442
54061,151,0.0025050208022414705
54061,152,0.002534528602240409
54061,153,0.002636727988291012
54061,154,0.0027298927433662416
54061,155,0.002838223419059801
54061,156,0.0028193303625219436
54061,157,0.0026490634244340523
54061,158,0.002467943567266478
54061,159,0.0023134453966316753
54061,160,0.0022232925528179897
54061,161,0.002062683346205528
54061,162,0.0018677786315197318
54061,163,0.0016590776012916704
54061,164,0.0014629511563149689
54061,165,0.0013312714398547223
54061,166,0.0012258613636723565
54061,167,0.0011233376732950548
54061,168,0.0010523786665617228
54061,169,0.0009856677616985673
54061,170,0.0009229053788377068
54061,171,0.0009008619506393363
54061,172,0.000886548849764399
54061,173,0.000880505839392148
54061,174,0.0008858177598714782
54061,175,0.0009273699678722653
54061,176,0.0009879921566352903
54061,177,0.0010620320078304577
54061,178,0.0011074480686894996
54061,179,0.001096251323154248
54061,180,0.0010794147086112598
54061,181,0.001047393805023232
54061,182,0.0010055096348564544
54061,183,0.0009721932851234109
54061,184,0.0009306323537089872
54061,185,0.0008663364229311863
54061,186,0.0008217404257976535
54061,187,0.0007742981939599303
54061,188,0.0007139408304609292
54061,189,0.0006478335700275438
54061,190,0.0006117651789676845
54061,191,0.0005821690157372352
54061,192,0.0005559034463701046
54061,193,0.0005374296250883095
54061,194,0.0005141861587597708
54061,195,0.0005142994489116175
54061,196,0.0005146126359942893
54061,197,0.0005199945214763173
54061,198,0.000535607374370719
54061,199,0.0005708719478031483
54061,200,0.000661012853806212
54061,201,0.0007813802338721005
54061,202,0.0007860331272548898
54061,203,0.0007757325071843051
54061,204,0.0007611068738648853
54061,205,0.0007142268221441708
54061,206,0.0006649801866560453
54061,207,0.0006125702903692166
54061,208,0.0005651002203385402
54061,209,0.0005151120290503711
54061,210,0.00047187951637424515
54061,211,0.0004170478578801741
54061,212,0.00038036285858530683
54061,213,0.0003549866940164841
54061,214,0.0003315531053752173
54061,215,0.00031647522384927704
54065,73,0.000920217587525132
54065,74,0.0011472136033443571
54065,75,0.0013342841035829708
54065,76,0.0015214227085159513
54065,77,0.0018125849837339095
54065,78,0.0020610496492330346
54065,79,0.0021346848965818196
54065,80,0.0021474764356737373
54065,81,0.0021491641744857386
54065,82,0.0020988429091723907
54065,83,0.0020673466362682506
54065,84,0.0020065626145525654
54065,85,0.001911989468387645
54065,86,0.0019028072291616051
54065,87,0.00194528894391
54065,88,0.001944243297474256
54065,89,0.0018569818594631055
54065,90,0.0017558409821838408
54065,91,0.0016888063995119701
54065,92,0.0015917983212907114
54065,93,0.001538029046114406
54065,94,0.0015202280179269782
54065,95,0.0014976386817194683
54065,96,0.0013652043737430117
54065,97,0.0013346790773133823
54065,98,0.0013321997490133683
54065,99,0.0012823604167227856
54065,100,0.001272390088523775
54065,101,0.0012640251812652836
54065,102,0.001221506755320064
54065,103,0.0012118543337550033
54065,104,0.001252425816286949
54065,105,0.0012767509436370273
54065,106,0.001284337249799067
54065,107,0.0012726738105181686
54065,108,0.0012493331178822817
54065,109,0.0012469136592327906
54065,110,0.0012495214326428484
54065,111,0.0012289083006199598
54065,112,0.0011989635553874463
54065,113,0.0011844703360612003
54065,114,0.001163647308429352
54065,115,0.0011406218415268273
54065,116,0.0011178577380238411
54065,117,0.001098330435207718
54065,118,0.001087289127486476
54065,119,0.0010730415685439737
54065,120,0.001086136651324544
54065,121,0.001114951705299985
54065,122,0.0010914619728813729
54065,123,0.001120270508789974
54065,124,0.0011525645745926187
54065,125,0.0011451604917364754
54065,126,0.0012014803524395849
54065,127,0.001257879904184427
54065,128,0.001333252396260443
54065,129,0.001374452604669589
54065,130,0.0014078560192510876
54065,131,0.0014502169910698835
54065,132,0.0015112768786596773
54065,133,0.0015915935169237908
54065,134,0.0016754850495497246
54065,135,0.001767164092167423
54065,136,0.0018364387456801898
54065,137,0.0019694595677644568
54065,138,0.0022353776072183175
54065,139,0.003096203492486392
54065,140,0.004759440983654678
54065,141,0.005660537377995133
54065,142,0.0067645823727502915
54065,143,0.007262193416654905
54065,144,0.0071729883701985575
54065,145,0.007059313633017472
54065,146,0.007000571228207818
54065,147,0.0072287879958657965
54065,148,0.00764927258721418
54065,149,0.007931975783147346
54065,150,0.007919883535660812
54065,151,0.00794650042561476
54065,152,0.00796171318743395
54065,153,0.007906944357737181
54065,154,0.007723236746046588
54065,155,0.007448346874802668
54065,156,0.007174485352362017
54065,157,0.006852817895677339
54065,158,0.006501739075204822
54065,159,0.006164602870784645
54065,160,0.00576038113194206
54065,161,0.005342032052058855
54065,162,0.005037360826764958
54065,163,0.0047846200211260105
54065,164,0.004502266410019928
54065,165,0.004247089173768509
54065,166,0.004111504221519941
54065,167,0.0040444658378917964
54065,168,0.004013356933337064
54065,169,0.003992370043024036
54065,170,0.003973422748921277
54065,171,0.003969252501357002
54065,172,0.0038195124976251014
54065,173,0.0038065696656610095
54065,174,0.0036271128602572023
54065,175,0.003578612296196913
54065,176,0.0036089171144406537
54065,177,0.0033867403327456137
54065,178,0.003327600468045122
54065,179,0.003230938045981248
54065,180,0.003201474134144109
54065,181,0.0031927920991401296
54065,182,0.0030826111104174294
54065,183,0.00296100311338082
54065,184,0.002826327668757605
54065,185,0.002717025506166372
54065,186,0.002606090470342607
54065,187,0.00247679210092653
54065,188,0.0023579381105609106
54065,189,0.002266949471661861
54065,190,0.002188582528180443
54065,191,0.002103791409627673
54065,192,0.002037479670344807
54065,193,0.001980238787526427
54065,194,0.0019292391693234562
54065,195,0.0018433860170413488
54065,196,0.0017932909675122258
54065,197,0.0017634831141864003
54065,198,0.001707421712029196
54065,199,0.001621589123951008
54065,200,0.0016121910738174966
54065,201,0.0015421075337945945
54065,202,0.0014621623780219464
54065,203,0.0013607588984072456
54065,204,0.0012895750307519618
54065,205,0.0012681263864510665
54065,206,0.0011821604196844517
54065,207,0.0011410904615482306
54065,208,0.0010973996559933334
54065,209,0.001063016662362747
54065,210,0.0010425577220261432
54065,211,0.00102818195252641
54065,212,0.0010274003609028707
54065,213,0.0009558555150467887
54065,214,0.0008930857553585993
54065,215,0.0008347012597584131
