fipsCode,hour,osi_pred
18001,73,0.004784624850202902
18001,74,0.0034308167823876167
18001,75,0.003407036979056377
18001,76,0.003322571237285943
18001,77,0.0033931783142650543
18001,78,0.0033579208367144958
18001,79,0.003242969619567543
18001,80,0.0031473419560037307
18001,81,0.0030394278364686556
18001,82,0.0029096299971734037
18001,83,0.002780129808922358
18001,84,0.0026361151160286624
18001,85,0.002403147156218908
18001,86,0.002270914426906406
18001,87,0.0021615599723487167
18001,88,0.0020277843869220516
18001,89,0.0018880846431678063
18001,90,0.0016747182331748873
18001,91,0.0014527733968886728
18001,92,0.0013125918342711568
18001,93,0.0011805983344506008
18001,94,0.001088010914022374
18001,95,0.0010654729964794938
18001,96,0.0010532721184594368
18001,97,0.0010025441144942732
18001,98,0.0009313300538691584
18001,99,0.0008918573163560322
18001,100,0.000854220976646168
18001,101,0.0008016204672330037
18001,102,0.0007627794180974576
18001,103,0.0007369733910639113
18001,104,0.0007366229843688542
18001,105,0.000731169335262599
18001,106,0.000832407898707675
18001,107,0.001601257030260261
18001,108,0.003494180284274489
18001,109,0.004574305199510531
18001,110,0.00537810043195479
18001,111,0.005356726113766249
18001,112,0.005499651512414219
18001,113,0.005656934035519152
18001,114,0.005192737071794659
18001,115,0.004503362774421008
18001,116,0.003685957621283813
18001,117,0.003093121720948738
18001,118,0.002766060855011367
18001,119,0.0027163986312007163
18001,120,0.003270587438042232
18001,121,0.003932357373185625
18001,122,0.004506083238675578
18001,123,0.00476531350371866
18001,124,0.0044677598424013275
18001,125,0.004244285527760234
18001,126,0.004026356403723154
18001,127,0.0037521166270258906
18001,128,0.003375004560867328
18001,129,0.002801237225447889
18001,130,0.00235667128330722
18001,131,0.0020009980549145867
18001,132,0.0017185190732669304
18001,133,0.001507281460450165
18001,134,0.0013798493212844672
18001,135,0.0012091632549228615
18001,136,0.0010655642207369701
18001,137,0.0009935185002472992
18001,138,0.0009527286568503026
18001,139,0.0009199686602989133
18001,140,0.0008032210834568939
18001,141,0.0007044520256424867
18001,142,0.0006284224297005168
18001,143,0.0005831138752870298
18001,144,0.0005852975021071608
18001,145,0.0005225679901407447
18001,146,0.0004556811781005472
18001,147,0.000434097317012792
18001,148,0.0004104299715826413
18001,149,0.0003994697615862126
18001,150,0.0004107442407201317
18001,151,0.00043652022087132386
18001,152,0.0004137553591825492
18001,153,0.0003860680891663792
18001,154,0.00035632661699232373
18001,155,0.00032937495294507697
18001,156,0.00031448518108156075
18001,157,0.0002972206563591333
18001,158,0.00025333140508969874
18001,159,0.00020797933367360736
18001,160,0.00018085812693800698
18001,161,0.00015802852460473774
18001,162,0.0001395677463628154
18001,163,0.0001181631061962324
18001,164,0.00010220834147516277
18001,165,9.161399431855457e-05
18001,166,8.618630672646101e-05
18001,167,9.16587947906216e-05
18001,168,8.810465797904477e-05
18001,169,8.354524587182502e-05
18001,170,8.111005614440092e-05
18001,171,8.229108115575078e-05
18001,172,7.998268002039525e-05
18001,173,8.124069531508033e-05
18001,174,8.703063653239068e-05
18001,175,9.925957508507558e-05
18001,176,0.00011169635569033504
18001,177,0.00013316669914517824
18001,178,0.00016733669078217094
18001,179,0.00017260677877429037
18001,180,0.00017313435911084398
18001,181,0.0001719509710515215
18001,182,0.0001708048366535787
18001,183,0.0001569757881356644
18001,184,0.00014435681276598578
18001,185,0.00013671577973548552
18001,186,0.00013208698414710773
18001,187,0.00012587440826799555
18001,188,0.00011407465458276762
18001,189,0.00010485095447921652
18001,190,0.00010338084445901323
18001,191,0.00010510466522246652
18001,192,0.00010247438954311885
18001,193,0.00010367256407411197
18001,194,9.95134839135652e-05
18001,195,9.646509041513051e-05
18001,196,9.946565267333486e-05
18001,197,0.0001045802602294901
18001,198,0.00012557595302735989
18001,199,0.00012421873539201225
18001,200,0.00012674770232816858
18001,201,0.00012483196917407113
18001,202,0.00013715418939572012
18001,203,0.00016212810690344572
18001,204,0.00019837247088060964
18001,205,0.00018688651522793889
18001,206,0.0001614985782979098
18001,207,0.00013825248988238322
18001,208,0.00011720181558086327
18001,209,0.00011124774082505642
18001,210,0.00010728812764866979
18001,211,0.00011511545966056518
18001,212,0.00012365002102607525
18001,213,0.00010513262319315044
18001,214,0.00010143282604663261
18001,215,0.0001062374607109949
18003,73,0.008711652284921257
18003,74,0.00766444601226428
18003,75,0.006698443676236259
18003,76,0.006078632409984437
18003,77,0.005611162117365362
18003,78,0.00507638296284721
18003,79,0.004487352759696415
18003,80,0.00413345511474481
18003,81,0.0038726298453500923
18003,82,0.003552098946664004
18003,83,0.00322379139690216
18003,84,0.002978103753037535
18003,85,0.0026760761333061633
18003,86,0.002382102307878637
18003,87,0.002135830368157015
18003,88,0.0018946875458647331
18003,89,0.0016847405378693924
18003,90,0.0014592209753013189
18003,91,0.00122016768450328
18003,92,0.0010157539618291533
18003,93,0.000882920992196813
18003,94,0.0007429564399245114
18003,95,0.0006245959433423715
18003,96,0.0005314776962289223
18003,97,0.00044233863078833435
18003,98,0.0003809506493425258
18003,99,0.00033351718790154195
18003,100,0.00028860133013046754
18003,101,0.0002484398517510738
18003,102,0.00022165709608525162
18003,103,0.00020430855975893665
18003,104,0.00018724963965032366
18003,105,0.0001842418106291485
18003,106,0.00020940682909388386
18003,107,0.00037603098289783004
18003,108,0.0010128718333369507
18003,109,0.0020932219327117864
18003,110,0.003395261229613762
18003,111,0.004307392795488452
18003,112,0.0046152156460474445
18003,113,0.004820225535916328
18003,114,0.004710310384519455
18003,115,0.004599048062728458
18003,116,0.0043053013990721
18003,117,0.0036607844390876285
18003,118,0.0032422146498755303
18003,119,0.003453881807294508
18003,120,0.0041317958744415935
18003,121,0.005375544610912491
18003,122,0.005566016938901426
18003,123,0.005254249907003254
18003,124,0.005275199948825325
18003,125,0.005156888374146126
18003,126,0.004845520299552702
18003,127,0.004520972160214889
18003,128,0.004531725831464159
18003,129,0.003804312567516373
18003,130,0.0030488444880462625
18003,131,0.0025744328682527446
18003,132,0.0023284412004134997
18003,133,0.002048615154137435
18003,134,0.0018427239072796807
18003,135,0.0015213690887650902
18003,136,0.0012404086623602293
18003,137,0.0010648855681866316
18003,138,0.0009284906199910092
18003,139,0.0007702782039796686
18003,140,0.0006162542661376101
18003,141,0.0005082505230170843
18003,142,0.00042724455622403473
18003,143,0.00035661350185870074
18003,144,0.00030385649918786674
18003,145,0.00026037896463836747
18003,146,0.0002369791279268754
18003,147,0.00022525534869168216
18003,148,0.0002011880468369336
18003,149,0.00017802698572077306
18003,150,0.00017336444811417572
18003,151,0.00016742945491115803
18003,152,0.00015053981382573043
18003,153,0.00013667170303042873
18003,154,0.00012954527167617793
18003,155,0.00011339806226154309
18003,156,9.771051211320418e-05
18003,157,8.73409924698249e-05
18003,158,7.710117296266645e-05
18003,159,6.666427998256813e-05
18003,160,5.473352760776367e-05
18003,161,4.70227368323447e-05
18003,162,3.9597576690072805e-05
18003,163,3.311814248681148e-05
18003,164,2.785287199664044e-05
18003,165,2.4411551756307917e-05
18003,166,2.1941367953230807e-05
18003,167,2.127943042206915e-05
18003,168,2.123978453467816e-05
18003,169,2.171815956722566e-05
18003,170,2.0925158728713587e-05
18003,171,2.0232340439662445e-05
18003,172,1.9667166228110097e-05
18003,173,1.9685437867928658e-05
18003,174,2.0714997137928327e-05
18003,175,2.3764318653672833e-05
18003,176,2.8717068628715676e-05
18003,177,3.421724966453045e-05
18003,178,3.7696278367968995e-05
18003,179,4.3091917531267304e-05
18003,180,5.3771239809816865e-05
18003,181,5.431307872773475e-05
18003,182,4.933884485757331e-05
18003,183,5.025262321222385e-05
18003,184,4.973190177744154e-05
18003,185,4.594158185400049e-05
18003,186,4.2487860347909575e-05
18003,187,3.8246775660462034e-05
18003,188,3.4473058736167955e-05
18003,189,3.053638957467697e-05
18003,190,2.7574068801546804e-05
18003,191,2.5625981904389766e-05
18003,192,2.3444045514663542e-05
18003,193,2.135691184945556e-05
18003,194,1.938876551640399e-05
18003,195,1.960001840106466e-05
18003,196,2.8771038862885264e-05
18003,197,6.572029388113954e-05
18003,198,5.952144229333332e-05
18003,199,5.035893223022813e-05
18003,200,6.0033645111681433e-05
18003,201,5.8582736701709906e-05
18003,202,5.2174000309055054e-05
18003,203,4.7138167296875844e-05
18003,204,4.355846512517286e-05
18003,205,4.244400645988335e-05
18003,206,3.8610562837007915e-05
18003,207,3.444944642881353e-05
18003,208,3.200030139758939e-05
18003,209,3.0449361158929043e-05
18003,210,2.9290115607516462e-05
18003,211,3.1571490985139115e-05
18003,212,2.8456696341997356e-05
18003,213,2.4233644506315775e-05
18003,214,2.2365574836831134e-05
18003,215,2.138771335668152e-05
18005,73,1.6565049224507423e-05
18005,74,1.7917293216922525e-05
18005,75,1.9871375121862202e-05
18005,76,2.119260122290379e-05
18005,77,2.351331681507855e-05
18005,78,2.7813487578356836e-05
18005,79,3.968734246656106e-05
18005,80,5.842660354793773e-05
18005,81,7.797453165802449e-05
18005,82,8.266691721762902e-05
18005,83,7.777529233543154e-05
18005,84,6.804018402835228e-05
18005,85,5.696740054615965e-05
18005,86,5.0226884074936186e-05
18005,87,5.0825668900427955e-05
18005,88,5.320091468977686e-05
18005,89,4.837823071161617e-05
18005,90,4.1635384924233604e-05
18005,91,3.250351562200854e-05
18005,92,2.7964319147527543e-05
18005,93,2.511983714603585e-05
18005,94,2.2271893329863097e-05
18005,95,1.94655367490894e-05
18005,96,1.7204438498918986e-05
18005,97,1.6581980897509484e-05
18005,98,1.6692409973640616e-05
18005,99,1.8055277142579152e-05
18005,100,1.955978211144602e-05
18005,101,2.420643964730617e-05
18005,102,4.42867027531966e-05
18005,103,7.766025863055416e-05
18005,104,0.00010642177179180267
18005,105,0.0001512358025509282
18005,106,0.0005364900194297416
18005,107,0.0029006826225078963
18005,108,0.008842091527910843
18005,109,0.013831400211649286
18005,110,0.0139620798846111
18005,111,0.01261337632222847
18005,112,0.01124617384720459
18005,113,0.010341118149192485
18005,114,0.009960477051570372
18005,115,0.008862187046066365
18005,116,0.007774600111746499
18005,117,0.007341385083939403
18005,118,0.007287333684714947
18005,119,0.00840456166197378
18005,120,0.008447424213877192
18005,121,0.007359306357012826
18005,122,0.006611166202926442
18005,123,0.006066791286149638
18005,124,0.005634500328337149
18005,125,0.00512151006556567
18005,126,0.004547738713240548
18005,127,0.00401510170255919
18005,128,0.0036654566222232275
18005,129,0.003281159856454644
18005,130,0.0029126025159820095
18005,131,0.0024609139201758517
18005,132,0.001968350351832974
18005,133,0.0015793295265159246
18005,134,0.0013004675462397566
18005,135,0.0010970585147672587
18005,136,0.0008969835153673326
18005,137,0.0007105857156749066
18005,138,0.0005942790461103475
18005,139,0.00046019869409083243
18005,140,0.00039483669146054667
18005,141,0.00034698097889918343
18005,142,0.00032012850500186393
18005,143,0.0002985479326996264
18005,144,0.000316790101850783
18005,145,0.00029813370870492224
18005,146,0.00024888995050152836
18005,147,0.00024286850369334808
18005,148,0.00024130092708050545
18005,149,0.00023249209944406826
18005,150,0.00022751242153889407
18005,151,0.00022267076479408893
18005,152,0.00021776184106033226
18005,153,0.00022129762432162382
18005,154,0.00021189791794962135
18005,155,0.00020191808897493404
18005,156,0.00019440946156835357
18005,157,0.00019013875360008917
18005,158,0.00017079452845089556
18005,159,0.00015698984168178737
18005,160,0.0001483358305859761
18005,161,0.00013630198819275893
18005,162,0.0001282174731005956
18005,163,0.00011350676999726442
18005,164,0.00010079149947275404
18005,165,8.232904586978634e-05
18005,166,6.156414769352937e-05
18005,167,4.817832425412473e-05
18005,168,3.730903078936726e-05
18005,169,3.103269291115208e-05
18005,170,2.849148885160422e-05
18005,171,2.9561404197433367e-05
18005,172,2.9733608047818345e-05
18005,173,3.2541138365458365e-05
18005,174,4.2805051470867534e-05
18005,175,6.592382746762452e-05
18005,176,0.00010832308473413895
18005,177,0.00014789566895848943
18005,178,0.0001540186155032868
18005,179,0.00015215096557617122
18005,180,0.00015975124479202996
18005,181,0.00016212981265559088
18005,182,0.0001571400885633354
18005,183,0.00015736568696129064
18005,184,0.00014649062575179385
18005,185,0.00013283764963960927
18005,186,0.00011664545662043819
18005,187,0.00010308798865968356
18005,188,9.271768198258011e-05
18005,189,7.68078656433738e-05
18005,190,6.660434542469732e-05
18005,191,5.828772639882432e-05
18005,192,4.469016799182414e-05
18005,193,3.416222841087719e-05
18005,194,2.8880884315855777e-05
18005,195,2.54965078511865e-05
18005,196,2.3433126512078287e-05
18005,197,2.2884251075765938e-05
18005,198,2.6111765445674663e-05
18005,199,3.7072550596106665e-05
18005,200,5.6084669770361196e-05
18005,201,8.274312654414612e-05
18005,202,0.00010137696652757903
18005,203,0.00010154013201843029
18005,204,9.749290703735838e-05
18005,205,9.05868170370585e-05
18005,206,8.548611821197787e-05
18005,207,9.175567007739787e-05
18005,208,9.473278965682414e-05
18005,209,9.443229682060723e-05
18005,210,9.415011719947189e-05
18005,211,8.176644396150076e-05
18005,212,6.914510552961879e-05
18005,213,5.719610260276975e-05
18005,214,4.6903021769182134e-05
18005,215,3.8052435902243284e-05
18007,73,0.00023202009845384994
18007,74,0.0003041636016271302
18007,75,0.00037829089288240016
18007,76,0.0004920647065582266
18007,77,0.0005992387683467056
18007,78,0.0006073952236999282
18007,79,0.0007180349461834532
18007,80,0.0010663254118654937
18007,81,0.0013727533553249105
18007,82,0.001645703251756388
18007,83,0.001700003706296051
18007,84,0.0016437931648580065
18007,85,0.0016529530800112272
18007,86,0.0015988431823282664
18007,87,0.0015826721033708902
18007,88,0.0017522206228225677
18007,89,0.00166754605534214
18007,90,0.0015082596675159337
18007,91,0.0013682030143641285
18007,92,0.0011834612340591313
18007,93,0.0010526263130174673
18007,94,0.0009846555951903775
18007,95,0.0009433850449666474
18007,96,0.0010375393899537343
18007,97,0.001118889111513384
18007,98,0.0011616951548116758
18007,99,0.0010927299523758125
18007,100,0.0011792444385108542
18007,101,0.0012720533767463973
18007,102,0.0014738187313979036
18007,103,0.0017027102934532078
18007,104,0.0018391576719294523
18007,105,0.0020918660141179333
18007,106,0.0029743908452271837
18007,107,0.005154035897600956
18007,108,0.00666454683609379
18007,109,0.007169155293430872
18007,110,0.010175587112029828
18007,111,0.010157451447884306
18007,112,0.009486954216747431
18007,113,0.009508019892518996
18007,114,0.009205071492654303
18007,115,0.008428604717440079
18007,116,0.008281497092845251
18007,117,0.008519730849104984
18007,118,0.009917839862533539
18007,119,0.009667662591888589
18007,120,0.008343346406802425
18007,121,0.007688757628108344
18007,122,0.00731413890430975
18007,123,0.008645229130181245
18007,124,0.008452245358204684
18007,125,0.007137595901560029
18007,126,0.006634714214417125
18007,127,0.006527436333820899
18007,128,0.0062483556861444465
18007,129,0.005956175139235111
18007,130,0.005375227982343894
18007,131,0.005828158018350175
18007,132,0.005674241894976579
18007,133,0.005148791957504931
18007,134,0.0049080129870954165
18007,135,0.004592544723780189
18007,136,0.004476037018177288
18007,137,0.004090616341626622
18007,138,0.004520888954240531
18007,139,0.0038560767965737904
18007,140,0.0031296355282686866
18007,141,0.0023714177127444835
18007,142,0.0017739616245417706
18007,143,0.0016037291484953615
18007,144,0.0014197941268087098
18007,145,0.0012800623959203393
18007,146,0.0012230654539609875
18007,147,0.0012503583029668255
18007,148,0.0014492859290651092
18007,149,0.0014834929308045624
18007,150,0.0016409069378904768
18007,151,0.0018176166683324553
18007,152,0.0018931630325883396
18007,153,0.0018771751915617322
18007,154,0.0016151552988661372
18007,155,0.0014119957340003432
18007,156,0.0013667033005700156
18007,157,0.0012804651241568148
18007,158,0.001169954323374505
18007,159,0.0010174449298077425
18007,160,0.0009641053147592835
18007,161,0.0008901131586054804
18007,162,0.0008304240348402269
18007,163,0.0007367819736158623
18007,164,0.0006738989606263307
18007,165,0.0006142089466951503
18007,166,0.0005711250654985857
18007,167,0.0005658840746222566
18007,168,0.0005098373245717828
18007,169,0.00047515459249384043
18007,170,0.000462207801608009
18007,171,0.00047403458678727515
18007,172,0.0005301006444624879
18007,173,0.0005555828094237572
18007,174,0.0006122990656816829
18007,175,0.0006807956827472303
18007,176,0.0008429909040019832
18007,177,0.0011103266314273033
18007,178,0.0013127184186545854
18007,179,0.001323039003139477
18007,180,0.0014156128548606342
18007,181,0.0014104998199382652
18007,182,0.001294561945936945
18007,183,0.0013186971214903343
18007,184,0.001380243839573329
18007,185,0.001286638992956589
18007,186,0.0011461208744861858
18007,187,0.001077823230940412
18007,188,0.0009731930290459426
18007,189,0.0007801219132267034
18007,190,0.0005858732851859092
18007,191,0.00046313461652784725
18007,192,0.00036902061622783066
18007,193,0.00029413981579562524
18007,194,0.00021900503856723955
18007,195,0.00016384344274283
18007,196,0.00013426849740607658
18007,197,0.000123311420202996
18007,198,0.00014416670708156538
18007,199,0.00016795812933519287
18007,200,0.00023691506735605273
18007,201,0.0003234122802069422
18007,202,0.00035167317000696406
18007,203,0.0003684071650024169
18007,204,0.0004039553193340039
18007,205,0.0005064831402105091
18007,206,0.0005510209157498201
18007,207,0.0005887722809603806
18007,208,0.0006799534895232501
18007,209,0.0007710775438095044
18007,210,0.000800843211699335
18007,211,0.000769638459423414
18007,212,0.0006843614837904695
18007,213,0.0006360520280457009
18007,214,0.0005902595556948699
18007,215,0.0005193267695567379
18011,73,2.0852105269375603e-05
18011,74,2.935135360654675e-05
18011,75,4.0562959770948246e-05
18011,76,4.6333639614516406e-05
18011,77,5.385198047278522e-05
18011,78,6.771823333561441e-05
18011,79,7.998336454024141e-05
18011,80,0.00011351064150797425
18011,81,0.0001537127718084824
18011,82,0.00018568263442125403
18011,83,0.00019459268739637576
18011,84,0.00020973545702654943
18011,85,0.00020813958528196456
18011,86,0.00019323754953560094
18011,87,0.00017639421855979298
18011,88,0.00016687394468022947
18011,89,0.00016403342231355805
18011,90,0.00015269721297080045
18011,91,0.000136621175639743
18011,92,0.0001247574534170182
18011,93,0.00012427990959005996
18011,94,0.0001291016948972334
18011,95,0.0001319113809161059
18011,96,0.00014003351361176994
18011,97,0.00014299004036244823
18011,98,0.0001522768803408862
18011,99,0.00016724498457263963
18011,100,0.00018352510336491505
18011,101,0.0001825229376774437
18011,102,0.00018244359473882477
18011,103,0.00020936211258923095
18011,104,0.00028168981852674747
18011,105,0.0004452868446866441
18011,106,0.0009542899285021305
18011,107,0.002363855342307292
18011,108,0.005354379102421389
18011,109,0.006574716532284208
18011,110,0.007414146187931701
18011,111,0.007127092070242194
18011,112,0.006987699919650412
18011,113,0.006280743060478938
18011,114,0.005169096518443118
18011,115,0.004402332047707601
18011,116,0.003698969782828576
18011,117,0.003149811053092597
18011,118,0.0034646169807896103
18011,119,0.003923432909264722
18011,120,0.004010227071960309
18011,121,0.003891359368877161
18011,122,0.0033397181386219275
18011,123,0.0030145856414410315
18011,124,0.0026939716992181706
18011,125,0.0023261872341451576
18011,126,0.0020142076951284657
18011,127,0.0017403089240978905
18011,128,0.0015354081024281589
18011,129,0.0013651787530006715
18011,130,0.0012011651091974494
18011,131,0.0010473618642701838
18011,132,0.000943145980293421
18011,133,0.000825005446562308
18011,134,0.0007654635890813038
18011,135,0.000739440310641246
18011,136,0.0006532018931318852
18011,137,0.0005364917602510761
18011,138,0.0005192815939833866
18011,139,0.0004871956835812437
18011,140,0.0004457490013473414
18011,141,0.00043945406122893337
18011,142,0.0004685465601991785
18011,143,0.00046688716544627845
18011,144,0.000461152569032458
18011,145,0.0004147927079227078
18011,146,0.00035439503427361294
18011,147,0.00033856475802392197
18011,148,0.00028813566342610346
18011,149,0.0002586825736432185
18011,150,0.00022650499870460148
18011,151,0.000215009439771273
18011,152,0.00021121194661830546
18011,153,0.00022714225337339662
18011,154,0.00023556903208558203
18011,155,0.00023992084373623728
18011,156,0.00022585477544224343
18011,157,0.0002165312686871981
18011,158,0.00019016186908099646
18011,159,0.00015869391603952424
18011,160,0.00013945882264426238
18011,161,0.00012061935449944106
18011,162,0.00010228337018697502
18011,163,8.614925272218498e-05
18011,164,7.816001245503769e-05
18011,165,7.205998504664862e-05
18011,166,6.642493846451808e-05
18011,167,5.9537083149961217e-05
18011,168,5.313767567585244e-05
18011,169,5.055680816208879e-05
18011,170,4.693710939575645e-05
18011,171,4.402527361327011e-05
18011,172,4.212528436088859e-05
18011,173,4.060492158427638e-05
18011,174,4.5465012310867873e-05
18011,175,6.108067014534637e-05
18011,176,8.659318637723548e-05
18011,177,0.0001228373763211858
18011,178,0.00016119430068002835
18011,179,0.0001708426944925805
18011,180,0.0001805816112161656
18011,181,0.00018512882434454223
18011,182,0.00017008860731561085
18011,183,0.0001662703507202641
18011,184,0.0001583166026772696
18011,185,0.00013966180846023565
18011,186,0.00012531747799672644
18011,187,0.00011384464370268694
18011,188,0.00010057680789094996
18011,189,8.810650426976429e-05
18011,190,7.743840173343378e-05
18011,191,6.900545387595775e-05
18011,192,6.04311147296123e-05
18011,193,5.308597736455751e-05
18011,194,4.606944777614772e-05
18011,195,4.03277794523771e-05
18011,196,3.7929702263505075e-05
18011,197,3.891009301732812e-05
18011,198,4.4630517814319165e-05
18011,199,5.2025516815249644e-05
18011,200,6.75583442118386e-05
18011,201,7.829128692807662e-05
18011,202,8.283837299451705e-05
18011,203,8.710482018393657e-05
18011,204,8.440034547557163e-05
18011,205,8.076185860006435e-05
18011,206,7.797825371293589e-05
18011,207,8.450191992819853e-05
18011,208,0.00010263605702585444
18011,209,0.00011936940584092346
18011,210,0.00010869306281186938
18011,211,0.00010061283262947861
18011,212,9.595964957563607e-05
18011,213,9.41711505295194e-05
18011,214,7.870016657840518e-05
18011,215,6.659143638578433e-05
18015,73,0.000164050240080953
18015,74,0.00014017007166335215
18015,75,0.0001329584323239744
18015,76,0.00014396927897707438
18015,77,0.00015674807416391143
18015,78,0.0001601057012264756
18015,79,0.0001537131128547845
18015,80,0.00017083186647471753
18015,81,0.00022796209637130475
18015,82,0.0002901492337418834
18015,83,0.00030029667972813134
18015,84,0.0003024044635974321
18015,85,0.00030068286551027584
18015,86,0.0002878958582038878
18015,87,0.00025629499564850056
18015,88,0.00023443749837297054
18015,89,0.00023345054021861974
18015,90,0.0002284412046718559
18015,91,0.00021410783603409268
18015,92,0.00019243358960087164
18015,93,0.00017896303024035877
18015,94,0.00018048708821642853
18015,95,0.00017658112871705983
18015,96,0.00018689252440634484
18015,97,0.00018397724982298797
18015,98,0.00017856912422829226
18015,99,0.0001829537056894233
18015,100,0.00019747178296366114
18015,101,0.00023657535270474875
18015,102,0.00029413553705338023
18015,103,0.00039621746049368917
18015,104,0.0007055273595743597
18015,105,0.001517010892391819
18015,106,0.002634428204369761
18015,107,0.004038603184448333
18015,108,0.006332755649142605
18015,109,0.006823585995114486
18015,110,0.0069130417540073825
18015,111,0.007322199371532718
18015,112,0.008153772341985074
18015,113,0.007381206793143792
18015,114,0.006532257459145976
18015,115,0.005599116375146381
18015,116,0.0052171267358884854
18015,117,0.005168490048135569
18015,118,0.00524235437010501
18015,119,0.0058844388739310634
18015,120,0.006101076086831857
18015,121,0.006412196642715912
18015,122,0.006152328057698426
18015,123,0.00578790955734319
18015,124,0.0053037795093731745
18015,125,0.004541806467571571
18015,126,0.0037820722741447447
18015,127,0.0033095734190477545
18015,128,0.002800944554452956
18015,129,0.0022930040681665743
18015,130,0.0019351140179601327
18015,131,0.0018313279025992872
18015,132,0.0017216832184956657
18015,133,0.0016317300559827693
18015,134,0.001545178178716262
18015,135,0.0013572331603145164
18015,136,0.0013766443288325864
18015,137,0.0015792806627905056
18015,138,0.0015510426718675122
18015,139,0.0015059867672906004
18015,140,0.001449732916774467
18015,141,0.0013105483094039102
18015,142,0.0011959511579787327
18015,143,0.001065837148920009
18015,144,0.0010301246644351149
18015,145,0.0009637601859108986
18015,146,0.0008439602956108811
18015,147,0.0007679899442307903
18015,148,0.0007034512235480546
18015,149,0.0006373738657241534
18015,150,0.0006064195868005378
18015,151,0.0006142322205605562
18015,152,0.000576616617533292
18015,153,0.000545145750138828
18015,154,0.00047822166909778675
18015,155,0.00044413339189835983
18015,156,0.00041332827762255035
18015,157,0.00037443772375047793
18015,158,0.00033722128750909364
18015,159,0.0002857216296945225
18015,160,0.00025093712338250805
18015,161,0.00021250064749624747
18015,162,0.0001849965024945783
18015,163,0.00015897392379555538
18015,164,0.0001355750922740169
18015,165,0.0001211185158091648
18015,166,0.00011025236377957572
18015,167,9.597229551817305e-05
18015,168,8.2906166873554e-05
18015,169,7.844487017570952e-05
18015,170,8.0165512288265e-05
18015,171,8.565217701916973e-05
18015,172,8.523799549842956e-05
18015,173,8.727982172815766e-05
18015,174,0.00010700792516604398
18015,175,0.00013977634742016264
18015,176,0.00019473075259522255
18015,177,0.00025337753036450773
18015,178,0.0002711160772146604
18015,179,0.00030681696158682255
18015,180,0.000353981547398528
18015,181,0.0003602508907070671
18015,182,0.00034557977995621283
18015,183,0.00034284884360243556
18015,184,0.00033075118732743536
18015,185,0.0003084475910099851
18015,186,0.00028559417502927375
18015,187,0.0002668233808015623
18015,188,0.00023934680010059996
18015,189,0.0002183693221325057
18015,190,0.000205570663804711
18015,191,0.00018729955594575328
18015,192,0.00015696497977748684
18015,193,0.00013579837177667348
18015,194,0.0001184953287306478
18015,195,0.00010684965331593998
18015,196,9.037494860902831e-05
18015,197,8.111773651134921e-05
18015,198,7.665802714643378e-05
18015,199,7.749338775970097e-05
18015,200,9.963007467397724e-05
18015,201,0.00011462358468796374
18015,202,0.0001267720798990755
18015,203,0.0001562088533752452
18015,204,0.00014097638967749254
18015,205,0.0001301189348824498
18015,206,0.0001294449781756233
18015,207,0.00014843351393508493
18015,208,0.00015592751152327397
18015,209,0.00016179392005950891
18015,210,0.00016558534380735327
18015,211,0.00015207996787876388
18015,212,0.0001517942857188201
18015,213,0.0001630061283620004
18015,214,0.00014527495894627078
18015,215,0.00011584196529562196
18017,73,0.00012664457784845962
18017,74,0.00011465661685207004
18017,75,0.00011039642653455493
18017,76,0.00010881928853880453
18017,77,0.00010114687764131497
18017,78,9.421854664739865e-05
18017,79,8.261776291155138e-05
18017,80,7.534559165773033e-05
18017,81,7.871890027931719e-05
18017,82,7.961428013240444e-05
18017,83,7.73601740391393e-05
18017,84,7.459077434109697e-05
18017,85,6.467063910354636e-05
18017,86,5.944968371403918e-05
18017,87,5.308248735740944e-05
18017,88,4.918753819879029e-05
18017,89,4.818718717305347e-05
18017,90,5.111656963584448e-05
18017,91,4.644884446197815e-05
18017,92,4.330559327586992e-05
18017,93,4.153035222274434e-05
18017,94,3.7075153244479965e-05
18017,95,3.509047497785474e-05
18017,96,3.2767847023036745e-05
18017,97,2.8752119702770647e-05
18017,98,2.735163705573123e-05
18017,99,2.811631146544522e-05
18017,100,2.642732042990974e-05
18017,101,2.6765447057740618e-05
18017,102,2.9833306729394712e-05
18017,103,4.036950814288846e-05
18017,104,6.0509749818230644e-05
18017,105,9.985124598500221e-05
18017,106,0.00013373376068890946
18017,107,0.0002574674899262335
18017,108,0.00046166464685032675
18017,109,0.0007427268496665947
18017,110,0.0012381296594581892
18017,111,0.0018824499012737477
18017,112,0.002568511206516765
18017,113,0.002671330963108794
18017,114,0.0024780517928178047
18017,115,0.0023202525726722096
18017,116,0.002162735604568033
18017,117,0.002075961424012286
18017,118,0.0021198933934098276
18017,119,0.0021788806026972938
18017,120,0.002196923626797189
18017,121,0.002244389614493184
18017,122,0.0023164293457050267
18017,123,0.0023130876194663186
18017,124,0.002059066744182493
18017,125,0.0018753234859703067
18017,126,0.001756032198377801
18017,127,0.0016553209584999897
18017,128,0.0015094381558269023
18017,129,0.001264484246765606
18017,130,0.0010811030057648174
18017,131,0.0010035666740316565
18017,132,0.0009589263616398112
18017,133,0.0008919130399648904
18017,134,0.0007520216879097226
18017,135,0.0006718628554326395
18017,136,0.0006714266477275562
18017,137,0.000764755157089373
18017,138,0.0008190640596158594
18017,139,0.0007481776302981846
18017,140,0.0007962241878863487
18017,141,0.000835076390254111
18017,142,0.0007009320368964748
18017,143,0.0005908546807582883
18017,144,0.000519685925942069
18017,145,0.0004464372102869927
18017,146,0.000402319531631143
18017,147,0.0003586416169117307
18017,148,0.0003172350018729506
18017,149,0.00028006813635377193
18017,150,0.0002548327463638477
18017,151,0.00024323153314610493
18017,152,0.0002188030011233514
18017,153,0.00018620957918785046
18017,154,0.00016472962597179573
18017,155,0.00013780598522292978
18017,156,0.00011809287831557806
18017,157,0.00010097627516172532
18017,158,8.452608555980867e-05
18017,159,7.63107348619825e-05
18017,160,6.443585166655727e-05
18017,161,5.382487586820403e-05
18017,162,4.754286822108458e-05
18017,163,4.428869244984076e-05
18017,164,4.120219506773782e-05
18017,165,3.724738842096272e-05
18017,166,3.4006551205946784e-05
18017,167,3.1666600654055416e-05
18017,168,2.9900156926076027e-05
18017,169,2.9916360115689994e-05
18017,170,3.056779021625155e-05
18017,171,3.149101229480807e-05
18017,172,2.913212418703855e-05
18017,173,2.7126023114919224e-05
18017,174,3.1896768884551365e-05
18017,175,4.083783473327865e-05
18017,176,6.021159957388368e-05
18017,177,8.503233578673519e-05
18017,178,8.372690049959635e-05
18017,179,8.372142290939021e-05
18017,180,8.515347972709928e-05
18017,181,8.751339084481828e-05
18017,182,8.815994866491097e-05
18017,183,8.817194410584513e-05
18017,184,8.691679906828492e-05
18017,185,8.003857096466587e-05
18017,186,7.908790709663906e-05
18017,187,7.905165229316184e-05
18017,188,7.490183189856351e-05
18017,189,6.980679709713868e-05
18017,190,6.700637351188527e-05
18017,191,5.8342569163189e-05
18017,192,5.028296240243968e-05
18017,193,4.585533030633794e-05
18017,194,4.2637216979341475e-05
18017,195,3.9180558772818056e-05
18017,196,3.3564736391292514e-05
18017,197,3.18714157621366e-05
18017,198,3.774561252762191e-05
18017,199,4.15301563653351e-05
18017,200,5.697238449797399e-05
18017,201,8.001238679646167e-05
18017,202,8.737270621169114e-05
18017,203,8.507332457391719e-05
18017,204,8.190145353511825e-05
18017,205,7.452427837541527e-05
18017,206,6.386352452784762e-05
18017,207,5.7863748135870974e-05
18017,208,5.525769800295523e-05
18017,209,4.5515010471065e-05
18017,210,3.949541298823469e-05
18017,211,4.513672072371342e-05
18017,212,5.694082041722438e-05
18017,213,6.634184705423395e-05
18017,214,6.216849175345568e-05
18017,215,5.306481450048278e-05
18019,73,1.8724502387933384e-05
18019,74,1.3518641237618127e-05
18019,75,8.939229078032699e-06
18019,76,1.1238464150081462e-05
18019,77,1.5590902617742232e-05
18019,78,2.554443881638974e-05
18019,79,3.929161683738793e-05
18019,80,5.747134776460374e-05
18019,81,6.526965788376571e-05
18019,82,6.509570169724336e-05
18019,83,6.41877896719705e-05
18019,84,6.405591170238088e-05
18019,85,5.764805645291155e-05
18019,86,5.775089201996174e-05
18019,87,5.722198451155945e-05
18019,88,5.7569292361777336e-05
18019,89,5.495854971643292e-05
18019,90,4.150839945074105e-05
18019,91,3.0188053878024363e-05
18019,92,2.4336699886352763e-05
18019,93,2.098866167194532e-05
18019,94,1.610986344165697e-05
18019,95,1.1590635991637891e-05
18019,96,8.987181999383072e-06
18019,97,7.79444603866461e-06
18019,98,8.044950283957279e-06
18019,99,9.959060364338732e-06
18019,100,1.3238470074554415e-05
18019,101,1.9978222996651707e-05
18019,102,2.5642267448729256e-05
18019,103,3.591309082210843e-05
18019,104,5.2710945344211544e-05
18019,105,7.88172448151287e-05
18019,106,0.00020558079556978008
18019,107,0.0011513940907931998
18019,108,0.005005917175217566
18019,109,0.012170707530410652
18019,110,0.014107199614648264
18019,111,0.011107978191054546
18019,112,0.009765339897210353
18019,113,0.009598165777220584
18019,114,0.008822852412009414
18019,115,0.008231133888360978
18019,116,0.007538044220204566
18019,117,0.007233474635679803
18019,118,0.0065148914649200895
18019,119,0.006026452217353896
18019,120,0.006509779611528684
18019,121,0.007090438739347249
18019,122,0.006824956091965564
18019,123,0.0064834312790805395
18019,124,0.005997087379685564
18019,125,0.0054966833293192624
18019,126,0.005014075752039182
18019,127,0.0045427794700531295
18019,128,0.004177151063815015
18019,129,0.00365572537642876
18019,130,0.0030819865663183643
18019,131,0.002632601427759235
18019,132,0.0022141550660090175
18019,133,0.0017989155869238137
18019,134,0.0015072849496436714
18019,135,0.0012097584264706156
18019,136,0.0009461293195425928
18019,137,0.0007605566296197235
18019,138,0.0006195381321008116
18019,139,0.0004873136082111388
18019,140,0.0004106598628711818
18019,141,0.00035413066790339993
18019,142,0.00030512198539628095
18019,143,0.0002702445036386439
18019,144,0.0002730596842487473
18019,145,0.00022986074033470478
18019,146,0.0002039690466143436
18019,147,0.00020018077971877725
18019,148,0.00018125154674426263
18019,149,0.00015676175062441684
18019,150,0.00013696710823091917
18019,151,0.0001243954270220839
18019,152,0.00011894701554362127
18019,153,0.0001262540171064917
18019,154,0.00013581234217798077
18019,155,0.0001392126254591254
18019,156,0.0001463260940388596
18019,157,0.00014909422085567203
18019,158,0.00013970298487390344
18019,159,0.00012091347687863334
18019,160,0.00010499285676853565
18019,161,9.275268011617469e-05
18019,162,8.351891201193259e-05
18019,163,6.900248948798975e-05
18019,164,5.2386063580369556e-05
18019,165,4.1980921023409965e-05
18019,166,3.3473757079116516e-05
18019,167,2.6698293678186476e-05
18019,168,2.2245751513504504e-05
18019,169,1.8803244494612957e-05
18019,170,1.662956330596283e-05
18019,171,1.648814678400908e-05
18019,172,1.8229917689449816e-05
18019,173,2.2349409850525804e-05
18019,174,2.6936930273217655e-05
18019,175,3.5874145474690544e-05
18019,176,5.628050367403729e-05
18019,177,8.45594811899034e-05
18019,178,9.501002630737169e-05
18019,179,8.807299937238608e-05
18019,180,8.918510091844266e-05
18019,181,9.544472594135281e-05
18019,182,0.0001022096450314301
18019,183,9.968356216481443e-05
18019,184,8.362097503467952e-05
18019,185,7.600988575664966e-05
18019,186,7.162988420904083e-05
18019,187,6.358176639880821e-05
18019,188,5.600914857332351e-05
18019,189,5.162652776103169e-05
18019,190,4.239490141141822e-05
18019,191,3.534298512968823e-05
18019,192,2.7981643527431025e-05
18019,193,2.356611183319391e-05
18019,194,2.0048161666322563e-05
18019,195,1.6700356652605716e-05
18019,196,1.5252891965965246e-05
18019,197,1.6282633127543717e-05
18019,198,1.873295081679134e-05
18019,199,2.3099434165624547e-05
18019,200,3.71742060785232e-05
18019,201,6.443822750419701e-05
18019,202,7.81780363982056e-05
18019,203,8.359593160564673e-05
18019,204,8.193333419171215e-05
18019,205,7.797517722832971e-05
18019,206,8.921617642652994e-05
18019,207,9.939028822525324e-05
18019,208,9.95133436351404e-05
18019,209,9.077152703441038e-05
18019,210,8.318572103754418e-05
18019,211,7.091288334931671e-05
18019,212,5.714586478680743e-05
18019,213,4.488103823884494e-05
18019,214,3.5217913247118457e-05
18019,215,2.771515024916767e-05
18021,73,0.00020265308059442148
18021,74,0.00015453448937065203
18021,75,0.00011812014211195557
18021,76,8.142064748183303e-05
18021,77,6.579701005372808e-05
18021,78,6.259495770972856e-05
18021,79,7.551305004289225e-05
18021,80,0.00010233872379028587
18021,81,0.00011537752271047244
18021,82,0.00010879645653894426
18021,83,0.00010011368214812634
18021,84,0.00011002359844904114
18021,85,0.00011205695802774238
18021,86,0.00010613894673173736
18021,87,0.00012261620281001916
18021,88,0.00013237023979970267
18021,89,0.0001373382862122557
18021,90,0.00014105416483781882
18021,91,0.00012496544659756545
18021,92,0.00010813873222021339
18021,93,9.893983888126455e-05
18021,94,9.276451834769062e-05
18021,95,8.809453113180173e-05
18021,96,7.823158630246901e-05
18021,97,7.552623852669062e-05
18021,98,7.882929724717953e-05
18021,99,8.939604676430863e-05
18021,100,0.0001201181320198293
18021,101,0.00015805776316245976
18021,102,0.00023170181422619548
18021,103,0.00037587892914966813
18021,104,0.0005732601796939598
18021,105,0.0011062914134594333
18021,106,0.002790799805181091
18021,107,0.0072079243306530354
18021,108,0.013538902615908887
18021,109,0.021604760017238496
18021,110,0.02706655588743169
18021,111,0.0273618141182311
18021,112,0.024279667606958
18021,113,0.021963958131134
18021,114,0.01999082172573462
18021,115,0.01736588177502929
18021,116,0.01567959922268168
18021,117,0.01543446600871059
18021,118,0.017790413375632627
18021,119,0.01977247977923439
18021,120,0.016183127937457326
18021,121,0.012735157548898231
18021,122,0.011579020095731215
18021,123,0.01081261612234245
18021,124,0.008889919606445456
18021,125,0.00721086310253964
18021,126,0.006076709823632568
18021,127,0.005000866072116569
18021,128,0.004339353421872545
18021,129,0.0036508145403294397
18021,130,0.002873401690830253
18021,131,0.002322725150164545
18021,132,0.001995285591249524
18021,133,0.001649867912021461
18021,134,0.001286594139636618
18021,135,0.0010013041765484943
18021,136,0.0008290832440846132
18021,137,0.0007168966140166357
18021,138,0.0006300653874227113
18021,139,0.0005349441256432868
18021,140,0.0005047134847929679
18021,141,0.0005699812102506095
18021,142,0.000632189874521886
18021,143,0.0006649135543401634
18021,144,0.0006929748648475996
18021,145,0.0006324265958255171
18021,146,0.0005721571819381594
18021,147,0.0005596846390423495
18021,148,0.000538893880454832
18021,149,0.0005005155654856008
18021,150,0.00045733497283431836
18021,151,0.00041415814023045184
18021,152,0.00039814659670976303
18021,153,0.0004048859517760357
18021,154,0.0003686012739386617
18021,155,0.00030599969115228313
18021,156,0.0002566283765821525
18021,157,0.00023310676904245243
18021,158,0.00020929565670300916
18021,159,0.0001711516824201054
18021,160,0.00015200365814732204
18021,161,0.00013777160535793917
18021,162,0.00012065912989824529
18021,163,0.0001008160420972387
18021,164,8.220166834179987e-05
18021,165,7.033969661557289e-05
18021,166,6.209878855140695e-05
18021,167,5.4423209342506665e-05
18021,168,4.400282126855772e-05
18021,169,3.882709658426823e-05
18021,170,3.535591623543624e-05
18021,171,3.609042507684994e-05
18021,172,3.716464388838417e-05
18021,173,4.285349392475031e-05
18021,174,5.4314044114669995e-05
18021,175,7.466786769919401e-05
18021,176,0.0001120834768428264
18021,177,0.00014644478574223313
18021,178,0.00015450029401389712
18021,179,0.00018952595351695405
18021,180,0.00020256617695741245
18021,181,0.00019220857910184184
18021,182,0.00018008075258880055
18021,183,0.0001713315775651107
18021,184,0.00015553526444599106
18021,185,0.00015389821838603953
18021,186,0.00015192984733994737
18021,187,0.0001389778518808358
18021,188,0.00013265906684256813
18021,189,0.00012139837774643888
18021,190,0.00010217521327308553
18021,191,8.271991971751355e-05
18021,192,6.958526216954464e-05
18021,193,5.924464988068076e-05
18021,194,4.907661639827676e-05
18021,195,4.1425041961312264e-05
18021,196,3.431728159713747e-05
18021,197,3.497848186083453e-05
18021,198,3.617774478110458e-05
18021,199,4.065884532103215e-05
18021,200,6.21828333638236e-05
18021,201,9.061698723875453e-05
18021,202,0.00011453094693689916
18021,203,0.00011749960344514721
18021,204,0.00010948972915296989
18021,205,0.00012013907795605988
18021,206,0.000130627661032266
18021,207,0.00013146392500579414
18021,208,0.00012434831644345714
18021,209,0.0001177710093006036
18021,210,0.00011393939147965912
18021,211,0.00010033529850047206
18021,212,8.720046346346619e-05
18021,213,7.78601848757831e-05
18021,214,7.275595638683403e-05
18021,215,6.51571290665449e-05
18031,73,0.00289826342663915
18031,74,0.0024953732980683855
18031,75,0.002201622017327367
18031,76,0.0019966332000540075
18031,77,0.0017341219477756313
18031,78,0.0015978522560713242
18031,79,0.0015026481299303307
18031,80,0.0014567090741248992
18031,81,0.0013791701159611889
18031,82,0.0012096192299281443
18031,83,0.001052666223653523
18031,84,0.0009181649511465447
18031,85,0.0007868937814944502
18031,86,0.0006852848723091979
18031,87,0.000545642676759013
18031,88,0.0004545461382861992
18031,89,0.00037642807858888024
18031,90,0.0003023340086445165
18031,91,0.00024100561055973138
18031,92,0.0001934798943008346
18031,93,0.0001604531471576471
18031,94,0.00014769206318366552
18031,95,0.0001468472826825193
18031,96,0.0001469017908226409
18031,97,0.0001421875283583894
18031,98,0.00014289720016488487
18031,99,0.0001549736684540178
18031,100,0.00016991607129145933
18031,101,0.00019270665900400383
18031,102,0.00024891933921700795
18031,103,0.0003164339451074862
18031,104,0.0003712976165152853
18031,105,0.0005047309454168288
18031,106,0.00129450950366646
18031,107,0.005432839672283949
18031,108,0.01794839135726138
18031,109,0.032976966406654894
18031,110,0.0362525228476185
18031,111,0.03222463953159482
18031,112,0.029242892747132185
18031,113,0.025261254856501106
18031,114,0.024110931853252523
18031,115,0.0212790426680583
18031,116,0.016657941561071598
18031,117,0.013420690949354339
18031,118,0.011858846262607246
18031,119,0.011458977991817347
18031,120,0.01180869829967913
18031,121,0.010951137350001193
18031,122,0.011215119046717752
18031,123,0.010544777309508023
18031,124,0.009453357351089016
18031,125,0.008530679104458486
18031,126,0.007713044581692277
18031,127,0.0071249576922892376
18031,128,0.006564670384808
18031,129,0.005922289694481917
18031,130,0.005105360491275764
18031,131,0.004426142798544218
18031,132,0.0038785586537819685
18031,133,0.0032640006665168968
18031,134,0.0026425014994627526
18031,135,0.0020663673709139015
18031,136,0.0016668742417672911
18031,137,0.0013960459170634148
18031,138,0.0013831699154834747
18031,139,0.0014491878682088147
18031,140,0.0012598539970687858
18031,141,0.001170078969323992
18031,142,0.0012769010230063436
18031,143,0.0013109149656761613
18031,144,0.001298121229455597
18031,145,0.00120485158799492
18031,146,0.0010734778807466022
18031,147,0.0009951276900673866
18031,148,0.0009178163729834077
18031,149,0.0008348182527699091
18031,150,0.0007647937506076109
18031,151,0.0007274085394994339
18031,152,0.0006991305837033801
18031,153,0.0006977639754208349
18031,154,0.0006507486966811854
18031,155,0.0006117530525663818
18031,156,0.000570940931575887
18031,157,0.0005240094644960373
18031,158,0.0004644808775287614
18031,159,0.00037737168748683747
18031,160,0.0002966285796163168
18031,161,0.0002514016750441953
18031,162,0.00021521329608302077
18031,163,0.00016447510016584185
18031,164,0.0001298821640614578
18031,165,0.0001211121529954976
18031,166,9.985622644560923e-05
18031,167,7.218766275918825e-05
18031,168,5.2082303312206853e-05
18031,169,4.0806449524951295e-05
18031,170,3.642581733668282e-05
18031,171,3.602585843424683e-05
18031,172,3.887841277326154e-05
18031,173,4.418226628522544e-05
18031,174,5.964644134065621e-05
18031,175,9.490833154288319e-05
18031,176,0.0001396081345455132
18031,177,0.00016878729256781995
18031,178,0.00015976076904967117
18031,179,0.0001576007214968966
18031,180,0.0001656334332839199
18031,181,0.0001715471639908876
18031,182,0.00018445609551955025
18031,183,0.0001638744340893506
18031,184,0.00015225661297204552
18031,185,0.00015504535479078608
18031,186,0.0001510109846809366
18031,187,0.0001511963154817821
18031,188,0.00013413565140009835
18031,189,0.00012834223737217371
18031,190,0.00012222957442911897
18031,191,0.00011257690824982198
18031,192,0.00010011661229144056
18031,193,9.096673721490479e-05
18031,194,8.645240801985258e-05
18031,195,8.66508068056409e-05
18031,196,8.687242985133902e-05
18031,197,9.136789717005513e-05
18031,198,0.00010900451051055713
18031,199,0.00012784488060898176
18031,200,0.000153014146676986
18031,201,0.00018711146965980153
18031,202,0.00017260447171086753
18031,203,0.00016927021042652035
18031,204,0.00017415069922649244
18031,205,0.00017992881714477788
18031,206,0.00016215989414189612
18031,207,0.00013894533255614464
18031,208,0.000121675835302156
18031,209,0.00011754249493121642
18031,210,0.00010743651059542322
18031,211,9.493547961239739e-05
18031,212,8.77726699669145e-05
18031,213,7.67264554779739e-05
18031,214,6.0843450557465916e-05
18031,215,5.444941584706567e-05
18049,73,0.0006514758658430755
18049,74,0.0006242212033126749
18049,75,0.0006607175858296767
18049,76,0.0006860109289478333
18049,77,0.0006784361217294009
18049,78,0.000665980526218772
18049,79,0.0006629081947687479
18049,80,0.0006979514320849399
18049,81,0.0007103764776838103
18049,82,0.0007824975038361044
18049,83,0.000851017049202964
18049,84,0.000898605888684153
18049,85,0.0008764997711175556
18049,86,0.0008606330032737413
18049,87,0.0008113954176789404
18049,88,0.0007538458130433425
18049,89,0.000686625858389483
18049,90,0.0006353440002666083
18049,91,0.0005871424329923615
18049,92,0.0005596299609377667
18049,93,0.000548130393663512
18049,94,0.000538639812718014
18049,95,0.0005600557108814937
18049,96,0.0006011264369172536
18049,97,0.0005913434388625084
18049,98,0.0005906786254506234
18049,99,0.0006062934648642522
18049,100,0.0006269139727225618
18049,101,0.0006846106983512001
18049,102,0.0007765776781672417
18049,103,0.0009120847442797438
18049,104,0.001118793063764181
18049,105,0.0013569976478501138
18049,106,0.0015453808830962305
18049,107,0.001856433609027666
18049,108,0.0025377244122397674
18049,109,0.0033848647697195143
18049,110,0.005269764820862532
18049,111,0.007675812352221875
18049,112,0.00780996471773924
18049,113,0.006660557541907434
18049,114,0.00600108806952316
18049,115,0.005523371235437263
18049,116,0.004797355130422906
18049,117,0.004449088086525614
18049,118,0.005613756946261468
18049,119,0.007049724416515012
18049,120,0.006576770145867805
18049,121,0.006130026526381327
18049,122,0.006205328663415815
18049,123,0.006489127654109619
18049,124,0.005689796830383761
18049,125,0.005020088641147282
18049,126,0.004888519491908128
18049,127,0.004605900650357701
18049,128,0.004322619070953489
18049,129,0.0038896746595351766
18049,130,0.0034585417284186642
18049,131,0.003029537262000381
18049,132,0.002617799494512563
18049,133,0.002318333737620239
18049,134,0.0020046576913777593
18049,135,0.0017667684526214032
18049,136,0.0016477709494739836
18049,137,0.0017295009772523076
18049,138,0.0018754698202774808
18049,139,0.0019872672815266883
18049,140,0.0020503817995234535
18049,141,0.0020622172371176813
18049,142,0.002093264532981508
18049,143,0.0019393220556533353
18049,144,0.0018537788187687131
18049,145,0.0017221008333916266
18049,146,0.0016439307832267897
18049,147,0.0016526868836192923
18049,148,0.0016173314564467724
18049,149,0.0015443171891669982
18049,150,0.001501350915210839
18049,151,0.0014409137081823702
18049,152,0.001453224304494416
18049,153,0.0013759198672984021
18049,154,0.0012481729767623996
18049,155,0.0012015874545439054
18049,156,0.0011609196376510579
18049,157,0.0011080496827708208
18049,158,0.001043484713562713
18049,159,0.0009090375672488985
18049,160,0.0008038232978216008
18049,161,0.0006666470015897483
18049,162,0.0005489371052102747
18049,163,0.0004648601270233651
18049,164,0.000407265758958158
18049,165,0.0003426732585328228
18049,166,0.0002771232159224503
18049,167,0.0002501618107024295
18049,168,0.0002316190674260021
18049,169,0.0002183825132804581
18049,170,0.00019666230849699554
18049,171,0.00020297695653368042
18049,172,0.00022874577887958657
18049,173,0.00023406696255529234
18049,174,0.0002583759767994335
18049,175,0.00029300522145391466
18049,176,0.0003983671598711361
18049,177,0.0005913067171284063
18049,178,0.0007012849489124983
18049,179,0.0007763042257300139
18049,180,0.0008341248531116762
18049,181,0.000883134743922085
18049,182,0.0009719870347669379
18049,183,0.0008916969504807313
18049,184,0.000749281582364727
18049,185,0.0006566583218710711
18049,186,0.0005826588451336385
18049,187,0.0004789852294848943
18049,188,0.00039148598169209725
18049,189,0.0003381453975124635
18049,190,0.0003071573386845437
18049,191,0.00026084886437157653
18049,192,0.000220921619965934
18049,193,0.00020386566428786014
18049,194,0.00018437505274909887
18049,195,0.00015903709770644222
18049,196,0.00014629397687690104
18049,197,0.0001279306670546259
18049,198,0.00011872415785077487
18049,199,0.00013128797490276402
18049,200,0.00018119393979522633
18049,201,0.00021983258153250796
18049,202,0.00022908121106242834
18049,203,0.000277581897665923
18049,204,0.0002715625910384334
18049,205,0.00026197214472549056
18049,206,0.00023523028888128907
18049,207,0.00022607368775628503
18049,208,0.00023354950095971416
18049,209,0.0002349472925244532
18049,210,0.00023156518139941015
18049,211,0.00023134595003287492
18049,212,0.00025161446797357113
18049,213,0.0002575452124459937
18049,214,0.00022786293066992593
18049,215,0.00020438116983142847
18053,73,0.012226028627026653
18053,74,0.011425477921463267
18053,75,0.010679384398703806
18053,76,0.009700014906788273
18053,77,0.00875276841252131
18053,78,0.008009797733382187
18053,79,0.007502157758984922
18053,80,0.006698477745211282
18053,81,0.006250459707272003
18053,82,0.005985831156338217
18053,83,0.0054831250297103186
18053,84,0.005136914789319716
18053,85,0.00471139325105714
18053,86,0.00424824438591489
18053,87,0.0036808220402939364
18053,88,0.0031171603115399743
18053,89,0.0026614330748701313
18053,90,0.0022583692813056278
18053,91,0.001869083691854744
18053,92,0.0015186674240918008
18053,93,0.0012274646353413992
18053,94,0.0010048358500395179
18053,95,0.0008392426994610917
18053,96,0.0007075428279951734
18053,97,0.0006106514773642796
18053,98,0.0005225325080504486
18053,99,0.000453972125150035
18053,100,0.000398953392127055
18053,101,0.0003510941393715018
18053,102,0.00031715037035479955
18053,103,0.00030083112091091116
18053,104,0.00028919309793583287
18053,105,0.0003147767524734715
18053,106,0.00046942098424418996
18053,107,0.0010272281354375328
18053,108,0.0020850769369581907
18053,109,0.0036117735321653265
18053,110,0.004433571454094805
18053,111,0.004705246259137241
18053,112,0.004716214503107039
18053,113,0.0044439688285472885
18053,114,0.004092556724070347
18053,115,0.00363437304174785
18053,116,0.0029944124951430577
18053,117,0.0024910800855836033
18053,118,0.0021971797314971086
18053,119,0.0021914411725416413
18053,120,0.0024025285048909504
18053,121,0.0027732856694743417
18053,122,0.0027307203276975742
18053,123,0.0025848732691254642
18053,124,0.002416999795270923
18053,125,0.0022856600617587055
18053,126,0.0022544791058426747
18053,127,0.00211952671319246
18053,128,0.0018984425500136323
18053,129,0.0016733931882441549
18053,130,0.0014833786985885213
18053,131,0.0012662145216176639
18053,132,0.0010773893762169333
18053,133,0.0009235909316092883
18053,134,0.0008068360717262985
18053,135,0.0006685963051437014
18053,136,0.0005215063503650572
18053,137,0.00040493520648331665
18053,138,0.0003373710206474277
18053,139,0.0002918881809374926
18053,140,0.0002377001570051496
18053,141,0.00019672520696655262
18053,142,0.00018088533997386993
18053,143,0.00017407173867857288
18053,144,0.0001915229667578257
18053,145,0.00019681900192613773
18053,146,0.0002028443868515637
18053,147,0.00020950678018243893
18053,148,0.00019755284609386533
18053,149,0.00018973084041393196
18053,150,0.0001757760066813011
18053,151,0.00016839985891348646
18053,152,0.0001802597437847199
18053,153,0.0001966000048684217
18053,154,0.0001796623777938227
18053,155,0.00015790837945271792
18053,156,0.00014005390728989345
18053,157,0.00012283152704849177
18053,158,0.00010816882013175687
18053,159,9.488610333279344e-05
18053,160,8.283499972041665e-05
18053,161,7.442909348397596e-05
18053,162,7.043231675474509e-05
18053,163,6.398475423731583e-05
18053,164,5.656222205933687e-05
18053,165,5.062199280333116e-05
18053,166,4.5826230674578984e-05
18053,167,4.12965691418051e-05
18053,168,3.8011528132274844e-05
18053,169,3.494219332624095e-05
18053,170,3.103864609029503e-05
18053,171,2.876530966691754e-05
18053,172,2.744785641955492e-05
18053,173,2.6862578135689527e-05
18053,174,2.641958718593703e-05
18053,175,3.0023226626406782e-05
18053,176,4.189816350308828e-05
18053,177,5.304511313836508e-05
18053,178,6.134538975838667e-05
18053,179,6.326394431816555e-05
18053,180,6.437594458651548e-05
18053,181,6.543690937380867e-05
18053,182,6.726243471464097e-05
18053,183,6.80846185830506e-05
18053,184,6.438728722527016e-05
18053,185,6.263590360718376e-05
18053,186,6.050021253772003e-05
18053,187,5.774348507215225e-05
18053,188,5.181332734422068e-05
18053,189,4.4957053330485925e-05
18053,190,4.1171477265848827e-05
18053,191,3.617998267249792e-05
18053,192,3.060797346361846e-05
18053,193,2.7282920582882915e-05
18053,194,2.5654985810561433e-05
18053,195,2.4455045352706666e-05
18053,196,2.3741933070896777e-05
18053,197,2.533373043756355e-05
18053,198,2.6827813290603977e-05
18053,199,2.839874856993728e-05
18053,200,4.0795109541538795e-05
18053,201,5.9521997269041105e-05
18053,202,6.826294867068935e-05
18053,203,6.557703765631982e-05
18053,204,6.303803646726473e-05
18053,205,6.88029104176683e-05
18053,206,6.609978100304528e-05
18053,207,6.0220854666359246e-05
18053,208,5.877543863024444e-05
18053,209,5.6191826170367136e-05
18053,210,4.9584544658409985e-05
18053,211,4.688034900524902e-05
18053,212,4.558816528702836e-05
18053,213,4.07730914359872e-05
18053,214,3.572942555319212e-05
18053,215,3.3692671707396284e-05
18055,73,6.96889080743493e-06
18055,74,1.0993807576069757e-05
18055,75,1.3216222406344203e-05
18055,76,1.552327423606952e-05
18055,77,1.9283784523436864e-05
18055,78,2.376164127638478e-05
18055,79,3.6933278705580485e-05
18055,80,7.552045044290012e-05
18055,81,0.00010164196888256222
18055,82,9.694447088337835e-05
18055,83,0.00010145960410530314
18055,84,0.0001132453213900236
18055,85,0.00011608467701046706
18055,86,0.00011285107796299852
18055,87,9.437850582760048e-05
18055,88,8.242847725022903e-05
18055,89,7.332747328817486e-05
18055,90,6.904013331495545e-05
18055,91,6.513382312341337e-05
18055,92,5.5447266210461694e-05
18055,93,4.190464569370568e-05
18055,94,3.49102393368485e-05
18055,95,3.163014084729048e-05
18055,96,2.912252350609643e-05
18055,97,2.507084537290595e-05
18055,98,2.2478862353127953e-05
18055,99,2.5312738532895254e-05
18055,100,3.673674617330809e-05
18055,101,5.511427595743177e-05
18055,102,8.786365029902343e-05
18055,103,0.0001470870155583824
18055,104,0.00024301161791662556
18055,105,0.0005363996363318269
18055,106,0.0016197461547177191
18055,107,0.004225308800597411
18055,108,0.007953265355918934
18055,109,0.01306367428434195
18055,110,0.01734431215438913
18055,111,0.016590868679952298
18055,112,0.013705669473341155
18055,113,0.012580738815179085
18055,114,0.012007085498964091
18055,115,0.00997194304285737
18055,116,0.008399452387199587
18055,117,0.01010056016285185
18055,118,0.021522091552666066
18055,119,0.04013065778220871
18055,120,0.03524903787965294
18055,121,0.025410111143568306
18055,122,0.02366195289123887
18055,123,0.023081001224002664
18055,124,0.02001851771592294
18055,125,0.016432161839058945
18055,126,0.014139783396818694
18055,127,0.012235133695357087
18055,128,0.011216554706057646
18055,129,0.009428002525067272
18055,130,0.007631558366510292
18055,131,0.006059248990464138
18055,132,0.004987636890713922
18055,133,0.004061183057670035
18055,134,0.002956174511646066
18055,135,0.0020459508010533933
18055,136,0.0014354634357186945
18055,137,0.0011340243863999162
18055,138,0.0009250926700445011
18055,139,0.0006434471671126556
18055,140,0.0004958997082447557
18055,141,0.00047342362272859064
18055,142,0.00047976181127321374
18055,143,0.0005415182752768322
18055,144,0.0006331942924655975
18055,145,0.0005655474109927003
18055,146,0.0005052365304877708
18055,147,0.000522307999762819
18055,148,0.000577283793074884
18055,149,0.000573887899327668
18055,150,0.000541870879098325
18055,151,0.0004989980724829576
18055,152,0.0005076270870883457
18055,153,0.0005181657650029991
18055,154,0.0004865453140658018
18055,155,0.00044945425396680896
18055,156,0.0004040298555694502
18055,157,0.00035800020461276556
18055,158,0.0003337746597786335
18055,159,0.0002764688086600357
18055,160,0.00022599379691378986
18055,161,0.00020585709204868784
18055,162,0.00015883468725062962
18055,163,0.00010772627605499874
18055,164,8.863517243106753e-05
18055,165,7.994828555226341e-05
18055,166,5.9529295128235305e-05
18055,167,3.771932912461969e-05
18055,168,2.7277665691066252e-05
18055,169,2.2757576555918977e-05
18055,170,2.4478721713950608e-05
18055,171,2.6150031313917644e-05
18055,172,2.8357985100260943e-05
18055,173,3.585634582391896e-05
18055,174,5.094780857862534e-05
18055,175,7.990277190655806e-05
18055,176,0.00012556319374357476
18055,177,0.00016522386431416772
18055,178,0.0002125857763013083
18055,179,0.00021827575582819645
18055,180,0.00023996818442165806
18055,181,0.00030766925728936917
18055,182,0.0002725998326978771
18055,183,0.00020201944937431183
18055,184,0.00016747882461910375
18055,185,0.000187601250343231
18055,186,0.00017546020320732621
18055,187,0.00013493325791725207
18055,188,0.00011206486649647257
18055,189,0.00010081856713713552
18055,190,9.215672125602173e-05
18055,191,8.177642740232516e-05
18055,192,6.451344006570912e-05
18055,193,5.195675721363682e-05
18055,194,4.159128867861422e-05
18055,195,3.3775918295822854e-05
18055,196,3.0075342053870264e-05
18055,197,2.5908233561606402e-05
18055,198,2.5527599963011036e-05
18055,199,3.5452174967140696e-05
18055,200,6.006719288607543e-05
18055,201,8.862398475017848e-05
18055,202,0.00010835577206080703
18055,203,0.00010782301989580049
18055,204,9.889778125831799e-05
18055,205,9.940458556914156e-05
18055,206,0.00010559210196594858
18055,207,0.00010455777591157109
18055,208,0.00011075095188379234
18055,209,0.00011392761669933061
18055,210,0.00011312889052857344
18055,211,0.00010383128885740442
18055,212,9.206633016454709e-05
18055,213,7.967535642385599e-05
18055,214,7.726313979467213e-05
18055,215,6.712593281793713e-05
18057,73,0.0010694512137772998
18057,74,0.001001070418593604
18057,75,0.000945026537159472
18057,76,0.0007687936412111534
18057,77,0.0006552898467182002
18057,78,0.0005673137376512712
18057,79,0.0004884273466856398
18057,80,0.0004445225908813426
18057,81,0.00041137440184310403
18057,82,0.0003834004943053523
18057,83,0.0003385303330608856
18057,84,0.0002970674344544326
18057,85,0.00025461081088193045
18057,86,0.0002208847521487559
18057,87,0.00017742194922904403
18057,88,0.00013838050864502097
18057,89,0.00010737958439962189
18057,90,8.414421899174812e-05
18057,91,6.291350361695281e-05
18057,92,4.524732470172384e-05
18057,93,3.368439618716501e-05
18057,94,2.604663756333513e-05
18057,95,2.0363439940984367e-05
18057,96,1.646938771072238e-05
18057,97,1.4661465698566313e-05
18057,98,1.3632076776137234e-05
18057,99,1.3126485017012348e-05
18057,100,1.3560493038607185e-05
18057,101,1.659289359992649e-05
18057,102,2.4280491404097214e-05
18057,103,3.395701687461714e-05
18057,104,5.7908021148238185e-05
18057,105,0.00010549736352061341
18057,106,0.00017443945992601278
18057,107,0.0005304784056006358
18057,108,0.0018028162920469366
18057,109,0.00385555953398048
18057,110,0.005094667081796096
18057,111,0.005151775697401948
18057,112,0.004985398282836461
18057,113,0.004440692005022429
18057,114,0.003722445645626534
18057,115,0.003101284012916686
18057,116,0.002433955989988455
18057,117,0.001983609184900411
18057,118,0.0018382603425828351
18057,119,0.0018613462119778043
18057,120,0.0017385088856831663
18057,121,0.0019409062648247132
18057,122,0.0018931430949243675
18057,123,0.0016712449722873044
18057,124,0.0015123170723226086
18057,125,0.0013978435642183868
18057,126,0.0013400799390941925
18057,127,0.001175304497801437
18057,128,0.0009954163902938567
18057,129,0.0008958589574355721
18057,130,0.0008085996176482728
18057,131,0.000716882014906578
18057,132,0.0006389246518273595
18057,133,0.0005415119831978039
18057,134,0.000489141294821603
18057,135,0.00048143706482419227
18057,136,0.00044392259831203633
18057,137,0.0003845147298422909
18057,138,0.00042000778893117345
18057,139,0.0003683753038018301
18057,140,0.00029344328382348436
18057,141,0.0002601096656043067
18057,142,0.00024074500421729207
18057,143,0.00022946487799702138
18057,144,0.00019374759124964665
18057,145,0.00015565247187593152
18057,146,0.0001347857335044225
18057,147,0.00012667907996476833
18057,148,0.0001064136465419255
18057,149,8.701075428945118e-05
18057,150,7.753159307903514e-05
18057,151,7.683978497398123e-05
18057,152,7.544324596893535e-05
18057,153,7.366400479379593e-05
18057,154,6.713620392750706e-05
18057,155,6.377818938734779e-05
18057,156,5.969074019830872e-05
18057,157,5.45929885788644e-05
18057,158,5.2471617156534285e-05
18057,159,4.83920022386245e-05
18057,160,4.424191761110768e-05
18057,161,4.0009364610996644e-05
18057,162,3.5881683518216444e-05
18057,163,3.1773902675505736e-05
18057,164,2.908564978198871e-05
18057,165,2.7900541470854347e-05
18057,166,2.776260804002435e-05
18057,167,2.8042877290633527e-05
18057,168,2.7921754075783874e-05
18057,169,2.6331113489368604e-05
18057,170,2.2599939693287794e-05
18057,171,2.1406213696895806e-05
18057,172,1.9360969154884906e-05
18057,173,1.7021361541365963e-05
18057,174,1.7328491601814155e-05
18057,175,2.0227057507577674e-05
18057,176,3.0333924887456385e-05
18057,177,5.221796670593559e-05
18057,178,7.081555287118218e-05
18057,179,6.973288576003173e-05
18057,180,7.135913802945374e-05
18057,181,8.11901854411333e-05
18057,182,7.868204370442088e-05
18057,183,7.207433482000668e-05
18057,184,6.431586993755837e-05
18057,185,5.834738878123826e-05
18057,186,5.2816016764343024e-05
18057,187,4.8259565892761504e-05
18057,188,4.285020343183836e-05
18057,189,3.761559485984283e-05
18057,190,3.3988193418553655e-05
18057,191,3.082852877681654e-05
18057,192,2.520690065259596e-05
18057,193,2.119820843419749e-05
18057,194,1.938774718682813e-05
18057,195,1.9360287119058557e-05
18057,196,1.7475739959146414e-05
18057,197,1.5170096908796526e-05
18057,198,1.571945747357019e-05
18057,199,1.9537012164730817e-05
18057,200,3.8228751078146706e-05
18057,201,5.486547026352595e-05
18057,202,5.774142088315686e-05
18057,203,6.297498213419818e-05
18057,204,6.387417642744964e-05
18057,205,6.043182886470409e-05
18057,206,5.9063070565783326e-05
18057,207,5.633772038608605e-05
18057,208,5.125328378647567e-05
18057,209,4.530355008642748e-05
18057,210,4.1223797130273974e-05
18057,211,3.593199644703121e-05
18057,212,3.3401180617976305e-05
18057,213,3.211479775938129e-05
18057,214,2.5764005096359677e-05
18057,215,2.1372286602800088e-05
18063,73,1.452432734746143e-05
18063,74,1.4735632963486475e-05
18063,75,1.6677460712063178e-05
18063,76,1.9699536639300907e-05
18063,77,1.9659314820375535e-05
18063,78,1.9336365148889067e-05
18063,79,2.2112260324814224e-05
18063,80,3.104008011620951e-05
18063,81,3.683516840076471e-05
18063,82,3.8341828987048526e-05
18063,83,4.053872496363398e-05
18063,84,4.0812504363448414e-05
18063,85,3.823989676333587e-05
18063,86,3.451724376065559e-05
18063,87,3.398234641467806e-05
18063,88,3.158120960084768e-05
18063,89,3.056954362306386e-05
18063,90,2.8826207516862714e-05
18063,91,2.3328240614181016e-05
18063,92,2.1417831307148412e-05
18063,93,2.3268522703231665e-05
18063,94,2.7728939232745922e-05
18063,95,2.7287397578230776e-05
18063,96,2.8488295622974097e-05
18063,97,2.766939883693441e-05
18063,98,2.5735861489475338e-05
18063,99,2.4232482208169998e-05
18063,100,2.5598658348072487e-05
18063,101,3.250775710240373e-05
18063,102,4.210789763402666e-05
18063,103,6.471984847392736e-05
18063,104,0.00010141533418515373
18063,105,0.00018583965457036648
18063,106,0.00047436376197068994
18063,107,0.0017846620194140266
18063,108,0.005217309965046561
18063,109,0.010552641796753933
18063,110,0.015556613926038044
18063,111,0.016554480764396858
18063,112,0.014289278962002595
18063,113,0.01195737102030922
18063,114,0.010644544931640161
18063,115,0.00944743620472908
18063,116,0.008183925156473022
18063,117,0.007319002901967673
18063,118,0.008367538434340481
18063,119,0.008999905182026147
18063,120,0.0075524875222211345
18063,121,0.006113086740154935
18063,122,0.005601971787389179
18063,123,0.004911684182261161
18063,124,0.004228912662861272
18063,125,0.003535929598477637
18063,126,0.002923328770551468
18063,127,0.00247533518012738
18063,128,0.0020689954587664685
18063,129,0.0017779868344671994
18063,130,0.0015099211139603182
18063,131,0.0012473875338156316
18063,132,0.0010674847561371
18063,133,0.0009197407923522406
18063,134,0.0008143708913759939
18063,135,0.0006920734536017851
18063,136,0.000581587464509935
18063,137,0.0005006307515390466
18063,138,0.00042839112549629806
18063,139,0.00036177366846661645
18063,140,0.00029137559778903856
18063,141,0.00027838649455677795
18063,142,0.0002715779344084654
18063,143,0.0002561468533227422
18063,144,0.0002353596336555152
18063,145,0.00021832081227386797
18063,146,0.00020704717975323213
18063,147,0.00020470514272444594
18063,148,0.00017318906799160873
18063,149,0.00012836512221964054
18063,150,0.00010994112203956001
18063,151,9.471072915721892e-05
18063,152,8.32954201402763e-05
18063,153,8.615297252629586e-05
18063,154,8.488264659661058e-05
18063,155,7.422976859003093e-05
18063,156,6.615902936070126e-05
18063,157,6.125213426343409e-05
18063,158,5.423255071535889e-05
18063,159,4.904376313867899e-05
18063,160,4.462370130887534e-05
18063,161,3.6836021445456845e-05
18063,162,3.015080226282753e-05
18063,163,2.450337815909534e-05
18063,164,2.1201406724590333e-05
18063,165,1.894395120471364e-05
18063,166,1.7051401747383587e-05
18063,167,1.5767990372976574e-05
18063,168,1.4426090573613082e-05
18063,169,1.333346248255312e-05
18063,170,1.260099534641605e-05
18063,171,1.193861802799287e-05
18063,172,1.2195241608404996e-05
18063,173,1.4116597331612477e-05
18063,174,1.923262342989884e-05
18063,175,2.8477260254852027e-05
18063,176,4.218446342543337e-05
18063,177,5.8158435794252194e-05
18063,178,6.623368210308632e-05
18063,179,6.893794877718173e-05
18063,180,7.13028682615628e-05
18063,181,8.279451153386646e-05
18063,182,8.941838054015957e-05
18063,183,8.269709428643211e-05
18063,184,7.411269127789444e-05
18063,185,6.246378855742781e-05
18063,186,5.400398326869321e-05
18063,187,4.694698935278708e-05
18063,188,3.99687308330744e-05
18063,189,3.59278369880862e-05
18063,190,3.152319174527956e-05
18063,191,2.5940985764514805e-05
18063,192,2.1037608981044864e-05
18063,193,1.8513542483047948e-05
18063,194,1.610107200743635e-05
18063,195,1.3144407270098542e-05
18063,196,1.0881406438032264e-05
18063,197,1.0660754456027943e-05
18063,198,1.2530145667721865e-05
18063,199,1.7892393486729115e-05
18063,200,3.46474323339006e-05
18063,201,4.834822850181832e-05
18063,202,4.9275129108037166e-05
18063,203,4.718247565785644e-05
18063,204,4.85186155878798e-05
18063,205,4.850595564051995e-05
18063,206,5.061515406313335e-05
18063,207,6.846287878339926e-05
18063,208,7.722362537585122e-05
18063,209,7.760426587259152e-05
18063,210,7.535600722121756e-05
18063,211,5.572465295030938e-05
18063,212,4.304994961833485e-05
18063,213,3.6577870506760316e-05
18063,214,3.0042293687230342e-05
18063,215,2.5038646051326795e-05
18075,73,0.005419028005656438
18075,74,0.005385067285424338
18075,75,0.005271533423208132
18075,76,0.005132608614957677
18075,77,0.004954169518712091
18075,78,0.0047079087582374305
18075,79,0.0042930108048956275
18075,80,0.0038706861094219454
18075,81,0.0035947102929082954
18075,82,0.0033767966273579694
18075,83,0.0032100501879033963
18075,84,0.0030018022611353395
18075,85,0.0027290660337259773
18075,86,0.0024628525777523613
18075,87,0.002264404866560921
18075,88,0.002003819741872781
18075,89,0.0017933421683910284
18075,90,0.001592307797953586
18075,91,0.0013658974139559234
18075,92,0.0011849888587778213
18075,93,0.0010495998803503339
18075,94,0.0009482161943451846
18075,95,0.0008526168881248366
18075,96,0.0007873055349056474
18075,97,0.0007073598879158082
18075,98,0.0006771815815621654
18075,99,0.0006641647307080266
18075,100,0.0006548188627145461
18075,101,0.0006489466895212622
18075,102,0.0006458106729003154
18075,103,0.0006815339717925739
18075,104,0.0007821387154147556
18075,105,0.0009695868426125031
18075,106,0.0013659009885502165
18075,107,0.002999338090784904
18075,108,0.006089914897155805
18075,109,0.008107140866247314
18075,110,0.0082133954549246
18075,111,0.008124285132716494
18075,112,0.009064005995334332
18075,113,0.009398832471083154
18075,114,0.009380652815044244
18075,115,0.008715801649593319
18075,116,0.007509244525811931
18075,117,0.006587896305889808
18075,118,0.005687873645542277
18075,119,0.005070634005633186
18075,120,0.005103416227410603
18075,121,0.0057450572781867805
18075,122,0.006037007890240389
18075,123,0.006920765053649543
18075,124,0.006530329487083637
18075,125,0.00582832855002402
18075,126,0.005653365227647044
18075,127,0.0053150090491388205
18075,128,0.004861643565661918
18075,129,0.004242185084195526
18075,130,0.0038467125501772375
18075,131,0.0036323482377793705
18075,132,0.0034173825371848765
18075,133,0.0030490873397409457
18075,134,0.0030132732986983164
18075,135,0.0028700656797145856
18075,136,0.002517648210934418
18075,137,0.002141718299592733
18075,138,0.0017897837015875733
18075,139,0.0015746306952538803
18075,140,0.0014629614977679905
18075,141,0.0013022027278924715
18075,142,0.0012709095807590155
18075,143,0.001171855105973231
18075,144,0.0011375552951095023
18075,145,0.0010535166319788714
18075,146,0.0009314306406153687
18075,147,0.0008411798404808956
18075,148,0.0007783658966066581
18075,149,0.0007131031674547726
18075,150,0.000680384924564094
18075,151,0.0006606790194444779
18075,152,0.0006476041775414074
18075,153,0.0006255504084076423
18075,154,0.0005638335552687076
18075,155,0.00048186029569886803
18075,156,0.0004056140761861686
18075,157,0.0003463734415850791
18075,158,0.00030357602737748505
18075,159,0.00027117848828086665
18075,160,0.0002446703610484467
18075,161,0.00023371580024079822
18075,162,0.00021132189506153917
18075,163,0.00018795585990497008
18075,164,0.00016613842064011633
18075,165,0.0001527209312445694
18075,166,0.00014871310830945559
18075,167,0.00013823250693578338
18075,168,0.00013222055922448506
18075,169,0.00012086855031469428
18075,170,0.00011289290576717974
18075,171,0.00011425364266147062
18075,172,0.00011194172640486186
18075,173,0.00011356369780327576
18075,174,0.00013606796990450136
18075,175,0.0001778360867738979
18075,176,0.00022402886985239932
18075,177,0.0002768876079727037
18075,178,0.0002935067446825754
18075,179,0.00029687949141493473
18075,180,0.00031855343239792444
18075,181,0.00032770934516730644
18075,182,0.00033208152240142607
18075,183,0.00032496560660871587
18075,184,0.00033758679826324047
18075,185,0.00033898705141272674
18075,186,0.00031904317471878894
18075,187,0.0002920016236475352
18075,188,0.00025823688304579584
18075,189,0.00024939039193055084
18075,190,0.0002454619353506699
18075,191,0.000239162635468522
18075,192,0.000233028553627063
18075,193,0.000240300163363753
18075,194,0.00023952300003198662
18075,195,0.00024221118040651356
18075,196,0.0002533846268327384
18075,197,0.00026490865987591813
18075,198,0.00028792785499721007
18075,199,0.0002855263382615485
18075,200,0.00031629409321175966
18075,201,0.000297791192951771
18075,202,0.00029791648956163874
18075,203,0.0002884063366190808
18075,204,0.0002490864738970601
18075,205,0.00024503907414593446
18075,206,0.00022195750601343707
18075,207,0.00022386173144028278
18075,208,0.00020669854988302155
18075,209,0.00021024788328644284
18075,210,0.00018322462365335184
18075,211,0.00015513506097394403
18075,212,0.00016581906052269324
18075,213,0.00017926003597919826
18075,214,0.000170250276138541
18075,215,0.000149400211091972
18079,73,2.454449272208506e-05
18079,74,3.309465586876186e-05
18079,75,4.8069466172984516e-05
18079,76,6.767776090528532e-05
18079,77,9.126159364755334e-05
18079,78,0.00010342099466775588
18079,79,0.00012059821010123928
18079,80,0.00015936057010285608
18079,81,0.00020621944873254036
18079,82,0.0002073390766033175
18079,83,0.00022087254261405134
18079,84,0.00023985589562950662
18079,85,0.00023231766378510583
18079,86,0.00021256645052389813
18079,87,0.00019793857226570687
18079,88,0.00019217552165679106
18079,89,0.00017894463743406015
18079,90,0.00017361801536521987
18079,91,0.00015449646251804945
18079,92,0.0001400290042146913
18079,93,0.00012956280956803146
18079,94,0.0001232751413453569
18079,95,0.00012729957531304462
18079,96,0.00013633530248126068
18079,97,0.00013771070981324435
18079,98,0.00014558132760260389
18079,99,0.00016863986713809125
18079,100,0.0001950732384228535
18079,101,0.0002448544922915766
18079,102,0.00034556660067735216
18079,103,0.0004829356238444377
18079,104,0.0006465284485629235
18079,105,0.000833990778053009
18079,106,0.001665999000391285
18079,107,0.008572719684335395
18079,108,0.027925932280828455
18079,109,0.04292206339294294
18079,110,0.04316521335679536
18079,111,0.035566525130590165
18079,112,0.029536764794340413
18079,113,0.026458859389006453
18079,114,0.02365283429863536
18079,115,0.019910910554929065
18079,116,0.016021261802666328
18079,117,0.013784163983546574
18079,118,0.013611558762252281
18079,119,0.013908696245914974
18079,120,0.013845027849711141
18079,121,0.013088725232846807
18079,122,0.012277968100588985
18079,123,0.011364192307389222
18079,124,0.010597005981819176
18079,125,0.010079611666779394
18079,126,0.009920928862962902
18079,127,0.009695359681320705
18079,128,0.009486344026208512
18079,129,0.008670618896538546
18079,130,0.0076711363060665725
18079,131,0.0071653617423408375
18079,132,0.006479122225453558
18079,133,0.005639584922426352
18079,134,0.004721997231356549
18079,135,0.0037603949047166968
18079,136,0.0030121497233857094
18079,137,0.002421372834957648
18079,138,0.0020456798091131032
18079,139,0.001711660023576289
18079,140,0.001485277736454415
18079,141,0.001369869019505873
18079,142,0.001399348944149172
18079,143,0.0013503782751130065
18079,144,0.0014132935504339082
18079,145,0.001341616450847381
18079,146,0.0012075443802319619
18079,147,0.0011672015475515016
18079,148,0.0010973673903537026
18079,149,0.0010699426559185286
18079,150,0.0010354717699881523
18079,151,0.0009874357474051235
18079,152,0.0009108869029977196
18079,153,0.0008659538146749197
18079,154,0.0007872666683816519
18079,155,0.0007030466048557734
18079,156,0.0006358550998420175
18079,157,0.0005912587439108489
18079,158,0.0005404833518065833
18079,159,0.00045762324906215387
18079,160,0.00039398871593247705
18079,161,0.0003517898307400961
18079,162,0.0003037484823804226
18079,163,0.00022054526399990757
18079,164,0.00017636808237583355
18079,165,0.00014912191389120785
18079,166,0.00011382843883561129
18079,167,8.120132490616887e-05
18079,168,6.11742497200055e-05
18079,169,4.902469188587238e-05
18079,170,4.516845262111442e-05
18079,171,4.9367674266517915e-05
18079,172,6.214017220808163e-05
18079,173,9.402001246537037e-05
18079,174,0.00013828326602322404
18079,175,0.0001983873945304382
18079,176,0.0002613441767853807
18079,177,0.0003652595427473066
18079,178,0.00040456377403236276
18079,179,0.0004619082300781178
18079,180,0.0004998056683943376
18079,181,0.0005251546402385942
18079,182,0.0005001370548957846
18079,183,0.0004653885727823211
18079,184,0.0004409277603883913
18079,185,0.0004318250566837786
18079,186,0.0004137571649453397
18079,187,0.00034749422306930197
18079,188,0.00028537175067166483
18079,189,0.00024697614524838986
18079,190,0.0002421054050578065
18079,191,0.00024191009390502782
18079,192,0.00023201429031856778
18079,193,0.00021808939609945188
18079,194,0.00021473444025218828
18079,195,0.00022458832503712082
18079,196,0.0002451599831141868
18079,197,0.00029032972475932073
18079,198,0.0003085495074306837
18079,199,0.0003102235086452871
18079,200,0.0003568907432604331
18079,201,0.0004444364061658008
18079,202,0.00044800420229113523
18079,203,0.0003955666753155118
18079,204,0.000352132016308815
18079,205,0.00031887952227355404
18079,206,0.0003086100967541854
18079,207,0.00032377381936910747
18079,208,0.00030965704971526453
18079,209,0.0002913940456934341
18079,210,0.0002864124000413281
18079,211,0.0002256940280126489
18079,212,0.00017607218195005484
18079,213,0.00015918512189457674
18079,214,0.00014644616682533753
18079,215,0.00013733001134432204
18081,73,4.272089512263605e-06
18081,74,4.973660901787906e-06
18081,75,4.619422245709728e-06
18081,76,7.091252203648337e-06
18081,77,1.1206908168621984e-05
18081,78,1.4129547180976412e-05
18081,79,1.8053131685906213e-05
18081,80,2.797300455887754e-05
18081,81,3.0702269908091806e-05
18081,82,2.8626119803812074e-05
18081,83,2.5119642666690936e-05
18081,84,2.2213797684375295e-05
18081,85,2.0276300157198813e-05
18081,86,1.8050397552226794e-05
18081,87,1.8866548954111486e-05
18081,88,1.8272178828177348e-05
18081,89,1.661169369598038e-05
18081,90,1.4800401752311004e-05
18081,91,1.262238451135293e-05
18081,92,1.1002384676510075e-05
18081,93,1.0444016295401494e-05
18081,94,1.0142176304101828e-05
18081,95,9.312038599910848e-06
18081,96,8.701555300793677e-06
18081,97,8.690558910893697e-06
18081,98,8.48382637423335e-06
18081,99,8.568631187820558e-06
18081,100,1.0007089688543294e-05
18081,101,1.5106405192505595e-05
18081,102,2.0856911844330292e-05
18081,103,2.805859919683556e-05
18081,104,4.051426968150311e-05
18081,105,7.557626302864438e-05
18081,106,0.0004146556735719341
18081,107,0.0019798508979291577
18081,108,0.004751484899378993
18081,109,0.008637967664676139
18081,110,0.011648213765556577
18081,111,0.012079310015789291
18081,112,0.010980180601402888
18081,113,0.010192628800023239
18081,114,0.009263675988572246
18081,115,0.008017038151266273
18081,116,0.006545309243026985
18081,117,0.005826930846491936
18081,118,0.005572526955724506
18081,119,0.0056013422438054225
18081,120,0.00554640535630667
18081,121,0.004970181276473915
18081,122,0.004364151508352811
18081,123,0.003926845155259259
18081,124,0.0035659393401546004
18081,125,0.003213373293801673
18081,126,0.0028608025324067033
18081,127,0.002481080919561546
18081,128,0.0022579555262165684
18081,129,0.0019439301985714002
18081,130,0.001630416904257598
18081,131,0.0013125556556440362
18081,132,0.0010634736506561291
18081,133,0.0008904503698734451
18081,134,0.0007337864911644039
18081,135,0.0006236612414591048
18081,136,0.0005007652911832246
18081,137,0.00038419954052578103
18081,138,0.00028929911821209855
18081,139,0.00024173129711435102
18081,140,0.00019423043295870517
18081,141,0.00015159757495392
18081,142,0.00016181232326997248
18081,143,0.00022244378636673257
18081,144,0.0002936614090503187
18081,145,0.00026618248630027203
18081,146,0.00019585685383594355
18081,147,0.00016689528783395697
18081,148,0.00014086594769121633
18081,149,0.00011526806113605434
18081,150,9.486728159675084e-05
18081,151,7.638086179297192e-05
18081,152,6.165593431834728e-05
18081,153,5.6463426414270774e-05
18081,154,4.86298867924236e-05
18081,155,4.303425290510998e-05
18081,156,3.789284911465935e-05
18081,157,3.3607454726413904e-05
18081,158,2.9790908442911236e-05
18081,159,2.7337806767674038e-05
18081,160,2.3672567957460613e-05
18081,161,2.0799396104999683e-05
18081,162,1.8354070579411904e-05
18081,163,1.4575734379009757e-05
18081,164,1.1913971854879719e-05
18081,165,1.0266643041513561e-05
18081,166,8.961496598297356e-06
18081,167,7.669419748187238e-06
18081,168,7.013756707104697e-06
18081,169,7.2455442882599375e-06
18081,170,6.971896257410712e-06
18081,171,6.961672596049836e-06
18081,172,6.901850837241808e-06
18081,173,7.485055670778038e-06
18081,174,1.0127970386253695e-05
18081,175,1.6235606102220838e-05
18081,176,2.7479145440536986e-05
18081,177,3.2712709490969584e-05
18081,178,3.068234329341057e-05
18081,179,3.2727075503355575e-05
18081,180,3.061415876087318e-05
18081,181,2.797128391462129e-05
18081,182,2.5485024406615503e-05
18081,183,2.251040829536011e-05
18081,184,2.0605238916562603e-05
18081,185,1.8590768900739424e-05
18081,186,1.8334528324154984e-05
18081,187,1.733315844939288e-05
18081,188,1.4422528300050831e-05
18081,189,1.3684792216858332e-05
18081,190,1.3860400308084745e-05
18081,191,1.3337389270984661e-05
18081,192,1.1222031229930121e-05
18081,193,9.533237575369698e-06
18081,194,8.93349551287887e-06
18081,195,8.78256507467501e-06
18081,196,8.727757153211357e-06
18081,197,9.480232721104176e-06
18081,198,1.0730311378819473e-05
18081,199,1.4587417386880852e-05
18081,200,2.4144796902825194e-05
18081,201,3.023449415653231e-05
18081,202,3.572767636418257e-05
18081,203,4.56235747560287e-05
18081,204,4.202484828539035e-05
18081,205,3.5768365806664684e-05
18081,206,3.777007168485759e-05
18081,207,5.489571271504984e-05
18081,208,5.506002997153036e-05
18081,209,5.6524873826145194e-05
18081,210,5.853733053382845e-05
18081,211,4.4246496650638404e-05
18081,212,3.183139640362309e-05
18081,213,2.4532917808497952e-05
18081,214,1.947579120005122e-05
18081,215,1.5290396316003735e-05
18115,73,0.00013282572910347946
18115,74,0.00022460232219472694
18115,75,0.00026738900751147314
18115,76,0.00031004413405030605
18115,77,0.00037385792020758364
18115,78,0.00047861804447230745
18115,79,0.0005728566610736446
18115,80,0.0007559124560583086
18115,81,0.0009442486764909644
18115,82,0.0009279532851033826
18115,83,0.0009470897981782662
18115,84,0.0008810692356327345
18115,85,0.000776742572665631
18115,86,0.0007287977869833752
18115,87,0.0005579797609018568
18115,88,0.00046524693598779226
18115,89,0.00041557989908361475
18115,90,0.0003392405201018133
18115,91,0.00029190012901115245
18115,92,0.0002450991027948726
18115,93,0.0002208372604909681
18115,94,0.0002097524738310221
18115,95,0.00018822990596337888
18115,96,0.00016859860377718239
18115,97,0.00014813108514406437
18115,98,0.00015225966368997716
18115,99,0.00016715428675325513
18115,100,0.00018066633687912497
18115,101,0.00020082772582646894
18115,102,0.0002506271522219572
18115,103,0.00032993528410680607
18115,104,0.0003708141929315273
18115,105,0.0004903470237615599
18115,106,0.0013481298586698318
18115,107,0.00603605025376058
18115,108,0.01398555526407956
18115,109,0.017141154486806066
18115,110,0.01768695055745807
18115,111,0.01708203205455846
18115,112,0.015403083489552081
18115,113,0.016279552305422218
18115,114,0.015516021979325927
18115,115,0.014128649856225601
18115,116,0.013345440068716153
18115,117,0.012644802079937383
18115,118,0.01165815469364468
18115,119,0.011399403486442578
18115,120,0.014860062067684589
18115,121,0.01978271033447883
18115,122,0.018546258597324054
18115,123,0.017092397910225744
18115,124,0.017797078397976004
18115,125,0.017811890497400822
18115,126,0.017248850792907593
18115,127,0.01622655428448014
18115,128,0.016474352991247863
18115,129,0.015965453537269664
18115,130,0.014775170370892985
18115,131,0.013361511502008821
18115,132,0.011710488972794652
18115,133,0.010381113313306682
18115,134,0.010741823003941482
18115,135,0.009818584053277476
18115,136,0.009664502417466195
18115,137,0.00986438781922074
18115,138,0.009493917037966246
18115,139,0.008443261308115142
18115,140,0.008358899042053107
18115,141,0.008484074530093774
18115,142,0.009257745216936765
18115,143,0.009434366657886693
18115,144,0.008369403868361752
18115,145,0.007244893258588148
18115,146,0.006878200950217479
18115,147,0.005693612881738532
18115,148,0.0051038750680347175
18115,149,0.004706861806064232
18115,150,0.0041898116085525225
18115,151,0.0035568437080256356
18115,152,0.0030570786320298624
18115,153,0.0026239949540362104
18115,154,0.002124664557061802
18115,155,0.0018020669488196177
18115,156,0.0015303181042203892
18115,157,0.0012656488788151535
18115,158,0.0010618489595330479
18115,159,0.0009271520333916289
18115,160,0.0008748520986013801
18115,161,0.0008065915580616189
18115,162,0.0006900959686259373
18115,163,0.0005843312328793022
18115,164,0.0005102265756865689
18115,165,0.0004317816053406948
18115,166,0.00034524801725260195
18115,167,0.0002588223180606822
18115,168,0.00020374751996928516
18115,169,0.0001792772311646915
18115,170,0.00019472471154111483
18115,171,0.00022239475698058214
18115,172,0.0002653673790207542
18115,173,0.00030234722345016203
18115,174,0.0003614384133032992
18115,175,0.0004909665171913615
18115,176,0.0006931370171607934
18115,177,0.0008111073390925212
18115,178,0.0007645946511474698
18115,179,0.000647339342603467
18115,180,0.0005328178196225081
18115,181,0.0005084001945894939
18115,182,0.0004864801126509789
18115,183,0.0005004384467373548
18115,184,0.0005067209030898886
18115,185,0.0005129620938855136
18115,186,0.0004679797833656445
18115,187,0.00040144577170447116
18115,188,0.000342639538930577
18115,189,0.0003009401462522041
18115,190,0.0002814674231918874
18115,191,0.0002721204152293152
18115,192,0.0002669968675338377
18115,193,0.0002551138662019502
18115,194,0.0002586463343124783
18115,195,0.00029363720956425876
18115,196,0.0003061359795970168
18115,197,0.00031888614785233486
18115,198,0.0003707255338178679
18115,199,0.0004410141959217607
18115,200,0.000554361097253268
18115,201,0.0007016687372238115
18115,202,0.0006599554345020442
18115,203,0.0004658665970765685
18115,204,0.0003433289905493819
18115,205,0.0003075907072637038
18115,206,0.00029751858986610776
18115,207,0.0003007384011538223
18115,208,0.0003137666217651211
18115,209,0.00033546850372491563
18115,210,0.00030790517015891937
18115,211,0.000245915789495412
18115,212,0.0002146597124833768
18115,213,0.00020305621754734582
18115,214,0.0001941819808586476
18115,215,0.0001726321137389299
18119,73,2.621258249984551e-05
18119,74,3.563490309461511e-05
18119,75,3.870964933286428e-05
18119,76,3.83714328692132e-05
18119,77,4.581148840081325e-05
18119,78,8.044623018713659e-05
18119,79,0.00014588547640237453
18119,80,0.00023900524977811497
18119,81,0.0002855681010471323
18119,82,0.00031384119584586874
18119,83,0.00035612871247273407
18119,84,0.00037010193465313284
18119,85,0.00037875310237689853
18119,86,0.00034425442904284953
18119,87,0.00034321294992386496
18119,88,0.00032568269238875775
18119,89,0.00030869353250825274
18119,90,0.00031382507301645887
18119,91,0.000303732738881788
18119,92,0.0002836657793800095
18119,93,0.00028152644779971017
18119,94,0.0002722004457975918
18119,95,0.00027282306075510304
18119,96,0.0002809128922902018
18119,97,0.00027997269994082884
18119,98,0.0002877578005534902
18119,99,0.0003185815058828234
18119,100,0.0004072817691482559
18119,101,0.000553348777403606
18119,102,0.0008087403564916156
18119,103,0.0011549512811042284
18119,104,0.0017283476617005933
18119,105,0.00314004312985661
18119,106,0.005968438146433996
18119,107,0.00860985227016947
18119,108,0.011645471039895194
18119,109,0.019909919585063288
18119,110,0.02854990095641537
18119,111,0.03085550055592285
18119,112,0.02672075050644963
18119,113,0.023621353208979887
18119,114,0.020878687276578354
18119,115,0.017561419264707476
18119,116,0.015509472776145637
18119,117,0.017058102930244158
18119,118,0.020516635798554908
18119,119,0.023317082302967543
18119,120,0.019517722693357498
18119,121,0.014939138326023444
18119,122,0.014221584938255396
18119,123,0.014047609738142917
18119,124,0.011785881610582114
18119,125,0.009980964360914066
18119,126,0.008508240066356037
18119,127,0.0073857807449783505
18119,128,0.0070627633341749495
18119,129,0.006615883066115715
18119,130,0.00516255363774294
18119,131,0.004118812700421818
18119,132,0.003657215768590648
18119,133,0.003296628532557538
18119,134,0.00276260091356275
18119,135,0.0021664429390192306
18119,136,0.0016488147600719138
18119,137,0.001345049874379163
18119,138,0.0012480737789152532
18119,139,0.0011523065264301433
18119,140,0.0011545143828867945
18119,141,0.0012441436970719593
18119,142,0.0013696473785818428
18119,143,0.0014750590587519962
18119,144,0.0017421037262230577
18119,145,0.0017171966533869373
18119,146,0.0015515231393244111
18119,147,0.0015465556572355748
18119,148,0.0015590789194375265
18119,149,0.0015057810825968574
18119,150,0.0014742035219888756
18119,151,0.0012773897897313358
18119,152,0.001256135315521936
18119,153,0.001270301075070741
18119,154,0.0012000392174746958
18119,155,0.0010455494129843752
18119,156,0.0008878958237998964
18119,157,0.0008378276662140465
18119,158,0.0007825969803190226
18119,159,0.0006884297699942639
18119,160,0.000618079947518368
18119,161,0.0005547966071808969
18119,162,0.0005042381530008974
18119,163,0.00043143536072735346
18119,164,0.0003385000845908847
18119,165,0.0002770221868778218
18119,166,0.00021508369978752285
18119,167,0.00016487171001718605
18119,168,0.0001240746502142172
18119,169,0.00010384482738216935
18119,170,0.00010855366710369047
18119,171,0.00013670037328541488
18119,172,0.00016637411553738506
18119,173,0.00020181145091649808
18119,174,0.00027292718048937704
18119,175,0.00032789921247532584
18119,176,0.0004931032607247478
18119,177,0.0006887176246222252
18119,178,0.0007283364782814883
18119,179,0.0007825253861670178
18119,180,0.0009325986890945625
18119,181,0.0009442085624647522
18119,182,0.0008875810680651878
18119,183,0.000774698196745219
18119,184,0.0006453645869800786
18119,185,0.000606100672323252
18119,186,0.0005473802645922065
18119,187,0.0004144330491112373
18119,188,0.00033284745263933676
18119,189,0.0002971526480824858
18119,190,0.00026584410259134633
18119,191,0.0002365162278827062
18119,192,0.00019785755001581478
18119,193,0.00016522037532549756
18119,194,0.0001322844277248702
18119,195,0.00011198985737103451
18119,196,9.759332196472424e-05
18119,197,8.731675416816e-05
18119,198,9.055434565165315e-05
18119,199,0.0001077097269997758
18119,200,0.0001532120706409139
18119,201,0.00020597577359781884
18119,202,0.0002454803119394693
18119,203,0.00024215984004666557
18119,204,0.00021358855862392372
18119,205,0.0002504339993038554
18119,206,0.00035330326002602807
18119,207,0.00046182964597788254
18119,208,0.0005256367627659549
18119,209,0.0005304206443135539
18119,210,0.0004967186208941815
18119,211,0.00040862763530705675
18119,212,0.00033111608658711455
18119,213,0.0002874347942036545
18119,214,0.0002534265112423846
18119,215,0.0002071241932670392
39001,73,0.00014297267346249917
39001,74,0.00019689957947191568
39001,75,0.00023736831778788125
39001,76,0.0002594903785243697
39001,77,0.00028483158299573994
39001,78,0.0003493018069985305
39001,79,0.0004124439285776371
39001,80,0.0005235885834773905
39001,81,0.0006721409232923532
39001,82,0.0006996744844406323
39001,83,0.0006497803086369106
39001,84,0.0006076980334493781
39001,85,0.0005637122994971343
39001,86,0.0005052694878862142
39001,87,0.0004488920550660735
39001,88,0.0004054753786284518
39001,89,0.00034866719557232167
39001,90,0.00034592567982260616
39001,91,0.00033854967333807264
39001,92,0.00031707428210082586
39001,93,0.0002927624494579706
39001,94,0.00025797058473042207
39001,95,0.0002458750429248167
39001,96,0.00024211056240691674
39001,97,0.00023442590969703015
39001,98,0.00023066745649949933
39001,99,0.0002415214501938639
39001,100,0.0002617988554255833
39001,101,0.000275320514189215
39001,102,0.00029190539377880044
39001,103,0.0003586028137745746
39001,104,0.00043842392212558185
39001,105,0.0005563344904023113
39001,106,0.0006624915396133463
39001,107,0.0010304470789498875
39001,108,0.002013392428488555
39001,109,0.004292701614693085
39001,110,0.006561458488592417
39001,111,0.007324435798988004
39001,112,0.007468303843014738
39001,113,0.006802064702983799
39001,114,0.006780596015361184
39001,115,0.006049168468441796
39001,116,0.005177278327446412
39001,117,0.004606946513516701
39001,118,0.00399527678900543
39001,119,0.003460055461766258
39001,120,0.0031931073693432536
39001,121,0.003203774623597989
39001,122,0.0035173786234508017
39001,123,0.004083687898502503
39001,124,0.005077201858898636
39001,125,0.0067587935660963026
39001,126,0.008430224995291783
39001,127,0.008222498316941312
39001,128,0.008510785990770509
39001,129,0.008327432167006626
39001,130,0.008318723014407663
39001,131,0.00872628754904239
39001,132,0.009030201608591625
39001,133,0.008131834418565595
39001,134,0.007794722652556905
39001,135,0.007883920823281695
39001,136,0.007842450873404976
39001,137,0.007891064051502616
39001,138,0.0072415841996836365
39001,139,0.006896102322535054
39001,140,0.0062249171682316915
39001,141,0.005442899851365062
39001,142,0.0048325928527063735
39001,143,0.004453058963491697
39001,144,0.0043134001546384845
39001,145,0.003931979175853883
39001,146,0.0036923812296273616
39001,147,0.0037627304831648937
39001,148,0.003775523612059613
39001,149,0.0036646100116693343
39001,150,0.0035841027196591804
39001,151,0.0034457944485003214
39001,152,0.0034254650954039833
39001,153,0.003282318700812871
39001,154,0.0029777951106404136
39001,155,0.0026705419149067105
39001,156,0.002416920879461356
39001,157,0.0021578243945608072
39001,158,0.0019270401909347885
39001,159,0.0017722614629261868
39001,160,0.00164253697333954
39001,161,0.0014772368254534827
39001,162,0.0013571332968345567
39001,163,0.0012768726130316318
39001,164,0.0011941861387459707
39001,165,0.0010279543525237864
39001,166,0.0008713623590509701
39001,167,0.0007555862214539506
39001,168,0.0006561529119368672
39001,169,0.000542385712091996
39001,170,0.0004506235268039848
39001,171,0.0004130285494579209
39001,172,0.0004394057960254096
39001,173,0.00047836966302561854
39001,174,0.0005833738081187905
39001,175,0.0007992475751186146
39001,176,0.0011655688069798316
39001,177,0.001615168624901795
39001,178,0.0018656041345713528
39001,179,0.001748729285296693
39001,180,0.0014989448881579642
39001,181,0.0011301886331132101
39001,182,0.0009451127884263187
39001,183,0.0008183805665676273
39001,184,0.0006904942774968847
39001,185,0.0005777516548535208
39001,186,0.00048425925235104817
39001,187,0.0004204919228077088
39001,188,0.0003599494357933839
39001,189,0.0003259185857405885
39001,190,0.00027168111741139123
39001,191,0.00023866905667153796
39001,192,0.00020139844955772572
39001,193,0.00016605546974190636
39001,194,0.00015572485927876963
39001,195,0.00016257156426605773
39001,196,0.00016496970488693818
39001,197,0.00015958358242768644
39001,198,0.00017558067905586928
39001,199,0.00022650755091510426
39001,200,0.0003101638320685072
39001,201,0.000403503466449118
39001,202,0.0004522962032401094
39001,203,0.00046666435818469885
39001,204,0.000543044757265901
39001,205,0.0005339308057117996
39001,206,0.00047892162611068944
39001,207,0.00046615412901943856
39001,208,0.0003951639518252929
39001,209,0.00032564646009647754
39001,210,0.0002979844394926458
39001,211,0.00026532846274348297
39001,212,0.0002310500788931954
39001,213,0.0002205404708730184
39001,214,0.0001796834867084409
39001,215,0.00014974878984701684
39003,73,0.03769010220938516
39003,74,0.03496211226806347
39003,75,0.033672634673242954
39003,76,0.03267458518212384
39003,77,0.03211666682725822
39003,78,0.030819329639573623
39003,79,0.029344803382845144
39003,80,0.028082195875226954
39003,81,0.02740791293224827
39003,82,0.02662228009253944
39003,83,0.02511776500392978
39003,84,0.023869787511716672
39003,85,0.022445887955012008
39003,86,0.02049784281225451
39003,87,0.018790990009954364
39003,88,0.01666233289297415
39003,89,0.01500242229383338
39003,90,0.013329896818045509
39003,91,0.011463662594046834
39003,92,0.009623449280769115
39003,93,0.008112792518856785
39003,94,0.007282432016622448
39003,95,0.0065444099892817305
39003,96,0.005977987586252388
39003,97,0.005533655221255633
39003,98,0.005196866637523825
39003,99,0.00503933734109204
39003,100,0.004930955314386319
39003,101,0.004789191847106667
39003,102,0.004727899516441844
39003,103,0.004614201253427641
39003,104,0.004479852716764159
39003,105,0.004447217021705485
39003,106,0.004542233883248502
39003,107,0.0047362870429738385
39003,108,0.004870865146391088
39003,109,0.005293840910637816
39003,110,0.006069719663400022
39003,111,0.006229807470656888
39003,112,0.0063730858618054245
39003,113,0.006341238879941201
39003,114,0.005870780242346402
39003,115,0.005129789755605101
39003,116,0.004485766701939275
39003,117,0.003970944510621935
39003,118,0.0038207881473735234
39003,119,0.003647175507538185
39003,120,0.0034594182745765686
39003,121,0.0036062990635390827
39003,122,0.004189690967085633
39003,123,0.004186694167747633
39003,124,0.00397276532970927
39003,125,0.003898403340164211
39003,126,0.003894444321372342
39003,127,0.0040925890927580345
39003,128,0.004172925810494774
39003,129,0.003924747363090987
39003,130,0.0035655656689176033
39003,131,0.0031826411941418375
39003,132,0.0030399273240251487
39003,133,0.0029195196908389284
39003,134,0.0026618161092674016
39003,135,0.0023617488358912133
39003,136,0.002108208389715635
39003,137,0.0019272223982807317
39003,138,0.0017311294964969372
39003,139,0.0015395906514454791
39003,140,0.0013228308493098205
39003,141,0.001147500094957907
39003,142,0.0010503635463447684
39003,143,0.0009760102419987046
39003,144,0.0009156773874005135
39003,145,0.0008081326939394399
39003,146,0.0007242865043614262
39003,147,0.000667816757917143
39003,148,0.0006135285823040935
39003,149,0.0005833250473912682
39003,150,0.0005731085508751828
39003,151,0.0005749094831500529
39003,152,0.0005378683613260745
39003,153,0.0005146803117232982
39003,154,0.0004756953526071342
39003,155,0.00042746030121580767
39003,156,0.0003900312978165848
39003,157,0.0003387270800934912
39003,158,0.00029666005690032107
39003,159,0.0002496851982815885
39003,160,0.0002067154860213871
39003,161,0.00017458064238590193
39003,162,0.00013768009849537543
39003,163,0.00010587702040176421
39003,164,8.321380539502741e-05
39003,165,6.560585237455313e-05
39003,166,5.334370632756197e-05
39003,167,4.5478661432425006e-05
39003,168,3.9816667135169685e-05
39003,169,3.4120289157524766e-05
39003,170,2.8487771831930664e-05
39003,171,2.545153674892162e-05
39003,172,2.4281775269118512e-05
39003,173,2.451408106651684e-05
39003,174,2.5788697531644147e-05
39003,175,2.9824813905552626e-05
39003,176,3.7741822471032656e-05
39003,177,5.114515433911636e-05
39003,178,6.4356727288244e-05
39003,179,7.201661809224444e-05
39003,180,7.149282292172273e-05
39003,181,7.197195338270349e-05
39003,182,6.739542378358128e-05
39003,183,6.152230985376352e-05
39003,184,5.450198122615064e-05
39003,185,4.864434058210564e-05
39003,186,4.4354751546159794e-05
39003,187,3.8270919096105874e-05
39003,188,3.213432799328788e-05
39003,189,2.8653766526090954e-05
39003,190,2.606041694668219e-05
39003,191,2.536802879628594e-05
39003,192,2.66936169993197e-05
39003,193,2.596820012777069e-05
39003,194,2.4942506912125546e-05
39003,195,2.5982421769738688e-05
39003,196,2.6497991131055084e-05
39003,197,2.9497133299858055e-05
39003,198,3.6672567717117055e-05
39003,199,5.1548186776115944e-05
39003,200,7.410361853431454e-05
39003,201,7.83278385554445e-05
39003,202,7.878052253556987e-05
39003,203,7.877408352360317e-05
39003,204,7.296922773130794e-05
39003,205,6.75078627173543e-05
39003,206,6.55547390185039e-05
39003,207,6.606787345275709e-05
39003,208,5.798213367910858e-05
39003,209,4.810767042721848e-05
39003,210,4.324887293356786e-05
39003,211,4.004419209676489e-05
39003,212,3.97055655304781e-05
39003,213,3.396652700344587e-05
39003,214,2.9690136274419407e-05
39003,215,3.025708306946451e-05
39005,73,0.1334153488085937
39005,74,0.12289966592208088
39005,75,0.11614786793604819
39005,76,0.11462342336011877
39005,77,0.11299150449997533
39005,78,0.11179109242315112
39005,79,0.10803209172749614
39005,80,0.10500661875729532
39005,81,0.10046665880504016
39005,82,0.09594914899377485
39005,83,0.09050831817526969
39005,84,0.08595502074671035
39005,85,0.08185039103201003
39005,86,0.07821045700005268
39005,87,0.0716522731903863
39005,88,0.06619456148757816
39005,89,0.06125728654679678
39005,90,0.05622433921829313
39005,91,0.05226232132002188
39005,92,0.04643026638637207
39005,93,0.04155454653820916
39005,94,0.038270039967197335
39005,95,0.035751319663874286
39005,96,0.033531854966383265
39005,97,0.03107152818257444
39005,98,0.029677501636251005
39005,99,0.028800464625248167
39005,100,0.02809342298139571
39005,101,0.027513555966361174
39005,102,0.027290893520059794
39005,103,0.027261129513389985
39005,104,0.027271988602438398
39005,105,0.02706133113079306
39005,106,0.02626480529949926
39005,107,0.025672955194906383
39005,108,0.02455856740853818
39005,109,0.024172692002516045
39005,110,0.024488324662359423
39005,111,0.02500113761659
39005,112,0.025872758698500222
39005,113,0.023329462073972282
39005,114,0.020670078028458275
39005,115,0.018078305609495044
39005,116,0.016407341649733436
39005,117,0.014461109546683585
39005,118,0.012427902256091184
39005,119,0.01115179106539896
39005,120,0.01044791644014703
39005,121,0.009981159289777919
39005,122,0.009364681740875442
39005,123,0.00940926344725718
39005,124,0.009885747774506995
39005,125,0.010833836259646132
39005,126,0.010983337110084097
39005,127,0.010616531397881867
39005,128,0.010163644168098132
39005,129,0.009644442005282099
39005,130,0.008838395028236325
39005,131,0.00815364764212726
39005,132,0.007525548061230151
39005,133,0.006496525169809853
39005,134,0.005654833042478535
39005,135,0.00502120187293578
39005,136,0.004276208632726724
39005,137,0.003679184371075395
39005,138,0.003153442013637327
39005,139,0.002720335124370554
39005,140,0.0024149426895864992
39005,141,0.002158587318983322
39005,142,0.002000491107665544
39005,143,0.0018047898024501972
39005,144,0.0016731482842367014
39005,145,0.0015873707412396394
39005,146,0.0015133675494388634
39005,147,0.001467064420989427
39005,148,0.0013844659456609275
39005,149,0.0013655795481553688
39005,150,0.00137176993589962
39005,151,0.0013933743252549711
39005,152,0.0014428437526384712
39005,153,0.0014310812335979666
39005,154,0.001357312879544743
39005,155,0.001253949473888426
39005,156,0.0011486123623370818
39005,157,0.001038509538151941
39005,158,0.0009140174375955702
39005,159,0.0008120378446329478
39005,160,0.0007249893299202866
39005,161,0.000609187784467705
39005,162,0.0005009265869141144
39005,163,0.00040775469504859
39005,164,0.00033025019657546015
39005,165,0.0002675307402142878
39005,166,0.00022501750136829656
39005,167,0.00019259907619617128
39005,168,0.00016573300308588582
39005,169,0.0001339847283644666
39005,170,0.0001150035888777693
39005,171,0.00010962876349840923
39005,172,0.00010496773694358057
39005,173,0.0001052138192700998
39005,174,0.00011599274828737061
39005,175,0.0001355524384973412
39005,176,0.00016309193790557225
39005,177,0.00019652679551557616
39005,178,0.00021462897514418604
39005,179,0.00021917677695875245
39005,180,0.00023072404647188385
39005,181,0.0002235890205623111
39005,182,0.00020594374772361666
39005,183,0.00018026668731672412
39005,184,0.00015009325721212
39005,185,0.00013025421253354057
39005,186,0.0001159850190300961
39005,187,9.710022533584032e-05
39005,188,8.394672649770703e-05
39005,189,7.49569996349921e-05
39005,190,6.492356754884345e-05
39005,191,5.451465310810188e-05
39005,192,4.90140613667477e-05
39005,193,4.5858041044947714e-05
39005,194,4.495946107949662e-05
39005,195,4.448500903230645e-05
39005,196,4.474592738257675e-05
39005,197,4.895208998095891e-05
39005,198,6.171129179249393e-05
39005,199,8.757179261657499e-05
39005,200,0.00013196944316457276
39005,201,0.0001644664635185539
39005,202,0.00018834962205185237
39005,203,0.0002040265110144777
39005,204,0.00021574663499505738
39005,205,0.00022256889085762226
39005,206,0.00020603521769553657
39005,207,0.00018410107185647822
39005,208,0.00016346368524324355
39005,209,0.00014486620560369995
39005,210,0.0001250770314559118
39005,211,0.00012596881845138656
39005,212,0.0001042644879285316
39005,213,7.526033894676374e-05
39005,214,5.759971115206897e-05
39005,215,4.6563031031956025e-05
39007,73,0.044789969765819206
39007,74,0.0466413170369437
39007,75,0.04652204665236452
39007,76,0.04358176725301269
39007,77,0.0409321120280945
39007,78,0.04054192629939022
39007,79,0.0391125956061097
39007,80,0.03682066336680117
39007,81,0.03430874898362637
39007,82,0.031574451255415026
39007,83,0.029527970025044134
39007,84,0.027118062874143457
39007,85,0.024478805676788302
39007,86,0.022072294758958094
39007,87,0.019287434593984132
39007,88,0.01693758891894804
39007,89,0.015062358618417395
39007,90,0.013445978036170252
39007,91,0.011991686076219128
39007,92,0.010627902171962996
39007,93,0.009799094006038019
39007,94,0.009438726191045596
39007,95,0.00925377796378902
39007,96,0.00912638992212662
39007,97,0.009013430097049234
39007,98,0.009077464491412566
39007,99,0.009134169209862472
39007,100,0.009214473472184131
39007,101,0.009054069677310593
39007,102,0.009071818333660588
39007,103,0.008844510324021185
39007,104,0.008834569707692206
39007,105,0.0086521312490051
39007,106,0.008401588995017768
39007,107,0.008014813526561951
39007,108,0.00767243205773669
39007,109,0.0076406654328136725
39007,110,0.008647262078834862
39007,111,0.009905080246820859
39007,112,0.010857439358710608
39007,113,0.010494767994683012
39007,114,0.01037065807673372
39007,115,0.00989099709992908
39007,116,0.009827063577730468
39007,117,0.011012150702953347
39007,118,0.010914982824491812
39007,119,0.011340130634979264
39007,120,0.011077037009729595
39007,121,0.010991274512456285
39007,122,0.01100120518744101
39007,123,0.010650778082262941
39007,124,0.010295389947234649
39007,125,0.0097051349465281
39007,126,0.00935346389883089
39007,127,0.009094554404214923
39007,128,0.008921440862262405
39007,129,0.008848978904951501
39007,130,0.008450553246385982
39007,131,0.007534110421786427
39007,132,0.006746868023074405
39007,133,0.00582575749406668
39007,134,0.005097446557436537
39007,135,0.004252841725869429
39007,136,0.0036058491503432877
39007,137,0.00320033153499142
39007,138,0.0029332203116856272
39007,139,0.002768155822168335
39007,140,0.0027398313915210568
39007,141,0.0026344976185647333
39007,142,0.0026731887234170944
39007,143,0.002659901312478536
39007,144,0.002769435131378261
39007,145,0.002957991336628216
39007,146,0.0031695529586856534
39007,147,0.0034743787787219335
39007,148,0.003478400459898195
39007,149,0.0034332199022064033
39007,150,0.0034103308823646866
39007,151,0.0032638976671957266
39007,152,0.003158409947224555
39007,153,0.00310389327349264
39007,154,0.002965946414621298
39007,155,0.002738812924521126
39007,156,0.002574155778467185
39007,157,0.0023299950494769447
39007,158,0.0020962016406889973
39007,159,0.0018730586090123153
39007,160,0.0015952232532625962
39007,161,0.0013876381465675505
39007,162,0.0012166999759373465
39007,163,0.0010245273062768955
39007,164,0.0008702289890082698
39007,165,0.0007660577056002032
39007,166,0.0006857030651825487
39007,167,0.000627051895428485
39007,168,0.0006233837444647821
39007,169,0.000593966953644621
39007,170,0.000580230198876423
39007,171,0.0005691397667788035
39007,172,0.0005650136286397585
39007,173,0.0005666188530984397
39007,174,0.0005825725639821723
39007,175,0.0005883498405656546
39007,176,0.0006145068642884306
39007,177,0.0006528917050328063
39007,178,0.0006980350294967234
39007,179,0.0007729466097279173
39007,180,0.0008311577174372832
39007,181,0.0007824354940220543
39007,182,0.0007276345905673687
39007,183,0.000662073916163438
39007,184,0.0006052772166239112
39007,185,0.0005571145902832955
39007,186,0.000510512761764378
39007,187,0.00044009887196408003
39007,188,0.00040438865492836766
39007,189,0.00036126386778683486
39007,190,0.0003421421801223301
39007,191,0.0003113617176624729
39007,192,0.00029098432763616846
39007,193,0.00027617622617873215
39007,194,0.00028078758877937417
39007,195,0.00027444871996280904
39007,196,0.00027315840182756684
39007,197,0.00028333000407470573
39007,198,0.000293885978280028
39007,199,0.00032214106496682865
39007,200,0.00035902487281824064
39007,201,0.0003966862852511772
39007,202,0.0003948843739679467
39007,203,0.00038902905786980264
39007,204,0.000377171616307719
39007,205,0.00036805230832207247
39007,206,0.00032220238877139924
39007,207,0.00030012789806090995
39007,208,0.00025825443879627804
39007,209,0.00024038486751941574
39007,210,0.00023973535496559176
39007,211,0.00022864373836535527
39007,212,0.00019238054634610266
39007,213,0.00015490646834431858
39007,214,0.0001345760528011524
39007,215,0.00012069150123813745
39009,73,0.006053885561037808
39009,74,0.0037482687363789785
39009,75,0.003513268094257139
39009,76,0.0032961076157398675
39009,77,0.003189290749287639
39009,78,0.0030488121296071776
39009,79,0.002919418851333873
39009,80,0.0027904311018353395
39009,81,0.002593678486713563
39009,82,0.002338256447043107
39009,83,0.0021300360450172704
39009,84,0.00188717015481397
39009,85,0.0016490060396766376
39009,86,0.001430791619864752
39009,87,0.0012258792204085398
39009,88,0.001049617740121011
39009,89,0.0008500495717080134
39009,90,0.000675487214218644
39009,91,0.0005757416446793863
39009,92,0.0004879492243167814
39009,93,0.0004030703645933684
39009,94,0.00033952059473411553
39009,95,0.0002925051538498428
39009,96,0.00025607904903970094
39009,97,0.00022544835550935427
39009,98,0.00020783347999356482
39009,99,0.000200406863897234
39009,100,0.00019704369661411385
39009,101,0.00020036286709133942
39009,102,0.0002421858746695087
39009,103,0.00030378631709562776
39009,104,0.0002996613225125058
39009,105,0.00030051491194749906
39009,106,0.0003157535407174802
39009,107,0.00043917661931611147
39009,108,0.0005260999318988887
39009,109,0.000788099579034232
39009,110,0.0010200965635916047
39009,111,0.001042338169425631
39009,112,0.0012586901953395664
39009,113,0.0020078416240419932
39009,114,0.0025071407337344557
39009,115,0.0023469041506628623
39009,116,0.002097975548135504
39009,117,0.002060264355449919
39009,118,0.001965334645524119
39009,119,0.001866063031866204
39009,120,0.0018016851134254018
39009,121,0.0016442047531011967
39009,122,0.001527404555587389
39009,123,0.001422359891565371
39009,124,0.0016588481568032805
39009,125,0.002654585706910832
39009,126,0.0030600695802856584
39009,127,0.002863935892100692
39009,128,0.0027917782878774857
39009,129,0.002982809991365033
39009,130,0.003163380779875578
39009,131,0.002916175154551281
39009,132,0.0026029836180425595
39009,133,0.002244760546868153
39009,134,0.0019817953104040503
39009,135,0.002039179634193676
39009,136,0.0019633663548695958
39009,137,0.0020250037460502767
39009,138,0.0024966854268773367
39009,139,0.0025033843373035236
39009,140,0.0022599962855168773
39009,141,0.002138369607680643
39009,142,0.0020479039521980767
39009,143,0.0018723839721615262
39009,144,0.0017402120733449001
39009,145,0.0015911453335413813
39009,146,0.0014856055332663316
39009,147,0.0014142355949392613
39009,148,0.0013410171066772455
39009,149,0.0012849750888507161
39009,150,0.0012413173751514542
39009,151,0.0012342148846383903
39009,152,0.0012185634479473593
39009,153,0.0012096016039310888
39009,154,0.0011428916994843
39009,155,0.0010623525822911158
39009,156,0.0010004879127941066
39009,157,0.0009089663462479311
39009,158,0.0008355864049914194
39009,159,0.0007531280699484269
39009,160,0.0006726721883275491
39009,161,0.0006056094277242475
39009,162,0.0005367579733318992
39009,163,0.00045321501788654606
39009,164,0.00035859959334874695
39009,165,0.0003009678470784614
39009,166,0.00027471914975802264
39009,167,0.00024658948855599494
39009,168,0.00021183513975930356
39009,169,0.00018236153765411995
39009,170,0.00017253953066533447
39009,171,0.00017368461002454944
39009,172,0.00017561853102384165
39009,173,0.00017891083797086333
39009,174,0.00018784480589317302
39009,175,0.00022454444149944724
39009,176,0.00029099833230340977
39009,177,0.0003875704088925604
39009,178,0.00048215633416485033
39009,179,0.0005199696257314506
39009,180,0.0005252212137004887
39009,181,0.0005297189755726142
39009,182,0.0004667400774969871
39009,183,0.0004042094801218852
39009,184,0.0003726550362790009
39009,185,0.0003216905419739711
39009,186,0.00027754395927683315
39009,187,0.000250872097421817
39009,188,0.00021415940711426586
39009,189,0.00018158487360649911
39009,190,0.0001574653487883296
39009,191,0.00013938692258328982
39009,192,0.00012025762599236908
39009,193,0.00010631338162010777
39009,194,9.806885614153975e-05
39009,195,8.979325570416895e-05
39009,196,8.956637987086292e-05
39009,197,9.573197586493828e-05
39009,198,0.00010975795812778391
39009,199,0.00013945524187251095
39009,200,0.00020204358803936273
39009,201,0.0002573553121142003
39009,202,0.00024577723244299934
39009,203,0.00024935802164572225
39009,204,0.00025146198161447327
39009,205,0.00024829653193200204
39009,206,0.00022924125028758095
39009,207,0.0001926666393703519
39009,208,0.00016183511619060026
39009,209,0.00014518264541549955
39009,210,0.00014014735253734082
39009,211,0.00012830597902862716
39009,212,0.00012763835007568303
39009,213,0.00012650881495557384
39009,214,0.00010847831128466414
39009,215,0.00010669151945953084
39011,73,0.038617868741781164
39011,74,0.036180687549030394
39011,75,0.035283614097635814
39011,76,0.03355144235807676
39011,77,0.03255075225894515
39011,78,0.03163381319832594
39011,79,0.029137715261950716
39011,80,0.02804941183606517
39011,81,0.026576585081390148
39011,82,0.024722717047694784
39011,83,0.022704144213834616
39011,84,0.021281040711916627
39011,85,0.019890989995452933
39011,86,0.018359189245269233
39011,87,0.016787283482602583
39011,88,0.015325192234639544
39011,89,0.013944827246306045
39011,90,0.01254520146195337
39011,91,0.010956348064771953
39011,92,0.009339679391300535
39011,93,0.008027663036711347
39011,94,0.007305029672170554
39011,95,0.006490949871770049
39011,96,0.005859064405680008
39011,97,0.005317128268963689
39011,98,0.005010805601857452
39011,99,0.0047680068931649664
39011,100,0.004570680934446082
39011,101,0.004394048765651035
39011,102,0.00424818758238403
39011,103,0.004118546180575161
39011,104,0.003966662074223606
39011,105,0.0037488938742398707
39011,106,0.0035877768404959267
39011,107,0.0037280256949094506
39011,108,0.004692283641178755
39011,109,0.006186320256669892
39011,110,0.0068027625699633365
39011,111,0.0064621211662273595
39011,112,0.006299088127443197
39011,113,0.005920948881303857
39011,114,0.005298834288002168
39011,115,0.004515350063627722
39011,116,0.0038660681050295084
39011,117,0.0032813984738872676
39011,118,0.002874030131196719
39011,119,0.0025510039761959926
39011,120,0.0024948656510161934
39011,121,0.003097896300084033
39011,122,0.004044025538423065
39011,123,0.0041969948723663214
39011,124,0.003931566975429475
39011,125,0.0038034693217218907
39011,126,0.0036693137620492163
39011,127,0.003720380591287907
39011,128,0.0035211604771581014
39011,129,0.00311996217206025
39011,130,0.002816347957717963
39011,131,0.002540637676270706
39011,132,0.0023339845134491177
39011,133,0.0021307137507021205
39011,134,0.0018881466304690874
39011,135,0.0016417807334852465
39011,136,0.0014796435957997339
39011,137,0.0013610351090179063
39011,138,0.001297992081096621
39011,139,0.0011679957358764858
39011,140,0.001016597014853328
39011,141,0.0009040022763806605
39011,142,0.0008449532507507859
39011,143,0.0007992239779419558
39011,144,0.0007598865141412796
39011,145,0.0007025601611358508
39011,146,0.0006349808687775623
39011,147,0.0005904280801084498
39011,148,0.0005880412228620656
39011,149,0.0005813836817747925
39011,150,0.0005920280724284723
39011,151,0.0006051404209451864
39011,152,0.0006215360724855681
39011,153,0.0006352603252375063
39011,154,0.0006141245534513595
39011,155,0.000598408693189047
39011,156,0.0005731508699984074
39011,157,0.000597450411572804
39011,158,0.0005288104084927486
39011,159,0.00043039631113745325
39011,160,0.0003827022692068606
39011,161,0.00034920309256323504
39011,162,0.0003032858630849543
39011,163,0.0002472039473320456
39011,164,0.00020447824295178251
39011,165,0.00017521834614168009
39011,166,0.00016295532774268515
39011,167,0.00015760537253260183
39011,168,0.00015572521205747456
39011,169,0.00015875001634334016
39011,170,0.00015214032998063469
39011,171,0.00014510365114556926
39011,172,0.0001448904084601603
39011,173,0.00014387233699612398
39011,174,0.00015395126085980656
39011,175,0.00016589344873691524
39011,176,0.0001776682444738146
39011,177,0.00020739119167358778
39011,178,0.00023693168862780182
39011,179,0.0002407501171614851
39011,180,0.00024703056250081434
39011,181,0.0002491492916967899
39011,182,0.00024994221920022645
39011,183,0.0002272409687696096
39011,184,0.0002193574751099125
39011,185,0.0002206842231219118
39011,186,0.00021020046030700707
39011,187,0.00019433840519430653
39011,188,0.00016277616107402302
39011,189,0.00015337664958877967
39011,190,0.0001493999382552817
39011,191,0.00014507018977492705
39011,192,0.00014647174748618565
39011,193,0.00014004202678909877
39011,194,0.00012634965092683367
39011,195,0.0001216912782434396
39011,196,0.00012029224634803299
39011,197,0.00013371531213882392
39011,198,0.00017411216369634183
39011,199,0.00019249382745584992
39011,200,0.0002142222754241643
39011,201,0.00027201877039594746
39011,202,0.00031096731166599986
39011,203,0.0002909727709580526
39011,204,0.00028581377730681884
39011,205,0.0002692097860529515
39011,206,0.00023032286510972093
39011,207,0.00021443496267274317
39011,208,0.000191022968855577
39011,209,0.0001879285763329374
39011,210,0.0001813126910856002
39011,211,0.00016400307717893145
39011,212,0.0001454356042193493
39011,213,0.00011955376411940494
39011,214,0.00010385576282814794
39011,215,8.957798253776781e-05
39013,73,0.13013753698718256
39013,74,0.12832423422688666
39013,75,0.12660559051844103
39013,76,0.12391782645572394
39013,77,0.12343832062093568
39013,78,0.1230282605115114
39013,79,0.12299344398064538
39013,80,0.12282507219523703
39013,81,0.12065401447767098
39013,82,0.11705597475043014
39013,83,0.11118750612585981
39013,84,0.10628287183200777
39013,85,0.10110464667414447
39013,86,0.09487812534823095
39013,87,0.08891670714845037
39013,88,0.08405037150035093
39013,89,0.07860545961560106
39013,90,0.07242740221991334
39013,91,0.06724439819427507
39013,92,0.061305993395175735
39013,93,0.056501037131858306
39013,94,0.05349199885766423
39013,95,0.050608521184401956
39013,96,0.049381240048502854
39013,97,0.046236999683783656
39013,98,0.04438427600394659
39013,99,0.04338183395420437
39013,100,0.042100994317989325
39013,101,0.04178191391151593
39013,102,0.04121691946505715
39013,103,0.041056400717607716
39013,104,0.04065064614776989
39013,105,0.03958589166842341
39013,106,0.0384370183241241
39013,107,0.036893249521269204
39013,108,0.035272217657842206
39013,109,0.03244769245556757
39013,110,0.029440001696185006
39013,111,0.026214940739631
39013,112,0.023703902066484202
39013,113,0.022224782946329028
39013,114,0.01984416374749744
39013,115,0.01702285973703286
39013,116,0.014863193744062371
39013,117,0.013211940529923688
39013,118,0.012018977540302003
39013,119,0.010530181419702196
39013,120,0.009500562581195138
39013,121,0.008684519094488405
39013,122,0.007978643206637345
39013,123,0.007508195804800103
39013,124,0.006966989124116639
39013,125,0.006733889752628159
39013,126,0.006977626031776462
39013,127,0.007959147638856913
39013,128,0.00790914672216967
39013,129,0.007516624382985263
39013,130,0.007136495202734088
39013,131,0.007629436368049609
39013,132,0.007115303114915462
39013,133,0.006473903993126716
39013,134,0.005693200490233251
39013,135,0.004954667399235941
39013,136,0.004394298517320729
39013,137,0.0039184228203429025
39013,138,0.0036344389066689567
39013,139,0.003439079692743751
39013,140,0.0034376035240202794
39013,141,0.0032556618271861477
39013,142,0.0031308538325140315
39013,143,0.0029983568975431437
39013,144,0.0029077822445519857
39013,145,0.0027720886488731525
39013,146,0.0026921540184785043
39013,147,0.0026243304546765818
39013,148,0.002491383663759941
39013,149,0.0023703889133596463
39013,150,0.002317248703494349
39013,151,0.002305842165090518
39013,152,0.0023030864121745135
39013,153,0.002144455669634864
39013,154,0.0021043827354693657
39013,155,0.0019535845875354617
39013,156,0.0017628577887317755
39013,157,0.0015884636107471285
39013,158,0.0014487320875335881
39013,159,0.0012175131897906246
39013,160,0.0010263926514750368
39013,161,0.0008504707971534388
39013,162,0.0007032725336610027
39013,163,0.000554918446702848
39013,164,0.00045990611000972566
39013,165,0.0003851533007939718
39013,166,0.0003494687678742031
39013,167,0.0003147138432348243
39013,168,0.00028939659706261536
39013,169,0.0002678293117474917
39013,170,0.00024228331238172025
39013,171,0.00023960089311023819
39013,172,0.0002389044865942964
39013,173,0.00023853292244855869
39013,174,0.00024485803418839233
39013,175,0.0002538705722598499
39013,176,0.0002880314724037354
39013,177,0.00035802925271987904
39013,178,0.0004109199723877773
39013,179,0.00040665592031523875
39013,180,0.00038620212387664683
39013,181,0.00036567310120708536
39013,182,0.0003633714751670216
39013,183,0.0003213955295211694
39013,184,0.00026836749073920306
39013,185,0.0002397138383234245
39013,186,0.0002122530649036429
39013,187,0.00017529784051938831
39013,188,0.00014175122383626546
39013,189,0.00011979759397233569
39013,190,0.00010355221451154614
39013,191,8.744932952121563e-05
39013,192,7.762796322086203e-05
39013,193,7.183137874005772e-05
39013,194,6.767911843263311e-05
39013,195,6.479604578682658e-05
39013,196,6.201665161377207e-05
39013,197,6.921347818359822e-05
39013,198,8.132330259810165e-05
39013,199,0.00010571641875987887
39013,200,0.00014308174578630376
39013,201,0.00017855217345272715
39013,202,0.00020851092655858847
39013,203,0.00021806221130998347
39013,204,0.00023473009816952684
39013,205,0.00024247653879417197
39013,206,0.00021224665938649023
39013,207,0.0001770766130048069
39013,208,0.0001517249898336461
39013,209,0.00013644306577621917
39013,210,0.00013509226118746395
39013,211,0.00012788286179928588
39013,212,0.0001166461413663514
39013,213,9.914225595949666e-05
39013,214,8.582937109548093e-05
39013,215,7.375639168949193e-05
39015,73,0.0005040954998020228
39015,74,0.0004820181845692959
39015,75,0.000475261829767691
39015,76,0.000469864921899354
39015,77,0.0004573533058088855
39015,78,0.0004804552794543132
39015,79,0.0005573905154584882
39015,80,0.0006062784644534974
39015,81,0.0006369410197807298
39015,82,0.0006227839153050713
39015,83,0.0005675172224101595
39015,84,0.0005238539653210156
39015,85,0.0004799798926293936
39015,86,0.0004331274012420588
39015,87,0.00036470028983263915
39015,88,0.0003006027222283906
39015,89,0.0002598782983072015
39015,90,0.00022959943104711828
39015,91,0.0001930754180784198
39015,92,0.0001566434867004269
39015,93,0.0001336393295673376
39015,94,0.00011894556855214626
39015,95,0.00010339758859554513
39015,96,8.976340272508498e-05
39015,97,8.24131927377704e-05
39015,98,7.654929244363543e-05
39015,99,7.333148554997369e-05
39015,100,7.066277864648137e-05
39015,101,7.00743812746981e-05
39015,102,7.634721732880253e-05
39015,103,9.225384309393031e-05
39015,104,0.00011204852498502649
39015,105,0.0001281390729791622
39015,106,0.00017885096301143208
39015,107,0.0005790519308221449
39015,108,0.0018241722414769133
39015,109,0.004249601147385642
39015,110,0.008825905474543603
39015,111,0.010468119182453245
39015,112,0.009533145995512514
39015,113,0.008211174828348706
39015,114,0.0075132795155441355
39015,115,0.0069225377407673835
39015,116,0.0059239847939928396
39015,117,0.0049769396576302815
39015,118,0.004015916420357863
39015,119,0.003420395208035675
39015,120,0.0031322000433901954
39015,121,0.0031408982412193427
39015,122,0.0035365972399099685
39015,123,0.0038049286546000052
39015,124,0.004099907543578976
39015,125,0.004247292263223867
39015,126,0.004382573229654952
39015,127,0.004380642015714414
39015,128,0.004237465959540277
39015,129,0.003893821325853295
39015,130,0.0035213593600283105
39015,131,0.003232531928548863
39015,132,0.003099491534351364
39015,133,0.002731056397705153
39015,134,0.0023483902786024494
39015,135,0.0020757932842358556
39015,136,0.0020472876015835977
39015,137,0.0022331779501742746
39015,138,0.0023186356097010807
39015,139,0.002112178188131241
39015,140,0.0017008485624939573
39015,141,0.0014633009916414353
39015,142,0.0014293336875628843
39015,143,0.0014019449632402478
39015,144,0.0013665197460731107
39015,145,0.001207334874908481
39015,146,0.0011392429432411572
39015,147,0.0011718476319627128
39015,148,0.0011773168079184306
39015,149,0.0011471265903105143
39015,150,0.0010788701654967537
39015,151,0.0010486254915833394
39015,152,0.0009937120285497872
39015,153,0.0009386824031180817
39015,154,0.0008989535907412379
39015,155,0.0008606534393359561
39015,156,0.0008339319613989141
39015,157,0.0007635969356471613
39015,158,0.0007004977114686423
39015,159,0.0006461487738571582
39015,160,0.000584138789940689
39015,161,0.0005258454008806333
39015,162,0.0004834533861076151
39015,163,0.00042370536612622886
39015,164,0.0003676157003748269
39015,165,0.0003093211254449826
39015,166,0.00026686965517447856
39015,167,0.00023207863401301313
39015,168,0.00020204326486495023
39015,169,0.00017373490817019252
39015,170,0.00014794081029548164
39015,171,0.00014239537074980008
39015,172,0.00014881813311059064
39015,173,0.00017524081452430717
39015,174,0.00022855858011477364
39015,175,0.00029657494065157245
39015,176,0.00035688947215002306
39015,177,0.00043718244797270937
39015,178,0.0004926697847951573
39015,179,0.0004619482884206888
39015,180,0.0004360834895386611
39015,181,0.0004162465908818998
39015,182,0.0003975176669836172
39015,183,0.000367950469969128
39015,184,0.00033028042676119834
39015,185,0.00029971232032533564
39015,186,0.0002772928134453893
39015,187,0.0002358831046211609
39015,188,0.00021347947324954047
39015,189,0.00019329599078277262
39015,190,0.0001744400236764223
39015,191,0.00015294216210951514
39015,192,0.00013212006806133207
39015,193,0.00011634952591531528
39015,194,0.000109714986450293
39015,195,0.00010579565190779974
39015,196,0.00010181412585695386
39015,197,0.00010289043268451158
39015,198,0.00010806626612564918
39015,199,0.00012374421543362638
39015,200,0.00015865989000519887
39015,201,0.00018778850910177139
39015,202,0.00021442936004271293
39015,203,0.0002453808305871349
39015,204,0.00023817647231309604
39015,205,0.00022627476612011027
39015,206,0.0002278579065751874
39015,207,0.0002096106761506614
39015,208,0.00017796526023485963
39015,209,0.00014452000685425293
39015,210,0.0001278019039834425
39015,211,0.00011654638516882205
39015,212,0.00012014682680776885
39015,213,0.00012120140775543567
39015,214,0.00010451542623188403
39015,215,8.799721696119711e-05
39019,73,0.3662468165962058
39019,74,0.3573859672918245
39019,75,0.34770730036164155
39019,76,0.3373913757866341
39019,77,0.32667945199732734
39019,78,0.3138212753508808
39019,79,0.2969539489868747
39019,80,0.2814043126476385
39019,81,0.2617430374105403
39019,82,0.24221938614939165
39019,83,0.2259665844406528
39019,84,0.21412593932564264
39019,85,0.20100967658427848
39019,86,0.1885070290961615
39019,87,0.17524421205610985
39019,88,0.16426759252938383
39019,89,0.15201671638431602
39019,90,0.1392069395553586
39019,91,0.12902809958725958
39019,92,0.11899012434950496
39019,93,0.1092721728275843
39019,94,0.10170970098709373
39019,95,0.0943729012712624
39019,96,0.09017885603756917
39019,97,0.08792122680717465
39019,98,0.08377934920393215
39019,99,0.08146129179761886
39019,100,0.08026745161407307
39019,101,0.0783087564434023
39019,102,0.07705571367484114
39019,103,0.0760516843266602
39019,104,0.07464060113640257
39019,105,0.07175652203854671
39019,106,0.06573183285130962
39019,107,0.060965832810897895
39019,108,0.056345108096740704
39019,109,0.050881478870827654
39019,110,0.044118105886561364
39019,111,0.03779793802787723
39019,112,0.0333813627853964
39019,113,0.029586224183624846
39019,114,0.025644492282522073
39019,115,0.021570823009241107
39019,116,0.018058402718363422
39019,117,0.015083260859039374
39019,118,0.012939414860625843
39019,119,0.011184869269914886
39019,120,0.00977441368814929
39019,121,0.008588954374451696
39019,122,0.007608809036958305
39019,123,0.007005355319416468
39019,124,0.006540584167704408
39019,125,0.0064243929845936845
39019,126,0.006637013441240784
39019,127,0.007449756997877359
39019,128,0.007813204751939746
39019,129,0.007618354846172088
39019,130,0.007084337901104764
39019,131,0.00708767554363266
39019,132,0.006393470931670311
39019,133,0.0054846502789865715
39019,134,0.0047218087131294835
39019,135,0.003968147726449661
39019,136,0.0034266881593462894
39019,137,0.0030172946374646607
39019,138,0.0028148007076046547
39019,139,0.0028642747590609634
39019,140,0.0027065829225755215
39019,141,0.002494543897355803
39019,142,0.002348306819587092
39019,143,0.002361409018318658
39019,144,0.0024878533378656364
39019,145,0.002418708351987022
39019,146,0.0022825222772030096
39019,147,0.0022085484358408897
39019,148,0.002121507340539292
39019,149,0.00204457951884953
39019,150,0.0020383083738142265
39019,151,0.0020817493527973013
39019,152,0.00214207141851283
39019,153,0.0022539469465190486
39019,154,0.0021998092487277086
39019,155,0.0020627941729160605
39019,156,0.0019090527183082931
39019,157,0.0017020000293948736
39019,158,0.0014614134783056487
39019,159,0.001344001031281052
39019,160,0.0011669596010199916
39019,161,0.0009831234482962354
39019,162,0.0008476584126794863
39019,163,0.0007091373813768434
39019,164,0.0005961563038529882
39019,165,0.0004804915417143823
39019,166,0.0004364963598005218
39019,167,0.00041161340374511456
39019,168,0.00040558425447864374
39019,169,0.000367990819588943
39019,170,0.00035707788383955804
39019,171,0.0003756415466748009
39019,172,0.00039829313567591785
39019,173,0.00045049828115589996
39019,174,0.0005190108060527809
39019,175,0.00060622412265933
39019,176,0.0007291408381673964
39019,177,0.0009507699101869054
39019,178,0.0011755535990319063
39019,179,0.001257122961603181
39019,180,0.001279900536658642
39019,181,0.0012252357907479485
39019,182,0.0010578351532285154
39019,183,0.0008945142677348987
39019,184,0.0008116799177828513
39019,185,0.0007017956298073474
39019,186,0.0006045779945480812
39019,187,0.0005026474392939626
39019,188,0.0004251226493676359
39019,189,0.00035897188407005726
39019,190,0.00029237446213910875
39019,191,0.0002525056772004142
39019,192,0.00023444437365083764
39019,193,0.00021435258771641878
39019,194,0.00018995881258813637
39019,195,0.00017828530445775738
39019,196,0.0001716252883040904
39019,197,0.00016965734091023375
39019,198,0.00018336870691168107
39019,199,0.00022158070857550437
39019,200,0.00029977454459614655
39019,201,0.0003642750873524096
39019,202,0.0003950219921412645
39019,203,0.0004268628758742908
39019,204,0.0004652004511140217
39019,205,0.00046776055816274303
39019,206,0.0004469558098709436
39019,207,0.00038571425550607984
39019,208,0.00031358940989968133
39019,209,0.000277395778800347
39019,210,0.00024189329414153128
39019,211,0.00019510466130202633
39019,212,0.0001553814717643074
39019,213,0.00012398526027845394
39019,214,0.00010724639781293567
39019,215,9.478916970864299e-05
39021,73,0.1150489393066388
39021,74,0.10803416598268309
39021,75,0.10579803347426368
39021,76,0.10363116890237489
39021,77,0.09973888609898107
39021,78,0.09488225753973495
39021,79,0.09010292239924646
39021,80,0.0833655205946797
39021,81,0.0780752032947036
39021,82,0.07249358654381727
39021,83,0.06618216434265345
39021,84,0.06069074019458044
39021,85,0.05453892140151979
39021,86,0.04748280794829091
39021,87,0.04135571580923858
39021,88,0.03755218586568715
39021,89,0.033122494416478326
39021,90,0.028396492162042465
39021,91,0.024314162768158832
39021,92,0.021173977158339668
39021,93,0.018905141706098805
39021,94,0.01721581011455541
39021,95,0.015971614639992582
39021,96,0.015258675302386157
39021,97,0.014446490218728484
39021,98,0.0137396640842954
39021,99,0.013342142726842462
39021,100,0.013234868573077901
39021,101,0.013121701694217442
39021,102,0.012983874038472981
39021,103,0.012978686158027402
39021,104,0.013034393032692581
39021,105,0.012586836605251409
39021,106,0.012103778293324452
39021,107,0.012336853657374199
39021,108,0.01363147622846106
39021,109,0.014709514282475852
39021,110,0.015489624961576355
39021,111,0.014659667809400822
39021,112,0.013536081929075669
39021,113,0.012800015740401013
39021,114,0.011734582009171822
39021,115,0.01058174619528309
39021,116,0.008780164594042328
39021,117,0.00754220834717954
39021,118,0.0065228930504358735
39021,119,0.005716064229657211
39021,120,0.005294848822693527
39021,121,0.00533005460426914
39021,122,0.006551515371408123
39021,123,0.0067386627748285185
39021,124,0.006697050422165513
39021,125,0.006766051745921741
39021,126,0.006731445522873094
39021,127,0.0064757873826342405
39021,128,0.00618569161235577
39021,129,0.005818885118736922
39021,130,0.005456726920315543
39021,131,0.005013361182906523
39021,132,0.004493187739563672
39021,133,0.003981912550313696
39021,134,0.0035364871013034214
39021,135,0.0030779391932549594
39021,136,0.0025852463110721084
39021,137,0.0023212778118634446
39021,138,0.002206533417760069
39021,139,0.0020017810495465958
39021,140,0.00175327830908905
39021,141,0.0015414862508701002
39021,142,0.001387507277773085
39021,143,0.0013196386031277142
39021,144,0.0013863395858332186
39021,145,0.0013124419659456346
39021,146,0.0011909955522951894
39021,147,0.0011471533432552174
39021,148,0.0010973877722366713
39021,149,0.0010551630632739686
39021,150,0.0010015913981368328
39021,151,0.000987256544168883
39021,152,0.0010117360457724866
39021,153,0.0009999682870889888
39021,154,0.000972299947707671
39021,155,0.0009208098746331858
39021,156,0.0008723885722189474
39021,157,0.0007803466323377295
39021,158,0.0006945840792504034
39021,159,0.0005937948995372056
39021,160,0.0004980444535734115
39021,161,0.0004279297872392913
39021,162,0.0003560817035536938
39021,163,0.0002903898813901133
39021,164,0.000234616136055183
39021,165,0.0001933948966010473
39021,166,0.00018326048064513527
39021,167,0.0001862907238223302
39021,168,0.00019862603880269164
39021,169,0.00019172190134436398
39021,170,0.00017634617703290065
39021,171,0.00017672725114604255
39021,172,0.0001851854816369747
39021,173,0.0001824329522919256
39021,174,0.00018033524041196857
39021,175,0.00019219551322685954
39021,176,0.00021965459977518008
39021,177,0.0002682659275653862
39021,178,0.0002753275335344943
39021,179,0.00027568170398067194
39021,180,0.0002801938925069765
39021,181,0.00027211188551422457
39021,182,0.0002599813457576282
39021,183,0.0002524279069592425
39021,184,0.00023474250789672408
39021,185,0.0002325858754582614
39021,186,0.00022429325725555033
39021,187,0.00020926594667435618
39021,188,0.00017827780820809977
39021,189,0.00016787675066664358
39021,190,0.00016936186614741652
39021,191,0.00016154085455597365
39021,192,0.00015707495746666275
39021,193,0.000152294340017589
39021,194,0.00015267998134620224
39021,195,0.00015870036732223446
39021,196,0.00016331817559651397
39021,197,0.0001775945948970406
39021,198,0.00018764603086071164
39021,199,0.00020733621677477442
39021,200,0.0002384830801613402
39021,201,0.0002685050086788485
39021,202,0.0002698358792601357
39021,203,0.0002708853576032142
39021,204,0.0002819447096661888
39021,205,0.0002451727675108826
39021,206,0.0002218377341612792
39021,207,0.00020538823918699747
39021,208,0.00018257995054359963
39021,209,0.00015988536668194413
39021,210,0.00014234128780963562
39021,211,0.00013187677110063084
39021,212,0.00012826123113046092
39021,213,0.000119594950718866
39021,214,0.00010352196223904489
39021,215,9.977617883188638e-05
39041,73,0.0689439853608958
39041,74,0.06686897900509164
39041,75,0.06484374087039485
39041,76,0.06313417269296404
39041,77,0.06216217970865097
39041,78,0.060470625857905635
39041,79,0.060090598373478424
39041,80,0.059004144026535914
39041,81,0.0569198711838831
39041,82,0.054717850114508186
39041,83,0.052522536801906806
39041,84,0.04966339903405194
39041,85,0.04607569988210826
39041,86,0.04280550280095752
39041,87,0.03988965129935751
39041,88,0.0380333124382883
39041,89,0.03466096003686926
39041,90,0.031180863595686607
39041,91,0.027989046768315477
39041,92,0.024476224606019625
39041,93,0.021402601072281282
39041,94,0.019652410803046992
39041,95,0.01813415066096748
39041,96,0.017152211200353262
39041,97,0.01557319647853396
39041,98,0.01446921640125495
39041,99,0.013909956183957316
39041,100,0.013483785637817984
39041,101,0.013136744315263118
39041,102,0.012805984407562433
39041,103,0.012420201159754262
39041,104,0.012154975816478024
39041,105,0.011605926947213336
39041,106,0.011211900262030422
39041,107,0.010582264511826919
39041,108,0.01029448846984334
39041,109,0.01077459921382156
39041,110,0.011723098530463124
39041,111,0.011426297002230308
39041,112,0.010799671299051485
39041,113,0.0099562894571143
39041,114,0.009334612954998898
39041,115,0.008209318412992606
39041,116,0.007001401471381566
39041,117,0.006068755899517993
39041,118,0.005393599822477583
39041,119,0.0048541992953036244
39041,120,0.004524918780913803
39041,121,0.004417140018728248
39041,122,0.005048627102682784
39041,123,0.007055089014182741
39041,124,0.007481273055048638
39041,125,0.007063076870515286
39041,126,0.006532971836361509
39041,127,0.006272777128480367
39041,128,0.006185846936656445
39041,129,0.006070494232193016
39041,130,0.005459449102526955
39041,131,0.004823445940874718
39041,132,0.004337306361631132
39041,133,0.003715853456843986
39041,134,0.003162281544317733
39041,135,0.00268867338689418
39041,136,0.0023354002305581065
39041,137,0.0020990443838309913
39041,138,0.0018509123217603234
39041,139,0.001585135684576832
39041,140,0.00140372214381733
39041,141,0.001336750929853791
39041,142,0.0013067856264122974
39041,143,0.001184663867433307
39041,144,0.0010849087584605967
39041,145,0.0010071254773776333
39041,146,0.00092551040972963
39041,147,0.0008795444584142939
39041,148,0.0008335360797963687
39041,149,0.0007957574080058727
39041,150,0.0007498621135315271
39041,151,0.0007136983566775055
39041,152,0.0007031172600041933
39041,153,0.0006825373849927949
39041,154,0.0006548910668619233
39041,155,0.0006257093011018385
39041,156,0.0005751397015643855
39041,157,0.0005108440630468702
39041,158,0.00045353941513361594
39041,159,0.000414186624535313
39041,160,0.00038062856263943915
39041,161,0.0003189621815602315
39041,162,0.00025948526089154757
39041,163,0.00021028227289971932
39041,164,0.00017193615362796785
39041,165,0.00014400887468035768
39041,166,0.00012120318507430135
39041,167,0.00010397062627699582
39041,168,9.167941263539115e-05
39041,169,7.835711070766207e-05
39041,170,6.733317457059428e-05
39041,171,6.0462674740932606e-05
39041,172,5.536365771599474e-05
39041,173,5.418870263216314e-05
39041,174,5.718262681645087e-05
39041,175,6.427406956099657e-05
39041,176,8.486660084808614e-05
39041,177,0.00011566129687461495
39041,178,0.00012918270707941643
39041,179,0.00012951712604073102
39041,180,0.00012581455878356526
39041,181,0.0001196766911385588
39041,182,0.00011344068715289669
39041,183,0.00010427608986543915
39041,184,9.420864768889086e-05
39041,185,8.59337986341801e-05
39041,186,7.933798267533175e-05
39041,187,7.192441887004713e-05
39041,188,6.509804092289332e-05
39041,189,6.038112518951704e-05
39041,190,5.556754206532561e-05
39041,191,4.971996043429559e-05
39041,192,4.684054553833263e-05
39041,193,4.287853823350559e-05
39041,194,4.001316968017183e-05
39041,195,3.9849343400490346e-05
39041,196,4.0489208669216e-05
39041,197,4.542485142287702e-05
39041,198,5.32068640828614e-05
39041,199,6.935055323448889e-05
39041,200,9.852825799327013e-05
39041,201,0.00011336813120079535
39041,202,0.00011771719218099583
39041,203,0.00011294281359256362
39041,204,0.00010816359160221378
39041,205,0.0001060320206464781
39041,206,9.171477005798505e-05
39041,207,7.919222855870755e-05
39041,208,7.04277138051298e-05
39041,209,6.153629503987738e-05
39041,210,5.579026311398139e-05
39041,211,5.405627674529365e-05
39041,212,4.430719911141658e-05
39041,213,3.5564725118702916e-05
39041,214,2.8595973533563307e-05
39041,215,2.2336355433857454e-05
39043,73,0.03174433391279383
39043,74,0.03163160967287002
39043,75,0.03100897042608733
39043,76,0.029650724650716182
39043,77,0.028640337606948247
39043,78,0.02861312567505779
39043,79,0.028434893992069474
39043,80,0.027680759718873297
39043,81,0.026708772397306377
39043,82,0.02572556586822731
39043,83,0.024509053975205107
39043,84,0.02336233996886707
39043,85,0.02211623912489993
39043,86,0.02086308033939071
39043,87,0.01891274966254876
39043,88,0.01747669188761483
39043,89,0.016227358107965575
39043,90,0.014997609403990772
39043,91,0.013750353419112531
39043,92,0.0123680591175279
39043,93,0.011141008382963143
39043,94,0.010125210537452987
39043,95,0.009500167168962537
39043,96,0.009196559720614297
39043,97,0.008813939075005746
39043,98,0.008629912447724932
39043,99,0.008577660355175298
39043,100,0.008447637424415696
39043,101,0.008345458582755049
39043,102,0.008253380644829233
39043,103,0.008106278923785317
39043,104,0.00812989918507939
39043,105,0.00804111279431747
39043,106,0.007706189261981742
39043,107,0.007499122543447175
39043,108,0.007340086011189495
39043,109,0.0074250233345109174
39043,110,0.007833241863596921
39043,111,0.00810840625648583
39043,112,0.008669695062298395
39043,113,0.008265536506983091
39043,114,0.007726414577725269
39043,115,0.006877514143686174
39043,116,0.005924729507238969
39043,117,0.005267887936473653
39043,118,0.004768279663598411
39043,119,0.004430944396571114
39043,120,0.0043176769976476246
39043,121,0.004268226575308165
39043,122,0.004306971626525737
39043,123,0.005107064347243437
39043,124,0.006306007067444702
39043,125,0.006901388872225328
39043,126,0.006323210937657591
39043,127,0.005936686735990337
39043,128,0.006132223433802104
39043,129,0.006392262416540353
39043,130,0.006505976927845044
39043,131,0.0061707907556973985
39043,132,0.00593293257277951
39043,133,0.005506051310837653
39043,134,0.004969552738227408
39043,135,0.0044125590096362926
39043,136,0.003997681812882372
39043,137,0.003624853134451014
39043,138,0.003388248037687645
39043,139,0.003049149158520417
39043,140,0.002695631047713238
39043,141,0.0024562671116980924
39043,142,0.002288659866445027
39043,143,0.0022295032616175335
39043,144,0.0021815896507249846
39043,145,0.0020583299987361114
39043,146,0.002025805560645032
39043,147,0.002014633972766337
39043,148,0.001959686234483048
39043,149,0.001882666874628475
39043,150,0.0017899577628348324
39043,151,0.0017020129141169782
39043,152,0.0016499653408764178
39043,153,0.001545261861013031
39043,154,0.001438427053217545
39043,155,0.001322336754299013
39043,156,0.0012254410476724748
39043,157,0.0011091393763582459
39043,158,0.0009956271414061962
39043,159,0.000875132191056936
39043,160,0.0008209900024114263
39043,161,0.0007132849950184431
39043,162,0.0006106754557458341
39043,163,0.0005164831566693384
39043,164,0.00043805057187195566
39043,165,0.0003733685484638944
39043,166,0.0003116178803986115
39043,167,0.0002622912482914297
39043,168,0.0002340765487123302
39043,169,0.00020713945923505757
39043,170,0.0001908564604074874
39043,171,0.00017909497730364803
39043,172,0.00017219813692457526
39043,173,0.00016912515939694747
39043,174,0.00016857545726143484
39043,175,0.00017754018895170756
39043,176,0.00020437359979267502
39043,177,0.00023664319049408573
39043,178,0.00024204399768340307
39043,179,0.00024160042815229814
39043,180,0.0002608542129949324
39043,181,0.0002581368926111089
39043,182,0.0002431864444677309
39043,183,0.00023449919399486866
39043,184,0.00021782174970912208
39043,185,0.0002026395150368555
39043,186,0.00018563444915990348
39043,187,0.00016240640281328322
39043,188,0.00013790775196648405
39043,189,0.00011799974263419477
39043,190,0.00010560271894531715
39043,191,9.337131840172123e-05
39043,192,8.835462039600735e-05
39043,193,8.326581931901938e-05
39043,194,8.04647116085675e-05
39043,195,8.254659005447573e-05
39043,196,8.650372553885417e-05
39043,197,9.077572696919717e-05
39043,198,0.00010051839489905339
39043,199,0.00013008011431910125
39043,200,0.00018303127621832404
39043,201,0.0002151445781323867
39043,202,0.00022674692693786967
39043,203,0.0002327086964110888
39043,204,0.00022945314250482238
39043,205,0.00023383990454340284
39043,206,0.00023035630287033062
39043,207,0.00021646330355699572
39043,208,0.00021137408073386188
39043,209,0.00021082343772780332
39043,210,0.00020691463568285747
39043,211,0.00018212648614992274
39043,212,0.00016286019675676875
39043,213,0.0001395407535400742
39043,214,0.00012637147784229025
39043,215,0.00011580627836722483
39047,73,0.01134913558393726
39047,74,0.010646729622100769
39047,75,0.010242078420030849
39047,76,0.009658539174132666
39047,77,0.008959083899172557
39047,78,0.008443765881845663
39047,79,0.008216118635108407
39047,80,0.008005568510171104
39047,81,0.007434099764402887
39047,82,0.006621068298670518
39047,83,0.005832261539550891
39047,84,0.005198753095527752
39047,85,0.004493304985922244
39047,86,0.003840390930001189
39047,87,0.003214381230347592
39047,88,0.0027778731499386823
39047,89,0.002359611925283547
39047,90,0.0020215744194451504
39047,91,0.001738116487500595
39047,92,0.0015010336432977791
39047,93,0.001312779113725599
39047,94,0.0011740936116091485
39047,95,0.001071717185340265
39047,96,0.0010157585239573097
39047,97,0.0009386264420575549
39047,98,0.0008911278176730837
39047,99,0.0008610972932799243
39047,100,0.0008410081356628007
39047,101,0.0008262107002118475
39047,102,0.0008328662696695054
39047,103,0.0008723735287984051
39047,104,0.0009585478309027248
39047,105,0.0010678825624354656
39047,106,0.0011159542342608054
39047,107,0.001183837235203745
39047,108,0.0016907431975928186
39047,109,0.0032239841450897888
39047,110,0.006246448921247378
39047,111,0.00817076425797825
39047,112,0.00817617213784932
39047,113,0.007743628423641602
39047,114,0.007426109958200874
39047,115,0.006960017898916771
39047,116,0.006061867529023527
39047,117,0.005192457478930028
39047,118,0.004528539366837411
39047,119,0.003953234308984144
39047,120,0.0035266659582488427
39047,121,0.0032446314335614367
39047,122,0.0033006062252469953
39047,123,0.0037567860770674815
39047,124,0.004335276496363272
39047,125,0.0048562138900624975
39047,126,0.005328964511865696
39047,127,0.005773106394537894
39047,128,0.006029346873154256
39047,129,0.005621236544458839
39047,130,0.005195660051148034
39047,131,0.004842372249547963
39047,132,0.004484242742375992
39047,133,0.004065913325884596
39047,134,0.003374714940738568
39047,135,0.002783422192744464
39047,136,0.002695637174579625
39047,137,0.002500240562582936
39047,138,0.0022196584320771456
39047,139,0.0020673101902361282
39047,140,0.0018586641907004033
39047,141,0.0016403272572012549
39047,142,0.0015942132435825948
39047,143,0.001499374381107055
39047,144,0.0013639009695406371
39047,145,0.0011993127160262772
39047,146,0.0011867091513709667
39047,147,0.0011943754403715484
39047,148,0.0011409105766428185
39047,149,0.0010774063147310582
39047,150,0.0010536329158581212
39047,151,0.001080079985076523
39047,152,0.0010350628146801682
39047,153,0.000995024173116744
39047,154,0.0009037876078012389
39047,155,0.0008591445567642728
39047,156,0.000808108820023388
39047,157,0.0007505095394236694
39047,158,0.0006980577886379206
39047,159,0.000645541846330339
39047,160,0.0005935470671561567
39047,161,0.0005298603611318943
39047,162,0.0004826113213333399
39047,163,0.00043130951860636635
39047,164,0.00039862686508117435
39047,165,0.0003763824695860022
39047,166,0.00037801575503424687
39047,167,0.00038141341174713806
39047,168,0.00036938924292400087
39047,169,0.0003401372180276603
39047,170,0.00033040007953970773
39047,171,0.0003653149278065249
39047,172,0.0003786289886068013
39047,173,0.00042903365430421654
39047,174,0.0005204169601773335
39047,175,0.0006786388050181699
39047,176,0.0008400439534187623
39047,177,0.0010589864743288057
39047,178,0.0012001666977630243
39047,179,0.001135549123293844
39047,180,0.0009919676555209679
39047,181,0.0008596772410137707
39047,182,0.000754097981869497
39047,183,0.0006575272277531118
39047,184,0.00055949619273895
39047,185,0.0004750165829594821
39047,186,0.00041084987903730873
39047,187,0.00033592687790789407
39047,188,0.00028487577829911713
39047,189,0.0002557620218785485
39047,190,0.00022895017487225305
39047,191,0.00020605486800452237
39047,192,0.00019038222193700407
39047,193,0.00018356381353803235
39047,194,0.00017692152073955466
39047,195,0.00018726376819009415
39047,196,0.00018958471880869916
39047,197,0.00020294961620114795
39047,198,0.00022603733731048524
39047,199,0.000272740697549643
39047,200,0.00034659757953926584
39047,201,0.0003929795752007378
39047,202,0.00040612080555669854
39047,203,0.00037945771075484054
39047,204,0.00035989410120631235
39047,205,0.0003764811247199606
39047,206,0.0003880734460632327
39047,207,0.0003720804100858587
39047,208,0.0003144404262949791
39047,209,0.0002651326968681811
39047,210,0.0002472632312529312
39047,211,0.00022999775370704403
39047,212,0.00023448007664555266
39047,213,0.0002201950641446544
39047,214,0.00019018922443928137
39047,215,0.00018623444915420606
39057,73,0.03280475806247634
39057,74,0.027490307152995667
39057,75,0.02417926520365291
39057,76,0.022829319187488532
39057,77,0.021408182086211563
39057,78,0.01995152830258482
39057,79,0.01909143404202312
39057,80,0.018764031709167937
39057,81,0.0178506824172891
39057,82,0.016166559671058095
39057,83,0.014707293663953245
39057,84,0.01344519080217272
39057,85,0.012045860355828535
39057,86,0.010808883022553485
39057,87,0.009615484784557963
39057,88,0.008454287286335417
39057,89,0.007201218748476767
39057,90,0.006143115089364162
39057,91,0.0051267943845889384
39057,92,0.004200922990433305
39057,93,0.0034636069450684117
39057,94,0.002941810589811928
39057,95,0.002533273360178754
39057,96,0.002232289701360413
39057,97,0.0019745569370821416
39057,98,0.00179236026085074
39057,99,0.00167366547390487
39057,100,0.0015614288041102802
39057,101,0.0014449663360917105
39057,102,0.001343873368072788
39057,103,0.0012674466482816438
39057,104,0.0012443923131682639
39057,105,0.0011712168709575139
39057,106,0.0011122449116993606
39057,107,0.0013135506396681272
39057,108,0.002092962298181157
39057,109,0.0031580597828564276
39057,110,0.004270644072461083
39057,111,0.004810584992044808
39057,112,0.005004036187673786
39057,113,0.005453096561652255
39057,114,0.0053553255756362906
39057,115,0.004931652857425949
39057,116,0.00425045689952148
39057,117,0.0036734878235568673
39057,118,0.0032353863121680976
39057,119,0.0028966140792965277
39057,120,0.002703685880465021
39057,121,0.0026635003606042353
39057,122,0.0031118855498504417
39057,123,0.0033541786703157033
39057,124,0.003296906516243908
39057,125,0.003195146272967754
39057,126,0.0031261920928411387
39057,127,0.003145034879806927
39057,128,0.002996307554967709
39057,129,0.002705395868349093
39057,130,0.0023498540929707333
39057,131,0.002078256642645251
39057,132,0.0018464773156309049
39057,133,0.001565435581034143
39057,134,0.0013754765485584795
39057,135,0.001239822571673153
39057,136,0.0012008909031530298
39057,137,0.0011143142022479987
39057,138,0.0009507744057431334
39057,139,0.0008285872474116561
39057,140,0.0007382465486685508
39057,141,0.0006549839302323051
39057,142,0.0005527519039379577
39057,143,0.0004815827645052151
39057,144,0.0004372863405238103
39057,145,0.0003668369987903297
39057,146,0.00031978642019079954
39057,147,0.00029493526994107125
39057,148,0.0002610202100039035
39057,149,0.00022952068479427948
39057,150,0.0002011749370678815
39057,151,0.0001838219332234992
39057,152,0.00017192827142289554
39057,153,0.00016477945677539094
39057,154,0.00015831030655208048
39057,155,0.0001457314936100765
39057,156,0.0001287090021057527
39057,157,0.00011301645145883026
39057,158,0.00010063308498001225
39057,159,9.155755079200046e-05
39057,160,8.359571349846595e-05
39057,161,8.39093813368479e-05
39057,162,6.962496872938387e-05
39057,163,5.5643372375077966e-05
39057,164,4.9039248169667165e-05
39057,165,4.193235716322706e-05
39057,166,3.621443774225884e-05
39057,167,2.9092202293014664e-05
39057,168,2.550663437559802e-05
39057,169,2.176897417765483e-05
39057,170,2.0503136843750683e-05
39057,171,2.075612103559257e-05
39057,172,2.21328774645555e-05
39057,173,2.701618083028902e-05
39057,174,3.121717891647672e-05
39057,175,4.2497381365236465e-05
39057,176,6.0613248411310575e-05
39057,177,7.935497714416423e-05
39057,178,9.137797978502456e-05
39057,179,9.187953930292407e-05
39057,180,8.571146483669775e-05
39057,181,8.313408304868294e-05
39057,182,8.50578974456872e-05
39057,183,7.85982158603481e-05
39057,184,7.148834284296218e-05
39057,185,5.9467764310610866e-05
39057,186,5.265972346015222e-05
39057,187,4.567262022825555e-05
39057,188,4.0525757617734616e-05
39057,189,3.6788874640220934e-05
39057,190,3.1931105246016956e-05
39057,191,2.848901156975392e-05
39057,192,2.622923020396065e-05
39057,193,2.340514371269327e-05
39057,194,2.1787345100962113e-05
39057,195,2.296465176716423e-05
39057,196,2.350528237543469e-05
39057,197,2.6337840937369882e-05
39057,198,3.209982549969194e-05
39057,199,4.224809399580671e-05
39057,200,6.761979551935143e-05
39057,201,8.281351686152428e-05
39057,202,8.578238639843129e-05
39057,203,8.788786438862516e-05
39057,204,8.768949451284531e-05
39057,205,8.451959315092688e-05
39057,206,7.713647833508491e-05
39057,207,6.782289868066174e-05
39057,208,5.7532981287229775e-05
39057,209,4.816816467504846e-05
39057,210,4.317195614550181e-05
39057,211,3.725192743955988e-05
39057,212,3.2940028284494036e-05
39057,213,2.788510080826979e-05
39057,214,2.3909218388719263e-05
39057,215,2.1921863128343675e-05
39067,73,0.2466566940732548
39067,74,0.2462494534381406
39067,75,0.2436336017679497
39067,76,0.2413699704513091
39067,77,0.2401543053707422
39067,78,0.239787332824937
39067,79,0.23968041390618577
39067,80,0.23821431930283715
39067,81,0.23437100818499093
39067,82,0.22768027716390082
39067,83,0.21971903067701729
39067,84,0.21504207460326144
39067,85,0.2084428641931365
39067,86,0.19741003016231823
39067,87,0.18872013591642164
39067,88,0.17677929652556382
39067,89,0.16689535862269003
39067,90,0.152711689099518
39067,91,0.14138935423358934
39067,92,0.13278000673090243
39067,93,0.12475907251727043
39067,94,0.1175924172166457
39067,95,0.10996407523044055
39067,96,0.10753459483340479
39067,97,0.10262402002106483
39067,98,0.0998323694440848
39067,99,0.0989175313220299
39067,100,0.09818438002116953
39067,101,0.09781290464644231
39067,102,0.09740570224620541
39067,103,0.09701488504257602
39067,104,0.09701896335588012
39067,105,0.09611678021245941
39067,106,0.09382172502924366
39067,107,0.09128184691838441
39067,108,0.08828224920370036
39067,109,0.0807256965519617
39067,110,0.07466894031156658
39067,111,0.06799963175386224
39067,112,0.06269344919285166
39067,113,0.06073525222601561
39067,114,0.05655691236704989
39067,115,0.05021723990188958
39067,116,0.04605346660002489
39067,117,0.04026603200639949
39067,118,0.03673791451889082
39067,119,0.03335057977500117
39067,120,0.0312637151224817
39067,121,0.028494340844442377
39067,122,0.025879763453476298
39067,123,0.024783949860012894
39067,124,0.024050032687257524
39067,125,0.024120701773147443
39067,126,0.024274394754017495
39067,127,0.025640031342692403
39067,128,0.024700651929689833
39067,129,0.02427807608022093
39067,130,0.02053486694558142
39067,131,0.019726326065469348
39067,132,0.018084825757262737
39067,133,0.016299454396991216
39067,134,0.014427247893546076
39067,135,0.012461297124015214
39067,136,0.010412886512968216
39067,137,0.008785553894145101
39067,138,0.0077135553968931845
39067,139,0.0071401440079739325
39067,140,0.007378819036876964
39067,141,0.007521250687767928
39067,142,0.007876646174449262
39067,143,0.008390129783081993
39067,144,0.008948817024445766
39067,145,0.009302519683452816
39067,146,0.009101437699583655
39067,147,0.009296672241857573
39067,148,0.009239711170919438
39067,149,0.008757177170133365
39067,150,0.008636189690122795
39067,151,0.008597745869969602
39067,152,0.008963047890245452
39067,153,0.00921698412960799
39067,154,0.008632515072066253
39067,155,0.008420844710004776
39067,156,0.007988596652525024
39067,157,0.007228187176659847
39067,158,0.006449230991657228
39067,159,0.005511445583116286
39067,160,0.004614798410882663
39067,161,0.0035287660283300722
39067,162,0.0028224964420968334
39067,163,0.002274003167842625
39067,164,0.0018300437496454147
39067,165,0.0014317484743228454
39067,166,0.0011942182994416801
39067,167,0.0010330820352915159
39067,168,0.0008694530709054692
39067,169,0.0007717356258229686
39067,170,0.0006957398037491822
39067,171,0.0006499312088243151
39067,172,0.0006020863816456963
39067,173,0.0006017098035431913
39067,174,0.0006368789910652154
39067,175,0.0006976415407160457
39067,176,0.0008349705692329114
39067,177,0.001059239481488643
39067,178,0.0013969338356096235
39067,179,0.001643870425510034
39067,180,0.0017033941846376665
39067,181,0.0014789654981552979
39067,182,0.0012816033735560499
39067,183,0.0011086968309805476
39067,184,0.0009771683673996747
39067,185,0.0008826513181708818
39067,186,0.0007797778417551679
39067,187,0.000644761180510732
39067,188,0.0005432659496818141
39067,189,0.00047353418978062867
39067,190,0.00040553714658749104
39067,191,0.0003402835857019126
39067,192,0.00029293788234172535
39067,193,0.0002595723645308958
39067,194,0.00024922268376635973
39067,195,0.0002598902581847953
39067,196,0.00027200569943728096
39067,197,0.00027884811006539836
39067,198,0.00030917206119148534
39067,199,0.00036113580944600225
39067,200,0.000494963718923969
39067,201,0.0006677752324879922
39067,202,0.0007629159455173863
39067,203,0.0007394245205196227
39067,204,0.0007322120049683469
39067,205,0.0007502930032548898
39067,206,0.0007124285392462772
39067,207,0.0006469486002258513
39067,208,0.0005812406457989414
39067,209,0.0004832044092224353
39067,210,0.0003866475434137491
39067,211,0.0003239707424086189
39067,212,0.00027490495763000407
39067,213,0.00022529213652271908
39067,214,0.00019243214679608682
39067,215,0.00016132711265790203
39071,73,0.0003003424938848769
39071,74,0.00032351955938815735
39071,75,0.0003263492225998346
39071,76,0.0003464678114378666
39071,77,0.00039221139010953506
39071,78,0.0004448790686730444
39071,79,0.0005140569342727346
39071,80,0.000618946552559734
39071,81,0.0006788627770233996
39071,82,0.0006925466357981002
39071,83,0.0006592818725331575
39071,84,0.0006375196423816071
39071,85,0.0005943081186149326
39071,86,0.0005403247291963404
39071,87,0.0004697503388189523
39071,88,0.0003614294320375053
39071,89,0.00031099480367569385
39071,90,0.0003031848672123829
39071,91,0.0002752840553095734
39071,92,0.00024095740056908282
39071,93,0.0002118949969422418
39071,94,0.00019713967477442003
39071,95,0.00018405852864872966
39071,96,0.00017305886442802932
39071,97,0.0001556281231288613
39071,98,0.00014046203983423096
39071,99,0.00013377390890997548
39071,100,0.0001303527131781536
39071,101,0.00013118478993609343
39071,102,0.00013476026576415
39071,103,0.00014830381944001974
39071,104,0.0001835381915292781
39071,105,0.000237056794211293
39071,106,0.00027683934372462973
39071,107,0.0004301586208059603
39071,108,0.0010130000703022777
39071,109,0.0027452026007621904
39071,110,0.006248760108524728
39071,111,0.007896328403961572
39071,112,0.008013235521069315
39071,113,0.00772304773940774
39071,114,0.007548794762030528
39071,115,0.007383417078379868
39071,116,0.00661274131300805
39071,117,0.005755417924635499
39071,118,0.005044285740716806
39071,119,0.004450609111609965
39071,120,0.003981804412510394
39071,121,0.003655134514227725
39071,122,0.0035615033403406902
39071,123,0.003895854304542218
39071,124,0.004270652524178626
39071,125,0.004511371684243297
39071,126,0.004759042334718978
39071,127,0.004877817239633111
39071,128,0.004681458075268503
39071,129,0.004149994141673036
39071,130,0.00364770646637592
39071,131,0.0033204600884538674
39071,132,0.0030873678838337164
39071,133,0.002728735443035678
39071,134,0.002390468467193284
39071,135,0.002098517369818056
39071,136,0.0020064488391492176
39071,137,0.0019411550595932507
39071,138,0.0017787527077987786
39071,139,0.001554344822293347
39071,140,0.0013578636242577691
39071,141,0.0011884353463846485
39071,142,0.0011406008669344494
39071,143,0.0010791617930079294
39071,144,0.0010457878757537445
39071,145,0.0009623667864259033
39071,146,0.0009268203003406565
39071,147,0.0009205441562640293
39071,148,0.000876499778271305
39071,149,0.0008026071765646382
39071,150,0.000762553854811846
39071,151,0.0007514502049377996
39071,152,0.0007014704946262937
39071,153,0.000632714642671204
39071,154,0.0005861180007312796
39071,155,0.0005537829951668218
39071,156,0.0005234878599461964
39071,157,0.00048511703609481363
39071,158,0.00045348083639473003
39071,159,0.0004121591520700372
39071,160,0.00036683671239259944
39071,161,0.0003124164648262462
39071,162,0.000268465774094569
39071,163,0.00023591911796999772
39071,164,0.0002255118441340975
39071,165,0.00020771227623263231
39071,166,0.00018393711480253625
39071,167,0.00016189692205825974
39071,168,0.00014727865441686562
39071,169,0.00012758678227045578
39071,170,0.00011334615230713103
39071,171,0.00010433089641579058
39071,172,0.00010458349142547853
39071,173,0.00012394782186908005
39071,174,0.00016673336738357613
39071,175,0.00023766319332208874
39071,176,0.0003461849041883938
39071,177,0.0004404807467393094
39071,178,0.0004927492391158844
39071,179,0.00045912695023696027
39071,180,0.0004425588571286383
39071,181,0.0004173336801794173
39071,182,0.00036910401439560237
39071,183,0.0003412510403946181
39071,184,0.0002927355384506947
39071,185,0.0002684414937510821
39071,186,0.00024358428165858706
39071,187,0.00021787789299863131
39071,188,0.00019378577219593206
39071,189,0.00017139423199397674
39071,190,0.00015261787873475848
39071,191,0.0001352931346336331
39071,192,0.00011417507688189578
39071,193,0.00010382583870780147
39071,194,0.00010009688276383246
39071,195,0.0001007042252731858
39071,196,9.992120090569375e-05
39071,197,0.0001029489170766392
39071,198,0.00011612104788653318
39071,199,0.0001374052716245584
39071,200,0.0001723045434178212
39071,201,0.00021523650282484616
39071,202,0.00023079127324628171
39071,203,0.00022893123763794327
39071,204,0.00023524229031074992
39071,205,0.0002368978208328477
39071,206,0.0002567553000367489
39071,207,0.000231017528460484
39071,208,0.0002097976329297003
39071,209,0.00019366888576687467
39071,210,0.00018219059565270198
39071,211,0.00017021093721123005
39071,212,0.0001638015484783576
39071,213,0.00015104176371901534
39071,214,0.00012223979471745114
39071,215,0.0001109236354247166
39079,73,0.010250502880957593
39079,74,0.00866073358140244
39079,75,0.007219231059573678
39079,76,0.005839177446375737
39079,77,0.005630360425896863
39079,78,0.005314694188106099
39079,79,0.00521354795268521
39079,80,0.005187556249882364
39079,81,0.005070284755842871
39079,82,0.004790092787929744
39079,83,0.004437925924893769
39079,84,0.004155679253309023
39079,85,0.0037576423828697457
39079,86,0.0032565029920057216
39079,87,0.0028160376710865175
39079,88,0.002392251559306645
39079,89,0.0020327554362796338
39079,90,0.0016571319305714596
39079,91,0.0013662046190550704
39079,92,0.0011411775091090801
39079,93,0.0009446062835609191
39079,94,0.0007736847522258539
39079,95,0.0006651335191530175
39079,96,0.0005741447832682256
39079,97,0.00048626148609180926
39079,98,0.0004245283051142256
39079,99,0.00037711056551326827
39079,100,0.0003527905113429028
39079,101,0.00036080674604171433
39079,102,0.0003972254424136946
39079,103,0.00041603162878000417
39079,104,0.0004924960864811582
39079,105,0.0006362906499027027
39079,106,0.0006869478426329014
39079,107,0.0008390681990381367
39079,108,0.001105225985733506
39079,109,0.0014754756404825227
39079,110,0.0016928385603713798
39079,111,0.0017760748098004152
39079,112,0.0019513953827602144
39079,113,0.0021097661279818897
39079,114,0.0021363568951836913
39079,115,0.002121996848619236
39079,116,0.002035204509932732
39079,117,0.0019002707612158028
39079,118,0.0018273656971803207
39079,119,0.0017135879018460023
39079,120,0.001582185260375189
39079,121,0.0014945425310882348
39079,122,0.0014888902849512582
39079,123,0.001606525377705091
39079,124,0.001978281026794247
39079,125,0.0024790745734014183
39079,126,0.0026446327368197676
39079,127,0.0027626483493479116
39079,128,0.003116523921199151
39079,129,0.003440648387106788
39079,130,0.0034013743439614253
39079,131,0.003215703879456752
39079,132,0.0030779994049949426
39079,133,0.002836687959890791
39079,134,0.0026620368216898243
39079,135,0.002536577808814097
39079,136,0.0024759284547797447
39079,137,0.0027403667069401424
39079,138,0.0028594241869953426
39079,139,0.0027504688011919785
39079,140,0.002813864127660251
39079,141,0.0025690202426122887
39079,142,0.00234127930066035
39079,143,0.0021034051338744415
39079,144,0.001973349332046543
39079,145,0.0018250736683315214
39079,146,0.001741540566720509
39079,147,0.0017739938102387962
39079,148,0.0016830000727975113
39079,149,0.0016436837746292398
39079,150,0.001659056924397495
39079,151,0.0017040858988732687
39079,152,0.0016227074862287575
39079,153,0.001507431953446752
39079,154,0.0014696672995180746
39079,155,0.001368610112648446
39079,156,0.0012740447258939834
39079,157,0.0011763921235092632
39079,158,0.0011111689308462762
39079,159,0.0009877906958270428
39079,160,0.0009060929337581976
39079,161,0.000790254675637476
39079,162,0.0006894955922490133
39079,163,0.0005951567374689405
39079,164,0.0005194833848781824
39079,165,0.0004348959051001009
39079,166,0.0003812337823915116
39079,167,0.0003200053286146194
39079,168,0.00027631095951738757
39079,169,0.00022687440209333685
39079,170,0.00019338554421571074
39079,171,0.00017504001554215977
39079,172,0.00017784911011860688
39079,173,0.00017974324429446224
39079,174,0.00020377334986502145
39079,175,0.000295005041891465
39079,176,0.000486047945374061
39079,177,0.0008303038524051568
39079,178,0.001292019565559075
39079,179,0.0014995962990513644
39079,180,0.0016116295536929628
39079,181,0.0015114639419709574
39079,182,0.0012992649946383216
39079,183,0.0010891090017470023
39079,184,0.0009150534191401974
39079,185,0.000759740994246666
39079,186,0.0006343520868061752
39079,187,0.0004912373405733144
39079,188,0.00038071301421713027
39079,189,0.0002996252763572703
39079,190,0.00023535921858174077
39079,191,0.0001885940784593357
39079,192,0.00015602033285894298
39079,193,0.00012981564240415624
39079,194,0.00010624088250462692
39079,195,0.00010135318104917566
39079,196,0.00010638446698046305
39079,197,0.00011381479523624589
39079,198,0.0001278259681844489
39079,199,0.00016374157618528472
39079,200,0.0002403165322959749
39079,201,0.00035390671820883547
39079,202,0.0003954956797937268
39079,203,0.0004170980504253584
39079,204,0.0004045293197481676
39079,205,0.0003923340819301947
39079,206,0.0003774430976008107
39079,207,0.0003257482630850498
39079,208,0.0002844472763891454
39079,209,0.00023950289203832623
39079,210,0.00020929143260256338
39079,211,0.00019142857681595714
39079,212,0.00016933417269954655
39079,213,0.00016926079059954185
39079,214,0.00016173765508253822
39079,215,0.00014764233996940578
39083,73,0.2072723383354707
39083,74,0.20493580187914556
39083,75,0.1975793903836576
39083,76,0.1894292581666356
39083,77,0.18560733572121518
39083,78,0.1830161340299404
39083,79,0.17824497980891993
39083,80,0.17281589371144077
39083,81,0.16322798384607753
39083,82,0.15618252316119943
39083,83,0.14733729196848352
39083,84,0.14187486763772286
39083,85,0.13433757206008845
39083,86,0.12707005389797174
39083,87,0.11834021431765708
39083,88,0.11102839716366553
39083,89,0.10424697336854914
39083,90,0.09628291371442137
39083,91,0.08924918541503749
39083,92,0.08253045248143484
39083,93,0.07699591953984088
39083,94,0.07310564875709745
39083,95,0.0709027927435991
39083,96,0.06830125669556492
39083,97,0.06437645737220474
39083,98,0.06213234002599974
39083,99,0.061035540237735136
39083,100,0.05999437495199532
39083,101,0.05918162441809186
39083,102,0.05847870646313355
39083,103,0.05771355879904591
39083,104,0.057316234510113355
39083,105,0.055714441359755514
39083,106,0.05240745380591841
39083,107,0.04856905315849718
39083,108,0.046105080977525456
39083,109,0.04385563809549042
39083,110,0.04116508371262339
39083,111,0.03882667753914486
39083,112,0.03492317237149361
39083,113,0.030182960277960892
39083,114,0.02629118204814019
39083,115,0.022240014387242248
39083,116,0.018964304080048053
39083,117,0.016187892504434816
39083,118,0.014402514753326757
39083,119,0.013206141599101788
39083,120,0.011984677393625093
39083,121,0.010926918472728466
39083,122,0.010072181542793568
39083,123,0.009751584668211022
39083,124,0.00997506596314789
39083,125,0.010690170257272338
39083,126,0.010711120196872337
39083,127,0.010231395206520938
39083,128,0.009735373345290848
39083,129,0.009310173742418692
39083,130,0.008644614317728038
39083,131,0.007807409739630127
39083,132,0.007315294309437041
39083,133,0.006304919213840052
39083,134,0.005312844738253087
39083,135,0.004562715937374956
39083,136,0.003833840230341827
39083,137,0.003217363798141202
39083,138,0.0027130331218527697
39083,139,0.0022878407614761935
39083,140,0.0020156390523736723
39083,141,0.0018285788563795744
39083,142,0.0017267481236403388
39083,143,0.0016539370638690627
39083,144,0.0016528355610165
39083,145,0.0015367013869062793
39083,146,0.0014318988277193657
39083,147,0.0013651080619945385
39083,148,0.0012966612573915323
39083,149,0.0012883034368826626
39083,150,0.001272033456362677
39083,151,0.0012612926436272962
39083,152,0.0012591196013002567
39083,153,0.0012785787448902138
39083,154,0.0012434275545777878
39083,155,0.0011774889006107823
39083,156,0.0010956944889025696
39083,157,0.0010021688372683778
39083,158,0.0009104971644287418
39083,159,0.0007641661739403243
39083,160,0.0006658272177044242
39083,161,0.0005862679538200021
39083,162,0.0005048709456395254
39083,163,0.00041332220758707273
39083,164,0.0003496527153656903
39083,165,0.0002977904376714402
39083,166,0.00024775967775090467
39083,167,0.00021708078515212474
39083,168,0.00020422378057913186
39083,169,0.00018401594251647924
39083,170,0.00016374846684925296
39083,171,0.00014965005233415454
39083,172,0.00013807559848757778
39083,173,0.00013563726397586051
39083,174,0.00014267001913156955
39083,175,0.0001609431871299317
39083,176,0.00019080434169192889
39083,177,0.00023325294539966538
39083,178,0.0002568956898760811
39083,179,0.0002753924422043899
39083,180,0.0003161426469188253
39083,181,0.00029670981519433156
39083,182,0.00027282037504291226
39083,183,0.0002673679969802629
39083,184,0.00024122221926083226
39083,185,0.00023713922874316943
39083,186,0.00023025779830574848
39083,187,0.00021027481804421344
39083,188,0.00019197472779329539
39083,189,0.00017098028071710865
39083,190,0.00015120535898469715
39083,191,0.00014364628263766928
39083,192,0.00014378708252186595
39083,193,0.00013849250487938937
39083,194,0.00012906521974885945
39083,195,0.00012610275721160953
39083,196,0.0001331599316696327
39083,197,0.0001474631644503925
39083,198,0.0001630600881582551
39083,199,0.00019278799745068927
39083,200,0.00024697086760812277
39083,201,0.0002807479949004793
39083,202,0.0002865182087364678
39083,203,0.00028804674569073374
39083,204,0.00026114753328680673
39083,205,0.0002228639442232856
39083,206,0.00021050639781536272
39083,207,0.00018410149936740934
39083,208,0.0001585866988783241
39083,209,0.00013557170136713534
39083,210,0.00011748181399770197
39083,211,0.0001140057063883766
39083,212,0.0001012533314780651
39083,213,8.913337601539276e-05
39083,214,6.50368343520648e-05
39083,215,5.501678405371227e-05
42001,73,0.004802516338064697
42001,74,0.004387680676931001
42001,75,0.00400563689687965
42001,76,0.003576920305478442
42001,77,0.0031973629169193187
42001,78,0.0028907556476702088
42001,79,0.0026263676101780024
42001,80,0.0023783684266422
42001,81,0.002107544890873118
42001,82,0.0017737536103707085
42001,83,0.0015222434312280927
42001,84,0.001340654426866223
42001,85,0.0011410975904380383
42001,86,0.0008678111590451781
42001,87,0.0006503578910949128
42001,88,0.0005369944008012273
42001,89,0.00046244355920384826
42001,90,0.0003687326316004749
42001,91,0.0002897136616421035
42001,92,0.0002464904271500061
42001,93,0.00021270273463316563
42001,94,0.00017796204922181162
42001,95,0.00013686654144573138
42001,96,0.0001136293693317956
42001,97,9.69600510166267e-05
42001,98,8.681956651534985e-05
42001,99,8.133311098702537e-05
42001,100,7.8157698930802e-05
42001,101,7.537455010528033e-05
42001,102,7.533444187260915e-05
42001,103,8.460377716234797e-05
42001,104,9.662018933444162e-05
42001,105,0.00012032047863574504
42001,106,0.00013612487632082152
42001,107,0.00013893958927696875
42001,108,0.00014447252147887544
42001,109,0.000142100158425
42001,110,0.00013039786335496245
42001,111,0.0001265078113793402
42001,112,0.00012620444814089374
42001,113,0.00012950619605202053
42001,114,0.0001239720319188274
42001,115,0.00011487038952197555
42001,116,0.00010256665318650347
42001,117,9.215499483005197e-05
42001,118,8.132571070383675e-05
42001,119,7.682452024549247e-05
42001,120,7.336503254378544e-05
42001,121,7.784369140225291e-05
42001,122,9.120615095216805e-05
42001,123,0.00010517777039719844
42001,124,0.00012585188400129725
42001,125,0.00017082820719980244
42001,126,0.00017751470322653558
42001,127,0.0001856840661697856
42001,128,0.00019059059272330309
42001,129,0.0002008492304856229
42001,130,0.00020548307734764441
42001,131,0.00019485256035937993
42001,132,0.00018029614395376792
42001,133,0.0001851453220396211
42001,134,0.0001948114024676507
42001,135,0.00019328828250429801
42001,136,0.0001841648627316051
42001,137,0.0002385371222606423
42001,138,0.000472319237933367
42001,139,0.002495944619010395
42001,140,0.010551113596623125
42001,141,0.018251834293612677
42001,142,0.017260399024401744
42001,143,0.01359375651727633
42001,144,0.012118867110540731
42001,145,0.011731073829991348
42001,146,0.010712099202774052
42001,147,0.009105624012117008
42001,148,0.007779916030973819
42001,149,0.006791057509471679
42001,150,0.00580409762243026
42001,151,0.005077789882767549
42001,152,0.004631748976005509
42001,153,0.00424208055112021
42001,154,0.003632663158403472
42001,155,0.0031116077861758685
42001,156,0.002657643663322298
42001,157,0.0022101942037918783
42001,158,0.0018452271485115545
42001,159,0.001503794502120257
42001,160,0.0012774880716213844
42001,161,0.0011084999074962153
42001,162,0.000919897118372497
42001,163,0.0007553048152402582
42001,164,0.0006773417302669796
42001,165,0.0005734740058838498
42001,166,0.0004989599012312883
42001,167,0.000436923385966097
42001,168,0.00040908926668259106
42001,169,0.0003702806617608533
42001,170,0.000317556284900976
42001,171,0.0002975229555648793
42001,172,0.0002952378907483282
42001,173,0.000318125758288883
42001,174,0.00031267450636869576
42001,175,0.0003213453679703039
42001,176,0.0003509984034663556
42001,177,0.0003674718923211487
42001,178,0.0003504890067747424
42001,179,0.00032017856417246976
42001,180,0.00031898939233558995
42001,181,0.0003176054877341867
42001,182,0.00027292316271212145
42001,183,0.00023467529707442525
42001,184,0.00020949805100391747
42001,185,0.000210795212704209
42001,186,0.00019317891977692995
42001,187,0.00017010069611302382
42001,188,0.00014922462023962192
42001,189,0.0001267362797550763
42001,190,0.00011207825899044078
42001,191,9.170743549555643e-05
42001,192,7.684064731012263e-05
42001,193,6.692727103170601e-05
42001,194,6.0612253563273475e-05
42001,195,5.990333668410782e-05
42001,196,5.9011057239325396e-05
42001,197,6.461250506724203e-05
42001,198,7.743545280683245e-05
42001,199,0.00010269441892709991
42001,200,0.00016343636902323285
42001,201,0.0002046227797702461
42001,202,0.00019403133158856585
42001,203,0.000188974090472388
42001,204,0.00017470305224279688
42001,205,0.00016030444558474797
42001,206,0.00014223747323839856
42001,207,0.00012038862810380918
42001,208,9.76506185344329e-05
42001,209,7.786699591774213e-05
42001,210,7.380839795544607e-05
42001,211,6.445629910963672e-05
42001,212,5.4809003077978976e-05
42001,213,5.486482295622154e-05
42001,214,5.9108233249927366e-05
42001,215,5.523618924971737e-05
42003,73,0.14395048970992116
42003,74,0.13752416185701527
42003,75,0.13458534708115436
42003,76,0.1305563367669011
42003,77,0.12752868944104379
42003,78,0.12336514572254483
42003,79,0.12094775895930801
42003,80,0.11566643582492457
42003,81,0.1119781246856219
42003,82,0.10683727415735084
42003,83,0.10191176666341394
42003,84,0.09877769978054599
42003,85,0.09294828067173899
42003,86,0.085187461509094
42003,87,0.07731472929310647
42003,88,0.06979001235796237
42003,89,0.06324980972628153
42003,90,0.05641014247341781
42003,91,0.04763108697755037
42003,92,0.04002963339520483
42003,93,0.03393650400461047
42003,94,0.030606077217048864
42003,95,0.028106272107717045
42003,96,0.02616197716905329
42003,97,0.02467432508917481
42003,98,0.023901710640959025
42003,99,0.023402525900970663
42003,100,0.02328883114937767
42003,101,0.02324380156892952
42003,102,0.02305289709155103
42003,103,0.023149081028413426
42003,104,0.023133845828782133
42003,105,0.02326319439037407
42003,106,0.021538277368088974
42003,107,0.02010654540202496
42003,108,0.019177050097131436
42003,109,0.017790382984389484
42003,110,0.016422076997404198
42003,111,0.015043029525339162
42003,112,0.01408933550698541
42003,113,0.013065116725446729
42003,114,0.011823557051948368
42003,115,0.010814533668553828
42003,116,0.009535381221422137
42003,117,0.00819660326432706
42003,118,0.007434543549345215
42003,119,0.007123473958082274
42003,120,0.007107315307077687
42003,121,0.006473265175395637
42003,122,0.005830034816297121
42003,123,0.005468115226466099
42003,124,0.005212793265260834
42003,125,0.00501920697761132
42003,126,0.004947221942929568
42003,127,0.005267902447222922
42003,128,0.0061218585895692285
42003,129,0.005879243060342871
42003,130,0.005042703851879816
42003,131,0.004616318125886288
42003,132,0.004301391023252745
42003,133,0.003955145786434901
42003,134,0.0035693166023012713
42003,135,0.0031542690789347263
42003,136,0.0027230685816598803
42003,137,0.0023163423554267786
42003,138,0.0022622872586224186
42003,139,0.0022087867335497473
42003,140,0.0022272566399285294
42003,141,0.002228305043643284
42003,142,0.0020585278941911145
42003,143,0.0020026947643386407
42003,144,0.0020199351270195737
42003,145,0.0018949778110454096
42003,146,0.0017882260444806784
42003,147,0.0017330822050916012
42003,148,0.0016673621162839787
42003,149,0.0015859448561233369
42003,150,0.0014566986035811037
42003,151,0.0014675676493846677
42003,152,0.0014482841899287155
42003,153,0.0014614927599876754
42003,154,0.001449448858456904
42003,155,0.0014448067852258961
42003,156,0.0014111791268579808
42003,157,0.001301297495479361
42003,158,0.001240990765649552
42003,159,0.0011090730861137528
42003,160,0.0010078855118842347
42003,161,0.0009172425752404335
42003,162,0.0007988584868416541
42003,163,0.0006682796270008559
42003,164,0.0005666583592481432
42003,165,0.00048653288959200246
42003,166,0.0004369120007005797
42003,167,0.0003953006952357583
42003,168,0.00037017855101495386
42003,169,0.0003582528794415531
42003,170,0.00033498038394404986
42003,171,0.0003105326301316135
42003,172,0.00028614727542240206
42003,173,0.0002645622570545422
42003,174,0.00024142974117938654
42003,175,0.00023975158181170414
42003,176,0.000270491809260572
42003,177,0.00032886072843624014
42003,178,0.00036795054440767576
42003,179,0.0003781840753144915
42003,180,0.0004032895377487164
42003,181,0.0003832434977064061
42003,182,0.00037038754195324353
42003,183,0.00034784597600341914
42003,184,0.0002920182798084338
42003,185,0.0002503000618487627
42003,186,0.00021820604533515268
42003,187,0.00018883754237323313
42003,188,0.00016199283287653097
42003,189,0.00014178108413127207
42003,190,0.00012888374483096293
42003,191,0.00011929988948279511
42003,192,0.00011877603092169892
42003,193,0.00012159805322048059
42003,194,0.00012374824915832477
42003,195,0.000128715041174803
42003,196,0.0001298080277841727
42003,197,0.00012573224817460905
42003,198,0.0001284341016427738
42003,199,0.00014349622306345956
42003,200,0.00017185987807218282
42003,201,0.00020667000646377984
42003,202,0.00022975744682054308
42003,203,0.000237578680585895
42003,204,0.00023122428214118195
42003,205,0.00022341291793880042
42003,206,0.00020507883357075388
42003,207,0.00016875648562157943
42003,208,0.00014216996873207962
42003,209,0.00012043214766083643
42003,210,0.00011282006253245486
42003,211,0.00010810322224337975
42003,212,8.62851210022076e-05
42003,213,6.673085650412937e-05
42003,214,5.759104692438607e-05
42003,215,5.151386640856523e-05
42011,73,0.0002256077493407938
42011,74,0.0001813530974779844
42011,75,0.0001715799392492277
42011,76,0.00016830027065061593
42011,77,0.00016052444589819976
42011,78,0.00014274920283730098
42011,79,0.0001906434766899082
42011,80,0.0004147532641454287
42011,81,0.0007332580959908412
42011,82,0.0011631412972893057
42011,83,0.0015251024930851011
42011,84,0.002196361492917583
42011,85,0.0022933815845398967
42011,86,0.0020947911574485507
42011,87,0.0019107422894392818
42011,88,0.0015956758598738938
42011,89,0.0012986966527152447
42011,90,0.0010042334655549921
42011,91,0.0007383695537467516
42011,92,0.000529970884034979
42011,93,0.0003851893338700935
42011,94,0.00028816499211256673
42011,95,0.0002136123047918105
42011,96,0.00015879241543039938
42011,97,0.00012965659332003074
42011,98,0.0001141310701699656
42011,99,0.00010398970392274926
42011,100,9.532727922026638e-05
42011,101,8.87391204773956e-05
42011,102,8.161822907325226e-05
42011,103,8.034426223785703e-05
42011,104,8.40529311145154e-05
42011,105,8.468940695322303e-05
42011,106,7.898645761637103e-05
42011,107,7.62256076308822e-05
42011,108,7.228839038508706e-05
42011,109,6.86277344706022e-05
42011,110,6.472998017074403e-05
42011,111,5.8546197081645184e-05
42011,112,5.327871983927932e-05
42011,113,4.8875453455926524e-05
42011,114,4.380020025036657e-05
42011,115,3.773574524948386e-05
42011,116,3.5621446882249796e-05
42011,117,3.3349969511283025e-05
42011,118,3.067358383530872e-05
42011,119,2.8974715090555286e-05
42011,120,2.9407149411055537e-05
42011,121,3.2700315387230806e-05
42011,122,3.580460781546014e-05
42011,123,3.926581288495899e-05
42011,124,4.3768445245739934e-05
42011,125,5.8876271897499636e-05
42011,126,9.584614530004434e-05
42011,127,0.00013279528697241136
42011,128,0.0001309670716941774
42011,129,0.00014284985423920177
42011,130,0.00021052085960386756
42011,131,0.0002706558309606147
42011,132,0.0004245569667248778
42011,133,0.0008318111390996423
42011,134,0.001009141071144596
42011,135,0.0009677106439156613
42011,136,0.0008373633205748629
42011,137,0.0007237363154459213
42011,138,0.0007176691469807443
42011,139,0.0007155696705138076
42011,140,0.0010951952347787236
42011,141,0.0030576652548600807
42011,142,0.007216465868128348
42011,143,0.007045130527142111
42011,144,0.0056062757753149875
42011,145,0.00517667189364546
42011,146,0.004870495382994157
42011,147,0.004802441327524817
42011,148,0.0044058050157991194
42011,149,0.003945119346781071
42011,150,0.003526941622145629
42011,151,0.003240384267220447
42011,152,0.003098066507090247
42011,153,0.002966498533394703
42011,154,0.0026679912534142455
42011,155,0.00226089306401834
42011,156,0.0019405589315693856
42011,157,0.0016613188500900144
42011,158,0.0013974718714491706
42011,159,0.0011326364859512703
42011,160,0.0009162631854515018
42011,161,0.0007467870917117811
42011,162,0.0005754073923040896
42011,163,0.00045905575784276363
42011,164,0.0003926780879885079
42011,165,0.0003264220347182711
42011,166,0.0002754875277914514
42011,167,0.00022831964582206338
42011,168,0.00019134562739508737
42011,169,0.00016667301938975396
42011,170,0.00015284936240309404
42011,171,0.00014258509074289224
42011,172,0.00012966770158294723
42011,173,0.00012137151363958192
42011,174,0.0001163229933158347
42011,175,0.00011843390336003173
42011,176,0.00012695516818811021
42011,177,0.0001513743120143703
42011,178,0.0001650369911350093
42011,179,0.00015893043864487587
42011,180,0.00014861737810695848
42011,181,0.00013702287255500353
42011,182,0.00013408406300552796
42011,183,0.00012260211192940878
42011,184,0.00010500129917685509
42011,185,9.228232614487514e-05
42011,186,8.356917033863432e-05
42011,187,7.120991819033494e-05
42011,188,6.094070715547565e-05
42011,189,5.536055416412761e-05
42011,190,4.87959949265702e-05
42011,191,4.168153898678213e-05
42011,192,3.6896844436585375e-05
42011,193,3.362259926483781e-05
42011,194,3.2426493263781773e-05
42011,195,3.386311856407079e-05
42011,196,3.6445113999264944e-05
42011,197,4.002057168495156e-05
42011,198,4.515953611767932e-05
42011,199,5.712555676368577e-05
42011,200,8.399532901894411e-05
42011,201,0.00012065846189736569
42011,202,0.00013404368124020057
42011,203,0.0001411230675276354
42011,204,0.00012183927790579741
42011,205,9.592336374158448e-05
42011,206,8.348030921525424e-05
42011,207,7.430359817436645e-05
42011,208,6.56997118589661e-05
42011,209,5.4637457028064874e-05
42011,210,4.8051682097529213e-05
42011,211,4.326692510448076e-05
42011,212,4.2164419833594286e-05
42011,213,4.0227553054908395e-05
42011,214,3.4318199422032286e-05
42011,215,3.17449991762881e-05
42017,73,9.114521182289073e-05
42017,74,7.995019931211272e-05
42017,75,7.277406672482843e-05
42017,76,8.2720527757417e-05
42017,77,0.00010690921801693509
42017,78,0.00011474419131241628
42017,79,0.0001256441837322377
42017,80,0.0002638510712351674
42017,81,0.0006930649968357166
42017,82,0.000824273113304071
42017,83,0.0008018438195388278
42017,84,0.0008449257079497056
42017,85,0.0007911254859196157
42017,86,0.0006974869339907991
42017,87,0.0006003471604785298
42017,88,0.0005142919984664906
42017,89,0.0004604212977725758
42017,90,0.00037594558493404687
42017,91,0.00029206445375175305
42017,92,0.00024040135789804551
42017,93,0.00020147692229393273
42017,94,0.000167208016478407
42017,95,0.0001373890920653829
42017,96,0.00011457275926639706
42017,97,0.00010038320349522587
42017,98,8.717387194211427e-05
42017,99,7.91921726727308e-05
42017,100,7.246606698745571e-05
42017,101,6.960475559160085e-05
42017,102,7.468714228571415e-05
42017,103,8.717618280642778e-05
42017,104,0.00011108450247010367
42017,105,0.00013224062564465435
42017,106,0.00014106561438227558
42017,107,0.0001444194669988914
42017,108,0.0001462462386429753
42017,109,0.00014611338035179557
42017,110,0.00014921099335439602
42017,111,0.00015196399209627373
42017,112,0.00014659322905695958
42017,113,0.00013337477402530843
42017,114,0.00012058609655734209
42017,115,0.00010789537302054346
42017,116,0.00010147894801409892
42017,117,0.00010392427847384864
42017,118,9.753740381713202e-05
42017,119,8.80107736747505e-05
42017,120,7.819255666481347e-05
42017,121,8.461307149071874e-05
42017,122,0.00010041742116240607
42017,123,0.00013811940160128356
42017,124,0.00018998540592893474
42017,125,0.00028899675535974987
42017,126,0.0003958971924704693
42017,127,0.0005494845599648765
42017,128,0.0007231396472866428
42017,129,0.000803720986033494
42017,130,0.0007748294955328277
42017,131,0.0008264918023908094
42017,132,0.0009060709434259104
42017,133,0.0008836320252207574
42017,134,0.0008869034114402707
42017,135,0.0009350727510553795
42017,136,0.0009759474355082732
42017,137,0.0010082260952851995
42017,138,0.0010280934932409814
42017,139,0.0011095361400321165
42017,140,0.0014299550929119259
42017,141,0.001738624030156223
42017,142,0.004525584900300723
42017,143,0.013501862781183767
42017,144,0.019206314500658715
42017,145,0.017529819385305272
42017,146,0.015894806605923423
42017,147,0.016352854194079385
42017,148,0.01616475036393297
42017,149,0.015232660454709307
42017,150,0.014212843416266444
42017,151,0.01339111733855392
42017,152,0.012637196528342498
42017,153,0.011813673724854944
42017,154,0.010328864851941889
42017,155,0.008955905295122529
42017,156,0.00771921476393476
42017,157,0.006453759157621536
42017,158,0.005290236260926132
42017,159,0.004258561484776644
42017,160,0.003491110716860691
42017,161,0.0028643390015717467
42017,162,0.00231606752220458
42017,163,0.0018481286584042223
42017,164,0.0014836339423818482
42017,165,0.0012045357236052947
42017,166,0.0010112853949972578
42017,167,0.0008361098933081667
42017,168,0.0007071986441290246
42017,169,0.0006115418146990511
42017,170,0.0005253127575286082
42017,171,0.0004988660660260369
42017,172,0.00048506200606776654
42017,173,0.0004867285032263574
42017,174,0.000469058564662357
42017,175,0.0004958119496704623
42017,176,0.0005577225839025899
42017,177,0.0005875410511806597
42017,178,0.0005570118639454823
42017,179,0.0005096629629076815
42017,180,0.00047032983105480767
42017,181,0.00044221063233496896
42017,182,0.0004408322254674662
42017,183,0.00042743486080957957
42017,184,0.00037309975585889994
42017,185,0.00032942308375393957
42017,186,0.00029975908147491435
42017,187,0.00026796815728652586
42017,188,0.00022768856724588636
42017,189,0.00019627810311495284
42017,190,0.00016486644614974982
42017,191,0.00014428213561114942
42017,192,0.00012733787549829343
42017,193,0.00011476937694805286
42017,194,9.894289052979017e-05
42017,195,8.53748819167229e-05
42017,196,8.133476045365807e-05
42017,197,8.660476919683567e-05
42017,198,9.590984937230585e-05
42017,199,0.0001059425127593403
42017,200,0.0001313562939159075
42017,201,0.00017737828968246986
42017,202,0.00020061970582304663
42017,203,0.00020818162861995906
42017,204,0.0001842049154536702
42017,205,0.00016377168110919547
42017,206,0.00013471434708236846
42017,207,0.00011793759143879438
42017,208,0.00011500478929679178
42017,209,0.00010881205842911375
42017,210,9.592107171379758e-05
42017,211,8.475239492224812e-05
42017,212,7.97932119426439e-05
42017,213,8.037669384518594e-05
42017,214,7.063685300181608e-05
42017,215,5.954951780947993e-05
42037,73,4.361164950913007e-05
42037,74,6.095118421034072e-05
42037,75,7.543342083023852e-05
42037,76,0.00010115868217736563
42037,77,0.0001734187330327034
42037,78,0.00027219106754731927
42037,79,0.00037775782831658584
42037,80,0.0005997796244051009
42037,81,0.0007496191867647825
42037,82,0.0008430125961423365
42037,83,0.0011141682932758602
42037,84,0.0012986876674861041
42037,85,0.0013734646240994638
42037,86,0.0012275156189955375
42037,87,0.0009159132462816839
42037,88,0.0007486086977150574
42037,89,0.0006500662140951419
42037,90,0.0005039436669349374
42037,91,0.00035090255976302987
42037,92,0.00024904495608335834
42037,93,0.00018664283682367602
42037,94,0.0001413310160946765
42037,95,0.00010475897268212543
42037,96,8.111501191330197e-05
42037,97,7.110629376382764e-05
42037,98,6.29782591125093e-05
42037,99,5.6436134621218754e-05
42037,100,5.1265723248878936e-05
42037,101,4.825395086592718e-05
42037,102,4.7683203449217546e-05
42037,103,5.196550659109445e-05
42037,104,6.133592676163066e-05
42037,105,7.411705385096341e-05
42037,106,8.061490836561626e-05
42037,107,8.636989775788992e-05
42037,108,9.374500914277186e-05
42037,109,9.912202144365479e-05
42037,110,0.00010299440607602893
42037,111,0.0001040923801787245
42037,112,0.00010997827774629357
42037,113,0.00011093043155087962
42037,114,0.00011122223462058777
42037,115,0.00011088269474642285
42037,116,0.00011407689923922187
42037,117,0.00012392627190438112
42037,118,0.00014082484013047076
42037,119,0.0001446381375121705
42037,120,0.0001434074333572513
42037,121,0.0001778386766059086
42037,122,0.00028083190982916486
42037,123,0.0003172264701421831
42037,124,0.0003277581116566234
42037,125,0.0003227081166304118
42037,126,0.0003209513550760105
42037,127,0.0003290107164293426
42037,128,0.0003409513736997061
42037,129,0.00039006583859463567
42037,130,0.000572332319420395
42037,131,0.0006981929135843386
42037,132,0.0007157013956416787
42037,133,0.0007304552446808301
42037,134,0.0007189274454380688
42037,135,0.0006674099625661444
42037,136,0.0006166364329203745
42037,137,0.0006283561048083631
42037,138,0.0006632674896300478
42037,139,0.0008136159452820181
42037,140,0.002063901741333374
42037,141,0.0047924199859064815
42037,142,0.006004721750486452
42037,143,0.005630179313840846
42037,144,0.005795540566173073
42037,145,0.006329584113555886
42037,146,0.005999664427118126
42037,147,0.005354802565821529
42037,148,0.0049760836663373335
42037,149,0.004736937032511602
42037,150,0.004422617486418975
42037,151,0.0038235527148326857
42037,152,0.003431294044920124
42037,153,0.0031742974939823463
42037,154,0.002760327684310983
42037,155,0.0023305498627883728
42037,156,0.0019471026800607762
42037,157,0.0015887243730248592
42037,158,0.00130272581188442
42037,159,0.0010432566422850184
42037,160,0.0008434616197549086
42037,161,0.0006642638733082096
42037,162,0.0005360679707593737
42037,163,0.0004390327395651197
42037,164,0.000373012794433588
42037,165,0.00030528533749656425
42037,166,0.00026768263062762216
42037,167,0.00023727010357071275
42037,168,0.00020759932965902953
42037,169,0.00018814169804320507
42037,170,0.00017223178123363384
42037,171,0.00016490631205354575
42037,172,0.0001589816356879125
42037,173,0.00016351648217272498
42037,174,0.00018493589100684375
42037,175,0.00020093256782110632
42037,176,0.00021656174878938202
42037,177,0.0002277217080716796
42037,178,0.0002092664035309855
42037,179,0.00019277722109674187
42037,180,0.0001731353565919068
42037,181,0.00015452401762890863
42037,182,0.00014305144805840865
42037,183,0.00014061526209874803
42037,184,0.00013184385387230888
42037,185,0.00012300954357466565
42037,186,0.00011126697353949598
42037,187,0.00011110058367425845
42037,188,0.00010294907329519979
42037,189,9.39825375738697e-05
42037,190,8.752052808985016e-05
42037,191,8.073308367301341e-05
42037,192,7.701480695352816e-05
42037,193,7.455727260085795e-05
42037,194,8.197599154126492e-05
42037,195,9.288636187540705e-05
42037,196,9.64269022112158e-05
42037,197,0.00010393220128875035
42037,198,0.00011703222392736617
42037,199,0.0001279477268530874
42037,200,0.0001584090124729512
42037,201,0.000204112721448149
42037,202,0.00022907990669840506
42037,203,0.00024008906014047024
42037,204,0.00022590727199092516
42037,205,0.0001868450934706591
42037,206,0.00015350923046660397
42037,207,0.00012977011297126662
42037,208,0.00010805348063910393
42037,209,9.164935161708528e-05
42037,210,7.952477099363983e-05
42037,211,6.844325879376735e-05
42037,212,6.0398949212931035e-05
42037,213,5.707744235436435e-05
42037,214,5.169055897206158e-05
42037,215,4.4843223399148075e-05
42071,73,0.0002802748698229615
42071,74,0.0002345674772384535
42071,75,0.00020278597317513797
42071,76,0.00018000420689687232
42071,77,0.00015384541182330183
42071,78,0.00013937650934612677
42071,79,0.0001500888196057659
42071,80,0.00023373272887676036
42071,81,0.0005170703089140671
42071,82,0.0007339914216844933
42071,83,0.0010279196587499452
42071,84,0.001604860625236297
42071,85,0.0018161895706535266
42071,86,0.0016359692875889103
42071,87,0.0013645037676169878
42071,88,0.0011003302525327714
42071,89,0.0009223910477686052
42071,90,0.0007419451204982359
42071,91,0.0005529370519080986
42071,92,0.0003943177606312945
42071,93,0.0002901359534292832
42071,94,0.0002165857211239225
42071,95,0.00016395215706082607
42071,96,0.0001235096839339402
42071,97,9.678025129759403e-05
42071,98,8.059846030289967e-05
42071,99,6.723616461617802e-05
42071,100,5.812583024484946e-05
42071,101,5.18968696013026e-05
42071,102,5.0360527413790496e-05
42071,103,5.985431840216712e-05
42071,104,7.068057615953774e-05
42071,105,8.700751642467439e-05
42071,106,9.004685903717379e-05
42071,107,9.326304046416384e-05
42071,108,9.584724583444863e-05
42071,109,8.397693822829464e-05
42071,110,7.690033557146962e-05
42071,111,8.005381320173397e-05
42071,112,9.210693673056665e-05
42071,113,0.00010257499672384853
42071,114,0.00011963298940036904
42071,115,0.00011017046814112924
42071,116,9.072977686331553e-05
42071,117,7.964707851670142e-05
42071,118,7.26584905967751e-05
42071,119,8.375997798801931e-05
42071,120,9.473788858235746e-05
42071,121,0.00011951354461968081
42071,122,0.00016954572364466028
42071,123,0.0001617380579104516
42071,124,0.00014447206916494597
42071,125,0.0001497998260200977
42071,126,0.0001530856229109293
42071,127,0.00015312069827118423
42071,128,0.00014984090232951519
42071,129,0.00017160582653079337
42071,130,0.00019145605498621331
42071,131,0.00025903092736038016
42071,132,0.0005183190435226278
42071,133,0.0009058324466996335
42071,134,0.0009238325794139979
42071,135,0.0009139032696116941
42071,136,0.0010972367100388167
42071,137,0.0010022059599792824
42071,138,0.0011253219860235433
42071,139,0.0015922496877985115
42071,140,0.004962135776153437
42071,141,0.02252961099154353
42071,142,0.04819462237959589
42071,143,0.05166694012066632
42071,144,0.04335510657706566
42071,145,0.038238242999496484
42071,146,0.03505908503639177
42071,147,0.033026563146577745
42071,148,0.029810838843293084
42071,149,0.02661020303046311
42071,150,0.02369453819758327
42071,151,0.02073758841880878
42071,152,0.018415270736900226
42071,153,0.016381676417597215
42071,154,0.01392023453704094
42071,155,0.011650653294167127
42071,156,0.009638793471910604
42071,157,0.007969762764388502
42071,158,0.006582274729488187
42071,159,0.005305262471055629
42071,160,0.004128330523199392
42071,161,0.0031698930500110444
42071,162,0.0024780596587000107
42071,163,0.0019133689145615477
42071,164,0.0014951544845240754
42071,165,0.0011494655754299729
42071,166,0.0009361483597995078
42071,167,0.00076491858169633
42071,168,0.0006577019817568635
42071,169,0.000567995588658387
42071,170,0.000506949135817616
42071,171,0.00047119163024894226
42071,172,0.00042869165141744937
42071,173,0.00039035150137865267
42071,174,0.0003516944561111288
42071,175,0.0003489232570669804
42071,176,0.00037314280854962615
42071,177,0.0004142887679921658
42071,178,0.00040685435048626556
42071,179,0.00038276147894820506
42071,180,0.0003556970354496963
42071,181,0.00034072286925219405
42071,182,0.0003401066651268861
42071,183,0.0003119911931394619
42071,184,0.0002455219295450612
42071,185,0.00021616549659251685
42071,186,0.00018400788135473502
42071,187,0.00015436471012494107
42071,188,0.0001289202515408296
42071,189,0.00010884259072135253
42071,190,9.53632815310501e-05
42071,191,8.050247947573033e-05
42071,192,6.797395230846827e-05
42071,193,6.066055594489548e-05
42071,194,5.6355562302170394e-05
42071,195,5.340977834778868e-05
42071,196,5.477121331015174e-05
42071,197,5.731450166160399e-05
42071,198,6.472307369418718e-05
42071,199,8.706472720552008e-05
42071,200,0.00013234232144647632
42071,201,0.0001836151299697292
42071,202,0.00019548258796418433
42071,203,0.00018639173792444583
42071,204,0.00017276505754747602
42071,205,0.00014653746431814602
42071,206,0.00012251443597202958
42071,207,0.00010577970022139228
42071,208,9.665463298631903e-05
42071,209,8.78558127542145e-05
42071,210,8.038784622919214e-05
42071,211,6.998976677176533e-05
42071,212,5.698515102345897e-05
42071,213,4.7186969757090594e-05
42071,214,4.040527503176757e-05
42071,215,3.470416648049338e-05
42073,73,0.03976865792899255
42073,74,0.03843145651509879
42073,75,0.036324164510922685
42073,76,0.03528993541404045
42073,77,0.03348370084567387
42073,78,0.03212321104183339
42073,79,0.030751931277921224
42073,80,0.029717570264952194
42073,81,0.027741177286730347
42073,82,0.025294766211114265
42073,83,0.02292529092437134
42073,84,0.021054811442648137
42073,85,0.018641699805909386
42073,86,0.016251369740249374
42073,87,0.013884175993410512
42073,88,0.011935522769611628
42073,89,0.010115779051745714
42073,90,0.008411236266503183
42073,91,0.006850158552606377
42073,92,0.005511857499634042
42073,93,0.004550163074911495
42073,94,0.0038363629804467566
42073,95,0.0032673342427134437
42073,96,0.0028924769858467425
42073,97,0.002661322249730966
42073,98,0.0024805770186899717
42073,99,0.002335252478436176
42073,100,0.0022351189604734984
42073,101,0.0021528794789200923
42073,102,0.0021014866261948686
42073,103,0.0020858822059952316
42073,104,0.0020108304478334135
42073,105,0.001942750458928789
42073,106,0.0018407052676266207
42073,107,0.0017325287008258103
42073,108,0.0016737206846611508
42073,109,0.0016735939656455589
42073,110,0.0019254108206923364
42073,111,0.0023540816847804104
42073,112,0.003225793647826295
42073,113,0.0038708022287974836
42073,114,0.003773549464709307
42073,115,0.0037212462854899165
42073,116,0.0038489073372294713
42073,117,0.004063767605550457
42073,118,0.004129500755245546
42073,119,0.00400043733146104
42073,120,0.003832220865590078
42073,121,0.003593278726956435
42073,122,0.003415432278878085
42073,123,0.0032480119515742463
42073,124,0.00309066712162512
42073,125,0.002945207436972528
42073,126,0.00284232075079986
42073,127,0.0030080327792746608
42073,128,0.003719602932051782
42073,129,0.0047856001163064255
42073,130,0.0056949712292067075
42073,131,0.005791883089584946
42073,132,0.005510223801204959
42073,133,0.005209176199004403
42073,134,0.0048454267595130175
42073,135,0.004386316104200332
42073,136,0.0038843227378030113
42073,137,0.0034244076173052915
42073,138,0.003242856134586267
42073,139,0.003329144187028632
42073,140,0.003418499482382213
42073,141,0.003370905421891974
42073,142,0.003217112289549464
42073,143,0.003056520533000904
42073,144,0.0030468388736854734
42073,145,0.0030526978173829175
42073,146,0.003029939383923133
42073,147,0.0029522754681576544
42073,148,0.0027971135635724005
42073,149,0.0026911652425220126
42073,150,0.0026205655755746657
42073,151,0.002542988612428535
42073,152,0.002487734445236324
42073,153,0.0024827842118432288
42073,154,0.002454972931613832
42073,155,0.0022223051780619844
42073,156,0.0020478057325488764
42073,157,0.0018358988780429297
42073,158,0.0015974575152005496
42073,159,0.001397064749544876
42073,160,0.001227272614999737
42073,161,0.0010974798934605006
42073,162,0.0009722241288900853
42073,163,0.0008053652830425902
42073,164,0.00067568619455834
42073,165,0.0005792664194907129
42073,166,0.000507960829891111
42073,167,0.00043884719297586627
42073,168,0.00039442707815368793
42073,169,0.00033343581952002344
42073,170,0.0002948314331473326
42073,171,0.00028558225525676103
42073,172,0.0002700707730916299
42073,173,0.00026883935254917924
42073,174,0.0002949991371139091
42073,175,0.00031955089789758423
42073,176,0.0003429176771185466
42073,177,0.00040100202857743373
42073,178,0.00047597866774570346
42073,179,0.0005187426701155907
42073,180,0.0005385922962220253
42073,181,0.0005209195555125352
42073,182,0.0004874339275517171
42073,183,0.00042548366041232443
42073,184,0.0003804011552599186
42073,185,0.0003392524392987942
42073,186,0.00029618426604288483
42073,187,0.0002501807552859055
42073,188,0.00021920910621934468
42073,189,0.0002003000425904043
42073,190,0.00017650727637762666
42073,191,0.00016023491708336553
42073,192,0.0001454966162890488
42073,193,0.00013228396178378577
42073,194,0.00012480655474521728
42073,195,0.00012665038059998216
42073,196,0.00012835828962470054
42073,197,0.00013224014205765367
42073,198,0.00014119077365746824
42073,199,0.0001618374303571581
42073,200,0.00022163393988560012
42073,201,0.00027627107687962666
42073,202,0.0002973345502785159
42073,203,0.0002893057277049005
42073,204,0.00027586845664246925
42073,205,0.0002476906042297553
42073,206,0.00023469284371982794
42073,207,0.00021458504009822828
42073,208,0.00020750682084653895
42073,209,0.000198294533270383
42073,210,0.00018567515574679572
42073,211,0.00017163289749175188
42073,212,0.00015826456768818447
42073,213,0.0001452627056179551
42073,214,0.00012967422224804173
42073,215,0.00012037988566606559
42087,73,0.012525825058885427
42087,74,0.012465935108233865
42087,75,0.006995192770010365
42087,76,0.0017271599085959244
42087,77,0.0021352093799687035
42087,78,0.002728347197010031
42087,79,0.003010705947089256
42087,80,0.0033907569521569878
42087,81,0.004027925083367195
42087,82,0.004705515670083382
42087,83,0.005411663129880311
42087,84,0.006216265951131592
42087,85,0.006329049815148467
42087,86,0.005719493709419834
42087,87,0.005020583405403184
42087,88,0.0044464397583148605
42087,89,0.003982604417131181
42087,90,0.0033738520176959962
42087,91,0.002723311218212934
42087,92,0.0022022667328871486
42087,93,0.0017895411232484225
42087,94,0.0015008958339591157
42087,95,0.0012867283913874557
42087,96,0.0011469799623896391
42087,97,0.0010506745656724034
42087,98,0.0009881665613036307
42087,99,0.0009567364220586824
42087,100,0.0009250656238109492
42087,101,0.0008922694200041393
42087,102,0.0008681281498693558
42087,103,0.0008664397306944167
42087,104,0.0008576048743872373
42087,105,0.0008670256988379718
42087,106,0.0008519414461510938
42087,107,0.0008155782466767992
42087,108,0.0007341196033331231
42087,109,0.0006483219387614449
42087,110,0.000571535800453016
42087,111,0.0004987503440251547
42087,112,0.0004297426642326775
42087,113,0.0003850376145956868
42087,114,0.000339698471242418
42087,115,0.0002990031645568377
42087,116,0.0002729104427220279
42087,117,0.00025782048585715867
42087,118,0.00024387083772620327
42087,119,0.00022843108373459814
42087,120,0.00021892085620389234
42087,121,0.00020800093978638626
42087,122,0.0002369160166960242
42087,123,0.00024184110625891342
42087,124,0.0002502304130210374
42087,125,0.00025175286423661326
42087,126,0.00026277126965356924
42087,127,0.0002578956046374425
42087,128,0.00027004013099472585
42087,129,0.00028640211704998754
42087,130,0.00030832864698749485
42087,131,0.0003260104051055492
42087,132,0.00036182513529398063
42087,133,0.0003803336273418662
42087,134,0.00036259355266350624
42087,135,0.0003249278041051659
42087,136,0.0003825501775618432
42087,137,0.000576684803710473
42087,138,0.0008858045414904126
42087,139,0.0010428227187812646
42087,140,0.0013633407250916495
42087,141,0.0025698168816427744
42087,142,0.004845396616389568
42087,143,0.0061018351171025715
42087,144,0.006150919906372368
42087,145,0.006123542004894083
42087,146,0.0066006077395530105
42087,147,0.007358557712307495
42087,148,0.007348010319799626
42087,149,0.007108138326628136
42087,150,0.006943925829842349
42087,151,0.006442498824285964
42087,152,0.005917839689143784
42087,153,0.0055365595316720076
42087,154,0.005157745595502347
42087,155,0.004549206735052671
42087,156,0.0038313915915916446
42087,157,0.0032019178230228667
42087,158,0.0027228030529687073
42087,159,0.002269568539048402
42087,160,0.0018437033312754946
42087,161,0.0014743881365320388
42087,162,0.0011555219697242515
42087,163,0.000953458645595802
42087,164,0.0008296774196145699
42087,165,0.0007226075313788582
42087,166,0.0006462358352920256
42087,167,0.0005547931969355045
42087,168,0.0005135354479247111
42087,169,0.00046899668799761803
42087,170,0.0004369169247764793
42087,171,0.0004255160781950616
42087,172,0.00041001726701683257
42087,173,0.00041793787646807884
42087,174,0.0004152496973335311
42087,175,0.0004152479383556686
42087,176,0.0004350166444004027
42087,177,0.00045357811664269165
42087,178,0.0004585580025274241
42087,179,0.0004225481877383393
42087,180,0.00038115580920399325
42087,181,0.00037602823611328635
42087,182,0.0003935135665455833
42087,183,0.00036758750288481615
42087,184,0.0003145421689608054
42087,185,0.00028591682397517937
42087,186,0.00025458474636448684
42087,187,0.00023425217594627893
42087,188,0.0002113354542154032
42087,189,0.00019466483955206382
42087,190,0.00018689167899461036
42087,191,0.00018344459832694623
42087,192,0.00017582792591385916
42087,193,0.0001623615036494344
42087,194,0.00015829346644359216
42087,195,0.00015833685132668517
42087,196,0.0001495626299556024
42087,197,0.0001503772004296705
42087,198,0.00015646062988737918
42087,199,0.0001773894312996627
42087,200,0.0002257045117981818
42087,201,0.00029187968319008885
42087,202,0.00028146844450523475
42087,203,0.000266266140012273
42087,204,0.0002648330908530006
42087,205,0.00026291186285860727
42087,206,0.0002360431189710503
42087,207,0.00021499783718907062
42087,208,0.00018328766295670832
42087,209,0.00016226779237670964
42087,210,0.00014808718888558752
42087,211,0.00014456452314668195
42087,212,0.00014211553707840026
42087,213,0.0001325364394936501
42087,214,0.0001286526446044089
42087,215,0.00011457190796818353
42093,73,9.029124860854263e-05
42093,74,0.00016655635932494357
42093,75,0.00017988051970318825
42093,76,0.00020183648437997566
42093,77,0.0002599588674285007
42093,78,0.0003951407146410131
42093,79,0.0006017366866228681
42093,80,0.0010138041789637814
42093,81,0.0012694874426295681
42093,82,0.0017679798664658865
42093,83,0.003836474197946929
42093,84,0.005346528944087864
42093,85,0.005573065678538156
42093,86,0.004516067911841314
42093,87,0.003651099052279382
42093,88,0.003014020453844476
42093,89,0.002465100351088744
42093,90,0.0019119187030471356
42093,91,0.0014073178653028597
42093,92,0.0010069111264987434
42093,93,0.0007298417557498971
42093,94,0.0005337747433816442
42093,95,0.0004150144831080632
42093,96,0.00032692132605899093
42093,97,0.0002804815654703842
42093,98,0.0002690491068001239
42093,99,0.0002617402841698349
42093,100,0.000265716664124521
42093,101,0.0002754164572893699
42093,102,0.0002910747624388896
42093,103,0.0003052473750592133
42093,104,0.0003176100657822395
42093,105,0.0003214571032960813
42093,106,0.00032715367541962935
42093,107,0.0003373348559307759
42093,108,0.0003993052383311316
42093,109,0.0005575276455298279
42093,110,0.000599443959570607
42093,111,0.0005219528294326783
42093,112,0.00047780064728555877
42093,113,0.00045749495287441806
42093,114,0.0004306541739713481
42093,115,0.00039466715838560934
42093,116,0.00037276277904446756
42093,117,0.0003451645411056885
42093,118,0.0003468568433393351
42093,119,0.0003724807517652992
42093,120,0.0003841759832859702
42093,121,0.0003880874541405395
42093,122,0.0004562134026167159
42093,123,0.0006685325480172672
42093,124,0.0010622063890359606
42093,125,0.0012677852348303223
42093,126,0.0013216034841342162
42093,127,0.001378024987429695
42093,128,0.0014237863303221414
42093,129,0.0017078170591198958
42093,130,0.002632496325993661
42093,131,0.0033378209446024605
42093,132,0.0035366578698703506
42093,133,0.003356792655886115
42093,134,0.002964172696734973
42093,135,0.0027084623465341187
42093,136,0.0026456205772486274
42093,137,0.002668880481381714
42093,138,0.002470355822816005
42093,139,0.0026709685593898657
42093,140,0.0038898702240657227
42093,141,0.005405787123999795
42093,142,0.0057049180814552946
42093,143,0.00574717935603494
42093,144,0.006689206706996939
42093,145,0.007365232385195397
42093,146,0.007082698394177744
42093,147,0.006842435091036659
42093,148,0.007048486585507285
42093,149,0.0076974697434667545
42093,150,0.007733080117449266
42093,151,0.0070671331300898935
42093,152,0.006610366627229242
42093,153,0.006306671370700148
42093,154,0.005749450321458239
42093,155,0.0049751088194511135
42093,156,0.004230570770292734
42093,157,0.003560693498937085
42093,158,0.0029393978610213183
42093,159,0.0023332367140766535
42093,160,0.0018092474649228755
42093,161,0.0014318146253575852
42093,162,0.0011570843308647148
42093,163,0.0009470159378983271
42093,164,0.0008241151173500076
42093,165,0.0007172911488139188
42093,166,0.0006742195008431408
42093,167,0.0006250369166020919
42093,168,0.0005722030288223243
42093,169,0.0005255562911195542
42093,170,0.00047929519209674603
42093,171,0.00043888957820566643
42093,172,0.0004414471196195053
42093,173,0.00042568068659822744
42093,174,0.0004319720717251507
42093,175,0.0004526041633785323
42093,176,0.00046507112159572004
42093,177,0.00046690862528791247
42093,178,0.0004134309850259976
42093,179,0.00035552779937297717
42093,180,0.00030574128436559287
42093,181,0.0002671979280520159
42093,182,0.0002542829755485629
42093,183,0.00023248646414275405
42093,184,0.00020576891045627528
42093,185,0.00018521423486629095
42093,186,0.0001667814527963543
42093,187,0.00015320606281945054
42093,188,0.0001480919086473099
42093,189,0.0001438273256560334
42093,190,0.00013626784572664686
42093,191,0.0001324107860872274
42093,192,0.00013541114073124816
42093,193,0.00011695823529138524
42093,194,0.00010980648720230901
42093,195,0.00011679280310695082
42093,196,0.00012671391131359255
42093,197,0.00012658034461289285
42093,198,0.00012966251981253975
42093,199,0.0001464121821461497
42093,200,0.00022116513163064548
42093,201,0.00026109831866996224
42093,202,0.00022774116550535568
42093,203,0.00023009654834288794
42093,204,0.00021723016736299562
42093,205,0.00019198562088921557
42093,206,0.0001672010843587842
42093,207,0.0001405647241298668
42093,208,0.00012261193006218605
42093,209,0.00011533673358731998
42093,210,0.00010554537504122845
42093,211,9.038108545981112e-05
42093,212,9.06427574621571e-05
42093,213,9.721046911156475e-05
42093,214,9.189348840402571e-05
42093,215,7.734533693654987e-05
42099,73,0.0016140454993317642
42099,74,0.0016947791606702154
42099,75,0.0015868361787986641
42099,76,0.0015385967027904343
42099,77,0.001575757364445663
42099,78,0.00173223976007711
42099,79,0.0017935727980008182
42099,80,0.0017322172340015682
42099,81,0.0018364599334229834
42099,82,0.0018143545889536567
42099,83,0.0017192910680700582
42099,84,0.0017510481704375539
42099,85,0.0016366038008348606
42099,86,0.0013913678308831597
42099,87,0.0011266638633234678
42099,88,0.000945942802838164
42099,89,0.00081734256603265
42099,90,0.0006749669640067567
42099,91,0.000563690047185158
42099,92,0.00046077629596239476
42099,93,0.000369560442333237
42099,94,0.000311019371357053
42099,95,0.0002642754901181283
42099,96,0.00022109863005568807
42099,97,0.00018717932624521887
42099,98,0.00015913258858551066
42099,99,0.00014178225515353604
42099,100,0.00013135848175571267
42099,101,0.00011997745538040359
42099,102,0.00011019544046444068
42099,103,0.00011079517425681813
42099,104,0.00011870090231349168
42099,105,0.00012878929729657587
42099,106,0.00013342520962045262
42099,107,0.00014166477459695448
42099,108,0.00014228151631719203
42099,109,0.00013978891166159047
42099,110,0.00013914963218504477
42099,111,0.00013743096886807544
42099,112,0.00013435258040862905
42099,113,0.00013248226662871174
42099,114,0.00014209124258270046
42099,115,0.00015307057970725027
42099,116,0.00015634539488151568
42099,117,0.0001640840462429707
42099,118,0.00017919808070746774
42099,119,0.00018626404721212516
42099,120,0.00018281240582073525
42099,121,0.00018684866314027068
42099,122,0.00020883493163892326
42099,123,0.0002285243635970564
42099,124,0.00022509688356595205
42099,125,0.00023187054418006783
42099,126,0.00026356588623305027
42099,127,0.00029685217748515077
42099,128,0.00036524026045976716
42099,129,0.00043331781113382527
42099,130,0.0005094266275763972
42099,131,0.000674923185154072
42099,132,0.0007626389303370068
42099,133,0.0007678874404756411
42099,134,0.0007251822499875854
42099,135,0.000689892060865904
42099,136,0.0007734913339693268
42099,137,0.0008030175469861218
42099,138,0.0012030293004295927
42099,139,0.0031727835717951804
42099,140,0.005841430339289006
42099,141,0.0066359838421598295
42099,142,0.007728044720036614
42099,143,0.008836300344266948
42099,144,0.008650018233229672
42099,145,0.007742049895063081
42099,146,0.006973249371645655
42099,147,0.0068926983202424776
42099,148,0.006827469765731191
42099,149,0.0063339208460584375
42099,150,0.005876519092839505
42099,151,0.005526706688981848
42099,152,0.005111944330366615
42099,153,0.004651605742312284
42099,154,0.004013799514632627
42099,155,0.0033899098156139687
42099,156,0.0028945345478230515
42099,157,0.0024462108408546657
42099,158,0.0020601927951960455
42099,159,0.0017109721728338775
42099,160,0.001412256144554854
42099,161,0.0011749618694294496
42099,162,0.0009753027413449564
42099,163,0.0008499270166868488
42099,164,0.0007925650109392022
42099,165,0.0007221773514891937
42099,166,0.0006919910277042486
42099,167,0.0006873738472205421
42099,168,0.0006701050594307182
42099,169,0.0006127722670525256
42099,170,0.0006102556363094064
42099,171,0.000596415300601592
42099,172,0.0005688508452269343
42099,173,0.0005811251183323726
42099,174,0.0006125399633623712
42099,175,0.0006556819041313037
42099,176,0.0006986186467246647
42099,177,0.0007295133714821376
42099,178,0.0007448046044603731
42099,179,0.0007545190578950778
42099,180,0.0007712048531911778
42099,181,0.0007504094398905054
42099,182,0.0006699474405849266
42099,183,0.0006305631464859786
42099,184,0.0005730586770486731
42099,185,0.0005327480021253831
42099,186,0.00046823678055639493
42099,187,0.00039625170147669045
42099,188,0.00034948013333962064
42099,189,0.0003289235150633851
42099,190,0.00029904266261392614
42099,191,0.00027200239410518965
42099,192,0.0002652557384298372
42099,193,0.0002564640455797817
42099,194,0.0002541887998300885
42099,195,0.00026155049430777054
42099,196,0.00025450399487180473
42099,197,0.0002522677328912301
42099,198,0.000260990933545489
42099,199,0.0002930468883882291
42099,200,0.00036239523731381145
42099,201,0.0004029573365958661
42099,202,0.0003784742986895426
42099,203,0.00037442972022810184
42099,204,0.00034814317402684467
42099,205,0.0003245068084126921
42099,206,0.0002808535822173705
42099,207,0.00022963787554191998
42099,208,0.00018257820580595103
42099,209,0.00015858597225067273
42099,210,0.0001419744962760776
42099,211,0.00011891023336935418
42099,212,0.00010487654729506414
42099,213,9.279842439818574e-05
42099,214,7.966954355746748e-05
42099,215,7.059482988935912e-05
42105,73,0.0030062594654363273
42105,74,0.009106878453479976
42105,75,0.01861401377174215
42105,76,0.02605719484383022
42105,77,0.034174237902708175
42105,78,0.04524650917082029
42105,79,0.05826174086302539
42105,80,0.06939008678819983
42105,81,0.0731703377727286
42105,82,0.0809497896461171
42105,83,0.08735632990850074
42105,84,0.07189489137806146
42105,85,0.059577150290655606
42105,86,0.046851903337291896
42105,87,0.03572936719512336
42105,88,0.027733122484762906
42105,89,0.02115307939882059
42105,90,0.016961681746001104
42105,91,0.014397509196734258
42105,92,0.01297870327838977
42105,93,0.012947678914402426
42105,94,0.01286682711591742
42105,95,0.012795610621369692
42105,96,0.013554472112061483
42105,97,0.01437391705274609
42105,98,0.014272523457055198
42105,99,0.017032943846008165
42105,100,0.019923868081810604
42105,101,0.019301413726136724
42105,102,0.019374958581483668
42105,103,0.019685929615818294
42105,104,0.019346685353205554
42105,105,0.019688383605265838
42105,106,0.023408388856379313
42105,107,0.030971613665141496
42105,108,0.03393400676382128
42105,109,0.03641541541475666
42105,110,0.040600888916895846
42105,111,0.0399493655921301
42105,112,0.03823130059400739
42105,113,0.03539087781589647
42105,114,0.03614570205873371
42105,115,0.04336502837483554
42105,116,0.0615022517186304
42105,117,0.08522041402008249
42105,118,0.0985396954091129
42105,119,0.09820220406124001
42105,120,0.1011129962145826
42105,121,0.1018913053746597
42105,122,0.0982358756129076
42105,123,0.09438063705684155
42105,124,0.0849728478453262
42105,125,0.07541028962814324
42105,126,0.06973665179127231
42105,127,0.06582403120866696
42105,128,0.06412857483610837
42105,129,0.06556693313814906
42105,130,0.07071570509695875
42105,131,0.06856760601027241
42105,132,0.052145000969017544
42105,133,0.03594494461682883
42105,134,0.026970600689538292
42105,135,0.021475461573378186
42105,136,0.016143500412048643
42105,137,0.012204521692386939
42105,138,0.010361657983038309
42105,139,0.010157110976261182
42105,140,0.011355952711866657
42105,141,0.010870338295922807
42105,142,0.011053027353939959
42105,143,0.011730997555218236
42105,144,0.011296897813028253
42105,145,0.010526685156775385
42105,146,0.01049534842032697
42105,147,0.014183389358902742
42105,148,0.014643851551476454
42105,149,0.013829178836940889
42105,150,0.01470021808340924
42105,151,0.014764693269861188
42105,152,0.015374394295280138
42105,153,0.016913584309020225
42105,154,0.018677878877527646
42105,155,0.019855839635755924
42105,156,0.017027539033659868
42105,157,0.012156681888434722
42105,158,0.010107492013284479
42105,159,0.010701757704263275
42105,160,0.012559573959669218
42105,161,0.009821992248295454
42105,162,0.007312194443257634
42105,163,0.007530727612349889
42105,164,0.00767058816664273
42105,165,0.00725877057032193
42105,166,0.006657733037750337
42105,167,0.0067249793224443315
42105,168,0.007734846051417483
42105,169,0.007313089518788056
42105,170,0.00798888380299347
42105,171,0.009665664726282403
42105,172,0.011762461449879026
42105,173,0.012481562508953669
42105,174,0.013607407906263119
42105,175,0.014471631547619377
42105,176,0.014559065321359824
42105,177,0.01376724134275201
42105,178,0.012275657897135023
42105,179,0.012033711392325777
42105,180,0.011432480431524738
42105,181,0.010279487842728394
42105,182,0.009109667696946938
42105,183,0.007202762715959522
42105,184,0.0062630133437226836
42105,185,0.006054422423448006
42105,186,0.005853836990084319
42105,187,0.005763911876349587
42105,188,0.006201053833108311
42105,189,0.006517062854833021
42105,190,0.006640311965701116
42105,191,0.006986470119951679
42105,192,0.007018884770349791
42105,193,0.006405902789354645
42105,194,0.006798803993381335
42105,195,0.007288079316235906
42105,196,0.00785775060133447
42105,197,0.008238160761881719
42105,198,0.008729754650815321
42105,199,0.009061785293454748
42105,200,0.009282400894069745
42105,201,0.009039520296644758
42105,202,0.007910634392321226
42105,203,0.006438543429475729
42105,204,0.005576140602064689
42105,205,0.004839622570782762
42105,206,0.0042504486563596875
42105,207,0.003781952665906912
42105,208,0.0034196278802417187
42105,209,0.003200416436008019
42105,210,0.0031293048422815772
42105,211,0.0033045491906490243
42105,212,0.0034556497491342445
42105,213,0.003506767109297862
42105,214,0.0035800976150543768
42105,215,0.003872398137450944
42107,73,0.00011737684336718914
42107,74,5.447205996687097e-05
42107,75,6.36849208646053e-05
42107,76,6.177195601938863e-05
42107,77,6.13095254511068e-05
42107,78,6.23228891543305e-05
42107,79,7.277207205611165e-05
42107,80,0.00012658568057303052
42107,81,0.0002420870779418348
42107,82,0.00038121733228969743
42107,83,0.0005128094113269657
42107,84,0.0006373460448499652
42107,85,0.0007046766610225082
42107,86,0.0006801592685988346
42107,87,0.0005297882226539097
42107,88,0.00041625489697965853
42107,89,0.0003365783782667744
42107,90,0.0002604128361172993
42107,91,0.00018910348543994191
42107,92,0.00013119706255917786
42107,93,9.290054965556716e-05
42107,94,6.821516659846797e-05
42107,95,5.027946517969276e-05
42107,96,3.8627821663562115e-05
42107,97,3.296076990703417e-05
42107,98,2.861306172390923e-05
42107,99,2.640298082688428e-05
42107,100,2.5951605753068565e-05
42107,101,2.8645118674377597e-05
42107,102,3.0548269973853094e-05
42107,103,3.870004268375856e-05
42107,104,5.076564810177441e-05
42107,105,6.095710819910134e-05
42107,106,6.896505892407208e-05
42107,107,7.375967834242127e-05
42107,108,7.334798634225658e-05
42107,109,7.167480060767655e-05
42107,110,8.386276361633285e-05
42107,111,8.740741244875539e-05
42107,112,8.401666434714718e-05
42107,113,7.481060770227468e-05
42107,114,6.876772955416335e-05
42107,115,6.599433583053527e-05
42107,116,6.247364465027928e-05
42107,117,6.708244620278383e-05
42107,118,6.9262977090432e-05
42107,119,6.698574493643927e-05
42107,120,6.652171749807679e-05
42107,121,8.513764113301485e-05
42107,122,0.00010520136716629014
42107,123,0.00013487787703385672
42107,124,0.00018158238784846324
42107,125,0.00021229609747921077
42107,126,0.00020424334815084523
42107,127,0.00022484064023088325
42107,128,0.0002346776061200269
42107,129,0.00026981653390942327
42107,130,0.00039036989739450186
42107,131,0.0005055719764143635
42107,132,0.0005943793716355482
42107,133,0.0011369860453326228
42107,134,0.0018711922743743451
42107,135,0.0018120479060387373
42107,136,0.0014270064951464885
42107,137,0.00124862710346776
42107,138,0.00132878856933896
42107,139,0.001718197675533274
42107,140,0.0031965023124494634
42107,141,0.006832682015412573
42107,142,0.00744611002347636
42107,143,0.0064942971202241045
42107,144,0.006457634284986428
42107,145,0.006696653996071269
42107,146,0.006146818957081908
42107,147,0.00545339386879525
42107,148,0.004988754043251146
42107,149,0.00472612752278502
42107,150,0.004377039950868232
42107,151,0.003906375828773993
42107,152,0.0037244600393957685
42107,153,0.0035731478503282467
42107,154,0.0032223879309031286
42107,155,0.002707269603314336
42107,156,0.002321217872858545
42107,157,0.0019814575450544302
42107,158,0.0016978171833790872
42107,159,0.0013314336985051803
42107,160,0.0010280492094671752
42107,161,0.0008058184421235139
42107,162,0.0006355888184977771
42107,163,0.000476135101086681
42107,164,0.0003560384822419819
42107,165,0.00028733180092784693
42107,166,0.00024932348714074975
42107,167,0.00021845683579589545
42107,168,0.0001872065545579377
42107,169,0.00015595515577712156
42107,170,0.0001424141207178822
42107,171,0.0001306044659014078
42107,172,0.00012087657984457538
42107,173,0.00012121403259047705
42107,174,0.00012789629323841666
42107,175,0.00013186103521463336
42107,176,0.00013527606772871883
42107,177,0.00013852082506363844
42107,178,0.0001350098977349381
42107,179,0.0001255195966133294
42107,180,0.0001100190890804109
42107,181,0.00010404158302740506
42107,182,0.00010188620693759342
42107,183,9.549055968473917e-05
42107,184,8.669206746176103e-05
42107,185,7.233778501328968e-05
42107,186,6.563751943880949e-05
42107,187,5.805596265476133e-05
42107,188,5.103309871169619e-05
42107,189,4.4117748456459425e-05
42107,190,3.9458929078997845e-05
42107,191,3.488368621896878e-05
42107,192,3.016855039861602e-05
42107,193,2.948087869551909e-05
42107,194,2.6587232823480697e-05
42107,195,2.5150601226746345e-05
42107,196,2.667251781224421e-05
42107,197,3.099632053253289e-05
42107,198,3.651036919801067e-05
42107,199,5.3489990160838835e-05
42107,200,9.481628944507188e-05
42107,201,0.00011861194392325493
42107,202,0.00012846293324877858
42107,203,0.00013800823907715937
42107,204,0.00012947711302183646
42107,205,0.00011152197068086558
42107,206,9.424515776286422e-05
42107,207,7.578882883416638e-05
42107,208,6.341035074154173e-05
42107,209,5.441439204214907e-05
42107,210,4.329230973881861e-05
42107,211,3.516165011497519e-05
42107,212,2.942861654323525e-05
42107,213,2.869702849114453e-05
42107,214,2.7745154938428515e-05
42107,215,2.4551092056465423e-05
42111,73,0.025828720008041064
42111,74,0.02453343564475729
42111,75,0.022708151417148846
42111,76,0.02191896958270106
42111,77,0.02080831480311248
42111,78,0.019869087911927298
42111,79,0.018348451321985
42111,80,0.017021877760439896
42111,81,0.015488716583081612
42111,82,0.014159603177400275
42111,83,0.012796768846070028
42111,84,0.01147404667827186
42111,85,0.009801439220269988
42111,86,0.008319238144685458
42111,87,0.0070763917350537605
42111,88,0.006080448749364961
42111,89,0.005206674655172369
42111,90,0.004350905384729165
42111,91,0.003568999013499142
42111,92,0.0029315297859051296
42111,93,0.0024164804261119673
42111,94,0.001990543421327807
42111,95,0.0016820306774098033
42111,96,0.0015164440409268342
42111,97,0.0013996869544726934
42111,98,0.0013151546150938402
42111,99,0.0012638214034309259
42111,100,0.0012201677984246496
42111,101,0.0012158581002207148
42111,102,0.001192145642258261
42111,103,0.0011896310589981827
42111,104,0.0012641316408924293
42111,105,0.0014565723562579215
42111,106,0.0017891192727825251
42111,107,0.0019101086262910021
42111,108,0.0020725292229565482
42111,109,0.002308584339281461
42111,110,0.0027545936554801546
42111,111,0.0032848961007446355
42111,112,0.0032564584598279616
42111,113,0.003246762631388299
42111,114,0.0031661923819053597
42111,115,0.002941867858402077
42111,116,0.0028213282861221335
42111,117,0.0029428082413792975
42111,118,0.0030864033686971563
42111,119,0.003063036415276013
42111,120,0.003094611712272095
42111,121,0.003298376310584673
42111,122,0.003441071614514144
42111,123,0.003610555391170677
42111,124,0.003771687642805395
42111,125,0.003783898672124588
42111,126,0.003701857482247304
42111,127,0.0036720980324006255
42111,128,0.003733631415180247
42111,129,0.0036992287630193592
42111,130,0.00344748910551168
42111,131,0.003229951167197634
42111,132,0.002978929128127694
42111,133,0.00262738436773822
42111,134,0.002391013055667465
42111,135,0.002267633007797424
42111,136,0.0022623992135107807
42111,137,0.0022494942721833396
42111,138,0.0027786761420721027
42111,139,0.00443835081087425
42111,140,0.006173246905133332
42111,141,0.0070455035340103766
42111,142,0.007885610561322138
42111,143,0.008105995854942077
42111,144,0.007997733605686933
42111,145,0.008564317314209547
42111,146,0.008838455240589706
42111,147,0.008654959678194105
42111,148,0.008019556077451999
42111,149,0.007453730096208723
42111,150,0.007146660181397219
42111,151,0.006601313111637041
42111,152,0.006178263279131311
42111,153,0.005786616449767963
42111,154,0.005297068694414899
42111,155,0.004718990488812252
42111,156,0.004150045313003864
42111,157,0.0035280769436315546
42111,158,0.002936612890520211
42111,159,0.0023607199602827685
42111,160,0.0019656411850112673
42111,161,0.0015911082136526849
42111,162,0.0012492303510781982
42111,163,0.0010330124975386783
42111,164,0.0008955565631128955
42111,165,0.0007123141636085474
42111,166,0.000589858413708947
42111,167,0.0005274352268973177
42111,168,0.0004952055967908226
42111,169,0.0004663070850511691
42111,170,0.00044121705527128916
42111,171,0.0004223360266848663
42111,172,0.00038560349614860526
42111,173,0.0003930461041613762
42111,174,0.0004295659358044225
42111,175,0.0004813940588395147
42111,176,0.0005443438352841718
42111,177,0.0006060675379776679
42111,178,0.000665871238555127
42111,179,0.0007506377197285291
42111,180,0.0008720957911267906
42111,181,0.0009327490152312519
42111,182,0.0009347161779742002
42111,183,0.0008097600287734248
42111,184,0.0006550433266463257
42111,185,0.0005677084889959295
42111,186,0.00047390446446386194
42111,187,0.00037302573065709264
42111,188,0.0003098475147773453
42111,189,0.0002683785317331406
42111,190,0.0002436982803874664
42111,191,0.00023473936537086272
42111,192,0.0002210812424206907
42111,193,0.00021521053881035253
42111,194,0.00021576775614361277
42111,195,0.00020289329074917118
42111,196,0.00019207916752385623
42111,197,0.00018928709701561338
42111,198,0.0002067340843217905
42111,199,0.0002448918973037935
42111,200,0.00031065496724356063
42111,201,0.0003547656713730607
42111,202,0.00036941347461393975
42111,203,0.0003777220613823248
42111,204,0.0003475719518198622
42111,205,0.0003088266844084797
42111,206,0.0002583813949473279
42111,207,0.00020596136627535038
42111,208,0.00016388908426977772
42111,209,0.0001412423903954858
42111,210,0.00012958638970380943
42111,211,0.0001236109121042914
42111,212,0.00010669568578944813
42111,213,9.307515766179943e-05
42111,214,8.569954074873219e-05
42111,215,7.669261346775548e-05
42117,73,0.00017628236508274744
42117,74,0.0003354631190592534
42117,75,0.0006991971128715352
42117,76,0.0011047979357629379
42117,77,0.0014497020855203863
42117,78,0.001659194076298219
42117,79,0.002274643631219737
42117,80,0.003515837779285348
42117,81,0.004885855432855429
42117,82,0.006980816142887234
42117,83,0.007990476430951339
42117,84,0.008108994250415903
42117,85,0.00880200540949506
42117,86,0.008492280090884742
42117,87,0.007329759409049757
42117,88,0.006236789621967358
42117,89,0.005159962833927344
42117,90,0.004141734190903614
42117,91,0.0031394990830262565
42117,92,0.0024219472496320375
42117,93,0.0019118386937337175
42117,94,0.0015939023661414703
42117,95,0.0013979753404128306
42117,96,0.0012133313234704048
42117,97,0.0010441737923136104
42117,98,0.0009154689907123945
42117,99,0.000855740280876203
42117,100,0.0008531904495909992
42117,101,0.0008531003305650858
42117,102,0.0008900540486461124
42117,103,0.0009077947370087874
42117,104,0.0009342722768587186
42117,105,0.0009689733995203168
42117,106,0.001091665730053587
42117,107,0.0017933333122815962
42117,108,0.003523822778129244
42117,109,0.005930801744574654
42117,110,0.00939420855744665
42117,111,0.01459988703194645
42117,112,0.016789086957433648
42117,113,0.019763182421790763
42117,114,0.02434572101024458
42117,115,0.022006741976864853
42117,116,0.01920079221185817
42117,117,0.017951866308923158
42117,118,0.01790453316390341
42117,119,0.01701114062024326
42117,120,0.015672588825031253
42117,121,0.014258611687873339
42117,122,0.012980871514031366
42117,123,0.01214078938429291
42117,124,0.011174493945209751
42117,125,0.010200295854440745
42117,126,0.009044603793671708
42117,127,0.008538219279347404
42117,128,0.008467978188938751
42117,129,0.008580587606983159
42117,130,0.00862844048395333
42117,131,0.008596023978686395
42117,132,0.008651795419384961
42117,133,0.00772031777485951
42117,134,0.006635324257566213
42117,135,0.005665784790972849
42117,136,0.00469626210046802
42117,137,0.004269065207181148
42117,138,0.004280962762389318
42117,139,0.003970633084161789
42117,140,0.0036558887320425754
42117,141,0.00388488044996445
42117,142,0.004500864262743348
42117,143,0.005352410986722635
42117,144,0.006207782683300447
42117,145,0.00622799151224482
42117,146,0.006309950838863745
42117,147,0.00673111344388912
42117,148,0.006912901849779168
42117,149,0.006747961817260414
42117,150,0.0067363147037439565
42117,151,0.006438863426988052
42117,152,0.005970599667218308
42117,153,0.005432096742504136
42117,154,0.004968173603898554
42117,155,0.004463754762153665
42117,156,0.003939092126493317
42117,157,0.0032503144946452673
42117,158,0.0025495563169088404
42117,159,0.0020552652483526463
42117,160,0.0016887106948863082
42117,161,0.001405651434369929
42117,162,0.001159505827187046
42117,163,0.0009646563369071891
42117,164,0.0008881652443392309
42117,165,0.0007950035503812181
42117,166,0.0007373550038813637
42117,167,0.0006833433585494207
42117,168,0.0006527339054398742
42117,169,0.000647868429642105
42117,170,0.0006249685651574157
42117,171,0.0006132582518355228
42117,172,0.0005916314341235211
42117,173,0.0005574475811493622
42117,174,0.0005434371248990665
42117,175,0.0005199905352366112
42117,176,0.0005421962061412138
42117,177,0.0005387438808938422
42117,178,0.0005002673770139146
42117,179,0.0004746654793779186
42117,180,0.0005818100467806973
42117,181,0.0007310356144000561
42117,182,0.000794486169821822
42117,183,0.000698064730942582
42117,184,0.0006028468445344051
42117,185,0.0005679523270098834
42117,186,0.0005459026675456919
42117,187,0.0004833846520178638
42117,188,0.00043846378609883825
42117,189,0.0004070268901047917
42117,190,0.00041731566884383164
42117,191,0.0004142220214142444
42117,192,0.0004081668186566975
42117,193,0.0004101252121133266
42117,194,0.00042386642315503506
42117,195,0.00042180353819924716
42117,196,0.0004250307454344963
42117,197,0.00041073435864523536
42117,198,0.000416315027942689
42117,199,0.00041972278247106096
42117,200,0.00046414839011256736
42117,201,0.0005292243272586004
42117,202,0.0005801783025015601
42117,203,0.000621237217654125
42117,204,0.0005867504399217699
42117,205,0.0005244704951601047
42117,206,0.0004676501144190672
42117,207,0.0003807404582329962
42117,208,0.0002920851791817385
42117,209,0.00024764334677290176
42117,210,0.00020303203148617268
42117,211,0.00017291752682367455
42117,212,0.00015124585036328908
42117,213,0.00012710536137465687
42117,214,0.00010583509648993733
42117,215,8.816589369770447e-05
42123,73,0.1075033423790144
42123,74,0.12930433854953852
42123,75,0.13641859012086613
42123,76,0.14558300713256997
42123,77,0.14164877757424688
42123,78,0.1315852258623432
42123,79,0.11866523046643869
42123,80,0.10652985571817832
42123,81,0.09476622192890333
42123,82,0.08528332330389847
42123,83,0.07716803725992581
42123,84,0.07071763147772742
42123,85,0.06266279507224674
42123,86,0.056270655046130755
42123,87,0.049215076718900665
42123,88,0.04430977876066241
42123,89,0.039082530997190466
42123,90,0.03368407689496142
42123,91,0.030526233537585223
42123,92,0.028935436587050594
42123,93,0.027348575076709073
42123,94,0.025174394247350976
42123,95,0.024256225595216306
42123,96,0.02467849121058723
42123,97,0.0251836205213584
42123,98,0.024907289837140627
42123,99,0.025605536848021217
42123,100,0.02628694007791397
42123,101,0.026317260765315542
42123,102,0.026339623960186114
42123,103,0.0260021509811578
42123,104,0.02554505947278248
42123,105,0.024545340704289386
42123,106,0.024414668206399037
42123,107,0.024881338439630345
42123,108,0.024384568820615318
42123,109,0.02393981364887736
42123,110,0.02375902280640531
42123,111,0.023936907966521065
42123,112,0.02529106532782891
42123,113,0.02722016516563445
42123,114,0.02852259480200874
42123,115,0.029313381017327698
42123,116,0.031909296789864934
42123,117,0.03308774374546296
42123,118,0.033835656404714906
42123,119,0.035550459542896796
42123,120,0.0373868440834905
42123,121,0.03895641778565366
42123,122,0.038447817436903654
42123,123,0.037322543332633795
42123,124,0.03613605855920259
42123,125,0.03479526493193655
42123,126,0.03358247481525879
42123,127,0.03132643783053688
42123,128,0.029996984949114402
42123,129,0.028556155620247686
42123,130,0.025315023217947735
42123,131,0.022436089071311154
42123,132,0.02064116904366018
42123,133,0.01861983039799962
42123,134,0.01631889990046713
42123,135,0.014339437849956645
42123,136,0.012824910819567704
42123,137,0.011555290216649305
42123,138,0.010674327986372856
42123,139,0.010369644890319257
42123,140,0.010017447137034004
42123,141,0.010024332203927934
42123,142,0.00950230376627493
42123,143,0.00910153480004624
42123,144,0.008938522554334227
42123,145,0.008578330397491467
42123,146,0.008537491087171632
42123,147,0.008716944149264837
42123,148,0.008812545011098722
42123,149,0.008592885370583142
42123,150,0.008375557666677415
42123,151,0.008421323622695502
42123,152,0.008299506783529661
42123,153,0.008126261887206212
42123,154,0.008244946170829872
42123,155,0.007763350667204275
42123,156,0.00721963235397305
42123,157,0.0065027451198358364
42123,158,0.005715049050131353
42123,159,0.004962672801368264
42123,160,0.004114901345708407
42123,161,0.0034173820740862042
42123,162,0.0029247021107437895
42123,163,0.0024528565275551495
42123,164,0.001953720060187219
42123,165,0.0016282459097741472
42123,166,0.0014368851178559764
42123,167,0.0012996520875360393
42123,168,0.0012636190411886062
42123,169,0.0013221847235975021
42123,170,0.0014214393471978157
42123,171,0.0015141680970805133
42123,172,0.0016997113697391785
42123,173,0.0018791068559390178
42123,174,0.0019885558708392687
42123,175,0.0020798426497569767
42123,176,0.0021030628908293926
42123,177,0.0021971347329868174
42123,178,0.0023279288859411437
42123,179,0.0024007725005105473
42123,180,0.002432019850996356
42123,181,0.002274598975490288
42123,182,0.001987949244662642
42123,183,0.0016810318172162755
42123,184,0.0015068687957791036
42123,185,0.001349013375403827
42123,186,0.0011816742722913335
42123,187,0.0010001503844108664
42123,188,0.000870978130735795
42123,189,0.0007892135330506551
42123,190,0.0007467326189285879
42123,191,0.0007566087133885628
42123,192,0.0007277778390781832
42123,193,0.000664624204468158
42123,194,0.0006473115674164347
42123,195,0.0006690414280283336
42123,196,0.000654750345318357
42123,197,0.0006651338342082658
42123,198,0.000671434382356144
42123,199,0.0006900580178437453
42123,200,0.0007362996709706319
42123,201,0.0008400551232846092
42123,202,0.0009110038748022343
42123,203,0.000903335125855142
42123,204,0.0008949758923765195
42123,205,0.0008701210529095982
42123,206,0.0007899172724612359
42123,207,0.0006786144896745127
42123,208,0.0005772612132304981
42123,209,0.0005111188363454179
42123,210,0.00044448529195634256
42123,211,0.0003624107453999192
42123,212,0.00030042634592519334
42123,213,0.00023591510496777217
42123,214,0.00019816106845866495
42123,215,0.00015946659967676276
54001,73,0.025724880587248266
54001,74,0.02412684082919186
54001,75,0.022856065004862446
54001,76,0.022084394536531472
54001,77,0.020794513497423693
54001,78,0.019580209899478302
54001,79,0.018687319997277577
54001,80,0.017711626116214955
54001,81,0.01573756837394901
54001,82,0.013777701196293663
54001,83,0.012386690046100116
54001,84,0.010725669899985356
54001,85,0.009166608446044167
54001,86,0.007759349205683117
54001,87,0.00652124825433586
54001,88,0.005396217883664832
54001,89,0.004159444402205044
54001,90,0.003183272878385327
54001,91,0.0024739578582159832
54001,92,0.0019723468124095748
54001,93,0.0015115528771940114
54001,94,0.0012030537480286628
54001,95,0.000996631171459054
54001,96,0.0008630614899388484
54001,97,0.0007705286353783258
54001,98,0.0007215291192452419
54001,99,0.0007036391742286992
54001,100,0.0006787340954052799
54001,101,0.0006626564356275235
54001,102,0.000719048560674887
54001,103,0.0010850023578093564
54001,104,0.0018187698493215805
54001,105,0.0021770801195427976
54001,106,0.0021914929240388647
54001,107,0.0026423583207182463
54001,108,0.0036712851153704595
54001,109,0.004650939548388315
54001,110,0.005840392301261747
54001,111,0.006217703212178155
54001,112,0.006614695104799407
54001,113,0.007014242046704679
54001,114,0.007039209399241897
54001,115,0.007637284246411278
54001,116,0.009250753480350619
54001,117,0.016536336058029257
54001,118,0.01933907777795633
54001,119,0.0182875021270836
54001,120,0.01727215507117385
54001,121,0.01638384365014202
54001,122,0.016388418986593427
54001,123,0.015985014360678722
54001,124,0.01470562107082657
54001,125,0.014273392366596136
54001,126,0.013777985086058748
54001,127,0.013876615313395225
54001,128,0.013993839905370255
54001,129,0.013721293892566445
54001,130,0.012852095773555894
54001,131,0.011338966865912245
54001,132,0.009781470376100705
54001,133,0.008118169249421457
54001,134,0.006927142332102647
54001,135,0.005930716659660576
54001,136,0.005192030195769389
54001,137,0.005002430192617358
54001,138,0.005611815078114046
54001,139,0.007164118939391564
54001,140,0.009090665670613706
54001,141,0.010303271525347754
54001,142,0.011720704116863542
54001,143,0.012242737957915027
54001,144,0.013377584633516936
54001,145,0.01253668773686422
54001,146,0.011641863370386567
54001,147,0.01147941306003899
54001,148,0.01096496429181949
54001,149,0.01030864804878573
54001,150,0.009891034526983105
54001,151,0.009503882617547756
54001,152,0.00918889775542108
54001,153,0.009012914264923495
54001,154,0.008714648170896707
54001,155,0.008873884055168401
54001,156,0.008872753814203839
54001,157,0.008864539652338589
54001,158,0.008928408025897115
54001,159,0.008036872642983493
54001,160,0.006902928955033297
54001,161,0.005613199383577247
54001,162,0.004488375709283173
54001,163,0.0035262769249192905
54001,164,0.0028531430769052958
54001,165,0.002227947162650496
54001,166,0.0017018830444802497
54001,167,0.0013578735751279174
54001,168,0.0011961275581688245
54001,169,0.0010631015206126484
54001,170,0.000966636411512879
54001,171,0.0008915754050971975
54001,172,0.0008792091839823877
54001,173,0.0008385014422784715
54001,174,0.0008358289259860059
54001,175,0.0008832212407805914
54001,176,0.0009265787937127483
54001,177,0.0009205778405242675
54001,178,0.0009064087382575693
54001,179,0.0009084312214483073
54001,180,0.0009953935715795368
54001,181,0.0010219498481388344
54001,182,0.0010358449696244929
54001,183,0.000903304499521483
54001,184,0.0007611073085502023
54001,185,0.0006806939259529186
54001,186,0.0005979834101541609
54001,187,0.0004968810378030763
54001,188,0.0003779717411683298
54001,189,0.0003122901427554785
54001,190,0.00025500712499208474
54001,191,0.00019280925389321768
54001,192,0.0001525872697730343
54001,193,0.00013701164152659439
54001,194,0.00012765912797622588
54001,195,0.0001431017633611644
54001,196,0.0001574836177478973
54001,197,0.00018081894893071752
54001,198,0.000213075133552962
54001,199,0.0002612138804793727
54001,200,0.00043002812086637984
54001,201,0.0005193440747641151
54001,202,0.0004992151473726177
54001,203,0.00047940602038284725
54001,204,0.0004421923840905239
54001,205,0.00039641700597263144
54001,206,0.0003756637062074413
54001,207,0.0003509698051396637
54001,208,0.00028677142773803527
54001,209,0.000245334913343314
54001,210,0.00021705732939255912
54001,211,0.00017771410452900447
54001,212,0.00017992161284979076
54001,213,0.00016422048945178647
54001,214,0.00014930984012114336
54001,215,0.00013179466582320998
54003,73,0.00038301393617960695
54003,74,0.000430749251347829
54003,75,0.0005310912250637507
54003,76,0.0004924643697178621
54003,77,0.0005436147607599286
54003,78,0.0006150769108208825
54003,79,0.0006234273930642561
54003,80,0.0005822002787902292
54003,81,0.0005417153768738959
54003,82,0.0004930776021287049
54003,83,0.00043025516604606285
54003,84,0.0003645949921075226
54003,85,0.00032796292206275753
54003,86,0.00028589187119343426
54003,87,0.00022134938467366363
54003,88,0.00017996632745239963
54003,89,0.00015978699210687154
54003,90,0.00014271359188647054
54003,91,0.0001238352819069465
54003,92,9.450544154746049e-05
54003,93,7.512189614469482e-05
54003,94,6.001390140397519e-05
54003,95,4.69946986175107e-05
54003,96,3.634848302389382e-05
54003,97,3.0223957449212844e-05
54003,98,2.4572272562063432e-05
54003,99,2.1512739658645313e-05
54003,100,1.9748904016552634e-05
54003,101,1.9448521192620804e-05
54003,102,2.169736141041694e-05
54003,103,2.754703951867383e-05
54003,104,3.825112769318309e-05
54003,105,4.8605557944722135e-05
54003,106,5.343583180247515e-05
54003,107,5.847056683334985e-05
54003,108,6.253703068899113e-05
54003,109,6.37836916831693e-05
54003,110,6.095520336042321e-05
54003,111,5.586721983139012e-05
54003,112,5.4221788176306964e-05
54003,113,5.2896301071021144e-05
54003,114,4.671695476966677e-05
54003,115,4.056320652311486e-05
54003,116,3.489461966905368e-05
54003,117,3.187419880923675e-05
54003,118,2.9807600080681622e-05
54003,119,2.7385272515753717e-05
54003,120,2.7574590601003596e-05
54003,121,3.344099796952233e-05
54003,122,4.673033741531594e-05
54003,123,4.4603502755366106e-05
54003,124,4.33327814861068e-05
54003,125,5.055750965632506e-05
54003,126,5.326372510209391e-05
54003,127,5.5569815384851255e-05
54003,128,5.046722612997319e-05
54003,129,4.2650944688140594e-05
54003,130,4.0105246588327234e-05
54003,131,4.594628757750622e-05
54003,132,3.999292459344035e-05
54003,133,3.36397426721517e-05
54003,134,3.667010797350286e-05
54003,135,3.5696103303428005e-05
54003,136,3.53024756585727e-05
54003,137,0.00020281211614043085
54003,138,0.0011819878185270593
54003,139,0.002943380874526399
54003,140,0.0040621515261644895
54003,141,0.0038128570626919105
54003,142,0.0038238132634738665
54003,143,0.003895963074979096
54003,144,0.003789907497237329
54003,145,0.0034054476036446965
54003,146,0.002944533226201589
54003,147,0.0026498721823974168
54003,148,0.0024402207428464036
54003,149,0.002233563597752857
54003,150,0.0019526531319543556
54003,151,0.0017444845461694301
54003,152,0.0015222145085757506
54003,153,0.001387996754770858
54003,154,0.001242347375180303
54003,155,0.0011262690978292946
54003,156,0.0009919771651289476
54003,157,0.0008425105505886866
54003,158,0.0007503021068560479
54003,159,0.0006963592361227655
54003,160,0.0006031182508365623
54003,161,0.0004907566207792039
54003,162,0.00040429347571542643
54003,163,0.0003295869776606743
54003,164,0.0002614878305564094
54003,165,0.00019541627450247613
54003,166,0.00015084395607529254
54003,167,0.00012399927775824158
54003,168,0.00010511082677925242
54003,169,9.012761613324758e-05
54003,170,7.675779427278682e-05
54003,171,7.312726614390325e-05
54003,172,7.011041638209901e-05
54003,173,6.567147998785143e-05
54003,174,6.572316714775708e-05
54003,175,7.706208320141623e-05
54003,176,0.0001041188373200449
54003,177,0.00012597449492559112
54003,178,0.0001165342394508505
54003,179,0.00011143437020858977
54003,180,0.00010543688985892642
54003,181,0.00010630602365973378
54003,182,0.00010513316857409506
54003,183,0.0001011644160697725
54003,184,0.00010104255682179345
54003,185,0.0001016268992671498
54003,186,9.543793705486471e-05
54003,187,7.993439825250995e-05
54003,188,6.615614590921598e-05
54003,189,5.473772846062988e-05
54003,190,4.4073878507916996e-05
54003,191,3.471940503093727e-05
54003,192,2.8364630607618805e-05
54003,193,2.3361485718280784e-05
54003,194,1.9715289507162042e-05
54003,195,1.7154034417772945e-05
54003,196,1.6886646950691028e-05
54003,197,1.9535848375733026e-05
54003,198,2.3441302049139557e-05
54003,199,3.4392176868917934e-05
54003,200,6.0421154881210765e-05
54003,201,7.310085100793277e-05
54003,202,7.152583055829287e-05
54003,203,6.416262050571699e-05
54003,204,5.318771795637727e-05
54003,205,4.791690329378443e-05
54003,206,4.404629916501635e-05
54003,207,4.2412235570826165e-05
54003,208,3.796446470282851e-05
54003,209,3.431258481262414e-05
54003,210,3.359968765621752e-05
54003,211,3.048513361887083e-05
54003,212,2.603034526268638e-05
54003,213,2.1616228628072187e-05
54003,214,2.0191536484767144e-05
54003,215,1.691611561005119e-05
54005,73,0.0006026172695647738
54005,74,0.0005820691604526589
54005,75,0.0005955609554476617
54005,76,0.0006041874035805267
54005,77,0.0006700546028290027
54005,78,0.0007526273139990018
54005,79,0.0007994371495825919
54005,80,0.0008762774486233802
54005,81,0.0010278504906599704
54005,82,0.0010689656075037993
54005,83,0.0010986442148060924
54005,84,0.0010593656867316495
54005,85,0.001043932100131636
54005,86,0.0009950991032900444
54005,87,0.0008176028493496543
54005,88,0.0006310192188569609
54005,89,0.0005078640127347187
54005,90,0.00043439386416887593
54005,91,0.0003615951329209831
54005,92,0.00030402596177735934
54005,93,0.00026597820184496624
54005,94,0.00023480474982690626
54005,95,0.0002243042639662803
54005,96,0.00021411962974114085
54005,97,0.0002236357465795022
54005,98,0.00024776700320361926
54005,99,0.00032372004391313403
54005,100,0.0004039499154329432
54005,101,0.0005179186734805744
54005,102,0.0006820895485051212
54005,103,0.0008887860382268417
54005,104,0.0011452421345760776
54005,105,0.0013565931442504197
54005,106,0.001476643132622013
54005,107,0.001954652647433706
54005,108,0.0026085137271479966
54005,109,0.0032021718718776883
54005,110,0.004171779963393537
54005,111,0.005470037740206917
54005,112,0.0061930039729925675
54005,113,0.005950203367464641
54005,114,0.005895269089576082
54005,115,0.00635107498948036
54005,116,0.0059458319908851295
54005,117,0.005406497132156054
54005,118,0.005152903386420326
54005,119,0.005227794435313525
54005,120,0.005467950643033393
54005,121,0.005006422445051192
54005,122,0.004427626468131408
54005,123,0.004256154603336187
54005,124,0.005134259031376694
54005,125,0.007710103374234304
54005,126,0.010934855206094374
54005,127,0.011905738128220494
54005,128,0.011271845395461038
54005,129,0.010300889596437083
54005,130,0.009659106363005888
54005,131,0.009867547961568135
54005,132,0.009687010736996146
54005,133,0.009766294164262545
54005,134,0.010430528065051412
54005,135,0.010683481238845475
54005,136,0.01147666713902724
54005,137,0.011273219029105584
54005,138,0.01349356496322198
54005,139,0.013811399367829078
54005,140,0.014310641809894253
54005,141,0.015734288913478774
54005,142,0.016904335578131677
54005,143,0.016405724501201726
54005,144,0.016791986344204264
54005,145,0.016948861989252356
54005,146,0.01763617388966987
54005,147,0.019265688639291234
54005,148,0.019332855722613597
54005,149,0.01980049665879867
54005,150,0.01984828168562639
54005,151,0.02027250934920546
54005,152,0.0211229266377146
54005,153,0.0210082689335886
54005,154,0.019760261474795444
54005,155,0.01759927735900598
54005,156,0.01627630340965336
54005,157,0.014726395026930416
54005,158,0.013275219581167922
54005,159,0.011182872689411982
54005,160,0.009480555200427196
54005,161,0.00820544960197412
54005,162,0.006703192543143717
54005,163,0.0054804537916760725
54005,164,0.004543626346663275
54005,165,0.0037711637549078217
54005,166,0.0032404720200931987
54005,167,0.0026395690921656376
54005,168,0.0022777032249273127
54005,169,0.0018641965511745275
54005,170,0.0015524380914037456
54005,171,0.0014494483976429456
54005,172,0.0013817552802947652
54005,173,0.001296566304362624
54005,174,0.0012922516963353905
54005,175,0.0013994537586376342
54005,176,0.0016884707286863288
54005,177,0.0021068838959795717
54005,178,0.00232602354870837
54005,179,0.0024876040633150655
54005,180,0.002571000190956142
54005,181,0.002547258394816454
54005,182,0.002350449820325404
54005,183,0.001937367814126294
54005,184,0.0016436034789914517
54005,185,0.0014717193559699996
54005,186,0.0013019316870690409
54005,187,0.0010215528999592395
54005,188,0.0008074923522511501
54005,189,0.0007140824333313986
54005,190,0.0006831873284639717
54005,191,0.0006205676034557804
54005,192,0.0005241900401006553
54005,193,0.00040039356440704115
54005,194,0.0003376391271040883
54005,195,0.0003223535086840911
54005,196,0.00029947205133734687
54005,197,0.0002780755644247634
54005,198,0.0003058827315571676
54005,199,0.0003377698140436695
54005,200,0.0004317974673971443
54005,201,0.000607328441423904
54005,202,0.0006051272983640596
54005,203,0.0006270171771345527
54005,204,0.00062511523610861
54005,205,0.0005937045857298399
54005,206,0.0005495255081854837
54005,207,0.0004937730651044845
54005,208,0.0004652874547683601
54005,209,0.00034068445343174745
54005,210,0.00031648332009824386
54005,211,0.00027332028401779655
54005,212,0.00018854564429245045
54005,213,0.00014596432014652125
54005,214,0.0001173897621851037
54005,215,0.00011651804279767874
54011,73,0.0021809537050867397
54011,74,0.002084395666391221
54011,75,0.00123784292894954
54011,76,0.0006708034670900271
54011,77,0.0006345022153006307
54011,78,0.0006087207585541239
54011,79,0.0005917821938037079
54011,80,0.0005453632025216409
54011,81,0.0005594393165262899
54011,82,0.0005517381070559066
54011,83,0.0004915724390327811
54011,84,0.00044881116268225945
54011,85,0.00038799533676516944
54011,86,0.0003543223994327325
54011,87,0.0002966525893589183
54011,88,0.00024232304294528447
54011,89,0.0001867059150372909
54011,90,0.0001501116546027955
54011,91,0.00013096955430391872
54011,92,0.00011066634451985791
54011,93,8.788189172680485e-05
54011,94,8.42416529203108e-05
54011,95,7.916739186735327e-05
54011,96,7.219869613746416e-05
54011,97,6.40430357107547e-05
54011,98,5.204169890369161e-05
54011,99,5.333631522582354e-05
54011,100,5.1527799215192395e-05
54011,101,5.044451553684729e-05
54011,102,6.075282021921334e-05
54011,103,6.831992906562105e-05
54011,104,8.301383178032475e-05
54011,105,0.00012298174243218006
54011,106,0.00023816492220489976
54011,107,0.0004758241051033579
54011,108,0.0008727722801876775
54011,109,0.0014633819602716412
54011,110,0.0021038239328661627
54011,111,0.00239696093865293
54011,112,0.0024087094550995433
54011,113,0.0024636743454572595
54011,114,0.0025547153602023765
54011,115,0.0026256026869278036
54011,116,0.0024623520953982493
54011,117,0.0021079427025115457
54011,118,0.0019230844776724795
54011,119,0.0019960331302013683
54011,120,0.0019049170463247428
54011,121,0.0016099781428592027
54011,122,0.001417442701226975
54011,123,0.0013866471790945807
54011,124,0.001639689707805954
54011,125,0.002434681520015968
54011,126,0.002598584428661317
54011,127,0.0024281123922133647
54011,128,0.0026501270448413715
54011,129,0.003252926290571721
54011,130,0.003756004871223916
54011,131,0.0036494457770936146
54011,132,0.0033703821876215345
54011,133,0.002977458489703818
54011,134,0.0027599247895776402
54011,135,0.0027733469949921047
54011,136,0.0027438455372742784
54011,137,0.0028611473790400425
54011,138,0.003257538309425453
54011,139,0.003215545739937019
54011,140,0.0030830130569828498
54011,141,0.0030348905259744152
54011,142,0.0028056872071239116
54011,143,0.00249504247346199
54011,144,0.0022818034651699583
54011,145,0.002027203321322112
54011,146,0.001881083010023342
54011,147,0.0018216343180575646
54011,148,0.0017418105241353177
54011,149,0.0017179023413719378
54011,150,0.0017213281477783024
54011,151,0.0017410270139055811
54011,152,0.0018120525891609125
54011,153,0.0018828050493581974
54011,154,0.0018706885150560014
54011,155,0.0016798912144658587
54011,156,0.0014822583424427345
54011,157,0.00134287012713606
54011,158,0.0012475061349219105
54011,159,0.001125562966186979
54011,160,0.0009576658226047516
54011,161,0.0008579862277395472
54011,162,0.0007746989663018526
54011,163,0.0006905995232934732
54011,164,0.000587516988775967
54011,165,0.0004924478709586288
54011,166,0.000402981511537779
54011,167,0.00033088482381444145
54011,168,0.000285590815902938
54011,169,0.0002388392188827394
54011,170,0.00019935001192386198
54011,171,0.0001764094511480886
54011,172,0.000161832468259261
54011,173,0.00016734730258046089
54011,174,0.00019511448784539275
54011,175,0.00028357774691919167
54011,176,0.0003872333606378321
54011,177,0.0004961260792679731
54011,178,0.0005644260368107786
54011,179,0.0006038319917109456
54011,180,0.0006061187495270217
54011,181,0.0005954043752448232
54011,182,0.0005497030770442844
54011,183,0.00047915056842910415
54011,184,0.0004221392757493295
54011,185,0.00036011693334476894
54011,186,0.00030094508602054756
54011,187,0.0002622053332257436
54011,188,0.00022924630460704673
54011,189,0.00020057199913157614
54011,190,0.00016185297616130008
54011,191,0.00013306998783974618
54011,192,0.00012231700505892126
54011,193,0.00010675049483315467
54011,194,9.59393546661139e-05
54011,195,9.97605246505831e-05
54011,196,0.00011034305410463452
54011,197,0.00013332088036910783
54011,198,0.00016720685180081173
54011,199,0.00023015977620185446
54011,200,0.00029793029527205715
54011,201,0.00033468201330974506
54011,202,0.0003658619896512486
54011,203,0.0003768005025098011
54011,204,0.0003616281946563922
54011,205,0.0003513667183999383
54011,206,0.00033628148671479473
54011,207,0.00032897891872320093
54011,208,0.0003079302865336965
54011,209,0.00028027336033019216
54011,210,0.0002619187916862828
54011,211,0.00024449699501724235
54011,212,0.00020102905938598235
54011,213,0.00018071157863583625
54011,214,0.00016091207718398298
54011,215,0.0001472627991998825
54017,73,0.027487328824347547
54017,74,0.026091312981877047
54017,75,0.026908245028994488
54017,76,0.02592197852163555
54017,77,0.024791563623065956
54017,78,0.024570656915012916
54017,79,0.02467173409555837
54017,80,0.024444309806139253
54017,81,0.023924949187607153
54017,82,0.022493772706026358
54017,83,0.02116082852077342
54017,84,0.01878467497134868
54017,85,0.01648400560745638
54017,86,0.015541292409538865
54017,87,0.013955683778750113
54017,88,0.011873006265140332
54017,89,0.009495423737963976
54017,90,0.007639545167320136
54017,91,0.006251214854232027
54017,92,0.00530388718717754
54017,93,0.004580786166331068
54017,94,0.0039264281042964335
54017,95,0.003501012255771462
54017,96,0.0032166387079414333
54017,97,0.0029952965756285944
54017,98,0.0028645717826007062
54017,99,0.0027849828485375814
54017,100,0.002883235451801602
54017,101,0.002850733682417757
54017,102,0.002843313973592243
54017,103,0.002979622663496732
54017,104,0.003087191663517324
54017,105,0.003473891076545586
54017,106,0.0038809912748767796
54017,107,0.004475903493924457
54017,108,0.005414123734526212
54017,109,0.007172744077453431
54017,110,0.009139273212260261
54017,111,0.009496873202990929
54017,112,0.009997489573030599
54017,113,0.010273131390337795
54017,114,0.010438677070579324
54017,115,0.009813029549121386
54017,116,0.008868722189921264
54017,117,0.008141510023822376
54017,118,0.007417096331419207
54017,119,0.006799426597681786
54017,120,0.0065956321129048605
54017,121,0.006641343506571215
54017,122,0.006201637842627234
54017,123,0.005667562118007365
54017,124,0.005362694748794671
54017,125,0.005827451025131704
54017,126,0.007972595120005501
54017,127,0.009964593236334758
54017,128,0.011107186182340072
54017,129,0.011181917736193812
54017,130,0.012141916161481756
54017,131,0.012254634828640476
54017,132,0.012899258522522326
54017,133,0.012511224347274617
54017,134,0.012537771140296465
54017,135,0.01293485118418657
54017,136,0.015091582885229509
54017,137,0.01838920782221752
54017,138,0.02488402887121328
54017,139,0.035403640607553154
54017,140,0.04917101243583264
54017,141,0.07179950527970066
54017,142,0.09163715038842273
54017,143,0.09059780259336371
54017,144,0.08438804502457517
54017,145,0.08431388207238703
54017,146,0.08196218203783692
54017,147,0.07724480284114217
54017,148,0.07513115227246545
54017,149,0.07546171474416688
54017,150,0.07641084470222438
54017,151,0.07720206591862497
54017,152,0.08087823787268068
54017,153,0.08481678829367474
54017,154,0.0845315970526836
54017,155,0.07747155013342714
54017,156,0.07611858514764519
54017,157,0.07134445794910003
54017,158,0.06362879535030368
54017,159,0.050054357463558914
54017,160,0.042260018263368324
54017,161,0.03711550689042054
54017,162,0.032596551378058586
54017,163,0.027226211265039112
54017,164,0.02381392628757899
54017,165,0.02143628122350728
54017,166,0.01892544592449762
54017,167,0.017359044118392765
54017,168,0.016526560256401902
54017,169,0.015757665527925256
54017,170,0.015000478269373556
54017,171,0.014578170829401549
54017,172,0.014065167172197314
54017,173,0.013833640014930662
54017,174,0.013918567659858655
54017,175,0.013905810784796257
54017,176,0.014801100056131174
54017,177,0.014793761217419307
54017,178,0.013815509616639172
54017,179,0.013010999531487544
54017,180,0.012408287287638303
54017,181,0.012045871979436277
54017,182,0.010800446339114096
54017,183,0.009155072666738874
54017,184,0.008436212798699171
54017,185,0.0076994947767944
54017,186,0.006729353966664845
54017,187,0.005287214141470585
54017,188,0.003920273886237899
54017,189,0.0030180138076970923
54017,190,0.0022219984945983993
54017,191,0.0016260165234091104
54017,192,0.0011445142135690209
54017,193,0.0008326494530602831
54017,194,0.0006433474312933615
54017,195,0.0005528028140235217
54017,196,0.0004984048877224842
54017,197,0.00048084261687821137
54017,198,0.000528193288222219
54017,199,0.0006921668925629413
54017,200,0.0009647640204517457
54017,201,0.0010268287278040393
54017,202,0.000998963080252089
54017,203,0.001148662880204104
54017,204,0.0011919947444493627
54017,205,0.0011308508033364875
54017,206,0.00104758782522629
54017,207,0.0009420183919298621
54017,208,0.0008010020600918098
54017,209,0.0007605287014126011
54017,210,0.0008252337422918224
54017,211,0.0007190138339527916
54017,212,0.0005753004558447296
54017,213,0.0005244529930713651
54017,214,0.000501360707081229
54017,215,0.00045224531816537246
54021,73,0.003093857290698026
54021,74,0.00310390708340781
54021,75,0.0032819057698965995
54021,76,0.003318101200111397
54021,77,0.0031900047543174884
54021,78,0.0031486784813128657
54021,79,0.003192829804701482
54021,80,0.003246131732221112
54021,81,0.003348244214499965
54021,82,0.003154182334811927
54021,83,0.0029222331042776098
54021,84,0.002679961424018705
54021,85,0.0024117730818936384
54021,86,0.0021976347624613757
54021,87,0.0018243140383778706
54021,88,0.0015695083746142219
54021,89,0.0014129048034250305
54021,90,0.0012139830841350664
54021,91,0.0010048435681416445
54021,92,0.0009089944241680053
54021,93,0.0008000338493627809
54021,94,0.000735807962678223
54021,95,0.0006730665967773433
54021,96,0.0006414662926105442
54021,97,0.0005894051991232976
54021,98,0.0005589412621500579
54021,99,0.0005422525967920949
54021,100,0.0005294715655217655
54021,101,0.0005109556445291933
54021,102,0.0005113523623918512
54021,103,0.0005868403795086548
54021,104,0.0007496497270209555
54021,105,0.000815448747181234
54021,106,0.0008966952110086925
54021,107,0.0009486720552687708
54021,108,0.0012235895773165296
54021,109,0.001556452933689958
54021,110,0.002771283870211813
54021,111,0.004926421244616839
54021,112,0.008385368778967657
54021,113,0.008903317819868943
54021,114,0.008981330264179287
54021,115,0.008756952462601891
54021,116,0.008811265675688065
54021,117,0.008636104104928186
54021,118,0.008727445561907965
54021,119,0.008945463316373069
54021,120,0.009054588032218962
54021,121,0.009203859161544077
54021,122,0.008823594617154136
54021,123,0.00843654234277888
54021,124,0.008318147488573364
54021,125,0.009160137788973864
54021,126,0.011137400216269008
54021,127,0.01292133213859701
54021,128,0.013829811334411576
54021,129,0.014166867154816108
54021,130,0.014904347927959596
54021,131,0.015387208765584085
54021,132,0.017465509550529557
54021,133,0.017388298624905853
54021,134,0.015173835046638448
54021,135,0.01562416121793039
54021,136,0.01858126251092085
54021,137,0.025101500942833553
54021,138,0.04179017897358807
54021,139,0.07195653495139212
54021,140,0.1076170235913577
54021,141,0.10761159737017889
54021,142,0.1107326584997395
54021,143,0.11305862369297007
54021,144,0.11328357643608371
54021,145,0.11585141341331637
54021,146,0.10867140247841763
54021,147,0.10562972571097719
54021,148,0.10562377653951342
54021,149,0.10805574256027478
54021,150,0.11503055082899162
54021,151,0.1249050387853674
54021,152,0.13266790858334024
54021,153,0.13553157120768336
54021,154,0.13149538727412066
54021,155,0.12856615660843523
54021,156,0.12354570205602643
54021,157,0.11586492396760315
54021,158,0.10637252585376347
54021,159,0.09263731327721583
54021,160,0.08362756447642507
54021,161,0.07380865659491427
54021,162,0.0647123700751086
54021,163,0.05394257231559296
54021,164,0.04817873252757996
54021,165,0.04263994282847097
54021,166,0.038249899383809224
54021,167,0.035903206189986415
54021,168,0.033024331027765204
54021,169,0.030536919492115618
54021,170,0.028126457712814374
54021,171,0.026841242132902364
54021,172,0.026637551192495078
54021,173,0.026882170608883493
54021,174,0.027390158740603764
54021,175,0.028528485298142985
54021,176,0.030048913673300783
54021,177,0.029477859590672176
54021,178,0.026144477735278792
54021,179,0.02344775314634094
54021,180,0.021183964430232554
54021,181,0.018975292791500342
54021,182,0.016758228419414628
54021,183,0.013965454755221329
54021,184,0.01185105713345547
54021,185,0.010399838533657887
54021,186,0.008731461152652956
54021,187,0.006878426838993748
54021,188,0.00494956058465277
54021,189,0.0035727587492508346
54021,190,0.0025584529470117686
54021,191,0.0018776058812214886
54021,192,0.0013665348685234075
54021,193,0.00098047997208935
54021,194,0.0007280720023006494
54021,195,0.0005989377054300695
54021,196,0.0005395013317700859
54021,197,0.0005043211731626575
54021,198,0.0005406963254221131
54021,199,0.000677290788062926
54021,200,0.0009417497845065406
54021,201,0.0010946876004204816
54021,202,0.0011735873069611072
54021,203,0.0012850438337299412
54021,204,0.0013893507290424919
54021,205,0.0014387712369570308
54021,206,0.00146478945758291
54021,207,0.0012957811229764283
54021,208,0.0010687490340554517
54021,209,0.0009777471352161774
54021,210,0.0009247039359533402
54021,211,0.0008159105284694876
54021,212,0.0007084000066680709
54021,213,0.0006333861505708807
54021,214,0.0005847298226326608
54021,215,0.0005074635612554924
54049,73,0.00790941194739553
54049,74,0.007136548289143537
54049,75,0.006743210054126356
54049,76,0.006400753686069487
54049,77,0.0059684833493986195
54049,78,0.005571998019879682
54049,79,0.0052673724030170765
54049,80,0.004952185122314709
54049,81,0.004554048405491719
54049,82,0.004063050601959597
54049,83,0.0035159651549610893
54049,84,0.003037419314545029
54049,85,0.0025546949094836942
54049,86,0.0020595020084964687
54049,87,0.0016093504140009501
54049,88,0.0013040487746310734
54049,89,0.001044029326207678
54049,90,0.0008211112113774197
54049,91,0.0006519333885217129
54049,92,0.0005087314779485365
54049,93,0.0004203693286154702
54049,94,0.00036075721814156646
54049,95,0.000311782207274072
54049,96,0.00026716589544882575
54049,97,0.00024173065001414175
54049,98,0.0002395197212631681
54049,99,0.0002463663021770001
54049,100,0.0002552149870676528
54049,101,0.000247290659038378
54049,102,0.0002526585190453637
54049,103,0.00027629835056157485
54049,104,0.0003088244838343394
54049,105,0.00030314689506494687
54049,106,0.00029701374003754546
54049,107,0.0003944707892970584
54049,108,0.0005522946183495323
54049,109,0.0008553227250324146
54049,110,0.0012625648704750027
54049,111,0.001780155931685647
54049,112,0.0021240686664645465
54049,113,0.002329290228819588
54049,114,0.0027207200051074915
54049,115,0.0030155411727772847
54049,116,0.0027647353805610162
54049,117,0.002393186687471851
54049,118,0.002168362832129704
54049,119,0.001962204225990563
54049,120,0.0019130422517823838
54049,121,0.0020218517479134125
54049,122,0.002006949856417423
54049,123,0.0017947884603984308
54049,124,0.0016174621197770195
54049,125,0.001540142026281627
54049,126,0.001486629175120408
54049,127,0.001536102054270519
54049,128,0.0016753236256321846
54049,129,0.0016530922596980622
54049,130,0.001520020297757586
54049,131,0.0014124648304394503
54049,132,0.0014322597476002894
54049,133,0.0014310059788195616
54049,134,0.0013270247204628445
54049,135,0.0012635295840053395
54049,136,0.001319177961839819
54049,137,0.0014479019006044505
54049,138,0.001861758468294161
54049,139,0.002376556175675568
54049,140,0.0030403550856781085
54049,141,0.00336873029056269
54049,142,0.003501835010997678
54049,143,0.0035592186614178093
54049,144,0.0035013920955722323
54049,145,0.0034675335667545717
54049,146,0.003234362109286915
54049,147,0.0030484170394087973
54049,148,0.0028752230895508937
54049,149,0.0027458142652217834
54049,150,0.002612894974713891
54049,151,0.002494518870000975
54049,152,0.002319775809351698
54049,153,0.00229665938276805
54049,154,0.0021299931718206785
54049,155,0.001902342341647951
54049,156,0.0016799479236999087
54049,157,0.001430011109804691
54049,158,0.001234515288850485
54049,159,0.0010702238031182491
54049,160,0.0009389497094631829
54049,161,0.0008008642828759776
54049,162,0.0006525653391682955
54049,163,0.0005396304356228067
54049,164,0.0004471082574519299
54049,165,0.0003664857830663895
54049,166,0.00033202292700680304
54049,167,0.00029204687356336917
54049,168,0.00025680889263141775
54049,169,0.00023928248074532336
54049,170,0.0002350849677818638
54049,171,0.00024063565874268462
54049,172,0.00024068166935664752
54049,173,0.0002390744442714836
54049,174,0.0002446451642922893
54049,175,0.00027178186755931873
54049,176,0.00032487581677189374
54049,177,0.0003793314360975409
54049,178,0.00035094749446077967
54049,179,0.00032949178056415694
54049,180,0.00033085441063821966
54049,181,0.00030944975915819957
54049,182,0.00031771435095694355
54049,183,0.00027818986985411016
54049,184,0.0002522604627600472
54049,185,0.0002351567334721454
54049,186,0.00021952621867469088
54049,187,0.00020059772056613354
54049,188,0.00017684577767209511
54049,189,0.0001516929789720318
54049,190,0.00012990649664792897
54049,191,0.00012023802435723641
54049,192,0.00010550223541587087
54049,193,9.039221992558543e-05
54049,194,8.055922321003528e-05
54049,195,8.24425512944801e-05
54049,196,8.505928281929176e-05
54049,197,9.315994413191027e-05
54049,198,0.00011313930042345371
54049,199,0.00016087236321022207
54049,200,0.0002308975434944679
54049,201,0.00026452748863905795
54049,202,0.0002462471496951498
54049,203,0.0002477918646282315
54049,204,0.00024815441514809553
54049,205,0.00022528851434421146
54049,206,0.0001839363135487066
54049,207,0.00015449244001857558
54049,208,0.00013151756178530864
54049,209,0.00012519733968849428
54049,210,0.00012568927932987616
54049,211,0.00011071941233101905
54049,212,0.0001106834050351476
54049,213,0.00011153537722615134
54049,214,0.00010945154911190794
54049,215,0.00010275801200380268
54051,73,0.05106032418796446
54051,74,0.04996694457163449
54051,75,0.047694535191114565
54051,76,0.045599191909345534
54051,77,0.04493287046125513
54051,78,0.044038803229343754
54051,79,0.04250023271524017
54051,80,0.04145975669052429
54051,81,0.03887657395418783
54051,82,0.03666318267939284
54051,83,0.0340877003580819
54051,84,0.0308195174919767
54051,85,0.028170004065254387
54051,86,0.02537739810102191
54051,87,0.02221324665581336
54051,88,0.019465218773475585
54051,89,0.016514091954688923
54051,90,0.01391980714268316
54051,91,0.011274812315994552
54051,92,0.009443263853188813
54051,93,0.008017481911671263
54051,94,0.00708308312843188
54051,95,0.006492483112251564
54051,96,0.006165775307863466
54051,97,0.005837823998383078
54051,98,0.00571093050694419
54051,99,0.005694051090372486
54051,100,0.0056892136406781315
54051,101,0.005767631888982175
54051,102,0.00580985455093702
54051,103,0.0059240132389611865
54051,104,0.005979580066510409
54051,105,0.005624526583061699
54051,106,0.005188055443734985
54051,107,0.004930065860257704
54051,108,0.0049206640325837
54051,109,0.005324596705238038
54051,110,0.006652097759135298
54051,111,0.006593773643974764
54051,112,0.0062162087016804516
54051,113,0.0061622908851565175
54051,114,0.0060722087627925955
54051,115,0.00559205999234149
54051,116,0.00521172465280094
54051,117,0.004742964505690435
54051,118,0.004202216827471107
54051,119,0.0038482717105418583
54051,120,0.003738801663560684
54051,121,0.003691670472767858
54051,122,0.003571651849283751
54051,123,0.00354609096276187
54051,124,0.0036185262554925593
54051,125,0.0035713935187413125
54051,126,0.0037152328014672643
54051,127,0.004117667957785314
54051,128,0.004255403350380123
54051,129,0.004035444996120254
54051,130,0.0038312665704843133
54051,131,0.0037246411639964717
54051,132,0.0035477140363005407
54051,133,0.003157438151583682
54051,134,0.0028083429637340146
54051,135,0.0024811413761241584
54051,136,0.0023427381950653207
54051,137,0.002229189205402364
54051,138,0.0022828517015956304
54051,139,0.002582155422799965
54051,140,0.003066226718334851
54051,141,0.0032018445570072165
54051,142,0.003238346952464425
54051,143,0.003224657849237995
54051,144,0.0033864079259725267
54051,145,0.0035277763716930095
54051,146,0.0036902799631422546
54051,147,0.003696681601825392
54051,148,0.0034932179372087016
54051,149,0.003343651284124378
54051,150,0.003352121389068081
54051,151,0.003244568504540749
54051,152,0.0031357976246067774
54051,153,0.0030844429049045525
54051,154,0.0030257452791289437
54051,155,0.002824417777066084
54051,156,0.0025695914238363857
54051,157,0.002258116532630965
54051,158,0.001986398931221992
54051,159,0.001676191943065709
54051,160,0.0014670704867744443
54051,161,0.0012465485627068233
54051,162,0.001043543713012119
54051,163,0.0008311969924696278
54051,164,0.0006759999263693491
54051,165,0.0005596276836841656
54051,166,0.0005306853786341499
54051,167,0.00048363488864819955
54051,168,0.000439768013282278
54051,169,0.00040863417639438245
54051,170,0.00038287513344663446
54051,171,0.00037021632987481456
54051,172,0.00035851426042961905
54051,173,0.00036952737130323705
54051,174,0.00039866871710384405
54051,175,0.0004254603067234996
54051,176,0.000510540595764344
54051,177,0.0006709993525850005
54051,178,0.0008145814417687319
54051,179,0.0009517411985429375
54051,180,0.0010405921702988053
54051,181,0.0010096122570657541
54051,182,0.0008823334098177288
54051,183,0.0006989428145899812
54051,184,0.0006088651878502802
54051,185,0.0005496576819363809
54051,186,0.00046539790558314324
54051,187,0.0003873245560422865
54051,188,0.0003045891342546793
54051,189,0.00025242827982265036
54051,190,0.0002165322513818829
54051,191,0.00018362044055445786
54051,192,0.00016664787669075094
54051,193,0.00015184852344055265
54051,194,0.0001432531261755436
54051,195,0.0001459749932846371
54051,196,0.00015493371795504175
54051,197,0.00017239627486130495
54051,198,0.0001876678374750442
54051,199,0.00024458985530874237
54051,200,0.0003299653957996674
54051,201,0.0003552026224117179
54051,202,0.0003744814667190162
54051,203,0.00037716167552724665
54051,204,0.0003471351274035588
54051,205,0.000309075575970122
54051,206,0.00025388152656907856
54051,207,0.00022142982250658388
54051,208,0.00018391812368308868
54051,209,0.00015298647998769114
54051,210,0.00014660773721549345
54051,211,0.00014338619827181158
54051,212,0.0001551508456756807
54051,213,0.00014505374282171144
54051,214,0.000134261964405283
54051,215,0.0001265077999427389
54061,73,0.0015258464958678548
54061,74,0.0015070273923196906
54061,75,0.0013967555592457955
54061,76,0.0013157539712256928
54061,77,0.001229397953514331
54061,78,0.0011570042057927226
54061,79,0.0010802444454350692
54061,80,0.0010118809652670206
54061,81,0.0009190541807222011
54061,82,0.0008124757737686029
54061,83,0.0007134098753257535
54061,84,0.0006088474508141331
54061,85,0.0005293582422187159
54061,86,0.000451525897832383
54061,87,0.0003628026020451875
54061,88,0.0002763387235612808
54061,89,0.00021380376445358625
54061,90,0.00017420463662446548
54061,91,0.00013857737793688884
54061,92,0.00010943525937992567
54061,93,8.848773416401155e-05
54061,94,7.270875890734034e-05
54061,95,6.13868498878264e-05
54061,96,5.408076864008653e-05
54061,97,4.9233579227623975e-05
54061,98,5.2727506906798375e-05
54061,99,5.12774758627355e-05
54061,100,4.965631955093998e-05
54061,101,5.3952994684854686e-05
54061,102,5.636234297800685e-05
54061,103,6.164438481429208e-05
54061,104,7.091150452446267e-05
54061,105,7.915123183399103e-05
54061,106,8.800948183688661e-05
54061,107,0.0001313792460960902
54061,108,0.00026993786239536637
54061,109,0.0006646981972598267
54061,110,0.001067245859217666
54061,111,0.0012550774284148434
54061,112,0.001225768292484577
54061,113,0.0011535935766920791
54061,114,0.0012193142939263212
54061,115,0.0012956124482789216
54061,116,0.001198608778682613
54061,117,0.0010091527913779334
54061,118,0.0009273448022135208
54061,119,0.0008843566153810164
54061,120,0.0009017438128717273
54061,121,0.0009683024727377594
54061,122,0.000967950673008932
54061,123,0.000893437263665921
54061,124,0.0008074460428271454
54061,125,0.0007636735497331685
54061,126,0.0007311629500420185
54061,127,0.0007579562579270406
54061,128,0.000789060827606832
54061,129,0.0007697682364619321
54061,130,0.0007529811870836164
54061,131,0.0007341662097545495
54061,132,0.0007596427067052456
54061,133,0.0007913624065876081
54061,134,0.0007596032537380322
54061,135,0.0007517193725525758
54061,136,0.0007024321563515592
54061,137,0.0007441633920327662
54061,138,0.0010657941447491947
54061,139,0.0013440525134492203
54061,140,0.002110312444322347
54061,141,0.0024619838608575502
54061,142,0.0025174196838052
54061,143,0.002433690102623589
54061,144,0.0022882821923455757
54061,145,0.0022798255443520544
54061,146,0.0022412220893105266
54061,147,0.0021094275711892904
54061,148,0.001953855051049079
54061,149,0.001864335476927955
54061,150,0.0018123114784724288
54061,151,0.0017504874793322215
54061,152,0.0016545056301128765
54061,153,0.001616175073073472
54061,154,0.0015535046317952115
54061,155,0.0014530207584187267
54061,156,0.0012746760520270218
54061,157,0.0010949385251989145
54061,158,0.0009810907322419596
54061,159,0.0008838782842831592
54061,160,0.0007953060032014588
54061,161,0.0006498214470033334
54061,162,0.0005201444339284729
54061,163,0.0004333079640188833
54061,164,0.00036377020594878095
54061,165,0.0002909827719107133
54061,166,0.00024129354139734068
54061,167,0.00020805989666419853
54061,168,0.00017899987351858578
54061,169,0.0001586952510735289
54061,170,0.00014739438657697447
54061,171,0.0001336293796979229
54061,172,0.00012855926968758608
54061,173,0.00012971904513288805
54061,174,0.00013927453572162732
54061,175,0.00014827227742053315
54061,176,0.00019253719927640373
54061,177,0.00024154533882735592
54061,178,0.00024861142398232167
54061,179,0.00024183487789426208
54061,180,0.0002400049028743447
54061,181,0.00023087476174242483
54061,182,0.0002362179120447512
54061,183,0.00021634815556769013
54061,184,0.0001949628494736028
54061,185,0.00018189002417814574
54061,186,0.00017205861117894808
54061,187,0.00015117148373237465
54061,188,0.00012797469321738269
54061,189,0.00011035681657628168
54061,190,9.498772537136263e-05
54061,191,8.205832990364721e-05
54061,192,6.934613175886145e-05
54061,193,5.959859450631076e-05
54061,194,5.469160217257656e-05
54061,195,5.457990140905152e-05
54061,196,5.208105287119572e-05
54061,197,5.8648873921113595e-05
54061,198,6.689243358422176e-05
54061,199,9.493954583808027e-05
54061,200,0.00014273363108423248
54061,201,0.00018150778484793992
54061,202,0.0001859045903036683
54061,203,0.00019422956343150818
54061,204,0.00018234640617591572
54061,205,0.00017726761089781294
54061,206,0.0001493087536465054
54061,207,0.00012122608013538748
54061,208,0.00010099327290567974
54061,209,8.78888006304055e-05
54061,210,8.564232745886603e-05
54061,211,7.727964720729885e-05
54061,212,6.519573126101888e-05
54061,213,5.446533962760232e-05
54061,214,5.0609719516367205e-05
54061,215,4.6970618074203606e-05
54065,73,0.0009053878772577961
54065,74,0.0014244616955681833
54065,75,0.0020667000966030223
54065,76,0.002497473745055197
54065,77,0.0029350474789515235
54065,78,0.0032589654047337625
54065,79,0.0032111606496261613
54065,80,0.003151115919144507
54065,81,0.0030162674220357436
54065,82,0.002767237727930053
54065,83,0.002438400775093895
54065,84,0.0021600420271517895
54065,85,0.001887352443278747
54065,86,0.0016726256988346163
54065,87,0.001396950934677379
54065,88,0.0011856951354481129
54065,89,0.0009686013831722649
54065,90,0.0007663194735285387
54065,91,0.000635383312358287
54065,92,0.0004906643853599229
54065,93,0.0003891383634791886
54065,94,0.0003181328913568989
54065,95,0.0002533800864536476
54065,96,0.0002082236405737108
54065,97,0.0001682450471621045
54065,98,0.0001342925545167513
54065,99,0.00011668678271536587
54065,100,0.00010721009654726793
54065,101,0.00010377729462517742
54065,102,0.00010839347720783955
54065,103,0.0001330234176747422
54065,104,0.00018780823923661395
54065,105,0.00023431015155111023
54065,106,0.00025428280108082596
54065,107,0.0002669338919972975
54065,108,0.00028224342965654174
54065,109,0.0002997729404219649
54065,110,0.0003047994967397963
54065,111,0.0002963726362503812
54065,112,0.00027070842885804926
54065,113,0.00023608438522401695
54065,114,0.00021982140680668793
54065,115,0.0002240286587791401
54065,116,0.00022079346451884927
54065,117,0.00020885087565814507
54065,118,0.0002017244274943486
54065,119,0.00019941337123928333
54065,120,0.00021139108438832582
54065,121,0.00027887360087322635
54065,122,0.0003859045687638228
54065,123,0.0005478208581107124
54065,124,0.0007408036835954125
54065,125,0.0008829681964868357
54065,126,0.0010825331852798213
54065,127,0.001289603955580526
54065,128,0.001231375299484696
54065,129,0.0011611864924963215
54065,130,0.0010753887311861683
54065,131,0.0010006916071525786
54065,132,0.0009139083895348102
54065,133,0.0008714579617326298
54065,134,0.0008657424009778343
54065,135,0.0008914328379548639
54065,136,0.0009935658951869316
54065,137,0.00114885550075605
54065,138,0.001540201319522827
54065,139,0.0028939750664943235
54065,140,0.004743572123764444
54065,141,0.005852809545700337
54065,142,0.0063575472476690145
54065,143,0.006291014478292184
54065,144,0.00624171067274461
54065,145,0.006257104707810505
54065,146,0.006244266380918671
54065,147,0.006558594886750863
54065,148,0.00688650290665843
54065,149,0.007184523074766805
54065,150,0.007028932419710706
54065,151,0.006719587166978059
54065,152,0.00627880658082206
54065,153,0.005781798534243936
54065,154,0.005145337340442269
54065,155,0.004532475460103398
54065,156,0.004074669040699704
54065,157,0.003455914359236293
54065,158,0.002722079359751415
54065,159,0.0022568616665804243
54065,160,0.0018535195863095297
54065,161,0.0014774135116648024
54065,162,0.0012641720156412923
54065,163,0.001144828106466828
54065,164,0.0009513275625307883
54065,165,0.0007494859236767933
54065,166,0.0006581412020790631
54065,167,0.0005998798739517431
54065,168,0.0005302095481252479
54065,169,0.0004589210109402635
54065,170,0.00042524647626641487
54065,171,0.00042545758255382085
54065,172,0.0004297589837404251
54065,173,0.00044901053498734925
54065,174,0.000482152395365347
54065,175,0.0005363449805109087
54065,176,0.000627549071662926
54065,177,0.000653269992093332
54065,178,0.0005977992097123429
54065,179,0.0005731820253683684
54065,180,0.000600598304937784
54065,181,0.0006413340678306948
54065,182,0.0006505294642113095
54065,183,0.0006352380924836626
54065,184,0.0005918968782404789
54065,185,0.0004980698042419528
54065,186,0.0004174150302667502
54065,187,0.00036769453375267867
54065,188,0.00029899162231276363
54065,189,0.00024763028616603774
54065,190,0.00020250110967673338
54065,191,0.00016807468003940762
54065,192,0.00014623337944392578
54065,193,0.00012395032234919625
54065,194,0.00011429790776209877
54065,195,0.00010504155940305923
54065,196,0.00010208402768706693
54065,197,0.00010620006017786584
54065,198,0.00011398679163227098
54065,199,0.00014360295015345277
54065,200,0.00020414966782580937
54065,201,0.00021263399529918483
54065,202,0.0001866487719147525
54065,203,0.00018534691027705127
54065,204,0.00019287676183298345
54065,205,0.00019336001247560066
54065,206,0.00017864967841047628
54065,207,0.00018873514605257508
54065,208,0.00017309157930360408
54065,209,0.000151451120073928
54065,210,0.00012801966190786887
54065,211,0.0001357848512792549
54065,212,0.00016258066327262815
54065,213,0.0001363130272485136
54065,214,0.00011712968718513461
54065,215,0.00010046975003134763
