fipsCode,hour,osi_pred
18001,73,0.004287257269913853
18001,74,0.0028779903336436713
18001,75,0.002852396202065732
18001,76,0.002837492041390384
18001,77,0.0028065866598103585
18001,78,0.002761712605157517
18001,79,0.0027357235940514315
18001,80,0.0027199834035096563
18001,81,0.0026056169664332085
18001,82,0.0025048817242966557
18001,83,0.0024674205935570313
18001,84,0.002424555840948842
18001,85,0.0023243088428255205
18001,86,0.0022293475443135842
18001,87,0.0021285368742411095
18001,88,0.0020544590629987592
18001,89,0.0019975778823396683
18001,90,0.001911967585531432
18001,91,0.0017481011492940235
18001,92,0.0015290994357944616
18001,93,0.001454971947426163
18001,94,0.0014025331960857228
18001,95,0.0013540880235866507
18001,96,0.001314542932778696
18001,97,0.001282658535078416
18001,98,0.001255576571583586
18001,99,0.0012389436869331323
18001,100,0.001217947818083106
18001,101,0.0011868837014918142
18001,102,0.0011637466817583182
18001,103,0.0011423753214384442
18001,104,0.0011597408994928036
18001,105,0.0011519189989495052
18001,106,0.0012392764077727371
18001,107,0.001948151016178131
18001,108,0.0036168793118631316
18001,109,0.005311790548716261
18001,110,0.00672428488680339
18001,111,0.007364169859622754
18001,112,0.007208070663550285
18001,113,0.007445757466144304
18001,114,0.007568646023233002
18001,115,0.007235803176762403
18001,116,0.006681109236439682
18001,117,0.00624978385938857
18001,118,0.00604528957403618
18001,119,0.005885901167473925
18001,120,0.005928631136119377
18001,121,0.006133883907812241
18001,122,0.006266593083950218
18001,123,0.006529039407823743
18001,124,0.00655071126452399
18001,125,0.006341945239483891
18001,126,0.006055504401799177
18001,127,0.005923867097921514
18001,128,0.005590433441597854
18001,129,0.005144246841429443
18001,130,0.004762859066163452
18001,131,0.004391227107846388
18001,132,0.00409957889505787
18001,133,0.0037685903695303456
18001,134,0.0034462522103773908
18001,135,0.0031305637260964046
18001,136,0.0028562339002894278
18001,137,0.0025969543227043175
18001,138,0.002368050168136437
18001,139,0.0021630328879166595
18001,140,0.0019672786634672996
18001,141,0.001777645266789022
18001,142,0.0016051495049034337
18001,143,0.0015214940072261604
18001,144,0.0014926559461082383
18001,145,0.0013688705585822465
18001,146,0.0012933729967211137
18001,147,0.0012598626101294537
18001,148,0.0011969191483965414
18001,149,0.0011541207180831032
18001,150,0.0011388722830382655
18001,151,0.001169801971389368
18001,152,0.0012487792568648271
18001,153,0.0012897740842723886
18001,154,0.0012853590942427675
18001,155,0.0012429416518856167
18001,156,0.0011996663530788178
18001,157,0.0011456313929739579
18001,158,0.001055195641508838
18001,159,0.0009674038917563674
18001,160,0.0008938474204335825
18001,161,0.0008242405388777859
18001,162,0.0007358801091097868
18001,163,0.0006552494916730765
18001,164,0.0005897884848704926
18001,165,0.000544321842213511
18001,166,0.0005145223799164865
18001,167,0.000476392537691533
18001,168,0.0004462977027828767
18001,169,0.00041236318045096543
18001,170,0.00039753221499910205
18001,171,0.00038679351448906585
18001,172,0.00037101050201493365
18001,173,0.00036120851514265934
18001,174,0.00035524281413759455
18001,175,0.0003597720747560406
18001,176,0.00038641650425152605
18001,177,0.00043390355244676246
18001,178,0.0005166142411680326
18001,179,0.0005118417810151149
18001,180,0.0004912960325698861
18001,181,0.0005150254099227085
18001,182,0.0005096458354743327
18001,183,0.000497069611555032
18001,184,0.0004930917255277327
18001,185,0.000513082968211789
18001,186,0.0004902815833402588
18001,187,0.0004768127423306763
18001,188,0.0004712974214390341
18001,189,0.0004650978359541298
18001,190,0.0004630651605005022
18001,191,0.00046472660787599254
18001,192,0.00046506213785241137
18001,193,0.00046429858173581266
18001,194,0.0004563571616623685
18001,195,0.00043759973229590853
18001,196,0.0004310389184095801
18001,197,0.0004213195731896866
18001,198,0.0004142525630386434
18001,199,0.00041768456201433127
18001,200,0.0004355831304036657
18001,201,0.00046215665151157437
18001,202,0.00048617704005085507
18001,203,0.0004831996076939018
18001,204,0.0005277495877562348
18001,205,0.0005381022034627315
18001,206,0.0005267291235189539
18001,207,0.0005216369876721638
18001,208,0.0005036465206730848
18001,209,0.0005231301457655486
18001,210,0.000500484091705352
18001,211,0.0004558745397746461
18001,212,0.00043069988658876566
18001,213,0.00041799582721835317
18001,214,0.00042435789192489363
18001,215,0.00042626517281110483
18003,73,0.008217906221781894
18003,74,0.007288358321034383
18003,75,0.006604115102291061
18003,76,0.006107348376127832
18003,77,0.0057803639088600785
18003,78,0.005477664264147983
18003,79,0.005152113166678698
18003,80,0.004954190394875368
18003,81,0.0047546996489460066
18003,82,0.004452873531423397
18003,83,0.004073344995100222
18003,84,0.0036661211419709203
18003,85,0.003320845647853752
18003,86,0.003026181665687755
18003,87,0.002734067464606524
18003,88,0.0024837511939523353
18003,89,0.0022683988766368074
18003,90,0.0020439692217892507
18003,91,0.0017859123512671787
18003,92,0.00149229942746476
18003,93,0.0013473431765891662
18003,94,0.0012195879652516068
18003,95,0.001075725693016418
18003,96,0.0009599371960632406
18003,97,0.0008590345985908968
18003,98,0.000785570738965905
18003,99,0.0007338507894735845
18003,100,0.0006923529300447247
18003,101,0.00065267157476774
18003,102,0.0006204015022695004
18003,103,0.0006020048082203109
18003,104,0.0005834067703314345
18003,105,0.0005764848557829408
18003,106,0.0005939767666988959
18003,107,0.0009336923744182994
18003,108,0.0022150066256340258
18003,109,0.003616518094135603
18003,110,0.005332674298436145
18003,111,0.006968682726968159
18003,112,0.007875231009295712
18003,113,0.007886825927278573
18003,114,0.007469372729556956
18003,115,0.0068938012369139596
18003,116,0.006103326480396358
18003,117,0.005489602672591077
18003,118,0.005014470404459212
18003,119,0.004781176074136838
18003,120,0.004532460138947081
18003,121,0.005265344535696301
18003,122,0.005616331950393206
18003,123,0.005460230480477467
18003,124,0.005282142039152207
18003,125,0.005054662573702717
18003,126,0.004809553066980716
18003,127,0.004634549439669853
18003,128,0.004858819271340549
18003,129,0.004707899595919549
18003,130,0.00423288598330229
18003,131,0.0038395430048244546
18003,132,0.0035690709307482273
18003,133,0.003278723900547836
18003,134,0.002995027846138584
18003,135,0.0025632082375201945
18003,136,0.0022201393348811687
18003,137,0.001958289807910023
18003,138,0.001734338710226005
18003,139,0.0015259840574524165
18003,140,0.0013415451909057601
18003,141,0.0012013667952095108
18003,142,0.001098077756690143
18003,143,0.001011078402029542
18003,144,0.0009499777859014478
18003,145,0.0009011368118611565
18003,146,0.0008521555338393324
18003,147,0.0008292366086649378
18003,148,0.0008046220650272199
18003,149,0.0007919595703470146
18003,150,0.000795349053926093
18003,151,0.0007920660905159344
18003,152,0.0007763289484564729
18003,153,0.0007707685084043163
18003,154,0.0007630907461146916
18003,155,0.0007060049546910335
18003,156,0.0006520885640607928
18003,157,0.000602495805253274
18003,158,0.0005531903713484573
18003,159,0.000508341963833706
18003,160,0.0004601979520830372
18003,161,0.0004098068101142133
18003,162,0.0003659411381790581
18003,163,0.00032574117211317175
18003,164,0.0002889155839500108
18003,165,0.0002617703645422696
18003,166,0.00024156151136645293
18003,167,0.00022332631593879637
18003,168,0.000205884079931023
18003,169,0.00018739539200584172
18003,170,0.0001738174766636919
18003,171,0.00016395753451738077
18003,172,0.00015439057733946822
18003,173,0.00014547415907548107
18003,174,0.00013826998065466178
18003,175,0.00013522383278904003
18003,176,0.0001389261531971964
18003,177,0.00015385454580994112
18003,178,0.0001684904173377592
18003,179,0.00017044103013466708
18003,180,0.00017180048470939572
18003,181,0.00017263017879528723
18003,182,0.00017732339141591672
18003,183,0.00017914602408144686
18003,184,0.00017325768830963733
18003,185,0.0001604116526939054
18003,186,0.00015180518818698583
18003,187,0.00014336226303163877
18003,188,0.00013423988561434835
18003,189,0.00012830594997886505
18003,190,0.00012231135650916814
18003,191,0.00011549946452812033
18003,192,0.00010724538659109439
18003,193,9.844268954736883e-05
18003,194,9.23613564346024e-05
18003,195,8.539425715767778e-05
18003,196,8.347006358305768e-05
18003,197,9.268184214620138e-05
18003,198,8.876380095201e-05
18003,199,8.167163547883284e-05
18003,200,9.440778151390931e-05
18003,201,0.00011078385504793767
18003,202,0.00012092968345925999
18003,203,0.00013146831564257258
18003,204,0.00014484130827168055
18003,205,0.0001565411548235136
18003,206,0.0001593099691479043
18003,207,0.0001502225033954288
18003,208,0.00014269070904496684
18003,209,0.00013965538222314097
18003,210,0.00013754960789269424
18003,211,0.00013814125485253715
18003,212,0.00013305382116124079
18003,213,0.00012297931747951333
18003,214,0.00011629166422470265
18003,215,0.0001108513044688813
18005,73,2.334651936381277e-05
18005,74,2.5993479235935908e-05
18005,75,2.515050834826634e-05
18005,76,2.620472220476639e-05
18005,77,2.5163531341176318e-05
18005,78,2.9563608753420273e-05
18005,79,4.165523112248175e-05
18005,80,6.89788987091537e-05
18005,81,9.13595959151896e-05
18005,82,0.00010251951183958197
18005,83,0.00011274184090768407
18005,84,0.00012418442136583798
18005,85,0.00013211044717752904
18005,86,0.00013669869785008874
18005,87,0.00013907466853946984
18005,88,0.00014018351080111768
18005,89,0.00014616932916354714
18005,90,0.0001543563898139181
18005,91,0.00014624665403938818
18005,92,0.00013503343845905227
18005,93,0.00012916591196032712
18005,94,0.000125836693501537
18005,95,0.00012096092726501951
18005,96,0.00011743366528371692
18005,97,0.00011171152418057624
18005,98,0.00010742927427240387
18005,99,0.00010727634138678236
18005,100,0.00010595158106856729
18005,101,0.00010505317761085418
18005,102,0.00010645911259716283
18005,103,0.00011508132493105104
18005,104,0.00013375727075918198
18005,105,0.00016828611726543187
18005,106,0.0003901670559742892
18005,107,0.0020786286309374532
18005,108,0.006914610984760705
18005,109,0.011026125161772841
18005,110,0.012562407866912071
18005,111,0.014340420108165313
18005,112,0.013685229494208242
18005,113,0.011910303572086911
18005,114,0.010922988376094213
18005,115,0.009889974526325476
18005,116,0.0086843444281085
18005,117,0.007451856306267995
18005,118,0.006903061068475165
18005,119,0.007990039612965556
18005,120,0.008644776358985175
18005,121,0.008028933525874218
18005,122,0.007339916257684282
18005,123,0.006933146289946298
18005,124,0.006665252932525744
18005,125,0.006331017538013419
18005,126,0.005988926135190718
18005,127,0.005699359128665067
18005,128,0.0054473144229523806
18005,129,0.005081532488581562
18005,130,0.00467254466873848
18005,131,0.0042157233404798
18005,132,0.003807170909138294
18005,133,0.003338368792240349
18005,134,0.002906334091488066
18005,135,0.002519461709810184
18005,136,0.0021595211680622587
18005,137,0.0019218653846032083
18005,138,0.0017362039780386429
18005,139,0.0015401821333327949
18005,140,0.001368606390110337
18005,141,0.0012756241321645687
18005,142,0.0012551044373438993
18005,143,0.0011954208595789284
18005,144,0.0011553877664619515
18005,145,0.0011174477664160154
18005,146,0.0010586213343983183
18005,147,0.001030180296921359
18005,148,0.0010071736320646112
18005,149,0.0009711203862018549
18005,150,0.0009429380091797673
18005,151,0.0009405833905822747
18005,152,0.0009433423102501284
18005,153,0.0009530255615518334
18005,154,0.0009378450811397093
18005,155,0.0009121692433003594
18005,156,0.0008929245172674074
18005,157,0.000859600280821038
18005,158,0.0008101343980535448
18005,159,0.0007676106717620572
18005,160,0.0007377310720287193
18005,161,0.0007000211196822668
18005,162,0.0006719911335085392
18005,163,0.0006214279550878878
18005,164,0.0005606405878312836
18005,165,0.0005208191413812644
18005,166,0.00048594293674706696
18005,167,0.00044732247026716554
18005,168,0.0004257075531805167
18005,169,0.0004009919520828478
18005,170,0.00038668434524655795
18005,171,0.00038868409818861304
18005,172,0.0003902640302423121
18005,173,0.00038895493984586916
18005,174,0.0003947429609444476
18005,175,0.0004158614411089332
18005,176,0.00045441476577509697
18005,177,0.0004941843865395205
18005,178,0.00049041613768843
18005,179,0.00048423322921747967
18005,180,0.00048811339981547655
18005,181,0.0004784574412110414
18005,182,0.0004733000416094712
18005,183,0.00047915686108772115
18005,184,0.0004526709210612613
18005,185,0.00043753018862790506
18005,186,0.0004226802794568337
18005,187,0.00040171691241684996
18005,188,0.00036987034084858374
18005,189,0.00034328801677639703
18005,190,0.00032705712075880737
18005,191,0.0003121968380859804
18005,192,0.0002998831160467081
18005,193,0.0002895216808956319
18005,194,0.0002820796416314897
18005,195,0.0002778195442379649
18005,196,0.0002743075414075177
18005,197,0.0002714992972279675
18005,198,0.0002710401359746591
18005,199,0.0002787561467581786
18005,200,0.0002959735328414355
18005,201,0.00032284213105478215
18005,202,0.00033803937926432854
18005,203,0.0003397848220965296
18005,204,0.00032198912974302227
18005,205,0.0002948103106741988
18005,206,0.0002717384170230671
18005,207,0.00026295964403459746
18005,208,0.0002543826501648372
18005,209,0.0002498399254996751
18005,210,0.0002589507694133763
18005,211,0.00024714479026239093
18005,212,0.00022894534980605943
18005,213,0.00021816909248416596
18005,214,0.00020842240178467662
18005,215,0.00020091468618576807
18007,73,0.0001505134621896686
18007,74,0.0001895629662214947
18007,75,0.0002459172690365832
18007,76,0.0003220155992382328
18007,77,0.00037887117140420764
18007,78,0.0004034957378250189
18007,79,0.0004807288341438715
18007,80,0.0006987268795948451
18007,81,0.0010490443952615766
18007,82,0.0014389176050001954
18007,83,0.001703572201990463
18007,84,0.0019045072933050037
18007,85,0.0021279001040739242
18007,86,0.0023537294964819247
18007,87,0.0025292073217529675
18007,88,0.0026874729656620917
18007,89,0.002838877053099066
18007,90,0.002839200263356588
18007,91,0.002751967084435111
18007,92,0.0024745479753880985
18007,93,0.0023524328318147666
18007,94,0.002298181574852043
18007,95,0.002227397218112506
18007,96,0.0021984299726923364
18007,97,0.002217212502402876
18007,98,0.0019449521582906861
18007,99,0.0018791884080082409
18007,100,0.0018202493182216206
18007,101,0.0017635704417621116
18007,102,0.001761809620886821
18007,103,0.0017325608316916066
18007,104,0.0017381635350223142
18007,105,0.0018751291414739115
18007,106,0.002001588804356299
18007,107,0.002395748935832904
18007,108,0.003163761900300974
18007,109,0.0035894188550762043
18007,110,0.004124791642044801
18007,111,0.005256311037313916
18007,112,0.0059425014192839515
18007,113,0.006881980314803664
18007,114,0.007235358387746324
18007,115,0.007485061320464331
18007,116,0.007999113802319567
18007,117,0.008845136573481417
18007,118,0.009335402542192662
18007,119,0.01005048588766853
18007,120,0.010391466231216883
18007,121,0.010362905713718354
18007,122,0.010002275029296558
18007,123,0.010154749504030306
18007,124,0.010353108872082444
18007,125,0.010414794951987792
18007,126,0.010426726522694026
18007,127,0.010424107073458836
18007,128,0.00882215603295501
18007,129,0.008615118411958058
18007,130,0.008648585383769752
18007,131,0.008512269995526461
18007,132,0.008425651053684573
18007,133,0.008302351647452634
18007,134,0.00841297680184173
18007,135,0.00865913699922962
18007,136,0.008871735517441092
18007,137,0.008250854517870884
18007,138,0.008253394197202177
18007,139,0.008469751748977041
18007,140,0.007816497622282252
18007,141,0.0076090058769337195
18007,142,0.007520352560989367
18007,143,0.007452192458665506
18007,144,0.007155753369294691
18007,145,0.007059165562940727
18007,146,0.007161415089771962
18007,147,0.007307365141695121
18007,148,0.007518487948376178
18007,149,0.007618365049046486
18007,150,0.0076507967146489985
18007,151,0.00642836736283127
18007,152,0.006260730129061604
18007,153,0.006267037001114673
18007,154,0.00598681692492071
18007,155,0.005663631598856584
18007,156,0.005368093673821489
18007,157,0.005115147148649342
18007,158,0.004854756336500696
18007,159,0.004607253182939359
18007,160,0.004450931654396222
18007,161,0.004282729725202689
18007,162,0.0040809969345766165
18007,163,0.003944770888068565
18007,164,0.0037404737466068087
18007,165,0.0036722423413186414
18007,166,0.00364581288171309
18007,167,0.0035874272782218126
18007,168,0.0034750329820566256
18007,169,0.003380549610231177
18007,170,0.003350483863615507
18007,171,0.0033232279922825415
18007,172,0.003278310714813415
18007,173,0.0031002696359957184
18007,174,0.0030651535313933613
18007,175,0.003021218003149292
18007,176,0.0029951774475741803
18007,177,0.002957347509532721
18007,178,0.0028294173191527917
18007,179,0.0027298986670318335
18007,180,0.0026029227476223474
18007,181,0.002420766200167024
18007,182,0.002323955741997791
18007,183,0.002288670700323255
18007,184,0.002161987559169869
18007,185,0.002056920332487016
18007,186,0.0020094747674220697
18007,187,0.001968363308723355
18007,188,0.0019004429312057675
18007,189,0.0018546503273219176
18007,190,0.0018274160451849247
18007,191,0.0018041048793614952
18007,192,0.0015548446332792204
18007,193,0.001509679115828726
18007,194,0.001491565186412091
18007,195,0.0012862406683532023
18007,196,0.0012289495461360162
18007,197,0.0011950912663125245
18007,198,0.0010306767007737094
18007,199,0.0010122593990005767
18007,200,0.0010304036338279663
18007,201,0.0009447796133836497
18007,202,0.0009358074149170975
18007,203,0.0008793243747975926
18007,204,0.0008286363794446079
18007,205,0.000783418942897189
18007,206,0.0007326220461114535
18007,207,0.0007249019775546524
18007,208,0.0007572356349548697
18007,209,0.0007637381068086659
18007,210,0.0006510363691778666
18007,211,0.0006343698114831528
18007,212,0.0006252275617193593
18007,213,0.0006253356773507658
18007,214,0.0005464332969519624
18007,215,0.0005308877038850929
18011,73,3.3283971976098694e-05
18011,74,4.008544162360803e-05
18011,75,5.1509057603568106e-05
18011,76,5.546155316269575e-05
18011,77,6.190866418564923e-05
18011,78,6.559396017962364e-05
18011,79,8.197646942524895e-05
18011,80,0.00011045659802961598
18011,81,0.000148126962449787
18011,82,0.0001897821592981353
18011,83,0.0002052179286313071
18011,84,0.00021367019608115091
18011,85,0.00021958866542660292
18011,86,0.00022243486903185692
18011,87,0.00022971785176280162
18011,88,0.00024304959880933926
18011,89,0.00024904723999378224
18011,90,0.00024705695818510553
18011,91,0.00023967813903415987
18011,92,0.00023531491183740574
18011,93,0.00023841993016166673
18011,94,0.0002446550241100967
18011,95,0.00025088739087977124
18011,96,0.00025747603058486187
18011,97,0.00026779547346763357
18011,98,0.00027925030132944093
18011,99,0.00028829635935727745
18011,100,0.0002989492725006079
18011,101,0.0003036502632750924
18011,102,0.00031173051541610994
18011,103,0.0003283745683931006
18011,104,0.00038009562262240817
18011,105,0.0005331558682851175
18011,106,0.0009265111007373511
18011,107,0.001920555420154296
18011,108,0.004143381271260271
18011,109,0.0071250138209937456
18011,110,0.009634223881360149
18011,111,0.009277056668994843
18011,112,0.009519435073197812
18011,113,0.009277551854327272
18011,114,0.008108209210198144
18011,115,0.006840340440996291
18011,116,0.005754388168220214
18011,117,0.005334870943575643
18011,118,0.005669266474819978
18011,119,0.006741948099531614
18011,120,0.007274569859848684
18011,121,0.007080097122844851
18011,122,0.006542674863739253
18011,123,0.006321549965009563
18011,124,0.006056183378429117
18011,125,0.005713032875921693
18011,126,0.005371350996157017
18011,127,0.005057940808060484
18011,128,0.00473692401766624
18011,129,0.0043622749368326715
18011,130,0.0040410925118703036
18011,131,0.0037245491577490865
18011,132,0.003351794504040532
18011,133,0.0029746914762517587
18011,134,0.0026168666273694704
18011,135,0.0023631793946342844
18011,136,0.002150568809276086
18011,137,0.001956923833558547
18011,138,0.0018819302893423758
18011,139,0.0017850283569928699
18011,140,0.0017050584101343416
18011,141,0.0017270857976913597
18011,142,0.0017954819279136487
18011,143,0.0018772757672268733
18011,144,0.0019178353826864968
18011,145,0.0018662565350680846
18011,146,0.0017716942614759482
18011,147,0.0017625643328525694
18011,148,0.0017087001466043136
18011,149,0.0016479233644966006
18011,150,0.00160910953720811
18011,151,0.001584074702104972
18011,152,0.0015900369695275507
18011,153,0.001603614501400981
18011,154,0.0015562691398712412
18011,155,0.001453559537051011
18011,156,0.001363893001097994
18011,157,0.0012851360514256238
18011,158,0.0011593497804207127
18011,159,0.0010383828481235128
18011,160,0.0009368431607617916
18011,161,0.0008470672040627093
18011,162,0.0007532286731962325
18011,163,0.000679729268231984
18011,164,0.000609558885482155
18011,165,0.0005676853516818843
18011,166,0.0005374249170690149
18011,167,0.0005113014397684311
18011,168,0.0004959169783364867
18011,169,0.0004828723618767982
18011,170,0.00047364465405301743
18011,171,0.0004699152743199235
18011,172,0.0004672028741865823
18011,173,0.00046833248859550077
18011,174,0.0004663442866368803
18011,175,0.00047863313837568294
18011,176,0.0005084272731990773
18011,177,0.0005456934798491875
18011,178,0.0005860498308440857
18011,179,0.0005685338543208107
18011,180,0.0005579357583265956
18011,181,0.0005526208894387142
18011,182,0.0005492184190579232
18011,183,0.0005071819159227653
18011,184,0.0004827022169712995
18011,185,0.0004698519122505449
18011,186,0.0004308444582552611
18011,187,0.00039487441020206315
18011,188,0.00036311828602583485
18011,189,0.00034788984013896495
18011,190,0.0003327240858193355
18011,191,0.0003186636046194451
18011,192,0.0003166694731811922
18011,193,0.00031200943651158195
18011,194,0.0003123714895680527
18011,195,0.00030952880417941755
18011,196,0.00030886189352346427
18011,197,0.0003043173337181455
18011,198,0.0003015304345170918
18011,199,0.0003094505042154552
18011,200,0.0003496375644897296
18011,201,0.0003970351040461752
18011,202,0.00040271379909913367
18011,203,0.00038608833560637237
18011,204,0.0003563197243926098
18011,205,0.0003415958853790134
18011,206,0.0003429491820763869
18011,207,0.0003641985091785289
18011,208,0.0003666273357299917
18011,209,0.0003447807353323067
18011,210,0.00034145759430034996
18011,211,0.0003191692291868539
18011,212,0.0002894695171514273
18011,213,0.0002782713046199542
18011,214,0.00026945784377094853
18011,215,0.0002562570351439787
18015,73,0.00018871208668763006
18015,74,0.00017300469327567424
18015,75,0.00016343025656994853
18015,76,0.00017452366131168686
18015,77,0.00018024269348936205
18015,78,0.0001786354046162439
18015,79,0.00018338944312546587
18015,80,0.000209013837620367
18015,81,0.0002351098316294104
18015,82,0.00026865262687170236
18015,83,0.0003219936406059018
18015,84,0.0003592717537790517
18015,85,0.0003627324618077778
18015,86,0.0003693337772243921
18015,87,0.000386291890456784
18015,88,0.0003937496935280601
18015,89,0.00040473999979416975
18015,90,0.00041184049274646046
18015,91,0.00040225110383354133
18015,92,0.00038089715055500493
18015,93,0.0003787591414067868
18015,94,0.0003853964207480573
18015,95,0.00038883078015068435
18015,96,0.000392767539957695
18015,97,0.00039900396923955227
18015,98,0.00041273384997997137
18015,99,0.0004174343083857597
18015,100,0.00042960297759030315
18015,101,0.00044064518549527683
18015,102,0.00044812997360927574
18015,103,0.0004860005812685044
18015,104,0.0006989790535124812
18015,105,0.0013570422656840125
18015,106,0.0021635940647065414
18015,107,0.002712897709261007
18015,108,0.003858315644498968
18015,109,0.0051691486899457266
18015,110,0.006529341296030637
18015,111,0.00849331142226358
18015,112,0.010055676286166347
18015,113,0.010571133764110476
18015,114,0.010558288904649635
18015,115,0.009588963902293609
18015,116,0.009100613970527352
18015,117,0.0094157436038671
18015,118,0.010769042988924463
18015,119,0.013688462453315323
18015,120,0.015398487875431171
18015,121,0.018329163691197692
18015,122,0.01895339079286223
18015,123,0.01657786243152832
18015,124,0.014232695243210183
18015,125,0.012556457246152716
18015,126,0.011164184609796677
18015,127,0.010138354985136265
18015,128,0.00896573399555439
18015,129,0.008146186922191668
18015,130,0.0074384500856361545
18015,131,0.006960342939087297
18015,132,0.0065162752999770425
18015,133,0.006143132345088091
18015,134,0.005917199589082228
18015,135,0.005521383232286836
18015,136,0.005403013562661694
18015,137,0.005679471879028329
18015,138,0.005856011730741329
18015,139,0.00608525346583365
18015,140,0.006204853955123274
18015,141,0.006134279207895513
18015,142,0.00601315382768705
18015,143,0.005838685829466191
18015,144,0.00566219219251951
18015,145,0.005448861502848856
18015,146,0.005306956703401064
18015,147,0.005340466448701494
18015,148,0.005382782303157622
18015,149,0.005411958075507298
18015,150,0.005412989243362673
18015,151,0.004747908613730428
18015,152,0.00464063375857159
18015,153,0.004529856794051889
18015,154,0.004297157653246826
18015,155,0.004040957884010904
18015,156,0.0037782103444151632
18015,157,0.0035952872501096617
18015,158,0.0033924052825383896
18015,159,0.0031960086858534853
18015,160,0.002977848373043279
18015,161,0.002784525354423354
18015,162,0.0026304659591142123
18015,163,0.0025140032769556116
18015,164,0.0023650664687874497
18015,165,0.002241343751742956
18015,166,0.002160628961684229
18015,167,0.0020904922625724427
18015,168,0.0020156420611479407
18015,169,0.001948691113798371
18015,170,0.001922159466135619
18015,171,0.001911473914259597
18015,172,0.001910519390651712
18015,173,0.0019036133826041432
18015,174,0.0018913161261621696
18015,175,0.0018922114094948508
18015,176,0.001946744578998105
18015,177,0.0016329615052879571
18015,178,0.00154859485832346
18015,179,0.001515230657720967
18015,180,0.0014869271766295737
18015,181,0.0014313530631848788
18015,182,0.001364645286242712
18015,183,0.0013321995344499757
18015,184,0.0012627671851199746
18015,185,0.0011865866862401998
18015,186,0.0011246193657892232
18015,187,0.0010758873410900778
18015,188,0.0010104865978835806
18015,189,0.0009647839388362972
18015,190,0.0009428667367385971
18015,191,0.000919438204791731
18015,192,0.0009047332622850818
18015,193,0.0007825716596196043
18015,194,0.0007615511732724014
18015,195,0.0007628209391570112
18015,196,0.0007449296118895433
18015,197,0.000729213413131585
18015,198,0.0007148768999489796
18015,199,0.0007071489062834373
18015,200,0.0007212956546630598
18015,201,0.0007478001737313876
18015,202,0.0007506428250680305
18015,203,0.0007654262396050805
18015,204,0.0007268571132516445
18015,205,0.000696107771381454
18015,206,0.0006772175526995877
18015,207,0.0007297007419884297
18015,208,0.0008516608454855197
18015,209,0.000934036986079444
18015,210,0.0009655335218737023
18015,211,0.000930191654450361
18015,212,0.0009008066971660912
18015,213,0.0008973355516176843
18015,214,0.0008471973119342368
18015,215,0.0008008787801600616
18017,73,0.0001759555794543772
18017,74,0.00016227900064381658
18017,75,0.00015936142075522852
18017,76,0.00016020510281304181
18017,77,0.00015739133258714408
18017,78,0.0001549341201499447
18017,79,0.00015328933134261107
18017,80,0.00016192043279637415
18017,81,0.00018346742590247421
18017,82,0.00021765624469611655
18017,83,0.0002649771249989534
18017,84,0.0003209099891958575
18017,85,0.00032815221966745454
18017,86,0.00033791550880377515
18017,87,0.00034697275983185084
18017,88,0.00034771431949498396
18017,89,0.00034944944412501226
18017,90,0.0003567896977845509
18017,91,0.00035019269777576077
18017,92,0.0003313874240669309
18017,93,0.00032712163840772874
18017,94,0.00033307009424751147
18017,95,0.0003350122499466801
18017,96,0.00033430404374384004
18017,97,0.000328592553626861
18017,98,0.0003329190004869233
18017,99,0.00034249993508976513
18017,100,0.00034284627474437927
18017,101,0.00033913039719549913
18017,102,0.0003363556141227857
18017,103,0.000338851560437953
18017,104,0.0003585325009841501
18017,105,0.00038521212769149985
18017,106,0.00040376850049596405
18017,107,0.0004929959438474812
18017,108,0.0006756612304590049
18017,109,0.0008465551593791554
18017,110,0.0010478814987421431
18017,111,0.001936694293906759
18017,112,0.002419982883966796
18017,113,0.0024653516050303125
18017,114,0.00237777366247765
18017,115,0.0023095073098904012
18017,116,0.002420425548112028
18017,117,0.0026854760458735194
18017,118,0.0030734882341010147
18017,119,0.0032989974033804793
18017,120,0.003438910876472948
18017,121,0.003797376521108123
18017,122,0.0040237713059255616
18017,123,0.004128842893049199
18017,124,0.003996490648753912
18017,125,0.0040677179837587275
18017,126,0.004080161427748887
18017,127,0.004079712512939994
18017,128,0.004045859826972707
18017,129,0.0038243644634688052
18017,130,0.0035676214974623872
18017,131,0.0035101711365362175
18017,132,0.0035086342051457702
18017,133,0.0034342326718015954
18017,134,0.0032529621815598126
18017,135,0.0031281926767436283
18017,136,0.003089410686158883
18017,137,0.0031055034350732057
18017,138,0.003092953389847517
18017,139,0.0030596114592211466
18017,140,0.003355251175629788
18017,141,0.0038967563433040323
18017,142,0.00432045659829699
18017,143,0.004333003675954612
18017,144,0.004208569775740677
18017,145,0.00415214797252992
18017,146,0.004200902896907386
18017,147,0.004247258913452372
18017,148,0.004211923863971793
18017,149,0.004166245901181695
18017,150,0.004131304522777392
18017,151,0.004205232927673064
18017,152,0.004230814384198013
18017,153,0.004119668199443877
18017,154,0.003904056433000187
18017,155,0.0036520103781313147
18017,156,0.0033628114547104284
18017,157,0.0031091039993231535
18017,158,0.0029070203260002847
18017,159,0.0027379297750876005
18017,160,0.0025209480808089167
18017,161,0.0023284090299674903
18017,162,0.0022044936031473668
18017,163,0.00208766030054565
18017,164,0.0019443555584601833
18017,165,0.0018343114029219052
18017,166,0.0017701629307611399
18017,167,0.001728686855696187
18017,168,0.0016828707836602846
18017,169,0.0016438101899526952
18017,170,0.0016176772772891264
18017,171,0.001608351170472082
18017,172,0.0015961946014280174
18017,173,0.0015824890624197402
18017,174,0.0015663981938456863
18017,175,0.0015587499186524474
18017,176,0.0013884825149807992
18017,177,0.0013865696783997474
18017,178,0.0013810942513423892
18017,179,0.001312989244717076
18017,180,0.0012607141294169962
18017,181,0.0012030802335683275
18017,182,0.0011363200718385467
18017,183,0.0010819293110059715
18017,184,0.0010217865556145587
18017,185,0.0009510064619352716
18017,186,0.0008894312797020767
18017,187,0.0008446300087342907
18017,188,0.0007994555119343748
18017,189,0.0007680206752469882
18017,190,0.0007520687349481472
18017,191,0.0006301670827803779
18017,192,0.0006006616201315922
18017,193,0.0005951807507076555
18017,194,0.0005818325443658192
18017,195,0.0004952380597601018
18017,196,0.0004710518906560245
18017,197,0.0004580019642134963
18017,198,0.00044477908673243955
18017,199,0.00042716777565357517
18017,200,0.00041967484792190243
18017,201,0.000425853853846418
18017,202,0.00042473809091910376
18017,203,0.0004102511833263151
18017,204,0.0003729317495100616
18017,205,0.00032511554626248756
18017,206,0.00030716484688938643
18017,207,0.0003013186272572273
18017,208,0.0002907603503687834
18017,209,0.0002701504157739395
18017,210,0.00025738180522182747
18017,211,0.00025924558527528263
18017,212,0.00025496887525293757
18017,213,0.00027572433328869984
18017,214,0.00026783675998919736
18017,215,0.00026027534600520265
18019,73,2.6685416890400683e-05
18019,74,2.157258253516825e-05
18019,75,1.8473796498725052e-05
18019,76,1.8367386265957342e-05
18019,77,2.154582981969354e-05
18019,78,2.605931345862555e-05
18019,79,4.24173875876935e-05
18019,80,7.303085481055884e-05
18019,81,0.00012629756707628105
18019,82,0.00016078996313498005
18019,83,0.0001510586273488352
18019,84,0.00014951666438023562
18019,85,0.000152695783130813
18019,86,0.0001574078464833871
18019,87,0.00015865520640715204
18019,88,0.0001616453380079381
18019,89,0.0001815715761038555
18019,90,0.00018221344853979122
18019,91,0.00016727634751054877
18019,92,0.00015400251806764313
18019,93,0.00014632425911288762
18019,94,0.00013989211709199077
18019,95,0.00012973377795096877
18019,96,0.00012071368739844873
18019,97,0.0001140210215220256
18019,98,0.00010929748953214172
18019,99,0.00010765438175548106
18019,100,0.00010626662437749834
18019,101,0.00010678689981940791
18019,102,0.00010742406837509647
18019,103,0.0001151916697533564
18019,104,0.0001395538697155819
18019,105,0.00017597738874748758
18019,106,0.00030386256181045743
18019,107,0.0017266563992393842
18019,108,0.007445015280030815
18019,109,0.01465291451699051
18019,110,0.015241794512977292
18019,111,0.01240275421532743
18019,112,0.010937204968433333
18019,113,0.010208034957554186
18019,114,0.009489810069424513
18019,115,0.008307366028904797
18019,116,0.0069844745843046264
18019,117,0.006276706183456839
18019,118,0.005841225991872659
18019,119,0.005994511959274235
18019,120,0.006203202352904553
18019,121,0.006318531174886806
18019,122,0.006116002853168069
18019,123,0.005834250094493396
18019,124,0.0053693167948259506
18019,125,0.0049076793663838745
18019,126,0.0046937744450722485
18019,127,0.004434590538057491
18019,128,0.00420157227074377
18019,129,0.0038989559537033398
18019,130,0.0034914814816283815
18019,131,0.003167457684923584
18019,132,0.002847439824078539
18019,133,0.0025092700357811078
18019,134,0.0021947449807837366
18019,135,0.0019376438665922719
18019,136,0.0017375790120654543
18019,137,0.0015757203700397901
18019,138,0.0014691515868258487
18019,139,0.001318862799304268
18019,140,0.0012117069544046704
18019,141,0.0011441975609511274
18019,142,0.0010714058285126796
18019,143,0.001006858327046232
18019,144,0.0009681729300328666
18019,145,0.0009216517943616339
18019,146,0.0008913225364091567
18019,147,0.0008958319414838565
18019,148,0.0008705200000636647
18019,149,0.000838395007761556
18019,150,0.0008218971127155432
18019,151,0.0008249020388059104
18019,152,0.0008429448748274379
18019,153,0.0008441739866449544
18019,154,0.000839363249631075
18019,155,0.000833793374863585
18019,156,0.0008528137086914215
18019,157,0.0008292983893776455
18019,158,0.0007940322828068347
18019,159,0.0007375424386825665
18019,160,0.0006931819455798497
18019,161,0.0006621560957644228
18019,162,0.0006181084786427158
18019,163,0.0005619418846232815
18019,164,0.0005108767956961279
18019,165,0.0004711858373501258
18019,166,0.0004337821504540825
18019,167,0.0003936948051635731
18019,168,0.0003606879182279627
18019,169,0.00032242924457664447
18019,170,0.00029471051008798027
18019,171,0.00028510406281648373
18019,172,0.000275602912033574
18019,173,0.0002685465894192234
18019,174,0.00026910044265312133
18019,175,0.00028731851064977713
18019,176,0.0003350658099530984
18019,177,0.0003898952415502319
18019,178,0.0004080460158030407
18019,179,0.00041158356850070504
18019,180,0.0004512397876098006
18019,181,0.00045925618850955997
18019,182,0.00045140096256128396
18019,183,0.0004551291854163603
18019,184,0.0004538514817619262
18019,185,0.00044001014329151804
18019,186,0.00042357284116866683
18019,187,0.000399835015253485
18019,188,0.0003671573801832105
18019,189,0.0003459621571993215
18019,190,0.0003271731925232775
18019,191,0.00030494998960131636
18019,192,0.0002836879413645099
18019,193,0.0002616646272683863
18019,194,0.0002466111507040996
18019,195,0.00023629532000033892
18019,196,0.00022711963525444322
18019,197,0.00022002687147625036
18019,198,0.00021483937025754707
18019,199,0.00021277143858558037
18019,200,0.0002240189117926196
18019,201,0.0002467382347997998
18019,202,0.00025240684829100346
18019,203,0.00023868316780336097
18019,204,0.0002186874565654528
18019,205,0.0002170352899951728
18019,206,0.00023740051804897397
18019,207,0.00026112799023838483
18019,208,0.00027146994247377213
18019,209,0.00030251706120757257
18019,210,0.0003320102685051517
18019,211,0.00033749852366362753
18019,212,0.0003141911825321686
18019,213,0.00029691510812001546
18019,214,0.0002803993861870671
18019,215,0.00025761468308584383
18021,73,0.0002045290237080909
18021,74,0.00017958319875414764
18021,75,0.00013845933520254222
18021,76,0.0001106208769451069
18021,77,0.00010760250241276492
18021,78,0.00011484575118815166
18021,79,0.0001228171596121361
18021,80,0.00014975585823977016
18021,81,0.00017090039403038369
18021,82,0.00018521780356295955
18021,83,0.0001944354507070425
18021,84,0.0002087632199158897
18021,85,0.00022161913986501605
18021,86,0.00022272288246224728
18021,87,0.00024834753381746
18021,88,0.0002671699299099451
18021,89,0.00027176207398986967
18021,90,0.00028779437684858935
18021,91,0.0002848791067443376
18021,92,0.0002693421625302257
18021,93,0.0002604881823524521
18021,94,0.0002542931206741704
18021,95,0.000251029455669097
18021,96,0.0002487058579769357
18021,97,0.00024620825229440806
18021,98,0.00024581094899437446
18021,99,0.00024455516536267893
18021,100,0.0002475517644487824
18021,101,0.0002598986828842389
18021,102,0.0002874638642332567
18021,103,0.0003406954744943292
18021,104,0.00042610950072894614
18021,105,0.0006327531692893755
18021,106,0.0018850103107852492
18021,107,0.006941985924052342
18021,108,0.015727409181999774
18021,109,0.020806584018876636
18021,110,0.022671631296013475
18021,111,0.021808985458275244
18021,112,0.020267375053307335
18021,113,0.019327235945705363
18021,114,0.01771044927410432
18021,115,0.015695557381188618
18021,116,0.014133876630610241
18021,117,0.013959845179761824
18021,118,0.014931518372834218
18021,119,0.01549706686223274
18021,120,0.014234902848914701
18021,121,0.012725831363429451
18021,122,0.011804730137559172
18021,123,0.010863820569185494
18021,124,0.00960812042963678
18021,125,0.008625629370616417
18021,126,0.00798580339080561
18021,127,0.007355014966743289
18021,128,0.006932082183191717
18021,129,0.006409453352242585
18021,130,0.005724973297499105
18021,131,0.005227015212739855
18021,132,0.004821415676569111
18021,133,0.004301070374541457
18021,134,0.0038545015269038038
18021,135,0.0034664509369712994
18021,136,0.003042516757036892
18021,137,0.0027105811657836226
18021,138,0.002448429135068278
18021,139,0.0021792936065402214
18021,140,0.001985454422842267
18021,141,0.0018633638978843973
18021,142,0.0018258461046409952
18021,143,0.001800899226011419
18021,144,0.001774127077945105
18021,145,0.0017303685523638447
18021,146,0.001697875712067843
18021,147,0.0016814577328201402
18021,148,0.0016596036509283192
18021,149,0.001639976920973779
18021,150,0.001623589246880322
18021,151,0.001618069355631412
18021,152,0.0016314270036615626
18021,153,0.0016298529148670836
18021,154,0.0015667979912034325
18021,155,0.0014886408032765744
18021,156,0.0014138549127537413
18021,157,0.0013439846084422932
18021,158,0.0012923279776585678
18021,159,0.0011999503943182354
18021,160,0.0011587752844820823
18021,161,0.0011495822664848079
18021,162,0.0011078026982783437
18021,163,0.0010457829156770798
18021,164,0.0009655624522562059
18021,165,0.0009196618595605498
18021,166,0.0008925834496834265
18021,167,0.0008785224351780448
18021,168,0.0008630794179660486
18021,169,0.0008566446579622644
18021,170,0.0008522097206030693
18021,171,0.0008415435208046047
18021,172,0.0008441997100208379
18021,173,0.0008442611731876012
18021,174,0.0008466536519038906
18021,175,0.0008590168014291525
18021,176,0.0008952367216032563
18021,177,0.0009152544439951044
18021,178,0.0008743406499960218
18021,179,0.000894709940525563
18021,180,0.0008965670775247641
18021,181,0.0008494689243918795
18021,182,0.0008175588463141829
18021,183,0.0007913426282721664
18021,184,0.0007602248194687683
18021,185,0.0007181798661662322
18021,186,0.0006728877347724983
18021,187,0.000648619150590648
18021,188,0.0006257446435215616
18021,189,0.000603383681726125
18021,190,0.0005765124360878205
18021,191,0.0005578921180214426
18021,192,0.0005519266591387437
18021,193,0.0005494751884898632
18021,194,0.0005421811787638946
18021,195,0.0005354502452013536
18021,196,0.0005304897261191805
18021,197,0.0005308066326394919
18021,198,0.0005285395455504703
18021,199,0.0005288294067669107
18021,200,0.0005507403360665015
18021,201,0.0005888851760166713
18021,202,0.000595073733273775
18021,203,0.0005606432959749737
18021,204,0.0005116858527343835
18021,205,0.0005035666432757014
18021,206,0.0005093148509610669
18021,207,0.0005088833320930585
18021,208,0.0005063124602390765
18021,209,0.0005005157016591475
18021,210,0.0005040374593633199
18021,211,0.0004885883835952897
18021,212,0.00046434851967876563
18021,213,0.0004436378100250015
18021,214,0.0004323146187513842
18021,215,0.0004308370616981742
18031,73,0.002916328145875036
18031,74,0.002740642866864539
18031,75,0.0025508550351445954
18031,76,0.002378271272260699
18031,77,0.0022102420899901636
18031,78,0.002122451789241584
18031,79,0.002076857570478415
18031,80,0.0020536689854261238
18031,81,0.0020134642924111634
18031,82,0.0018723044931428356
18031,83,0.001781183043231276
18031,84,0.0016964046301411236
18031,85,0.0015931505194173813
18031,86,0.0014983844474057541
18031,87,0.0013981114010970619
18031,88,0.0013070435289504728
18031,89,0.0012340593641735353
18031,90,0.0011671727841678612
18031,91,0.001079704635236795
18031,92,0.0009810957499325067
18031,93,0.0009144930896917913
18031,94,0.0008730540850617406
18031,95,0.0008538108764328511
18031,96,0.0008444915643990759
18031,97,0.0008276622422039592
18031,98,0.0008326407919278938
18031,99,0.0008413342397058527
18031,100,0.0007508443085965304
18031,101,0.0007407387023257104
18031,102,0.0007430921959427514
18031,103,0.0007537345708610255
18031,104,0.0007849103569493612
18031,105,0.0008457621332080572
18031,106,0.001447472584685369
18031,107,0.004373033065432182
18031,108,0.011416273281140183
18031,109,0.021576433866688036
18031,110,0.02795025725443622
18031,111,0.028109795992505772
18031,112,0.025733407397893003
18031,113,0.022779640837192087
18031,114,0.02189345397770323
18031,115,0.020380710678991568
18031,116,0.017784100983306784
18031,117,0.014840335064514971
18031,118,0.012873670545364943
18031,119,0.012415540079800266
18031,120,0.013643079817305474
18031,121,0.013193445805089155
18031,122,0.012178179057356724
18031,123,0.01152272838388058
18031,124,0.010738735147585672
18031,125,0.009976761160292863
18031,126,0.009287430905794336
18031,127,0.008754069603048418
18031,128,0.008428819327781502
18031,129,0.008057373196493859
18031,130,0.0074444214036816815
18031,131,0.006934333883962768
18031,132,0.006417972186417227
18031,133,0.005870557725840654
18031,134,0.0053514414037601375
18031,135,0.004854915233340987
18031,136,0.004368889983876944
18031,137,0.003952929218744477
18031,138,0.0036401128997670734
18031,139,0.003465383203919478
18031,140,0.0031406037531886365
18031,141,0.0029133244011169948
18031,142,0.0028097336264405076
18031,143,0.002813524039050961
18031,144,0.0028120187184392286
18031,145,0.0027871616326430797
18031,146,0.0027075099673641726
18031,147,0.0026836089023921502
18031,148,0.00269193261914103
18031,149,0.002687636707870614
18031,150,0.002641613466356308
18031,151,0.0026108503167306305
18031,152,0.002600195628442129
18031,153,0.0025898860232608932
18031,154,0.0025192038605315174
18031,155,0.0024093875862545838
18031,156,0.0023146558887158926
18031,157,0.0022077110605433583
18031,158,0.0020672274503510733
18031,159,0.001930947642874044
18031,160,0.001810635191846355
18031,161,0.0017113623557326583
18031,162,0.001624504056765192
18031,163,0.001531628198418432
18031,164,0.0014300313666054736
18031,165,0.001366267283990767
18031,166,0.0013084224286498026
18031,167,0.001245499755085749
18031,168,0.0012087822180478058
18031,169,0.0011812940278816356
18031,170,0.0011670277634933204
18031,171,0.001153923764638781
18031,172,0.0010333387311449909
18031,173,0.0010087009151779115
18031,174,0.0010015343849137375
18031,175,0.0010160079544112085
18031,176,0.0010544640250248047
18031,177,0.0009645892357660473
18031,178,0.0009602070208239024
18031,179,0.0009561686475479905
18031,180,0.0009326245041358484
18031,181,0.0009173420499476461
18031,182,0.0008894368847264953
18031,183,0.0008538726782403898
18031,184,0.000837095486769187
18031,185,0.0008203806246688721
18031,186,0.0008091918590759479
18031,187,0.0007836715279476333
18031,188,0.000752455959002522
18031,189,0.0007442320262389622
18031,190,0.0007423105728845702
18031,191,0.0007208276492546382
18031,192,0.0007179587582683915
18031,193,0.0007117981799628473
18031,194,0.0007135271267445704
18031,195,0.0007120428067893231
18031,196,0.0006377661668845821
18031,197,0.0006329976797052003
18031,198,0.0006427291762025279
18031,199,0.0006026360748443351
18031,200,0.0006332360677897747
18031,201,0.0006697232831753005
18031,202,0.0006808417283132416
18031,203,0.0006570196930544936
18031,204,0.0006385833992054351
18031,205,0.0006281136988861124
18031,206,0.000594454055625385
18031,207,0.0005508264362439752
18031,208,0.0005298320109560086
18031,209,0.0005221689276207473
18031,210,0.00050654345305607
18031,211,0.0004779502578082443
18031,212,0.000463951343332501
18031,213,0.00045955276282819477
18031,214,0.000452978923546268
18031,215,0.000450946787187652
18049,73,0.0006540747443200786
18049,74,0.0006319454338709977
18049,75,0.0006475262469889608
18049,76,0.0006613043755673667
18049,77,0.0006649801627214439
18049,78,0.0006589324389019137
18049,79,0.0006759893035597633
18049,80,0.0007434100661962411
18049,81,0.0008194150613333204
18049,82,0.0008523888194702033
18049,83,0.0008733068423404007
18049,84,0.0009177291494986673
18049,85,0.0009236575918477584
18049,86,0.0009240180329147144
18049,87,0.0009434272127956057
18049,88,0.0009557080752476363
18049,89,0.0009400809717170658
18049,90,0.0009246398325084642
18049,91,0.000904712908397452
18049,92,0.0008637134301226945
18049,93,0.0008790017633011882
18049,94,0.0009085621437003549
18049,95,0.0009345570548435705
18049,96,0.0009584147247937931
18049,97,0.0009714592268341376
18049,98,0.000994012319816115
18049,99,0.0010115245800309126
18049,100,0.0009063385845460202
18049,101,0.0009259551955805055
18049,102,0.0009452393012946258
18049,103,0.0009768493713887803
18049,104,0.0011163001999817874
18049,105,0.001359054271376995
18049,106,0.0015647437683146503
18049,107,0.001774015320588847
18049,108,0.0020305783835485613
18049,109,0.0025934267817204104
18049,110,0.003948908863825005
18049,111,0.00627015122096933
18049,112,0.007414648539179173
18049,113,0.007706626988045249
18049,114,0.008029471602978282
18049,115,0.008014890906332062
18049,116,0.007876165349794538
18049,117,0.008148354426851117
18049,118,0.009865841163105108
18049,119,0.015279183658192365
18049,120,0.01631819870690636
18049,121,0.016203838518941062
18049,122,0.015185089944621713
18049,123,0.014780853091933001
18049,124,0.013424046818804204
18049,125,0.011793721269939546
18049,126,0.010904232734155542
18049,127,0.010306488506886627
18049,128,0.01005076577128467
18049,129,0.00957932767880006
18049,130,0.009060415857970341
18049,131,0.008461848519748728
18049,132,0.008029316440236
18049,133,0.007765453985430872
18049,134,0.007395456088523804
18049,135,0.007048399741177286
18049,136,0.006872414803520719
18049,137,0.007085852004373492
18049,138,0.007330460635848597
18049,139,0.00751842040375957
18049,140,0.007759502531453337
18049,141,0.00822407762283547
18049,142,0.008704853624383632
18049,143,0.00895256972547775
18049,144,0.009025069615035335
18049,145,0.009082728398858762
18049,146,0.008880434814025479
18049,147,0.008837839962238976
18049,148,0.008814662925528492
18049,149,0.008872449976302904
18049,150,0.008967569111494472
18049,151,0.008931048269471768
18049,152,0.009026910573039991
18049,153,0.009005756763006446
18049,154,0.008450628303673567
18049,155,0.008049997179047617
18049,156,0.00775298415006378
18049,157,0.007372219488100727
18049,158,0.006960668998800018
18049,159,0.006407680138340287
18049,160,0.005993885549895614
18049,161,0.0056584685115177134
18049,162,0.005388733118926426
18049,163,0.005110113641447382
18049,164,0.004805110722710348
18049,165,0.004568175011909739
18049,166,0.00436896138740224
18049,167,0.004253820663887957
18049,168,0.004154330691624341
18049,169,0.004045493969110483
18049,170,0.0039963057783823025
18049,171,0.003992495793493478
18049,172,0.003980195786949494
18049,173,0.003975855294655313
18049,174,0.003995405266509429
18049,175,0.004016326571064276
18049,176,0.0036428323286751513
18049,177,0.003794169777386899
18049,178,0.0038062215113781
18049,179,0.0035868312498303105
18049,180,0.003335940126982081
18049,181,0.0031518488584633964
18049,182,0.003013611474412443
18049,183,0.002858752308044955
18049,184,0.0026928655877140454
18049,185,0.0025362852718088997
18049,186,0.0023997056836494468
18049,187,0.0023049602473078357
18049,188,0.002218338543588684
18049,189,0.0021765400644385906
18049,190,0.002127926473406674
18049,191,0.0020928223302615475
18049,192,0.00209081973128975
18049,193,0.002072607495672062
18049,194,0.0018028425573994196
18049,195,0.0017478072028903851
18049,196,0.0017323457130582391
18049,197,0.0017085997437191907
18049,198,0.0016490016605754533
18049,199,0.0015744156308390121
18049,200,0.0015220491078112395
18049,201,0.0014535093013728422
18049,202,0.0013996835480293934
18049,203,0.001341640395395952
18049,204,0.0012969390517129714
18049,205,0.0012566002208766113
18049,206,0.0012005546210625542
18049,207,0.0011718094474781422
18049,208,0.001145912831787761
18049,209,0.0011338191713752368
18049,210,0.0011393906822950671
18049,211,0.0009533105842320606
18049,212,0.0009275375199396166
18049,213,0.0009325368843821637
18049,214,0.0007475888778047403
18049,215,0.0006959905166190205
18053,73,0.012088767915942248
18053,74,0.011586301791863221
18053,75,0.011153463504671333
18053,76,0.010465185873854132
18053,77,0.00969914541864773
18053,78,0.009043222666202319
18053,79,0.00837384692599698
18053,80,0.0074368640225368375
18053,81,0.006831804522615579
18053,82,0.006443033211631729
18053,83,0.0058543136102966855
18053,84,0.005223513599238339
18053,85,0.004684840622850966
18053,86,0.004295117274325934
18053,87,0.0038731005310179965
18053,88,0.003450874253626148
18053,89,0.003083664534707675
18053,90,0.0027558059742856067
18053,91,0.0024130740406064074
18053,92,0.00198481498934147
18053,93,0.001744502161066179
18053,94,0.0015719754727363932
18053,95,0.0014350764109114565
18053,96,0.0013184092257934284
18053,97,0.0012292649691116623
18053,98,0.0011772948830974738
18053,99,0.0011442778921145343
18053,100,0.0011178075541601342
18053,101,0.0010946601456616962
18053,102,0.0010726124006975248
18053,103,0.001064111178992473
18053,104,0.0010664554023586867
18053,105,0.0010952536050809285
18053,106,0.0012807468775365104
18053,107,0.0023855442795282
18053,108,0.0048454617333075
18053,109,0.006314571543531556
18053,110,0.007417357675936929
18053,111,0.008070105880283309
18053,112,0.008758553514625744
18053,113,0.008240973896006561
18053,114,0.007206509152447249
18053,115,0.006496925613678491
18053,116,0.005688448252849319
18053,117,0.005095585504443726
18053,118,0.004589176193511267
18053,119,0.004417208490091429
18053,120,0.004463305072038405
18053,121,0.004597538735325258
18053,122,0.004582446164738751
18053,123,0.004530349999122495
18053,124,0.0044055784471800745
18053,125,0.004235479035784472
18053,126,0.004307775335734757
18053,127,0.004247979926412398
18053,128,0.0041104566215327465
18053,129,0.003902058619884107
18053,130,0.0036316084798214653
18053,131,0.003348338988075764
18053,132,0.003086698977212202
18053,133,0.002794907146756514
18053,134,0.00256848297022731
18053,135,0.0023266402151376647
18053,136,0.002081528459642612
18053,137,0.0018455195152924958
18053,138,0.0016666390581218625
18053,139,0.0015125726192286885
18053,140,0.0013678123197476927
18053,141,0.0012939064830582807
18053,142,0.00126126156309785
18053,143,0.0012068834235552926
18053,144,0.0011646048478445032
18053,145,0.0011352545608660162
18053,146,0.0011430089784945543
18053,147,0.001153064927618205
18053,148,0.0011328112960597371
18053,149,0.0011124519236093363
18053,150,0.0011152653146532122
18053,151,0.0011274828935100097
18053,152,0.0010252465878555844
18053,153,0.0009956159841324095
18053,154,0.0009525811884584586
18053,155,0.0009150051172055972
18053,156,0.0008562294837306704
18053,157,0.0007973024054365446
18053,158,0.0007370456853657753
18053,159,0.0006802741562558711
18053,160,0.0006460730977093977
18053,161,0.0006359929904271148
18053,162,0.0005973564974355446
18053,163,0.0005520775001420362
18053,164,0.0005104103202524948
18053,165,0.0004940979835459225
18053,166,0.00047433813088512114
18053,167,0.0004547511666705427
18053,168,0.0004488258953128748
18053,169,0.0004385555524553782
18053,170,0.0004289322253313223
18053,171,0.0004256973825503294
18053,172,0.0003647555936715091
18053,173,0.00034468281366176564
18053,174,0.00033521991904581085
18053,175,0.00032511101148666627
18053,176,0.00032708267975262205
18053,177,0.00034431028239302266
18053,178,0.00035752202542176526
18053,179,0.0003582908049507852
18053,180,0.0003556901610698253
18053,181,0.0003508603068365351
18053,182,0.0003488003185960563
18053,183,0.0003385006495808235
18053,184,0.0003234485925413957
18053,185,0.0003126577682567267
18053,186,0.00029776546217691476
18053,187,0.00027919620041782773
18053,188,0.00025912736549528974
18053,189,0.0002456886070654147
18053,190,0.00023584371094634995
18053,191,0.00023156341768240587
18053,192,0.00023058812846663763
18053,193,0.0002271031325641137
18053,194,0.00022619351722821208
18053,195,0.00022314186527789707
18053,196,0.00022108565734164478
18053,197,0.0002203458162145485
18053,198,0.00021952073888600068
18053,199,0.0002204131858950786
18053,200,0.00023160065685007443
18053,201,0.0002640875193006126
18053,202,0.0002756505237377561
18053,203,0.0002566272051144468
18053,204,0.00022539657627417185
18053,205,0.00020773396396266965
18053,206,0.00019492849429169354
18053,207,0.00018527785532740696
18053,208,0.0001896553165073614
18053,209,0.0001934611305144159
18053,210,0.00018546558228044654
18053,211,0.00016954473402654236
18053,212,0.00015842236337170745
18053,213,0.00015918644887759744
18053,214,0.00015929099439219456
18053,215,0.00015936964919734258
18055,73,8.333358576461226e-06
18055,74,9.979686999427314e-06
18055,75,1.1974139087585981e-05
18055,76,1.4048424857867046e-05
18055,77,1.6767714747109162e-05
18055,78,1.7981333010465286e-05
18055,79,2.9175119952704532e-05
18055,80,6.382321447108767e-05
18055,81,0.00011301916010636692
18055,82,0.00011287098803200602
18055,83,0.0001206604148639324
18055,84,0.00013904496115555535
18055,85,0.00015305239238031965
18055,86,0.00016167146578018
18055,87,0.00017433827176857283
18055,88,0.00018598025908870799
18055,89,0.0001917242472912036
18055,90,0.00019347249309791778
18055,91,0.00018571488767577446
18055,92,0.0001739272475345483
18055,93,0.00016617091674976076
18055,94,0.00016232282521324193
18055,95,0.0001595068801508867
18055,96,0.00015581636546372173
18055,97,0.00015152003334643245
18055,98,0.0001478984550112017
18055,99,0.00014738752341578092
18055,100,0.00014464011379485347
18055,101,0.00014646929473455375
18055,102,0.00015179692548561975
18055,103,0.00016767378554021872
18055,104,0.0002158361107076072
18055,105,0.00037144554281520926
18055,106,0.0010462146121233548
18055,107,0.0038772495717215995
18055,108,0.009888733494178249
18055,109,0.0149632870245136
18055,110,0.020893250152425304
18055,111,0.01962224845089903
18055,112,0.01563460232156348
18055,113,0.013116675358238688
18055,114,0.01171119489016802
18055,115,0.010763055653728015
18055,116,0.009333000496775424
18055,117,0.011013372244833482
18055,118,0.02389676894599129
18055,119,0.038643680118615915
18055,120,0.034813942033705525
18055,121,0.026471166626866976
18055,122,0.024818128538152844
18055,123,0.022963716534467552
18055,124,0.02018262272336559
18055,125,0.017217547263729753
18055,126,0.015523607876605084
18055,127,0.01400159586200417
18055,128,0.01283290615469272
18055,129,0.012023364216980201
18055,130,0.01116896045769453
18055,131,0.010196532143852756
18055,132,0.009003598652024465
18055,133,0.007934912553485263
18055,134,0.007045939341773
18055,135,0.006330566023907883
18055,136,0.005647795361601025
18055,137,0.005089571490035045
18055,138,0.0047719550736882825
18055,139,0.004372453863930021
18055,140,0.003986119669013008
18055,141,0.0037172513562478437
18055,142,0.003610742391966971
18055,143,0.0035744491332125577
18055,144,0.003540438749899096
18055,145,0.003480481628683489
18055,146,0.0034261503031735156
18055,147,0.003447918901879146
18055,148,0.0031084439527183337
18055,149,0.003017961969744607
18055,150,0.002934232810968315
18055,151,0.002817716618779973
18055,152,0.0027304454752836004
18055,153,0.0026288850931396107
18055,154,0.0025088533583260113
18055,155,0.0023738039835420046
18055,156,0.002269978220854571
18055,157,0.002165094955398182
18055,158,0.002014630035272808
18055,159,0.0018935745294588716
18055,160,0.0017765069118626975
18055,161,0.0016330956489741325
18055,162,0.0015465361778471292
18055,163,0.0014270907918116635
18055,164,0.001305595266634892
18055,165,0.0012348256819400341
18055,166,0.0011726560316265681
18055,167,0.0011291084997765597
18055,168,0.0010915909976575394
18055,169,0.0010548809517761657
18055,170,0.0010514736200866349
18055,171,0.0010468604729848522
18055,172,0.0010394765514493542
18055,173,0.0008927633048335799
18055,174,0.0008823977212959886
18055,175,0.0009056921662286858
18055,176,0.0009369526672408111
18055,177,0.0008153478752145273
18055,178,0.000795232015275923
18055,179,0.000784526273967113
18055,180,0.0007927048039450693
18055,181,0.0008179248128174253
18055,182,0.0007985423034767572
18055,183,0.0007645588439081051
18055,184,0.0007258930917391191
18055,185,0.0006953576226031857
18055,186,0.0006588361119830413
18055,187,0.000621659707413848
18055,188,0.0005883455924515739
18055,189,0.000564785848374778
18055,190,0.0005412157995063803
18055,191,0.0005229863662309781
18055,192,0.0005136638509980231
18055,193,0.000508908823586714
18055,194,0.0005024207317984389
18055,195,0.0004970464217435194
18055,196,0.0004391895134625069
18055,197,0.0004251353690154812
18055,198,0.0004238540744474905
18055,199,0.0004227551256999025
18055,200,0.0004041060212182005
18055,201,0.00043072068753703853
18055,202,0.00048121849678008403
18055,203,0.0004585966874171172
18055,204,0.0004255240550589888
18055,205,0.0004144081560907786
18055,206,0.00044109653803603676
18055,207,0.000483129887502582
18055,208,0.000496202444886606
18055,209,0.0005194374053342868
18055,210,0.0005423358704624673
18055,211,0.0005537575283217856
18055,212,0.000548145193011466
18055,213,0.0005356099915974069
18055,214,0.0005345967523982784
18055,215,0.0005239574380692577
18057,73,0.0011095677922801023
18057,74,0.0011051648768739088
18057,75,0.0011222592215020264
18057,76,0.0010229261638879572
18057,77,0.0009309513863678517
18057,78,0.000859019865989882
18057,79,0.0008004174218265228
18057,80,0.0007722378182647097
18057,81,0.0007425298940392218
18057,82,0.000705687812776293
18057,83,0.0006488132066163143
18057,84,0.0005895385938533671
18057,85,0.0005351991462226415
18057,86,0.00048673373258530296
18057,87,0.0004365941850912808
18057,88,0.00038367632789295937
18057,89,0.00033995682473254407
18057,90,0.000300158664013971
18057,91,0.0002593081275304533
18057,92,0.00022227146496237577
18057,93,0.00019712169095886746
18057,94,0.00017881549017548153
18057,95,0.0001640114851262304
18057,96,0.00015115327444794395
18057,97,0.00014047119433685784
18057,98,0.00013443393033312143
18057,99,0.000130217685066839
18057,100,0.00012662174167955002
18057,101,0.00012538020727669564
18057,102,0.00013191026594093388
18057,103,0.0001477014227299188
18057,104,0.00017468526273464892
18057,105,0.00021396054103116032
18057,106,0.00034707188704282457
18057,107,0.0008043946610831151
18057,108,0.0016035353265580886
18057,109,0.002598467630702268
18057,110,0.0034595865347807255
18057,111,0.004277642414036009
18057,112,0.0044503672909870715
18057,113,0.004227905909969125
18057,114,0.003959412965704369
18057,115,0.0037016568705815363
18057,116,0.0032248072556653054
18057,117,0.0029384290235288683
18057,118,0.0030488011653255894
18057,119,0.003464247258646375
18057,120,0.0035047361130005777
18057,121,0.003879727650154948
18057,122,0.003881525230212565
18057,123,0.0034957458845226775
18057,124,0.0032434887140262545
18057,125,0.0030511109609133668
18057,126,0.0029448384006917384
18057,127,0.002738622022098482
18057,128,0.002508978778396704
18057,129,0.0023025235928730166
18057,130,0.002034470231134531
18057,131,0.0018102307261590558
18057,132,0.0016601253997479417
18057,133,0.0014896233109385354
18057,134,0.0013441969313024874
18057,135,0.001224093679909369
18057,136,0.001115123583737848
18057,137,0.0010486760113353872
18057,138,0.00101948206848673
18057,139,0.0009408389200127777
18057,140,0.0008869645451705307
18057,141,0.0008470701038740578
18057,142,0.0008066033410708115
18057,143,0.0007588733848500395
18057,144,0.0007157064187505805
18057,145,0.0006365990051197262
18057,146,0.0005756149457744963
18057,147,0.0005625204319089008
18057,148,0.000521243539350171
18057,149,0.00047141222899405765
18057,150,0.00043773107208067537
18057,151,0.00042622190572627464
18057,152,0.00042684403126238266
18057,153,0.0004263274911111328
18057,154,0.0004105764123300083
18057,155,0.0003939748779915289
18057,156,0.0003763952409457661
18057,157,0.00035632558968512636
18057,158,0.0003315551301036525
18057,159,0.00029919218542783725
18057,160,0.0002687543893792917
18057,161,0.00024064833562468483
18057,162,0.00022150237951596775
18057,163,0.00020021801853641565
18057,164,0.0001766107052164504
18057,165,0.00016335902858536744
18057,166,0.00015170199725717069
18057,167,0.00014100320909796825
18057,168,0.00013225571851669616
18057,169,0.0001231436623169141
18057,170,0.00011573102408081047
18057,171,0.00011114998089535175
18057,172,0.00010614536945808624
18057,173,0.00010102913121338694
18057,174,9.95064224932522e-05
18057,175,0.00010394957278121633
18057,176,0.00011635498579009279
18057,177,0.00013894710657351737
18057,178,0.00015335729798262104
18057,179,0.0001543443692982602
18057,180,0.000159352917204983
18057,181,0.00016363208668842332
18057,182,0.0001710394817543229
18057,183,0.00016907319497372862
18057,184,0.00016152534279711248
18057,185,0.00015582985503612034
18057,186,0.00014953932122250548
18057,187,0.00014661112510202775
18057,188,0.00013598533184406265
18057,189,0.0001279379431718978
18057,190,0.00012334672228790243
18057,191,0.00011720970466946417
18057,192,0.00010785113719016984
18057,193,0.00010151178356048247
18057,194,9.800227664830114e-05
18057,195,9.63979606544655e-05
18057,196,9.024587088720198e-05
18057,197,8.471862233176686e-05
18057,198,8.111820272484993e-05
18057,199,8.187223875343677e-05
18057,200,9.784885222539749e-05
18057,201,0.00011682771600101416
18057,202,0.00012979869391209893
18057,203,0.00013524721192296568
18057,204,0.00013140147566877004
18057,205,0.0001239602195570968
18057,206,0.00012484776287605926
18057,207,0.00012846480112377535
18057,208,0.00012345525935648495
18057,209,0.00011529417234408396
18057,210,0.00011390208979907364
18057,211,0.00011125987152967053
18057,212,0.00010376160908298748
18057,213,9.863467187563455e-05
18057,214,8.956969685546883e-05
18057,215,8.382908607545612e-05
18063,73,3.076243379269121e-05
18063,74,2.991167994161643e-05
18063,75,3.457096440874946e-05
18063,76,3.91871381043094e-05
18063,77,4.026373824389239e-05
18063,78,4.038423683517962e-05
18063,79,3.809343330721147e-05
18063,80,4.493330617282874e-05
18063,81,5.119666576541701e-05
18063,82,5.4258915142785256e-05
18063,83,5.536958545465826e-05
18063,84,5.384648243499408e-05
18063,85,5.203389410597899e-05
18063,86,5.2070751225884994e-05
18063,87,5.273034648319072e-05
18063,88,5.4961147903943736e-05
18063,89,5.731869645728475e-05
18063,90,5.811320701193623e-05
18063,91,5.4415086793093545e-05
18063,92,4.840724454459596e-05
18063,93,5.1213168457966054e-05
18063,94,6.272977069372133e-05
18063,95,7.134594916212764e-05
18063,96,7.895966078489936e-05
18063,97,7.995822927021254e-05
18063,98,8.226249292215083e-05
18063,99,8.236207431136932e-05
18063,100,8.006286372746979e-05
18063,101,7.95857972746075e-05
18063,102,8.25025650414616e-05
18063,103,9.314610073005569e-05
18063,104,0.00011555429695166012
18063,105,0.00018200125088786568
18063,106,0.0006501440415034675
18063,107,0.002688301281190221
18063,108,0.00712487079491793
18063,109,0.015752645389096473
18063,110,0.024830159634236577
18063,111,0.02696216824158732
18063,112,0.024641326685468354
18063,113,0.022118954611256108
18063,114,0.019761803602789445
18063,115,0.017844309695565885
18063,116,0.015566123452041197
18063,117,0.01456840696142022
18063,118,0.015811832644081047
18063,119,0.020018574082301663
18063,120,0.0199483022264797
18063,121,0.016450077671427057
18063,122,0.014101732193209536
18063,123,0.012737738687726733
18063,124,0.011658428748889149
18063,125,0.010418274580127868
18063,126,0.009008053570316456
18063,127,0.008010266794595943
18063,128,0.007188306374350376
18063,129,0.006456808798514898
18063,130,0.005781507520026616
18063,131,0.005117983924096446
18063,132,0.00448019961877495
18063,133,0.003767220052895396
18063,134,0.003245808059630338
18063,135,0.0028507343392084627
18063,136,0.0024524831570163115
18063,137,0.0021649761509130684
18063,138,0.0019158849574393256
18063,139,0.0016911659820765153
18063,140,0.0015083056574090434
18063,141,0.001426753547812429
18063,142,0.0013703324856902824
18063,143,0.0012976278970417425
18063,144,0.0012536709563434466
18063,145,0.0012173114051778832
18063,146,0.001176571914606636
18063,147,0.001141212719818488
18063,148,0.0010877539899579694
18063,149,0.0010068942557908602
18063,150,0.000948534802980879
18063,151,0.0008719916281335709
18063,152,0.000801368589285712
18063,153,0.0007534340299638239
18063,154,0.0007033286513229575
18063,155,0.0006403975197424
18063,156,0.0005886320044126058
18063,157,0.0005348933868750264
18063,158,0.0004866737880577635
18063,159,0.0004410685431080232
18063,160,0.0003962143954951866
18063,161,0.000351051928089094
18063,162,0.0003080750200583922
18063,163,0.00027507260901823104
18063,164,0.00025032761752990043
18063,165,0.00023479248743225927
18063,166,0.00022023499741072474
18063,167,0.00020869518183027713
18063,168,0.0002015653282199929
18063,169,0.0001927980994616011
18063,170,0.0001817840022693034
18063,171,0.00017861589910044383
18063,172,0.0001764069114079625
18063,173,0.00017461270186985825
18063,174,0.0001719101992085524
18063,175,0.00017852224302991767
18063,176,0.00020738240251142863
18063,177,0.00023846216916346413
18063,178,0.00026070592468008686
18063,179,0.000264763220573971
18063,180,0.00025863298470494076
18063,181,0.0002592406962584527
18063,182,0.0002585081066586807
18063,183,0.000258367469332469
18063,184,0.0002419096221831231
18063,185,0.00022199351935298816
18063,186,0.00020511716841248306
18063,187,0.00018801310041589598
18063,188,0.00017310025702718725
18063,189,0.00016654590567221622
18063,190,0.0001553969812569808
18063,191,0.0001448062582816321
18063,192,0.00014074418628820892
18063,193,0.00013803931689188896
18063,194,0.0001281129633492362
18063,195,0.0001219257842186051
18063,196,0.00011907498617312456
18063,197,0.00011600498302387886
18063,198,0.00011382366877391821
18063,199,0.00011460925174147595
18063,200,0.000131967334306023
18063,201,0.00016490083768067536
18063,202,0.00018146893713834572
18063,203,0.00019157824752587182
18063,204,0.00021346538772726528
18063,205,0.0002175163875062943
18063,206,0.000233256011652233
18063,207,0.0002592644134150157
18063,208,0.00026704559085816517
18063,209,0.0002741547535151647
18063,210,0.0002761673852292917
18063,211,0.0002617485912810434
18063,212,0.00024395739388739736
18063,213,0.00023279692637410412
18063,214,0.00022182061058818555
18063,215,0.00021126629351321088
18075,73,0.005076821143143412
18075,74,0.004914308873821345
18075,75,0.004780901652288598
18075,76,0.004606390754803545
18075,77,0.004342999837113888
18075,78,0.004059126912425481
18075,79,0.0038131599648241325
18075,80,0.0036122414277373876
18075,81,0.003378044933076473
18075,82,0.003178446689437406
18075,83,0.0029645679736143935
18075,84,0.0028003387736741424
18075,85,0.0026916636791881493
18075,86,0.002586345549294652
18075,87,0.0025124380300783618
18075,88,0.002400801643204243
18075,89,0.0023145899623411943
18075,90,0.002220840688078689
18075,91,0.0020643166887631733
18075,92,0.0018666131454848818
18075,93,0.0017529117917261645
18075,94,0.0016855190664754442
18075,95,0.0016098602265231757
18075,96,0.0015466733812733726
18075,97,0.0014976402032047685
18075,98,0.0014671214404120341
18075,99,0.0014642168456081837
18075,100,0.001462848285458937
18075,101,0.0014616868176909753
18075,102,0.0014569188717505738
18075,103,0.0014705393426207994
18075,104,0.0015245881351669396
18075,105,0.001583580068025151
18075,106,0.0017273846192276696
18075,107,0.0023837432226168002
18075,108,0.003925439892923622
18075,109,0.006997655736598561
18075,110,0.01016752837466763
18075,111,0.011267842987381236
18075,112,0.011539709441374172
18075,113,0.012361135264109506
18075,114,0.013062439397776623
18075,115,0.01334530466146658
18075,116,0.011861297579755615
18075,117,0.01003213965877323
18075,118,0.009162842104904013
18075,119,0.008451248584316647
18075,120,0.007958127486279717
18075,121,0.007980078691419994
18075,122,0.008279220301406535
18075,123,0.00894295266191833
18075,124,0.009088189654444873
18075,125,0.008436129539684726
18075,126,0.008062730038460048
18075,127,0.008111967391478063
18075,128,0.00787879018527417
18075,129,0.007553223649639956
18075,130,0.0070640350821613495
18075,131,0.00670726013937261
18075,132,0.006558187404482018
18075,133,0.006311036834392911
18075,134,0.005980119511459688
18075,135,0.005678746494963256
18075,136,0.005352717176385601
18075,137,0.005167609790296038
18075,138,0.004741022327209921
18075,139,0.004520717123679083
18075,140,0.0044819214165018224
18075,141,0.00436102833588652
18075,142,0.004446912665515254
18075,143,0.004554139690630311
18075,144,0.004674084009532203
18075,145,0.00458721492803601
18075,146,0.004383223409121967
18075,147,0.004263449822893041
18075,148,0.004171593031176928
18075,149,0.004096505585499367
18075,150,0.004066048088278855
18075,151,0.004072319633161067
18075,152,0.0038584502321042753
18075,153,0.0037441070846032385
18075,154,0.003524795205725842
18075,155,0.003235522204961833
18075,156,0.002998934320023264
18075,157,0.0028455622475978644
18075,158,0.0026749020895490173
18075,159,0.002476922897523748
18075,160,0.002302344374425231
18075,161,0.002169612299286938
18075,162,0.002039367352559691
18075,163,0.0019068255452108164
18075,164,0.0017677906399395274
18075,165,0.0016665459327660176
18075,166,0.0015969428643013916
18075,167,0.001521697053471914
18075,168,0.0014711894942986787
18075,169,0.0014221937014296641
18075,170,0.0013760301911988069
18075,171,0.001351582896843058
18075,172,0.0013042241860749156
18075,173,0.0012681338368294142
18075,174,0.0012481568029782582
18075,175,0.0012445121811974465
18075,176,0.0012552198766064965
18075,177,0.0013023679679997342
18075,178,0.0013155044102086187
18075,179,0.0012383916821557231
18075,180,0.0011958204095333187
18075,181,0.0011543484007527863
18075,182,0.0011063770840586023
18075,183,0.0010572900251715274
18075,184,0.0010221190648814678
18075,185,0.0009885159142729199
18075,186,0.0009511029865499713
18075,187,0.0009081946743645536
18075,188,0.0008520275746174039
18075,189,0.0008078054747360845
18075,190,0.0007796599505047727
18075,191,0.000757272851379617
18075,192,0.0007336547267805109
18075,193,0.00071333104727134
18075,194,0.0006950805163145772
18075,195,0.0006633279060207449
18075,196,0.0006475373763703611
18075,197,0.0006403676746902396
18075,198,0.0006341030924642932
18075,199,0.0006245010062221568
18075,200,0.0006221740138307892
18075,201,0.000616329849581047
18075,202,0.0006084588486960066
18075,203,0.0005739475657707053
18075,204,0.0005168581944847978
18075,205,0.0004773927855307056
18075,206,0.00045863754398426526
18075,207,0.00044019480518169506
18075,208,0.00041021163856454527
18075,209,0.00038990869697926527
18075,210,0.00035655015360887705
18075,211,0.00032942235029498123
18075,212,0.00032307351547997273
18075,213,0.0003261338389839286
18075,214,0.0003119480009611117
18075,215,0.00028915424606208175
18079,73,1.6890318986409948e-05
18079,74,2.1450477109963146e-05
18079,75,2.4166976080359685e-05
18079,76,3.09359244391196e-05
18079,77,3.40252626646579e-05
18079,78,3.9111875995064713e-05
18079,79,4.834177009916337e-05
18079,80,8.973291767945622e-05
18079,81,0.00013234092119664595
18079,82,0.00016308315223750926
18079,83,0.00018408374913952576
18079,84,0.00020956974679001443
18079,85,0.00022949308058588632
18079,86,0.00024609992685013923
18079,87,0.00027731223036970675
18079,88,0.00030407088532822217
18079,89,0.0003143475200943468
18079,90,0.00033752817091148605
18079,91,0.0003535486193262045
18079,92,0.00033815821964826515
18079,93,0.00033269573375395325
18079,94,0.00033594415941648546
18079,95,0.0003385876216575182
18079,96,0.00034767276332623755
18079,97,0.00035864868876757676
18079,98,0.00037616639842063263
18079,99,0.0004071342157235315
18079,100,0.0004329139047914809
18079,101,0.00045733420912907473
18079,102,0.0004824704946781197
18079,103,0.0005297201940945598
18079,104,0.0006381124789492169
18079,105,0.000720015477524847
18079,106,0.00151348064875749
18079,107,0.006810418982614923
18079,108,0.021435844019010105
18079,109,0.043144947138763205
18079,110,0.048130239634855444
18079,111,0.04450772397878856
18079,112,0.03868806576066792
18079,113,0.03547751291449376
18079,114,0.033226200355043284
18079,115,0.02948828105989214
18079,116,0.025531771947711928
18079,117,0.0222194823112505
18079,118,0.02026864196565985
18079,119,0.020368288173312724
18079,120,0.02110733949641281
18079,121,0.020094700297212515
18079,122,0.017643195678238056
18079,123,0.01602400261167517
18079,124,0.014909574190734316
18079,125,0.013695248509409761
18079,126,0.012519299960010858
18079,127,0.011776557594167273
18079,128,0.011491074232127457
18079,129,0.010898003542544972
18079,130,0.010091444768159388
18079,131,0.009456178935909209
18079,132,0.008844432079196527
18079,133,0.008181886331355488
18079,134,0.007529084772173538
18079,135,0.006855164114279243
18079,136,0.006210297220192139
18079,137,0.005740441966861123
18079,138,0.005316541978014582
18079,139,0.004948815465859589
18079,140,0.0045658942465419666
18079,141,0.0043107624407454255
18079,142,0.004141311737288751
18079,143,0.003973587726183707
18079,144,0.0038623519738402376
18079,145,0.0037897623407556467
18079,146,0.0037164451342286916
18079,147,0.0036704271901796034
18079,148,0.003545904174963258
18079,149,0.003423528084111288
18079,150,0.003399162660615381
18079,151,0.0033566411343904615
18079,152,0.0032882012329695696
18079,153,0.003233664610406185
18079,154,0.0030931500616205145
18079,155,0.002935274614164676
18079,156,0.0027971681248345356
18079,157,0.0026386188027058334
18079,158,0.0024881669338038567
18079,159,0.0023599967724656375
18079,160,0.0022398065607347663
18079,161,0.0021293904207315664
18079,162,0.002060689077043319
18079,163,0.0019831410206823537
18079,164,0.0018512849000499685
18079,165,0.0017665551634912903
18079,166,0.0017055331579999987
18079,167,0.001668693797293556
18079,168,0.0016394463367345703
18079,169,0.0013706615807001059
18079,170,0.001316043811401066
18079,171,0.001302151380583517
18079,172,0.0011527869926856245
18079,173,0.0011290332004432195
18079,174,0.0011293177539680025
18079,175,0.0010359272068766537
18079,176,0.0010616908112639728
18079,177,0.0011084806003668322
18079,178,0.0011104748438140015
18079,179,0.0010878794759306332
18079,180,0.001069266024308186
18079,181,0.001060443131299798
18079,182,0.001041053314586219
18079,183,0.0010154542143473648
18079,184,0.0009739197679966857
18079,185,0.0009409510106800984
18079,186,0.0009172124046051206
18079,187,0.0008915457576617809
18079,188,0.0008564628683633003
18079,189,0.0008418219691041449
18079,190,0.0008323706598574321
18079,191,0.0006998885089507864
18079,192,0.0006760056591466649
18079,193,0.0006715289567415145
18079,194,0.0005959635162004743
18079,195,0.0005734746682968487
18079,196,0.0005613134200594051
18079,197,0.0005085864906273323
18079,198,0.0005148666914928707
18079,199,0.0005345690008263947
18079,200,0.0005856455424541607
18079,201,0.0006716543859612145
18079,202,0.0007142355554649803
18079,203,0.0007183304308016516
18079,204,0.0006793932263084503
18079,205,0.0006540292873063535
18079,206,0.0006057993962063151
18079,207,0.0005940895346280252
18079,208,0.0005980883903445824
18079,209,0.0006035539158143888
18079,210,0.0006083148289045969
18079,211,0.0006019971686671632
18079,212,0.0005891529078007057
18079,213,0.0005840967505047328
18079,214,0.0005861791489815207
18079,215,0.0005876042208263241
18081,73,6.8113500219763185e-06
18081,74,7.355722143837708e-06
18081,75,6.9399724404120566e-06
18081,76,7.250760438986817e-06
18081,77,7.727992966070495e-06
18081,78,8.833843037089746e-06
18081,79,1.1749979410883211e-05
18081,80,2.064922341557769e-05
18081,81,3.2833632671621854e-05
18081,82,3.8589159365836357e-05
18081,83,4.026363890126453e-05
18081,84,4.0252103836795885e-05
18081,85,4.0783658365811736e-05
18081,86,4.3364763113630636e-05
18081,87,4.530060437743362e-05
18081,88,4.68836523029757e-05
18081,89,4.652169277095615e-05
18081,90,4.625933322272078e-05
18081,91,4.493313619875425e-05
18081,92,4.069164786499102e-05
18081,93,4.023141551041099e-05
18081,94,4.123632660617513e-05
18081,95,4.1934412388858436e-05
18081,96,4.251771347050039e-05
18081,97,4.145352225671528e-05
18081,98,4.1384469061990715e-05
18081,99,4.2087729666728255e-05
18081,100,4.23441155061192e-05
18081,101,4.383555482282379e-05
18081,102,4.699301604039521e-05
18081,103,4.8941703897028485e-05
18081,104,6.569227193124683e-05
18081,105,0.00010358157325244994
18081,106,0.00038376346753005896
18081,107,0.0014207037278883333
18081,108,0.0031483480912545417
18081,109,0.0076489714016864585
18081,110,0.01183602136115301
18081,111,0.01170412452965654
18081,112,0.011196810519276748
18081,113,0.010522913567533215
18081,114,0.009865300023913585
18081,115,0.009048513429146568
18081,116,0.007705026790599472
18081,117,0.006870985766947528
18081,118,0.006629146708368796
18081,119,0.0077404022205003675
18081,120,0.00796331148383525
18081,121,0.007063409644279905
18081,122,0.006233254546195569
18081,123,0.006074541410768522
18081,124,0.005645136256398943
18081,125,0.005007922362670867
18081,126,0.004572910550733034
18081,127,0.004133894487292096
18081,128,0.003880798840249779
18081,129,0.0036044841781692244
18081,130,0.003171193781085248
18081,131,0.0027754856085103865
18081,132,0.0023946290298309295
18081,133,0.0020335579222858936
18081,134,0.0017439577083792847
18081,135,0.0015824384441647029
18081,136,0.0014293174303745037
18081,137,0.0012378406473550325
18081,138,0.0010560568867616614
18081,139,0.0009455129271885609
18081,140,0.0008472202098970567
18081,141,0.0008010521523684494
18081,142,0.0007644579333734789
18081,143,0.0007653702178683649
18081,144,0.0007558678970924891
18081,145,0.0007166380127648935
18081,146,0.0006647547156936564
18081,147,0.0006362221362593329
18081,148,0.000601361976998781
18081,149,0.0005538371060469621
18081,150,0.0005140187386186044
18081,151,0.0004770686993518139
18081,152,0.00045980801858162953
18081,153,0.0004452823447203032
18081,154,0.00042492597665355197
18081,155,0.0004095887566138901
18081,156,0.0003966470098058074
18081,157,0.00037419914935601787
18081,158,0.0003342713835496191
18081,159,0.00031840751127611367
18081,160,0.000334105101499697
18081,161,0.0003160395387081427
18081,162,0.0002880665231008783
18081,163,0.00026289162956669886
18081,164,0.00024018323171239587
18081,165,0.00022529364799614245
18081,166,0.0002041213532981942
18081,167,0.00018573345549762068
18081,168,0.0001736481689147251
18081,169,0.00015782043005611017
18081,170,0.00014594554651679682
18081,171,0.00013888777386364347
18081,172,0.00013218315976237156
18081,173,0.00012458308811650741
18081,174,0.0001193999710490221
18081,175,0.00012068641849067944
18081,176,0.00013396141883684684
18081,177,0.00015510179194242
18081,178,0.00016256910980874098
18081,179,0.00015878451162486832
18081,180,0.00015662632058165529
18081,181,0.00015051745861327666
18081,182,0.00014368620360892352
18081,183,0.00013409190561837798
18081,184,0.000128995175919577
18081,185,0.00012462885223367664
18081,186,0.00011645993103342052
18081,187,0.0001084825010887264
18081,188,0.00010034212908003163
18081,189,9.330411399113774e-05
18081,190,8.75131204359043e-05
18081,191,8.249196133200693e-05
18081,192,7.905423785064745e-05
18081,193,7.460630782043774e-05
18081,194,7.076840729770436e-05
18081,195,6.794573410817945e-05
18081,196,6.5841007171709e-05
18081,197,6.461774092730297e-05
18081,198,6.448876853862805e-05
18081,199,6.768930962613347e-05
18081,200,7.89007954729648e-05
18081,201,9.405273935596336e-05
18081,202,9.642623467706709e-05
18081,203,9.055139804146613e-05
18081,204,8.863048606569481e-05
18081,205,8.781988771912823e-05
18081,206,8.783671438557074e-05
18081,207,9.250206968372738e-05
18081,208,0.00010648487799685178
18081,209,0.00013783916772255826
18081,210,0.00013481136585483857
18081,211,0.0001216745360133903
18081,212,0.00011064507628149212
18081,213,0.00010266498416927103
18081,214,9.851715568378164e-05
18081,215,8.927898516414003e-05
18115,73,0.00013019949835948265
18115,74,0.0001941731363846753
18115,75,0.0002689585407383371
18115,76,0.00035949091333655067
18115,77,0.00043825897877149296
18115,78,0.0005556378316831624
18115,79,0.0007292963495348959
18115,80,0.0011170159442689565
18115,81,0.0017248951925038195
18115,82,0.002101500837896242
18115,83,0.002329565680976547
18115,84,0.00240204732732989
18115,85,0.002386624669526112
18115,86,0.002417799784450515
18115,87,0.002298052338338468
18115,88,0.0022115926684122735
18115,89,0.0020987578890068214
18115,90,0.0020176211608901734
18115,91,0.001971534964587982
18115,92,0.0018291806545151898
18115,93,0.0017249556103243141
18115,94,0.0016519803471842136
18115,95,0.0016163723137608149
18115,96,0.0015946751839237944
18115,97,0.001550093107393473
18115,98,0.0015306057282754833
18115,99,0.00151051532796508
18115,100,0.0014839270989257607
18115,101,0.0014514498295870903
18115,102,0.0014516153645826588
18115,103,0.0015280831499274688
18115,104,0.0016413975493241625
18115,105,0.0016671038551465535
18115,106,0.002108538654584533
18115,107,0.0065023152956939145
18115,108,0.019015017644610346
18115,109,0.028091355767767206
18115,110,0.03063303467662052
18115,111,0.026976970671979534
18115,112,0.02503256051365614
18115,113,0.02415309861766581
18115,114,0.023274596708259997
18115,115,0.02116974799960121
18115,116,0.019050459642852645
18115,117,0.017748547139329492
18115,118,0.01661100942017438
18115,119,0.01589900567600952
18115,120,0.016503782679938253
18115,121,0.01776720833221805
18115,122,0.017039369479408886
18115,123,0.015744262324170123
18115,124,0.014617375952037909
18115,125,0.013677527672380889
18115,126,0.012832165080085008
18115,127,0.011872140154614332
18115,128,0.011510648085989849
18115,129,0.011749166713999564
18115,130,0.011623135859197218
18115,131,0.011077164932748776
18115,132,0.010558395679330241
18115,133,0.010027803829773375
18115,134,0.00969817472594137
18115,135,0.009545761125352607
18115,136,0.00951919098832514
18115,137,0.009819711921774226
18115,138,0.01007624969992839
18115,139,0.010521982810068144
18115,140,0.010795599444974184
18115,141,0.010661816262625128
18115,142,0.010557061784802892
18115,143,0.01050231085311288
18115,144,0.00991333245189314
18115,145,0.009417594767246858
18115,146,0.009546019258702264
18115,147,0.009497314489167713
18115,148,0.009480032611950328
18115,149,0.009480848285288264
18115,150,0.009362309773533155
18115,151,0.009233658762213897
18115,152,0.009015205072110134
18115,153,0.0088122258824304
18115,154,0.008471975290707498
18115,155,0.008135091682848952
18115,156,0.007657896634241743
18115,157,0.007297138229161194
18115,158,0.007121171921078616
18115,159,0.00689946529939902
18115,160,0.0067551527769036225
18115,161,0.006574052088490056
18115,162,0.00639966355364528
18115,163,0.006175772064546489
18115,164,0.006004563973012535
18115,165,0.005790547613490184
18115,166,0.005589989848607237
18115,167,0.005509299359965968
18115,168,0.005475410023763438
18115,169,0.005416980218905509
18115,170,0.005346790593952405
18115,171,0.005370437608981798
18115,172,0.005488746189848763
18115,173,0.005155478278672716
18115,174,0.005144377356434504
18115,175,0.005294503777656717
18115,176,0.005632185435013507
18115,177,0.005936981153114516
18115,178,0.005769085856617006
18115,179,0.005552419215421897
18115,180,0.005373769333540946
18115,181,0.00506477117654351
18115,182,0.004670194538694565
18115,183,0.004344435034341603
18115,184,0.004142542550255196
18115,185,0.0039245096907833
18115,186,0.003771149918659384
18115,187,0.003575409464845103
18115,188,0.0033553391116450046
18115,189,0.003273473963695012
18115,190,0.0031830926801751317
18115,191,0.0030951457989135626
18115,192,0.003035434975396645
18115,193,0.0029835612638198514
18115,194,0.0029559776073421235
18115,195,0.002962404474272928
18115,196,0.0029595090879647457
18115,197,0.002723312294522662
18115,198,0.002681107305838628
18115,199,0.0027660985551495633
18115,200,0.0029006067594732742
18115,201,0.0029056297406472825
18115,202,0.002793934801383626
18115,203,0.0025359535104396034
18115,204,0.0022443638154098886
18115,205,0.0019871609738581217
18115,206,0.0017722476940677243
18115,207,0.0016550341549302849
18115,208,0.0015495328936730671
18115,209,0.0014440525176728982
18115,210,0.0013564504580580636
18115,211,0.0012831530089908423
18115,212,0.0012352366653959797
18115,213,0.0011731074004568787
18115,214,0.0011234216110223997
18115,215,0.001067545792174426
18119,73,1.9569158897492913e-05
18119,74,2.368616469312277e-05
18119,75,2.848219569804213e-05
18119,76,3.637604317754251e-05
18119,77,4.561259401614486e-05
18119,78,5.929223785521244e-05
18119,79,0.00011274459951808823
18119,80,0.0002270197763277806
18119,81,0.0002937683113279122
18119,82,0.00031063518814233805
18119,83,0.0003332077262309717
18119,84,0.00036946937721065413
18119,85,0.0004071869734172588
18119,86,0.00043621389146896854
18119,87,0.0004921359400214261
18119,88,0.000519932092648645
18119,89,0.0005308070024134184
18119,90,0.0005516228817503352
18119,91,0.0005585565506029956
18119,92,0.0005371068290623397
18119,93,0.0005324499311372934
18119,94,0.0005345740188661272
18119,95,0.0005384120887009776
18119,96,0.0005423566223829645
18119,97,0.0005440789719322124
18119,98,0.0005473633646936728
18119,99,0.0005593401705049713
18119,100,0.0005733918249015431
18119,101,0.0005983143262764404
18119,102,0.0006534832515997447
18119,103,0.0007667759516114525
18119,104,0.001101059244278001
18119,105,0.002221738230713973
18119,106,0.005195888176000506
18119,107,0.009561119155011724
18119,108,0.013733925182726902
18119,109,0.0203568759233157
18119,110,0.02623738850007543
18119,111,0.025954387136809594
18119,112,0.023415112631856028
18119,113,0.022102356842466094
18119,114,0.0210450868201449
18119,115,0.018622727605081452
18119,116,0.01557813548349331
18119,117,0.015413623430976721
18119,118,0.017070138246125778
18119,119,0.0179757168584314
18119,120,0.01708118835330252
18119,121,0.01548127125911745
18119,122,0.014706977945881099
18119,123,0.013900889466705776
18119,124,0.012362944838249366
18119,125,0.011310181233569156
18119,126,0.010695430650315408
18119,127,0.010126816307928289
18119,128,0.009688553681755063
18119,129,0.009348916200258763
18119,130,0.00867213351529973
18119,131,0.007991176544689888
18119,132,0.0075372877174745695
18119,133,0.006897634584312037
18119,134,0.006342615473419076
18119,135,0.005976425065683695
18119,136,0.005585409452283097
18119,137,0.005116957819393473
18119,138,0.004783285749751723
18119,139,0.004464961981673393
18119,140,0.004183089708755596
18119,141,0.004103779029434821
18119,142,0.004150279234819164
18119,143,0.004216156741799968
18119,144,0.004313173998173886
18119,145,0.0043230623190015525
18119,146,0.004316352315980481
18119,147,0.004354335528508051
18119,148,0.0042562470667451505
18119,149,0.004142693909692866
18119,150,0.004017796673526487
18119,151,0.003879111638771806
18119,152,0.0038281952248414262
18119,153,0.0037533102303013845
18119,154,0.0035737396448797414
18119,155,0.0033520685636969595
18119,156,0.003173380748742623
18119,157,0.0030009918287524197
18119,158,0.002822340094921443
18119,159,0.0026580079664253143
18119,160,0.0025276913297311555
18119,161,0.00238375091489025
18119,162,0.002270994708393352
18119,163,0.0021435252632197696
18119,164,0.001978241330417932
18119,165,0.0018758741632329393
18119,166,0.0018069398452343316
18119,167,0.0017560617315046808
18119,168,0.0017016915046170651
18119,169,0.001669492251652968
18119,170,0.0016616493549430845
18119,171,0.0014229434301165909
18119,172,0.0013800698353123207
18119,173,0.0013877433289458069
18119,174,0.001388691372748467
18119,175,0.0012146252856087014
18119,176,0.0012481461955405697
18119,177,0.0013284860039351218
18119,178,0.0013405700290923005
18119,179,0.0013534593853731383
18119,180,0.0013725847029150038
18119,181,0.0013713487362533128
18119,182,0.0013680992327303174
18119,183,0.0013456031862049405
18119,184,0.0013149215307167012
18119,185,0.001277051173963201
18119,186,0.0012361041350751395
18119,187,0.0011890821628840727
18119,188,0.0011471974100061987
18119,189,0.0011189683693302677
18119,190,0.0011015611368317313
18119,191,0.0010963198828976665
18119,192,0.0010821394395913821
18119,193,0.0009246566978542849
18119,194,0.000909145494410921
18119,195,0.0009108694866580182
18119,196,0.0008952648280139144
18119,197,0.0007704214743920128
18119,198,0.0007483852885889665
18119,199,0.0007613758055513509
18119,200,0.0006902643674705386
18119,201,0.0007241694746307402
18119,202,0.0007316682079073768
18119,203,0.0007164201245932375
18119,204,0.0007114379947969029
18119,205,0.0007531832972313503
18119,206,0.0008546408480093216
18119,207,0.0009338101069559454
18119,208,0.0009144154823100165
18119,209,0.0009005402600378955
18119,210,0.0009013297337178369
18119,211,0.0008558703298336615
18119,212,0.0008151691619286155
18119,213,0.0007728382649450546
18119,214,0.0007509164157322638
18119,215,0.0007351936009496407
39001,73,9.541799283471232e-05
39001,74,0.00012113745979667516
39001,75,0.00013897793398944764
39001,76,0.0001581865048161571
39001,77,0.00017214839311156194
39001,78,0.00019318380457987474
39001,79,0.00022556086834543657
39001,80,0.0003055490705560245
39001,81,0.000411435664754919
39001,82,0.0004688162339092774
39001,83,0.00047580180555584147
39001,84,0.0004973557282267366
39001,85,0.0005428967556636287
39001,86,0.0006219998657391933
39001,87,0.000663910102377091
39001,88,0.0006860584489363694
39001,89,0.0007646020497876119
39001,90,0.0009326858664671739
39001,91,0.0009532883597562914
39001,92,0.0009076836888319555
39001,93,0.0009075624858725751
39001,94,0.000916177263903095
39001,95,0.0009359845288884951
39001,96,0.0009414257473934919
39001,97,0.0008441979046470499
39001,98,0.0008442462612458998
39001,99,0.0008582519574954857
39001,100,0.0008286872820243775
39001,101,0.0008268698765828867
39001,102,0.0007971928794975389
39001,103,0.0008306084986688501
39001,104,0.0008431301479088081
39001,105,0.000901061938390604
39001,106,0.0010216088974017525
39001,107,0.001322602734008837
39001,108,0.0021769506800391166
39001,109,0.0038168062454139997
39001,110,0.005682939564383164
39001,111,0.007414550237654846
39001,112,0.008301106484707827
39001,113,0.008416877710405887
39001,114,0.008567320337074798
39001,115,0.008402523993308824
39001,116,0.00797633400295371
39001,117,0.007635618198396456
39001,118,0.0072566188543054504
39001,119,0.006834192254459256
39001,120,0.006297544048492071
39001,121,0.006103901511728011
39001,122,0.0062915153936060515
39001,123,0.006604763655653752
39001,124,0.0067638154197712545
39001,125,0.007254859674648736
39001,126,0.00798204066875815
39001,127,0.008515194695206537
39001,128,0.008941679132625483
39001,129,0.008526475233700669
39001,130,0.007929679701670935
39001,131,0.007766997185318254
39001,132,0.007841304832439744
39001,133,0.007673543038288083
39001,134,0.007225760934500045
39001,135,0.006798752539467389
39001,136,0.00655355260674577
39001,137,0.006604470848002593
39001,138,0.006786309364917626
39001,139,0.0068606311436943445
39001,140,0.006595312694526333
39001,141,0.006395015403603754
39001,142,0.006196997889602446
39001,143,0.00605731552773707
39001,144,0.006078880131451734
39001,145,0.006108774304385598
39001,146,0.006120867007987971
39001,147,0.006180702872237029
39001,148,0.006325595404775325
39001,149,0.006563727236900189
39001,150,0.006832854485768945
39001,151,0.007143478554758139
39001,152,0.007398318397693596
39001,153,0.007401322520239907
39001,154,0.007431816403533619
39001,155,0.007482300930085587
39001,156,0.007482878772321711
39001,157,0.007329153822096973
39001,158,0.0069138172332279335
39001,159,0.006505295520460853
39001,160,0.006218960773253357
39001,161,0.005866478267824118
39001,162,0.005511753304976206
39001,163,0.005115152675272125
39001,164,0.0046915703337426515
39001,165,0.00435650538872023
39001,166,0.004135237408344256
39001,167,0.003920913811163671
39001,168,0.00378203270724214
39001,169,0.0036583012778632503
39001,170,0.003530135545586534
39001,171,0.003478804812106503
39001,172,0.0034538297024478293
39001,173,0.003302750491514502
39001,174,0.0032829969771265535
39001,175,0.003347697421078326
39001,176,0.003327641677773349
39001,177,0.0033061622454907233
39001,178,0.003222099337697675
39001,179,0.0031646185899590804
39001,180,0.0030261912388418587
39001,181,0.0028239174508788876
39001,182,0.002637350852542085
39001,183,0.0024665668228852325
39001,184,0.0023113624148780516
39001,185,0.002148921038658795
39001,186,0.0020070851187542634
39001,187,0.0019004521494385832
39001,188,0.0017600089902560778
39001,189,0.0016736385157572159
39001,190,0.001592073013359834
39001,191,0.0015081214387693558
39001,192,0.001468541807000067
39001,193,0.0014546393831284426
39001,194,0.00144885595113755
39001,195,0.0013848269788103592
39001,196,0.001350882947951886
39001,197,0.0013357687139107161
39001,198,0.0013346128702617019
39001,199,0.001358362565517198
39001,200,0.0014427034628235846
39001,201,0.0015075867618153979
39001,202,0.0014821117066083482
39001,203,0.001448778255136793
39001,204,0.0014687337468911432
39001,205,0.001393695640279255
39001,206,0.00130020742469838
39001,207,0.001247117748401163
39001,208,0.0011449590942237053
39001,209,0.0010255083704413552
39001,210,0.0009774391389848049
39001,211,0.0008785651847255132
39001,212,0.0008028560675015297
39001,213,0.000779296653632567
39001,214,0.0007314370675992669
39001,215,0.0006877726368572781
39003,73,0.037178668932543416
39003,74,0.034042391711540734
39003,75,0.032330790058931524
39003,76,0.03111850533808473
39003,77,0.030017131930485587
39003,78,0.028150255470322638
39003,79,0.026634137502047715
39003,80,0.0256771262152465
39003,81,0.024672029851793852
39003,82,0.022802219143857497
39003,83,0.02086883868805941
39003,84,0.018352963246427212
39003,85,0.01612590962960776
39003,86,0.01420788574964354
39003,87,0.012696649243646392
39003,88,0.01123120652972642
39003,89,0.009926437378141218
39003,90,0.008718214192008559
39003,91,0.007538987903451619
39003,92,0.006078694024522633
39003,93,0.005237720348204113
39003,94,0.004644226151257957
39003,95,0.004109845055662147
39003,96,0.0037099288988419114
39003,97,0.0033274538897390595
39003,98,0.003045982897067779
39003,99,0.002873557547615955
39003,100,0.0027199818412969004
39003,101,0.0025862776042743993
39003,102,0.0025028017338639195
39003,103,0.002373743487722946
39003,104,0.002266741784001508
39003,105,0.0022014589234709545
39003,106,0.0021039352727887663
39003,107,0.002163997219251203
39003,108,0.002516688320492984
39003,109,0.0033774601980254755
39003,110,0.0048012991739656225
39003,111,0.005304120323789796
39003,112,0.005310581369659831
39003,113,0.005349769447575505
39003,114,0.005271550856324516
39003,115,0.004976902407921213
39003,116,0.004555166575673173
39003,117,0.004142728237429628
39003,118,0.0039698243915643975
39003,119,0.003743153891093341
39003,120,0.0034831839476510136
39003,121,0.0034801812868363474
39003,122,0.0036331237772561174
39003,123,0.0036926188837169876
39003,124,0.003691320587318684
39003,125,0.003614577700945103
39003,126,0.003502328136229106
39003,127,0.0035167883441759606
39003,128,0.0037034130448953396
39003,129,0.003630126291352673
39003,130,0.003374316208897763
39003,131,0.00313669221066686
39003,132,0.0029402487319072964
39003,133,0.002698252598586064
39003,134,0.0024696821963127694
39003,135,0.0022330985304298183
39003,136,0.001982881730610896
39003,137,0.0017561144319784617
39003,138,0.001557864209090061
39003,139,0.001354964370810339
39003,140,0.0011649843596288796
39003,141,0.001016587737857355
39003,142,0.0009123570627616112
39003,143,0.000809094867728869
39003,144,0.0007192041453734034
39003,145,0.0006347306570455703
39003,146,0.0005622373732919835
39003,147,0.0005127444835451099
39003,148,0.0004692547178255607
39003,149,0.000439659839179475
39003,150,0.0004158148652306401
39003,151,0.00039810773630864646
39003,152,0.000391877181831179
39003,153,0.00040879183324919293
39003,154,0.0003890084384066257
39003,155,0.0003706800265510994
39003,156,0.0003514804944549526
39003,157,0.00033886947192077405
39003,158,0.0003202594314590274
39003,159,0.0002798529030859309
39003,160,0.00024043625891110283
39003,161,0.00021012090705918352
39003,162,0.00018057415116377363
39003,163,0.0001583029590728659
39003,164,0.0001356216515851851
39003,165,0.00011501890234493826
39003,166,9.826676314913432e-05
39003,167,8.628893368899898e-05
39003,168,7.69980314992491e-05
39003,169,6.685419767420954e-05
39003,170,5.8886015949439135e-05
39003,171,5.5175251700559734e-05
39003,172,5.177748213426097e-05
39003,173,4.744288667827655e-05
39003,174,4.305868913702069e-05
39003,175,4.299800845397032e-05
39003,176,4.985322540308587e-05
39003,177,6.929598207872018e-05
39003,178,8.719589481308593e-05
39003,179,0.0001020101451453697
39003,180,0.00010756889531265282
39003,181,0.00011231002714319732
39003,182,0.00012794743094086202
39003,183,0.00013837438551257534
39003,184,0.00013679116888064803
39003,185,0.00013499026255961186
39003,186,0.00013326451671344055
39003,187,0.0001220899436211888
39003,188,0.00010579856020179289
39003,189,9.58374780850838e-05
39003,190,8.676322267459447e-05
39003,191,7.802193371666061e-05
39003,192,6.866034515070318e-05
39003,193,6.119826924930522e-05
39003,194,5.510603805008045e-05
39003,195,5.2299601015911046e-05
39003,196,4.934756723812425e-05
39003,197,5.096346204280836e-05
39003,198,5.086616504608229e-05
39003,199,5.445407870197502e-05
39003,200,6.921858109104674e-05
39003,201,8.951335138457969e-05
39003,202,0.00010732120312769432
39003,203,0.00011604346977763116
39003,204,0.000133720716578389
39003,205,0.0001298902297710557
39003,206,0.00013052875402044852
39003,207,0.00013936080826068342
39003,208,0.00012980098208759163
39003,209,0.00012094180464652777
39003,210,0.000109947502960804
39003,211,0.00010253575590763775
39003,212,9.875226003429459e-05
39003,213,0.0001021191908020841
39003,214,0.00010104122898779079
39003,215,9.834574877289302e-05
39005,73,0.13148595306671446
39005,74,0.11508535127190019
39005,75,0.10426722239309359
39005,76,0.09933294353548772
39005,77,0.09237315381467878
39005,78,0.08513267570087359
39005,79,0.07758017311815618
39005,80,0.07248389662891218
39005,81,0.06973239014518368
39005,82,0.06589290252626265
39005,83,0.06250396793133635
39005,84,0.059000760944660995
39005,85,0.054943153308340376
39005,86,0.052418981859202345
39005,87,0.0489974691653944
39005,88,0.04498682089362821
39005,89,0.04182341886109995
39005,90,0.038858025969217204
39005,91,0.03514687614751533
39005,92,0.028994997125494984
39005,93,0.026260845373226413
39005,94,0.024262994407386797
39005,95,0.022122265762114738
39005,96,0.02025046491018887
39005,97,0.018623493988340713
39005,98,0.01753796545805318
39005,99,0.0168092221249533
39005,100,0.016065293990287523
39005,101,0.015514351403201619
39005,102,0.015111493998169355
39005,103,0.014782529398530695
39005,104,0.014499050585686376
39005,105,0.014023222950392286
39005,106,0.013426090366824654
39005,107,0.012820286452410878
39005,108,0.012612130099581927
39005,109,0.012746430056766688
39005,110,0.013135231761013996
39005,111,0.013288628355410188
39005,112,0.013085750732718044
39005,113,0.012920601172722281
39005,114,0.012708517796834419
39005,115,0.01171161149227008
39005,116,0.010564355146274244
39005,117,0.0099058561796027
39005,118,0.009527725502920865
39005,119,0.009231181880043751
39005,120,0.009239680795646335
39005,121,0.009589526273430056
39005,122,0.010114418931749277
39005,123,0.011858750213648513
39005,124,0.012891658485845722
39005,125,0.015369891779700669
39005,126,0.014425440194666295
39005,127,0.013220287228662506
39005,128,0.012413146968802975
39005,129,0.011400844113030226
39005,130,0.010888457124724468
39005,131,0.009911509285371631
39005,132,0.008855790315566943
39005,133,0.007603621752155993
39005,134,0.006650324773735895
39005,135,0.005801559743377086
39005,136,0.00493333499055613
39005,137,0.004197028054182773
39005,138,0.003512872067661368
39005,139,0.00302305582127639
39005,140,0.002623080895977333
39005,141,0.002414381853495258
39005,142,0.0022728427959362255
39005,143,0.0020849569875457724
39005,144,0.0019953478540799497
39005,145,0.0019178461022606222
39005,146,0.0018764577391552596
39005,147,0.0018545236408933235
39005,148,0.001816464947209577
39005,149,0.0017991993991835259
39005,150,0.0018067238977747752
39005,151,0.0018324675616986676
39005,152,0.001828807455754251
39005,153,0.0018048794916083178
39005,154,0.0017612053018656857
39005,155,0.0016692696412741951
39005,156,0.0015858790094726862
39005,157,0.0015598204613515246
39005,158,0.0015484808294257675
39005,159,0.0014939000060209143
39005,160,0.0013348654557048098
39005,161,0.0011837390255859048
39005,162,0.0010945100286215278
39005,163,0.0009722332624664141
39005,164,0.0008634951453843445
39005,165,0.0007824690156512811
39005,166,0.0007338839888916584
39005,167,0.0007041713274527847
39005,168,0.0006710090809152846
39005,169,0.0006334995954140032
39005,170,0.000600094474348294
39005,171,0.0005745270402736327
39005,172,0.0005549630345996781
39005,173,0.0005392597062534557
39005,174,0.0005327495765666173
39005,175,0.0005367556727617961
39005,176,0.0005525615768509408
39005,177,0.0005551980032073015
39005,178,0.0005675410186294686
39005,179,0.0005625628946582641
39005,180,0.0005464176157829907
39005,181,0.0005348895690935971
39005,182,0.0005287923228627097
39005,183,0.0005101467394361736
39005,184,0.0004897016869673472
39005,185,0.0004763619324187052
39005,186,0.0004834935824013524
39005,187,0.0004366724835775345
39005,188,0.00038993459256666087
39005,189,0.00036297256605824144
39005,190,0.000342745522647402
39005,191,0.000327030054352753
39005,192,0.0003190204339496332
39005,193,0.0003145248521041888
39005,194,0.00031406715889337905
39005,195,0.0003153836633517488
39005,196,0.0003190616130639984
39005,197,0.00033102411986264706
39005,198,0.0003486282325147372
39005,199,0.00035171037213055454
39005,200,0.00037241814670813827
39005,201,0.0004076000854377985
39005,202,0.00043625338023836255
39005,203,0.00044685251745272034
39005,204,0.00045001932644094824
39005,205,0.0004399324170224624
39005,206,0.0004244040334900593
39005,207,0.00039337548839820296
39005,208,0.00036332064193828875
39005,209,0.00033906599537948066
39005,210,0.0003118249803849135
39005,211,0.000290173090241959
39005,212,0.00026531123391247056
39005,213,0.00023516782772557528
39005,214,0.00021385419018224414
39005,215,0.0002053578385758257
39007,73,0.04403545865730915
39007,74,0.04404393955422234
39007,75,0.04368801123587712
39007,76,0.04292449168857635
39007,77,0.04129415141956587
39007,78,0.040347279663705764
39007,79,0.03851686623013738
39007,80,0.03611709641421885
39007,81,0.03477564433128397
39007,82,0.032740498152882956
39007,83,0.030579888446764097
39007,84,0.02848947557104061
39007,85,0.02601051144810648
39007,86,0.023796989142256905
39007,87,0.02097436806911183
39007,88,0.018362727118479374
39007,89,0.016448108959987648
39007,90,0.014556145465586095
39007,91,0.01261463104013887
39007,92,0.010769688313360013
39007,93,0.009738399011884126
39007,94,0.008890215578600742
39007,95,0.008052044940348085
39007,96,0.007506077538190783
39007,97,0.007062984631650663
39007,98,0.006779923141338365
39007,99,0.0066543068901723235
39007,100,0.006537469355804358
39007,101,0.006500951555605697
39007,102,0.006513302378562813
39007,103,0.006544166747209994
39007,104,0.0066378343628182325
39007,105,0.00667688040482629
39007,106,0.006462339038931013
39007,107,0.006272853501475824
39007,108,0.006057584920238357
39007,109,0.006047645646173764
39007,110,0.006602410478058773
39007,111,0.008175244005658215
39007,112,0.010935008140927793
39007,113,0.011870616638430854
39007,114,0.011933843861276092
39007,115,0.01237823300411
39007,116,0.013769218807473102
39007,117,0.014413620390433143
39007,118,0.01499055893002414
39007,119,0.015419961974454999
39007,120,0.015380155634732749
39007,121,0.01479160364189251
39007,122,0.013917650340032079
39007,123,0.013265844917903774
39007,124,0.012372259041800268
39007,125,0.011648185997061746
39007,126,0.011164789559744696
39007,127,0.011617124804532187
39007,128,0.011668381568064672
39007,129,0.010959870504496724
39007,130,0.009701907047616415
39007,131,0.008470884132164918
39007,132,0.007628889901806146
39007,133,0.0068456178735677485
39007,134,0.005858175123865558
39007,135,0.0048517534671843375
39007,136,0.004091067898745851
39007,137,0.0035437900051330153
39007,138,0.0031951844662896946
39007,139,0.0029998047736592708
39007,140,0.0029539592350844197
39007,141,0.0029337260043059855
39007,142,0.0030148762419612857
39007,143,0.00309221552420205
39007,144,0.0032012566270737644
39007,145,0.0033134539748292734
39007,146,0.0035321676083995756
39007,147,0.00366633603030197
39007,148,0.0037095396962687926
39007,149,0.003717587496284732
39007,150,0.0037311231264212387
39007,151,0.0037613712723402032
39007,152,0.003792635188697378
39007,153,0.0038158546135527065
39007,154,0.003730597715065545
39007,155,0.0035583676036440356
39007,156,0.003378021050228478
39007,157,0.0031050723735831015
39007,158,0.0028375723528788876
39007,159,0.0026362111766603147
39007,160,0.0024434312692455215
39007,161,0.00230471645418914
39007,162,0.00211358157898641
39007,163,0.0019046836386434989
39007,164,0.001744037514910709
39007,165,0.001631111036120527
39007,166,0.0015710632993422805
39007,167,0.0015508774893893838
39007,168,0.001626211806893328
39007,169,0.0015305131786057344
39007,170,0.0015334428204266163
39007,171,0.0016001300695335035
39007,172,0.0016334541466757394
39007,173,0.001678764704435523
39007,174,0.001743539028870315
39007,175,0.0018881388893022082
39007,176,0.002052246804688816
39007,177,0.002353057800524786
39007,178,0.0027965174359610274
39007,179,0.002932237919768749
39007,180,0.002857985712307877
39007,181,0.002704574726165657
39007,182,0.002472918924891674
39007,183,0.0023107740510524863
39007,184,0.0021568291652467176
39007,185,0.002018233798166324
39007,186,0.0018903917423496923
39007,187,0.001739862906673464
39007,188,0.0015938035027879514
39007,189,0.0015104751254072263
39007,190,0.0014414640006682104
39007,191,0.0013949808952952425
39007,192,0.0013798958543515363
39007,193,0.0013504206892092539
39007,194,0.0013436855140099165
39007,195,0.0013799529094194166
39007,196,0.0014105518650373383
39007,197,0.0014413370745275686
39007,198,0.0014572703621894634
39007,199,0.001566198569300023
39007,200,0.0017011332056702166
39007,201,0.0018282318121070759
39007,202,0.0018098041715677643
39007,203,0.0018115599556657138
39007,204,0.001812178368178511
39007,205,0.001833017770294679
39007,206,0.0017695412981906125
39007,207,0.0017225768195294818
39007,208,0.0016241099934590157
39007,209,0.0015289280306485195
39007,210,0.0015109352117083585
39007,211,0.0015146186866909026
39007,212,0.0013555003129191927
39007,213,0.0012730567278286572
39007,214,0.0012467576006699396
39007,215,0.0012871927154558171
39009,73,0.006112086268074484
39009,74,0.00367385380471755
39009,75,0.003393097928197808
39009,76,0.003174231182127407
39009,77,0.0030692404426495945
39009,78,0.0029639133870419843
39009,79,0.0028503802653739386
39009,80,0.0027111152840599054
39009,81,0.0025876362952618687
39009,82,0.0023887860350144314
39009,83,0.0022115414028291147
39009,84,0.0020606114951829436
39009,85,0.00190616238240543
39009,86,0.0017692501973748146
39009,87,0.0016501537333166926
39009,88,0.001572556311638316
39009,89,0.0014791144718482546
39009,90,0.001367482006664087
39009,91,0.001256642515299809
39009,92,0.0011327080152414863
39009,93,0.0010507142366369257
39009,94,0.0010151028739893385
39009,95,0.0009727072589758351
39009,96,0.0009419396727841947
39009,97,0.0009192784652427675
39009,98,0.0009099052614641705
39009,99,0.0009115790934438109
39009,100,0.0009078294926211624
39009,101,0.0009204205070234361
39009,102,0.000959901876767499
39009,103,0.0010088976375560211
39009,104,0.00106239116897339
39009,105,0.0010843836841299052
39009,106,0.0010499847069398581
39009,107,0.0010638511100914375
39009,108,0.001148859198676709
39009,109,0.0014236319086238871
39009,110,0.001615553972222927
39009,111,0.0017082956065591665
39009,112,0.0021415496508290716
39009,113,0.0028918552569204277
39009,114,0.0033394197184255917
39009,115,0.003179511249669001
39009,116,0.002959676713773358
39009,117,0.00290990852416148
39009,118,0.0027644605246275166
39009,119,0.0027085370927787686
39009,120,0.0025905536386049166
39009,121,0.0024169414305878593
39009,122,0.0023039991184132485
39009,123,0.002219674596949004
39009,124,0.002498517604554072
39009,125,0.0037268491262905405
39009,126,0.004225918993068743
39009,127,0.004162697662515862
39009,128,0.004321933222266378
39009,129,0.004768495993003082
39009,130,0.004953467537800536
39009,131,0.0046720300535028365
39009,132,0.004291066913326599
39009,133,0.003977953775531354
39009,134,0.003731888360224338
39009,135,0.00344533120556924
39009,136,0.0032990579848291225
39009,137,0.0034218355259196284
39009,138,0.004229837319925915
39009,139,0.004529434162639197
39009,140,0.004199981383596098
39009,141,0.003998678244682785
39009,142,0.003938206241898703
39009,143,0.003834490164014138
39009,144,0.003706226124131256
39009,145,0.0035522871164101228
39009,146,0.0034417688660181097
39009,147,0.003383705152425371
39009,148,0.0032710824954754695
39009,149,0.003203564452731667
39009,150,0.003187144743082014
39009,151,0.0031841225140730187
39009,152,0.0032116710259322426
39009,153,0.003182645372721106
39009,154,0.0031344036675367967
39009,155,0.002952442787020053
39009,156,0.002751432727274521
39009,157,0.002552612487419003
39009,158,0.0023596253422450177
39009,159,0.0021647749563298746
39009,160,0.00197256128115581
39009,161,0.0018009671485174335
39009,162,0.0016481037086896733
39009,163,0.001452998499728467
39009,164,0.00127739430996183
39009,165,0.001167376591093891
39009,166,0.0010959363724656632
39009,167,0.001024222359856483
39009,168,0.0009655498730230954
39009,169,0.0009220090325440948
39009,170,0.0008984433254753389
39009,171,0.0008936112448858159
39009,172,0.0008862221551637143
39009,173,0.0008844993109417701
39009,174,0.0008940148078480829
39009,175,0.0008806887464368969
39009,176,0.000919634334421755
39009,177,0.001016709440589208
39009,178,0.0010624201916360476
39009,179,0.0010428801047136825
39009,180,0.0010114666050183528
39009,181,0.000965058444462191
39009,182,0.0009194135059487382
39009,183,0.0008787973808613397
39009,184,0.0008346326922302445
39009,185,0.000788180714211654
39009,186,0.0007446266292160831
39009,187,0.0007057205801397438
39009,188,0.0006593482724516217
39009,189,0.0006151114849925582
39009,190,0.000580307501903134
39009,191,0.0005601733515039209
39009,192,0.0005435942716635982
39009,193,0.0005298811835028124
39009,194,0.0005229805995768457
39009,195,0.0005195028406213378
39009,196,0.000520173226540587
39009,197,0.0005251210863175265
39009,198,0.0004945826110732877
39009,199,0.0004930105094205481
39009,200,0.0005724300642263922
39009,201,0.0006992205105299015
39009,202,0.0007316231846205935
39009,203,0.0007269515635404444
39009,204,0.0006913995469164834
39009,205,0.0006616486242009872
39009,206,0.0006297864468825634
39009,207,0.0005995643136837874
39009,208,0.0005664891644069722
39009,209,0.0005234005422908509
39009,210,0.000496507187142435
39009,211,0.0004542571367481584
39009,212,0.00042252884090889387
39009,213,0.0004046094139442449
39009,214,0.0003732338006680463
39009,215,0.0003487753868797283
39011,73,0.039194255868910934
39011,74,0.036738010995987315
39011,75,0.03536342633288824
39011,76,0.03418892033597599
39011,77,0.03301080869671768
39011,78,0.03127295946768449
39011,79,0.029253843460509514
39011,80,0.027992700668374792
39011,81,0.026980996673133507
39011,82,0.024991190727255936
39011,83,0.022835476595713798
39011,84,0.02103843182163585
39011,85,0.01955999691293837
39011,86,0.018033981778655974
39011,87,0.016733818300007093
39011,88,0.015531440146234018
39011,89,0.014500024155304886
39011,90,0.01311011091302699
39011,91,0.011644940380791188
39011,92,0.009760611371139304
39011,93,0.00872713664466656
39011,94,0.008111694116684746
39011,95,0.007514405433512202
39011,96,0.007042452050352839
39011,97,0.006637474117171123
39011,98,0.006459825664900268
39011,99,0.006380892584760758
39011,100,0.006303256185541339
39011,101,0.006246033756648109
39011,102,0.006189221318874914
39011,103,0.006124136085942103
39011,104,0.006044905493392606
39011,105,0.005898726160467906
39011,106,0.00556713065493869
39011,107,0.00547611335135803
39011,108,0.006009903868995989
39011,109,0.0074085336999820455
39011,110,0.008410113501484186
39011,111,0.008515724392794787
39011,112,0.008692494366913748
39011,113,0.008580190451437273
39011,114,0.00801586922872541
39011,115,0.007296175830833815
39011,116,0.0066404913630396575
39011,117,0.006106170476709407
39011,118,0.005682399710629393
39011,119,0.005295302292401523
39011,120,0.0051238844068404584
39011,121,0.005700456487209489
39011,122,0.006298218585883228
39011,123,0.0070491466068413255
39011,124,0.007174050648898544
39011,125,0.007065528123319238
39011,126,0.006851354610251241
39011,127,0.006584117890563565
39011,128,0.006385639762999383
39011,129,0.005920960915938748
39011,130,0.005632140904427713
39011,131,0.005269821093498359
39011,132,0.004999076303251884
39011,133,0.0047065801320846385
39011,134,0.0043509776610207935
39011,135,0.004012198619864147
39011,136,0.0036423391108008044
39011,137,0.003395893696653539
39011,138,0.003171625063351686
39011,139,0.0029116005742237743
39011,140,0.0026367061574368855
39011,141,0.0024156493123798574
39011,142,0.002216458561519203
39011,143,0.002099370495914825
39011,144,0.002071935036698227
39011,145,0.002036294230113734
39011,146,0.0019895957448724457
39011,147,0.0019482871514016075
39011,148,0.0019247749695559823
39011,149,0.0019061390977147547
39011,150,0.0018671987269065493
39011,151,0.0018634709986682413
39011,152,0.00193924631191229
39011,153,0.0020309689431547945
39011,154,0.0019606852955262126
39011,155,0.0018824496108755867
39011,156,0.0018175467458019417
39011,157,0.0017948801994099027
39011,158,0.0017428649049594995
39011,159,0.001584546363534237
39011,160,0.0014112861783509177
39011,161,0.0012781480109412683
39011,162,0.001119397099698885
39011,163,0.0009767666506556678
39011,164,0.0008486215554993317
39011,165,0.0007636996440913859
39011,166,0.0007171008969924933
39011,167,0.000661826117943358
39011,168,0.0006098341981755327
39011,169,0.0005760618228495245
39011,170,0.0005335979263710282
39011,171,0.0005099806674752901
39011,172,0.0004916107929525049
39011,173,0.00047210813486270895
39011,174,0.00045339561262797243
39011,175,0.00044064751750316045
39011,176,0.0004428555048839828
39011,177,0.0004883752502508285
39011,178,0.0006322718036075139
39011,179,0.0006867889186678747
39011,180,0.0006403386280377361
39011,181,0.0006194341573290799
39011,182,0.0006073671889846443
39011,183,0.0005915043216918064
39011,184,0.0005703386089124386
39011,185,0.000558983917171335
39011,186,0.0005485198885601676
39011,187,0.000517332360390563
39011,188,0.00047457042204481994
39011,189,0.0004656815000511889
39011,190,0.0004619215292697838
39011,191,0.0004507649866059476
39011,192,0.00044239671323924627
39011,193,0.0004336445766082619
39011,194,0.00043294587151254237
39011,195,0.000436209568662509
39011,196,0.00044205880193123035
39011,197,0.0004596935585612504
39011,198,0.000497204744967153
39011,199,0.0005300050775704791
39011,200,0.0005663695986031973
39011,201,0.0005677352854621822
39011,202,0.0005632929837104614
39011,203,0.000562907003181846
39011,204,0.0005768481985576366
39011,205,0.0005324113864500823
39011,206,0.0004979698063569593
39011,207,0.000495237277371568
39011,208,0.0004888125289373131
39011,209,0.0004872091947535746
39011,210,0.00044905087525921747
39011,211,0.00040855029695121176
39011,212,0.0003906858190646532
39011,213,0.0003707736141187635
39011,214,0.0003472633556664927
39011,215,0.00032369768027776957
39013,73,0.12923069789248515
39013,74,0.1259252862373693
39013,75,0.12319875327317444
39013,76,0.12037659039739546
39013,77,0.11797254200363994
39013,78,0.11654860700888725
39013,79,0.11549620841680916
39013,80,0.11355368547612656
39013,81,0.10851061489241658
39013,82,0.10198315945243568
39013,83,0.09555629668468617
39013,84,0.08917884491943869
39013,85,0.08202364243384762
39013,86,0.07495102702826276
39013,87,0.06849905936687195
39013,88,0.062458998324545635
39013,89,0.056383732784702656
39013,90,0.0507677380090421
39013,91,0.04517591052239802
39013,92,0.03782015839630464
39013,93,0.033568565295177204
39013,94,0.03086677173278828
39013,95,0.028599327452648756
39013,96,0.027017309332825746
39013,97,0.0256249323610442
39013,98,0.024795774052950217
39013,99,0.024328682907537848
39013,100,0.02401053871499955
39013,101,0.023703669586312266
39013,102,0.02329287545204003
39013,103,0.022859956795527193
39013,104,0.02241031013784114
39013,105,0.021533092706235397
39013,106,0.0199797849555399
39013,107,0.018384632551682777
39013,108,0.017085125267381672
39013,109,0.015818635127806735
39013,110,0.014657949584876599
39013,111,0.013289705580098189
39013,112,0.012041513970257432
39013,113,0.011535142037889645
39013,114,0.011201980600496651
39013,115,0.010047256884865649
39013,116,0.008985498566444641
39013,117,0.008350070682485958
39013,118,0.007791527720941947
39013,119,0.007306074140175528
39013,120,0.007020032455461258
39013,121,0.006762930408197275
39013,122,0.006422815581939769
39013,123,0.006201855490029594
39013,124,0.0060608342465429425
39013,125,0.006033947519384353
39013,126,0.006304207610936815
39013,127,0.006799028198735505
39013,128,0.006918804315702632
39013,129,0.006725011477059184
39013,130,0.006372749020330947
39013,131,0.006427923114471221
39013,132,0.006171592033412226
39013,133,0.005723073376283648
39013,134,0.0052010965977807065
39013,135,0.004586927907578951
39013,136,0.004171118455785576
39013,137,0.003912847671095011
39013,138,0.003825769736735093
39013,139,0.003806436419979306
39013,140,0.0037660368223377872
39013,141,0.00369335990826947
39013,142,0.003637472523803211
39013,143,0.00356989688673916
39013,144,0.0035438588299835407
39013,145,0.0035288133646939057
39013,146,0.0035191262550978947
39013,147,0.0035429871985317714
39013,148,0.003496048530876668
39013,149,0.003478908246260812
39013,150,0.0035283015785479445
39013,151,0.003589856332946678
39013,152,0.003623335515500691
39013,153,0.0035814719942644934
39013,154,0.0034988697320385083
39013,155,0.0033354333505104428
39013,156,0.0031400525324493966
39013,157,0.0028913953101315096
39013,158,0.002593542119375232
39013,159,0.0023361988761841463
39013,160,0.002084709689469291
39013,161,0.0018611968727965398
39013,162,0.0016652069207163784
39013,163,0.001446070995150728
39013,164,0.0012783686329198188
39013,165,0.0011612593831785655
39013,166,0.0011051546611212622
39013,167,0.0010597338829436372
39013,168,0.0010286159447083756
39013,169,0.0010142172132783483
39013,170,0.0010075846915109472
39013,171,0.0010221574979896266
39013,172,0.0010289836868950027
39013,173,0.0010327717816693927
39013,174,0.0010342847439261938
39013,175,0.0010671373267092154
39013,176,0.0011482375451802832
39013,177,0.00129110248165694
39013,178,0.001494566371930284
39013,179,0.0016889118288980162
39013,180,0.0017970944321721207
39013,181,0.0016938287075988622
39013,182,0.0015998425468501873
39013,183,0.0014977591900792308
39013,184,0.0013753196647543703
39013,185,0.001270293759229063
39013,186,0.001154987225414657
39013,187,0.00102995687580663
39013,188,0.0009230040411486622
39013,189,0.0008363883766247055
39013,190,0.000772172212575775
39013,191,0.0007375794366632923
39013,192,0.0007139748479997859
39013,193,0.0006973598554660526
39013,194,0.0006904749673998887
39013,195,0.0006898204496049541
39013,196,0.0006810546053548499
39013,197,0.0006723922870018995
39013,198,0.0006877806203413406
39013,199,0.0006918111264960216
39013,200,0.000759517313460214
39013,201,0.0008336068807533135
39013,202,0.000827180252154116
39013,203,0.0008060488251786131
39013,204,0.0007935145587703153
39013,205,0.0007433349549934251
39013,206,0.0006702872637532264
39013,207,0.0006103794926325495
39013,208,0.0005601993666549412
39013,209,0.000515185770717286
39013,210,0.00047660023156270573
39013,211,0.00043133390996107253
39013,212,0.00038596322475504895
39013,213,0.0003535390898215375
39013,214,0.0003309305081068294
39013,215,0.0003084078338751929
39015,73,0.0005084411546545646
39015,74,0.0005086723752883367
39015,75,0.0005135356365286813
39015,76,0.0005089510619432876
39015,77,0.0004955561952441319
39015,78,0.0005022425439261449
39015,79,0.0005263521126927274
39015,80,0.0005682513173738776
39015,81,0.0006374316108623586
39015,82,0.000652372047815679
39015,83,0.0006290301497399062
39015,84,0.000616920476137583
39015,85,0.0006242765604160067
39015,86,0.0006221984658137744
39015,87,0.0006117704154604787
39015,88,0.000605668256784397
39015,89,0.0005980868416088867
39015,90,0.000607189951679359
39015,91,0.0005612359849189723
39015,92,0.0005057468664487142
39015,93,0.00048071795094272796
39015,94,0.00046736748446484286
39015,95,0.00045467250590417244
39015,96,0.0004401042022055773
39015,97,0.0004314277320092768
39015,98,0.000422743933871157
39015,99,0.00041667952983718637
39015,100,0.0004110530337834865
39015,101,0.00040627049833755826
39015,102,0.00040564984252422015
39015,103,0.0004120745308679662
39015,104,0.00042343619921768956
39015,105,0.00043993902701340207
39015,106,0.0004902387576520055
39015,107,0.0007241502068130636
39015,108,0.0013123943639148658
39015,109,0.0022379261862215
39015,110,0.004539293133729844
39015,111,0.00792080192864822
39015,112,0.009586302734455869
39015,113,0.009096310359812355
39015,114,0.008443471337870469
39015,115,0.007689273458773655
39015,116,0.0068482360898896874
39015,117,0.006164118987197842
39015,118,0.005407423242088147
39015,119,0.004860077054222542
39015,120,0.004514403203486067
39015,121,0.004494987632425927
39015,122,0.0047338760922760485
39015,123,0.0047681893009048825
39015,124,0.005093659974647459
39015,125,0.005461097461960688
39015,126,0.005793805490698101
39015,127,0.005909689735551833
39015,128,0.005987175739745074
39015,129,0.005647833887149844
39015,130,0.005408888084715966
39015,131,0.005337615714082299
39015,132,0.005072279048919531
39015,133,0.004792640242554011
39015,134,0.004544869626461104
39015,135,0.004276069684321884
39015,136,0.004049850593640312
39015,137,0.003965066806248843
39015,138,0.0038698298192969788
39015,139,0.0036132998926763295
39015,140,0.003212102146560512
39015,141,0.00296647669064556
39015,142,0.0028204709715891046
39015,143,0.002668333793013858
39015,144,0.0025635119538841605
39015,145,0.0024496955388987112
39015,146,0.0023472939986280755
39015,147,0.0023357570099019035
39015,148,0.0023714309359933504
39015,149,0.0023431945554856803
39015,150,0.002306385560731616
39015,151,0.0023433185897670586
39015,152,0.0023292996341769748
39015,153,0.0022432233807348633
39015,154,0.0021554715871368833
39015,155,0.0020661876507546426
39015,156,0.001981976876235874
39015,157,0.0018583376063817602
39015,158,0.0017410754167198061
39015,159,0.0016273971422016795
39015,160,0.0015192510964093854
39015,161,0.0014050811673448006
39015,162,0.0013013148752977445
39015,163,0.001217302079439812
39015,164,0.0011321152067090123
39015,165,0.0010573328555699888
39015,166,0.0009917984586369603
39015,167,0.0009277994656344799
39015,168,0.0008935582256264001
39015,169,0.0008683815432887357
39015,170,0.0008434025344263071
39015,171,0.0008271770026139877
39015,172,0.0008203606979719902
39015,173,0.0007739924535583219
39015,174,0.0007663628548730567
39015,175,0.0007878964400359117
39015,176,0.0008365359044312427
39015,177,0.0008657448964701121
39015,178,0.0008815164420640904
39015,179,0.0008776891041163033
39015,180,0.000849901003768399
39015,181,0.0008392361587252002
39015,182,0.0008144319342452333
39015,183,0.0007728702395148383
39015,184,0.0007436517526106486
39015,185,0.0007182852959336824
39015,186,0.0007033496257343816
39015,187,0.0006751553864430714
39015,188,0.000644419986932027
39015,189,0.0006171650891695042
39015,190,0.0006049439663831971
39015,191,0.000598700133722805
39015,192,0.0005936457192610558
39015,193,0.0005909967898222109
39015,194,0.0005863848695911773
39015,195,0.0005870327453931126
39015,196,0.0005888696683451403
39015,197,0.0005684369391317646
39015,198,0.0005722945788907246
39015,199,0.0005839351651446657
39015,200,0.0006146310156909635
39015,201,0.0006477711700992179
39015,202,0.0006608403812613288
39015,203,0.0006813736608506551
39015,204,0.0006440588108989166
39015,205,0.0006189675418944062
39015,206,0.0005976311573743841
39015,207,0.0005526739366013526
39015,208,0.0005178214685664605
39015,209,0.0004951547138357723
39015,210,0.00047680906664701047
39015,211,0.0004568698796879385
39015,212,0.000432012998816715
39015,213,0.00041611428562268206
39015,214,0.00041066007619349376
39015,215,0.0003964154113727316
39019,73,0.3589772695720153
39019,74,0.3460035264094954
39019,75,0.3376754601689037
39019,76,0.3083394319288137
39019,77,0.2876371344646985
39019,78,0.2714302333605605
39019,79,0.25576333919162153
39019,80,0.24269895389363372
39019,81,0.22914717195913015
39019,82,0.2140286296449692
39019,83,0.2029922514197661
39019,84,0.18879486324150585
39019,85,0.17902563343210898
39019,86,0.1686841023789787
39019,87,0.15479230977889008
39019,88,0.14358285044785224
39019,89,0.1329500052330439
39019,90,0.1217964931313624
39019,91,0.10962772499822342
39019,92,0.09306606136068532
39019,93,0.08516853144602227
39019,94,0.08084895144119267
39019,95,0.07602892790423958
39019,96,0.07140885650746362
39019,97,0.06731187649239273
39019,98,0.06429872869080125
39019,99,0.06281723277473487
39019,100,0.061222007096262195
39019,101,0.05975624701743329
39019,102,0.058101674261625554
39019,103,0.056363559899037
39019,104,0.05501563327272685
39019,105,0.05279681282819954
39019,106,0.04884844947778299
39019,107,0.044612923923883115
39019,108,0.04118736981166825
39019,109,0.0373616204940818
39019,110,0.03250546664491177
39019,111,0.0289177021595513
39019,112,0.027339088160288346
39019,113,0.026101434397319073
39019,114,0.024752995616695417
39019,115,0.021045526051790723
39019,116,0.018212038971628392
39019,117,0.01605929180701703
39019,118,0.014164823167328618
39019,119,0.012620534219046868
39019,120,0.011230993184752392
39019,121,0.010193953610646985
39019,122,0.009543590005386909
39019,123,0.009118827943906392
39019,124,0.008890028152570758
39019,125,0.008776477547183501
39019,126,0.008839453183243525
39019,127,0.009359683412067181
39019,128,0.010289506148187792
39019,129,0.010512564706278116
39019,130,0.00970628396897124
39019,131,0.009417242707882209
39019,132,0.008644847419399563
39019,133,0.007742394650463094
39019,134,0.006764734505894271
39019,135,0.0057749265251378495
39019,136,0.005005291324023825
39019,137,0.004309753557835856
39019,138,0.003817282510695588
39019,139,0.0034792536421171544
39019,140,0.003217780937279367
39019,141,0.00309638817792249
39019,142,0.002933117914080801
39019,143,0.0029956996220011634
39019,144,0.003208624250106874
39019,145,0.0032269311420881817
39019,146,0.0031271253255448573
39019,147,0.0030640785188246283
39019,148,0.003045634255814368
39019,149,0.0030659531634660564
39019,150,0.0031426505669501837
39019,151,0.0032162228743891795
39019,152,0.0033873084175339765
39019,153,0.0034918871050687956
39019,154,0.003450141638962376
39019,155,0.0032622132453620518
39019,156,0.0030783647285293875
39019,157,0.002871305200189809
39019,158,0.0025285367919121947
39019,159,0.002250691350677336
39019,160,0.0020401276413525684
39019,161,0.0018484882621248046
39019,162,0.0016835128090636996
39019,163,0.0014894705491271336
39019,164,0.0013173828284739036
39019,165,0.0011994643283663637
39019,166,0.0011185136421017028
39019,167,0.00106355412962165
39019,168,0.0010323640709634908
39019,169,0.000994906977818182
39019,170,0.0009638401196228872
39019,171,0.0009449571096777888
39019,172,0.0009265677676586114
39019,173,0.0009171196294520291
39019,174,0.000927144100910734
39019,175,0.0009587248208385116
39019,176,0.001063390347720976
39019,177,0.001232928915825036
39019,178,0.001433618771190006
39019,179,0.0016118415296241563
39019,180,0.0015763353110442096
39019,181,0.0014692618244652711
39019,182,0.0014082090456230476
39019,183,0.0013459460370141613
39019,184,0.001269951048610476
39019,185,0.0011607903769041352
39019,186,0.001080828072592002
39019,187,0.000980427089784536
39019,188,0.0008954807082857018
39019,189,0.0008350860788438997
39019,190,0.0007787044749906788
39019,191,0.0007404227560899644
39019,192,0.0007216749468445337
39019,193,0.0007056538297177744
39019,194,0.0006951351238535058
39019,195,0.0006887299054693349
39019,196,0.0006794975258482364
39019,197,0.0006683531500911162
39019,198,0.0006743052545834218
39019,199,0.0007116881706609907
39019,200,0.0007734792624450543
39019,201,0.0008044279603463562
39019,202,0.0007998549815330007
39019,203,0.0008040444827214964
39019,204,0.000815444109968136
39019,205,0.000796633530495746
39019,206,0.0007745438882937071
39019,207,0.0007228399591418368
39019,208,0.0006557473638288978
39019,209,0.0006204652924900246
39019,210,0.0005732654889419916
39019,211,0.000517714837286312
39019,212,0.00047963330348147127
39019,213,0.0004333342113714414
39019,214,0.00040416485015804036
39019,215,0.0003935962879147901
39021,73,0.11332620937444414
39021,74,0.10641020202046501
39021,75,0.10193071806768349
39021,76,0.09896161835745028
39021,77,0.09438496244783955
39021,78,0.09004325041538869
39021,79,0.08489025920862288
39021,80,0.08238796005154492
39021,81,0.07986827175785481
39021,82,0.07277265625152196
39021,83,0.06716857591295124
39021,84,0.06063374067340826
39021,85,0.05568791356612493
39021,86,0.051518289237008304
39021,87,0.047406580623657615
39021,88,0.04384004241370754
39021,89,0.04008771475449177
39021,90,0.036283590542839896
39021,91,0.032157123119690205
39021,92,0.027057024278920053
39021,93,0.024060142324058884
39021,94,0.022062042169852764
39021,95,0.020233348089495375
39021,96,0.01886673083216313
39021,97,0.017801903324059693
39021,98,0.01721294305292788
39021,99,0.01672143283964148
39021,100,0.016361440913156874
39021,101,0.016186316664470807
39021,102,0.016038585036757858
39021,103,0.015878947465853485
39021,104,0.01571020297040762
39021,105,0.015229705642376244
39021,106,0.01440654557401101
39021,107,0.014114692569768534
39021,108,0.014782893446615838
39021,109,0.016324495007125933
39021,110,0.017248943271811343
39021,111,0.01690927503797274
39021,112,0.01685797276540591
39021,113,0.016910373161776647
39021,114,0.015687864877197092
39021,115,0.014084394041698466
39021,116,0.012173212999640875
39021,117,0.011028503210982405
39021,118,0.010262588828898203
39021,119,0.009439033093329411
39021,120,0.008822124198654309
39021,121,0.008573940542305664
39021,122,0.009760573287498728
39021,123,0.010313821924927507
39021,124,0.010211204406686505
39021,125,0.01064923890466036
39021,126,0.010451642642544333
39021,127,0.009926533495523544
39021,128,0.00962704317124656
39021,129,0.009565583996330628
39021,130,0.009083272334682679
39021,131,0.008480697662325858
39021,132,0.007938553733075676
39021,133,0.00737425086385885
39021,134,0.006871348848801121
39021,135,0.006182144167122541
39021,136,0.005488936995898329
39021,137,0.005007900295326889
39021,138,0.004547395360759152
39021,139,0.0041492405876408876
39021,140,0.0037376838815985657
39021,141,0.0034371792181920736
39021,142,0.0031385526928651365
39021,143,0.0029444892251007083
39021,144,0.0029142472591961364
39021,145,0.00283102267806249
39021,146,0.002730307815656324
39021,147,0.00270200381029681
39021,148,0.002673287682659393
39021,149,0.002614704262824026
39021,150,0.002565902520491393
39021,151,0.002576507263374833
39021,152,0.002629877640746036
39021,153,0.0026400147185020027
39021,154,0.002595420106827702
39021,155,0.0024750277056951285
39021,156,0.0023626242117785693
39021,157,0.002203293122917047
39021,158,0.002011858176589134
39021,159,0.001843797168166119
39021,160,0.0017142325838071266
39021,161,0.0015582207949955103
39021,162,0.001393837760624145
39021,163,0.0012467455262118018
39021,164,0.0011240256513349296
39021,165,0.0010375023604666056
39021,166,0.0009736560314427043
39021,167,0.0009174756689157662
39021,168,0.0008582759377104366
39021,169,0.0007883949598874381
39021,170,0.0007367507882174642
39021,171,0.0007162213822575123
39021,172,0.0006869606389249426
39021,173,0.0006610519406909495
39021,174,0.0006532604370965651
39021,175,0.0006516804923620606
39021,176,0.0006720930547760998
39021,177,0.0007058987798184599
39021,178,0.000707703597021079
39021,179,0.0006995404253661588
39021,180,0.0006934529244310634
39021,181,0.00066543581057
39021,182,0.0006325716751421106
39021,183,0.0006030996676056011
39021,184,0.0005667607614221026
39021,185,0.0005212545535340737
39021,186,0.000498503832635649
39021,187,0.0004763514889276416
39021,188,0.00043646629452783365
39021,189,0.00040220515606046044
39021,190,0.000382760532033281
39021,191,0.000372524993292242
39021,192,0.000370120921999741
39021,193,0.00035941002748586786
39021,194,0.00035212499831974425
39021,195,0.0003467833947422239
39021,196,0.0003482011961866255
39021,197,0.0003542431894919615
39021,198,0.00036348366588470805
39021,199,0.00037055934397844275
39021,200,0.0003769597849492683
39021,201,0.00038562323175554903
39021,202,0.00039876103195515334
39021,203,0.0004186620016890476
39021,204,0.0004229283220555536
39021,205,0.00040136727224899003
39021,206,0.00036229002268821543
39021,207,0.0003414929221477433
39021,208,0.00031697181532220096
39021,209,0.00029441094192467204
39021,210,0.0002767311354675981
39021,211,0.0002393530726117401
39021,212,0.00021699646958648022
39021,213,0.00021134262990044539
39021,214,0.00020265043131007768
39021,215,0.00018772655848672395
39041,73,0.06582213120109616
39041,74,0.062265514526991
39041,75,0.06013072767248638
39041,76,0.05796994163665449
39041,77,0.05633167529701503
39041,78,0.054965881314523575
39041,79,0.053505114472461084
39041,80,0.05226044613161421
39041,81,0.04981383584927195
39041,82,0.045948197545164875
39041,83,0.04235499342460309
39041,84,0.03943647466697301
39041,85,0.03635203694785647
39041,86,0.03275378162399099
39041,87,0.02924313292917761
39041,88,0.026361870702887435
39041,89,0.02335967639379788
39041,90,0.02034125582916687
39041,91,0.017790004569949353
39041,92,0.014492702861110904
39041,93,0.01255332910257397
39041,94,0.011229931377821445
39041,95,0.009925972594861367
39041,96,0.008962501205036394
39041,97,0.008092892154568683
39041,98,0.007439581731900455
39041,99,0.00706817389766028
39041,100,0.006737345793682477
39041,101,0.006477322192098544
39041,102,0.006267625725569922
39041,103,0.0061063337736346444
39041,104,0.005956855720059451
39041,105,0.0057646767359422705
39041,106,0.005436544827666125
39041,107,0.005208813055635818
39041,108,0.005299583827718448
39041,109,0.005934901500516518
39041,110,0.007497126441317736
39041,111,0.009395060359130795
39041,112,0.010167156500454088
39041,113,0.009904974102131333
39041,114,0.009703294262903886
39041,115,0.00856664394350001
39041,116,0.007007461403835855
39041,117,0.005995671051805607
39041,118,0.005374256918052875
39041,119,0.004800973307335381
39041,120,0.00435925037587852
39041,121,0.004052686898610747
39041,122,0.004480469868297847
39041,123,0.006627772182608171
39041,124,0.007458814643608981
39041,125,0.0067174361495091
39041,126,0.006241474808109791
39041,127,0.006096162928279536
39041,128,0.005964153965332178
39041,129,0.005608919583869663
39041,130,0.005088939359198799
39041,131,0.004559012099565501
39041,132,0.004098109082364813
39041,133,0.003589945661775651
39041,134,0.0030687736849990188
39041,135,0.002612560505227263
39041,136,0.0022010094487754034
39041,137,0.0019356441176769598
39041,138,0.0016690703023645001
39041,139,0.0014477332125079386
39041,140,0.0012838269608549608
39041,141,0.0011991991017191435
39041,142,0.001126893786694346
39041,143,0.001064057191387903
39041,144,0.0009936515819917867
39041,145,0.0009223058234601289
39041,146,0.0008799557106449374
39041,147,0.0008537882318719631
39041,148,0.000823717969892791
39041,149,0.0007910304722004913
39041,150,0.0007675211248280039
39041,151,0.0007564494691288063
39041,152,0.0007657245073274217
39041,153,0.0007641951587578856
39041,154,0.0007266532028896975
39041,155,0.0006791229797342077
39041,156,0.0006279376718603985
39041,157,0.0005806445115048035
39041,158,0.000534725175372888
39041,159,0.00048822925982424097
39041,160,0.0004494508839190327
39041,161,0.0004092064090220892
39041,162,0.00036719230662182777
39041,163,0.00032202337047538085
39041,164,0.0002809409652724176
39041,165,0.00026047221010018506
39041,166,0.00024406270434237912
39041,167,0.00022896273629383396
39041,168,0.00021903752224500982
39041,169,0.00020054530107479782
39041,170,0.0001774968325706041
39041,171,0.00016725301206540832
39041,172,0.00016137388138473644
39041,173,0.0001605710221882045
39041,174,0.00016197904270439203
39041,175,0.00016985494057289061
39041,176,0.0001895531895533156
39041,177,0.00022471118509762757
39041,178,0.0002526005925917247
39041,179,0.0002707871937378641
39041,180,0.0003041765855950806
39041,181,0.0002862190288635348
39041,182,0.0002612612425597494
39041,183,0.00025690334245520217
39041,184,0.00024564865809014054
39041,185,0.0002298964668288658
39041,186,0.00021715609978543288
39041,187,0.00019947453418193742
39041,188,0.00018030501186863573
39041,189,0.00017339309428893667
39041,190,0.00016850569969703973
39041,191,0.00016325270965796332
39041,192,0.00016196306150003648
39041,193,0.00016193392021121182
39041,194,0.00016216763244829497
39041,195,0.00016344084821638363
39041,196,0.0001621208422476299
39041,197,0.00016879282283365746
39041,198,0.00017845867561075776
39041,199,0.00018895617686788625
39041,200,0.00020915051185490155
39041,201,0.00023914072083200882
39041,202,0.0002579608729540406
39041,203,0.00024570974973508726
39041,204,0.0002344907330417954
39041,205,0.00023704953968014356
39041,206,0.00021962994317897052
39041,207,0.00019904885932346726
39041,208,0.00018027779670324456
39041,209,0.00016462445797851401
39041,210,0.00015230771798119703
39041,211,0.0001338599025131892
39041,212,0.00011096203591351664
39041,213,9.95269312941147e-05
39041,214,8.996138852781761e-05
39041,215,7.92780972684365e-05
39043,73,0.031003662156733718
39043,74,0.02989138609530652
39043,75,0.028528553480452308
39043,76,0.02710107350015645
39043,77,0.025633986595556477
39043,78,0.02457727001554686
39043,79,0.023760568857081443
39043,80,0.023097695309813787
39043,81,0.022384192293735904
39043,82,0.021119360928038115
39043,83,0.019462738601126954
39043,84,0.01816167893940918
39043,85,0.016950546962468345
39043,86,0.01568578082277963
39043,87,0.013965874366855492
39043,88,0.012580289279664248
39043,89,0.0115721478406595
39043,90,0.010595322236376973
39043,91,0.009360649732433272
39043,92,0.007781585742870567
39043,93,0.007040599977284807
39043,94,0.006517573580964092
39043,95,0.006021782669172177
39043,96,0.0056100054710442274
39043,97,0.0052414582182198615
39043,98,0.005002712201057588
39043,99,0.004904341684351267
39043,100,0.004806220672483074
39043,101,0.004702998843397939
39043,102,0.004623520298963049
39043,103,0.0045664742005926025
39043,104,0.004560490651543047
39043,105,0.004448797895417991
39043,106,0.004089304207338781
39043,107,0.0038115376971274003
39043,108,0.0038319570840732163
39043,109,0.004047075602021932
39043,110,0.0043261893456557855
39043,111,0.0046943749299406335
39043,112,0.005680736209250404
39043,113,0.006186910043312609
39043,114,0.005902726997027732
39043,115,0.0053505071698350575
39043,116,0.004949769564609522
39043,117,0.004669791232671042
39043,118,0.0043505196113625575
39043,119,0.004098940870955618
39043,120,0.0041146195743794155
39043,121,0.004157311011026118
39043,122,0.0042170070421462405
39043,123,0.004532963521394901
39043,124,0.005286243662622777
39043,125,0.005681689674769617
39043,126,0.005653926430755243
39043,127,0.005481610190972345
39043,128,0.005621761265728036
39043,129,0.00590589116995888
39043,130,0.006036420974108156
39043,131,0.0058127363033850885
39043,132,0.005436328948496489
39043,133,0.005066258167378272
39043,134,0.004691513706428916
39043,135,0.0042247525108589255
39043,136,0.0038519537607214958
39043,137,0.0035272805389963296
39043,138,0.003236590729714378
39043,139,0.0029637752426396762
39043,140,0.0026248832630934656
39043,141,0.002485609039137332
39043,142,0.0023709772494298555
39043,143,0.0022995507180489125
39043,144,0.002215921812699923
39043,145,0.0021231094240667693
39043,146,0.0020129254649808486
39043,147,0.0019724476906916016
39043,148,0.0019193194851700047
39043,149,0.001866022392004468
39043,150,0.001793487823513644
39043,151,0.0017136021957422003
39043,152,0.0016840650675246757
39043,153,0.0016546122854976333
39043,154,0.0015761497225093557
39043,155,0.0014853881299619273
39043,156,0.0014217987422761103
39043,157,0.0013765365259940264
39043,158,0.0013253799979096312
39043,159,0.0012526250342168768
39043,160,0.0011972967499647546
39043,161,0.0011068936792940564
39043,162,0.001015278120660943
39043,163,0.0009129476241061606
39043,164,0.0008378575141571082
39043,165,0.0007755771928191959
39043,166,0.0007223442620001449
39043,167,0.0006891238716182287
39043,168,0.0006658831836388285
39043,169,0.0006291815735343993
39043,170,0.0006018748138562668
39043,171,0.0005848035326248015
39043,172,0.0005796783781725437
39043,173,0.0005780174618603852
39043,174,0.0005463837030936269
39043,175,0.000554624081765484
39043,176,0.0005755690096454918
39043,177,0.0006161290579025463
39043,178,0.0006422622010549057
39043,179,0.0006225407156907005
39043,180,0.0006076474422316024
39043,181,0.0005996492098649442
39043,182,0.0005928789711466875
39043,183,0.0005813751442049427
39043,184,0.0005623327298340411
39043,185,0.0005414164912935056
39043,186,0.0005230438155511284
39043,187,0.0005024271416233915
39043,188,0.00047011974202284824
39043,189,0.0004492236868556597
39043,190,0.0004311985382843571
39043,191,0.00041210013360966553
39043,192,0.00040210775446247564
39043,193,0.0003901942482767669
39043,194,0.00038255542207506405
39043,195,0.0003823504318262114
39043,196,0.0003848569842550569
39043,197,0.00038760537688479444
39043,198,0.0003901232092479545
39043,199,0.00039775287019264236
39043,200,0.0004324602592580396
39043,201,0.00047957779037019395
39043,202,0.0004882610859637049
39043,203,0.0004738129165459832
39043,204,0.0004519698863004551
39043,205,0.00044145286869873106
39043,206,0.00043268476856308044
39043,207,0.00042979613046993035
39043,208,0.00041388933922214936
39043,209,0.00041690928294532556
39043,210,0.00043164009264422807
39043,211,0.00042139462200233604
39043,212,0.0003982265020316441
39043,213,0.0003841336035172092
39043,214,0.00038736600948596154
39043,215,0.000349624856520013
39047,73,0.010760342498554445
39047,74,0.010080177067181825
39047,75,0.009605665817435723
39047,76,0.009126795416435267
39047,77,0.008622185590099715
39047,78,0.008225877204887941
39047,79,0.007915274079485644
39047,80,0.007519901416880712
39047,81,0.007089673460956733
39047,82,0.0064669719388533355
39047,83,0.00593337616886894
39047,84,0.005448408833521596
39047,85,0.005025239048696592
39047,86,0.0046437324895640866
39047,87,0.00426199829523209
39047,88,0.003971915458290011
39047,89,0.003673119030284931
39047,90,0.0034241379116259868
39047,91,0.003152295130345966
39047,92,0.002829806591989999
39047,93,0.002602938659718304
39047,94,0.002456349895767425
39047,95,0.0023308013299953977
39047,96,0.0022253757494049586
39047,97,0.0021307040973473222
39047,98,0.002049601678428625
39047,99,0.0019891298345158606
39047,100,0.0019402948057490174
39047,101,0.0019008684651066563
39047,102,0.0018684224568648125
39047,103,0.0018636248511562472
39047,104,0.0018969303232858744
39047,105,0.0019175211766856571
39047,106,0.0018487600206638184
39047,107,0.001843426107961669
39047,108,0.002039232603660838
39047,109,0.0026717426419149534
39047,110,0.004152879814901137
39047,111,0.0064225005060284945
39047,112,0.00797829649012266
39047,113,0.008403777750069525
39047,114,0.008480821859064734
39047,115,0.008366557837269008
39047,116,0.007896830574116739
39047,117,0.007622291059684101
39047,118,0.007428522037993331
39047,119,0.0071642325212070805
39047,120,0.0069316840747575895
39047,121,0.0068987250879039294
39047,122,0.006723845509283683
39047,123,0.006936134635343832
39047,124,0.0072249098297069774
39047,125,0.007355666974040147
39047,126,0.007670338373145295
39047,127,0.007834017060245816
39047,128,0.00802946619177235
39047,129,0.007778602651420483
39047,130,0.007471493730313783
39047,131,0.007099773790361236
39047,132,0.006784161749031524
39047,133,0.006504727574206542
39047,134,0.006081416254168114
39047,135,0.005629454946147716
39047,136,0.005395924935131599
39047,137,0.0053869902397600394
39047,138,0.00530024061147539
39047,139,0.005238925775244073
39047,140,0.005022942694777972
39047,141,0.004773782146667455
39047,142,0.004702184939276694
39047,143,0.004521190588967907
39047,144,0.00427194369051282
39047,145,0.00415041794555344
39047,146,0.004076772468095631
39047,147,0.003973715296455036
39047,148,0.003919936816728752
39047,149,0.003818106914135514
39047,150,0.003704893283429308
39047,151,0.0037270981869159895
39047,152,0.003732764769357236
39047,153,0.0035713501500031736
39047,154,0.0034180859368115185
39047,155,0.0032637127636578563
39047,156,0.003115150235916529
39047,157,0.0029372473314614863
39047,158,0.0027364767796921635
39047,159,0.002505081932586644
39047,160,0.0022783776682963664
39047,161,0.002106175013922896
39047,162,0.0019262636615297816
39047,163,0.0017646722273384813
39047,164,0.0016017087766497593
39047,165,0.0014799176566669126
39047,166,0.0014013137336024001
39047,167,0.0013340754083932635
39047,168,0.001310656858936693
39047,169,0.001280982389687954
39047,170,0.0012684731697394627
39047,171,0.0012669729818424321
39047,172,0.0012024061008412007
39047,173,0.0012074491895552187
39047,174,0.0012336154303221817
39047,175,0.0012031310666298283
39047,176,0.0012841214577941492
39047,177,0.0013712986674440767
39047,178,0.0014038068144894668
39047,179,0.0014195797890996238
39047,180,0.0014047352349799331
39047,181,0.0013833664043417118
39047,182,0.0013441898043940696
39047,183,0.001284295359871505
39047,184,0.001249530684744282
39047,185,0.0011700397710274924
39047,186,0.001098699477908408
39047,187,0.001040606393104117
39047,188,0.0009775800763662534
39047,189,0.0009361696508747801
39047,190,0.0009038909238157982
39047,191,0.0008740709366206333
39047,192,0.0008537740777307358
39047,193,0.0008448206179711421
39047,194,0.000846953506987002
39047,195,0.0008520382829157564
39047,196,0.0008594947976314419
39047,197,0.0008697375634451503
39047,198,0.0008844461864391622
39047,199,0.0009192404396402274
39047,200,0.0009442217721188712
39047,201,0.0009263782613760294
39047,202,0.0009188305150623909
39047,203,0.00093302052217563
39047,204,0.0009167439328391134
39047,205,0.0008971760686903665
39047,206,0.0008621679837720339
39047,207,0.0008543678911319077
39047,208,0.0008268847393571144
39047,209,0.0007925052011185924
39047,210,0.0007640965358091156
39047,211,0.0007272596959085972
39047,212,0.0007103919878962009
39047,213,0.0006990930578815025
39047,214,0.0006725919446623844
39047,215,0.0006557454486177221
39057,73,0.031876738621493
39057,74,0.025844967171845742
39057,75,0.021904678730875468
39057,76,0.020558449626286737
39057,77,0.01897939344208637
39057,78,0.01755627169123773
39057,79,0.01621360561886285
39057,80,0.01528637099503852
39057,81,0.014394439604777964
39057,82,0.012843873797781999
39057,83,0.011326960674616547
39057,84,0.010125912873223317
39057,85,0.008746050313319858
39057,86,0.007604076830599374
39057,87,0.0065217181859072715
39057,88,0.0055881605410654685
39057,89,0.004834846004239367
39057,90,0.004180780314020019
39057,91,0.0035579530950996595
39057,92,0.0029616382567426193
39057,93,0.0025471970762688066
39057,94,0.0022456577640826377
39057,95,0.001992995944404943
39057,96,0.0018012987081554254
39057,97,0.001637585372958311
39057,98,0.0015154078593772901
39057,99,0.0014385395075436624
39057,100,0.0013752555798058144
39057,101,0.0013218937860501449
39057,102,0.001275654891673514
39057,103,0.0012390414242208416
39057,104,0.0012203960869462173
39057,105,0.0011967099929394032
39057,106,0.0011513405466581092
39057,107,0.001326251234028765
39057,108,0.0019674176356509784
39057,109,0.002883680385176126
39057,110,0.003930718038328928
39057,111,0.00485036423004136
39057,112,0.0056845249918355155
39057,113,0.006533862838368221
39057,114,0.007173718716245077
39057,115,0.006879628173237338
39057,116,0.006016829885250719
39057,117,0.005479188254728212
39057,118,0.005016576487243486
39057,119,0.004462286632732585
39057,120,0.003992695618981812
39057,121,0.003824888485773523
39057,122,0.004286591173942677
39057,123,0.0043996582189276285
39057,124,0.004222999879832218
39057,125,0.004191081595013345
39057,126,0.004278984825835401
39057,127,0.004214559784504728
39057,128,0.004120161401421432
39057,129,0.004032715335694405
39057,130,0.0036772777523493448
39057,131,0.003311195148830929
39057,132,0.00302584513472116
39057,133,0.002665967655249333
39057,134,0.002406386694827953
39057,135,0.002320021347735577
39057,136,0.002136926319179265
39057,137,0.0019134310465726034
39057,138,0.0017270999254498445
39057,139,0.001529130838250835
39057,140,0.0013583686364118407
39057,141,0.0012664668299709623
39057,142,0.0011707526849907446
39057,143,0.001104704034034854
39057,144,0.0010475059261936311
39057,145,0.0009709148875142895
39057,146,0.0009151463862970683
39057,147,0.0008696519280249035
39057,148,0.0008015741562842669
39057,149,0.0007468176111971197
39057,150,0.0007030559859403769
39057,151,0.0006884634831142724
39057,152,0.0006910145827152615
39057,153,0.0006682840282642543
39057,154,0.000627743802481903
39057,155,0.0005862665076683213
39057,156,0.0005437166812204881
39057,157,0.0005022851034330259
39057,158,0.00046903836817792995
39057,159,0.0004341590697399318
39057,160,0.00040448973044378587
39057,161,0.00039296119667793733
39057,162,0.00041366437594772326
39057,163,0.00037287987645690397
39057,164,0.00032751439328340925
39057,165,0.0003147431754618901
39057,166,0.00030152108707177944
39057,167,0.0002773334205470892
39057,168,0.0002572161255414734
39057,169,0.00023383508994564243
39057,170,0.0002158278367339769
39057,171,0.0002080367799867612
39057,172,0.00020505319842283637
39057,173,0.00020597859914504277
39057,174,0.00020563383734664568
39057,175,0.00021549740751714992
39057,176,0.0002441539162937507
39057,177,0.00028323858879153896
39057,178,0.000309966894222142
39057,179,0.00030793098392411725
39057,180,0.00028716298472053947
39057,181,0.0002786237778925817
39057,182,0.0002761762612889742
39057,183,0.00027155615929854403
39057,184,0.0002544797241443779
39057,185,0.00023177012374786136
39057,186,0.00021732415824253913
39057,187,0.00020319437943709922
39057,188,0.00019094412343447604
39057,189,0.00018235268362615606
39057,190,0.00017227651026673142
39057,191,0.00016479830195332868
39057,192,0.00016081660007963942
39057,193,0.00015176764577679486
39057,194,0.00014587559825183184
39057,195,0.00014639605536559156
39057,196,0.0001458618328027773
39057,197,0.00015050674169762762
39057,198,0.00015841483305274848
39057,199,0.0001748560379304066
39057,200,0.00021338785456111677
39057,201,0.0002531538937258776
39057,202,0.00025538425078745454
39057,203,0.0002476305008707162
39057,204,0.0002333895771989916
39057,205,0.00022372440509595913
39057,206,0.00021149414769885004
39057,207,0.00019140531155249142
39057,208,0.0001769978606785797
39057,209,0.00016052604480145283
39057,210,0.0001441755990824821
39057,211,0.00013323503843751198
39057,212,0.00012500863609582827
39057,213,0.00011738721474964804
39057,214,0.00010906672541042078
39057,215,0.000101179802813203
39067,73,0.24121148913458865
39067,74,0.2350243582039333
39067,75,0.23349891223526759
39067,76,0.22997335948835532
39067,77,0.22494564596371658
39067,78,0.22075085298578545
39067,79,0.21796411624827072
39067,80,0.21295271540815225
39067,81,0.20320012979442953
39067,82,0.19287886614374486
39067,83,0.18419306151210482
39067,84,0.17581580405112318
39067,85,0.16595281446238952
39067,86,0.15689065200825272
39067,87,0.14867860087885493
39067,88,0.1405444982762477
39067,89,0.1297612135233154
39067,90,0.11911033091496781
39067,91,0.11003120471042746
39067,92,0.09683720344973334
39067,93,0.088049670033606
39067,94,0.08295892211016904
39067,95,0.07936969186919825
39067,96,0.07662181397427506
39067,97,0.07465223635296968
39067,98,0.07355505614777369
39067,99,0.07304936132051884
39067,100,0.0728891665283194
39067,101,0.07227077187714208
39067,102,0.07217180339137871
39067,103,0.07142716455781778
39067,104,0.07123908168048651
39067,105,0.07010440244956233
39067,106,0.06549174024865415
39067,107,0.06287491045576137
39067,108,0.060180019732671695
39067,109,0.05629639379032085
39067,110,0.0521101501857627
39067,111,0.04791804361713976
39067,112,0.045750861448539515
39067,113,0.04507044998624474
39067,114,0.04383841082282237
39067,115,0.04040825443936767
39067,116,0.038171423846598475
39067,117,0.036119801035683276
39067,118,0.03461364280147429
39067,119,0.0330719381024768
39067,120,0.03225505579307676
39067,121,0.03183737351453061
39067,122,0.031433209687107014
39067,123,0.031439920893899694
39067,124,0.03133484473426315
39067,125,0.03171953739820579
39067,126,0.03188087774505454
39067,127,0.03336297684497776
39067,128,0.03329992317722792
39067,129,0.03357749667442356
39067,130,0.031749755170468845
39067,131,0.030409146144192205
39067,132,0.02701349064349292
39067,133,0.024094142662281874
39067,134,0.0217947009149705
39067,135,0.019655305162745502
39067,136,0.017656174958699217
39067,137,0.01588679610829243
39067,138,0.014448822983620765
39067,139,0.013579436174512065
39067,140,0.013364630112932745
39067,141,0.013274677442003686
39067,142,0.01306088292631061
39067,143,0.013254883899754539
39067,144,0.01355685687952162
39067,145,0.013007012027090288
39067,146,0.012972256120434181
39067,147,0.013122673793942547
39067,148,0.012952284915413625
39067,149,0.012737806668555682
39067,150,0.012751321797702567
39067,151,0.01266024817694696
39067,152,0.012793759856839705
39067,153,0.012386715510033161
39067,154,0.011693540251975899
39067,155,0.010975217627372177
39067,156,0.01043560050681712
39067,157,0.009788207488766014
39067,158,0.00907712468285969
39067,159,0.008406017850520446
39067,160,0.007793330402255092
39067,161,0.0070720866773838955
39067,162,0.006543894922860097
39067,163,0.006041292240595521
39067,164,0.0056390631830786665
39067,165,0.0053395124740010175
39067,166,0.005181814265937516
39067,167,0.005042273663588457
39067,168,0.004977324932731161
39067,169,0.004924384499561618
39067,170,0.004610991055056808
39067,171,0.004555975261715086
39067,172,0.004531327177387808
39067,173,0.004504215655509244
39067,174,0.00434451114185547
39067,175,0.004323659702462296
39067,176,0.004213837564957997
39067,177,0.004232712915475647
39067,178,0.00433814860789858
39067,179,0.004393649590588267
39067,180,0.004226622008730814
39067,181,0.003923988199731546
39067,182,0.003741332894791288
39067,183,0.00364758651086191
39067,184,0.003469853448549
39067,185,0.003241262355787725
39067,186,0.0030567336011412894
39067,187,0.002861126980651352
39067,188,0.002649678402975736
39067,189,0.0025258408325346928
39067,190,0.0024436764223546323
39067,191,0.00238227508735054
39067,192,0.002356557336977305
39067,193,0.0021781195173067257
39067,194,0.0021660170008140976
39067,195,0.0021698963655751363
39067,196,0.0020431500476611043
39067,197,0.0020125770593973583
39067,198,0.0020135471617213803
39067,199,0.002048395033699372
39067,200,0.0020142791384809497
39067,201,0.0020309302989361525
39067,202,0.0020622528886190027
39067,203,0.002069565628492983
39067,204,0.0019992903357913027
39067,205,0.0018902450985316145
39067,206,0.001769158234885481
39067,207,0.0016611423146073879
39067,208,0.001533805391972418
39067,209,0.0014390226676851622
39067,210,0.001326329068497112
39067,211,0.0012178302099945838
39067,212,0.0011000141458720274
39067,213,0.0010146048033080695
39067,214,0.0009423782916511499
39067,215,0.0008981440797616933
39071,73,0.0005174154179405182
39071,74,0.0005302842550936564
39071,75,0.000543354089037906
39071,76,0.0005712391419442811
39071,77,0.0006272211413038268
39071,78,0.0006853155668669318
39071,79,0.0007078122073643496
39071,80,0.0007582638683353787
39071,81,0.0008103300076471482
39071,82,0.0008281393655357836
39071,83,0.000830514204361833
39071,84,0.0008365051164562782
39071,85,0.0008358080343105663
39071,86,0.0008270896417538804
39071,87,0.0007982148407661774
39071,88,0.0007638029388648851
39071,89,0.0007520176724313132
39071,90,0.0007742977259246871
39071,91,0.0007472640807291958
39071,92,0.0006661262203822064
39071,93,0.0006455489470255872
39071,94,0.0006532964821563798
39071,95,0.0006490419352224794
39071,96,0.0006436228754154832
39071,97,0.000639292464320326
39071,98,0.000640512318278949
39071,99,0.0006338120244579513
39071,100,0.0006269473384919609
39071,101,0.0006158309475028089
39071,102,0.000607268997730383
39071,103,0.000609330291667514
39071,104,0.00062859768841241
39071,105,0.0006656487330609146
39071,106,0.0006810233166624727
39071,107,0.0007384604044649548
39071,108,0.0010435004390013437
39071,109,0.0021686066082758112
39071,110,0.0040372369215798025
39071,111,0.006196915328721314
39071,112,0.008952691994681662
39071,113,0.009223655806480874
39071,114,0.009514755283999204
39071,115,0.009543647813065699
39071,116,0.008468708553946741
39071,117,0.0075868324326236105
39071,118,0.006761636072188108
39071,119,0.006181159403291382
39071,120,0.005576349845748369
39071,121,0.005207340331733324
39071,122,0.005042059749753258
39071,123,0.0051292768456498794
39071,124,0.005262834457192374
39071,125,0.0053866023206603116
39071,126,0.005466006860425039
39071,127,0.005442493481075208
39071,128,0.005666593383232497
39071,129,0.005748812720253837
39071,130,0.005547686419647448
39071,131,0.00528230954737217
39071,132,0.004982685559727963
39071,133,0.00469734641597518
39071,134,0.004232846962176115
39071,135,0.0038618448527481734
39071,136,0.0037580044893456535
39071,137,0.0038660754442725654
39071,138,0.0036846687274813845
39071,139,0.003402555194271873
39071,140,0.003159395580517274
39071,141,0.0029606649850600457
39071,142,0.0028383033992273603
39071,143,0.002666868980078593
39071,144,0.0025685243687195926
39071,145,0.002464398417606171
39071,146,0.002366168802389501
39071,147,0.0023115611859267087
39071,148,0.002280016065458846
39071,149,0.002242125646309201
39071,150,0.0021740971433967
39071,151,0.0021550696123616526
39071,152,0.0021668762927690836
39071,153,0.00210621808831306
39071,154,0.0020172226320082413
39071,155,0.001932061663900451
39071,156,0.0018570014481600616
39071,157,0.0017719157405073798
39071,158,0.001689922142920769
39071,159,0.0015708975022548013
39071,160,0.0014489420430666556
39071,161,0.0013200800180524638
39071,162,0.0012307274785340774
39071,163,0.001137844793749932
39071,164,0.0010529611368187556
39071,165,0.0009895517255376354
39071,166,0.0009348172896299171
39071,167,0.0009055439239261634
39071,168,0.0008844780967473259
39071,169,0.0008559854920057608
39071,170,0.0008290227338077193
39071,171,0.0008136624056667896
39071,172,0.0008087637198090389
39071,173,0.0007643690735699689
39071,174,0.0007395074594505039
39071,175,0.0007623610292706123
39071,176,0.0008214256148852859
39071,177,0.0008178115576017185
39071,178,0.0008187858012938102
39071,179,0.000810978848708969
39071,180,0.0007889264504886083
39071,181,0.000759172845198592
39071,182,0.0007488734934881657
39071,183,0.0007220966212136201
39071,184,0.0006949557829597228
39071,185,0.0006608186547290485
39071,186,0.000633251684482132
39071,187,0.0005938391376579553
39071,188,0.0005544479577163446
39071,189,0.0005290308311080839
39071,190,0.0005076983867874805
39071,191,0.0004871285827022872
39071,192,0.0004780845764012273
39071,193,0.00047314835544863196
39071,194,0.0004728821055932036
39071,195,0.0004734895559162191
39071,196,0.00046908505650244053
39071,197,0.0004713161944886677
39071,198,0.0004792369839199837
39071,199,0.0004575182977746364
39071,200,0.0004754990171019316
39071,201,0.0005350015710921743
39071,202,0.0005625009194812583
39071,203,0.0005525187722474939
39071,204,0.0005334878250970682
39071,205,0.0005176887139223691
39071,206,0.0005195939895976226
39071,207,0.0004967931483627911
39071,208,0.0004719625482326252
39071,209,0.00045027815280572703
39071,210,0.000428566235399053
39071,211,0.00040988134819099667
39071,212,0.0003989411129817255
39071,213,0.0003913536088837598
39071,214,0.00037881879487830386
39071,215,0.00037139497695755586
39079,73,0.010455944839635689
39079,74,0.008873596958653102
39079,75,0.00747165497973881
39079,76,0.006206446214266033
39079,77,0.006119851693350766
39079,78,0.005996193619073522
39079,79,0.0059752275277722856
39079,80,0.005879492992525894
39079,81,0.005748654945679702
39079,82,0.005507229511592433
39079,83,0.005234559884244479
39079,84,0.004928924710212311
39079,85,0.0046423892933544425
39079,86,0.004242815380066246
39079,87,0.003972157339149868
39079,88,0.003813176736720434
39079,89,0.0035925094089144715
39079,90,0.0032851823656690703
39079,91,0.0030096165499832257
39079,92,0.0026662391552643235
39079,93,0.002464767560371163
39079,94,0.0023130689361782505
39079,95,0.0021770258327460813
39079,96,0.0020947267043694997
39079,97,0.00203575448396431
39079,98,0.0020105707948986397
39079,99,0.0020001538420168223
39079,100,0.0019948331698395913
39079,101,0.0020048520282568414
39079,102,0.0020288242201251688
39079,103,0.002007267889847317
39079,104,0.0020839677305101783
39079,105,0.002146952998361007
39079,106,0.0021232165754501756
39079,107,0.0021570860144236085
39079,108,0.0022881774851544164
39079,109,0.0024773922143008155
39079,110,0.002656115699973272
39079,111,0.0028872235189738526
39079,112,0.003084225342045781
39079,113,0.0031792063774697013
39079,114,0.0032247216970607002
39079,115,0.0031960256191013625
39079,116,0.0032149623204383634
39079,117,0.0031875175629412773
39079,118,0.0031183179574334067
39079,119,0.0029479865314829194
39079,120,0.002706284572945578
39079,121,0.0025827462902027615
39079,122,0.0025051706077270897
39079,123,0.0025153631364696776
39079,124,0.0026275332686773803
39079,125,0.002787974643719085
39079,126,0.0028779525469100676
39079,127,0.003174818532770275
39079,128,0.003520393502806899
39079,129,0.003715777651919538
39079,130,0.003723563070848204
39079,131,0.003681577398999863
39079,132,0.003655794568447841
39079,133,0.0035778198011608385
39079,134,0.003444204775086997
39079,135,0.0034234208633259827
39079,136,0.0035033986530698703
39079,137,0.0037466879004518965
39079,138,0.0037767946440942363
39079,139,0.0037040056383531865
39079,140,0.003693919005684301
39079,141,0.0036408306308610442
39079,142,0.003561221810162129
39079,143,0.0034537231364958373
39079,144,0.0033497231460000577
39079,145,0.0032475034330193735
39079,146,0.0031964906242204195
39079,147,0.0032299007173510375
39079,148,0.003214144589638984
39079,149,0.0031967487308826687
39079,150,0.0031596200762150826
39079,151,0.0031494194193186307
39079,152,0.003130959537301907
39079,153,0.003105467184333804
39079,154,0.0030456168950544885
39079,155,0.0029382875173389563
39079,156,0.002817622898582478
39079,157,0.0026769350841787435
39079,158,0.0025273333286895744
39079,159,0.002365827423273144
39079,160,0.0022151707422359544
39079,161,0.0020514452712273486
39079,162,0.0018887423462740991
39079,163,0.0017107135365365632
39079,164,0.001600699765564264
39079,165,0.001521224973002744
39079,166,0.0014570605126927422
39079,167,0.001389188123141043
39079,168,0.0013500720871462573
39079,169,0.0013191030154921211
39079,170,0.001303396827422501
39079,171,0.001289670783179523
39079,172,0.0012837769377782558
39079,173,0.001224986748208374
39079,174,0.0012189046770296002
39079,175,0.0012585910539804081
39079,176,0.001321089122928878
39079,177,0.0014366126760847913
39079,178,0.0014436238584452563
39079,179,0.0014150946515498345
39079,180,0.0014103091846554142
39079,181,0.001415917974532561
39079,182,0.0013919407668221096
39079,183,0.0013576855009066378
39079,184,0.0012989320746085798
39079,185,0.0012358843203891057
39079,186,0.0011892802265148516
39079,187,0.0011163544435766775
39079,188,0.0010512778796050025
39079,189,0.000985499242660345
39079,190,0.0009246427236374352
39079,191,0.0008876250381359476
39079,192,0.00086825822973558
39079,193,0.0008566941907716728
39079,194,0.0008492316381550379
39079,195,0.0008464100962178524
39079,196,0.0007991750173769666
39079,197,0.0007781113555179011
39079,198,0.0007859447048736223
39079,199,0.0008097027875351082
39079,200,0.0008813143296765689
39079,201,0.0009695219272438115
39079,202,0.0009825441673824895
39079,203,0.0009565997248401353
39079,204,0.0009427052645382682
39079,205,0.0008562234145374777
39079,206,0.0008190832195656261
39079,207,0.0007768730238710617
39079,208,0.0007252883076380028
39079,209,0.0006963708603771712
39079,210,0.0006737725555341617
39079,211,0.000637942982889788
39079,212,0.0006144198123320196
39079,213,0.0006297321121433063
39079,214,0.0006156873034769606
39079,215,0.0006022704675025443
39083,73,0.2036039056609446
39083,74,0.19837949333179536
39083,75,0.1911786449999131
39083,76,0.18268242543707605
39083,77,0.17546823148672747
39083,78,0.16846495541143366
39083,79,0.1593455157374348
39083,80,0.15454357521192438
39083,81,0.1486021737476882
39083,82,0.13918127633884184
39083,83,0.12904644669407908
39083,84,0.12299772916562075
39083,85,0.11408131372940586
39083,86,0.10445674346130396
39083,87,0.09636011172219915
39083,88,0.08632141809742232
39083,89,0.07902962354135946
39083,90,0.07251950687802196
39083,91,0.06522858576290157
39083,92,0.054816906411426586
39083,93,0.04913302261510438
39083,94,0.04577406870307159
39083,95,0.04287223041320174
39083,96,0.04075145217277346
39083,97,0.039063820387496416
39083,98,0.03829073357528802
39083,99,0.03799229013754823
39083,100,0.037759744694513125
39083,101,0.03763252126954031
39083,102,0.03765081379754822
39083,103,0.03721511431120208
39083,104,0.03710040485794438
39083,105,0.03621208795751834
39083,106,0.03381551986930356
39083,107,0.030624324384851197
39083,108,0.028835468350624064
39083,109,0.02757785006902337
39083,110,0.02622546995690193
39083,111,0.024657572434493475
39083,112,0.023319933620242223
39083,113,0.021084526553183117
39083,114,0.01928284244465066
39083,115,0.01630953423706667
39083,116,0.013709485520507896
39083,117,0.011680251310568246
39083,118,0.01069889664966139
39083,119,0.009994099395612745
39083,120,0.00936978936448469
39083,121,0.008874183529843854
39083,122,0.008674793895280456
39083,123,0.008719306797314063
39083,124,0.009134821558261298
39083,125,0.01033471440745162
39083,126,0.010297274737301172
39083,127,0.00974972159168007
39083,128,0.00921376792792296
39083,129,0.008557061377697425
39083,130,0.008118814415450223
39083,131,0.0073363134035731225
39083,132,0.006484757073006575
39083,133,0.005721004232098545
39083,134,0.004999750495897943
39083,135,0.004394156641488325
39083,136,0.0037042288158110797
39083,137,0.003067492698587666
39083,138,0.002582504963584373
39083,139,0.0022321985911871924
39083,140,0.001985846398054273
39083,141,0.0018540786818817732
39083,142,0.0017101086150470967
39083,143,0.0016005718727414452
39083,144,0.0015445749210653073
39083,145,0.001498541443697538
39083,146,0.001481335086876748
39083,147,0.0014326863148098464
39083,148,0.0014056418871783067
39083,149,0.0013907779494266252
39083,150,0.0013742486690354633
39083,151,0.0013753221345054363
39083,152,0.0014000749665413928
39083,153,0.0014238173122246868
39083,154,0.0014114467607324183
39083,155,0.0013721858521908966
39083,156,0.0013455811127292862
39083,157,0.0012896423755137092
39083,158,0.0011958152584967885
39083,159,0.001092658961960518
39083,160,0.0010095514189511793
39083,161,0.000922334262855441
39083,162,0.0008404023429907865
39083,163,0.0007197069725301983
39083,164,0.0006157166066458223
39083,165,0.0005596751465009897
39083,166,0.0005205115676556162
39083,167,0.00047228275633799416
39083,168,0.00043788362474260294
39083,169,0.0004036086240683009
39083,170,0.0003662972979732106
39083,171,0.0003321628174622892
39083,172,0.0003045395462297169
39083,173,0.00029480645549035967
39083,174,0.0002937904180928545
39083,175,0.0003021786888738117
39083,176,0.0003321624891318277
39083,177,0.0004029762606143213
39083,178,0.0004404976322244989
39083,179,0.000432381241889567
39083,180,0.0004252206924632551
39083,181,0.000419626234625988
39083,182,0.00044689477807476844
39083,183,0.00045268220077947815
39083,184,0.0004289385408734457
39083,185,0.0004270594640133287
39083,186,0.00042688913213504413
39083,187,0.0003901741865142434
39083,188,0.0003403893845343525
39083,189,0.00030557043450991494
39083,190,0.00028184130962652533
39083,191,0.00026414652239586603
39083,192,0.0002555246769091184
39083,193,0.00024796880424132024
39083,194,0.00024225183676254166
39083,195,0.00023839460807711688
39083,196,0.0002403354464644013
39083,197,0.00026555371527315036
39083,198,0.00028871581192835977
39083,199,0.00030508724986694896
39083,200,0.00032928556312208397
39083,201,0.00036565106202265897
39083,202,0.0003948756603239083
39083,203,0.00039508033172363377
39083,204,0.00038114901748391005
39083,205,0.00035403185784935756
39083,206,0.00033806316149531673
39083,207,0.0003146257924177181
39083,208,0.00028912006535592794
39083,209,0.00026416307202824213
39083,210,0.0002429200790991201
39083,211,0.00022367422311947793
39083,212,0.00019638812843512514
39083,213,0.0001725089378358264
39083,214,0.00015701732796652798
39083,215,0.00014615630750807533
42001,73,0.004919900875511395
42001,74,0.004662419160687407
42001,75,0.004471882272525408
42001,76,0.004234625694135694
42001,77,0.003946815529416145
42001,78,0.003750332579914189
42001,79,0.0035764660105669617
42001,80,0.0034035226121711705
42001,81,0.00320288218974631
42001,82,0.0028969870887573814
42001,83,0.0025823145385159745
42001,84,0.0022855123490605
42001,85,0.0020000110414627376
42001,86,0.0016419310499119237
42001,87,0.0014159047906209885
42001,88,0.0012605607636464067
42001,89,0.0011255227769973676
42001,90,0.0009697468733227515
42001,91,0.0008095221024016035
42001,92,0.0007010566641013922
42001,93,0.0006431292138922321
42001,94,0.0005916807978768842
42001,95,0.0005423975853322395
42001,96,0.0005118242577247901
42001,97,0.00048653267228039083
42001,98,0.00046977296663658797
42001,99,0.00047149125065233877
42001,100,0.00047134330018395944
42001,101,0.0004227752955770422
42001,102,0.00041673729782087894
42001,103,0.00043487493121185375
42001,104,0.00045507410977176527
42001,105,0.0004844136753404812
42001,106,0.0005079232586471102
42001,107,0.0005012884158470709
42001,108,0.00047296893761284884
42001,109,0.0004541569822902783
42001,110,0.0004428986347578832
42001,111,0.0004295867341003589
42001,112,0.0004203255779302752
42001,113,0.00040731925917925386
42001,114,0.00038123100961325084
42001,115,0.0003507628758664454
42001,116,0.00032903070940228655
42001,117,0.00031323753359330974
42001,118,0.00029786687693266893
42001,119,0.00029071050704575213
42001,120,0.000299471717923478
42001,121,0.0003011528632976758
42001,122,0.000309195262749214
42001,123,0.00032796554620966213
42001,124,0.00035121491979868457
42001,125,0.00038337191385161864
42001,126,0.00041217262988872596
42001,127,0.00043876448124244917
42001,128,0.0004784757459318113
42001,129,0.0005299673209330852
42001,130,0.0006097046048543747
42001,131,0.0006443697749472088
42001,132,0.0006755037959491131
42001,133,0.0006896464339263638
42001,134,0.0007337457236383057
42001,135,0.0007786526604545189
42001,136,0.0008063892020909518
42001,137,0.000922017972921519
42001,138,0.0014155705622121597
42001,139,0.003511485284646375
42001,140,0.011011703946005496
42001,141,0.01882791947760851
42001,142,0.017094853632445707
42001,143,0.013302844379310267
42001,144,0.01260949882000477
42001,145,0.012302233381880199
42001,146,0.01159063395205824
42001,147,0.010408421886550199
42001,148,0.009582771810890999
42001,149,0.009047517561954654
42001,150,0.008524607201402131
42001,151,0.008259363863494872
42001,152,0.007988998234905342
42001,153,0.007696070738262127
42001,154,0.007135841220246705
42001,155,0.006429631014482093
42001,156,0.005778803688692821
42001,157,0.005163075003664406
42001,158,0.004504522648747038
42001,159,0.00391424292734611
42001,160,0.0033998361999470587
42001,161,0.002966282836603373
42001,162,0.002612102469029696
42001,163,0.002303015238067862
42001,164,0.0020715992072805507
42001,165,0.0018987044691415724
42001,166,0.001742655856030768
42001,167,0.0015951735609068484
42001,168,0.0015225888170754156
42001,169,0.0014492575574844907
42001,170,0.001396102724371291
42001,171,0.001375543126479172
42001,172,0.0013668146286432647
42001,173,0.001394900704157446
42001,174,0.0014339605258373292
42001,175,0.0014411140525057184
42001,176,0.0015252582204396826
42001,177,0.001554912218960825
42001,178,0.0015287967780540878
42001,179,0.0014679031413455778
42001,180,0.001381422913937491
42001,181,0.0012890257557040296
42001,182,0.0011496723283694972
42001,183,0.001001447628177135
42001,184,0.0008870881524130016
42001,185,0.0008071796949617965
42001,186,0.0007463461971824375
42001,187,0.0006808546677427325
42001,188,0.0006195462808525882
42001,189,0.0005840698323450275
42001,190,0.0005448416785296156
42001,191,0.0005200783011650293
42001,192,0.0005061183634143724
42001,193,0.00047545670608305576
42001,194,0.0004665577161493074
42001,195,0.0004686825895406224
42001,196,0.0004730154363232221
42001,197,0.00048107584920901
42001,198,0.0004987379929820622
42001,199,0.0005345144790966763
42001,200,0.0006073806745556065
42001,201,0.0006888517069127272
42001,202,0.0007060323251406705
42001,203,0.0006682640215339851
42001,204,0.0006343846572253667
42001,205,0.0005938753267129967
42001,206,0.0005454838740612986
42001,207,0.0005060724786872686
42001,208,0.0004608173898405426
42001,209,0.0004247126850473926
42001,210,0.0004049357147338088
42001,211,0.00038386849118971525
42001,212,0.00037188723030460535
42001,213,0.00038189539766700175
42001,214,0.00037132206882538603
42001,215,0.0003768691302407599
42003,73,0.14063759234448248
42003,74,0.13139435960283108
42003,75,0.12357851037896125
42003,76,0.1195815550579384
42003,77,0.11453410419356845
42003,78,0.11005336572038336
42003,79,0.1063303469048226
42003,80,0.10349061555388793
42003,81,0.09910178216254781
42003,82,0.09155000711912496
42003,83,0.08484524062898546
42003,84,0.0793434424547346
42003,85,0.07294961717688177
42003,86,0.06642752317653329
42003,87,0.05972581712410209
42003,88,0.05335524288156408
42003,89,0.048229898105398746
42003,90,0.042130425728859694
42003,91,0.03603330262320585
42003,92,0.02987176502085597
42003,93,0.02539457022038488
42003,94,0.021692755563665723
42003,95,0.01883506458915224
42003,96,0.016576856836854465
42003,97,0.014466318715676975
42003,98,0.013134713305802629
42003,99,0.012287484686210652
42003,100,0.011596289182346174
42003,101,0.011027165974481161
42003,102,0.010587578651438327
42003,103,0.010255203178120663
42003,104,0.009890586933077754
42003,105,0.009480716691318409
42003,106,0.008946467589616367
42003,107,0.008345856488543113
42003,108,0.007927632630837449
42003,109,0.007513185774043106
42003,110,0.007311333720389628
42003,111,0.007457841614394698
42003,112,0.008227090792438548
42003,113,0.008561919224891856
42003,114,0.008335087098414197
42003,115,0.00768858322161971
42003,116,0.006673159297312404
42003,117,0.005974339341446417
42003,118,0.005539869947888112
42003,119,0.005221578709873154
42003,120,0.005040602372356103
42003,121,0.004603629247379204
42003,122,0.004045658056640545
42003,123,0.0037673913946070395
42003,124,0.003553116677836521
42003,125,0.0033688817546609056
42003,126,0.0032353017121705377
42003,127,0.0036190781596503346
42003,128,0.004488104721105013
42003,129,0.00467674897227001
42003,130,0.004174409978497222
42003,131,0.003906138966566537
42003,132,0.003948940831999112
42003,133,0.003768697142305217
42003,134,0.0035351212758102835
42003,135,0.0033696374386125265
42003,136,0.0030694041901447203
42003,137,0.0029323199707183
42003,138,0.0028591995483731266
42003,139,0.002759505082558035
42003,140,0.002649536896865435
42003,141,0.0026412671967048604
42003,142,0.002449588755722832
42003,143,0.0023787600190573613
42003,144,0.00243432762960657
42003,145,0.002271652057965387
42003,146,0.002097796027295299
42003,147,0.002009427024874142
42003,148,0.0019110754979995179
42003,149,0.0018207666487153335
42003,150,0.0018035535647151718
42003,151,0.001828112401475318
42003,152,0.0018245580868851985
42003,153,0.0018887459267321975
42003,154,0.0019226888620109234
42003,155,0.0019486926967354564
42003,156,0.0019163622078645286
42003,157,0.001858407873857825
42003,158,0.0017344973586026601
42003,159,0.0016519628251859362
42003,160,0.00157931348165599
42003,161,0.0015188101126437732
42003,162,0.001397727701077416
42003,163,0.0012654265927800473
42003,164,0.001114691007024583
42003,165,0.0009800913932426685
42003,166,0.0009034966453170751
42003,167,0.000865665992918664
42003,168,0.0008351951197576468
42003,169,0.0007876875621504133
42003,170,0.0007475049515341169
42003,171,0.0007409710155368749
42003,172,0.0007102070538709042
42003,173,0.000672580730184578
42003,174,0.0006547922592522903
42003,175,0.0006760092949756448
42003,176,0.0007499458077776625
42003,177,0.0008786326898022565
42003,178,0.001000333774914105
42003,179,0.0010720985199159634
42003,180,0.0011014536275830743
42003,181,0.001138399328979902
42003,182,0.0011050036009492817
42003,183,0.0010442404356011453
42003,184,0.0009607327838077631
42003,185,0.0009106364877322552
42003,186,0.0008612871557506461
42003,187,0.0007512812651981586
42003,188,0.0006495142622236601
42003,189,0.0005974658418369533
42003,190,0.0005461696361044056
42003,191,0.0004986255472222781
42003,192,0.00046380122069008856
42003,193,0.00043639377184505633
42003,194,0.00040719245551958864
42003,195,0.0004060403046078821
42003,196,0.0004067331298216213
42003,197,0.0004090981166692458
42003,198,0.000428191851934127
42003,199,0.0004708326996465391
42003,200,0.0005356095422795139
42003,201,0.0006189848194421573
42003,202,0.000640402008573105
42003,203,0.0006177673319213796
42003,204,0.0006255903914620606
42003,205,0.0006225464303418752
42003,206,0.0006110022827929513
42003,207,0.0005892388143019181
42003,208,0.0005504289670661193
42003,209,0.000505778427064986
42003,210,0.0004506609499815641
42003,211,0.00041432494314139884
42003,212,0.0003628371133337943
42003,213,0.0003193483735524007
42003,214,0.00028024101194126604
42003,215,0.0002490252802788879
42011,73,0.0002123753512176943
42011,74,0.0001778602761471251
42011,75,0.00016535335130080878
42011,76,0.0001584346331804181
42011,77,0.0001571278995748256
42011,78,0.00015356247506243328
42011,79,0.0001983443739191297
42011,80,0.0004849511560500651
42011,81,0.00110345219341914
42011,82,0.0018264642462426357
42011,83,0.002368272800962599
42011,84,0.0033794008914112606
42011,85,0.00388288061033985
42011,86,0.0035502166955457487
42011,87,0.0032012668031285493
42011,88,0.0029005788139279363
42011,89,0.002592302306572722
42011,90,0.0022709463699988755
42011,91,0.0019804568053188054
42011,92,0.0016477804365373596
42011,93,0.0014295737374519512
42011,94,0.0012529159162882513
42011,95,0.0011264517623863063
42011,96,0.0010283995297747162
42011,97,0.000945957432987257
42011,98,0.0008901600984516798
42011,99,0.0008481733875596186
42011,100,0.0008200948973666933
42011,101,0.0007916574436249842
42011,102,0.0007563793954466143
42011,103,0.0007358834421594179
42011,104,0.000727253189089569
42011,105,0.0007185358985903695
42011,106,0.0006964719092358693
42011,107,0.0006691601868676489
42011,108,0.0006269173007636048
42011,109,0.0005812831990179646
42011,110,0.000540246613175091
42011,111,0.0004960373432825728
42011,112,0.00045316582090168506
42011,113,0.00041183408166126404
42011,114,0.00037421598619304786
42011,115,0.00033024212987606055
42011,116,0.00029137996259891505
42011,117,0.00026668119600233107
42011,118,0.00024728057036241496
42011,119,0.00022915373828037166
42011,120,0.00021306641737707331
42011,121,0.0002056347012715223
42011,122,0.00020014136643111194
42011,123,0.00019391697657840777
42011,124,0.0001879997678838843
42011,125,0.00018574830241584354
42011,126,0.00019341123118178457
42011,127,0.0002099919901657027
42011,128,0.00023217456006527275
42011,129,0.0002649275698332175
42011,130,0.00031652560717599385
42011,131,0.00037606583680239444
42011,132,0.000524342736082073
42011,133,0.0008545373962841955
42011,134,0.0010349552494531705
42011,135,0.0011445636913807351
42011,136,0.0012602426589108933
42011,137,0.0012310901567885698
42011,138,0.0010902934776449188
42011,139,0.001111211459583097
42011,140,0.0011848223401048279
42011,141,0.002961220619463944
42011,142,0.008786344400300397
42011,143,0.009462424886845741
42011,144,0.007596497084438137
42011,145,0.006819262936275297
42011,146,0.006238134341477847
42011,147,0.005932287901804426
42011,148,0.005316246915504889
42011,149,0.004623711972710732
42011,150,0.00406192643566763
42011,151,0.003606954446780268
42011,152,0.0032580198814203456
42011,153,0.0029490802122314847
42011,154,0.002620033041639858
42011,155,0.0023296518266126866
42011,156,0.00207453552932114
42011,157,0.0018254522319366335
42011,158,0.0016111207338250757
42011,159,0.0013973144514812473
42011,160,0.0012258331484401046
42011,161,0.0010527790034513347
42011,162,0.0008923381759444065
42011,163,0.000728818846442882
42011,164,0.0006177947279657211
42011,165,0.0005446601474995338
42011,166,0.0004828999190220032
42011,167,0.0004253509142105149
42011,168,0.0003690511760911676
42011,169,0.0003185712070870615
42011,170,0.0002829904159922266
42011,171,0.0002589983530795459
42011,172,0.0002415820041378876
42011,173,0.00022802118869299237
42011,174,0.00021877287247677084
42011,175,0.00021532029808084534
42011,176,0.00023592391076013443
42011,177,0.00026452033402737983
42011,178,0.000263778450403764
42011,179,0.00024858221999913313
42011,180,0.00023204130452495017
42011,181,0.0002113547089089066
42011,182,0.0001946736019476347
42011,183,0.00017558088442717892
42011,184,0.00015817081900420399
42011,185,0.00015145446686240608
42011,186,0.0001498690257321495
42011,187,0.00014730410538268623
42011,188,0.00014041471954319502
42011,189,0.00013380080867568796
42011,190,0.00012772396901162715
42011,191,0.00011626381910859037
42011,192,0.00010515656116982517
42011,193,9.783206342368912e-05
42011,194,8.917462421570274e-05
42011,195,8.294259265192029e-05
42011,196,7.972021034843316e-05
42011,197,7.912404039888649e-05
42011,198,8.501931981034396e-05
42011,199,9.726162792988355e-05
42011,200,0.00012117873841395833
42011,201,0.00016486132906358433
42011,202,0.0001869319119833948
42011,203,0.0001849681826618503
42011,204,0.00017363362782997897
42011,205,0.00016591144235285205
42011,206,0.00015988315833124353
42011,207,0.00014960834673401305
42011,208,0.0001400834240925347
42011,209,0.00013036515511877358
42011,210,0.00012957970842076438
42011,211,0.00012863364609000147
42011,212,0.0001338596318173928
42011,213,0.000137227947083926
42011,214,0.0001307899164433569
42011,215,0.0001327774242413174
42017,73,7.823602646160332e-05
42017,74,8.243561119773948e-05
42017,75,8.342874883048203e-05
42017,76,8.878574807802604e-05
42017,77,0.0001004141800106395
42017,78,0.00010992864279249243
42017,79,0.000133098895247589
42017,80,0.00023824884836453852
42017,81,0.0005607310369651695
42017,82,0.0007397302168862955
42017,83,0.0008121022597071909
42017,84,0.000787405976501151
42017,85,0.0007361499597622345
42017,86,0.0006347878940266478
42017,87,0.0005643925284281209
42017,88,0.0005263053983121264
42017,89,0.00048397538447465273
42017,90,0.00042111979273231536
42017,91,0.00036658059146851157
42017,92,0.0003344000116691419
42017,93,0.0003062473025164956
42017,94,0.0002863460513480314
42017,95,0.0002653964672519695
42017,96,0.00024278259399646682
42017,97,0.0002228617171056483
42017,98,0.00020391006549696635
42017,99,0.0001879593040738111
42017,100,0.00017248179480208313
42017,101,0.00016107966600340822
42017,102,0.00016665082273929814
42017,103,0.00017650563086059456
42017,104,0.00018603517716571073
42017,105,0.00019638385978393448
42017,106,0.0001982278620782592
42017,107,0.0001941273009580591
42017,108,0.00019337852002006528
42017,109,0.00019336841537742521
42017,110,0.00019330376730334448
42017,111,0.00019165020801597583
42017,112,0.00017844886807252374
42017,113,0.00016362128875843364
42017,114,0.0001528092681482683
42017,115,0.00014171377919420427
42017,116,0.0001360494664209432
42017,117,0.00014263978325972093
42017,118,0.0001420511581740139
42017,119,0.0001367947326944778
42017,120,0.00012987255517365356
42017,121,0.00013293873093851014
42017,122,0.00014413502447625415
42017,123,0.00016098783131733203
42017,124,0.00017032598720909047
42017,125,0.00018184875246365703
42017,126,0.00024794695686291174
42017,127,0.0004032767602956106
42017,128,0.0004754353876794606
42017,129,0.0005097684142113075
42017,130,0.0005101616898379539
42017,131,0.0005069347114043794
42017,132,0.0004954363498615927
42017,133,0.0004906346375651362
42017,134,0.0005326044859978331
42017,135,0.0005927661377188742
42017,136,0.0005870929641021742
42017,137,0.0005938588078336333
42017,138,0.0006551327743422426
42017,139,0.0006502246878735642
42017,140,0.0006665437408497388
42017,141,0.0008779772413361431
42017,142,0.0036203941106812943
42017,143,0.013156584910557208
42017,144,0.020562196314143882
42017,145,0.016327611180372056
42017,146,0.01207109670778079
42017,147,0.009913395392847024
42017,148,0.00885562638330965
42017,149,0.007519013411883447
42017,150,0.0057329065932953316
42017,151,0.004447270230305542
42017,152,0.003468463844743259
42017,153,0.0027050585761486546
42017,154,0.002069462318607888
42017,155,0.0016364101402780433
42017,156,0.0012894469017868072
42017,157,0.000998137640183987
42017,158,0.0007571149804672256
42017,159,0.0005795834124414541
42017,160,0.00045176297520977337
42017,161,0.00035825781178290696
42017,162,0.0002863057098592046
42017,163,0.00021562461238073196
42017,164,0.00017847172520336603
42017,165,0.000184919327406583
42017,166,0.00017456269407403776
42017,167,0.00016424890936251574
42017,168,0.0001553251925493012
42017,169,0.00013763721413448025
42017,170,0.0001259941937487606
42017,171,0.00012649359419000475
42017,172,0.00012590083474936446
42017,173,0.0001394846766857082
42017,174,0.00015010834130927436
42017,175,0.00016517308133662788
42017,176,0.00019930900805908283
42017,177,0.0002328461291663074
42017,178,0.00023020704133677438
42017,179,0.00021867703025548087
42017,180,0.00020787013307797412
42017,181,0.0001954950119708496
42017,182,0.00017704209091352592
42017,183,0.00016263822607231248
42017,184,0.00014666107959537277
42017,185,0.00014982311776117954
42017,186,0.00016552436725880812
42017,187,0.0001657159664372634
42017,188,0.00016590528818203676
42017,189,0.00015997556735075074
42017,190,0.00015163767143367592
42017,191,0.00014733449958657713
42017,192,0.0001356934795984829
42017,193,0.00013434499411813815
42017,194,0.00013262629606001708
42017,195,0.00012693863823975184
42017,196,0.00011557483081181586
42017,197,0.00010550191516364462
42017,198,0.00010753649360939711
42017,199,0.00012136780228965412
42017,200,0.00016147802013300903
42017,201,0.00019983376010106543
42017,202,0.00019611384809346976
42017,203,0.0001676844673840493
42017,204,0.00014262252302847425
42017,205,0.00013812632308065194
42017,206,0.00013380089457086064
42017,207,0.00013122547051431672
42017,208,0.00012002151629961532
42017,209,0.0001185567248745189
42017,210,0.00012224696613372536
42017,211,0.00012446313573074192
42017,212,0.00013246550032411847
42017,213,0.00013219527042624362
42017,214,0.00012236257680180737
42017,215,0.00011298689035200015
42037,73,4.934872197613156e-05
42037,74,5.9685721205193475e-05
42037,75,6.756136253869072e-05
42037,76,9.729681010863408e-05
42037,77,0.0001911859696922428
42037,78,0.00032572978055191875
42037,79,0.0005474577498743104
42037,80,0.0008911125289563454
42037,81,0.0011157507128035503
42037,82,0.001405627248900229
42037,83,0.0017893780411931428
42037,84,0.0022268737189355793
42037,85,0.0027313028952403954
42037,86,0.0027396669948986526
42037,87,0.00229958835279283
42037,88,0.002009581545104891
42037,89,0.0018104462426156538
42037,90,0.0016092831099342756
42037,91,0.0013709420361849428
42037,92,0.001133326854554727
42037,93,0.0009974721568339567
42037,94,0.0008903484342841124
42037,95,0.0007964527697921238
42037,96,0.0007484974852761438
42037,97,0.000707878007448134
42037,98,0.0006889960200692692
42037,99,0.0006800527725983224
42037,100,0.0006625994127405935
42037,101,0.0006520816347957496
42037,102,0.0006547509677330713
42037,103,0.0006655822746343006
42037,104,0.0006825294125898317
42037,105,0.0006997631040766358
42037,106,0.0007053583581096397
42037,107,0.0006974481376658989
42037,108,0.0006625763242002981
42037,109,0.0006318949947708003
42037,110,0.0005946609589841266
42037,111,0.0005697200961927233
42037,112,0.0005502522122946072
42037,113,0.0005218435442949115
42037,114,0.0004931599615471166
42037,115,0.000467990526120428
42037,116,0.00044693055524045355
42037,117,0.0004415208800232858
42037,118,0.0004399732559732432
42037,119,0.00044866579842220785
42037,120,0.00045599062816608087
42037,121,0.0004871938024874158
42037,122,0.0005876656810994841
42037,123,0.0006319314102211984
42037,124,0.0006706558732574992
42037,125,0.0007129506879120086
42037,126,0.0007456510165831838
42037,127,0.0008117983428767528
42037,128,0.0008956471077801992
42037,129,0.0010560420565114493
42037,130,0.0013107418057479454
42037,131,0.0014012467783129543
42037,132,0.001386448173556721
42037,133,0.0013652096300498433
42037,134,0.0013779482598030239
42037,135,0.0013743230983134132
42037,136,0.0013274245652481061
42037,137,0.0013757064199312976
42037,138,0.0013398475228407125
42037,139,0.0016366103347560785
42037,140,0.003500911437000971
42037,141,0.005577155777981486
42037,142,0.006507995110321431
42037,143,0.0063504395288519816
42037,144,0.006194057558232099
42037,145,0.006311118934627688
42037,146,0.006233795087074496
42037,147,0.00592548883517465
42037,148,0.005697918156140417
42037,149,0.005625614038540521
42037,150,0.005622406751107422
42037,151,0.005254567595287872
42037,152,0.00503960464673986
42037,153,0.0048015859799755934
42037,154,0.004453858821455034
42037,155,0.004048856943026689
42037,156,0.0035965837295847325
42037,157,0.003145051903744374
42037,158,0.002761404433328894
42037,159,0.0024276591652633637
42037,160,0.0021234636404829626
42037,161,0.0018699147937565473
42037,162,0.0016830932111965833
42037,163,0.0015506919204128118
42037,164,0.0013969417934315425
42037,165,0.0013197483799431016
42037,166,0.0012690492251979059
42037,167,0.0012150318525668978
42037,168,0.0011916556180241245
42037,169,0.0011503758099845511
42037,170,0.0011058982301826424
42037,171,0.0011079711298298469
42037,172,0.001113349345492947
42037,173,0.0010433655601258386
42037,174,0.00105176077981771
42037,175,0.0011039516051517902
42037,176,0.0011564101698698635
42037,177,0.0011547837237732917
42037,178,0.001177977571566471
42037,179,0.0011486776556866652
42037,180,0.0010904851776097403
42037,181,0.0010301708274646339
42037,182,0.0009671362058209849
42037,183,0.0009126526114376996
42037,184,0.0008459451785649026
42037,185,0.0007854187124729386
42037,186,0.0007567080357253692
42037,187,0.0007683479006914253
42037,188,0.0007346853275923211
42037,189,0.0006985001792387761
42037,190,0.0006772118136523147
42037,191,0.0006021676954784392
42037,192,0.0005732851725820107
42037,193,0.0005644177658103076
42037,194,0.0005563845166319863
42037,195,0.000545086903590451
42037,196,0.0005350401590535373
42037,197,0.0005415213065134319
42037,198,0.0005352184255397549
42037,199,0.0005673983886968437
42037,200,0.0006063109380748188
42037,201,0.000655190636337792
42037,202,0.0006910055966062202
42037,203,0.0007169092197682107
42037,204,0.0007342861758174772
42037,205,0.0007412555405820798
42037,206,0.0007117693225024992
42037,207,0.0006836411628571814
42037,208,0.0006587658900562133
42037,209,0.0006186945196059166
42037,210,0.0005980120734074164
42037,211,0.0005725167399530905
42037,212,0.0005265832521994476
42037,213,0.0005154934415528592
42037,214,0.000497986157950278
42037,215,0.00047400529521968333
42071,73,0.00025914710068914646
42071,74,0.00022417229412668242
42071,75,0.00020919566463814936
42071,76,0.0002075683102748036
42071,77,0.00020100510967416832
42071,78,0.00019854825381721957
42071,79,0.0002164136523648003
42071,80,0.00035126671058309327
42071,81,0.000750891255991388
42071,82,0.0011078960714395883
42071,83,0.001499642216744106
42071,84,0.0020696662236107145
42071,85,0.0023718201305731905
42071,86,0.0021666401837399187
42071,87,0.0019467376911149704
42071,88,0.0017907085318128564
42071,89,0.0016324791192462568
42071,90,0.0014558910805576612
42071,91,0.0012243613863530802
42071,92,0.0010061564946960758
42071,93,0.0008451589860718334
42071,94,0.0007421405507713494
42071,95,0.0006610202658400194
42071,96,0.0005919017009558868
42071,97,0.0005296396130581878
42071,98,0.0004748633141147601
42071,99,0.0004570460993147491
42071,100,0.00044421064443087103
42071,101,0.0004257381739023072
42071,102,0.00041477737991010166
42071,103,0.0004210812641236936
42071,104,0.00043522130649263716
42071,105,0.0004479434014618186
42071,106,0.0004635603015528221
42071,107,0.0004624404577001802
42071,108,0.0004523241505456697
42071,109,0.0004191344749388501
42071,110,0.0003878824541252471
42071,111,0.00037909438575518557
42071,112,0.0003663254830721899
42071,113,0.0003321716197897307
42071,114,0.0003047665778115507
42071,115,0.0002799061360902912
42071,116,0.00024934535824665504
42071,117,0.00022764646697953292
42071,118,0.00021789178047453464
42071,119,0.00023893180674300886
42071,120,0.00026674997161610543
42071,121,0.0003092875737919809
42071,122,0.00038375047413000205
42071,123,0.00037753844000335793
42071,124,0.00036989420890783456
42071,125,0.0003726444090392407
42071,126,0.000374072544374119
42071,127,0.00036631506998817306
42071,128,0.0003581821521647634
42071,129,0.0003848926564966747
42071,130,0.00040587388069754414
42071,131,0.0005384167867588991
42071,132,0.0008602788891728105
42071,133,0.0011373298122237
42071,134,0.0012496093023745198
42071,135,0.0014121764883229385
42071,136,0.0015967231011795075
42071,137,0.0015464593228137378
42071,138,0.0015675934452799238
42071,139,0.001906554063152261
42071,140,0.005821139765029196
42071,141,0.024352010304470647
42071,142,0.045168559864202755
42071,143,0.05089200268178011
42071,144,0.045780680434503805
42071,145,0.039556456789760296
42071,146,0.03715956879603233
42071,147,0.03572922837240652
42071,148,0.0327078472844262
42071,149,0.03001096358230525
42071,150,0.028169184158920925
42071,151,0.02601251860220633
42071,152,0.024585812104076343
42071,153,0.022490196019575838
42071,154,0.01951131276909069
42071,155,0.017511707925631496
42071,156,0.015219075760814632
42071,157,0.012905743131810869
42071,158,0.01082069943477238
42071,159,0.008847716374512139
42071,160,0.007432507978721964
42071,161,0.0062060722815592655
42071,162,0.005069490118527259
42071,163,0.004179020839863784
42071,164,0.003527398239330491
42071,165,0.0029955684975586884
42071,166,0.0025439980335275427
42071,167,0.0021421574242560344
42071,168,0.0018523631844407909
42071,169,0.0016079321380384347
42071,170,0.0014141011512125866
42071,171,0.0012978709268432712
42071,172,0.0011964663510769882
42071,173,0.0011251593372375106
42071,174,0.0010728477253371797
42071,175,0.0010787390965326493
42071,176,0.001106883724696644
42071,177,0.0011370411111985023
42071,178,0.0011158407838604343
42071,179,0.0010834628038402145
42071,180,0.0010412226996561785
42071,181,0.0009817509205668831
42071,182,0.0008748053886271415
42071,183,0.000822060993557799
42071,184,0.0007515844732602372
42071,185,0.0006774123605879797
42071,186,0.0006423663660600436
42071,187,0.0005694370661438668
42071,188,0.0005154408974784725
42071,189,0.00047774136584566193
42071,190,0.00044513044133717196
42071,191,0.00041671808859363883
42071,192,0.0003685651817445847
42071,193,0.00032602735990333554
42071,194,0.00028574011321050584
42071,195,0.00026033118554257814
42071,196,0.0002475106900384154
42071,197,0.00023746728172726353
42071,198,0.00023629295963551432
42071,199,0.00024804955991740196
42071,200,0.0002697748736830685
42071,201,0.00030782385619690177
42071,202,0.00031182660907316535
42071,203,0.00030910337934911513
42071,204,0.0002979265688073946
42071,205,0.00027327611788643383
42071,206,0.00024857890336265644
42071,207,0.00022218948627743666
42071,208,0.00020011443627245974
42071,209,0.00018206706051283
42071,210,0.0001725315278618423
42071,211,0.00016439546480438843
42071,212,0.0001533320250740847
42071,213,0.00014666286059513133
42071,214,0.00014119553121463808
42071,215,0.00013750738376630127
42073,73,0.042256769360478404
42073,74,0.041024716154461634
42073,75,0.03982766707355862
42073,76,0.038733640953762596
42073,77,0.03700185289994259
42073,78,0.035363519803766494
42073,79,0.03413522122843239
42073,80,0.03294554758920471
42073,81,0.03169923600286532
42073,82,0.029236059100708936
42073,83,0.02692263257827823
42073,84,0.024871466523685014
42073,85,0.022881551457726565
42073,86,0.020682768018903945
42073,87,0.01824558642393375
42073,88,0.0160929660528688
42073,89,0.013965734634949207
42073,90,0.012123390213794901
42073,91,0.010342074259881534
42073,92,0.008485813577447841
42073,93,0.007502567426379471
42073,94,0.00678213394902836
42073,95,0.006186094348780562
42073,96,0.005737371638184278
42073,97,0.005474696537576414
42073,98,0.005377725787835524
42073,99,0.005328677557241655
42073,100,0.005150551587051745
42073,101,0.005136285844014785
42073,102,0.005162103874721104
42073,103,0.005125537885764132
42073,104,0.005118925186107073
42073,105,0.005063774050249473
42073,106,0.004844449507156877
42073,107,0.004569846903779395
42073,108,0.004266304116637002
42073,109,0.004039486421484835
42073,110,0.003935474321413587
42073,111,0.003942383754225929
42073,112,0.004335170898677184
42073,113,0.004591070153954103
42073,114,0.004320618186727061
42073,115,0.0040236970101288
42073,116,0.003912073711717554
42073,117,0.0038602990105166914
42073,118,0.0037301016106462163
42073,119,0.00356190998670988
42073,120,0.0033777989758860456
42073,121,0.003199234055615282
42073,122,0.0030499903303474823
42073,123,0.0029381713898786713
42073,124,0.0028819698633470235
42073,125,0.002822531802045915
42073,126,0.0027834983305423783
42073,127,0.0029437134511186114
42073,128,0.003551757951433186
42073,129,0.00433663242980474
42073,130,0.004854712320960529
42073,131,0.005033539007914391
42073,132,0.004907991257180379
42073,133,0.004565923488871675
42073,134,0.004204215338405338
42073,135,0.0038679327099589646
42073,136,0.003603682203141691
42073,137,0.003415799899549126
42073,138,0.003296836527302839
42073,139,0.003366643853991533
42073,140,0.0035934678956344845
42073,141,0.003779196039907851
42073,142,0.0036909224126761087
42073,143,0.0036079944942405393
42073,144,0.003587084701257842
42073,145,0.0035440100195021996
42073,146,0.003527544657383797
42073,147,0.003423755340757568
42073,148,0.0033480171428387625
42073,149,0.0033636273260857098
42073,150,0.0033846360021175022
42073,151,0.003422109430212004
42073,152,0.0034672857426446347
42073,153,0.003495263263395742
42073,154,0.0034913170131319836
42073,155,0.0033068600055677854
42073,156,0.0031609839933656693
42073,157,0.0029449194671064337
42073,158,0.002649483817884311
42073,159,0.002461759875215674
42073,160,0.002270440177214988
42073,161,0.0020898578312791277
42073,162,0.0018977352913645104
42073,163,0.0017002898122243952
42073,164,0.0015322066908870727
42073,165,0.001430911551131328
42073,166,0.0013675034137977406
42073,167,0.001318806623879931
42073,168,0.0013218576941421568
42073,169,0.0013039012155881752
42073,170,0.0012698673827929133
42073,171,0.0012547094894845292
42073,172,0.001245207695094464
42073,173,0.0012441672298182074
42073,174,0.001270829822781273
42073,175,0.0012582612028404648
42073,176,0.001317562874163278
42073,177,0.001412751023321365
42073,178,0.001520795940489613
42073,179,0.001591311673626755
42073,180,0.0015656894309450603
42073,181,0.0014748012278520087
42073,182,0.0013997599214854836
42073,183,0.0013312649419001518
42073,184,0.0012433206342542815
42073,185,0.0011580702994606112
42073,186,0.0010937689218156862
42073,187,0.001021838122371195
42073,188,0.0009446168640771663
42073,189,0.000891229440692866
42073,190,0.000841402108005256
42073,191,0.0007996688294817741
42073,192,0.0007758326151820464
42073,193,0.0007532082495847554
42073,194,0.0007449548836924747
42073,195,0.0007551105252484204
42073,196,0.0007585455178847649
42073,197,0.0007519266359629018
42073,198,0.0007357870408097797
42073,199,0.0007569249742553661
42073,200,0.0008433773654294757
42073,201,0.0009406458009201645
42073,202,0.000990934442395746
42073,203,0.0010105482572159738
42073,204,0.0010024588513467326
42073,205,0.0009448775634842481
42073,206,0.0008633665074761801
42073,207,0.0008138522535622755
42073,208,0.0007634600445363715
42073,209,0.000738734321025707
42073,210,0.0007086710857298452
42073,211,0.0006657663489080058
42073,212,0.0006058964106876897
42073,213,0.0005971458772154666
42073,214,0.0005970814404171899
42073,215,0.0005789800664192941
42087,73,0.012590711280393841
42087,74,0.012745883549373093
42087,75,0.007331865370278469
42087,76,0.0020411960206843916
42087,77,0.0027579228425402024
42087,78,0.004465058068400554
42087,79,0.005447224844637504
42087,80,0.005996739833394143
42087,81,0.007000523662756764
42087,82,0.007724211097043139
42087,83,0.008270075008350315
42087,84,0.00923216867487458
42087,85,0.009269601400511458
42087,86,0.008634511845511509
42087,87,0.008077515987985225
42087,88,0.007552092520051576
42087,89,0.00714742505719437
42087,90,0.006661895328666564
42087,91,0.005957701361381363
42087,92,0.005160041711580139
42087,93,0.004766917620779168
42087,94,0.004482781659554987
42087,95,0.004268153279189656
42087,96,0.004125482803468563
42087,97,0.0037533731586376867
42087,98,0.0036696566694033044
42087,99,0.0036546140833406933
42087,100,0.003518027377145151
42087,101,0.0034915819384073346
42087,102,0.0034038362204988006
42087,103,0.0034116697848779226
42087,104,0.003428727938082203
42087,105,0.0033529804222240016
42087,106,0.0033023690947221176
42087,107,0.003177933132058847
42087,108,0.002977465666663745
42087,109,0.0028068039439037274
42087,110,0.0026047255814685938
42087,111,0.0023973622994778302
42087,112,0.0022110627010825464
42087,113,0.0020038077099210376
42087,114,0.0018429324410626838
42087,115,0.0017003448110809048
42087,116,0.0015948233321834713
42087,117,0.0015104633836176796
42087,118,0.0014369283111728703
42087,119,0.0013890548492453442
42087,120,0.0013770318785122557
42087,121,0.0012924889566473053
42087,122,0.0013178658733956487
42087,123,0.0013068466318295615
42087,124,0.0013223238834497912
42087,125,0.0012992528827162838
42087,126,0.0013161878813200579
42087,127,0.0013102115274418453
42087,128,0.0013406961265556472
42087,129,0.0013597760642960535
42087,130,0.0013291336870696073
42087,131,0.001346835142534208
42087,132,0.00135974339635781
42087,133,0.0013376786097498844
42087,134,0.0012855388665571127
42087,135,0.0011737619189773505
42087,136,0.00121775380541134
42087,137,0.001473756727208914
42087,138,0.0017096377324510876
42087,139,0.0019360391490819476
42087,140,0.0021052935866721855
42087,141,0.0029830303232203483
42087,142,0.004774378643198434
42087,143,0.006260592496841782
42087,144,0.006499644487015031
42087,145,0.006282255263485061
42087,146,0.006541695770042303
42087,147,0.006906201571861099
42087,148,0.0070884658617272065
42087,149,0.006939714729822212
42087,150,0.006794449135387572
42087,151,0.006720064061796494
42087,152,0.006624459429685598
42087,153,0.0064330650152005535
42087,154,0.006198841400985
42087,155,0.00594239029821624
42087,156,0.005589614152791873
42087,157,0.005156986853607307
42087,158,0.004762742550158526
42087,159,0.004359812485247284
42087,160,0.004011018597083941
42087,161,0.0036699651352257072
42087,162,0.0033156974556925126
42087,163,0.0029988640195000803
42087,164,0.002714477281675178
42087,165,0.002505352474743168
42087,166,0.00236247701563305
42087,167,0.0022360363963302736
42087,168,0.002171321442053381
42087,169,0.0021248399204761024
42087,170,0.002093814984834806
42087,171,0.002081826007139967
42087,172,0.0019893600242849637
42087,173,0.0019919865086890152
42087,174,0.0019073451700705238
42087,175,0.0019172285131080886
42087,176,0.0018992725485642691
42087,177,0.0019562805483482357
42087,178,0.0019985760900258216
42087,179,0.0018920470708235647
42087,180,0.0017854650429948167
42087,181,0.0017225196314192865
42087,182,0.00166609959646918
42087,183,0.0015937705779551204
42087,184,0.0014941750309077336
42087,185,0.0014175452227194467
42087,186,0.0013604912667872086
42087,187,0.0012944408294829352
42087,188,0.0012288329332361034
42087,189,0.0011803805239395582
42087,190,0.0011457435329555918
42087,191,0.001106232258925596
42087,192,0.0010744494132468331
42087,193,0.0010560879884315803
42087,194,0.0010579802684968806
42087,195,0.0010607481862670203
42087,196,0.0009622669959152694
42087,197,0.0009326978154932981
42087,198,0.000942446724588321
42087,199,0.0009178010682003788
42087,200,0.0009663783940537358
42087,201,0.0010307887933912326
42087,202,0.001041974340430756
42087,203,0.0010203022661944199
42087,204,0.0010204674173262083
42087,205,0.0009981325408860715
42087,206,0.000915905330619976
42087,207,0.0008548684610974538
42087,208,0.0008215977293464986
42087,209,0.0008004298341315443
42087,210,0.0007774722399319039
42087,211,0.0007531833538999722
42087,212,0.0007503114436234522
42087,213,0.0007296339685103145
42087,214,0.0006936534095613956
42087,215,0.0006594333079736824
42093,73,8.28235901888773e-05
42093,74,0.00010611111637973575
42093,75,0.00012064899751543352
42093,76,0.0001433965424233153
42093,77,0.00020760061581055506
42093,78,0.00030033882626691544
42093,79,0.0004423603805817349
42093,80,0.000807378124007383
42093,81,0.0012021989058892196
42093,82,0.0015294722334625761
42093,83,0.0029769663036729364
42093,84,0.005073806409522115
42093,85,0.006302858656167704
42093,86,0.005961378876655401
42093,87,0.005331208897121954
42093,88,0.00515008779515605
42093,89,0.005024374244602546
42093,90,0.004796734885444337
42093,91,0.004325260530782276
42093,92,0.003819338798893706
42093,93,0.003515347019820891
42093,94,0.0032676608557954804
42093,95,0.0031484164486094176
42093,96,0.003029717697609646
42093,97,0.0029505702683500466
42093,98,0.002918289918706321
42093,99,0.00290584897024659
42093,100,0.00273228213285118
42093,101,0.002730709772986197
42093,102,0.0025968755777846957
42093,103,0.0026103830242811083
42093,104,0.002630441518207224
42093,105,0.0024566903275116373
42093,106,0.002440570083390164
42093,107,0.002431882205312287
42093,108,0.0024555755232278107
42093,109,0.002585902767631986
42093,110,0.002636278745355785
42093,111,0.0026110904936550126
42093,112,0.0025271076259146073
42093,113,0.0024491370576424382
42093,114,0.0023825549595393666
42093,115,0.0023069723416522052
42093,116,0.0022536208307640175
42093,117,0.0021957386401673163
42093,118,0.0021528784468998123
42093,119,0.002154397243566853
42093,120,0.0021650334975006637
42093,121,0.0021396442840930733
42093,122,0.002144299800563666
42093,123,0.0021987327673961042
42093,124,0.0023365751504911673
42093,125,0.0024326986486464326
42093,126,0.0023787191959603084
42093,127,0.002421961965786328
42093,128,0.002556477445008761
42093,129,0.002885741609535104
42093,130,0.00346928861303754
42093,131,0.0037212413808471014
42093,132,0.0038070842476453366
42093,133,0.003809636085012184
42093,134,0.0037621182972454436
42093,135,0.003654307764789838
42093,136,0.00358234097302908
42093,137,0.003603813564589971
42093,138,0.003561981588662995
42093,139,0.004056483176494064
42093,140,0.004642857825624061
42093,141,0.005563674784262868
42093,142,0.0060085651536466575
42093,143,0.006312301614285007
42093,144,0.00660579362099747
42093,145,0.006802680687286894
42093,146,0.006784639215269417
42093,147,0.00686320386357396
42093,148,0.0069659537182243155
42093,149,0.007189179397845568
42093,150,0.00724979033198574
42093,151,0.007268564394146615
42093,152,0.006839829383660882
42093,153,0.0067839317831781204
42093,154,0.006649948530532317
42093,155,0.006371830580076761
42093,156,0.006164318211538202
42093,157,0.005901476229824107
42093,158,0.005664722137481535
42093,159,0.00543978994466489
42093,160,0.005146708062038748
42093,161,0.004896698472358973
42093,162,0.004724487804249887
42093,163,0.0045374671509919974
42093,164,0.004349709702554664
42093,165,0.004223739731560211
42093,166,0.004087155767766504
42093,167,0.003990605542063327
42093,168,0.003967490110142104
42093,169,0.003918936931747507
42093,170,0.003469134959078527
42093,171,0.003395218160512669
42093,172,0.00337861323289421
42093,173,0.0031999854622191425
42093,174,0.003154864281600017
42093,175,0.0030228952700583843
42093,176,0.00300608825101902
42093,177,0.002927440644385892
42093,178,0.002861579282799182
42093,179,0.0027633920106978
42093,180,0.0026128209683763588
42093,181,0.002569444342475784
42093,182,0.0025364753144485335
42093,183,0.0024633926681850256
42093,184,0.002373599427319312
42093,185,0.002309782975691987
42093,186,0.002252612872056509
42093,187,0.002206162750407938
42093,188,0.0021493853691879317
42093,189,0.002111623337766002
42093,190,0.0020999924611578335
42093,191,0.002077298674642907
42093,192,0.002076171737737332
42093,193,0.00205706280164718
42093,194,0.002035906903727795
42093,195,0.0019889737777736096
42093,196,0.001926725039519822
42093,197,0.001875982882339239
42093,198,0.0018614877138300443
42093,199,0.0018461605398446702
42093,200,0.0018538721131554348
42093,201,0.001709928873510473
42093,202,0.0015961326246484242
42093,203,0.001492606629815466
42093,204,0.0013835413105502496
42093,205,0.0012614952538473425
42093,206,0.0011493370455233248
42093,207,0.001050989966134688
42093,208,0.0009644320180168355
42093,209,0.000892575638197871
42093,210,0.0008441791056620262
42093,211,0.0007901512813894407
42093,212,0.000738824925944983
42093,213,0.000704229486138814
42093,214,0.0006691145289453372
42093,215,0.0006152896393022535
42099,73,0.001647030500363272
42099,74,0.0016998307506984043
42099,75,0.001591465915990175
42099,76,0.0015211634308429076
42099,77,0.0016500669489541697
42099,78,0.0019159274405778357
42099,79,0.0019791590222830602
42099,80,0.0019836357152871248
42099,81,0.002076895266304714
42099,82,0.002115767605038378
42099,83,0.0020603161281757217
42099,84,0.002099932796754126
42099,85,0.002086140394646134
42099,86,0.0018781117718036041
42099,87,0.0017874490032439485
42099,88,0.0017267523908386768
42099,89,0.0016508186620053662
42099,90,0.0014309243204540228
42099,91,0.0012573820264122433
42099,92,0.0011130622663510364
42099,93,0.0010031904382582012
42099,94,0.0009061682597636352
42099,95,0.0008279432386435696
42099,96,0.0007671295495193818
42099,97,0.0007053585433733937
42099,98,0.0006690540654052178
42099,99,0.0006514528507887057
42099,100,0.0006423749925750057
42099,101,0.0005903965192639549
42099,102,0.0005701690261263507
42099,103,0.0005704922801888902
42099,104,0.0005881545114308792
42099,105,0.0006047358489641813
42099,106,0.0005949620003616015
42099,107,0.0005725145451841363
42099,108,0.0005593283252019682
42099,109,0.0005649502681495885
42099,110,0.0005477589204862269
42099,111,0.0005277430539821878
42099,112,0.0005149778483921608
42099,113,0.0005014220394447033
42099,114,0.0004926071346227379
42099,115,0.00046871694111813307
42099,116,0.00045686504301458515
42099,117,0.00047426687440446923
42099,118,0.000487870756170146
42099,119,0.0005032659190199246
42099,120,0.0005104617465773113
42099,121,0.0005224408534052871
42099,122,0.0005632262077526147
42099,123,0.0005939743999553218
42099,124,0.0006057486313844648
42099,125,0.0006321332300567366
42099,126,0.0006831750890429987
42099,127,0.0007129648279678813
42099,128,0.000773477517751106
42099,129,0.000843499564200044
42099,130,0.0009034831205825064
42099,131,0.0009998907072241365
42099,132,0.0011193884746014784
42099,133,0.001265803514945989
42099,134,0.0012834264547214637
42099,135,0.0012786295183975715
42099,136,0.0014115633227493635
42099,137,0.0014924493857418268
42099,138,0.0018842802518538259
42099,139,0.0028949048552502155
42099,140,0.004570177785298106
42099,141,0.006357876255842318
42099,142,0.008450199109976114
42099,143,0.010950620338256717
42099,144,0.010710099374069772
42099,145,0.009359449700909302
42099,146,0.008250528143370434
42099,147,0.007745740181055175
42099,148,0.00745181204517464
42099,149,0.006934442669222042
42099,150,0.0065322127503944704
42099,151,0.00623611503118637
42099,152,0.006005338565960945
42099,153,0.0057642767823848605
42099,154,0.005372178871499242
42099,155,0.004980885014976141
42099,156,0.004622590901366064
42099,157,0.004218696671092183
42099,158,0.0037906742070144255
42099,159,0.003301258154784233
42099,160,0.0029008794150028223
42099,161,0.002523689587846995
42099,162,0.002212316733479488
42099,163,0.0019942655668288424
42099,164,0.0018285262934262204
42099,165,0.0016677556099321156
42099,166,0.0015420216261317636
42099,167,0.0014332075198501216
42099,168,0.001385653964696468
42099,169,0.001328208696916655
42099,170,0.0012547074425748445
42099,171,0.0012244143520159369
42099,172,0.0012033582627823712
42099,173,0.0011891527546301216
42099,174,0.0011872238332412673
42099,175,0.0012201914958663565
42099,176,0.0012221666524808899
42099,177,0.0012750512858353369
42099,178,0.0013171982059925153
42099,179,0.0013370573010884875
42099,180,0.0013254278465256748
42099,181,0.001296704702408916
42099,182,0.001238660784776584
42099,183,0.0012026150933632312
42099,184,0.0011510623770160974
42099,185,0.0010905010566107378
42099,186,0.001036495195714618
42099,187,0.0009756556025740904
42099,188,0.0009186657743924689
42099,189,0.0008784687434563095
42099,190,0.0008360230395794825
42099,191,0.0007957633955656715
42099,192,0.0007623263118372472
42099,193,0.0007399544907416201
42099,194,0.0007492072460194439
42099,195,0.0007531602633321253
42099,196,0.0006940148401325436
42099,197,0.000681934593799753
42099,198,0.0006954883137974127
42099,199,0.0006871107928425604
42099,200,0.000741032098384941
42099,201,0.0007550865496833565
42099,202,0.0008003311351766254
42099,203,0.0008847380892513376
42099,204,0.0009513497985084463
42099,205,0.0008033379870569346
42099,206,0.0007311120722364172
42099,207,0.0007054089710855367
42099,208,0.0006841312557809517
42099,209,0.0006665392818479549
42099,210,0.0006556131997637203
42099,211,0.0006591583476861019
42099,212,0.0006763355405013408
42099,213,0.0006629274905470578
42099,214,0.0006096590180410442
42099,215,0.0005712990726046889
42105,73,0.0019674044289467725
42105,74,0.00542714765320565
42105,75,0.00973756819116324
42105,76,0.015597195612529379
42105,77,0.02460967285650941
42105,78,0.02622093895059567
42105,79,0.026466591403439484
42105,80,0.027982567520085353
42105,81,0.029545190473178596
42105,82,0.03119462231212675
42105,83,0.03127327373653336
42105,84,0.030100722596069048
42105,85,0.029850339417794743
42105,86,0.02934516979142831
42105,87,0.027987537759550492
42105,88,0.027008099864038203
42105,89,0.02603077815365318
42105,90,0.0250719937144943
42105,91,0.02364879223813627
42105,92,0.021886080433387245
42105,93,0.020789869150682184
42105,94,0.02017565864451596
42105,95,0.019802284307943323
42105,96,0.018247493734685642
42105,97,0.017870978995162923
42105,98,0.016877922367255195
42105,99,0.016799322210664977
42105,100,0.01681002653018406
42105,101,0.01634906554024378
42105,102,0.016354146986018368
42105,103,0.016239031773994335
42105,104,0.01639783951297551
42105,105,0.016316365598445064
42105,106,0.01784284033557828
42105,107,0.022309769971495242
42105,108,0.024970343639856295
42105,109,0.026914753247115276
42105,110,0.03003500528578267
42105,111,0.03196884145083322
42105,112,0.032925882287693706
42105,113,0.03226254703395694
42105,114,0.032526222327548766
42105,115,0.033551391798264
42105,116,0.033763519391832746
42105,117,0.03534027742324969
42105,118,0.03654015823255787
42105,119,0.035891922600973625
42105,120,0.03631077565497075
42105,121,0.037874819428114784
42105,122,0.03675755232972835
42105,123,0.037360349698627386
42105,124,0.03729231393160626
42105,125,0.0375268399996787
42105,126,0.03585230760299163
42105,127,0.03673511905907064
42105,128,0.04022049545706623
42105,129,0.04394406782424315
42105,130,0.046949385366858366
42105,131,0.045443370000194556
42105,132,0.03937263349251727
42105,133,0.03397029406115549
42105,134,0.03071028403165808
42105,135,0.028152843181380612
42105,136,0.02615976785733901
42105,137,0.024074753289180562
42105,138,0.022506652992156033
42105,139,0.021698521323932275
42105,140,0.02130117928353145
42105,141,0.020912902810610555
42105,142,0.021211917606530233
42105,143,0.02006982102961674
42105,144,0.020359606326899038
42105,145,0.020641512178678267
42105,146,0.019403570395541622
42105,147,0.020093170391719324
42105,148,0.020191741460695502
42105,149,0.0204671845457561
42105,150,0.020470497395049702
42105,151,0.02127531902166768
42105,152,0.021017646490486427
42105,153,0.02250855279445487
42105,154,0.02236680167738185
42105,155,0.02392818432040754
42105,156,0.023855183830263513
42105,157,0.022003231306051363
42105,158,0.021267076189643276
42105,159,0.021523097460826233
42105,160,0.02247818030003781
42105,161,0.02223761519371027
42105,162,0.021929408294652113
42105,163,0.021531377039105876
42105,164,0.021156719902754837
42105,165,0.02128759082831599
42105,166,0.019021489950495143
42105,167,0.018633851196250335
42105,168,0.01851640885598699
42105,169,0.016736531254683523
42105,170,0.016410915208021376
42105,171,0.015604106499352528
42105,172,0.015426790964002046
42105,173,0.014900848450053645
42105,174,0.014746820805257736
42105,175,0.014567027939507803
42105,176,0.014524959897893793
42105,177,0.013894511983464917
42105,178,0.01356961590374176
42105,179,0.013592481713197158
42105,180,0.013878662493293364
42105,181,0.014017139248061836
42105,182,0.014125798554781062
42105,183,0.013987334252297165
42105,184,0.013846253961171073
42105,185,0.013771258002729218
42105,186,0.01374443665786912
42105,187,0.013654423984887034
42105,188,0.013646332202213833
42105,189,0.013729108922443984
42105,190,0.01372061641653852
42105,191,0.012264881112651782
42105,192,0.012228845095215211
42105,193,0.011153827116863633
42105,194,0.011036689719267299
42105,195,0.010979078258993176
42105,196,0.010294817948603733
42105,197,0.01024216092663558
42105,198,0.009857402665102072
42105,199,0.009851156677057299
42105,200,0.009553827156504727
42105,201,0.009505157463985035
42105,202,0.009352140164465745
42105,203,0.009290254270252617
42105,204,0.00927142758161416
42105,205,0.009128665671421033
42105,206,0.008986643012771646
42105,207,0.008891745807935612
42105,208,0.00890746720286006
42105,209,0.008996286331938932
42105,210,0.008956465072575255
42105,211,0.007253769668702088
42105,212,0.006872909875896315
42105,213,0.006550536503489921
42105,214,0.006112731733351388
42105,215,0.0058746448018690955
42107,73,0.00011933078287927048
42107,74,5.2515027089861754e-05
42107,75,5.132071364851356e-05
42107,76,5.3851053575598164e-05
42107,77,6.172334988724838e-05
42107,78,8.057049902083629e-05
42107,79,0.00010884813044207922
42107,80,0.00018569882216282432
42107,81,0.000334540661983905
42107,82,0.0005005849527679764
42107,83,0.000620420824206564
42107,84,0.0006748300995782881
42107,85,0.0007418186805035034
42107,86,0.0007213717365489794
42107,87,0.0006194699582356624
42107,88,0.000530281756564025
42107,89,0.00046322506593167396
42107,90,0.00040051044412084543
42107,91,0.0003432664196396185
42107,92,0.00029133160788722263
42107,93,0.00026110208345456995
42107,94,0.00023389051680447855
42107,95,0.00021232482498409293
42107,96,0.0001971653940291016
42107,97,0.00018340472270708463
42107,98,0.00017365888852416948
42107,99,0.00016771958011840724
42107,100,0.00016405876334846765
42107,101,0.0001604203246023453
42107,102,0.0001581210889365677
42107,103,0.0001671496752758796
42107,104,0.00019275774598548467
42107,105,0.00021374449904226745
42107,106,0.00021616505729409182
42107,107,0.0002156170730563537
42107,108,0.00020993392813915918
42107,109,0.00019804431884694402
42107,110,0.00018994967153672263
42107,111,0.00018778661045017978
42107,112,0.0001840123359837335
42107,113,0.00017356967026999835
42107,114,0.0001671903117434018
42107,115,0.00015831589630379647
42107,116,0.00014846679171505
42107,117,0.00014695486630051567
42107,118,0.00015296194973407203
42107,119,0.00015993897017690728
42107,120,0.00016651825921337848
42107,121,0.0001842071317018678
42107,122,0.0002003152631884229
42107,123,0.00022082571012639948
42107,124,0.0002458268876366462
42107,125,0.0002594009559925284
42107,126,0.0002742115603475841
42107,127,0.00028818463686975033
42107,128,0.0003200554215672841
42107,129,0.00038399211397311176
42107,130,0.00046007678707428397
42107,131,0.0005496975891430519
42107,132,0.0008275016551867544
42107,133,0.0018803832006870761
42107,134,0.0026141511751908274
42107,135,0.0027469091512760425
42107,136,0.0025800208722520585
42107,137,0.0024347377359250633
42107,138,0.0023115171196489114
42107,139,0.0023823174142813533
42107,140,0.0032272618877942174
42107,141,0.0070698438198753075
42107,142,0.009719802837416148
42107,143,0.009634736966748103
42107,144,0.00871920177183844
42107,145,0.00843888578240827
42107,146,0.007833252542367547
42107,147,0.0068414334288823915
42107,148,0.0061806989447518515
42107,149,0.005683003711705594
42107,150,0.005354753368149545
42107,151,0.004933552157486092
42107,152,0.004635410071076395
42107,153,0.004340120262320672
42107,154,0.003943192441644485
42107,155,0.0035976329648787137
42107,156,0.003175613817960698
42107,157,0.0027674912062370634
42107,158,0.002418342840339635
42107,159,0.0020873185395657444
42107,160,0.0018156923299219056
42107,161,0.0015800293344481698
42107,162,0.00139137367975589
42107,163,0.0012098702498715018
42107,164,0.0010505044179949232
42107,165,0.0009394860467692632
42107,166,0.0008492307606755634
42107,167,0.0007766644233299459
42107,168,0.000724026889122692
42107,169,0.0006618812965503237
42107,170,0.0006168043835573571
42107,171,0.0005877605943406649
42107,172,0.0005636535714895876
42107,173,0.0005482955375981483
42107,174,0.000545044990415356
42107,175,0.0005470715862209058
42107,176,0.0005867618639528308
42107,177,0.0005991593580504008
42107,178,0.0005885835222912636
42107,179,0.0005589295344211536
42107,180,0.0005004879164803687
42107,181,0.00045594667702039573
42107,182,0.00042264101925785325
42107,183,0.0003693753278534927
42107,184,0.00032232396298038343
42107,185,0.0002832533660617478
42107,186,0.00026379500666726287
42107,187,0.00024358450745201954
42107,188,0.00022268230183595153
42107,189,0.0002027640495469254
42107,190,0.0001866879012107655
42107,191,0.0001799720149866205
42107,192,0.00017158472539309668
42107,193,0.0001599885107843673
42107,194,0.00015217373446975877
42107,195,0.00014959273746890082
42107,196,0.00014755059024937174
42107,197,0.00014752494121290718
42107,198,0.0001516893503996702
42107,199,0.0001679771844174356
42107,200,0.00021572723690875203
42107,201,0.0002576577156716427
42107,202,0.0002633591289732311
42107,203,0.0002619106975553992
42107,204,0.00024402288545146385
42107,205,0.0002263443595416267
42107,206,0.00021729908774363162
42107,207,0.00020143300268222298
42107,208,0.00018281402195342497
42107,209,0.00016641954785007786
42107,210,0.00015360484440954622
42107,211,0.0001459443917097392
42107,212,0.00014060924921677258
42107,213,0.00013890334142266936
42107,214,0.00013763777789003672
42107,215,0.00013626334736393614
42111,73,0.025510489735344935
42111,74,0.02304676229686986
42111,75,0.02109418588071654
42111,76,0.019836651426231366
42111,77,0.01913839302898723
42111,78,0.018270615670358526
42111,79,0.017481504984842328
42111,80,0.01679110365531032
42111,81,0.015724477338952027
42111,82,0.014438572166028006
42111,83,0.013226423042463077
42111,84,0.012022795687740574
42111,85,0.010536684240705193
42111,86,0.009294603792079296
42111,87,0.008118157631910719
42111,88,0.007134879422967094
42111,89,0.006286808358912874
42111,90,0.005315025280356554
42111,91,0.004420065361223032
42111,92,0.003673027538371829
42111,93,0.003227049086144982
42111,94,0.002881931557215526
42111,95,0.00256283324830907
42111,96,0.0023592053137003787
42111,97,0.00220032489389831
42111,98,0.002097526305820485
42111,99,0.0020519123705148956
42111,100,0.0020371013500765497
42111,101,0.0020322908581574886
42111,102,0.002034624139852021
42111,103,0.002071428053812612
42111,104,0.002143912623844727
42111,105,0.00237410436343112
42111,106,0.002797332649571885
42111,107,0.0029789170550829323
42111,108,0.0030115506378248728
42111,109,0.003236595731273329
42111,110,0.003446051052857935
42111,111,0.003578595445273691
42111,112,0.0033739449315668686
42111,113,0.003259099620248596
42111,114,0.0032781847703392806
42111,115,0.003032793106094804
42111,116,0.0027814478537771543
42111,117,0.0027617807112010327
42111,118,0.002746882116075675
42111,119,0.002691339641234977
42111,120,0.002754900051197124
42111,121,0.0030350561460056207
42111,122,0.0032903556560049453
42111,123,0.0033812066296767815
42111,124,0.003469929811633813
42111,125,0.003534832639253952
42111,126,0.0035389617803690057
42111,127,0.0035943419280760475
42111,128,0.0036774628063719296
42111,129,0.003690671996216387
42111,130,0.003661527808666487
42111,131,0.0035343152607527372
42111,132,0.003234867797042424
42111,133,0.00301235454931232
42111,134,0.002867124718114244
42111,135,0.002737483219178894
42111,136,0.00288034133648542
42111,137,0.0028346222089688116
42111,138,0.0030819330547396163
42111,139,0.003893783747746486
42111,140,0.004823510319209795
42111,141,0.005630187868421575
42111,142,0.0064679922499627064
42111,143,0.007082895045412612
42111,144,0.007208843125625873
42111,145,0.0072419936534974735
42111,146,0.007264977569011891
42111,147,0.007158970738788619
42111,148,0.006882529927592367
42111,149,0.006619972323287554
42111,150,0.006418546532316184
42111,151,0.006287210857619023
42111,152,0.00621120351190892
42111,153,0.006164872829371683
42111,154,0.006083466590039936
42111,155,0.005910133056369423
42111,156,0.00569205017083397
42111,157,0.005330604772996703
42111,158,0.004993349661297107
42111,159,0.004522163400025297
42111,160,0.0040122496737567
42111,161,0.0036082594793735764
42111,162,0.003285285585284974
42111,163,0.00293763874297213
42111,164,0.002599100070869213
42111,165,0.0023326174951743286
42111,166,0.0021470829491122803
42111,167,0.002010257512047434
42111,168,0.0019334003082532544
42111,169,0.0018402785990828715
42111,170,0.0017637323342876738
42111,171,0.001736764363995444
42111,172,0.001743349943750784
42111,173,0.0017491116538055258
42111,174,0.0017634739198487028
42111,175,0.0018091259208124137
42111,176,0.001905391008985504
42111,177,0.001954414196318152
42111,178,0.0019404530355826262
42111,179,0.0018756215359402213
42111,180,0.0018413016162807845
42111,181,0.001756849953142202
42111,182,0.0016154576758100766
42111,183,0.001467249198049243
42111,184,0.0013303816969145099
42111,185,0.0012265858107531709
42111,186,0.0011404492958050365
42111,187,0.0010376933872673902
42111,188,0.0009397755097650179
42111,189,0.0008642304481442434
42111,190,0.0008083455260901093
42111,191,0.0007633662788723294
42111,192,0.0007369608638577672
42111,193,0.0007132382137191341
42111,194,0.0006964425725124249
42111,195,0.0006955114801269043
42111,196,0.0006953258277596988
42111,197,0.0006961147997594585
42111,198,0.0007141417553687165
42111,199,0.0007736011277066366
42111,200,0.0009032495334811249
42111,201,0.001024210162714399
42111,202,0.0011035780978438717
42111,203,0.001132528345035404
42111,204,0.0010354592886720718
42111,205,0.0009504617677112757
42111,206,0.0008826892628061789
42111,207,0.0008184623228092053
42111,208,0.0007395771260811237
42111,209,0.0006745932355075216
42111,210,0.0006214707577927144
42111,211,0.00057719477951505
42111,212,0.0005449043074325019
42111,213,0.0005103685435624746
42111,214,0.0004801376053347149
42111,215,0.00046206007115579917
42117,73,9.765523396266418e-05
42117,74,0.00017013697361238417
42117,75,0.00034167600018177393
42117,76,0.0006199527208737487
42117,77,0.0008075220113416585
42117,78,0.0008562786250817207
42117,79,0.0010437180937556353
42117,80,0.0014928675593206483
42117,81,0.001959078093431117
42117,82,0.002423251343286941
42117,83,0.002905699035734516
42117,84,0.0034187327173782053
42117,85,0.003969334256754267
42117,86,0.0040708404055135455
42117,87,0.0038079920164869547
42117,88,0.003608908381514218
42117,89,0.0034554837713210236
42117,90,0.0032658813611977163
42117,91,0.002996881659478289
42117,92,0.002757857157450975
42117,93,0.002631417390839989
42117,94,0.002589167284452176
42117,95,0.002547827819035188
42117,96,0.002295145589523354
42117,97,0.0022466380283341315
42117,98,0.0022354801543684943
42117,99,0.0022219105450322903
42117,100,0.002138396441536224
42117,101,0.0021298822507300457
42117,102,0.0020673112653047973
42117,103,0.0020861857584739446
42117,104,0.00208322451778643
42117,105,0.0021517122211925314
42117,106,0.002314675067648518
42117,107,0.0028678711535068883
42117,108,0.004494787500086102
42117,109,0.0075977944814019
42117,110,0.012783602511766527
42117,111,0.021924710362484584
42117,112,0.02651435402846261
42117,113,0.03142096453846782
42117,114,0.0398851302500024
42117,115,0.03892912469012379
42117,116,0.033638029769399135
42117,117,0.03080373560709828
42117,118,0.02954798813104785
42117,119,0.028285984308614828
42117,120,0.02617552676419494
42117,121,0.024160895635527077
42117,122,0.022387830474511282
42117,123,0.021172109550906933
42117,124,0.01985431937957297
42117,125,0.01910676255337474
42117,126,0.018766225098231504
42117,127,0.018552780472188442
42117,128,0.01768764254656511
42117,129,0.01700065868452634
42117,130,0.01670170956311817
42117,131,0.01661549934433579
42117,132,0.016133405391038004
42117,133,0.01497034492417884
42117,134,0.013536185038701855
42117,135,0.012143240425732898
42117,136,0.01086185797336755
42117,137,0.01018210770673221
42117,138,0.009949262162054289
42117,139,0.009325304442603351
42117,140,0.00848260404621498
42117,141,0.008296043165679591
42117,142,0.00834188897704154
42117,143,0.008589002737304173
42117,144,0.00920957722554695
42117,145,0.009079611879346064
42117,146,0.008673503529621202
42117,147,0.008762678247400178
42117,148,0.00864554503826132
42117,149,0.00853933141343959
42117,150,0.008493569957367619
42117,151,0.008472881368715419
42117,152,0.008410521860202688
42117,153,0.008230871006245713
42117,154,0.008036208732978646
42117,155,0.007864563827929034
42117,156,0.007636300002722629
42117,157,0.007242820515568866
42117,158,0.006822948167673075
42117,159,0.006479574285971872
42117,160,0.006183337538808464
42117,161,0.005936978706937889
42117,162,0.005693572895779152
42117,163,0.005356495092529702
42117,164,0.00514495574380523
42117,165,0.004997864662925485
42117,166,0.004823198584672716
42117,167,0.004628473744932762
42117,168,0.004488173174830501
42117,169,0.0044072607729344696
42117,170,0.004385425763041415
42117,171,0.004358205289318077
42117,172,0.0041138749763514094
42117,173,0.004035375441685696
42117,174,0.004033532191966847
42117,175,0.003851330274641828
42117,176,0.0038706561991426907
42117,177,0.003934957861361037
42117,178,0.003526508986879197
42117,179,0.003387480176431585
42117,180,0.003387307484094656
42117,181,0.0034310775069970817
42117,182,0.003340124946972283
42117,183,0.003167741486789653
42117,184,0.003040926541368157
42117,185,0.002995443710315191
42117,186,0.0029461893219379256
42117,187,0.002842348056141615
42117,188,0.0027491874210121784
42117,189,0.00270448669513781
42117,190,0.002676937715736038
42117,191,0.0026794791407641176
42117,192,0.002727273858204103
42117,193,0.0027736361178772374
42117,194,0.0025975678572498833
42117,195,0.0025705615478975315
42117,196,0.002582076875805243
42117,197,0.002589029508647465
42117,198,0.0026083338724494235
42117,199,0.002640428880716016
42117,200,0.0027047647797492566
42117,201,0.002718695648772686
42117,202,0.0026279886718234276
42117,203,0.0025366381572170106
42117,204,0.002390477086868757
42117,205,0.0022447103879070247
42117,206,0.0021095759040489666
42117,207,0.002007818188856865
42117,208,0.0019327290045921268
42117,209,0.0018787357015513698
42117,210,0.0018387714890089157
42117,211,0.0017715070141444253
42117,212,0.0017059319458103354
42117,213,0.0016678674763896157
42117,214,0.001660424353690991
42117,215,0.001621908197115446
42123,73,0.10519653104952176
42123,74,0.15780052913432233
42123,75,0.17155150614619308
42123,76,0.16818794068647705
42123,77,0.16793337088974367
42123,78,0.1604266416828012
42123,79,0.14087455389896247
42123,80,0.11689085508457607
42123,81,0.09499534945587416
42123,82,0.0798464801538912
42123,83,0.070114706532076
42123,84,0.06229872157441571
42123,85,0.05444375578398319
42123,86,0.049469721129507954
42123,87,0.04532257293928838
42123,88,0.04280794781062816
42123,89,0.04001817234865391
42123,90,0.03702449317477298
42123,91,0.0342015895817777
42123,92,0.030877009738392643
42123,93,0.0283086520511495
42123,94,0.026215062485459267
42123,95,0.024766794511406072
42123,96,0.02447165228591935
42123,97,0.024128494588355604
42123,98,0.023605262101622265
42123,99,0.023572950870277182
42123,100,0.023363268292192135
42123,101,0.02349880294826072
42123,102,0.022913388949477108
42123,103,0.022989902362130853
42123,104,0.02312946316954175
42123,105,0.02309105058140647
42123,106,0.023895413614863855
42123,107,0.0256482021538543
42123,108,0.027723730897437626
42123,109,0.03039323347538123
42123,110,0.030950007106532625
42123,111,0.030394921238461953
42123,112,0.03086331093178145
42123,113,0.031791923816969964
42123,114,0.033574628341532485
42123,115,0.03365275508154381
42123,116,0.03460219827408425
42123,117,0.033869108456593876
42123,118,0.032755378299370315
42123,119,0.03273016586320208
42123,120,0.03355154265931585
42123,121,0.035231128519813894
42123,122,0.034315646478684
42123,123,0.03358473051285197
42123,124,0.03298050819469023
42123,125,0.03193250145208994
42123,126,0.03131614299812367
42123,127,0.02999487380552972
42123,128,0.029152465939243602
42123,129,0.028565947640976724
42123,130,0.027570291274915476
42123,131,0.026553094186943696
42123,132,0.026231637591935596
42123,133,0.025484075207396793
42123,134,0.02504979651946009
42123,135,0.024266661608079318
42123,136,0.023363735236164584
42123,137,0.021679177346737414
42123,138,0.019616638425264024
42123,139,0.019030815843616822
42123,140,0.018208648090342373
42123,141,0.01733539508750095
42123,142,0.016776174092527022
42123,143,0.01659339616644568
42123,144,0.017124512131095757
42123,145,0.016597322342481156
42123,146,0.01571215158600026
42123,147,0.015686775439490156
42123,148,0.01575150248848754
42123,149,0.015223628538461988
42123,150,0.014733551016733556
42123,151,0.014509987780503794
42123,152,0.014643812275609803
42123,153,0.01489967026429588
42123,154,0.015332163554164011
42123,155,0.01598823128812499
42123,156,0.01618549182943944
42123,157,0.01567082980750179
42123,158,0.015268461601515454
42123,159,0.014606445428377253
42123,160,0.013567109601857138
42123,161,0.012689515494774229
42123,162,0.01172342926700381
42123,163,0.010703434703377755
42123,164,0.0097323580161573
42123,165,0.008877349808902353
42123,166,0.008353975015662762
42123,167,0.007919106248825091
42123,168,0.0077139589136799485
42123,169,0.007537141150553308
42123,170,0.007465557052684961
42123,171,0.007510190064177369
42123,172,0.007465790812971936
42123,173,0.0075434837252361785
42123,174,0.007520895594458847
42123,175,0.0077081368483031
42123,176,0.007723421291989889
42123,177,0.008037526425277816
42123,178,0.00859470539280664
42123,179,0.009562774156339295
42123,180,0.010299455560327684
42123,181,0.010296184711659113
42123,182,0.009544623805980016
42123,183,0.008670497923527233
42123,184,0.008157721650817256
42123,185,0.007745769149936481
42123,186,0.007195847415610643
42123,187,0.006761638212518485
42123,188,0.006312328382218216
42123,189,0.005947334520361197
42123,190,0.005634078696384746
42123,191,0.005419030017261584
42123,192,0.005419856840110664
42123,193,0.005279208608001158
42123,194,0.0051562214071951915
42123,195,0.005169227218876611
42123,196,0.005171204432885511
42123,197,0.005166946729562921
42123,198,0.005145317592799809
42123,199,0.00511951089492705
42123,200,0.00514228499682672
42123,201,0.005264483388729393
42123,202,0.005253266798582148
42123,203,0.005075721887563468
42123,204,0.004867966652289833
42123,205,0.004556967241387762
42123,206,0.004204458910029038
42123,207,0.003721195748805664
42123,208,0.003250228195807812
42123,209,0.0029444252184243074
42123,210,0.0026344128146862608
42123,211,0.0023266123761145553
42123,212,0.002009494862087812
42123,213,0.0017427738173297202
42123,214,0.00161264607510952
42123,215,0.0015383686249718265
54001,73,0.028072779084165278
54001,74,0.02581902932967905
54001,75,0.024552563682735198
54001,76,0.023476503111895194
54001,77,0.022573630857967875
54001,78,0.021652778799297095
54001,79,0.020864525479229637
54001,80,0.020377277471542433
54001,81,0.019486665906560514
54001,82,0.018073801630933153
54001,83,0.01663987845499469
54001,84,0.01520953054335287
54001,85,0.013626546103526285
54001,86,0.012316154173216865
54001,87,0.01093257570113259
54001,88,0.009847639068226556
54001,89,0.008690367251468578
54001,90,0.007652003677213428
54001,91,0.006837466061349828
54001,92,0.006121503639336754
54001,93,0.005686454247435881
54001,94,0.005405609234671791
54001,95,0.005190355479560223
54001,96,0.005064718348609882
54001,97,0.00503487361155359
54001,98,0.005045919889273401
54001,99,0.005033058936227583
54001,100,0.005068082845893726
54001,101,0.005037438592086614
54001,102,0.005091346730024358
54001,103,0.005139599847091807
54001,104,0.005333932359845904
54001,105,0.005258905600034211
54001,106,0.005070024221859749
54001,107,0.004969025138485396
54001,108,0.0048848881221128055
54001,109,0.00489664629867379
54001,110,0.005219281774205178
54001,111,0.005306591667975487
54001,112,0.005276885389610133
54001,113,0.005360212560157382
54001,114,0.005309505385238216
54001,115,0.005459666539279815
54001,116,0.005899746279034176
54001,117,0.008169558111700644
54001,118,0.010290091796737582
54001,119,0.01026864954038283
54001,120,0.010226867742407757
54001,121,0.010178740289939512
54001,122,0.010215166193836436
54001,123,0.009982634086258995
54001,124,0.009635226485076543
54001,125,0.009716495029402382
54001,126,0.009582222058374277
54001,127,0.009998726866808777
54001,128,0.010532463891057404
54001,129,0.00993829814043482
54001,130,0.009445983917486639
54001,131,0.008950050959097768
54001,132,0.008207387115650689
54001,133,0.007495728475946912
54001,134,0.00710687909920189
54001,135,0.006762835604235469
54001,136,0.00648058570245641
54001,137,0.00624519040547436
54001,138,0.006150950175828491
54001,139,0.006361296651815769
54001,140,0.0067725166448951634
54001,141,0.00667168630967966
54001,142,0.007127283418437955
54001,143,0.007285872434387148
54001,144,0.007904616930305667
54001,145,0.008322730755236771
54001,146,0.007792757951214834
54001,147,0.007830381700886494
54001,148,0.007974578948322618
54001,149,0.0078059807708685935
54001,150,0.00784739232375665
54001,151,0.007723373138253321
54001,152,0.007835786464679919
54001,153,0.007738113180565703
54001,154,0.007660294971515029
54001,155,0.007705194325368902
54001,156,0.007790448200627307
54001,157,0.007774688726727627
54001,158,0.007686702601578335
54001,159,0.007482086478574932
54001,160,0.007208603949838043
54001,161,0.006856143797427461
54001,162,0.0065384232749909135
54001,163,0.006066884788020633
54001,164,0.005714844023062654
54001,165,0.005383055142886963
54001,166,0.005062001142140196
54001,167,0.004800972079077256
54001,168,0.004673525684543284
54001,169,0.004607284602750444
54001,170,0.004390089177332021
54001,171,0.004337104791532717
54001,172,0.004229809708312324
54001,173,0.00420151339116628
54001,174,0.004072711082564839
54001,175,0.004049420108319588
54001,176,0.003921319118303782
54001,177,0.0038546144795273346
54001,178,0.003823804433401612
54001,179,0.0037378716712535205
54001,180,0.003609044974814606
54001,181,0.003411545041069597
54001,182,0.0031822282986520567
54001,183,0.0030099598855763887
54001,184,0.0028342147043490637
54001,185,0.0026832012631232967
54001,186,0.0025470257458439886
54001,187,0.0023728557214178383
54001,188,0.0021139228042525806
54001,189,0.0019341662143727524
54001,190,0.0018104274238534375
54001,191,0.001733738578087941
54001,192,0.0016839949807660912
54001,193,0.0016462003334267875
54001,194,0.0016260301951955259
54001,195,0.0015476171123102853
54001,196,0.0015277857031960973
54001,197,0.0015280245346257462
54001,198,0.0015233326838009632
54001,199,0.0015443621524758898
54001,200,0.0016261271084608018
54001,201,0.0016419544146130376
54001,202,0.0015263582867929915
54001,203,0.00147377585409945
54001,204,0.0014793167955780841
54001,205,0.0014550720226411188
54001,206,0.001417027888049964
54001,207,0.0013096715791301805
54001,208,0.0012147716049941122
54001,209,0.001132692153811919
54001,210,0.001057392490292065
54001,211,0.0009799500166034292
54001,212,0.000913231778191895
54001,213,0.0008687069654272348
54001,214,0.0008265555940139203
54001,215,0.000794083812754742
54003,73,0.0002181377972073139
54003,74,0.00026819449131757275
54003,75,0.0003003563093018988
54003,76,0.00023953082752775873
54003,77,0.00028821261951707163
54003,78,0.00036885545401554057
54003,79,0.0003823576429539669
54003,80,0.00039354507196135433
54003,81,0.00042440393642792637
54003,82,0.00041557024723542395
54003,83,0.0003895999574159531
54003,84,0.00038352748127093363
54003,85,0.0003995604635516161
54003,86,0.00038249377748245865
54003,87,0.0003610627609202141
54003,88,0.00033620993858905177
54003,89,0.0003061667219079207
54003,90,0.0002650197340255066
54003,91,0.0002198847457960281
54003,92,0.00019056774520274366
54003,93,0.0001667710143532156
54003,94,0.00014263195807030738
54003,95,0.00012273529127158133
54003,96,0.0001085608514621678
54003,97,9.918411134089256e-05
54003,98,8.887836893097069e-05
54003,99,8.028062435506764e-05
54003,100,7.399592932023105e-05
54003,101,6.867809037243859e-05
54003,102,6.455003996824063e-05
54003,103,6.270692471716388e-05
54003,104,6.69899263737746e-05
54003,105,6.844037669732924e-05
54003,106,6.867872633763492e-05
54003,107,7.175262431319684e-05
54003,108,7.814374608707862e-05
54003,109,8.074154880756934e-05
54003,110,8.084503534352606e-05
54003,111,7.91559599618542e-05
54003,112,7.856330253583967e-05
54003,113,8.37510051896277e-05
54003,114,8.296498237505352e-05
54003,115,7.755951869427443e-05
54003,116,7.479567825046066e-05
54003,117,7.374166233476213e-05
54003,118,7.249103957823057e-05
54003,119,7.238528952170764e-05
54003,120,7.506008666799997e-05
54003,121,7.480673682888136e-05
54003,122,7.709335677898175e-05
54003,123,7.93402277067654e-05
54003,124,7.401842251283839e-05
54003,125,7.779379287189873e-05
54003,126,8.447031921833552e-05
54003,127,9.508750641021176e-05
54003,128,0.00010961669915835376
54003,129,0.00012363691277046497
54003,130,0.0001296592632342245
54003,131,0.00014275524569239544
54003,132,0.00015745864787734313
54003,133,0.0001802294397103479
54003,134,0.0001852665952796719
54003,135,0.00021596488855562287
54003,136,0.0002906022289178842
54003,137,0.0003923385975160708
54003,138,0.0009748657173114678
54003,139,0.001998699345529773
54003,140,0.003048062980219579
54003,141,0.0032115884638069915
54003,142,0.002883423666528271
54003,143,0.0027536769304397444
54003,144,0.002765629846136731
54003,145,0.0026891606635947303
54003,146,0.0024670105086518016
54003,147,0.0023255677541232592
54003,148,0.002231866881424682
54003,149,0.0021739229438174825
54003,150,0.002068694479819746
54003,151,0.0019640678204606507
54003,152,0.0019061819920693248
54003,153,0.0018077926764944825
54003,154,0.0016550559164052684
54003,155,0.0014955035290066098
54003,156,0.0013613199213691977
54003,157,0.0012376093626912782
54003,158,0.0011214839160147694
54003,159,0.0010155818151846307
54003,160,0.000894352011086954
54003,161,0.0007894772665513404
54003,162,0.0007456249576618055
54003,163,0.0006838812023796745
54003,164,0.0006169512091389323
54003,165,0.0005704833747786884
54003,166,0.0005259853967110928
54003,167,0.0004882108055058774
54003,168,0.00046232043256726234
54003,169,0.0004391297010569286
54003,170,0.0004150860315041428
54003,171,0.00039733315817902564
54003,172,0.000384513955738152
54003,173,0.00037674382267499537
54003,174,0.00037926155248370217
54003,175,0.00039975644228021687
54003,176,0.0004459707265361589
54003,177,0.00048654422769803387
54003,178,0.000412004967367583
54003,179,0.0003965108242091124
54003,180,0.0004011499416129548
54003,181,0.00039802013971732193
54003,182,0.00039392554815407616
54003,183,0.0003817026697168934
54003,184,0.0003589612628814971
54003,185,0.00033781456680924155
54003,186,0.0003166029792435053
54003,187,0.0002921077828483449
54003,188,0.0002604192250316411
54003,189,0.00023625994932160866
54003,190,0.00021994521788066754
54003,191,0.00020320949671284751
54003,192,0.0001873804915839292
54003,193,0.00017486544063139393
54003,194,0.0001640351994723676
54003,195,0.00015331874935827955
54003,196,0.00014360167753489864
54003,197,0.0001325246688086671
54003,198,0.00012614625415490504
54003,199,0.0001283512341158122
54003,200,0.00014420500631148763
54003,201,0.00015739625914687667
54003,202,0.00016089663590683131
54003,203,0.00016884874787903087
54003,204,0.00015991470394013366
54003,205,0.00014907421278929946
54003,206,0.00013865267961526317
54003,207,0.00013172501171571373
54003,208,0.00012638460806983857
54003,209,0.0001240988234084857
54003,210,0.0001294215562418949
54003,211,0.0001316417032683857
54003,212,0.00012468596761375133
54003,213,0.00011784098160308457
54003,214,0.00011179875068572439
54003,215,0.00010601999284965911
54005,73,0.0005509424209166298
54005,74,0.0004993338324690876
54005,75,0.00046283288589053486
54005,76,0.0004326358640177812
54005,77,0.000471207058661165
54005,78,0.0004736197374268905
54005,79,0.000508910976764124
54005,80,0.000613022845056693
54005,81,0.0008107541479855293
54005,82,0.0008957378920514422
54005,83,0.0009335942134562313
54005,84,0.0010035295902138697
54005,85,0.0010403104023470348
54005,86,0.0010387581803900853
54005,87,0.0009994178799662581
54005,88,0.0009448588177992243
54005,89,0.0008903742090154921
54005,90,0.0008931585279246161
54005,91,0.0009015934305870779
54005,92,0.0008358801344565356
54005,93,0.0008004147331391715
54005,94,0.0007822480787531042
54005,95,0.0007810255542110943
54005,96,0.0007874592543521312
54005,97,0.0007874209621158101
54005,98,0.0007225116824922393
54005,99,0.000736506183242047
54005,100,0.0007703171052459662
54005,101,0.0007723587582025679
54005,102,0.0008214283732218098
54005,103,0.0009204153099137204
54005,104,0.0011091135292894177
54005,105,0.0013243176770625547
54005,106,0.0014491435514561997
54005,107,0.001624670978279247
54005,108,0.0019040736136067692
54005,109,0.002286063519977633
54005,110,0.0029454239198827923
54005,111,0.004183535027775251
54005,112,0.005466409504445043
54005,113,0.006236385464142753
54005,114,0.006656986108054266
54005,115,0.0069401303561134955
54005,116,0.0071867424562553975
54005,117,0.007206551580613938
54005,118,0.007013388210227302
54005,119,0.006849984133541398
54005,120,0.00686130056659312
54005,121,0.006586400415961754
54005,122,0.006374747009682877
54005,123,0.006524325080919163
54005,124,0.007202427227974457
54005,125,0.009414928223891651
54005,126,0.014786639882419354
54005,127,0.017478748541319068
54005,128,0.017311334228795373
54005,129,0.016317500811711218
54005,130,0.01465163739268572
54005,131,0.013356683217646721
54005,132,0.012662820745457748
54005,133,0.011579386461375936
54005,134,0.010620185313719027
54005,135,0.009884913414817448
54005,136,0.009348313613872731
54005,137,0.009438010281987545
54005,138,0.010306942930391375
54005,139,0.011384304603128653
54005,140,0.01282995370780244
54005,141,0.01510256190688071
54005,142,0.016087393385481742
54005,143,0.01643494154553381
54005,144,0.01738126477956074
54005,145,0.018329360390380897
54005,146,0.018990112370300915
54005,147,0.019238821527681534
54005,148,0.018945973989080045
54005,149,0.018021505958923698
54005,150,0.016975053378656235
54005,151,0.016739812047117986
54005,152,0.016412836856600863
54005,153,0.016577096378172035
54005,154,0.016168697582321808
54005,155,0.015251875290500613
54005,156,0.01455977578945011
54005,157,0.013754592439264293
54005,158,0.013156244139797199
54005,159,0.012466376316858877
54005,160,0.011796275066423192
54005,161,0.01105952653758932
54005,162,0.010385110284390627
54005,163,0.00960391754900078
54005,164,0.008908388990163671
54005,165,0.008481316021064306
54005,166,0.008104773026914359
54005,167,0.007869020146857957
54005,168,0.0076900309783371965
54005,169,0.0075445928378518635
54005,170,0.007482942086109929
54005,171,0.007459848380784049
54005,172,0.007263399627206961
54005,173,0.007288339293296166
54005,174,0.007121305573958664
54005,175,0.007225350168599519
54005,176,0.0070289490996883605
54005,177,0.006995392473862369
54005,178,0.006883197567438775
54005,179,0.006517692897470871
54005,180,0.0061167971543716945
54005,181,0.005818575705959168
54005,182,0.005532027662915999
54005,183,0.005186576777058541
54005,184,0.0048415998049577465
54005,185,0.004584473623215022
54005,186,0.004372839259320503
54005,187,0.004067003165297858
54005,188,0.0037075779842061117
54005,189,0.003484806261394185
54005,190,0.003370983769043144
54005,191,0.0032883192565341165
54005,192,0.0031867524800489127
54005,193,0.0031115896368843444
54005,194,0.0030992459792042433
54005,195,0.0031005297851008726
54005,196,0.003061135933356638
54005,197,0.0029915660627089554
54005,198,0.0030199254198664417
54005,199,0.0030676080685518173
54005,200,0.003084106797357134
54005,201,0.003032515647372961
54005,202,0.0028204179582124217
54005,203,0.002703452979080795
54005,204,0.0026060634718265015
54005,205,0.002520030250822408
54005,206,0.0023676805042113763
54005,207,0.002230527423174407
54005,208,0.00214521665487808
54005,209,0.0019625483322344645
54005,210,0.0018493725907315832
54005,211,0.0017362053549112087
54005,212,0.0015967128376551947
54005,213,0.0014931506499795205
54005,214,0.0014137686367079732
54005,215,0.0013564514723582721
54011,73,0.002387163914209707
54011,74,0.002292404067163348
54011,75,0.0014679389112908637
54011,76,0.0009271524298229294
54011,77,0.0009171310083160472
54011,78,0.0008948486304094513
54011,79,0.0008885337392804214
54011,80,0.0009059110881574374
54011,81,0.0009284407823527355
54011,82,0.0009102635688128653
54011,83,0.000856331264506741
54011,84,0.0007908091502441447
54011,85,0.0007483902554861928
54011,86,0.0007046960559427617
54011,87,0.0006288728040582671
54011,88,0.0005575090995444815
54011,89,0.00047931144721217973
54011,90,0.0004164960349724938
54011,91,0.00037112725042752985
54011,92,0.0003110478480842827
54011,93,0.0002784922412813882
54011,94,0.00026570996900604407
54011,95,0.0002584251614244203
54011,96,0.0002440193692426415
54011,97,0.00022771270029848433
54011,98,0.00021715737917646263
54011,99,0.00021687356254211103
54011,100,0.0002147031292485629
54011,101,0.00021079719887757539
54011,102,0.00021560519274490565
54011,103,0.0002242711353748206
54011,104,0.00025575901045411006
54011,105,0.0002868171645865835
54011,106,0.0003112360445719883
54011,107,0.00040392202743682156
54011,108,0.0007520822188176787
54011,109,0.001769482979813541
54011,110,0.00313940189074479
54011,111,0.0033887539652708875
54011,112,0.003276070825566803
54011,113,0.0031859621337023344
54011,114,0.0032701033536408947
54011,115,0.0032706027749377017
54011,116,0.0029782140986044023
54011,117,0.0026558785030549228
54011,118,0.0024757583978437378
54011,119,0.002372948494105337
54011,120,0.002208135692124636
54011,121,0.0019959286436266295
54011,122,0.0018071209079806173
54011,123,0.0017891085492398812
54011,124,0.0019355975669304907
54011,125,0.0022398721297355022
54011,126,0.0023717133587204545
54011,127,0.002485462019810955
54011,128,0.002889857407842732
54011,129,0.003785821456048336
54011,130,0.0045189637114172124
54011,131,0.00423709682400889
54011,132,0.0038580112078628872
54011,133,0.0036393031001849653
54011,134,0.003489617892829639
54011,135,0.0033811713421951477
54011,136,0.003303957549327245
54011,137,0.0035456429741909227
54011,138,0.004297626226876786
54011,139,0.004442419065025913
54011,140,0.004277411991979381
54011,141,0.0042831643049439675
54011,142,0.004278931091352444
54011,143,0.004095581111987428
54011,144,0.0037931467703482204
54011,145,0.0035482052468990086
54011,146,0.0033745309650191116
54011,147,0.003292610601825142
54011,148,0.0031515140376745412
54011,149,0.00300485960141925
54011,150,0.00291736290059435
54011,151,0.002933321642082297
54011,152,0.0031211753349412795
54011,153,0.0036141467079889283
54011,154,0.0037073697849113003
54011,155,0.0035068138410188077
54011,156,0.003331607010085844
54011,157,0.00308846091330011
54011,158,0.002887449756906346
54011,159,0.0026647590312517807
54011,160,0.0024207260486687272
54011,161,0.0022182332264859767
54011,162,0.0020244781402918243
54011,163,0.0017748053614462772
54011,164,0.0015731900877661938
54011,165,0.0014266666514000331
54011,166,0.0012960986911295348
54011,167,0.0011859791585091147
54011,168,0.001084124639389005
54011,169,0.0009857787690729914
54011,170,0.0009214295702204019
54011,171,0.0008622398841480916
54011,172,0.0008241979756507032
54011,173,0.0008048045339585644
54011,174,0.0008301753443972655
54011,175,0.0009644683727404978
54011,176,0.0011602434626206413
54011,177,0.0013586065388204631
54011,178,0.001439258953641182
54011,179,0.0014192750896938828
54011,180,0.0013514462004529135
54011,181,0.001310103178153139
54011,182,0.0012592390090514828
54011,183,0.0011653789511462463
54011,184,0.0010558311479549937
54011,185,0.0009556889508252768
54011,186,0.0008790051224656367
54011,187,0.0007998573178430984
54011,188,0.0007259698196938698
54011,189,0.0006920578615702255
54011,190,0.0006426604764028828
54011,191,0.0005913972192375292
54011,192,0.0005760914598560645
54011,193,0.0005726931344154693
54011,194,0.0005635971516238891
54011,195,0.0005685763099038073
54011,196,0.0005736352728792028
54011,197,0.0005769168758879065
54011,198,0.0005918739197175666
54011,199,0.0006448614356350189
54011,200,0.0007605458193197681
54011,201,0.0008464390745849397
54011,202,0.000850249545857989
54011,203,0.0008536885167722826
54011,204,0.0008167613803644218
54011,205,0.0007549248552571767
54011,206,0.0007458697611189084
54011,207,0.0007923696680430699
54011,208,0.0008107601520253136
54011,209,0.0008163538875587837
54011,210,0.0008061812568236435
54011,211,0.000747324437645861
54011,212,0.0006804058711703097
54011,213,0.0006369062641842236
54011,214,0.0005943841825238238
54011,215,0.000549980546945216
54017,73,0.026406177657500154
54017,74,0.023949913441272494
54017,75,0.024897363310808267
54017,76,0.024270522211486303
54017,77,0.023634356021516485
54017,78,0.023372500376627806
54017,79,0.022812709319047587
54017,80,0.022932591040593454
54017,81,0.022605501987726328
54017,82,0.021785589393355474
54017,83,0.021048130227396517
54017,84,0.020035214107605344
54017,85,0.018859221872893347
54017,86,0.017839028936684206
54017,87,0.016753127264282047
54017,88,0.015496515497228113
54017,89,0.013919061358854713
54017,90,0.012982041261888006
54017,91,0.012227247426119456
54017,92,0.011308057210500874
54017,93,0.010723404695073449
54017,94,0.010254223738822623
54017,95,0.009968349193227559
54017,96,0.009882451926118243
54017,97,0.009842052895857056
54017,98,0.009352000200534132
54017,99,0.009334349318909429
54017,100,0.009265360852343864
54017,101,0.009309824560587314
54017,102,0.009070610812676268
54017,103,0.009219940501264486
54017,104,0.009014070965965883
54017,105,0.009062260047437043
54017,106,0.009248741656433199
54017,107,0.009264086243408748
54017,108,0.009129949141419768
54017,109,0.009478396165452421
54017,110,0.010280835197727996
54017,111,0.011055176815339796
54017,112,0.01177855840289818
54017,113,0.012606690810898723
54017,114,0.01394595561453371
54017,115,0.014717523865129561
54017,116,0.014676450932893869
54017,117,0.014689912056016578
54017,118,0.014693149497239854
54017,119,0.014475742325427251
54017,120,0.014619803953302112
54017,121,0.014159594973095211
54017,122,0.01396160376700134
54017,123,0.013879337853555117
54017,124,0.013856818155377072
54017,125,0.014336356259122484
54017,126,0.01466500188018401
54017,127,0.016129829895574953
54017,128,0.01631812174643672
54017,129,0.015188148896323967
54017,130,0.014931554705640653
54017,131,0.014268290699890229
54017,132,0.01477859598172746
54017,133,0.014692628728591395
54017,134,0.01416102479395906
54017,135,0.013909729622630231
54017,136,0.015360313158098295
54017,137,0.016510056108702993
54017,138,0.018741088043123518
54017,139,0.024733421708989924
54017,140,0.03485239364645463
54017,141,0.04204789277729009
54017,142,0.04677135745200799
54017,143,0.0435067288539372
54017,144,0.04168734608624796
54017,145,0.043331896787427215
54017,146,0.04239313007413868
54017,147,0.04193339749550309
54017,148,0.041864222090101384
54017,149,0.04185711932977628
54017,150,0.04126497872283601
54017,151,0.041979468142025744
54017,152,0.04337990508792055
54017,153,0.04667564912506789
54017,154,0.048662908759982845
54017,155,0.05165372256120363
54017,156,0.053197548266759695
54017,157,0.05334997978768835
54017,158,0.05137793715075343
54017,159,0.04827691870189673
54017,160,0.04515667953905958
54017,161,0.042323006609658105
54017,162,0.04016679116478295
54017,163,0.03735103620358297
54017,164,0.035613423912835965
54017,165,0.034919079516358247
54017,166,0.03409532130882562
54017,167,0.0335358780605347
54017,168,0.03336845958108576
54017,169,0.032072251796647945
54017,170,0.03189449042751815
54017,171,0.03194573169889487
54017,172,0.03129699535747817
54017,173,0.03122173335354272
54017,174,0.030671159708082808
54017,175,0.030780546178412967
54017,176,0.03032098416116001
54017,177,0.030132352870016196
54017,178,0.02968068455419832
54017,179,0.029298823374735987
54017,180,0.028891534867858025
54017,181,0.027989755070054658
54017,182,0.026940933753918886
54017,183,0.02547967051722805
54017,184,0.02395718181266621
54017,185,0.02266707909459697
54017,186,0.021480243505982703
54017,187,0.020068886361517466
54017,188,0.018291721604331856
54017,189,0.017085788444973885
54017,190,0.01616751756922627
54017,191,0.015309520488020829
54017,192,0.01484140381124637
54017,193,0.014366540010268648
54017,194,0.013971184915385095
54017,195,0.013723826584951727
54017,196,0.013741829600146931
54017,197,0.013703211279836347
54017,198,0.013771346804551636
54017,199,0.013583132339042014
54017,200,0.013825374164409402
54017,201,0.013598448262025954
54017,202,0.012510572317708663
54017,203,0.012025788269094794
54017,204,0.01163484539803887
54017,205,0.011038617042185981
54017,206,0.01032571074354727
54017,207,0.009569443710985405
54017,208,0.008702984763812443
54017,209,0.008004439332017133
54017,210,0.007390871180852766
54017,211,0.006819682888926112
54017,212,0.006135477908396247
54017,213,0.005652753239363199
54017,214,0.005485235013144081
54017,215,0.00538677305401142
54021,73,0.003039774414615435
54021,74,0.0029732896656044622
54021,75,0.002959944861292881
54021,76,0.0029589583243682612
54021,77,0.0029593206094328463
54021,78,0.0029180185040604822
54021,79,0.0030380846819321617
54021,80,0.0032103623105044143
54021,81,0.003326637461078993
54021,82,0.0033233061395657147
54021,83,0.0033096246057391174
54021,84,0.003307756175344497
54021,85,0.0032276816553772816
54021,86,0.0032817816171335098
54021,87,0.0033003729986705557
54021,88,0.003205412130819465
54021,89,0.0031371440029546453
54021,90,0.0029775473437067858
54021,91,0.002849971538469542
54021,92,0.0027470902442035244
54021,93,0.0025842198978740577
54021,94,0.002500325706483575
54021,95,0.0024566797992356575
54021,96,0.002417218422911994
54021,97,0.00217128484231536
54021,98,0.0021264208796476147
54021,99,0.0021185514797539134
54021,100,0.002018357819152983
54021,101,0.0020171698459397363
54021,102,0.002063918990610618
54021,103,0.0020490745674954505
54021,104,0.0021031755309096796
54021,105,0.002005071845654925
54021,106,0.00196230727390066
54021,107,0.0019163042509537339
54021,108,0.0018924874161190134
54021,109,0.0019308946397414266
54021,110,0.0021506124883232925
54021,111,0.002646522457319084
54021,112,0.004297846409126649
54021,113,0.006711369143220267
54021,114,0.010089406770699
54021,115,0.012126056221698057
54021,116,0.013743319163341454
54021,117,0.013894294715238934
54021,118,0.0137617414079556
54021,119,0.013753573939252821
54021,120,0.01322701350507104
54021,121,0.01259555449532317
54021,122,0.012098380371401945
54021,123,0.011713563213546947
54021,124,0.011575042534871625
54021,125,0.011712081642261764
54021,126,0.012321331634263388
54021,127,0.012616721167387261
54021,128,0.012757909778008598
54021,129,0.012295159871516241
54021,130,0.01267645377650025
54021,131,0.013851292142956462
54021,132,0.01446369991995264
54021,133,0.014053821243663321
54021,134,0.013397741314653426
54021,135,0.01354283669778075
54021,136,0.01566492215288287
54021,137,0.020048190438070972
54021,138,0.028983113728802034
54021,139,0.04071622763171971
54021,140,0.06561800912766504
54021,141,0.0781467019351775
54021,142,0.08280529149969969
54021,143,0.08520284798041582
54021,144,0.08589430924755094
54021,145,0.08909764836172591
54021,146,0.08825133737301989
54021,147,0.08580610970218781
54021,148,0.0847680437596634
54021,149,0.08647243892802615
54021,150,0.09182999724655157
54021,151,0.09877652436063734
54021,152,0.0997093959728434
54021,153,0.09765335967472323
54021,154,0.10100016173828179
54021,155,0.10252123936390252
54021,156,0.10039897117655798
54021,157,0.0949653149576665
54021,158,0.09008687520447763
54021,159,0.08331068939671167
54021,160,0.07584345998721839
54021,161,0.07050509528610692
54021,162,0.06488976715963447
54021,163,0.05827818456065583
54021,164,0.05423000220883807
54021,165,0.05216784593494291
54021,166,0.05049874929542592
54021,167,0.04927247355514854
54021,168,0.045570048192053465
54021,169,0.044507705530398976
54021,170,0.04439387206806546
54021,171,0.044132581114449176
54021,172,0.043133244476545374
54021,173,0.042806830913279116
54021,174,0.041721016336700376
54021,175,0.04150450546689446
54021,176,0.0415685148013774
54021,177,0.03952125568617111
54021,178,0.03830617034692343
54021,179,0.03731226102298788
54021,180,0.03605485751192612
54021,181,0.03464032694112001
54021,182,0.03314169219569679
54021,183,0.03143018141796437
54021,184,0.029332603118067686
54021,185,0.02712081846359723
54021,186,0.02535685110508612
54021,187,0.02365330984471717
54021,188,0.022079882545390214
54021,189,0.020415941807284777
54021,190,0.019271195293442296
54021,191,0.018441968495250212
54021,192,0.017839042634953665
54021,193,0.017379309668234536
54021,194,0.016866521625181444
54021,195,0.0165018529029911
54021,196,0.016058634655397138
54021,197,0.016102552926239272
54021,198,0.016318256825635556
54021,199,0.016104744070941895
54021,200,0.016417631341396312
54021,201,0.016707493761589375
54021,202,0.01558376343915894
54021,203,0.01447947237349862
54021,204,0.014175643370792551
54021,205,0.013878875355274664
54021,206,0.013439327532417196
54021,207,0.012622711021368888
54021,208,0.011224595009955318
54021,209,0.010503936996939463
54021,210,0.010074102383210435
54021,211,0.009530486033359587
54021,212,0.008812749416725486
54021,213,0.008218739288453899
54021,214,0.008097710330774277
54021,215,0.008016761026933883
54049,73,0.008799888785635885
54049,74,0.008313582643308262
54049,75,0.008000071948825953
54049,76,0.007744949371384822
54049,77,0.00745151166876869
54049,78,0.007209591304735214
54049,79,0.007029672044787425
54049,80,0.006932094276926497
54049,81,0.006668692168334737
54049,82,0.006315289707573366
54049,83,0.005950251835705262
54049,84,0.005536751418345469
54049,85,0.005125552837985972
54049,86,0.004431668883711734
54049,87,0.0038494022851993863
54049,88,0.0034510911467291357
54049,89,0.003086470958627606
54049,90,0.0026964030941873667
54049,91,0.0023617658378913414
54049,92,0.002080821255702236
54049,93,0.0019195535689032189
54049,94,0.0018181853923781215
54049,95,0.0017517965073012786
54049,96,0.0017101710483403028
54049,97,0.0016886757544126551
54049,98,0.0016921887945150905
54049,99,0.0016088332199464407
54049,100,0.0015967258674866392
54049,101,0.001595744397711694
54049,102,0.001604355843586005
54049,103,0.0016287750396245281
54049,104,0.0016709094464251112
54049,105,0.0016828339850753435
54049,106,0.0016525786206459598
54049,107,0.001666955330378287
54049,108,0.0017776192267075078
54049,109,0.0019177899784120695
54049,110,0.0021580689770968426
54049,111,0.0026304171711017434
54049,112,0.0028936799193337677
54049,113,0.002960432680244928
54049,114,0.003101297921012656
54049,115,0.003037851537002674
54049,116,0.002828860187939387
54049,117,0.002626069760764279
54049,118,0.002542505201639602
54049,119,0.00242419422220718
54049,120,0.0023401436867911676
54049,121,0.002368730213568203
54049,122,0.002359245979158592
54049,123,0.0022861738197685446
54049,124,0.0022564603285140164
54049,125,0.0022813782337724937
54049,126,0.0023062984052038137
54049,127,0.0025256208014322002
54049,128,0.002730793714167599
54049,129,0.002689056476646543
54049,130,0.00265802412866912
54049,131,0.0026723274630614372
54049,132,0.00278208947437941
54049,133,0.0029039357690672754
54049,134,0.0028066193436065306
54049,135,0.0026949507246736004
54049,136,0.002734237100148546
54049,137,0.002848317534653052
54049,138,0.0031965532136563053
54049,139,0.003446287541763712
54049,140,0.003769758862578912
54049,141,0.004135502908734529
54049,142,0.004214309590596389
54049,143,0.004145339957124519
54049,144,0.004081161725752833
54049,145,0.00393436177933558
54049,146,0.003794867951951879
54049,147,0.0036226748826180453
54049,148,0.0034565069201334757
54049,149,0.0033368103932731818
54049,150,0.0033179818307007983
54049,151,0.0033511782855581798
54049,152,0.0033726822040198827
54049,153,0.0034231045388928745
54049,154,0.0035128253136689305
54049,155,0.0035485322685105034
54049,156,0.0034281046834742286
54049,157,0.003333543120990555
54049,158,0.003153578909577581
54049,159,0.0029271712387399338
54049,160,0.0027084427338793368
54049,161,0.0024930480650587005
54049,162,0.0022757531995669334
54049,163,0.0020202677717810866
54049,164,0.0017903845836698324
54049,165,0.0016401824935742802
54049,166,0.0015445539562399576
54049,167,0.0014614889724742384
54049,168,0.001416917912324171
54049,169,0.0013707102121424321
54049,170,0.0013322925069709807
54049,171,0.0013332973609415963
54049,172,0.0013362835032907155
54049,173,0.0012826360121759913
54049,174,0.0012847118444034786
54049,175,0.0013347252547902348
54049,176,0.0014312576955642395
54049,177,0.0014367278541662708
54049,178,0.001457131480793177
54049,179,0.0014637202908998454
54049,180,0.0014632177023809075
54049,181,0.0014177538695407377
54049,182,0.0013560108378840381
54049,183,0.0012900963030059794
54049,184,0.001236144919926034
54049,185,0.0011609240119010082
54049,186,0.0011123926380713408
54049,187,0.0010420760121113118
54049,188,0.0009630925989722457
54049,189,0.0009045788558813457
54049,190,0.000859435334662019
54049,191,0.0008301110333308748
54049,192,0.0008208542144771263
54049,193,0.0008188430800539522
54049,194,0.0008014189874953972
54049,195,0.0008000178970499718
54049,196,0.0007966957924005318
54049,197,0.0007917966519986872
54049,198,0.0007938205618951187
54049,199,0.0008352428023804442
54049,200,0.0009174908407299533
54049,201,0.000971613217258137
54049,202,0.0009413984961934698
54049,203,0.0009183506974637675
54049,204,0.0009045991983558522
54049,205,0.0008681420247044227
54049,206,0.00080126202145066
54049,207,0.0007640684842143421
54049,208,0.0007259168008536324
54049,209,0.0006887596750433964
54049,210,0.0006550616933905818
54049,211,0.0005957787618589823
54049,212,0.0005560296679815747
54049,213,0.0005408287920894876
54049,214,0.0005273724225951251
54049,215,0.000516581418358205
54051,73,0.04999338820435225
54051,74,0.04760576110363661
54051,75,0.04564763246110829
54051,76,0.04412124260715652
54051,77,0.042448287850495606
54051,78,0.04089563291029411
54051,79,0.03975061675949246
54051,80,0.03875887879628129
54051,81,0.037176343794866194
54051,82,0.03493176745965681
54051,83,0.03259043229584785
54051,84,0.02993683441708802
54051,85,0.02748195890951976
54051,86,0.024815142842405703
54051,87,0.022365724277805872
54051,88,0.019856911460946057
54051,89,0.017433114050246713
54051,90,0.015156867377216124
54051,91,0.013016761573534916
54051,92,0.01076964994679598
54051,93,0.009502444891336915
54051,94,0.008676025256188772
54051,95,0.008124022942194779
54051,96,0.007825998860695967
54051,97,0.007625005291779712
54051,98,0.007329886132727767
54051,99,0.007304340125252497
54051,100,0.007340212471065214
54051,101,0.007266395713824298
54051,102,0.007243653410349981
54051,103,0.007281922444207409
54051,104,0.007348082766900816
54051,105,0.007154991201358029
54051,106,0.006753252044645677
54051,107,0.006378990473750484
54051,108,0.006143824026990821
54051,109,0.006010340819330469
54051,110,0.006113439225960901
54051,111,0.0066383514949681695
54051,112,0.007526434379095203
54051,113,0.007979741349706563
54051,114,0.008508861793923364
54051,115,0.008595009539752398
54051,116,0.008480424083997384
54051,117,0.008494344494211773
54051,118,0.008188712965828791
54051,119,0.00793965808350264
54051,120,0.007845922652407218
54051,121,0.00779125499047976
54051,122,0.0076007385068670805
54051,123,0.007594564298349234
54051,124,0.007693882823268289
54051,125,0.007578541087385844
54051,126,0.007792403842455748
54051,127,0.008080925380688652
54051,128,0.008145108229663123
54051,129,0.007512338535061729
54051,130,0.006969225554486319
54051,131,0.006675869192356057
54051,132,0.006546838397420602
54051,133,0.006141402687107175
54051,134,0.005628682168956117
54051,135,0.005204291614701221
54051,136,0.005107169778064934
54051,137,0.005091862866895748
54051,138,0.005139502137613409
54051,139,0.0054806612938117965
54051,140,0.005926352188858572
54051,141,0.00613162723496035
54051,142,0.0061718243503247686
54051,143,0.006090439219200936
54051,144,0.006134921074030886
54051,145,0.006254877417647312
54051,146,0.006232500474167945
54051,147,0.00630629136316135
54051,148,0.006277329377522233
54051,149,0.00634173686261828
54051,150,0.006411848556310426
54051,151,0.006512474295017167
54051,152,0.006532205781621664
54051,153,0.006613610607354251
54051,154,0.006688146663244354
54051,155,0.006635324996835845
54051,156,0.006386569748490048
54051,157,0.006045086957494029
54051,158,0.005595271171645911
54051,159,0.005190174130623849
54051,160,0.004690810630882086
54051,161,0.004248993937541999
54051,162,0.003916876260991099
54051,163,0.0035419902052436615
54051,164,0.003247579251886403
54051,165,0.003003273032475354
54051,166,0.0028529576432956344
54051,167,0.0027702565695288937
54051,168,0.0027331177893709442
54051,169,0.002668039359996592
54051,170,0.0025801321316123367
54051,171,0.002547242829959153
54051,172,0.0025436656869617835
54051,173,0.002536109204263469
54051,174,0.0023967995392593605
54051,175,0.002407388888532988
54051,176,0.002459319332276603
54051,177,0.002351211228642009
54051,178,0.0023130223418366415
54051,179,0.0023071156093119136
54051,180,0.0022811097777289875
54051,181,0.002185496587904798
54051,182,0.0021088875963323826
54051,183,0.00200867738814817
54051,184,0.0019113406545772462
54051,185,0.001834855593745793
54051,186,0.0017731938577149337
54051,187,0.0016704337337927768
54051,188,0.0015798941439937395
54051,189,0.0014965214260279412
54051,190,0.001431306667428851
54051,191,0.001384297258315974
54051,192,0.001371924855248584
54051,193,0.0013649696989879003
54051,194,0.001354506217045992
54051,195,0.0012863152773918923
54051,196,0.0012820050743157852
54051,197,0.0012858538860107181
54051,198,0.0012107704805010484
54051,199,0.0012401753173564955
54051,200,0.001350313636307722
54051,201,0.0013153881978652446
54051,202,0.0012867778306080155
54051,203,0.0012809443848628506
54051,204,0.0012863606310738827
54051,205,0.0012702849014586833
54051,206,0.0012148491677660587
54051,207,0.0011357594285702076
54051,208,0.001074700905237707
54051,209,0.0009988413161664128
54051,210,0.0009084720899647486
54051,211,0.0008385499016700272
54051,212,0.000787325704065389
54051,213,0.0007491933197172077
54051,214,0.0006997737258773447
54051,215,0.0006644087775979494
54061,73,0.0016662002633392348
54061,74,0.0016061780605087352
54061,75,0.001518733206332179
54061,76,0.0014360744096074257
54061,77,0.0013762728360333972
54061,78,0.0013502016250205408
54061,79,0.0013322209299974465
54061,80,0.0013390346628733647
54061,81,0.00131472261633231
54061,82,0.0012504302953772373
54061,83,0.0011715312822440408
54061,84,0.0010863249271944962
54061,85,0.0010078904558144324
54061,86,0.0009109601290541421
54061,87,0.0008168997819632021
54061,88,0.0007453907606292933
54061,89,0.0006607831387119402
54061,90,0.0005785265971689022
54061,91,0.0005244979560558133
54061,92,0.00045418560164930244
54061,93,0.00041374951492717565
54061,94,0.0003889115397343656
54061,95,0.0003738247980953466
54061,96,0.00036566938693510993
54061,97,0.00035517736045851637
54061,98,0.00036294516901630664
54061,99,0.00037082024362313334
54061,100,0.0003459013885605812
54061,101,0.0003442707347790981
54061,102,0.0003529903963134121
54061,103,0.0003831495282877053
54061,104,0.00040467377760163394
54061,105,0.0004276815146424194
54061,106,0.000463730009602914
54061,107,0.0005367982599735688
54061,108,0.0006386172890191623
54061,109,0.0009942112796392192
54061,110,0.0012820885286213622
54061,111,0.0016324149852783845
54061,112,0.0018541485103883402
54061,113,0.0019255505767342537
54061,114,0.0020914672905867756
54061,115,0.0021082621480040787
54061,116,0.0019441853467611608
54061,117,0.0017810755480233476
54061,118,0.0016657891051061317
54061,119,0.0015877714830166774
54061,120,0.0015979809407379027
54061,121,0.0016621626561397448
54061,122,0.0016221392095010874
54061,123,0.0015661222730311195
54061,124,0.0015257556274936364
54061,125,0.001577177677102529
54061,126,0.001615606129958022
54061,127,0.001714460161965077
54061,128,0.0018271487319477613
54061,129,0.0018088564075019904
54061,130,0.0017250270692839278
54061,131,0.0017674727938953565
54061,132,0.0018399031886747548
54061,133,0.0018985264936787454
54061,134,0.001799066400531532
54061,135,0.0017084301612029843
54061,136,0.0017910600892853562
54061,137,0.0019176681863615028
54061,138,0.002141979921987366
54061,139,0.0022853989941917226
54061,140,0.002748092710094992
54061,141,0.0032151645647281292
54061,142,0.0032172412375966386
54061,143,0.0030029294604997626
54061,144,0.002861938066202153
54061,145,0.0028879270794037095
54061,146,0.002841826121930535
54061,147,0.0027485744684579774
54061,148,0.0026340883745811644
54061,149,0.0025892947296257698
54061,150,0.002673081242746376
54061,151,0.0027229264641207337
54061,152,0.0027488332704563236
54061,153,0.002839120249523304
54061,154,0.002958193400375502
54061,155,0.0030800703960672552
54061,156,0.003066588006526739
54061,157,0.0028759897126655488
54061,158,0.0026524834237014305
54061,159,0.002461407460623128
54061,160,0.002361042018846892
54061,161,0.0021844477949221146
54061,162,0.0019406828327858565
54061,163,0.0017017976336082393
54061,164,0.0014784896975910844
54061,165,0.0013269554319046016
54061,166,0.0011954798068297304
54061,167,0.0010814843336459578
54061,168,0.0010090325566034107
54061,169,0.0009344962658997632
54061,170,0.0008727725555447399
54061,171,0.000845229520233914
54061,172,0.0008310599055224822
54061,173,0.0008270836973280888
54061,174,0.0008380371693693028
54061,175,0.000894750778377443
54061,176,0.0009674310685897267
54061,177,0.0010549253207071051
54061,178,0.0011256086585365887
54061,179,0.001128301261410245
54061,180,0.0011276935251640012
54061,181,0.0010721528516230159
54061,182,0.0010121982258911614
54061,183,0.0009762801939308442
54061,184,0.00093477862108264
54061,185,0.0008667257951544526
54061,186,0.0008085210490533356
54061,187,0.0007501335363664265
54061,188,0.0006875483954118074
54061,189,0.0006219189857828004
54061,190,0.0005877165699689612
54061,191,0.0005619481830232367
54061,192,0.0005374718493217376
54061,193,0.0005227744844650446
54061,194,0.0005025198717129423
54061,195,0.0005069135073521137
54061,196,0.0005120916475873496
54061,197,0.000524358045422556
54061,198,0.0005495945128372857
54061,199,0.0005961784469778629
54061,200,0.0006961419800027642
54061,201,0.0008391176865831791
54061,202,0.0008482787910623893
54061,203,0.0008435020924213953
54061,204,0.0008304668686401673
54061,205,0.0007626675451803445
54061,206,0.0006969745853051635
54061,207,0.0006251185394098344
54061,208,0.0005663451009469853
54061,209,0.0005118700599943434
54061,210,0.0004696228055110975
54061,211,0.0004143029204630119
54061,212,0.0003711857512495673
54061,213,0.0003419356616763988
54061,214,0.0003195851786819786
54061,215,0.0003075094209097102
54065,73,0.0010283095676941359
54065,74,0.001323879355426877
54065,75,0.001542770050760827
54065,76,0.0017638448181415804
54065,77,0.0021264147428820624
54065,78,0.002414371281145479
54065,79,0.0024775832371048256
54065,80,0.002468687734644781
54065,81,0.002464684806835497
54065,82,0.002388849762482212
54065,83,0.002319098855600233
54065,84,0.00225053082395605
54065,85,0.0021321236080348504
54065,86,0.00211352442751246
54065,87,0.002144045849190091
54065,88,0.0021336204339500006
54065,89,0.0020094997774879773
54065,90,0.0018666525187774334
54065,91,0.0017598092656623465
54065,92,0.0016316089994468043
54065,93,0.00155903656211312
54065,94,0.0015226331973446274
54065,95,0.0014937883314107853
54065,96,0.0013456812630556704
54065,97,0.0013050164878842274
54065,98,0.0013032112371748586
54065,99,0.0012949330754267571
54065,100,0.0012578360684598964
54065,101,0.001247151278701878
54065,102,0.0012051004844164544
54065,103,0.0012173137931568154
54065,104,0.0012815432748474632
54065,105,0.0013225329472343992
54065,106,0.0013326758694011888
54065,107,0.0013214895972138644
54065,108,0.0013047197923912147
54065,109,0.0013069008098336656
54065,110,0.0013048988625920992
54065,111,0.0012787628133202223
54065,112,0.0012440836010576691
54065,113,0.0012177324919655467
54065,114,0.0011877188098529067
54065,115,0.0011477909486570272
54065,116,0.0011150148693668683
54065,117,0.0010864182427383542
54065,118,0.0010735165380400579
54065,119,0.001060161046379796
54065,120,0.0010748965870325834
54065,121,0.0011094534582423887
54065,122,0.00116281719445503
54065,123,0.0011604080811732768
54065,124,0.0011818133914924317
54065,125,0.0012149742136782916
54065,126,0.0012461683069466835
54065,127,0.0013510004031539742
54065,128,0.001447776526008622
54065,129,0.001498164225509141
54065,130,0.0015236395024625404
54065,131,0.0015667859992694456
54065,132,0.0016442015454281094
54065,133,0.0017197339706869685
54065,134,0.0018027179963903727
54065,135,0.0019215899626968428
54065,136,0.0020382942251239906
54065,137,0.0022300612266335346
54065,138,0.0025437412095958064
54065,139,0.0034199812897765802
54065,140,0.005408027338101677
54065,141,0.006665723537011783
54065,142,0.008249853165330095
54065,143,0.008851790623449656
54065,144,0.008611535714558707
54065,145,0.008450676875322088
54065,146,0.008314497972362197
54065,147,0.008589590946437868
54065,148,0.008975291727564503
54065,149,0.009237521825647554
54065,150,0.00910361818585546
54065,151,0.008989077685339948
54065,152,0.00889413690737846
54065,153,0.008662574594263015
54065,154,0.008329660475369536
54065,155,0.007943746344529204
54065,156,0.007609800904811317
54065,157,0.0071832946403993635
54065,158,0.006715498223167864
54065,159,0.006303490579424827
54065,160,0.0058364355804467576
54065,161,0.005361666277533581
54065,162,0.005008802125856262
54065,163,0.004724481218077163
54065,164,0.004406739647962362
54065,165,0.004116747415127334
54065,166,0.003983172181784768
54065,167,0.003910240719960556
54065,168,0.00386512087271115
54065,169,0.003825305487382945
54065,170,0.0037981632907812843
54065,171,0.0037962336972697662
54065,172,0.0036574697838311783
54065,173,0.0036470587331730365
54065,174,0.003487333740150047
54065,175,0.003462022856274907
54065,176,0.003504641606682803
54065,177,0.0032910285946634666
54065,178,0.0032262304598297195
54065,179,0.003129879358589806
54065,180,0.0031147220460752156
54065,181,0.0031474709944533355
54065,182,0.003073534782616537
54065,183,0.0029123013023738455
54065,184,0.002757023952052643
54065,185,0.0026496696084906644
54065,186,0.0025248720066661213
54065,187,0.002374848591453211
54065,188,0.002235562940882521
54065,189,0.0021340993239703215
54065,190,0.002053246864691687
54065,191,0.001965372004099038
54065,192,0.0018965334525851557
54065,193,0.0018335994631961336
54065,194,0.0017720002759057513
54065,195,0.0016804005446420596
54065,196,0.001630781934054963
54065,197,0.0016013248652665415
54065,198,0.001546284975154716
54065,199,0.0014734511766680406
54065,200,0.001484822262501143
54065,201,0.0014429413420422646
54065,202,0.0013871115379171248
54065,203,0.0012953718369191176
54065,204,0.0012284532704901314
54065,205,0.001211914018684151
54065,206,0.001132277533079689
54065,207,0.0010880405072559347
54065,208,0.0010396300457981935
54065,209,0.0010101784315488358
54065,210,0.0009847451514187289
54065,211,0.0009737955032305615
54065,212,0.0009789113792103912
54065,213,0.0009032153747710887
54065,214,0.0008436695899088567
54065,215,0.0008054892332311394
