fipsCode,hour,osi_pred
18001,73,0.0077986624
18001,74,0.007460866
18001,75,0.006499846
18001,76,0.006068664
18001,77,0.005722875
18001,78,0.0051639252
18001,79,0.004030051
18001,80,0.0030545308
18001,81,0.0033235014
18001,82,0.0027046888
18001,83,0.0022056566
18001,84,0.001733244
18001,85,0.001193073
18001,86,0.0011182833
18001,87,0.0009426924
18001,88,0.0008753339
18001,89,0.0007102662
18001,90,0.00063218246
18001,91,0.00048934354
18001,92,0.00051959755
18001,93,0.00037516418
18001,94,0.00019982512
18001,95,0.00016743923
18001,96,8.333561e-05
18001,97,3.9379993e-05
18001,98,1.9525953e-05
18001,99,1.934111e-05
18001,100,2.1152733e-05
18001,101,1.5125546e-05
18001,102,7.161342e-06
18001,103,3.8210765e-06
18001,104,8.181654e-07
18001,105,5.1348956e-09
18001,106,1.926844e-06
18001,107,0.0011945014
18001,108,0.0019570827
18001,109,0.002746401
18001,110,0.0028409301
18001,111,0.0031003358
18001,112,0.0028599626
18001,113,0.002687399
18001,114,0.0028355
18001,115,0.002673101
18001,116,0.0026913914
18001,117,0.0024034106
18001,118,0.0021883221
18001,119,0.0021933482
18001,120,0.00257139
18001,121,0.0026530614
18001,122,0.0029868165
18001,123,0.0031288576
18001,124,0.0032729972
18001,125,0.003058936
18001,126,0.0022208518
18001,127,0.0017208956
18001,128,0.001373157
18001,129,0.0011569401
18001,130,0.0011642841
18001,131,0.0009836329
18001,132,0.00087213964
18001,133,0.00072073407
18001,134,0.00069388613
18001,135,0.0006461876
18001,136,0.00049364957
18001,137,0.0004895764
18001,138,0.0005342499
18001,139,0.00064587226
18001,140,0.0005917398
18001,141,0.00047475117
18001,142,0.00029482716
18001,143,0.00015667792
18001,144,8.18017e-05
18001,145,5.370254e-05
18001,146,3.5348305e-05
18001,147,2.4212251e-05
18001,148,3.2224318e-05
18001,149,5.9848207e-05
18001,150,4.6635516e-05
18001,151,8.5253945e-05
18001,152,0.00012760611
18001,153,0.00011546171
18001,154,6.800676e-05
18001,155,4.0298604e-05
18001,156,5.0102495e-05
18001,157,3.5609093e-05
18001,158,1.9004974e-05
18001,159,1.2077719e-05
18001,160,6.308966e-06
18001,161,6.375043e-06
18001,162,8.496744e-06
18001,163,1.4163816e-05
18001,164,2.1068814e-05
18001,165,2.9025228e-05
18001,166,2.3520219e-05
18001,167,1.1202173e-05
18001,168,2.008211e-06
18001,169,1.15142974e-07
18001,170,1.5615869e-06
18001,171,1.4026577e-06
18001,172,1.1066219e-06
18001,173,6.3364024e-07
18001,174,6.799458e-06
18001,175,5.1886764e-05
18001,176,4.5102075e-05
18001,177,2.932488e-05
18001,178,1.17495165e-05
18001,179,1.2569953e-05
18001,180,5.0925188e-08
18001,181,0.0
18001,182,0.0
18001,183,0.0
18001,184,0.0
18001,185,9.474306e-07
18001,186,4.2938905e-06
18001,187,1.3848777e-06
18001,188,4.869017e-06
18001,189,9.074286e-06
18001,190,9.764006e-06
18001,191,4.39136e-06
18001,192,2.0802765e-06
18001,193,3.993277e-06
18001,194,8.198097e-06
18001,195,3.319591e-05
18001,196,6.565647e-05
18001,197,0.00012990617
18001,198,7.849806e-05
18001,199,4.9369246e-05
18001,200,4.704764e-05
18001,201,3.755188e-05
18001,202,4.905358e-05
18001,203,9.9458994e-05
18001,204,0.00012578015
18001,205,0.00010289547
18001,206,1.4640241e-05
18001,207,1.4354771e-05
18001,208,3.249443e-06
18001,209,7.200076e-06
18001,210,6.356543e-06
18001,211,1.0584356e-07
18001,212,9.371031e-07
18001,213,0.0
18001,214,9.009641e-08
18001,215,2.6600726e-05
18003,73,0.009574594
18003,74,0.008899699
18003,75,0.00799617
18003,76,0.007356482
18003,77,0.0068223095
18003,78,0.006657739
18003,79,0.004940034
18003,80,0.004703374
18003,81,0.003463515
18003,82,0.0030371689
18003,83,0.0030420753
18003,84,0.0024082381
18003,85,0.0016381486
18003,86,0.0012921947
18003,87,0.001011637
18003,88,0.00086074317
18003,89,0.0007221472
18003,90,0.00057245017
18003,91,0.0004808429
18003,92,0.00046205564
18003,93,0.0002007662
18003,94,2.9197148e-05
18003,95,6.639277e-05
18003,96,5.8769132e-05
18003,97,5.3144788e-05
18003,98,5.932787e-05
18003,99,7.242072e-05
18003,100,7.919396e-05
18003,101,6.7912486e-05
18003,102,3.725196e-05
18003,103,4.4014236e-05
18003,104,6.4304884e-05
18003,105,5.608941e-05
18003,106,5.392539e-05
18003,107,0.0007799853
18003,108,0.002313806
18003,109,0.003663589
18003,110,0.0043844106
18003,111,0.004140048
18003,112,0.0038315966
18003,113,0.00401196
18003,114,0.0038157282
18003,115,0.0033943185
18003,116,0.0033079258
18003,117,0.0027154554
18003,118,0.0032743595
18003,119,0.0036180245
18003,120,0.003956608
18003,121,0.0037196004
18003,122,0.0034418222
18003,123,0.004020314
18003,124,0.0041645947
18003,125,0.0040840115
18003,126,0.0037845566
18003,127,0.003506234
18003,128,0.0031853619
18003,129,0.0030307642
18003,130,0.0029338375
18003,131,0.0028556273
18003,132,0.0027171979
18003,133,0.002380678
18003,134,0.0022065614
18003,135,0.0018816722
18003,136,0.0017864839
18003,137,0.0015114081
18003,138,0.0013889654
18003,139,0.0011132262
18003,140,0.00091451907
18003,141,0.0007883015
18003,142,0.00073328026
18003,143,0.0006911973
18003,144,0.00063673145
18003,145,0.00041832658
18003,146,0.0003634742
18003,147,0.00025627212
18003,148,0.0002841463
18003,149,0.0003841441
18003,150,0.00043506827
18003,151,0.0005011821
18003,152,0.0004381029
18003,153,0.00037958912
18003,154,0.00032663104
18003,155,0.000261355
18003,156,0.00021883304
18003,157,0.00012361487
18003,158,7.473269e-05
18003,159,4.2357347e-05
18003,160,1.9773897e-05
18003,161,9.885023e-06
18003,162,3.4078441e-06
18003,163,2.9437253e-06
18003,164,3.4187103e-06
18003,165,3.522974e-06
18003,166,5.4546035e-07
18003,167,4.598175e-09
18003,168,2.3057035e-07
18003,169,5.425941e-07
18003,170,1.2652553e-07
18003,171,2.826335e-10
18003,172,0.0
18003,173,0.0
18003,174,6.968091e-06
18003,175,2.4334056e-05
18003,176,8.06629e-05
18003,177,0.00012192354
18003,178,0.000109231405
18003,179,0.00015855167
18003,180,0.00012996077
18003,181,0.00010227421
18003,182,0.000101184894
18003,183,7.438651e-05
18003,184,4.779488e-05
18003,185,1.3640355e-05
18003,186,1.2130704e-05
18003,187,1.9194895e-05
18003,188,7.3588803e-06
18003,189,3.2182393e-06
18003,190,4.775013e-06
18003,191,4.5595802e-06
18003,192,5.2956616e-06
18003,193,1.0446767e-05
18003,194,1.5009735e-05
18003,195,2.3835855e-05
18003,196,3.928688e-05
18003,197,8.6889115e-05
18003,198,6.183009e-05
18003,199,5.0340393e-05
18003,200,3.0602256e-05
18003,201,1.5848944e-05
18003,202,6.8465497e-06
18003,203,3.074986e-06
18003,204,5.8693613e-06
18003,205,8.923765e-06
18003,206,0.0
18003,207,0.0
18003,208,0.0
18003,209,0.0
18003,210,0.0
18003,211,0.0
18003,212,0.0
18003,213,0.0
18003,214,0.0
18003,215,1.2058397e-05
18005,73,1.2082357e-06
18005,74,0.0
18005,75,0.0
18005,76,0.0
18005,77,0.0
18005,78,0.0
18005,79,6.1330707e-06
18005,80,7.730043e-06
18005,81,4.438219e-06
18005,82,4.776808e-06
18005,83,9.371776e-06
18005,84,1.841827e-05
18005,85,5.296852e-05
18005,86,0.00011949352
18005,87,0.00011747457
18005,88,0.00014715959
18005,89,0.000152191
18005,90,0.00014226772
18005,91,0.00012081602
18005,92,8.200062e-05
18005,93,0.0001032838
18005,94,9.726426e-05
18005,95,0.00012287185
18005,96,0.00014189801
18005,97,0.00012820851
18005,98,9.857002e-05
18005,99,8.7367844e-05
18005,100,0.0001013926
18005,101,0.00010904045
18005,102,0.0001101672
18005,103,0.00012625153
18005,104,0.00011619635
18005,105,0.00014635264
18005,106,0.00087338453
18005,107,0.0060724933
18005,108,0.012378408
18005,109,0.015807971
18005,110,0.0150884995
18005,111,0.0146353785
18005,112,0.013230551
18005,113,0.012044373
18005,114,0.010126109
18005,115,0.008301912
18005,116,0.0065705804
18005,117,0.0054322737
18005,118,0.005446326
18005,119,0.0075039673
18005,120,0.008061337
18005,121,0.00819089
18005,122,0.008334467
18005,123,0.00790939
18005,124,0.0076305084
18005,125,0.0072185565
18005,126,0.0069052856
18005,127,0.0059137456
18005,128,0.0051070456
18005,129,0.0042173318
18005,130,0.0034722292
18005,131,0.002627737
18005,132,0.001692028
18005,133,0.0012724813
18005,134,0.00087420084
18005,135,0.0008092993
18005,136,0.00069940457
18005,137,0.0005717684
18005,138,0.0004747966
18005,139,0.0003571536
18005,140,0.0002961004
18005,141,0.00015537206
18005,142,0.00014010762
18005,143,0.00018409014
18005,144,0.0002650992
18005,145,0.00028862094
18005,146,0.0004353644
18005,147,0.00050120207
18005,148,0.0006262804
18005,149,0.00059111527
18005,150,0.00056015473
18005,151,0.0005361277
18005,152,0.00042253773
18005,153,0.000322105
18005,154,0.00026558666
18005,155,0.00024603738
18005,156,0.00021713329
18005,157,0.00025808264
18005,158,0.00013989692
18005,159,8.0980404e-05
18005,160,7.375633e-05
18005,161,7.2944444e-05
18005,162,7.071727e-05
18005,163,3.58959e-05
18005,164,0.00013818975
18005,165,0.00023739837
18005,166,0.00017622588
18005,167,0.0001013282
18005,168,8.588547e-05
18005,169,5.815972e-05
18005,170,4.681695e-05
18005,171,2.5757387e-05
18005,172,7.454262e-06
18005,173,1.1365203e-05
18005,174,6.7159326e-06
18005,175,2.0447711e-05
18005,176,1.5357538e-05
18005,177,1.5278765e-05
18005,178,2.4268647e-05
18005,179,4.7579928e-05
18005,180,9.112605e-05
18005,181,0.00010046576
18005,182,0.000100305406
18005,183,4.4272227e-05
18005,184,3.713395e-05
18005,185,2.471936e-05
18005,186,8.151021e-05
18005,187,0.00011606921
18005,188,1.944331e-05
18005,189,8.8668285e-06
18005,190,2.0658254e-05
18005,191,4.7917994e-05
18005,192,4.8003592e-05
18005,193,4.356486e-05
18005,194,2.2341057e-05
18005,195,1.4759662e-05
18005,196,2.0904376e-05
18005,197,5.5333976e-06
18005,198,3.988244e-06
18005,199,1.0058842e-05
18005,200,9.641051e-06
18005,201,1.2244368e-05
18005,202,5.2010555e-06
18005,203,1.1915034e-06
18005,204,1.8390976e-06
18005,205,1.2933688e-05
18005,206,2.07042e-05
18005,207,4.310952e-05
18005,208,3.323747e-05
18005,209,1.9807212e-05
18005,210,1.0787266e-05
18005,211,1.40966185e-05
18005,212,1.5035832e-05
18005,213,8.9970745e-06
18005,214,4.1758653e-05
18005,215,4.710548e-05
18007,73,0.001531633
18007,74,0.0009804562
18007,75,0.0006945428
18007,76,0.0004217678
18007,77,0.00052747683
18007,78,0.0005718402
18007,79,0.00071651273
18007,80,0.0006846998
18007,81,0.0007188525
18007,82,0.0006779317
18007,83,0.0005171798
18007,84,0.00044785798
18007,85,0.00039411496
18007,86,0.00034361787
18007,87,0.00027796318
18007,88,0.00043703523
18007,89,0.00024729886
18007,90,0.00039140863
18007,91,0.00034514733
18007,92,0.00027047464
18007,93,0.0002524393
18007,94,0.00030445063
18007,95,0.00023211403
18007,96,0.00037363506
18007,97,0.00040892567
18007,98,0.0003288487
18007,99,0.00020921677
18007,100,0.00017711538
18007,101,0.00020290488
18007,102,0.00024748666
18007,103,0.00033976947
18007,104,0.00063434057
18007,105,0.00086109334
18007,106,0.0012034181
18007,107,0.0027156272
18007,108,0.0034289183
18007,109,0.0034754812
18007,110,0.00391034
18007,111,0.0042780954
18007,112,0.0047541996
18007,113,0.0044157933
18007,114,0.0039988547
18007,115,0.0035105476
18007,116,0.0027470319
18007,117,0.0032798895
18007,118,0.0041667502
18007,119,0.005994478
18007,120,0.0057770796
18007,121,0.0059435447
18007,122,0.0054185214
18007,123,0.0046522547
18007,124,0.0036288607
18007,125,0.0030571595
18007,126,0.0030026794
18007,127,0.0031109368
18007,128,0.0028619072
18007,129,0.0023592075
18007,130,0.0023258762
18007,131,0.0022054194
18007,132,0.0018264274
18007,133,0.0013181663
18007,134,0.0010396782
18007,135,0.00080153137
18007,136,0.0005446379
18007,137,0.0004952823
18007,138,0.0002867008
18007,139,0.00015600071
18007,140,0.0001423721
18007,141,0.00012942102
18007,142,9.861606e-05
18007,143,8.3979045e-05
18007,144,0.00016948971
18007,145,8.409e-05
18007,146,4.3559565e-05
18007,147,3.594421e-05
18007,148,0.00012573783
18007,149,0.00033225742
18007,150,0.0007804813
18007,151,0.001562724
18007,152,0.0019762756
18007,153,0.0023457285
18007,154,0.0029089686
18007,155,0.0034115626
18007,156,0.0038241108
18007,157,0.003309931
18007,158,0.0027212915
18007,159,0.002284921
18007,160,0.0020728929
18007,161,0.0016270523
18007,162,0.00093140063
18007,163,0.0006400942
18007,164,0.00054425193
18007,165,0.0002811834
18007,166,0.00011603132
18007,167,6.687228e-05
18007,168,8.669631e-05
18007,169,9.130208e-05
18007,170,8.625146e-05
18007,171,0.00013385691
18007,172,0.00019678957
18007,173,0.0003120046
18007,174,0.00053133717
18007,175,0.00057951955
18007,176,0.0007206111
18007,177,0.0010233959
18007,178,0.001161063
18007,179,0.0011585776
18007,180,0.0009249524
18007,181,0.00071369164
18007,182,0.00057493994
18007,183,0.00034040314
18007,184,0.00023015022
18007,185,0.00025425406
18007,186,0.00028585133
18007,187,0.00019899437
18007,188,0.000122057994
18007,189,0.0001330891
18007,190,0.00035053503
18007,191,0.00018409824
18007,192,0.00019892458
18007,193,0.00020285971
18007,194,0.00012762051
18007,195,0.00015565594
18007,196,0.00019879839
18007,197,0.00016956723
18007,198,0.00017749338
18007,199,0.0001410697
18007,200,0.00016052926
18007,201,0.00013701766
18007,202,0.00013472125
18007,203,8.46563e-05
18007,204,6.088933e-05
18007,205,6.464521e-05
18007,206,9.7658456e-05
18007,207,0.00012848122
18007,208,0.00015318133
18007,209,8.273497e-05
18007,210,4.0005998e-05
18007,211,1.31570405e-05
18007,212,4.513366e-05
18007,213,0.00011240691
18007,214,9.772454e-05
18007,215,6.426976e-05
18011,73,0.0018959941
18011,74,0.0011232658
18011,75,0.00067682954
18011,76,0.00021917105
18011,77,0.00018523795
18011,78,0.00020664024
18011,79,0.00017626864
18011,80,0.0001558036
18011,81,2.5419109e-05
18011,82,2.26424e-06
18011,83,0.0
18011,84,0.0
18011,85,0.0
18011,86,0.0
18011,87,0.0
18011,88,0.0
18011,89,0.0
18011,90,0.0
18011,91,7.6909396e-07
18011,92,0.0
18011,93,0.0
18011,94,0.0
18011,95,0.0
18011,96,0.0
18011,97,0.0
18011,98,0.0
18011,99,0.0
18011,100,0.0
18011,101,0.0
18011,102,0.0
18011,103,0.0
18011,104,0.0
18011,105,0.0
18011,106,7.743725e-05
18011,107,0.0005441764
18011,108,0.0010592276
18011,109,0.001122233
18011,110,0.0012770764
18011,111,0.0015418486
18011,112,0.001784357
18011,113,0.0017176243
18011,114,0.0016901733
18011,115,0.0016811199
18011,116,0.0016017068
18011,117,0.001536548
18011,118,0.0025887683
18011,119,0.002342842
18011,120,0.0017804588
18011,121,0.0014156103
18011,122,0.0013126399
18011,123,0.0011532161
18011,124,0.0009266695
18011,125,0.0007481418
18011,126,0.00063957006
18011,127,0.0006509149
18011,128,0.0007433205
18011,129,0.00073131686
18011,130,0.00077979977
18011,131,0.00066806964
18011,132,0.00068830623
18011,133,0.00068138517
18011,134,0.00050515315
18011,135,0.00024474933
18011,136,0.00022368027
18011,137,0.00011069105
18011,138,0.00014019363
18011,139,0.00013703632
18011,140,7.4379e-05
18011,141,5.278194e-05
18011,142,2.0789803e-05
18011,143,2.2715862e-05
18011,144,9.502221e-06
18011,145,2.68874e-06
18011,146,6.37743e-08
18011,147,7.152367e-09
18011,148,0.0
18011,149,0.0
18011,150,0.0
18011,151,0.0
18011,152,0.0
18011,153,6.168848e-08
18011,154,6.285789e-07
18011,155,6.871624e-06
18011,156,1.8564837e-05
18011,157,1.5346799e-05
18011,158,3.181628e-05
18011,159,5.526738e-05
18011,160,5.0194118e-05
18011,161,4.3445365e-05
18011,162,7.4005716e-06
18011,163,1.1465598e-06
18011,164,1.646842e-06
18011,165,1.3334334e-06
18011,166,0.0
18011,167,0.0
18011,168,0.0
18011,169,0.0
18011,170,0.0
18011,171,0.0
18011,172,0.0
18011,173,0.0
18011,174,0.0
18011,175,0.0
18011,176,0.0
18011,177,0.0
18011,178,0.0
18011,179,7.669572e-07
18011,180,3.4828836e-06
18011,181,1.8305178e-06
18011,182,2.7449653e-07
18011,183,1.251849e-07
18011,184,0.0
18011,185,0.0
18011,186,0.0
18011,187,3.6326955e-07
18011,188,2.1440655e-06
18011,189,6.354734e-06
18011,190,1.8738652e-05
18011,191,2.5335003e-05
18011,192,1.9218145e-05
18011,193,8.119993e-05
18011,194,0.000111115194
18011,195,0.00019422901
18011,196,0.00025682678
18011,197,0.00015099098
18011,198,0.000114288254
18011,199,8.599519e-05
18011,200,6.85204e-05
18011,201,4.713901e-05
18011,202,1.8419812e-05
18011,203,2.2349586e-06
18011,204,1.2539078e-06
18011,205,5.348529e-08
18011,206,0.0
18011,207,3.535711e-07
18011,208,3.8797672e-05
18011,209,9.823431e-05
18011,210,0.00011134367
18011,211,6.841787e-05
18011,212,6.1265964e-05
18011,213,9.903056e-05
18011,214,0.000103014034
18011,215,7.266508e-05
18015,73,0.0023463909
18015,74,0.0015818491
18015,75,0.000330906
18015,76,0.00022959242
18015,77,0.0002888128
18015,78,0.00029404557
18015,79,0.00021773166
18015,80,0.00014899879
18015,81,0.00017961266
18015,82,0.00013863434
18015,83,8.9305686e-05
18015,84,0.00012119833
18015,85,0.00012128215
18015,86,4.2770906e-05
18015,87,1.859834e-05
18015,88,4.779706e-05
18015,89,2.9207878e-05
18015,90,4.0561405e-05
18015,91,9.33917e-05
18015,92,5.5494824e-05
18015,93,8.538144e-06
18015,94,4.91161e-06
18015,95,0.0
18015,96,1.36586405e-05
18015,97,1.2691146e-06
18015,98,4.598113e-07
18015,99,4.978574e-07
18015,100,2.7593487e-06
18015,101,4.919455e-06
18015,102,0.0
18015,103,0.0
18015,104,0.0
18015,105,6.3636544e-05
18015,106,0.00016371407
18015,107,0.00045008262
18015,108,0.0012543579
18015,109,0.0017466486
18015,110,0.0017373168
18015,111,0.001958115
18015,112,0.001955892
18015,113,0.0018969738
18015,114,0.0020493742
18015,115,0.0021828853
18015,116,0.0021411558
18015,117,0.001972545
18015,118,0.0033050263
18015,119,0.001991035
18015,120,0.0015118223
18015,121,0.001231914
18015,122,0.00093597005
18015,123,0.0007996168
18015,124,0.00064908684
18015,125,0.00045821947
18015,126,0.00038467618
18015,127,0.00028553727
18015,128,0.0002701883
18015,129,0.00017956963
18015,130,0.0001387889
18015,131,8.2804494e-05
18015,132,9.9393685e-05
18015,133,9.28899e-05
18015,134,3.5468274e-05
18015,135,1.7475976e-06
18015,136,0.0
18015,137,0.0
18015,138,6.046861e-08
18015,139,0.0
18015,140,0.0
18015,141,2.1308656e-06
18015,142,1.1785864e-06
18015,143,1.1558468e-06
18015,144,2.2870031e-08
18015,145,0.0
18015,146,0.0
18015,147,0.0
18015,148,0.0
18015,149,0.0
18015,150,0.0
18015,151,3.6322216e-08
18015,152,3.0324848e-06
18015,153,1.3087858e-05
18015,154,2.0560616e-05
18015,155,1.6372693e-05
18015,156,2.2090495e-05
18015,157,2.6253947e-05
18015,158,3.0428135e-05
18015,159,2.9945271e-05
18015,160,5.5932975e-05
18015,161,4.1909178e-05
18015,162,4.340964e-05
18015,163,5.6329238e-05
18015,164,3.442971e-05
18015,165,4.340625e-05
18015,166,3.2690074e-05
18015,167,1.8922907e-05
18015,168,1.2528541e-05
18015,169,8.362565e-06
18015,170,2.3133393e-06
18015,171,1.0038787e-06
18015,172,3.042957e-12
18015,173,0.0
18015,174,2.9569702e-07
18015,175,1.251594e-05
18015,176,2.9837853e-05
18015,177,5.064941e-05
18015,178,4.7558737e-05
18015,179,8.617253e-06
18015,180,1.964685e-07
18015,181,0.0
18015,182,0.0
18015,183,0.0
18015,184,0.0
18015,185,0.0
18015,186,0.0
18015,187,0.0
18015,188,1.0208919e-09
18015,189,6.3450793e-06
18015,190,2.0924757e-05
18015,191,2.1406984e-05
18015,192,1.9018093e-05
18015,193,4.715281e-05
18015,194,7.974497e-06
18015,195,1.060063e-06
18015,196,0.0
18015,197,0.0
18015,198,3.1716481e-06
18015,199,5.1348888e-08
18015,200,0.0
18015,201,0.0
18015,202,0.0
18015,203,0.0
18015,204,4.9220074e-07
18015,205,0.0
18015,206,0.0
18015,207,7.91809e-08
18015,208,3.6648464e-05
18015,209,8.487861e-05
18015,210,0.00013270743
18015,211,3.4584842e-05
18015,212,1.899878e-05
18015,213,6.131163e-05
18015,214,0.0001553119
18015,215,0.00019034708
18017,73,0.0012295096
18017,74,0.0016315292
18017,75,0.001585362
18017,76,0.0016142444
18017,77,0.00078846066
18017,78,0.0011814684
18017,79,0.0007449939
18017,80,0.00043365077
18017,81,0.000437613
18017,82,0.00035399967
18017,83,0.00021343729
18017,84,0.0002588839
18017,85,0.0002671412
18017,86,0.00018993585
18017,87,0.00012778804
18017,88,0.00023302088
18017,89,0.00019108296
18017,90,0.00015912866
18017,91,0.0001784748
18017,92,0.00012882159
18017,93,3.5886907e-05
18017,94,2.8472614e-06
18017,95,0.0
18017,96,0.0
18017,97,0.0
18017,98,0.0
18017,99,0.0
18017,100,0.0
18017,101,0.0
18017,102,0.0
18017,103,0.0
18017,104,0.0
18017,105,0.0
18017,106,1.0538651e-05
18017,107,0.00021059853
18017,108,0.0009358483
18017,109,0.001590475
18017,110,0.001647215
18017,111,0.0024294944
18017,112,0.0026444509
18017,113,0.0028176906
18017,114,0.0030800607
18017,115,0.0033576193
18017,116,0.0029331842
18017,117,0.0025884677
18017,118,0.0033249485
18017,119,0.0023421056
18017,120,0.0016329439
18017,121,0.0014384899
18017,122,0.0011120907
18017,123,0.0009909014
18017,124,0.0007251245
18017,125,0.0004743896
18017,126,0.00036243975
18017,127,0.00028689468
18017,128,0.00033886393
18017,129,0.0002706036
18017,130,0.00023639509
18017,131,0.00014895317
18017,132,0.00016356791
18017,133,0.00019843635
18017,134,0.00011054118
18017,135,4.719878e-05
18017,136,3.63844e-06
18017,137,0.0
18017,138,0.0
18017,139,0.0
18017,140,1.8134239e-07
18017,141,4.7392226e-07
18017,142,5.7875473e-09
18017,143,0.0
18017,144,0.0
18017,145,0.0
18017,146,0.0
18017,147,0.0
18017,148,0.0
18017,149,0.0
18017,150,1.577174e-06
18017,151,2.1121603e-05
18017,152,5.860992e-05
18017,153,7.6628436e-05
18017,154,4.5694465e-05
18017,155,2.9101211e-05
18017,156,3.9902665e-05
18017,157,7.0146234e-05
18017,158,9.485691e-05
18017,159,8.7921275e-05
18017,160,0.00010491878
18017,161,7.845307e-05
18017,162,6.802132e-05
18017,163,6.965468e-05
18017,164,3.9417646e-05
18017,165,4.255759e-05
18017,166,2.7131242e-05
18017,167,1.42111585e-05
18017,168,7.803289e-06
18017,169,3.473703e-06
18017,170,0.0
18017,171,0.0
18017,172,0.0
18017,173,0.0
18017,174,0.0
18017,175,3.5222465e-06
18017,176,1.2741839e-05
18017,177,1.898196e-05
18017,178,1.5804166e-05
18017,179,5.152484e-06
18017,180,1.3304748e-06
18017,181,3.1139355e-10
18017,182,5.036504e-09
18017,183,4.469855e-07
18017,184,4.6345187e-07
18017,185,3.4098432e-06
18017,186,8.831334e-06
18017,187,3.7462647e-07
18017,188,1.0625849e-06
18017,189,3.259248e-06
18017,190,7.1221853e-06
18017,191,5.8085857e-06
18017,192,1.0707366e-05
18017,193,1.8640021e-05
18017,194,2.2358472e-05
18017,195,3.7112084e-05
18017,196,1.0846454e-05
18017,197,4.5772114e-05
18017,198,5.881679e-05
18017,199,7.5115095e-05
18017,200,4.84887e-05
18017,201,4.2596188e-05
18017,202,1.5427473e-05
18017,203,2.5405248e-05
18017,204,1.7017064e-05
18017,205,1.2502848e-05
18017,206,7.6863313e-07
18017,207,2.8133604e-06
18017,208,4.5309065e-05
18017,209,7.024465e-05
18017,210,0.00013172855
18017,211,4.22265e-05
18017,212,1.7769647e-05
18017,213,3.1432584e-05
18017,214,6.115423e-05
18017,215,9.20502e-05
18019,73,0.0
18019,74,0.0
18019,75,0.0
18019,76,0.0
18019,77,0.0
18019,78,0.0
18019,79,0.0
18019,80,0.0
18019,81,0.0
18019,82,0.0
18019,83,2.424686e-06
18019,84,5.4706758e-05
18019,85,0.00011816983
18019,86,0.0002238751
18019,87,0.0002467938
18019,88,0.0002637224
18019,89,0.00022089822
18019,90,5.987544e-05
18019,91,1.3620677e-05
18019,92,3.2307244e-06
18019,93,1.4854533e-07
18019,94,0.0
18019,95,0.0
18019,96,0.0
18019,97,0.0
18019,98,0.0
18019,99,3.5121045e-07
18019,100,5.135047e-06
18019,101,2.5980384e-05
18019,102,4.7028425e-05
18019,103,8.485489e-05
18019,104,0.0001372667
18019,105,0.0006378818
18019,106,0.0016680495
18019,107,0.003514596
18019,108,0.0071285157
18019,109,0.00959283
18019,110,0.009502372
18019,111,0.009499409
18019,112,0.008891266
18019,113,0.008393873
18019,114,0.0073947306
18019,115,0.0059389537
18019,116,0.0051053064
18019,117,0.0047145495
18019,118,0.004553958
18019,119,0.0045221467
18019,120,0.0050716037
18019,121,0.0044702925
18019,122,0.0040996764
18019,123,0.0039296784
18019,124,0.0038444996
18019,125,0.003688662
18019,126,0.003401306
18019,127,0.0033961907
18019,128,0.003211264
18019,129,0.0027611423
18019,130,0.0025860092
18019,131,0.002593477
18019,132,0.0017883934
18019,133,0.0011517801
18019,134,0.0009869336
18019,135,0.0008363503
18019,136,0.0006261607
18019,137,0.00048586036
18019,138,0.0004214646
18019,139,0.00034809037
18019,140,0.00034254402
18019,141,0.0003050773
18019,142,0.00023864782
18019,143,0.00023972968
18019,144,0.00018476507
18019,145,0.00013823065
18019,146,0.0001118398
18019,147,9.653661e-05
18019,148,9.03513e-05
18019,149,0.00010429942
18019,150,0.0001263807
18019,151,0.00015574014
18019,152,9.153089e-05
18019,153,0.00013486148
18019,154,0.00013803989
18019,155,0.00011285405
18019,156,7.269826e-05
18019,157,6.5346845e-05
18019,158,8.0850135e-05
18019,159,0.00013037623
18019,160,0.00011822897
18019,161,4.2418982e-05
18019,162,6.0469265e-06
18019,163,9.353128e-06
18019,164,5.12973e-06
18019,165,1.0056964e-10
18019,166,5.1911147e-06
18019,167,3.835678e-07
18019,168,0.0
18019,169,0.0
18019,170,0.0
18019,171,5.1221093e-07
18019,172,5.162323e-06
18019,173,7.4378677e-06
18019,174,4.122057e-06
18019,175,8.666212e-06
18019,176,1.35412965e-05
18019,177,2.8786213e-05
18019,178,2.201424e-05
18019,179,3.609564e-05
18019,180,3.7861548e-05
18019,181,4.337674e-05
18019,182,2.4535264e-05
18019,183,4.5554203e-05
18019,184,6.085969e-05
18019,185,5.193068e-05
18019,186,7.7059136e-05
18019,187,8.9841604e-05
18019,188,5.4078497e-05
18019,189,8.0884936e-05
18019,190,5.9089307e-05
18019,191,2.5393161e-05
18019,192,0.0
18019,193,0.0
18019,194,0.0
18019,195,0.0
18019,196,0.0
18019,197,2.5987e-08
18019,198,1.2619734e-06
18019,199,3.3957665e-06
18019,200,2.2464142e-06
18019,201,4.243258e-06
18019,202,1.6886105e-06
18019,203,1.0545784e-06
18019,204,1.9249084e-08
18019,205,3.8523376e-07
18019,206,6.3158277e-06
18019,207,1.4596827e-05
18019,208,1.4062742e-05
18019,209,3.5495136e-06
18019,210,3.371673e-08
18019,211,3.656584e-06
18019,212,9.7629245e-06
18019,213,5.5241226e-06
18019,214,1.0850566e-05
18019,215,8.185049e-06
18021,73,0.00030898408
18021,74,0.0
18021,75,0.0
18021,76,0.0
18021,77,0.0
18021,78,0.0
18021,79,8.810265e-06
18021,80,5.8170663e-05
18021,81,4.639089e-05
18021,82,2.7817518e-05
18021,83,1.842794e-05
18021,84,3.4797435e-05
18021,85,0.00010070607
18021,86,7.009028e-05
18021,87,4.6577232e-05
18021,88,2.2283362e-05
18021,89,6.315809e-05
18021,90,5.4945216e-05
18021,91,4.6120913e-05
18021,92,2.8542232e-05
18021,93,4.0257484e-05
18021,94,5.954077e-05
18021,95,7.603243e-05
18021,96,0.000105123894
18021,97,0.00010463591
18021,98,0.000118100186
18021,99,0.00010759902
18021,100,0.00010683824
18021,101,0.0001022383
18021,102,0.00012583582
18021,103,0.0002596203
18021,104,0.00057219504
18021,105,0.001133878
18021,106,0.0025833454
18021,107,0.0049017416
18021,108,0.0061574485
18021,109,0.008151326
18021,110,0.010199056
18021,111,0.010869664
18021,112,0.011425053
18021,113,0.010621332
18021,114,0.010089994
18021,115,0.008833503
18021,116,0.0064528035
18021,117,0.006956541
18021,118,0.009074654
18021,119,0.008709308
18021,120,0.008909794
18021,121,0.0083156815
18021,122,0.0073539736
18021,123,0.0070325756
18021,124,0.0052755326
18021,125,0.0043022214
18021,126,0.0035157872
18021,127,0.002824014
18021,128,0.0027735457
18021,129,0.0026191548
18021,130,0.002570775
18021,131,0.002375383
18021,132,0.002135473
18021,133,0.0017675285
18021,134,0.0011597141
18021,135,0.00083942234
18021,136,0.0006306004
18021,137,0.00044649377
18021,138,0.0004255016
18021,139,0.00028298816
18021,140,0.0002793078
18021,141,0.00033596455
18021,142,0.00014795644
18021,143,0.000100851765
18021,144,8.7708264e-05
18021,145,9.796751e-05
18021,146,0.00013921416
18021,147,0.00011470728
18021,148,0.00010077994
18021,149,0.0001738046
18021,150,0.0002820226
18021,151,0.00032568406
18021,152,0.00027037776
18021,153,0.00022290745
18021,154,0.0001935058
18021,155,0.00016019095
18021,156,0.00012236726
18021,157,7.844254e-05
18021,158,9.9754536e-05
18021,159,0.0001637814
18021,160,0.0002852362
18021,161,0.00023973489
18021,162,0.00016645128
18021,163,0.00016430492
18021,164,0.0001497984
18021,165,0.00013904706
18021,166,6.876737e-05
18021,167,4.3893666e-05
18021,168,3.3419263e-05
18021,169,2.2821903e-05
18021,170,1.6591637e-05
18021,171,9.073652e-06
18021,172,9.9885265e-06
18021,173,4.3444972e-05
18021,174,4.3473825e-05
18021,175,5.0690047e-05
18021,176,5.996369e-05
18021,177,6.9508555e-05
18021,178,0.00015187568
18021,179,0.00033564502
18021,180,0.00053518516
18021,181,0.0005105425
18021,182,0.00033041154
18021,183,0.00020211657
18021,184,0.00012851277
18021,185,7.919915e-05
18021,186,8.0078105e-05
18021,187,6.6861205e-05
18021,188,9.7106386e-05
18021,189,0.00028306106
18021,190,0.00035617093
18021,191,0.00034581486
18021,192,0.0003147246
18021,193,0.00033962124
18021,194,0.00018296225
18021,195,0.00018813496
18021,196,0.00019300962
18021,197,0.00022301941
18021,198,0.00017286137
18021,199,0.00014967847
18021,200,0.00015105608
18021,201,0.0001457848
18021,202,7.619852e-05
18021,203,4.0326235e-05
18021,204,4.3550426e-05
18021,205,1.7395261e-05
18021,206,7.478562e-06
18021,207,1.7987037e-05
18021,208,1.3780457e-05
18021,209,1.0565685e-06
18021,210,1.0401744e-06
18021,211,0.0
18021,212,1.0600594e-05
18021,213,2.531684e-05
18021,214,0.00011192192
18021,215,7.14001e-05
18031,73,0.00061995373
18031,74,0.00020836772
18031,75,0.00019556691
18031,76,0.00023175895
18031,77,0.00017580648
18031,78,0.00026129343
18031,79,0.0002811691
18031,80,0.00017371232
18031,81,0.00011472192
18031,82,6.2576124e-05
18031,83,3.4592627e-05
18031,84,4.0057716e-05
18031,85,8.315775e-05
18031,86,0.00017995985
18031,87,8.829988e-05
18031,88,0.00014267382
18031,89,0.000187636
18031,90,0.00021949557
18031,91,0.00019188486
18031,92,0.000152885
18031,93,0.00016596747
18031,94,0.00017548239
18031,95,0.00029644294
18031,96,0.00028834736
18031,97,0.00017258292
18031,98,6.7370755e-05
18031,99,3.4159533e-05
18031,100,2.5625784e-05
18031,101,3.4284625e-05
18031,102,4.8161273e-05
18031,103,8.967549e-05
18031,104,0.000112798734
18031,105,0.000118878976
18031,106,0.0007008905
18031,107,0.0036920647
18031,108,0.007870256
18031,109,0.01008381
18031,110,0.010216654
18031,111,0.010109462
18031,112,0.009139876
18031,113,0.00874135
18031,114,0.008051416
18031,115,0.007096935
18031,116,0.0053559258
18031,117,0.0042403964
18031,118,0.0037142602
18031,119,0.0036137917
18031,120,0.0056722867
18031,121,0.005220692
18031,122,0.005654084
18031,123,0.0059017856
18031,124,0.0050683934
18031,125,0.0047065034
18031,126,0.0040873126
18031,127,0.0035915105
18031,128,0.0024861514
18031,129,0.0017182326
18031,130,0.0012073999
18031,131,0.0008580986
18031,132,0.0005941404
18031,133,0.000423267
18031,134,0.00022913568
18031,135,0.00016053225
18031,136,0.0001116201
18031,137,7.127883e-05
18031,138,0.00010832079
18031,139,0.00011761158
18031,140,0.00010616704
18031,141,8.665484e-05
18031,142,0.00012769857
18031,143,0.00013989425
18031,144,0.00016808914
18031,145,0.0001774572
18031,146,0.0001659968
18031,147,0.00015633367
18031,148,0.0001485119
18031,149,0.000109936416
18031,150,5.9229136e-05
18031,151,4.699134e-05
18031,152,2.9180475e-05
18031,153,2.521496e-05
18031,154,2.2342925e-05
18031,155,4.3346783e-05
18031,156,7.080756e-05
18031,157,0.00011010851
18031,158,7.76485e-05
18031,159,5.02634e-05
18031,160,3.2975833e-05
18031,161,4.3974513e-05
18031,162,4.787834e-05
18031,163,1.5395088e-05
18031,164,6.706423e-05
18031,165,0.00012563268
18031,166,0.00012825504
18031,167,4.7490565e-05
18031,168,2.334118e-05
18031,169,8.543546e-06
18031,170,1.4903862e-06
18031,171,2.0087385e-09
18031,172,1.1029459e-08
18031,173,1.7444987e-07
18031,174,8.886264e-08
18031,175,9.1944713e-07
18031,176,6.7805363e-06
18031,177,1.24270555e-05
18031,178,4.533472e-05
18031,179,9.14713e-05
18031,180,0.00017077746
18031,181,0.00017155962
18031,182,0.00016379339
18031,183,8.1425525e-05
18031,184,6.9465175e-05
18031,185,4.203453e-05
18031,186,7.5555916e-05
18031,187,0.00011895259
18031,188,7.0103684e-05
18031,189,7.473663e-05
18031,190,6.2493185e-05
18031,191,0.0001072373
18031,192,0.00013382196
18031,193,0.00017894791
18031,194,0.00018244085
18031,195,0.00012976846
18031,196,0.00012307428
18031,197,8.909965e-05
18031,198,4.9018465e-05
18031,199,2.7071095e-05
18031,200,2.4687575e-05
18031,201,1.7400533e-05
18031,202,2.9880287e-06
18031,203,0.0
18031,204,1.528696e-07
18031,205,1.0318594e-05
18031,206,3.10207e-05
18031,207,5.622404e-05
18031,208,3.415486e-05
18031,209,2.0716085e-05
18031,210,2.156378e-05
18031,211,2.2694336e-05
18031,212,2.3561108e-05
18031,213,3.1233038e-05
18031,214,7.156238e-05
18031,215,0.0001340054
18049,73,0.0019279729
18049,74,0.0020555877
18049,75,0.002490343
18049,76,0.002586322
18049,77,0.0024499258
18049,78,0.0025223151
18049,79,0.0015797232
18049,80,0.0010716701
18049,81,0.0006611241
18049,82,0.0004976412
18049,83,0.00035021576
18049,84,0.0003145944
18049,85,0.0002445519
18049,86,0.0002739264
18049,87,0.00025980078
18049,88,0.0003490107
18049,89,0.00021271683
18049,90,9.626384e-05
18049,91,4.8180937e-05
18049,92,2.9838246e-05
18049,93,2.3615092e-05
18049,94,8.619072e-06
18049,95,2.74079e-06
18049,96,2.6885505e-06
18049,97,0.0
18049,98,0.0
18049,99,0.0
18049,100,0.0
18049,101,0.0
18049,102,0.0
18049,103,0.0
18049,104,0.0
18049,105,0.0
18049,106,5.466975e-07
18049,107,4.157335e-06
18049,108,9.141529e-05
18049,109,0.00040734757
18049,110,0.0011567522
18049,111,0.0025480893
18049,112,0.0032604858
18049,113,0.003560299
18049,114,0.003736197
18049,115,0.00411945
18049,116,0.0034858545
18049,117,0.0027967284
18049,118,0.0026541864
18049,119,0.0027959687
18049,120,0.0024767644
18049,121,0.0021496434
18049,122,0.001970202
18049,123,0.0019373908
18049,124,0.0014043074
18049,125,0.0010086932
18049,126,0.00078639993
18049,127,0.0006837293
18049,128,0.00059013756
18049,129,0.0006159177
18049,130,0.00055616064
18049,131,0.00045424353
18049,132,0.0005232876
18049,133,0.00068995095
18049,134,0.0005718642
18049,135,0.00030705213
18049,136,0.00011627336
18049,137,3.7658385e-05
18049,138,3.991406e-05
18049,139,5.594706e-05
18049,140,7.44728e-05
18049,141,8.430276e-05
18049,142,7.060493e-05
18049,143,5.1348903e-05
18049,144,5.0927563e-05
18049,145,5.6249723e-05
18049,146,7.148269e-05
18049,147,0.00012371801
18049,148,0.00022677779
18049,149,0.00035510128
18049,150,0.00046769172
18049,151,0.00054487796
18049,152,0.0005786622
18049,153,0.0004909119
18049,154,0.00032785657
18049,155,0.00021427199
18049,156,0.00014959979
18049,157,0.0001254889
18049,158,9.834488e-05
18049,159,9.12888e-05
18049,160,8.721358e-05
18049,161,5.586004e-05
18049,162,5.1100174e-05
18049,163,6.42816e-05
18049,164,4.0393956e-05
18049,165,1.5757476e-05
18049,166,4.417166e-06
18049,167,4.5889638e-07
18049,168,4.7472216e-08
18049,169,0.0
18049,170,0.0
18049,171,0.0
18049,172,0.0
18049,173,0.0
18049,174,0.0
18049,175,1.2050349e-06
18049,176,1.0777222e-05
18049,177,3.0445337e-05
18049,178,4.982292e-05
18049,179,5.7111545e-05
18049,180,5.3511314e-05
18049,181,3.754096e-05
18049,182,3.9538772e-05
18049,183,4.0754298e-05
18049,184,2.5772317e-05
18049,185,2.160679e-05
18049,186,2.2054162e-05
18049,187,1.5906444e-05
18049,188,1.4492072e-05
18049,189,1.0648612e-05
18049,190,6.2190666e-06
18049,191,3.4252578e-06
18049,192,1.056803e-05
18049,193,1.327069e-05
18049,194,1.7399727e-05
18049,195,2.1604625e-05
18049,196,7.318947e-05
18049,197,4.6546902e-05
18049,198,8.868041e-05
18049,199,6.0072583e-05
18049,200,7.0126734e-06
18049,201,2.0029972e-06
18049,202,2.4832327e-06
18049,203,9.893481e-06
18049,204,3.2048433e-06
18049,205,1.2519322e-07
18049,206,9.2851144e-07
18049,207,1.7289352e-09
18049,208,2.2021668e-06
18049,209,3.1123348e-06
18049,210,9.3734525e-06
18049,211,0.0
18049,212,0.0
18049,213,0.0
18049,214,1.010157e-05
18049,215,2.5518524e-05
18053,73,0.008795384
18053,74,0.008161879
18053,75,0.007622297
18053,76,0.007583394
18053,77,0.0069087534
18053,78,0.0060136444
18053,79,0.0046823304
18053,80,0.004148215
18053,81,0.0039553735
18053,82,0.0034776435
18053,83,0.002691948
18053,84,0.0022183438
18053,85,0.0019177314
18053,86,0.001696413
18053,87,0.0012507967
18053,88,0.0011061216
18053,89,0.0009256119
18053,90,0.00071617623
18053,91,0.00054896506
18053,92,0.0004947559
18053,93,0.00036953652
18053,94,0.0002424579
18053,95,0.00020131156
18053,96,7.563861e-05
18053,97,2.0165684e-05
18053,98,5.6639924e-06
18053,99,8.868571e-07
18053,100,1.4587354e-06
18053,101,4.5403467e-06
18053,102,9.222769e-06
18053,103,3.0097102e-05
18053,104,3.64769e-05
18053,105,4.4956334e-05
18053,106,0.00024080569
18053,107,0.0014982973
18053,108,0.0021269382
18053,109,0.0024887687
18053,110,0.0027217513
18053,111,0.0026652294
18053,112,0.0028413872
18053,113,0.0028892998
18053,114,0.0024752603
18053,115,0.0023776316
18053,116,0.0020366828
18053,117,0.0018942821
18053,118,0.0017717802
18053,119,0.0015485456
18053,120,0.001821421
18053,121,0.0011916287
18053,122,0.0012504422
18053,123,0.0012587922
18053,124,0.001212096
18053,125,0.0011745995
18053,126,0.0010016828
18053,127,0.0009034375
18053,128,0.0006098587
18053,129,0.0004248771
18053,130,0.0004507475
18053,131,0.00038090945
18053,132,0.00028559758
18053,133,0.00023406556
18053,134,0.00021383954
18053,135,0.000230992
18053,136,9.6812946e-05
18053,137,4.4805674e-05
18053,138,3.7183614e-05
18053,139,3.94517e-05
18053,140,1.7585293e-05
18053,141,5.723107e-06
18053,142,2.5191785e-06
18053,143,2.3375394e-06
18053,144,1.4081893e-08
18053,145,9.05587e-07
18053,146,0.0
18053,147,0.0
18053,148,0.0
18053,149,0.0
18053,150,0.0
18053,151,1.5874205e-09
18053,152,2.2950684e-07
18053,153,4.385316e-06
18053,154,4.897016e-06
18053,155,3.721864e-06
18053,156,6.6946336e-06
18053,157,3.9443144e-06
18053,158,1.5884568e-06
18053,159,7.377561e-07
18053,160,1.9220721e-07
18053,161,3.8440882e-07
18053,162,8.973552e-07
18053,163,1.5927379e-06
18053,164,1.7279335e-06
18053,165,4.450787e-06
18053,166,6.7182787e-06
18053,167,3.8895414e-06
18053,168,3.010606e-07
18053,169,1.0569764e-06
18053,170,7.5350755e-07
18053,171,4.3809706e-07
18053,172,2.0831249e-06
18053,173,2.1278827e-06
18053,174,2.469832e-06
18053,175,2.178632e-06
18053,176,5.1841157e-06
18053,177,1.0004841e-05
18053,178,1.19452525e-05
18053,179,6.493011e-06
18053,180,7.2589035e-07
18053,181,0.0
18053,182,2.2989285e-07
18053,183,6.4108934e-07
18053,184,7.877157e-07
18053,185,7.647042e-07
18053,186,9.65096e-08
18053,187,0.0
18053,188,5.6927877e-07
18053,189,8.7750647e-07
18053,190,8.0790903e-07
18053,191,7.1284995e-07
18053,192,1.07969935e-08
18053,193,9.709162e-07
18053,194,4.311544e-08
18053,195,0.0
18053,196,4.6943155e-06
18053,197,9.277652e-06
18053,198,4.1906635e-05
18053,199,6.230999e-05
18053,200,1.6876511e-05
18053,201,5.030852e-06
18053,202,2.616647e-07
18053,203,0.0
18053,204,0.0
18053,205,5.085499e-07
18053,206,1.3447975e-06
18053,207,2.5251086e-07
18053,208,0.0
18053,209,0.0
18053,210,3.3656343e-06
18053,211,5.550633e-08
18053,212,0.0
18053,213,5.918699e-09
18053,214,3.547037e-08
18053,215,9.4469664e-07
18055,73,6.7133415e-06
18055,74,0.0
18055,75,0.0
18055,76,0.0
18055,77,0.0
18055,78,0.0
18055,79,0.0
18055,80,2.0112337e-05
18055,81,5.4221116e-05
18055,82,5.185547e-05
18055,83,3.3650977e-05
18055,84,2.9177629e-05
18055,85,4.2386233e-05
18055,86,1.2980401e-05
18055,87,2.681405e-05
18055,88,2.216723e-05
18055,89,2.8794482e-05
18055,90,5.1450046e-05
18055,91,4.7423247e-05
18055,92,3.3305536e-05
18055,93,4.9796872e-05
18055,94,6.5829656e-05
18055,95,5.9044087e-05
18055,96,6.3628424e-05
18055,97,4.404755e-05
18055,98,3.251976e-05
18055,99,2.0454167e-05
18055,100,1.6413014e-05
18055,101,2.3928711e-05
18055,102,6.744852e-05
18055,103,0.00020145999
18055,104,0.00044370908
18055,105,0.0010061184
18055,106,0.0028550706
18055,107,0.0050415867
18055,108,0.006999224
18055,109,0.01056039
18055,110,0.012609423
18055,111,0.01339952
18055,112,0.0138462605
18055,113,0.012485354
18055,114,0.011223511
18055,115,0.008844141
18055,116,0.0072593405
18055,117,0.0072009307
18055,118,0.010731572
18055,119,0.011886093
18055,120,0.013024927
18055,121,0.012178086
18055,122,0.011750731
18055,123,0.011693422
18055,124,0.009090362
18055,125,0.0073633282
18055,126,0.0058153924
18055,127,0.0047603864
18055,128,0.0047837375
18055,129,0.0046596765
18055,130,0.004236222
18055,131,0.0035635594
18055,132,0.003393853
18055,133,0.003262158
18055,134,0.0027658108
18055,135,0.0023384101
18055,136,0.0020956937
18055,137,0.0019278438
18055,138,0.0017600197
18055,139,0.001489401
18055,140,0.0011850586
18055,141,0.0010420621
18055,142,0.0005520946
18055,143,0.00037877646
18055,144,0.000259697
18055,145,0.00022148425
18055,146,0.00026400798
18055,147,0.0002494927
18055,148,0.00027680563
18055,149,0.00052755495
18055,150,0.0009804454
18055,151,0.0011765
18055,152,0.0009534335
18055,153,0.0007463487
18055,154,0.00058017066
18055,155,0.00042275336
18055,156,0.00025102342
18055,157,0.00011782378
18055,158,9.524609e-05
18055,159,8.564019e-05
18055,160,9.737943e-05
18055,161,7.931233e-05
18055,162,3.515274e-05
18055,163,5.2644966e-05
18055,164,0.00010081102
18055,165,0.00025104661
18055,166,0.00011617207
18055,167,7.204661e-05
18055,168,4.2383374e-05
18055,169,1.178224e-05
18055,170,2.6726657e-06
18055,171,7.073128e-08
18055,172,6.1391876e-07
18055,173,2.0339334e-05
18055,174,1.2236843e-05
18055,175,1.0864262e-05
18055,176,1.916284e-05
18055,177,1.5137318e-05
18055,178,0.0005520317
18055,179,0.0011176385
18055,180,0.00198376
18055,181,0.00392175
18055,182,0.0041946126
18055,183,0.002989572
18055,184,0.0019070113
18055,185,0.0010623254
18055,186,0.0006695044
18055,187,0.00038603204
18055,188,0.00010149642
18055,189,9.0642134e-05
18055,190,8.6659275e-05
18055,191,7.877397e-05
18055,192,5.319277e-05
18055,193,6.445829e-05
18055,194,3.6847014e-05
18055,195,2.2828965e-05
18055,196,2.4928797e-05
18055,197,2.6974436e-05
18055,198,1.8244782e-05
18055,199,1.3587069e-05
18055,200,1.1113268e-05
18055,201,4.556131e-06
18055,202,4.3503737e-06
18055,203,1.0750559e-05
18055,204,1.1759423e-05
18055,205,5.185471e-06
18055,206,1.0149151e-05
18055,207,1.8069208e-05
18055,208,3.7456684e-05
18055,209,3.1604868e-05
18055,210,1.9361447e-05
18055,211,1.1680386e-05
18055,212,1.1275441e-05
18055,213,2.4437397e-05
18055,214,5.3404943e-05
18055,215,5.2296018e-05
18057,73,0.003600057
18057,74,0.0024780298
18057,75,0.0020543628
18057,76,0.0016546714
18057,77,0.0013966374
18057,78,0.00087560096
18057,79,0.00093537965
18057,80,0.0009753399
18057,81,0.00060336874
18057,82,0.00038508166
18057,83,0.00024715913
18057,84,0.00017503893
18057,85,0.0001385849
18057,86,8.332173e-05
18057,87,3.196784e-05
18057,88,2.9345856e-05
18057,89,2.1161046e-05
18057,90,4.776805e-06
18057,91,1.4486898e-05
18057,92,8.392515e-06
18057,93,6.4081228e-06
18057,94,1.0175571e-06
18057,95,8.4606e-09
18057,96,0.0
18057,97,0.0
18057,98,0.0
18057,99,0.0
18057,100,0.0
18057,101,0.0
18057,102,0.0
18057,103,7.9659634e-07
18057,104,1.023921e-06
18057,105,7.0570036e-07
18057,106,2.8614744e-05
18057,107,0.0004844269
18057,108,0.0011081323
18057,109,0.0013444152
18057,110,0.0014796355
18057,111,0.0016149986
18057,112,0.0017632683
18057,113,0.0016670625
18057,114,0.001468115
18057,115,0.0012702919
18057,116,0.0010995781
18057,117,0.0009752486
18057,118,0.0013930931
18057,119,0.0011385146
18057,120,0.00068658986
18057,121,0.0005155201
18057,122,0.00053633656
18057,123,0.0006153034
18057,124,0.00059752003
18057,125,0.0006774823
18057,126,0.00060344813
18057,127,0.0005621345
18057,128,0.0006030692
18057,129,0.0005758693
18057,130,0.0006236239
18057,131,0.00058934075
18057,132,0.0006486278
18057,133,0.0005845169
18057,134,0.0004960367
18057,135,0.00030489988
18057,136,0.000257809
18057,137,0.0001844734
18057,138,0.00019511682
18057,139,0.00021481169
18057,140,0.00014131458
18057,141,0.000104163206
18057,142,4.957741e-05
18057,143,4.2513584e-05
18057,144,2.4698025e-05
18057,145,1.7152963e-05
18057,146,2.4559939e-05
18057,147,2.3653067e-05
18057,148,2.3143826e-05
18057,149,1.9411968e-05
18057,150,2.7274957e-05
18057,151,3.3570825e-05
18057,152,2.0876209e-05
18057,153,1.3746866e-05
18057,154,1.142039e-05
18057,155,1.325179e-05
18057,156,6.6557177e-06
18057,157,1.082383e-06
18057,158,7.883048e-09
18057,159,0.0
18057,160,0.0
18057,161,0.0
18057,162,0.0
18057,163,0.0
18057,164,6.6738245e-08
18057,165,0.0
18057,166,0.0
18057,167,0.0
18057,168,0.0
18057,169,0.0
18057,170,0.0
18057,171,0.0
18057,172,2.329096e-07
18057,173,5.8356625e-07
18057,174,8.2451706e-08
18057,175,4.486986e-07
18057,176,5.326224e-07
18057,177,7.385244e-06
18057,178,4.1111766e-06
18057,179,1.3512402e-05
18057,180,1.7296048e-05
18057,181,1.3118625e-05
18057,182,8.142114e-06
18057,183,3.289637e-06
18057,184,3.6928968e-06
18057,185,5.91927e-06
18057,186,1.1194377e-05
18057,187,1.0744199e-05
18057,188,5.2378355e-06
18057,189,9.533824e-06
18057,190,1.4242209e-05
18057,191,1.4843191e-05
18057,192,1.7090007e-06
18057,193,3.8677013e-06
18057,194,8.15399e-06
18057,195,3.144349e-05
18057,196,9.557462e-05
18057,197,4.1645042e-05
18057,198,2.9981507e-05
18057,199,2.5921483e-05
18057,200,1.6178014e-05
18057,201,9.815035e-06
18057,202,1.7239661e-06
18057,203,0.0
18057,204,0.0
18057,205,0.0
18057,206,2.1029484e-10
18057,207,2.2581446e-07
18057,208,7.803275e-07
18057,209,1.2087556e-05
18057,210,2.3952733e-05
18057,211,1.3417831e-05
18057,212,2.5619745e-05
18057,213,6.035019e-05
18057,214,0.000110657165
18057,215,0.000137125
18063,73,0.0022136678
18063,74,0.001524407
18063,75,0.0011706088
18063,76,0.0005664411
18063,77,0.00056998717
18063,78,0.0005912766
18063,79,0.00022780498
18063,80,8.910606e-05
18063,81,9.518288e-06
18063,82,1.1040329e-06
18063,83,7.493123e-08
18063,84,0.0
18063,85,0.0
18063,86,0.0
18063,87,0.0
18063,88,5.7557367e-07
18063,89,0.0
18063,90,0.0
18063,91,3.4395674e-07
18063,92,0.0
18063,93,5.130802e-06
18063,94,3.7734258e-06
18063,95,0.0
18063,96,1.7178769e-08
18063,97,1.541906e-07
18063,98,0.0
18063,99,0.0
18063,100,0.0
18063,101,0.0
18063,102,0.0
18063,103,0.0
18063,104,1.0097441e-07
18063,105,3.2812613e-06
18063,106,8.897998e-05
18063,107,0.0012708465
18063,108,0.0020542466
18063,109,0.0028828518
18063,110,0.003820664
18063,111,0.004040847
18063,112,0.00449609
18063,113,0.0045431503
18063,114,0.0044953106
18063,115,0.0040048813
18063,116,0.0035252615
18063,117,0.0033364368
18063,118,0.003636105
18063,119,0.0037409794
18063,120,0.0027529343
18063,121,0.0026686904
18063,122,0.0025778501
18063,123,0.002352566
18063,124,0.0022740064
18063,125,0.0020208384
18063,126,0.0018491949
18063,127,0.001775252
18063,128,0.0017979305
18063,129,0.0017063637
18063,130,0.0015637807
18063,131,0.0013106789
18063,132,0.0012454271
18063,133,0.0009484952
18063,134,0.00069361384
18063,135,0.000540782
18063,136,0.00032970225
18063,137,0.00029333562
18063,138,0.00018340437
18063,139,0.00011490797
18063,140,6.992571e-05
18063,141,5.1370895e-05
18063,142,2.383365e-05
18063,143,1.761354e-05
18063,144,4.4871695e-06
18063,145,1.2579326e-06
18063,146,1.349131e-06
18063,147,2.3990956e-06
18063,148,3.3478477e-06
18063,149,1.2487784e-05
18063,150,1.8684974e-05
18063,151,8.350534e-06
18063,152,4.9273804e-06
18063,153,3.1058098e-06
18063,154,1.0340274e-05
18063,155,4.655226e-06
18063,156,6.8911536e-06
18063,157,7.65003e-07
18063,158,1.3953314e-07
18063,159,6.017853e-06
18063,160,5.6120607e-06
18063,161,1.4385507e-05
18063,162,8.999464e-07
18063,163,5.158978e-07
18063,164,2.5864225e-07
18063,165,8.726966e-08
18063,166,7.535595e-08
18063,167,0.0
18063,168,9.700879e-08
18063,169,0.0
18063,170,0.0
18063,171,0.0
18063,172,0.0
18063,173,0.0
18063,174,0.0
18063,175,2.4234586e-07
18063,176,0.0
18063,177,0.0
18063,178,1.2623823e-05
18063,179,2.0989273e-05
18063,180,1.277688e-05
18063,181,7.4225554e-06
18063,182,2.2895163e-06
18063,183,6.9519245e-07
18063,184,4.3684088e-07
18063,185,2.839016e-06
18063,186,1.0785498e-05
18063,187,1.2767197e-05
18063,188,1.7751787e-05
18063,189,2.3454379e-05
18063,190,2.7932787e-05
18063,191,4.9770708e-05
18063,192,2.6167909e-05
18063,193,5.4704935e-05
18063,194,6.728987e-05
18063,195,0.00012769335
18063,196,0.00014621169
18063,197,5.8079535e-05
18063,198,3.06098e-05
18063,199,4.1820563e-06
18063,200,3.027043e-07
18063,201,1.9699628e-07
18063,202,0.0
18063,203,0.0
18063,204,3.013958e-07
18063,205,3.145673e-08
18063,206,1.4786733e-07
18063,207,9.561472e-06
18063,208,2.0119285e-05
18063,209,2.106512e-05
18063,210,3.3998258e-05
18063,211,2.879601e-05
18063,212,9.628002e-05
18063,213,0.00019968986
18063,214,0.0001277632
18063,215,5.629845e-05
18075,73,0.005576847
18075,74,0.0048118173
18075,75,0.004632834
18075,76,0.004269835
18075,77,0.003838683
18075,78,0.0028777837
18075,79,0.0024604602
18075,80,0.0020014301
18075,81,0.0017543681
18075,82,0.0016827949
18075,83,0.0011739373
18075,84,0.0008496898
18075,85,0.0006802713
18075,86,0.0006038792
18075,87,0.00039388888
18075,88,0.00036177773
18075,89,0.00025487947
18075,90,0.0001637232
18075,91,0.00013127315
18075,92,0.00016661553
18075,93,0.00015289967
18075,94,9.419845e-05
18075,95,9.407647e-05
18075,96,5.530242e-05
18075,97,2.0086693e-05
18075,98,1.246969e-05
18075,99,2.3520937e-07
18075,100,0.0
18075,101,0.0
18075,102,0.0
18075,103,1.759457e-06
18075,104,1.44923e-06
18075,105,9.429042e-06
18075,106,8.770817e-05
18075,107,0.0018066757
18075,108,0.0030661589
18075,109,0.003654152
18075,110,0.0032766035
18075,111,0.0032963287
18075,112,0.0030707486
18075,113,0.0030389773
18075,114,0.0031160126
18075,115,0.0032635413
18075,116,0.0031153376
18075,117,0.002687948
18075,118,0.0019935865
18075,119,0.0017953998
18075,120,0.0019374212
18075,121,0.0025355038
18075,122,0.002922766
18075,123,0.0027979258
18075,124,0.0028508522
18075,125,0.0024890457
18075,126,0.001744985
18075,127,0.0012579449
18075,128,0.0006167246
18075,129,0.0003446955
18075,130,0.00056981144
18075,131,0.0005133597
18075,132,0.0004999988
18075,133,0.00045781743
18075,134,0.00050913764
18075,135,0.00058485917
18075,136,0.0003182691
18075,137,0.00038806495
18075,138,0.000361339
18075,139,0.000420372
18075,140,0.0004181606
18075,141,0.00028008944
18075,142,0.00016494891
18075,143,8.8399516e-05
18075,144,6.3179505e-05
18075,145,6.011683e-05
18075,146,4.2787535e-05
18075,147,2.3721781e-05
18075,148,1.61323e-05
18075,149,1.6642403e-05
18075,150,1.7930604e-05
18075,151,1.9750541e-05
18075,152,2.6101543e-05
18075,153,2.6872412e-05
18075,154,2.0150253e-05
18075,155,1.1198757e-05
18075,156,7.16036e-06
18075,157,3.960035e-06
18075,158,2.2789284e-06
18075,159,2.627454e-06
18075,160,1.923983e-06
18075,161,7.181661e-06
18075,162,9.847918e-06
18075,163,1.09002485e-05
18075,164,1.1738137e-05
18075,165,6.603431e-05
18075,166,8.031153e-05
18075,167,3.9797214e-05
18075,168,2.5949283e-05
18075,169,9.071466e-06
18075,170,6.713798e-06
18075,171,1.5900649e-06
18075,172,1.3878696e-06
18075,173,2.8394975e-06
18075,174,9.405101e-06
18075,175,4.5018634e-05
18075,176,2.9351457e-05
18075,177,2.9095812e-05
18075,178,6.8141503e-06
18075,179,1.6306456e-06
18075,180,0.0
18075,181,0.0
18075,182,0.0
18075,183,0.0
18075,184,1.0825134e-06
18075,185,5.5366713e-06
18075,186,5.876426e-06
18075,187,1.2077758e-06
18075,188,4.0996824e-06
18075,189,9.685191e-06
18075,190,8.83918e-06
18075,191,7.92444e-06
18075,192,5.5566907e-06
18075,193,9.686099e-07
18075,194,1.4466128e-06
18075,195,4.541739e-05
18075,196,6.358963e-05
18075,197,4.564009e-05
18075,198,4.9939357e-05
18075,199,1.4214792e-05
18075,200,1.1171655e-05
18075,201,4.5307417e-05
18075,202,3.928838e-05
18075,203,3.5467565e-05
18075,204,9.0186e-06
18075,205,2.769257e-05
18075,206,1.04556175e-05
18075,207,2.8974123e-06
18075,208,0.0
18075,209,0.0
18075,210,1.8228992e-06
18075,211,1.0505191e-06
18075,212,5.0438366e-06
18075,213,2.1213882e-06
18075,214,3.3566607e-07
18075,215,2.7787127e-07
18079,73,7.784217e-06
18079,74,0.0
18079,75,0.0
18079,76,0.0
18079,77,0.0
18079,78,1.4817808e-05
18079,79,5.25837e-05
18079,80,0.00015250462
18079,81,0.0001425098
18079,82,0.0001334978
18079,83,0.00014088444
18079,84,0.00013390958
18079,85,0.00018762855
18079,86,0.0002725005
18079,87,0.00025206164
18079,88,0.0002367767
18079,89,0.00021473512
18079,90,0.00019664722
18079,91,0.00017612665
18079,92,0.00013848685
18079,93,0.0001434972
18079,94,0.00013301987
18079,95,0.00015093049
18079,96,0.000369494
18079,97,0.00038838323
18079,98,0.00034356487
18079,99,0.00036824858
18079,100,0.0004667583
18079,101,0.0006581097
18079,102,0.00069885113
18079,103,0.0008140838
18079,104,0.0008500988
18079,105,0.0008844308
18079,106,0.0020863868
18079,107,0.008000881
18079,108,0.019473081
18079,109,0.028531672
18079,110,0.031678274
18079,111,0.033048123
18079,112,0.03107013
18079,113,0.028259346
18079,114,0.023113143
18079,115,0.01794555
18079,116,0.013208441
18079,117,0.010599103
18079,118,0.010111229
18079,119,0.0107289255
18079,120,0.014846788
18079,121,0.014669323
18079,122,0.01579873
18079,123,0.015639346
18079,124,0.013608402
18079,125,0.012110459
18079,126,0.010805394
18079,127,0.009775188
18079,128,0.008249094
18079,129,0.006684063
18079,130,0.005645663
18079,131,0.0046026916
18079,132,0.002803079
18079,133,0.0015954297
18079,134,0.0009650502
18079,135,0.000622754
18079,136,0.00040332842
18079,137,0.0002621836
18079,138,0.00018501574
18079,139,0.000105995976
18079,140,9.404386e-05
18079,141,8.241221e-05
18079,142,9.313518e-05
18079,143,0.00011210293
18079,144,0.00013365233
18079,145,0.00014486004
18079,146,0.00019468265
18079,147,0.00025634738
18079,148,0.00024487995
18079,149,0.00019583777
18079,150,0.00011788007
18079,151,0.00017623349
18079,152,0.00020522952
18079,153,0.00023577156
18079,154,0.00022144122
18079,155,0.00029139325
18079,156,0.0002892848
18079,157,0.00028982924
18079,158,0.00018491589
18079,159,0.00012679254
18079,160,0.0001180581
18079,161,0.000112550246
18079,162,0.00011376615
18079,163,5.624059e-05
18079,164,0.00014954801
18079,165,0.0002844027
18079,166,0.00018593774
18079,167,5.508687e-05
18079,168,6.498489e-08
18079,169,0.0
18079,170,0.0
18079,171,0.0
18079,172,0.0
18079,173,1.2838983e-07
18079,174,2.5583417e-06
18079,175,1.1017971e-05
18079,176,2.8678609e-05
18079,177,0.00011102393
18079,178,0.00042632458
18079,179,0.0005820279
18079,180,0.00057598785
18079,181,0.00043265775
18079,182,0.00038453337
18079,183,0.00025753223
18079,184,0.00025685562
18079,185,0.00022791597
18079,186,0.00029721187
18079,187,0.00031575147
18079,188,0.0001359762
18079,189,0.00013690385
18079,190,0.0001742583
18079,191,0.00019635404
18079,192,0.00018969404
18079,193,0.00018173031
18079,194,0.000109128145
18079,195,0.00010186355
18079,196,0.00015517842
18079,197,0.00018321525
18079,198,0.00014639311
18079,199,0.00016962133
18079,200,0.00020037038
18079,201,0.00020987989
18079,202,9.975993e-05
18079,203,4.6974248e-05
18079,204,5.9715174e-05
18079,205,4.465793e-05
18079,206,2.7212911e-05
18079,207,7.0388814e-05
18079,208,6.5723696e-05
18079,209,3.8845235e-05
18079,210,3.355099e-05
18079,211,1.0902087e-05
18079,212,5.8371556e-06
18079,213,1.3725422e-05
18079,214,7.1328854e-05
18079,215,0.00013558548
18081,73,0.00054282177
18081,74,0.00016028812
18081,75,5.610708e-05
18081,76,5.3245854e-05
18081,77,7.745342e-05
18081,78,5.0620685e-05
18081,79,2.6226944e-05
18081,80,8.583763e-06
18081,81,4.5477316e-07
18081,82,2.1513108e-06
18081,83,5.5909036e-06
18081,84,1.8178827e-05
18081,85,3.5956476e-05
18081,86,2.179621e-05
18081,87,6.0679162e-05
18081,88,0.00015290732
18081,89,0.00010754752
18081,90,6.0708393e-05
18081,91,3.4360488e-05
18081,92,7.538512e-06
18081,93,9.9461e-06
18081,94,1.0006834e-05
18081,95,1.2643172e-06
18081,96,0.0
18081,97,4.5281015e-10
18081,98,0.0
18081,99,0.0
18081,100,0.0
18081,101,0.0
18081,102,0.0
18081,103,0.0
18081,104,0.0
18081,105,0.0
18081,106,0.00014155114
18081,107,0.002868267
18081,108,0.004973585
18081,109,0.00642415
18081,110,0.0067635393
18081,111,0.0066398354
18081,112,0.00673829
18081,113,0.007040569
18081,114,0.00697825
18081,115,0.0058986135
18081,116,0.005228042
18081,117,0.0047242
18081,118,0.0052187745
18081,119,0.005594744
18081,120,0.005925944
18081,121,0.0061176256
18081,122,0.005963942
18081,123,0.005381887
18081,124,0.005148123
18081,125,0.0049432446
18081,126,0.004875271
18081,127,0.0041058348
18081,128,0.0037636193
18081,129,0.003227119
18081,130,0.0027528203
18081,131,0.0023029775
18081,132,0.0020371014
18081,133,0.0016580288
18081,134,0.0012248523
18081,135,0.0010475272
18081,136,0.0007948492
18081,137,0.0006311536
18081,138,0.0005176982
18081,139,0.00040571482
18081,140,0.00035868783
18081,141,0.00023211716
18081,142,0.00021382823
18081,143,0.0002007463
18081,144,0.0002444162
18081,145,0.0002131884
18081,146,0.00025687914
18081,147,0.00028875336
18081,148,0.00030883463
18081,149,0.00026725366
18081,150,0.00017400766
18081,151,0.00013707577
18081,152,8.825115e-05
18081,153,2.957739e-05
18081,154,4.8321373e-05
18081,155,5.724985e-05
18081,156,6.9370835e-05
18081,157,9.931716e-05
18081,158,3.5660254e-05
18081,159,2.8727725e-05
18081,160,1.884776e-05
18081,161,2.9265613e-05
18081,162,3.8631875e-05
18081,163,1.3880343e-05
18081,164,1.703189e-05
18081,165,3.8764978e-05
18081,166,2.989618e-05
18081,167,1.3511378e-05
18081,168,1.3847927e-05
18081,169,3.2248981e-06
18081,170,1.2078296e-07
18081,171,0.0
18081,172,0.0
18081,173,1.3065369e-06
18081,174,0.0
18081,175,7.2123485e-06
18081,176,1.4668601e-05
18081,177,5.2067735e-05
18081,178,3.0378282e-05
18081,179,5.716776e-05
18081,180,5.603109e-05
18081,181,6.648479e-05
18081,182,4.62736e-05
18081,183,3.5501256e-05
18081,184,3.4764063e-05
18081,185,3.8830836e-05
18081,186,5.789675e-05
18081,187,6.453119e-05
18081,188,2.7542234e-05
18081,189,5.7685415e-06
18081,190,3.0087351e-06
18081,191,1.0459475e-05
18081,192,1.0080281e-06
18081,193,0.0
18081,194,0.0
18081,195,0.0
18081,196,0.0
18081,197,0.0
18081,198,0.0
18081,199,0.0
18081,200,0.0
18081,201,0.0
18081,202,0.0
18081,203,0.0
18081,204,0.0
18081,205,6.711216e-08
18081,206,0.0
18081,207,1.3358911e-05
18081,208,2.5578041e-05
18081,209,1.7373359e-05
18081,210,1.3416098e-05
18081,211,1.1123321e-05
18081,212,1.3601007e-05
18081,213,1.6388152e-05
18081,214,1.4044167e-05
18081,215,1.9782621e-05
18115,73,1.3064416e-05
18115,74,0.0
18115,75,0.0
18115,76,0.0
18115,77,0.0
18115,78,2.0273843e-07
18115,79,0.0
18115,80,8.008086e-06
18115,81,1.5693211e-05
18115,82,1.6690945e-05
18115,83,2.5346166e-05
18115,84,2.7671798e-05
18115,85,2.1276304e-05
18115,86,4.4388682e-05
18115,87,2.2538481e-05
18115,88,2.380246e-05
18115,89,2.691798e-05
18115,90,2.5143625e-05
18115,91,2.9893557e-05
18115,92,1.8643139e-05
18115,93,2.4277242e-05
18115,94,5.145838e-05
18115,95,6.041948e-05
18115,96,7.944542e-05
18115,97,0.00012666929
18115,98,8.805818e-05
18115,99,6.572565e-05
18115,100,4.499419e-05
18115,101,3.14302e-05
18115,102,4.207187e-06
18115,103,8.109309e-08
18115,104,2.9280002e-07
18115,105,3.256871e-05
18115,106,0.00050045596
18115,107,0.0027265677
18115,108,0.0060549383
18115,109,0.00909442
18115,110,0.010883077
18115,111,0.010880855
18115,112,0.009806366
18115,113,0.009098528
18115,114,0.0082887355
18115,115,0.0061885985
18115,116,0.0049594236
18115,117,0.003820287
18115,118,0.0034396336
18115,119,0.0032447414
18115,120,0.004504429
18115,121,0.008242171
18115,122,0.010333248
18115,123,0.013502527
18115,124,0.015135408
18115,125,0.015345102
18115,126,0.013045605
18115,127,0.011502346
18115,128,0.0101567535
18115,129,0.007812531
18115,130,0.0061603277
18115,131,0.004864983
18115,132,0.0041362643
18115,133,0.003123159
18115,134,0.0026233338
18115,135,0.002310334
18115,136,0.0020890548
18115,137,0.0017288273
18115,138,0.0015365565
18115,139,0.0010000857
18115,140,0.00065440946
18115,141,0.0005029624
18115,142,0.00056216534
18115,143,0.0005229106
18115,144,0.0003915688
18115,145,0.00035391198
18115,146,0.0002813161
18115,147,0.00039171905
18115,148,0.00048059796
18115,149,0.0007100169
18115,150,0.00087007874
18115,151,0.00097651425
18115,152,0.0007782321
18115,153,0.0006217223
18115,154,0.00043106306
18115,155,0.00038069955
18115,156,0.00035178688
18115,157,0.0005010438
18115,158,0.0005765356
18115,159,0.0006655465
18115,160,0.00063060364
18115,161,0.00045479092
18115,162,0.0004405557
18115,163,0.0003161591
18115,164,0.00048449013
18115,165,0.0004958513
18115,166,0.0004043739
18115,167,5.4659973e-05
18115,168,4.688892e-05
18115,169,6.0030566e-06
18115,170,1.1219515e-06
18115,171,0.0
18115,172,0.0
18115,173,0.0
18115,174,8.706297e-07
18115,175,3.2937187e-06
18115,176,2.2755394e-05
18115,177,2.1808508e-05
18115,178,4.0947154e-05
18115,179,9.468073e-05
18115,180,4.698931e-05
18115,181,3.906178e-05
18115,182,0.000103551596
18115,183,9.594878e-05
18115,184,6.1194994e-05
18115,185,7.618545e-05
18115,186,5.0453185e-05
18115,187,6.151729e-05
18115,188,0.00012696236
18115,189,9.474191e-05
18115,190,6.2494764e-05
18115,191,2.7443555e-05
18115,192,2.0761852e-05
18115,193,3.2667034e-05
18115,194,1.7074724e-05
18115,195,9.826551e-06
18115,196,2.1141364e-05
18115,197,1.489637e-05
18115,198,1.5534886e-05
18115,199,2.6190206e-05
18115,200,2.401002e-05
18115,201,1.923093e-05
18115,202,1.2914295e-07
18115,203,0.0
18115,204,0.0
18115,205,5.744168e-07
18115,206,1.3669309e-05
18115,207,9.564827e-05
18115,208,0.00019255481
18115,209,0.00015443482
18115,210,0.00010913744
18115,211,1.2329667e-05
18115,212,7.4018453e-07
18115,213,8.3449595e-07
18115,214,2.9508635e-07
18115,215,7.068615e-08
18119,73,0.0003105948
18119,74,0.0
18119,75,0.0
18119,76,0.0
18119,77,0.0
18119,78,8.549523e-06
18119,79,5.1254952e-05
18119,80,0.00015478572
18119,81,0.00017334889
18119,82,0.00018234517
18119,83,0.00018703654
18119,84,0.00025356514
18119,85,0.00037302557
18119,86,0.00016096063
18119,87,0.00012815579
18119,88,9.009502e-05
18119,89,0.0001199906
18119,90,0.0001244583
18119,91,7.973705e-05
18119,92,5.581276e-05
18119,93,7.401276e-05
18119,94,7.2407885e-05
18119,95,7.076556e-05
18119,96,9.097365e-05
18119,97,8.146835e-05
18119,98,9.193347e-05
18119,99,9.572915e-05
18119,100,8.766138e-05
18119,101,5.271297e-05
18119,102,6.743303e-05
18119,103,0.00019461894
18119,104,0.00049599726
18119,105,0.0020861297
18119,106,0.004889985
18119,107,0.008471521
18119,108,0.01098256
18119,109,0.015911842
18119,110,0.020435708
18119,111,0.022335613
18119,112,0.02353611
18119,113,0.02260433
18119,114,0.0203542
18119,115,0.016691772
18119,116,0.013111288
18119,117,0.011857894
18119,118,0.015934443
18119,119,0.01711236
18119,120,0.018085418
18119,121,0.018644348
18119,122,0.017047513
18119,123,0.016343614
18119,124,0.013750132
18119,125,0.011933398
18119,126,0.0100747
18119,127,0.008296383
18119,128,0.007513849
18119,129,0.006683307
18119,130,0.006176464
18119,131,0.005315363
18119,132,0.004564801
18119,133,0.0035839984
18119,134,0.002702388
18119,135,0.0022535166
18119,136,0.0019732458
18119,137,0.0016762434
18119,138,0.0015752037
18119,139,0.0013454003
18119,140,0.0011137658
18119,141,0.0010244786
18119,142,0.00053243415
18119,143,0.00034090877
18119,144,0.00028361776
18119,145,0.00029728003
18119,146,0.0003731903
18119,147,0.00036851072
18119,148,0.00036466893
18119,149,0.00047946762
18119,150,0.00064503826
18119,151,0.0007450027
18119,152,0.0006242467
18119,153,0.0007155177
18119,154,0.0007440684
18119,155,0.0006399581
18119,156,0.00049949094
18119,157,0.0003465849
18119,158,0.00031780946
18119,159,0.0003094025
18119,160,0.00025269345
18119,161,0.00014618882
18119,162,4.8700567e-05
18119,163,2.6489952e-05
18119,164,3.6610374e-05
18119,165,1.56631e-05
18119,166,5.825499e-07
18119,167,0.0
18119,168,0.0
18119,169,0.0
18119,170,0.0
18119,171,0.0
18119,172,0.0
18119,173,2.5416311e-05
18119,174,4.9036644e-05
18119,175,9.862832e-05
18119,176,0.00014465809
18119,177,0.00021158339
18119,178,0.0003184342
18119,179,0.0004544446
18119,180,0.0015570088
18119,181,0.0027778568
18119,182,0.002742417
18119,183,0.0021532865
18119,184,0.0014364661
18119,185,0.00093929796
18119,186,0.0006151231
18119,187,0.00046432693
18119,188,0.00012152951
18119,189,0.00013283748
18119,190,0.00013657082
18119,191,0.00016516513
18119,192,0.00011000889
18119,193,0.00017621601
18119,194,9.426142e-05
18119,195,6.654142e-05
18119,196,8.396862e-05
18119,197,8.963883e-05
18119,198,6.807575e-05
18119,199,4.78431e-05
18119,200,3.3010736e-05
18119,201,4.3361288e-05
18119,202,9.20417e-05
18119,203,9.8354714e-05
18119,204,9.753993e-05
18119,205,6.505842e-05
18119,206,5.6361598e-05
18119,207,0.00012152339
18119,208,0.00012511811
18119,209,4.7230995e-05
18119,210,1.0824443e-05
18119,211,1.2419432e-06
18119,212,2.1912856e-06
18119,213,8.469056e-06
18119,214,5.9399983e-05
18119,215,7.174394e-05
39001,73,0.0004955874
39001,74,8.882425e-05
39001,75,2.2348682e-05
39001,76,1.6201642e-05
39001,77,3.1571835e-06
39001,78,1.7713236e-06
39001,79,1.7252947e-05
39001,80,6.914653e-05
39001,81,0.00010320391
39001,82,0.00014030881
39001,83,0.00017049363
39001,84,0.00022661053
39001,85,0.00018718452
39001,86,0.00025994048
39001,87,0.0002962435
39001,88,0.00032005605
39001,89,0.00020465648
39001,90,0.00022065148
39001,91,0.0001874703
39001,92,0.0002152946
39001,93,0.00023921161
39001,94,0.0002559604
39001,95,0.00022541037
39001,96,0.00019430829
39001,97,0.00018492223
39001,98,0.00014945357
39001,99,9.5957104e-05
39001,100,7.1731716e-05
39001,101,5.4343654e-05
39001,102,4.528569e-05
39001,103,5.0070532e-05
39001,104,5.569381e-05
39001,105,0.00011010129
39001,106,0.00034091473
39001,107,0.0007732726
39001,108,0.0018568222
39001,109,0.0028853158
39001,110,0.0030713892
39001,111,0.0036801507
39001,112,0.0032939473
39001,113,0.0030443894
39001,114,0.002723732
39001,115,0.0023514796
39001,116,0.002077309
39001,117,0.0013438885
39001,118,0.0009355707
39001,119,0.0006883319
39001,120,0.000591497
39001,121,0.0005854194
39001,122,0.0007319743
39001,123,0.0012661703
39001,124,0.0013767515
39001,125,0.0017113058
39001,126,0.0022048878
39001,127,0.0024053305
39001,128,0.002406298
39001,129,0.0019604366
39001,130,0.001671797
39001,131,0.0012363766
39001,132,0.00088161806
39001,133,0.00070235634
39001,134,0.0006586086
39001,135,0.00081221486
39001,136,0.0011123099
39001,137,0.0008617767
39001,138,0.0007373057
39001,139,0.0005944239
39001,140,0.00034916605
39001,141,0.00023929143
39001,142,0.00015073606
39001,143,0.00015099891
39001,144,0.00012375083
39001,145,0.00011523669
39001,146,0.0001447907
39001,147,0.00015950522
39001,148,0.00022841126
39001,149,0.00029870876
39001,150,0.0003587388
39001,151,0.00034634423
39001,152,0.00041935116
39001,153,0.00046415825
39001,154,0.00038473672
39001,155,0.0004180671
39001,156,0.00040938315
39001,157,0.00034929914
39001,158,0.00031132594
39001,159,0.0003228866
39001,160,0.00034047087
39001,161,0.00030247855
39001,162,0.00023160959
39001,163,0.00018374457
39001,164,0.00011397286
39001,165,0.00015029818
39001,166,0.00033038633
39001,167,0.00013950697
39001,168,7.969656e-05
39001,169,3.5505604e-05
39001,170,2.8111355e-05
39001,171,3.466046e-05
39001,172,3.1041727e-05
39001,173,3.1600346e-05
39001,174,3.4392193e-05
39001,175,4.3309643e-05
39001,176,6.7411915e-05
39001,177,8.81726e-05
39001,178,9.7783384e-05
39001,179,0.00014347065
39001,180,9.265126e-05
39001,181,4.5907946e-05
39001,182,6.304852e-05
39001,183,5.4001448e-05
39001,184,6.52894e-05
39001,185,5.719417e-05
39001,186,8.767831e-05
39001,187,8.5230226e-05
39001,188,7.606199e-05
39001,189,4.693252e-05
39001,190,6.024234e-05
39001,191,5.8719885e-05
39001,192,1.6207194e-05
39001,193,9.789489e-06
39001,194,9.75404e-06
39001,195,1.4257427e-05
39001,196,1.9707586e-05
39001,197,2.3583507e-05
39001,198,1.6437689e-05
39001,199,2.1439319e-05
39001,200,1.3943054e-05
39001,201,1.6581598e-05
39001,202,3.167185e-05
39001,203,3.364515e-05
39001,204,7.154168e-07
39001,205,2.5664472e-06
39001,206,1.7012559e-05
39001,207,4.6809935e-05
39001,208,8.072301e-05
39001,209,0.00011282026
39001,210,9.85283e-05
39001,211,6.252505e-05
39001,212,6.319249e-05
39001,213,7.0770766e-05
39001,214,7.152038e-05
39001,215,5.6256406e-05
39003,73,0.03212548
39003,74,0.033099554
39003,75,0.03233497
39003,76,0.032534998
39003,77,0.032333795
39003,78,0.031149635
39003,79,0.0289578
39003,80,0.027047317
39003,81,0.026450567
39003,82,0.02532759
39003,83,0.022076454
39003,84,0.020146387
39003,85,0.018511109
39003,86,0.017086077
39003,87,0.014897162
39003,88,0.012917553
39003,89,0.011180868
39003,90,0.009755443
39003,91,0.008735447
39003,92,0.008257034
39003,93,0.0073637087
39003,94,0.0062254556
39003,95,0.005295802
39003,96,0.0046220026
39003,97,0.004135523
39003,98,0.003524432
39003,99,0.003105453
39003,100,0.002816405
39003,101,0.0026583103
39003,102,0.0026727724
39003,103,0.0027711452
39003,104,0.0029674259
39003,105,0.0036131141
39003,106,0.0036435
39003,107,0.0038590434
39003,108,0.0042370483
39003,109,0.0044205473
39003,110,0.004352835
39003,111,0.004244326
39003,112,0.0036462797
39003,113,0.0031520084
39003,114,0.003050932
39003,115,0.0023798614
39003,116,0.0022420124
39003,117,0.001895679
39003,118,0.0015438171
39003,119,0.0013533271
39003,120,0.0014166884
39003,121,0.0017216003
39003,122,0.0020555158
39003,123,0.002310859
39003,124,0.002367287
39003,125,0.0023668539
39003,126,0.0022455463
39003,127,0.001958303
39003,128,0.0017767943
39003,129,0.0016018135
39003,130,0.0014648681
39003,131,0.0012319419
39003,132,0.0011270908
39003,133,0.0011205754
39003,134,0.0011046327
39003,135,0.00083524344
39003,136,0.00072546414
39003,137,0.0005705585
39003,138,0.0005130705
39003,139,0.0005409896
39003,140,0.00043341535
39003,141,0.0002958137
39003,142,0.0002731807
39003,143,0.00028375752
39003,144,0.00022826022
39003,145,0.00015841171
39003,146,9.685629e-05
39003,147,6.173872e-05
39003,148,4.5336918e-05
39003,149,7.953647e-05
39003,150,9.042342e-05
39003,151,0.00020953448
39003,152,0.00027942963
39003,153,0.00024502038
39003,154,0.0002257101
39003,155,0.00020590513
39003,156,0.00011697448
39003,157,8.022965e-05
39003,158,5.939787e-05
39003,159,4.9129314e-05
39003,160,4.278026e-05
39003,161,3.8907932e-05
39003,162,1.5957821e-05
39003,163,8.964689e-06
39003,164,2.310518e-06
39003,165,4.667855e-06
39003,166,1.6853614e-06
39003,167,7.57464e-08
39003,168,7.9183295e-08
39003,169,1.1098996e-06
39003,170,2.315805e-06
39003,171,6.0204075e-06
39003,172,7.43515e-06
39003,173,1.4496214e-05
39003,174,2.107476e-05
39003,175,3.1372492e-05
39003,176,3.9731374e-05
39003,177,3.7016012e-05
39003,178,3.3293603e-05
39003,179,3.1205956e-05
39003,180,2.9303234e-05
39003,181,3.4626908e-05
39003,182,3.9717328e-05
39003,183,4.3429805e-05
39003,184,5.4690037e-05
39003,185,5.0811865e-05
39003,186,3.797495e-05
39003,187,2.4863313e-05
39003,188,1.07139795e-05
39003,189,6.4465353e-06
39003,190,4.569376e-06
39003,191,6.3605867e-06
39003,192,6.305931e-06
39003,193,6.82401e-06
39003,194,5.9437693e-06
39003,195,5.30047e-06
39003,196,1.2704531e-05
39003,197,1.6321643e-05
39003,198,8.096641e-06
39003,199,2.2398981e-05
39003,200,3.36609e-05
39003,201,4.7489866e-05
39003,202,3.6157257e-05
39003,203,2.8576522e-05
39003,204,6.566212e-05
39003,205,9.4381765e-05
39003,206,7.085944e-05
39003,207,9.233165e-05
39003,208,3.8880044e-05
39003,209,1.0190303e-05
39003,210,1.2832488e-06
39003,211,5.1356676e-07
39003,212,2.8964619e-06
39003,213,8.281755e-06
39003,214,7.5726716e-06
39003,215,7.120468e-06
39005,73,0.083433524
39005,74,0.08328445
39005,75,0.08183765
39005,76,0.08121107
39005,77,0.08044771
39005,78,0.078875884
39005,79,0.07586785
39005,80,0.07236238
39005,81,0.068347
39005,82,0.06582034
39005,83,0.063157775
39005,84,0.06038147
39005,85,0.057483334
39005,86,0.054845735
39005,87,0.05052651
39005,88,0.04845568
39005,89,0.04417987
39005,90,0.03905821
39005,91,0.03473527
39005,92,0.031692304
39005,93,0.029646847
39005,94,0.027098382
39005,95,0.02664345
39005,96,0.025482256
39005,97,0.023907842
39005,98,0.02233408
39005,99,0.020559065
39005,100,0.019611022
39005,101,0.018773431
39005,102,0.018330734
39005,103,0.017174693
39005,104,0.015070216
39005,105,0.0145011125
39005,106,0.015292211
39005,107,0.014779326
39005,108,0.014568819
39005,109,0.014459632
39005,110,0.015147995
39005,111,0.0150620015
39005,112,0.016501995
39005,113,0.015703607
39005,114,0.014694562
39005,115,0.013912387
39005,116,0.012460882
39005,117,0.010730084
39005,118,0.009139198
39005,119,0.007955274
39005,120,0.007561931
39005,121,0.007121806
39005,122,0.0067674373
39005,123,0.0075727766
39005,124,0.009023209
39005,125,0.0101086125
39005,126,0.01083163
39005,127,0.013619741
39005,128,0.012672104
39005,129,0.012010826
39005,130,0.010352197
39005,131,0.008514667
39005,132,0.008403103
39005,133,0.006907897
39005,134,0.0061177094
39005,135,0.0062089507
39005,136,0.0061621363
39005,137,0.005770977
39005,138,0.00493822
39005,139,0.0039426074
39005,140,0.0031845137
39005,141,0.002684921
39005,142,0.0021322775
39005,143,0.0016028907
39005,144,0.0012786619
39005,145,0.0011174595
39005,146,0.0011659309
39005,147,0.0013165683
39005,148,0.0012571138
39005,149,0.0014658262
39005,150,0.001632838
39005,151,0.0019206329
39005,152,0.0017969944
39005,153,0.0019473867
39005,154,0.0018006802
39005,155,0.001596381
39005,156,0.0013090207
39005,157,0.0010483828
39005,158,0.00070811296
39005,159,0.0005493497
39005,160,0.00053473475
39005,161,0.00037492267
39005,162,0.00020246061
39005,163,0.00026015242
39005,164,0.00025529345
39005,165,0.0002852723
39005,166,0.00018878022
39005,167,0.00013335206
39005,168,0.00015794138
39005,169,0.00023928165
39005,170,0.00026238232
39005,171,0.00015783464
39005,172,0.00012015308
39005,173,0.00011052881
39005,174,0.00013523905
39005,175,0.00012737467
39005,176,0.00014256247
39005,177,0.00019105258
39005,178,0.0001651787
39005,179,0.00010143068
39005,180,6.6780914e-05
39005,181,3.7664875e-05
39005,182,1.5591206e-05
39005,183,6.6523876e-06
39005,184,0.0
39005,185,0.0
39005,186,0.0
39005,187,0.0
39005,188,0.0
39005,189,0.0
39005,190,0.0
39005,191,0.0
39005,192,0.0
39005,193,0.0
39005,194,0.0
39005,195,0.0
39005,196,0.0
39005,197,0.0
39005,198,5.938887e-09
39005,199,0.0
39005,200,8.0215824e-07
39005,201,8.428339e-06
39005,202,7.764262e-05
39005,203,0.000116190604
39005,204,0.00014760163
39005,205,0.00011008628
39005,206,7.57413e-05
39005,207,6.420931e-05
39005,208,5.3858977e-05
39005,209,3.391936e-05
39005,210,1.536025e-05
39005,211,2.6057874e-06
39005,212,8.56452e-07
39005,213,3.8974724e-07
39005,214,2.0173279e-07
39005,215,1.8550444e-06
39007,73,0.05582753
39007,74,0.0634767
39007,75,0.06363369
39007,76,0.059490222
39007,77,0.05548063
39007,78,0.051643852
39007,79,0.04691512
39007,80,0.042712178
39007,81,0.038191143
39007,82,0.03410021
39007,83,0.030461214
39007,84,0.026383612
39007,85,0.023187466
39007,86,0.020607201
39007,87,0.018176526
39007,88,0.016041273
39007,89,0.013292369
39007,90,0.012166337
39007,91,0.010965219
39007,92,0.009908939
39007,93,0.008916356
39007,94,0.007870132
39007,95,0.0071853977
39007,96,0.0068881894
39007,97,0.0065386533
39007,98,0.0059258826
39007,99,0.005554225
39007,100,0.006054024
39007,101,0.005890606
39007,102,0.005714757
39007,103,0.005801069
39007,104,0.0059634917
39007,105,0.006544
39007,106,0.006722641
39007,107,0.0064112633
39007,108,0.0060358588
39007,109,0.0064413925
39007,110,0.0062358873
39007,111,0.0073863296
39007,112,0.008320737
39007,113,0.008288412
39007,114,0.007756335
39007,115,0.0072050164
39007,116,0.0072349124
39007,117,0.0070552854
39007,118,0.006412042
39007,119,0.0061567575
39007,120,0.0063981884
39007,121,0.006024392
39007,122,0.0058807987
39007,123,0.0057014446
39007,124,0.005679285
39007,125,0.00552861
39007,126,0.0060867686
39007,127,0.005639891
39007,128,0.0049903286
39007,129,0.0052569346
39007,130,0.0058927913
39007,131,0.004878069
39007,132,0.003803183
39007,133,0.0027695019
39007,134,0.0026123775
39007,135,0.0021114403
39007,136,0.0021084822
39007,137,0.002300963
39007,138,0.002086475
39007,139,0.002068212
39007,140,0.0015062494
39007,141,0.0009442165
39007,142,0.0006852565
39007,143,0.00082715874
39007,144,0.00068713835
39007,145,0.0006498298
39007,146,0.00071570196
39007,147,0.00077825447
39007,148,0.00079252786
39007,149,0.00068533263
39007,150,0.0008146879
39007,151,0.0008346942
39007,152,0.0006685231
39007,153,0.00064203225
39007,154,0.00076725037
39007,155,0.0006373155
39007,156,0.0005943599
39007,157,0.00051524665
39007,158,0.000452091
39007,159,0.00048036594
39007,160,0.00027277193
39007,161,0.00021801962
39007,162,0.00021844705
39007,163,0.00013950276
39007,164,0.000105656654
39007,165,4.999509e-05
39007,166,4.3651493e-05
39007,167,6.317456e-05
39007,168,0.000104150015
39007,169,0.0001351432
39007,170,0.00016225933
39007,171,0.00015509721
39007,172,0.00017234749
39007,173,0.00014664906
39007,174,0.000112138616
39007,175,9.5424446e-05
39007,176,8.2673105e-05
39007,177,8.979391e-05
39007,178,9.442354e-05
39007,179,9.636996e-05
39007,180,9.063425e-05
39007,181,6.981791e-05
39007,182,6.1252416e-05
39007,183,3.6143254e-05
39007,184,2.3432623e-05
39007,185,1.72852e-05
39007,186,1.3013219e-05
39007,187,4.8450684e-06
39007,188,9.727203e-06
39007,189,5.535233e-06
39007,190,1.8543012e-06
39007,191,5.263275e-07
39007,192,0.0
39007,193,0.0
39007,194,0.0
39007,195,0.0
39007,196,0.0
39007,197,0.0
39007,198,0.0
39007,199,3.6765403e-08
39007,200,6.7854194e-07
39007,201,1.4871375e-06
39007,202,2.0087878e-06
39007,203,2.2167033e-06
39007,204,8.472401e-06
39007,205,5.8290752e-06
39007,206,1.3603177e-06
39007,207,0.0
39007,208,6.535761e-08
39007,209,1.9078485e-09
39007,210,9.657925e-07
39007,211,4.3799578e-06
39007,212,8.079409e-06
39007,213,2.2610526e-05
39007,214,4.2054566e-05
39007,215,3.5649722e-05
39009,73,0.00525011
39009,74,0.004511391
39009,75,0.0041632066
39009,76,0.0042390754
39009,77,0.00444962
39009,78,0.0046201935
39009,79,0.0047725043
39009,80,0.005236046
39009,81,0.005064935
39009,82,0.0049641035
39009,83,0.0037226733
39009,84,0.0034964678
39009,85,0.0034461364
39009,86,0.0036453172
39009,87,0.003483603
39009,88,0.0026940492
39009,89,0.0017455161
39009,90,0.0013813382
39009,91,0.0011219832
39009,92,0.0009505888
39009,93,0.0008887911
39009,94,0.00077514834
39009,95,0.00068395375
39009,96,0.000666746
39009,97,0.0006670595
39009,98,0.0006632772
39009,99,0.0005600212
39009,100,0.00049110514
39009,101,0.0005343609
39009,102,0.00047970135
39009,103,0.00044162796
39009,104,0.00042842005
39009,105,0.0005001538
39009,106,0.00074811926
39009,107,0.0009104282
39009,108,0.0012254877
39009,109,0.0018517387
39009,110,0.0023380267
39009,111,0.0023375917
39009,112,0.0026789615
39009,113,0.002877394
39009,114,0.0025488795
39009,115,0.0019456863
39009,116,0.0019249069
39009,117,0.001969329
39009,118,0.0018054969
39009,119,0.0018291622
39009,120,0.001753607
39009,121,0.0016390034
39009,122,0.001331399
39009,123,0.0010700371
39009,124,0.0017516155
39009,125,0.0030798945
39009,126,0.0031028262
39009,127,0.0029607126
39009,128,0.0030230253
39009,129,0.0030220079
39009,130,0.0030620166
39009,131,0.00255757
39009,132,0.001824168
39009,133,0.0013627539
39009,134,0.001229371
39009,135,0.0015318696
39009,136,0.002138429
39009,137,0.0030727165
39009,138,0.004852136
39009,139,0.0061150556
39009,140,0.005547802
39009,141,0.0048774085
39009,142,0.003913026
39009,143,0.0032781193
39009,144,0.0027278706
39009,145,0.0021956258
39009,146,0.0018634998
39009,147,0.0016117279
39009,148,0.0014119084
39009,149,0.0013334659
39009,150,0.0013312824
39009,151,0.0014571785
39009,152,0.0012853162
39009,153,0.0012159828
39009,154,0.0010892042
39009,155,0.00078908756
39009,156,0.00061356125
39009,157,0.00047346574
39009,158,0.0004092722
39009,159,0.00031785815
39009,160,0.00029916764
39009,161,0.00029255086
39009,162,0.00017116373
39009,163,0.000122021855
39009,164,0.00014570921
39009,165,0.0002426812
39009,166,0.00032120035
39009,167,0.00019369199
39009,168,0.0001788403
39009,169,0.00035824263
39009,170,0.00023752844
39009,171,0.00017548105
39009,172,0.00015728734
39009,173,0.00015041862
39009,174,0.000166558
39009,175,0.00022882431
39009,176,0.00045164465
39009,177,0.00049812696
39009,178,0.0004959593
39009,179,0.00042120903
39009,180,0.0003879073
39009,181,0.00035361576
39009,182,0.00029338428
39009,183,0.00023670783
39009,184,0.00017760559
39009,185,0.00011440166
39009,186,0.0001198547
39009,187,5.4786826e-05
39009,188,3.2829175e-05
39009,189,3.410294e-05
39009,190,4.991352e-05
39009,191,4.5931596e-05
39009,192,7.1769623e-06
39009,193,3.3936005e-06
39009,194,2.02609e-06
39009,195,1.10780475e-05
39009,196,3.98395e-05
39009,197,8.460774e-05
39009,198,0.00011623271
39009,199,0.00012831457
39009,200,0.00032463294
39009,201,0.0005139108
39009,202,0.0005416406
39009,203,0.00029883033
39009,204,0.00025645454
39009,205,0.00019969293
39009,206,0.00011378225
39009,207,6.478178e-05
39009,208,2.9653052e-05
39009,209,1.5245971e-05
39009,210,1.7435797e-05
39009,211,1.2105297e-05
39009,212,2.4894263e-05
39009,213,2.8863233e-05
39009,214,3.9627615e-05
39009,215,9.812246e-05
39011,73,0.024622383
39011,74,0.02643012
39011,75,0.026508158
39011,76,0.027229836
39011,77,0.02715707
39011,78,0.02543631
39011,79,0.023347849
39011,80,0.021051263
39011,81,0.021531401
39011,82,0.020311918
39011,83,0.018315969
39011,84,0.016142592
39011,85,0.014655787
39011,86,0.01328622
39011,87,0.011475311
39011,88,0.009613641
39011,89,0.008179768
39011,90,0.00709091
39011,91,0.0060439883
39011,92,0.005490953
39011,93,0.0050089126
39011,94,0.0043005333
39011,95,0.0036032938
39011,96,0.0032655883
39011,97,0.0030213592
39011,98,0.0024076093
39011,99,0.0019762758
39011,100,0.0017078189
39011,101,0.0016116592
39011,102,0.0015463673
39011,103,0.0016124275
39011,104,0.0017939345
39011,105,0.0019425488
39011,106,0.0018885358
39011,107,0.0023025644
39011,108,0.002780827
39011,109,0.0035476694
39011,110,0.0035586641
39011,111,0.0037392322
39011,112,0.0033039236
39011,113,0.0029758853
39011,114,0.002826356
39011,115,0.0021535838
39011,116,0.0019117547
39011,117,0.0016115259
39011,118,0.0011615478
39011,119,0.00090723194
39011,120,0.0009901416
39011,121,0.0011722859
39011,122,0.0015972601
39011,123,0.0018653071
39011,124,0.0019464378
39011,125,0.0018380792
39011,126,0.0016168962
39011,127,0.0012979342
39011,128,0.0012061765
39011,129,0.0009704102
39011,130,0.00095057307
39011,131,0.0008022169
39011,132,0.0007659418
39011,133,0.00071996206
39011,134,0.0006415155
39011,135,0.0004698062
39011,136,0.0003966684
39011,137,0.0002903468
39011,138,0.00030588443
39011,139,0.00035310606
39011,140,0.00025431378
39011,141,0.00023801406
39011,142,0.00016368693
39011,143,0.00012737408
39011,144,7.0524045e-05
39011,145,4.3301443e-05
39011,146,2.3221874e-05
39011,147,2.3155524e-05
39011,148,2.5852292e-05
39011,149,5.72237e-05
39011,150,6.773919e-05
39011,151,0.00014459358
39011,152,0.0002478142
39011,153,0.00032994256
39011,154,0.00029463033
39011,155,0.00019451328
39011,156,0.00014059241
39011,157,0.00010578139
39011,158,8.919969e-05
39011,159,8.061993e-05
39011,160,8.328778e-05
39011,161,5.930038e-05
39011,162,3.497681e-05
39011,163,2.6061256e-05
39011,164,2.720705e-05
39011,165,3.0529125e-05
39011,166,2.5501658e-05
39011,167,7.783468e-06
39011,168,8.265691e-06
39011,169,5.799947e-06
39011,170,1.7965807e-05
39011,171,3.8602713e-05
39011,172,4.5655077e-05
39011,173,5.757855e-05
39011,174,7.963998e-05
39011,175,0.00011363325
39011,176,0.00010348812
39011,177,8.480818e-05
39011,178,7.1459115e-05
39011,179,6.480812e-05
39011,180,5.9219772e-05
39011,181,6.403441e-05
39011,182,6.679019e-05
39011,183,6.708312e-05
39011,184,7.476184e-05
39011,185,7.0815615e-05
39011,186,6.0691866e-05
39011,187,4.3448443e-05
39011,188,2.638283e-05
39011,189,2.8187427e-05
39011,190,3.47525e-05
39011,191,3.6942485e-05
39011,192,3.3556928e-05
39011,193,3.2819946e-05
39011,194,2.9559977e-05
39011,195,2.3986737e-05
39011,196,5.8567573e-05
39011,197,0.00013307377
39011,198,0.00015679834
39011,199,0.000111738176
39011,200,0.00015371355
39011,201,0.00020015764
39011,202,0.00015166543
39011,203,0.0001597322
39011,204,0.00014444545
39011,205,0.00012803485
39011,206,7.8196215e-05
39011,207,0.00011789332
39011,208,9.564257e-05
39011,209,7.394834e-05
39011,210,8.41621e-05
39011,211,8.31834e-05
39011,212,9.312339e-05
39011,213,6.5274275e-05
39011,214,4.6257315e-05
39011,215,2.819522e-05
39013,73,0.120057516
39013,74,0.12554348
39013,75,0.1252988
39013,76,0.12398937
39013,77,0.122820005
39013,78,0.12061769
39013,79,0.11851376
39013,80,0.11562195
39013,81,0.11002598
39013,82,0.1050885
39013,83,0.099216394
39013,84,0.09284097
39013,85,0.08816909
39013,86,0.081378624
39013,87,0.07462204
39013,88,0.06863055
39013,89,0.06326133
39013,90,0.05738401
39013,91,0.052239176
39013,92,0.045741256
39013,93,0.04193277
39013,94,0.03871125
39013,95,0.036433715
39013,96,0.034427833
39013,97,0.032249935
39013,98,0.030588932
39013,99,0.02927584
39013,100,0.027417459
39013,101,0.025339084
39013,102,0.02353519
39013,103,0.021902127
39013,104,0.020151787
39013,105,0.021230679
39013,106,0.023637174
39013,107,0.02323642
39013,108,0.022064708
39013,109,0.021186745
39013,110,0.018960794
39013,111,0.016537108
39013,112,0.015454982
39013,113,0.014917975
39013,114,0.014423838
39013,115,0.013221655
39013,116,0.01249267
39013,117,0.011386377
39013,118,0.0107764425
39013,119,0.009952181
39013,120,0.0093808845
39013,121,0.008845332
39013,122,0.008131799
39013,123,0.007609525
39013,124,0.007364207
39013,125,0.0071675205
39013,126,0.00886506
39013,127,0.008861062
39013,128,0.008243954
39013,129,0.0090379575
39013,130,0.009070782
39013,131,0.009359565
39013,132,0.009186275
39013,133,0.008335282
39013,134,0.007918714
39013,135,0.006503705
39013,136,0.0057245283
39013,137,0.004011955
39013,138,0.0028139374
39013,139,0.0023536324
39013,140,0.002431883
39013,141,0.0017569194
39013,142,0.0016843526
39013,143,0.0014786179
39013,144,0.001374209
39013,145,0.0012314194
39013,146,0.0010725262
39013,147,0.0012482377
39013,148,0.0015489938
39013,149,0.0018876534
39013,150,0.0022791661
39013,151,0.0028066856
39013,152,0.0024909996
39013,153,0.0023498603
39013,154,0.0021550031
39013,155,0.0020017272
39013,156,0.0016760554
39013,157,0.001444626
39013,158,0.001286733
39013,159,0.0012685155
39013,160,0.00090813375
39013,161,0.0007120989
39013,162,0.0007243519
39013,163,0.00067044963
39013,164,0.0005990824
39013,165,0.00062866905
39013,166,0.00058667245
39013,167,0.00052450085
39013,168,0.00038207517
39013,169,0.0002734243
39013,170,0.00023528772
39013,171,0.000202816
39013,172,0.00022168485
39013,173,0.000194842
39013,174,0.00021250105
39013,175,0.00025126527
39013,176,0.00038286985
39013,177,0.0004344448
39013,178,0.0005594668
39013,179,0.00054361974
39013,180,0.00044638346
39013,181,0.0003896038
39013,182,0.00041324022
39013,183,0.0003800802
39013,184,0.00021968901
39013,185,0.00011938202
39013,186,6.0675728e-05
39013,187,2.91883e-05
39013,188,6.5142713e-06
39013,189,6.803381e-07
39013,190,5.278891e-08
39013,191,4.0676485e-07
39013,192,6.268415e-06
39013,193,1.6827446e-06
39013,194,5.7611196e-06
39013,195,4.3981863e-06
39013,196,7.552041e-06
39013,197,1.3991293e-05
39013,198,2.1141877e-05
39013,199,3.180195e-05
39013,200,6.44831e-05
39013,201,8.992442e-05
39013,202,0.00010833652
39013,203,0.000119794524
39013,204,0.00012350778
39013,205,0.00010456115
39013,206,7.3657895e-05
39013,207,2.3547233e-05
39013,208,7.2355424e-06
39013,209,7.3581346e-06
39013,210,2.1352312e-06
39013,211,6.7772083e-07
39013,212,2.861277e-06
39013,213,2.916976e-06
39013,214,1.9626228e-05
39013,215,2.864645e-05
39015,73,0.0004242914
39015,74,7.682835e-05
39015,75,2.4125062e-05
39015,76,1.37613715e-05
39015,77,1.3844635e-05
39015,78,5.9875697e-07
39015,79,3.8659164e-06
39015,80,8.9223635e-05
39015,81,0.0001424219
39015,82,0.00013022694
39015,83,0.00010531991
39015,84,0.00012213334
39015,85,0.00012376976
39015,86,0.00016485789
39015,87,0.00020485077
39015,88,0.00019778349
39015,89,0.00013527415
39015,90,0.00015428352
39015,91,0.00016940931
39015,92,0.00026015984
39015,93,0.00028754867
39015,94,0.00023864163
39015,95,0.00018052397
39015,96,0.000120992845
39015,97,9.413954e-05
39015,98,7.560618e-05
39015,99,5.6673834e-05
39015,100,5.543807e-05
39015,101,6.388511e-05
39015,102,7.511497e-05
39015,103,0.00010046759
39015,104,0.00012535197
39015,105,0.0002109237
39015,106,0.0003355952
39015,107,0.000859529
39015,108,0.001774689
39015,109,0.0032164005
39015,110,0.003566847
39015,111,0.004019413
39015,112,0.0035701476
39015,113,0.0034256068
39015,114,0.003227764
39015,115,0.0027323863
39015,116,0.0023911847
39015,117,0.0017153482
39015,118,0.0011046962
39015,119,0.0008108417
39015,120,0.0007472277
39015,121,0.0011043281
39015,122,0.0015563333
39015,123,0.0015455894
39015,124,0.0013552165
39015,125,0.0012135613
39015,126,0.0013266904
39015,127,0.0013356511
39015,128,0.0012165993
39015,129,0.0009358954
39015,130,0.00076040725
39015,131,0.0005287969
39015,132,0.00040972143
39015,133,0.00022899969
39015,134,0.00024857314
39015,135,0.00031871776
39015,136,0.00025823282
39015,137,0.0002100764
39015,138,0.00025160055
39015,139,0.00023822208
39015,140,0.00016272496
39015,141,0.0001358377
39015,142,0.0001240502
39015,143,0.00015423278
39015,144,0.000118136406
39015,145,0.00010978497
39015,146,0.00011935911
39015,147,0.00013919
39015,148,0.00019503104
39015,149,0.00022181789
39015,150,0.0003271232
39015,151,0.00048964994
39015,152,0.00055021053
39015,153,0.00044809585
39015,154,0.00033421678
39015,155,0.00035895917
39015,156,0.00035376818
39015,157,0.00029640913
39015,158,0.00028121163
39015,159,0.00021889826
39015,160,0.00022544185
39015,161,0.00017408915
39015,162,9.6941745e-05
39015,163,5.5294124e-05
39015,164,2.7484279e-05
39015,165,5.1697516e-05
39015,166,9.360024e-05
39015,167,5.8206915e-05
39015,168,4.0683535e-05
39015,169,2.8219347e-05
39015,170,2.728211e-05
39015,171,3.0274194e-05
39015,172,3.6333568e-05
39015,173,4.7722333e-05
39015,174,5.4313732e-05
39015,175,8.2410035e-05
39015,176,0.00010273074
39015,177,0.00012485478
39015,178,0.00010482025
39015,179,0.000119597775
39015,180,8.036585e-05
39015,181,6.6311615e-05
39015,182,5.888037e-05
39015,183,9.8417244e-05
39015,184,0.00010017519
39015,185,9.084876e-05
39015,186,0.00010088096
39015,187,0.00010249614
39015,188,0.000104874845
39015,189,6.28578e-05
39015,190,7.696334e-05
39015,191,8.0511345e-05
39015,192,3.4456214e-05
39015,193,2.7152188e-05
39015,194,1.834138e-05
39015,195,2.3490975e-05
39015,196,3.5375942e-05
39015,197,4.1828727e-05
39015,198,3.615766e-05
39015,199,3.370131e-05
39015,200,2.4570867e-05
39015,201,1.6315369e-05
39015,202,8.1604e-06
39015,203,9.2665105e-06
39015,204,5.911949e-06
39015,205,7.750638e-06
39015,206,2.1915857e-05
39015,207,4.333406e-05
39015,208,6.866857e-05
39015,209,7.984098e-05
39015,210,7.0923066e-05
39015,211,4.6996967e-05
39015,212,5.1869596e-05
39015,213,7.6787386e-05
39015,214,6.291231e-05
39015,215,4.289823e-05
39019,73,0.36586025
39019,74,0.38518155
39019,75,0.38326463
39019,76,0.37634322
39019,77,0.36809865
39019,78,0.35842782
39019,79,0.34797528
39019,80,0.33764327
39019,81,0.32728124
39019,82,0.31820887
39019,83,0.30698812
39019,84,0.29844484
39019,85,0.28825104
39019,86,0.28082976
39019,87,0.2711879
39019,88,0.25969246
39019,89,0.25025454
39019,90,0.23553741
39019,91,0.22626129
39019,92,0.2129012
39019,93,0.20355566
39019,94,0.19568212
39019,95,0.18864572
39019,96,0.18467475
39019,97,0.18015547
39019,98,0.17739084
39019,99,0.17364275
39019,100,0.16864456
39019,101,0.16357164
39019,102,0.16063339
39019,103,0.15878959
39019,104,0.15252
39019,105,0.14831327
39019,106,0.14478287
39019,107,0.14023636
39019,108,0.13622159
39019,109,0.1332017
39019,110,0.1267652
39019,111,0.11937137
39019,112,0.110686675
39019,113,0.1075203
39019,114,0.10348395
39019,115,0.09932026
39019,116,0.09378682
39019,117,0.08682996
39019,118,0.08218488
39019,119,0.0775877
39019,120,0.0748443
39019,121,0.07172774
39019,122,0.06944649
39019,123,0.06830473
39019,124,0.0671771
39019,125,0.06963188
39019,126,0.06986525
39019,127,0.067281075
39019,128,0.06934206
39019,129,0.06883916
39019,130,0.06345261
39019,131,0.06370296
39019,132,0.05829334
39019,133,0.05335443
39019,134,0.050487384
39019,135,0.045096073
39019,136,0.040217604
39019,137,0.033673845
39019,138,0.029275827
39019,139,0.024267826
39019,140,0.023197414
39019,141,0.020130368
39019,142,0.01921286
39019,143,0.018828854
39019,144,0.01691641
39019,145,0.015906116
39019,146,0.015107317
39019,147,0.01496528
39019,148,0.015457158
39019,149,0.015196439
39019,150,0.014435616
39019,151,0.014732656
39019,152,0.014338759
39019,153,0.014114218
39019,154,0.012572313
39019,155,0.0119880615
39019,156,0.010431403
39019,157,0.00893485
39019,158,0.007970296
39019,159,0.006987872
39019,160,0.0052630184
39019,161,0.004411617
39019,162,0.0041237925
39019,163,0.0033960557
39019,164,0.002685314
39019,165,0.0022155757
39019,166,0.0020101427
39019,167,0.001846043
39019,168,0.0018014737
39019,169,0.001809656
39019,170,0.0012536205
39019,171,0.0009371388
39019,172,0.00081718556
39019,173,0.000734277
39019,174,0.00070569536
39019,175,0.0007076654
39019,176,0.00081575895
39019,177,0.0008722297
39019,178,0.0009882699
39019,179,0.0009011949
39019,180,0.0008466149
39019,181,0.0008003549
39019,182,0.0007334754
39019,183,0.0006100476
39019,184,0.00037093472
39019,185,0.00029503935
39019,186,0.0002264664
39019,187,0.00013881146
39019,188,8.0041544e-05
39019,189,3.1175463e-05
39019,190,2.0973626e-05
39019,191,1.4352935e-05
39019,192,7.100865e-06
39019,193,1.3656168e-05
39019,194,4.7692043e-05
39019,195,3.0083067e-05
39019,196,3.392335e-05
39019,197,9.728034e-05
39019,198,8.55446e-05
39019,199,0.0001123071
39019,200,0.0001266136
39019,201,0.00024035429
39019,202,0.0002692688
39019,203,0.00033911492
39019,204,0.00035433445
39019,205,0.000372004
39019,206,0.0003781448
39019,207,0.00023705771
39019,208,0.00015210132
39019,209,0.000118555436
39019,210,7.684548e-05
39019,211,2.6072834e-05
39019,212,2.0412754e-05
39019,213,2.8880124e-05
39019,214,5.4510056e-05
39019,215,5.5738838e-05
39021,73,0.09290508
39021,74,0.09574651
39021,75,0.09333771
39021,76,0.09096589
39021,77,0.08824377
39021,78,0.08217886
39021,79,0.07776387
39021,80,0.07400095
39021,81,0.07074698
39021,82,0.06397844
39021,83,0.05568293
39021,84,0.049366497
39021,85,0.045584843
39021,86,0.04323515
39021,87,0.038091153
39021,88,0.03274255
39021,89,0.028775018
39021,90,0.024406388
39021,91,0.021781027
39021,92,0.018834716
39021,93,0.016845815
39021,94,0.014917211
39021,95,0.013424591
39021,96,0.012419497
39021,97,0.011847393
39021,98,0.009806683
39021,99,0.00870031
39021,100,0.008283239
39021,101,0.0076423734
39021,102,0.0071765524
39021,103,0.0076158955
39021,104,0.007120564
39021,105,0.007356388
39021,106,0.007562446
39021,107,0.008862295
39021,108,0.009245234
39021,109,0.00985012
39021,110,0.0114214
39021,111,0.011238455
39021,112,0.0099622
39021,113,0.009740842
39021,114,0.010014708
39021,115,0.009259066
39021,116,0.00849659
39021,117,0.0076492806
39021,118,0.0061542457
39021,119,0.005707155
39021,120,0.0051314062
39021,121,0.004985194
39021,122,0.0062631355
39021,123,0.006321376
39021,124,0.008310092
39021,125,0.009020624
39021,126,0.008977692
39021,127,0.008502051
39021,128,0.0070107626
39021,129,0.006391964
39021,130,0.006206023
39021,131,0.005865304
39021,132,0.0047436096
39021,133,0.0041337274
39021,134,0.003086499
39021,135,0.0028661236
39021,136,0.002419893
39021,137,0.0020276112
39021,138,0.0017679739
39021,139,0.0015096861
39021,140,0.0013361811
39021,141,0.0012449549
39021,142,0.0009734764
39021,143,0.0007998321
39021,144,0.00067276636
39021,145,0.00059916155
39021,146,0.0004841125
39021,147,0.0004678921
39021,148,0.0004980586
39021,149,0.00049989746
39021,150,0.0006090012
39021,151,0.0008328173
39021,152,0.0007497062
39021,153,0.00078147446
39021,154,0.0010269127
39021,155,0.0011929381
39021,156,0.0011280794
39021,157,0.0008748597
39021,158,0.0006213967
39021,159,0.0004971272
39021,160,0.0003289384
39021,161,0.00023170456
39021,162,0.00014339479
39021,163,9.6685144e-05
39021,164,7.541454e-05
39021,165,7.339697e-05
39021,166,6.953222e-05
39021,167,6.9691654e-05
39021,168,4.8277037e-05
39021,169,5.7172314e-05
39021,170,7.148092e-05
39021,171,0.00010352276
39021,172,0.00011319075
39021,173,0.00014851657
39021,174,0.00024856025
39021,175,0.00028593137
39021,176,0.00027665705
39021,177,0.00024962967
39021,178,0.00019878014
39021,179,0.00017852576
39021,180,0.00015180229
39021,181,0.00014873303
39021,182,0.000108073844
39021,183,6.854962e-05
39021,184,4.1632684e-05
39021,185,4.958228e-05
39021,186,3.947722e-05
39021,187,6.4626016e-05
39021,188,5.9168997e-05
39021,189,8.260037e-05
39021,190,0.00013489656
39021,191,0.00010599739
39021,192,8.884038e-05
39021,193,7.995756e-05
39021,194,8.009405e-05
39021,195,8.962278e-05
39021,196,9.933949e-05
39021,197,0.0001629966
39021,198,0.00019728424
39021,199,0.00026140545
39021,200,0.0002992657
39021,201,0.00050588313
39021,202,0.0005316244
39021,203,0.00046519696
39021,204,0.00033790548
39021,205,0.00024785698
39021,206,0.00018020222
39021,207,0.00014599398
39021,208,0.00013635197
39021,209,8.324154e-05
39021,210,9.291516e-05
39021,211,8.6748085e-05
39021,212,0.00010944686
39021,213,0.00012962209
39021,214,0.00011578808
39021,215,8.924429e-05
39041,73,0.06410959
39041,74,0.066064514
39041,75,0.06471288
39041,76,0.0626776
39041,77,0.06156365
39041,78,0.05821514
39041,79,0.05586043
39041,80,0.052243628
39041,81,0.05104681
39041,82,0.048195347
39041,83,0.044524513
39041,84,0.041573882
39041,85,0.03756507
39041,86,0.034485944
39041,87,0.03283407
39041,88,0.02975808
39041,89,0.02659406
39041,90,0.02286241
39041,91,0.019845018
39041,92,0.017247
39041,93,0.01588763
39041,94,0.014122925
39041,95,0.012188016
39041,96,0.010921759
39041,97,0.009851816
39041,98,0.008734306
39041,99,0.007936225
39041,100,0.0076040076
39041,101,0.0073611927
39041,102,0.0069192513
39041,103,0.006621895
39041,104,0.006454727
39041,105,0.006112275
39041,106,0.0063935034
39041,107,0.0063698865
39041,108,0.0067520905
39041,109,0.0069693136
39041,110,0.006979713
39041,111,0.0066820113
39041,112,0.0066993968
39041,113,0.006301875
39041,114,0.006218818
39041,115,0.005763946
39041,116,0.0052809934
39041,117,0.0045892457
39041,118,0.004050102
39041,119,0.003565497
39041,120,0.0033090697
39041,121,0.003480905
39041,122,0.0040632514
39041,123,0.004982475
39041,124,0.0045376453
39041,125,0.0046316003
39041,126,0.0052211867
39041,127,0.0057576867
39041,128,0.0055809813
39041,129,0.005268395
39041,130,0.004741013
39041,131,0.004311831
39041,132,0.004134169
39041,133,0.0036199358
39041,134,0.0033125249
39041,135,0.003360913
39041,136,0.002997339
39041,137,0.0026132655
39041,138,0.0020909142
39041,139,0.0017736363
39041,140,0.0014535941
39041,141,0.0014210099
39041,142,0.0011745242
39041,143,0.0011084846
39041,144,0.000991631
39041,145,0.0007814485
39041,146,0.0007322747
39041,147,0.00083306717
39041,148,0.0007915057
39041,149,0.000804271
39041,150,0.0008357253
39041,151,0.00084984483
39041,152,0.0008885911
39041,153,0.0008922407
39041,154,0.0008902388
39041,155,0.0008230061
39041,156,0.0007268459
39041,157,0.0005892713
39041,158,0.00040645082
39041,159,0.0003102953
39041,160,0.00018561624
39041,161,0.00012422078
39041,162,9.204351e-05
39041,163,6.111814e-05
39041,164,5.521186e-05
39041,165,5.354648e-05
39041,166,1.2519891e-05
39041,167,2.6568423e-06
39041,168,0.0
39041,169,1.4105352e-06
39041,170,4.9467512e-06
39041,171,7.644869e-06
39041,172,1.4339619e-05
39041,173,2.2671466e-05
39041,174,2.944856e-05
39041,175,4.1930765e-05
39041,176,7.6952e-05
39041,177,0.00012416043
39041,178,0.00012626674
39041,179,0.00012218296
39041,180,0.000115896044
39041,181,0.000116432784
39041,182,0.000116083145
39041,183,8.5294574e-05
39041,184,5.7819838e-05
39041,185,0.0001002505
39041,186,0.000106071864
39041,187,8.505816e-05
39041,188,6.3275584e-05
39041,189,5.9907554e-05
39041,190,9.0600326e-05
39041,191,4.562123e-05
39041,192,1.813516e-05
39041,193,7.4826526e-06
39041,194,8.468022e-06
39041,195,1.1794764e-05
39041,196,2.9087614e-05
39041,197,4.2288342e-05
39041,198,4.2110063e-05
39041,199,4.9142305e-05
39041,200,7.713755e-05
39041,201,8.918396e-05
39041,202,9.041173e-05
39041,203,8.103979e-05
39041,204,0.00012178972
39041,205,0.00016957702
39041,206,0.00023353526
39041,207,0.00021826863
39041,208,0.00023948967
39041,209,0.00015888158
39041,210,0.00011005786
39041,211,5.192587e-05
39041,212,3.5743797e-05
39041,213,2.3925137e-05
39041,214,4.3233937e-05
39041,215,1.818776e-05
39043,73,0.03316593
39043,74,0.034220636
39043,75,0.032277558
39043,76,0.030238789
39043,77,0.028800987
39043,78,0.027617417
39043,79,0.026214637
39043,80,0.02430066
39043,81,0.02211679
39043,82,0.01980092
39043,83,0.017633066
39043,84,0.015874295
39043,85,0.013491494
39043,86,0.011954475
39043,87,0.010906075
39043,88,0.009269161
39043,89,0.0076424885
39043,90,0.006236775
39043,91,0.005571487
39043,92,0.0050707893
39043,93,0.004795313
39043,94,0.004370241
39043,95,0.004453732
39043,96,0.004483138
39043,97,0.0041493783
39043,98,0.0040626535
39043,99,0.003784895
39043,100,0.0034611395
39043,101,0.003245788
39043,102,0.0029718876
39043,103,0.0024577456
39043,104,0.0020766691
39043,105,0.0016803996
39043,106,0.0018917255
39043,107,0.0023706483
39043,108,0.0026028994
39043,109,0.0030563928
39043,110,0.003112123
39043,111,0.0032276127
39043,112,0.0031417129
39043,113,0.0027728542
39043,114,0.0027091692
39043,115,0.0026153072
39043,116,0.002443735
39043,117,0.0022900705
39043,118,0.0018187921
39043,119,0.0013287643
39043,120,0.00169015
39043,121,0.0016934699
39043,122,0.0020834387
39043,123,0.0028386435
39043,124,0.0041607562
39043,125,0.0040068687
39043,126,0.0038747827
39043,127,0.004096534
39043,128,0.0038578392
39043,129,0.0034228608
39043,130,0.0029357565
39043,131,0.002678022
39043,132,0.00241896
39043,133,0.0022657812
39043,134,0.0021649986
39043,135,0.0020810375
39043,136,0.0020619433
39043,137,0.001884629
39043,138,0.0017480765
39043,139,0.0015956111
39043,140,0.0015233398
39043,141,0.0011535764
39043,142,0.0010122361
39043,143,0.00079848076
39043,144,0.00085591635
39043,145,0.00073986314
39043,146,0.0008701089
39043,147,0.0009841189
39043,148,0.000961053
39043,149,0.001069443
39043,150,0.0010306119
39043,151,0.00085656415
39043,152,0.0006750604
39043,153,0.00070046814
39043,154,0.00066024775
39043,155,0.0006397032
39043,156,0.0007372559
39043,157,0.00072985096
39043,158,0.0005613244
39043,159,0.0003774338
39043,160,0.00025148122
39043,161,0.00016018248
39043,162,0.00011686838
39043,163,9.1710885e-05
39043,164,6.484269e-05
39043,165,4.862753e-05
39043,166,4.3529308e-05
39043,167,4.7901383e-05
39043,168,3.2060387e-05
39043,169,1.964352e-05
39043,170,2.1888993e-05
39043,171,2.3845902e-05
39043,172,3.1749467e-05
39043,173,4.074987e-05
39043,174,4.9600876e-05
39043,175,5.8778034e-05
39043,176,7.1582246e-05
39043,177,8.0326936e-05
39043,178,8.058835e-05
39043,179,7.981769e-05
39043,180,7.1612914e-05
39043,181,5.86691e-05
39043,182,5.2057585e-05
39043,183,4.671156e-05
39043,184,4.48428e-05
39043,185,3.9245697e-05
39043,186,2.608455e-05
39043,187,1.736917e-05
39043,188,1.3640089e-05
39043,189,7.8724315e-06
39043,190,8.04498e-06
39043,191,5.5641735e-06
39043,192,3.1640873e-06
39043,193,3.127477e-06
39043,194,5.0324697e-06
39043,195,6.8310665e-06
39043,196,1.248664e-05
39043,197,1.8251654e-05
39043,198,2.5397363e-05
39043,199,2.5282383e-05
39043,200,2.3821021e-05
39043,201,2.5749432e-05
39043,202,1.3684192e-05
39043,203,7.894629e-06
39043,204,9.7011025e-06
39043,205,1.8791849e-05
39043,206,2.4370627e-05
39043,207,2.8767063e-05
39043,208,7.677055e-06
39043,209,3.0469166e-06
39043,210,7.6337494e-07
39043,211,3.2939926e-07
39043,212,3.501928e-06
39043,213,6.9243597e-06
39043,214,1.1966841e-05
39043,215,1.4103089e-05
39047,73,0.0073874663
39047,74,0.007102768
39047,75,0.007019334
39047,76,0.0065239193
39047,77,0.0060501914
39047,78,0.005528264
39047,79,0.0049428116
39047,80,0.0044913115
39047,81,0.0032307091
39047,82,0.0027900753
39047,83,0.0022827373
39047,84,0.0020648853
39047,85,0.0019470386
39047,86,0.0018899989
39047,87,0.0019033055
39047,88,0.001586113
39047,89,0.0011091358
39047,90,0.0008964482
39047,91,0.0007789775
39047,92,0.00073860027
39047,93,0.00069529033
39047,94,0.0006968624
39047,95,0.00060068804
39047,96,0.00058814284
39047,97,0.0006292052
39047,98,0.00062695035
39047,99,0.00060599344
39047,100,0.0006220661
39047,101,0.000532949
39047,102,0.00042396606
39047,103,0.0003579702
39047,104,0.00040473492
39047,105,0.0003756093
39047,106,0.0003503729
39047,107,0.00040059193
39047,108,0.00053423335
39047,109,0.00094196404
39047,110,0.001349036
39047,111,0.0016721888
39047,112,0.0015974733
39047,113,0.001671093
39047,114,0.0015447931
39047,115,0.0013751327
39047,116,0.0012255508
39047,117,0.0010189086
39047,118,0.0007003688
39047,119,0.00044452975
39047,120,0.00028390833
39047,121,0.00021033942
39047,122,0.00026722913
39047,123,0.00039381348
39047,124,0.00042989955
39047,125,0.0005972172
39047,126,0.0008801415
39047,127,0.0009609302
39047,128,0.00091206527
39047,129,0.0007379568
39047,130,0.0006434928
39047,131,0.0006354788
39047,132,0.00057827454
39047,133,0.0004590869
39047,134,0.00044174437
39047,135,0.0004742447
39047,136,0.00042512605
39047,137,0.00026219393
39047,138,0.00024278229
39047,139,0.00022482731
39047,140,0.00024602356
39047,141,0.00020525126
39047,142,0.0002198275
39047,143,0.00017148379
39047,144,0.00014253371
39047,145,0.000133418
39047,146,0.00011597586
39047,147,0.00010779115
39047,148,0.0001246158
39047,149,0.0001404369
39047,150,0.00015433942
39047,151,0.00019721789
39047,152,0.0002603346
39047,153,0.0002602403
39047,154,0.00023425795
39047,155,0.0002315423
39047,156,0.00017476107
39047,157,0.00017092771
39047,158,0.0001259306
39047,159,0.00011010756
39047,160,8.747125e-05
39047,161,4.5094766e-05
39047,162,2.8210694e-05
39047,163,1.640771e-05
39047,164,1.034339e-05
39047,165,1.08046215e-05
39047,166,1.25003435e-05
39047,167,1.1462926e-05
39047,168,1.9223044e-05
39047,169,9.553624e-06
39047,170,2.913463e-05
39047,171,4.6559504e-05
39047,172,4.0190705e-05
39047,173,5.4001586e-05
39047,174,7.593501e-05
39047,175,0.00010292833
39047,176,0.00016051004
39047,177,0.00019290087
39047,178,0.00019473536
39047,179,0.00019617064
39047,180,0.00018882091
39047,181,0.0001539698
39047,182,0.00012171903
39047,183,8.923218e-05
39047,184,5.568003e-05
39047,185,4.0003844e-05
39047,186,2.4044102e-05
39047,187,1.4634737e-05
39047,188,1.1326133e-05
39047,189,1.1499427e-05
39047,190,1.237146e-05
39047,191,1.1061911e-05
39047,192,1.1097477e-05
39047,193,1.0903966e-05
39047,194,9.134687e-06
39047,195,1.8160174e-05
39047,196,2.124098e-05
39047,197,3.0860545e-05
39047,198,3.532266e-05
39047,199,3.837637e-05
39047,200,5.1183997e-05
39047,201,7.356266e-05
39047,202,8.196533e-05
39047,203,7.6913595e-05
39047,204,6.6190514e-05
39047,205,7.146915e-05
39047,206,9.229341e-05
39047,207,9.7021424e-05
39047,208,5.7724403e-05
39047,209,1.8261135e-05
39047,210,1.14562945e-05
39047,211,1.7019058e-05
39047,212,2.205865e-05
39047,213,3.916506e-05
39047,214,5.1216626e-05
39047,215,3.302966e-05
39057,73,0.022699527
39057,74,0.023950204
39057,75,0.024387473
39057,76,0.023513606
39057,77,0.022678083
39057,78,0.021021355
39057,79,0.018961983
39057,80,0.017282872
39057,81,0.014066987
39057,82,0.012795635
39057,83,0.010574255
39057,84,0.009671839
39057,85,0.009200542
39057,86,0.008826234
39057,87,0.008142876
39057,88,0.0064984756
39057,89,0.004957079
39057,90,0.0039545707
39057,91,0.0033390066
39057,92,0.0030775648
39057,93,0.0027404616
39057,94,0.002551935
39057,95,0.0023835374
39057,96,0.0022322296
39057,97,0.0021666514
39057,98,0.0018261244
39057,99,0.0015203428
39057,100,0.001341267
39057,101,0.0011633047
39057,102,0.0010027452
39057,103,0.0010203561
39057,104,0.0010379001
39057,105,0.00121375
39057,106,0.0015756391
39057,107,0.0025040486
39057,108,0.0030423293
39057,109,0.0037172844
39057,110,0.003944384
39057,111,0.004011625
39057,112,0.0037501217
39057,113,0.0037388906
39057,114,0.0035661412
39057,115,0.003548733
39057,116,0.0034285858
39057,117,0.0033418306
39057,118,0.002938318
39057,119,0.0027693836
39057,120,0.002360263
39057,121,0.0022968026
39057,122,0.0026593497
39057,123,0.00249354
39057,124,0.0030777857
39057,125,0.003305693
39057,126,0.0030711773
39057,127,0.0029958508
39057,128,0.002809926
39057,129,0.0024922842
39057,130,0.0022744925
39057,131,0.0023482256
39057,132,0.0020286425
39057,133,0.0017176182
39057,134,0.0016371448
39057,135,0.0012185485
39057,136,0.0009691588
39057,137,0.0007355975
39057,138,0.0007325658
39057,139,0.0005841331
39057,140,0.0005374715
39057,141,0.00054040615
39057,142,0.0004338011
39057,143,0.00035796937
39057,144,0.00035189063
39057,145,0.0002607848
39057,146,0.00022677929
39057,147,0.00022103071
39057,148,0.00024460143
39057,149,0.00021575968
39057,150,0.00024458402
39057,151,0.00025934482
39057,152,0.00029170705
39057,153,0.00030448003
39057,154,0.00030493335
39057,155,0.00036733624
39057,156,0.00039544958
39057,157,0.0004030368
39057,158,0.00026677691
39057,159,0.00016404563
39057,160,0.00010941796
39057,161,0.00010700494
39057,162,3.3498338e-05
39057,163,1.5384345e-05
39057,164,1.339505e-05
39057,165,1.425285e-05
39057,166,5.8977243e-06
39057,167,1.3594334e-05
39057,168,9.97917e-05
39057,169,2.4193518e-05
39057,170,1.7753771e-05
39057,171,2.176935e-05
39057,172,2.6922335e-05
39057,173,4.4332883e-05
39057,174,5.7043755e-05
39057,175,0.000101354
39057,176,0.00014098115
39057,177,0.00018517478
39057,178,0.00016852209
39057,179,0.00014368346
39057,180,0.00012926846
39057,181,0.00015083
39057,182,0.00015540734
39057,183,0.00013842985
39057,184,0.000111464935
39057,185,0.00012204398
39057,186,0.00015776436
39057,187,0.000160066
39057,188,0.00013916375
39057,189,9.483078e-05
39057,190,0.00012729036
39057,191,0.00010197997
39057,192,5.2389838e-05
39057,193,3.7969825e-05
39057,194,3.9988463e-05
39057,195,5.8794903e-05
39057,196,9.699535e-05
39057,197,0.00012445878
39057,198,0.000118675554
39057,199,0.00012544561
39057,200,0.00015189109
39057,201,0.00020435592
39057,202,0.0001933522
39057,203,0.0001417079
39057,204,0.00012696463
39057,205,0.00012290302
39057,206,8.655809e-05
39057,207,9.3551826e-05
39057,208,8.684407e-05
39057,209,4.655526e-05
39057,210,1.9639308e-05
39057,211,1.317664e-05
39057,212,1.7942948e-05
39057,213,1.8580728e-05
39057,214,1.762608e-05
39057,215,8.011247e-06
39067,73,0.21694727
39067,74,0.23001198
39067,75,0.2313327
39067,76,0.22932556
39067,77,0.22603564
39067,78,0.22113487
39067,79,0.21587926
39067,80,0.20937182
39067,81,0.20152289
39067,82,0.19404119
39067,83,0.1859942
39067,84,0.17809494
39067,85,0.17120874
39067,86,0.16353709
39067,87,0.15458456
39067,88,0.14653781
39067,89,0.13599391
39067,90,0.12646164
39067,91,0.115207255
39067,92,0.1032197
39067,93,0.09618878
39067,94,0.090656616
39067,95,0.08699893
39067,96,0.08378434
39067,97,0.08001228
39067,98,0.07786037
39067,99,0.07572601
39067,100,0.07263368
39067,101,0.06951175
39067,102,0.06781777
39067,103,0.065408416
39067,104,0.062881395
39067,105,0.06096131
39067,106,0.06352458
39067,107,0.06173818
39067,108,0.05912842
39067,109,0.05811013
39067,110,0.05379111
39067,111,0.049158473
39067,112,0.04542788
39067,113,0.04464612
39067,114,0.043253265
39067,115,0.041029524
39067,116,0.039454147
39067,117,0.03609101
39067,118,0.033860996
39067,119,0.030261746
39067,120,0.028567683
39067,121,0.026540127
39067,122,0.024749754
39067,123,0.023927068
39067,124,0.022875326
39067,125,0.024004767
39067,126,0.02530853
39067,127,0.023999546
39067,128,0.024528062
39067,129,0.02567275
39067,130,0.023073152
39067,131,0.023516852
39067,132,0.021454265
39067,133,0.019167554
39067,134,0.018655654
39067,135,0.016032454
39067,136,0.013655197
39067,137,0.010702285
39067,138,0.008832254
39067,139,0.008028422
39067,140,0.0076313703
39067,141,0.006520502
39067,142,0.0067380164
39067,143,0.0062570064
39067,144,0.00612691
39067,145,0.0056891697
39067,146,0.0049141706
39067,147,0.00522145
39067,148,0.0056951125
39067,149,0.0055531026
39067,150,0.005443513
39067,151,0.0062246365
39067,152,0.005635666
39067,153,0.005885399
39067,154,0.0050508906
39067,155,0.0051406105
39067,156,0.0047742594
39067,157,0.0036811861
39067,158,0.0029736413
39067,159,0.002495364
39067,160,0.0016794025
39067,161,0.0013695427
39067,162,0.0012508685
39067,163,0.0011369616
39067,164,0.00080177316
39067,165,0.0007509387
39067,166,0.0006843007
39067,167,0.00067141897
39067,168,0.0005239764
39067,169,0.00048375173
39067,170,0.00025016646
39067,171,0.00019532802
39067,172,0.0002007317
39067,173,0.00019349165
39067,174,0.00018940106
39067,175,0.00018660104
39067,176,0.00029191107
39067,177,0.00037477064
39067,178,0.0005215056
39067,179,0.0004756086
39067,180,0.00038415033
39067,181,0.00037071307
39067,182,0.000370369
39067,183,0.0003409274
39067,184,0.00016567721
39067,185,7.83108e-05
39067,186,5.3722524e-05
39067,187,3.0877665e-05
39067,188,5.3701e-06
39067,189,0.0
39067,190,0.0
39067,191,0.0
39067,192,0.0
39067,193,0.0
39067,194,4.1972495e-08
39067,195,4.975686e-07
39067,196,2.3606337e-06
39067,197,9.337032e-06
39067,198,1.9122088e-05
39067,199,3.790698e-05
39067,200,4.9628852e-05
39067,201,8.115903e-05
39067,202,0.0001300397
39067,203,0.00016927878
39067,204,0.00022725643
39067,205,0.00023625875
39067,206,0.00018536727
39067,207,9.9642566e-05
39067,208,4.85263e-05
39067,209,1.736142e-05
39067,210,3.0984886e-06
39067,211,2.7436313e-06
39067,212,1.16031e-05
39067,213,1.8365867e-05
39067,214,4.8104903e-05
39067,215,5.788512e-05
39071,73,0.0034035626
39071,74,0.0025520376
39071,75,0.0021822075
39071,76,0.0019835965
39071,77,0.0018294244
39071,78,0.001117051
39071,79,0.00058825174
39071,80,0.0005903871
39071,81,0.0008132465
39071,82,0.00073444773
39071,83,0.0005889999
39071,84,0.0006198114
39071,85,0.00063758023
39071,86,0.0006123653
39071,87,0.00058391894
39071,88,0.00054851134
39071,89,0.00047021775
39071,90,0.0004918556
39071,91,0.00048110235
39071,92,0.00047980587
39071,93,0.00051719014
39071,94,0.0005094453
39071,95,0.000504609
39071,96,0.0005598905
39071,97,0.00049539906
39071,98,0.00045453143
39071,99,0.00037730474
39071,100,0.0003298794
39071,101,0.00024955173
39071,102,0.00018242733
39071,103,0.00013942068
39071,104,0.00016172731
39071,105,0.00027234046
39071,106,0.0003437395
39071,107,0.00052855624
39071,108,0.0012198633
39071,109,0.0026356182
39071,110,0.0031536103
39071,111,0.0037762776
39071,112,0.0034293588
39071,113,0.0033963416
39071,114,0.0032452566
39071,115,0.0027935014
39071,116,0.0023606385
39071,117,0.0016392659
39071,118,0.0011587288
39071,119,0.0008375156
39071,120,0.0006990058
39071,121,0.00070407055
39071,122,0.0009728232
39071,123,0.0017713113
39071,124,0.0015657251
39071,125,0.0015121596
39071,126,0.0016611171
39071,127,0.0017622926
39071,128,0.0015826029
39071,129,0.0010360104
39071,130,0.0008017033
39071,131,0.0007252742
39071,132,0.0006365555
39071,133,0.00041927295
39071,134,0.00052579795
39071,135,0.00057732005
39071,136,0.0005766945
39071,137,0.00034326385
39071,138,0.0003292342
39071,139,0.0002529016
39071,140,0.00017965291
39071,141,0.00018019689
39071,142,0.00018911817
39071,143,0.00018183322
39071,144,0.00016838864
39071,145,0.00020119666
39071,146,0.00025401913
39071,147,0.00035039574
39071,148,0.0004788813
39071,149,0.00053594913
39071,150,0.00083633326
39071,151,0.0011591425
39071,152,0.0010906284
39071,153,0.0007341583
39071,154,0.0004619211
39071,155,0.0004094586
39071,156,0.0003784943
39071,157,0.00037285165
39071,158,0.0003256698
39071,159,0.00025642902
39071,160,0.0002272969
39071,161,0.00021253222
39071,162,0.00022880844
39071,163,0.00021728908
39071,164,0.0002125447
39071,165,0.00028082618
39071,166,0.00032944942
39071,167,0.0003255401
39071,168,0.00033226292
39071,169,0.00026539984
39071,170,0.00021056307
39071,171,0.00016225934
39071,172,0.00012653173
39071,173,0.00012444059
39071,174,0.00014065449
39071,175,0.00019803604
39071,176,0.00030974395
39071,177,0.00030770316
39071,178,0.00024131239
39071,179,0.00022625519
39071,180,0.0001455978
39071,181,9.835205e-05
39071,182,0.00010102668
39071,183,7.553058e-05
39071,184,7.192718e-05
39071,185,5.3142947e-05
39071,186,6.692108e-05
39071,187,5.819985e-05
39071,188,5.072899e-05
39071,189,4.6976456e-05
39071,190,9.0278525e-05
39071,191,9.0041605e-05
39071,192,3.2060158e-05
39071,193,2.46289e-05
39071,194,1.8069934e-05
39071,195,2.5517551e-05
39071,196,4.590368e-05
39071,197,4.9298094e-05
39071,198,3.670405e-05
39071,199,3.920766e-05
39071,200,3.565129e-05
39071,201,3.6719382e-05
39071,202,2.719338e-05
39071,203,2.0980106e-05
39071,204,1.3413595e-05
39071,205,1.893197e-05
39071,206,3.1359683e-05
39071,207,5.7249494e-05
39071,208,5.0582712e-05
39071,209,3.392438e-05
39071,210,1.9753303e-05
39071,211,1.37459565e-05
39071,212,2.1204653e-05
39071,213,3.7020247e-05
39071,214,4.796305e-05
39071,215,3.2193046e-05
39079,73,0.0035813816
39079,74,0.0024108964
39079,75,0.00227106
39079,76,0.0023514407
39079,77,0.0027447483
39079,78,0.0023206107
39079,79,0.001771375
39079,80,0.0021518886
39079,81,0.0026903138
39079,82,0.0028292686
39079,83,0.0024598094
39079,84,0.00241953
39079,85,0.002042848
39079,86,0.0020874878
39079,87,0.0018494444
39079,88,0.0016454874
39079,89,0.0012336153
39079,90,0.0010092382
39079,91,0.0009368044
39079,92,0.00083832175
39079,93,0.0009739242
39079,94,0.0010051033
39079,95,0.0010075223
39079,96,0.0009571034
39079,97,0.0009745423
39079,98,0.001008508
39079,99,0.0009203463
39079,100,0.00088647
39079,101,0.00084905647
39079,102,0.00075566897
39079,103,0.0006035759
39079,104,0.00047608424
39079,105,0.000948151
39079,106,0.001309645
39079,107,0.0016701226
39079,108,0.0020617316
39079,109,0.0024015075
39079,110,0.0026774073
39079,111,0.0028942516
39079,112,0.0027986157
39079,113,0.0025349504
39079,114,0.0023959372
39079,115,0.0019850559
39079,116,0.0014358556
39079,117,0.0011104746
39079,118,0.0009502242
39079,119,0.00084646186
39079,120,0.0006386744
39079,121,0.0005824199
39079,122,0.00047277744
39079,123,0.00050725683
39079,124,0.00096642156
39079,125,0.0012915189
39079,126,0.0012206152
39079,127,0.0012988092
39079,128,0.0017755866
39079,129,0.0016963055
39079,130,0.0016674765
39079,131,0.001355929
39079,132,0.000964877
39079,133,0.00062501436
39079,134,0.00054733845
39079,135,0.00065994856
39079,136,0.00089935027
39079,137,0.001338485
39079,138,0.0017150966
39079,139,0.0019901795
39079,140,0.0014481507
39079,141,0.0010872396
39079,142,0.00077860465
39079,143,0.000703338
39079,144,0.0006108386
39079,145,0.00056644843
39079,146,0.0005816856
39079,147,0.00056820095
39079,148,0.00055736065
39079,149,0.000617185
39079,150,0.0008454163
39079,151,0.0010918245
39079,152,0.0009996251
39079,153,0.00080490776
39079,154,0.0007471879
39079,155,0.00064076093
39079,156,0.0005574392
39079,157,0.00044477638
39079,158,0.00030525192
39079,159,0.00024087838
39079,160,0.00021668657
39079,161,0.00018627124
39079,162,0.000148697
39079,163,0.00012617257
39079,164,8.4299405e-05
39079,165,0.00019001761
39079,166,0.0003273197
39079,167,0.00039480496
39079,168,0.00038934228
39079,169,0.00020510318
39079,170,0.00015113351
39079,171,0.00014368215
39079,172,0.00013900243
39079,173,0.00014164014
39079,174,0.00014997761
39079,175,0.00014084892
39079,176,0.00025455258
39079,177,0.00028906748
39079,178,0.00033972063
39079,179,0.00031086244
39079,180,0.00025880328
39079,181,0.00017079296
39079,182,0.0001448989
39079,183,0.00010945822
39079,184,0.00013621023
39079,185,0.000134219
39079,186,0.000116191804
39079,187,6.792568e-05
39079,188,0.00010483791
39079,189,0.00016691684
39079,190,9.8921235e-05
39079,191,7.15354e-05
39079,192,3.33576e-05
39079,193,2.8081506e-05
39079,194,3.8481012e-05
39079,195,8.7154796e-05
39079,196,0.00013601761
39079,197,0.00015435083
39079,198,0.00015329849
39079,199,0.00015911249
39079,200,0.00017045099
39079,201,0.00018148359
39079,202,0.00012256845
39079,203,7.520826e-05
39079,204,7.370425e-05
39079,205,0.00010153375
39079,206,0.00011802199
39079,207,0.0001481466
39079,208,0.00016185583
39079,209,0.00014948461
39079,210,0.00011887058
39079,211,8.62909e-05
39079,212,9.875718e-05
39079,213,9.547021e-05
39079,214,0.00010072197
39079,215,8.793387e-05
39083,73,0.23709787
39083,74,0.24206191
39083,75,0.24036382
39083,76,0.23705313
39083,77,0.23382212
39083,78,0.22754245
39083,79,0.22229476
39083,80,0.2153515
39083,81,0.20915544
39083,82,0.20140122
39083,83,0.19355783
39083,84,0.1862941
39083,85,0.17669393
39083,86,0.16861151
39083,87,0.16060872
39083,88,0.15054119
39083,89,0.1427075
39083,90,0.13118856
39083,91,0.12186981
39083,92,0.11209434
39083,93,0.1071141
39083,94,0.10132409
39083,95,0.09484703
39083,96,0.09096095
39083,97,0.08723176
39083,98,0.08276537
39083,99,0.08040463
39083,100,0.07895948
39083,101,0.07707893
39083,102,0.07518975
39083,103,0.0726695
39083,104,0.0686708
39083,105,0.06492397
39083,106,0.0631848
39083,107,0.060256038
39083,108,0.058031764
39083,109,0.05342672
39083,110,0.049476933
39083,111,0.046960026
39083,112,0.046423804
39083,113,0.043881282
39083,114,0.040100522
39083,115,0.037251066
39083,116,0.032712065
39083,117,0.0307883
39083,118,0.027450943
39083,119,0.025789976
39083,120,0.023895476
39083,121,0.022442538
39083,122,0.021596996
39083,123,0.02183596
39083,124,0.024694636
39083,125,0.023165883
39083,126,0.026238482
39083,127,0.02782849
39083,128,0.02739769
39083,129,0.025299177
39083,130,0.022546852
39083,131,0.02030266
39083,132,0.021470979
39083,133,0.017711377
39083,134,0.015289697
39083,135,0.014721952
39083,136,0.012904018
39083,137,0.011003367
39083,138,0.00933032
39083,139,0.0064894273
39083,140,0.0051058885
39083,141,0.004904937
39083,142,0.0041282414
39083,143,0.0036606684
39083,144,0.0031923149
39083,145,0.0030782002
39083,146,0.002681571
39083,147,0.0027799183
39083,148,0.00275078
39083,149,0.0029073264
39083,150,0.003173975
39083,151,0.0030516824
39083,152,0.003106324
39083,153,0.0032181456
39083,154,0.0029862663
39083,155,0.002790941
39083,156,0.0022928126
39083,157,0.0017382003
39083,158,0.001386916
39083,159,0.0011613556
39083,160,0.00091392937
39083,161,0.0006639374
39083,162,0.0004917094
39083,163,0.00042438612
39083,164,0.00037367185
39083,165,0.00035210562
39083,166,0.00028783327
39083,167,0.00021149112
39083,168,0.00022665104
39083,169,0.00020612801
39083,170,0.00023695601
39083,171,0.00021610806
39083,172,0.00024154325
39083,173,0.0002690915
39083,174,0.00028262715
39083,175,0.00026995415
39083,176,0.0002923241
39083,177,0.00033800394
39083,178,0.0003350059
39083,179,0.00029301288
39083,180,0.00030498035
39083,181,0.00029549032
39083,182,0.00021846467
39083,183,0.00018763574
39083,184,0.00012259137
39083,185,0.0001031806
39083,186,8.543964e-05
39083,187,4.5641264e-05
39083,188,1.0397623e-05
39083,189,2.1652708e-08
39083,190,6.970765e-08
39083,191,8.4500056e-07
39083,192,2.9248297e-06
39083,193,3.1651286e-06
39083,194,3.903195e-06
39083,195,8.117935e-06
39083,196,2.0700465e-05
39083,197,5.1964693e-05
39083,198,0.000113448164
39083,199,0.000111994865
39083,200,0.00019530758
39083,201,0.00021703928
39083,202,0.00024212917
39083,203,0.00031007855
39083,204,0.0002882153
39083,205,0.00022230043
39083,206,0.00021312364
39083,207,0.00016010673
39083,208,0.00012723652
39083,209,8.787131e-05
39083,210,7.807815e-05
39083,211,1.4648927e-05
39083,212,3.1236515e-05
39083,213,5.2218602e-05
39083,214,3.826759e-05
39083,215,3.7188347e-05
42001,73,0.0012049442
42001,74,0.00095601997
42001,75,0.0011766003
42001,76,0.0013682683
42001,77,0.0013845233
42001,78,0.0014888368
42001,79,0.0021051907
42001,80,0.0033277017
42001,81,0.0039887084
42001,82,0.0040782443
42001,83,0.0036816385
42001,84,0.003010228
42001,85,0.0025868628
42001,86,0.0020044516
42001,87,0.0016243531
42001,88,0.0011295152
42001,89,0.00094459625
42001,90,0.0007705394
42001,91,0.00031892973
42001,92,0.00019381849
42001,93,0.00013208463
42001,94,5.8157133e-05
42001,95,2.0416232e-05
42001,96,3.4917375e-05
42001,97,2.5993044e-05
42001,98,4.9586816e-07
42001,99,4.974498e-07
42001,100,1.0336651e-06
42001,101,7.8309695e-06
42001,102,1.9939323e-05
42001,103,2.6067284e-05
42001,104,5.622178e-05
42001,105,6.6773704e-05
42001,106,0.00013472853
42001,107,0.00015974371
42001,108,0.00013923875
42001,109,0.0001570546
42001,110,9.453795e-05
42001,111,5.7204325e-05
42001,112,4.647139e-05
42001,113,5.7557387e-05
42001,114,9.709105e-05
42001,115,6.966605e-05
42001,116,0.00010542256
42001,117,0.00018078512
42001,118,0.00030031224
42001,119,0.00021167075
42001,120,0.00020657243
42001,121,0.00027981013
42001,122,0.00034310998
42001,123,0.0001710704
42001,124,0.00011913828
42001,125,0.00010108658
42001,126,8.101325e-05
42001,127,0.00014361757
42001,128,0.00010506372
42001,129,0.00019598714
42001,130,0.0002375477
42001,131,0.0002779252
42001,132,0.00037232507
42001,133,0.0003317849
42001,134,0.00020447302
42001,135,0.000115987736
42001,136,6.592736e-05
42001,137,0.0002890066
42001,138,0.00031683443
42001,139,0.00074289145
42001,140,0.0025295618
42001,141,0.0031955065
42001,142,0.00409288
42001,143,0.0047055148
42001,144,0.004804846
42001,145,0.0046410346
42001,146,0.0042384355
42001,147,0.0041848556
42001,148,0.0045689926
42001,149,0.004589333
42001,150,0.004772619
42001,151,0.004627392
42001,152,0.0042641712
42001,153,0.0035737655
42001,154,0.0032218995
42001,155,0.0027097675
42001,156,0.0023643053
42001,157,0.0018697266
42001,158,0.00170543
42001,159,0.0017103248
42001,160,0.0016465973
42001,161,0.0014246781
42001,162,0.0014177077
42001,163,0.00130508
42001,164,0.00072744803
42001,165,0.00052151905
42001,166,0.00043540527
42001,167,0.00040157122
42001,168,0.00036339115
42001,169,0.00040192454
42001,170,0.0003214428
42001,171,0.00030575003
42001,172,0.0003255598
42001,173,0.00029620985
42001,174,0.00026250287
42001,175,0.00019121771
42001,176,0.00022570975
42001,177,0.00029283276
42001,178,0.00035088
42001,179,0.00035840523
42001,180,0.00037515565
42001,181,0.00035736262
42001,182,0.00033307305
42001,183,0.0002947495
42001,184,0.00028741424
42001,185,0.0002782937
42001,186,0.00020946117
42001,187,9.718553e-05
42001,188,7.800208e-05
42001,189,6.3316504e-05
42001,190,7.108808e-05
42001,191,4.849516e-05
42001,192,5.4970435e-05
42001,193,5.402308e-05
42001,194,7.8438374e-05
42001,195,0.00012620323
42001,196,0.0001330544
42001,197,0.00015623026
42001,198,0.0001381701
42001,199,0.0001281717
42001,200,0.000116154675
42001,201,8.38836e-05
42001,202,4.1812564e-05
42001,203,2.2350303e-05
42001,204,1.7258542e-05
42001,205,2.284677e-05
42001,206,2.6460271e-05
42001,207,4.5807068e-05
42001,208,6.549372e-05
42001,209,4.707041e-05
42001,210,3.0798903e-05
42001,211,3.0744737e-05
42001,212,3.407292e-05
42001,213,3.8842252e-05
42001,214,5.3172334e-05
42001,215,5.625472e-05
42003,73,0.10470304
42003,74,0.10886901
42003,75,0.110922724
42003,76,0.10987082
42003,77,0.108548306
42003,78,0.10555694
42003,79,0.10390301
42003,80,0.102461964
42003,81,0.098873354
42003,82,0.09567645
42003,83,0.092600435
42003,84,0.08961874
42003,85,0.08734407
42003,86,0.0840508
42003,87,0.079624236
42003,88,0.075578675
42003,89,0.0718028
42003,90,0.06666779
42003,91,0.058051992
42003,92,0.052286323
42003,93,0.049511626
42003,94,0.046208173
42003,95,0.044311643
42003,96,0.04362537
42003,97,0.0417034
42003,98,0.040628057
42003,99,0.040039677
42003,100,0.038838126
42003,101,0.03736101
42003,102,0.03644802
42003,103,0.035464477
42003,104,0.033077314
42003,105,0.032471254
42003,106,0.03138384
42003,107,0.0300762
42003,108,0.029414857
42003,109,0.02751337
42003,110,0.02607362
42003,111,0.025401356
42003,112,0.02436383
42003,113,0.023722962
42003,114,0.022208424
42003,115,0.020809779
42003,116,0.01941743
42003,117,0.018180743
42003,118,0.01745816
42003,119,0.017324917
42003,120,0.017003573
42003,121,0.017290706
42003,122,0.01724028
42003,123,0.016776282
42003,124,0.016342638
42003,125,0.015466118
42003,126,0.014852152
42003,127,0.016635053
42003,128,0.016968371
42003,129,0.015934013
42003,130,0.014437102
42003,131,0.014143092
42003,132,0.013575331
42003,133,0.012602332
42003,134,0.011182206
42003,135,0.0104416385
42003,136,0.0091097215
42003,137,0.008856551
42003,138,0.005714713
42003,139,0.0045460095
42003,140,0.003978784
42003,141,0.003411587
42003,142,0.0022160113
42003,143,0.0019905767
42003,144,0.0021025478
42003,145,0.0022858432
42003,146,0.0026062198
42003,147,0.0026247797
42003,148,0.0028787162
42003,149,0.0030929286
42003,150,0.0030966403
42003,151,0.004069661
42003,152,0.0033632305
42003,153,0.0030708374
42003,154,0.0029449333
42003,155,0.0027884743
42003,156,0.0027870608
42003,157,0.0024941445
42003,158,0.0022998643
42003,159,0.0020633272
42003,160,0.0023624427
42003,161,0.0017658734
42003,162,0.0012832743
42003,163,0.0011056096
42003,164,0.00090445095
42003,165,0.00085841387
42003,166,0.00069851585
42003,167,0.0006099708
42003,168,0.000709004
42003,169,0.00074687245
42003,170,0.0005708952
42003,171,0.00048922194
42003,172,0.0005133098
42003,173,0.0006032018
42003,174,0.0005459824
42003,175,0.00055940135
42003,176,0.0005936377
42003,177,0.00061644806
42003,178,0.00074802
42003,179,0.00073898345
42003,180,0.0007449431
42003,181,0.00074441085
42003,182,0.00073013565
42003,183,0.00077204563
42003,184,0.0007137094
42003,185,0.0005444183
42003,186,0.00047967862
42003,187,0.00033545392
42003,188,0.00027143874
42003,189,0.00018513313
42003,190,0.00015545085
42003,191,0.00013099266
42003,192,0.00011387547
42003,193,0.00012855548
42003,194,0.00015086406
42003,195,0.0002166152
42003,196,0.0003023012
42003,197,0.0003780498
42003,198,0.00047912862
42003,199,0.00050651375
42003,200,0.0006300498
42003,201,0.0006543928
42003,202,0.0005965279
42003,203,0.0005086541
42003,204,0.00047841255
42003,205,0.00061479164
42003,206,0.00065114634
42003,207,0.0007308455
42003,208,0.00069173536
42003,209,0.0007849274
42003,210,0.00077428226
42003,211,0.0005092447
42003,212,0.00033459382
42003,213,0.0002981683
42003,214,0.00043650647
42003,215,0.00037141368
42011,73,3.0013658e-05
42011,74,0.0
42011,75,0.0
42011,76,0.0
42011,77,0.0
42011,78,1.8300439e-07
42011,79,0.00016892118
42011,80,0.00046076308
42011,81,0.0008937144
42011,82,0.0010400191
42011,83,0.0012177733
42011,84,0.0013448982
42011,85,0.0012218544
42011,86,0.0013396986
42011,87,0.0012806519
42011,88,0.0012491284
42011,89,0.0011622625
42011,90,0.0010696518
42011,91,0.00078011135
42011,92,0.0007046412
42011,93,0.00057270675
42011,94,0.00042897853
42011,95,0.00019534309
42011,96,0.00021090472
42011,97,0.0001346289
42011,98,9.209181e-05
42011,99,3.872567e-05
42011,100,1.8254028e-05
42011,101,4.2278556e-05
42011,102,9.911048e-05
42011,103,0.00013001039
42011,104,0.00029853903
42011,105,0.00035778296
42011,106,0.00054997485
42011,107,0.00046348159
42011,108,0.00044440583
42011,109,0.00046709296
42011,110,0.00058051664
42011,111,0.00040228156
42011,112,0.0003357213
42011,113,0.00034326126
42011,114,0.0003960963
42011,115,0.00035138428
42011,116,0.00023149165
42011,117,0.00016367601
42011,118,0.00015459434
42011,119,0.00011421238
42011,120,7.7016244e-05
42011,121,0.0001064517
42011,122,6.635003e-05
42011,123,5.266975e-05
42011,124,5.159915e-05
42011,125,4.7398287e-05
42011,126,1.991715e-05
42011,127,8.154613e-06
42011,128,0.0
42011,129,0.0
42011,130,0.00039020847
42011,131,0.00021776863
42011,132,0.0005995506
42011,133,0.00096907857
42011,134,0.0012635435
42011,135,0.0013792074
42011,136,0.0014031072
42011,137,0.0013112068
42011,138,0.0013610211
42011,139,0.0015337787
42011,140,0.0016959565
42011,141,0.0025494448
42011,142,0.0054442817
42011,143,0.0065992908
42011,144,0.0065712905
42011,145,0.0069679664
42011,146,0.007095659
42011,147,0.0069302577
42011,148,0.0068587284
42011,149,0.006648029
42011,150,0.0062366934
42011,151,0.005625282
42011,152,0.0050696833
42011,153,0.0046037347
42011,154,0.0037616396
42011,155,0.0032535351
42011,156,0.0028837428
42011,157,0.0026656485
42011,158,0.0022387458
42011,159,0.0018001624
42011,160,0.001647471
42011,161,0.0013872717
42011,162,0.0012025337
42011,163,0.0010862363
42011,164,0.0009175098
42011,165,0.0007123583
42011,166,0.0005522934
42011,167,0.0005093449
42011,168,0.00040329967
42011,169,0.00039012785
42011,170,0.00037717237
42011,171,0.00039407078
42011,172,0.00038665935
42011,173,0.00022042565
42011,174,0.00015157911
42011,175,7.136739e-05
42011,176,0.00014198723
42011,177,8.224835e-05
42011,178,0.00014691718
42011,179,0.00013311961
42011,180,0.00015586484
42011,181,0.00014683249
42011,182,0.00019887311
42011,183,0.00022788152
42011,184,0.0001750083
42011,185,0.00020126806
42011,186,0.00016520261
42011,187,9.2165574e-05
42011,188,4.7448924e-05
42011,189,4.3193322e-05
42011,190,5.0447365e-05
42011,191,3.038084e-05
42011,192,1.1752111e-05
42011,193,1.6196743e-06
42011,194,1.8135742e-06
42011,195,4.986997e-06
42011,196,5.4887e-06
42011,197,4.1054996e-06
42011,198,5.899134e-06
42011,199,7.474808e-06
42011,200,3.879758e-06
42011,201,5.961818e-06
42011,202,6.681695e-06
42011,203,1.333765e-06
42011,204,0.0
42011,205,0.0
42011,206,0.0
42011,207,0.0
42011,208,0.0
42011,209,5.0356107e-07
42011,210,3.37253e-06
42011,211,1.5381444e-06
42011,212,4.8756497e-06
42011,213,7.3297815e-06
42011,214,5.7151615e-06
42011,215,2.9381326e-06
42017,73,5.8728397e-06
42017,74,0.0
42017,75,0.0
42017,76,0.0
42017,77,0.0
42017,78,0.0
42017,79,2.6362106e-06
42017,80,0.00041862606
42017,81,0.0009420743
42017,82,0.0013807457
42017,83,0.0016158129
42017,84,0.0016146473
42017,85,0.0015289232
42017,86,0.0015577476
42017,87,0.0015319018
42017,88,0.001380747
42017,89,0.0012525613
42017,90,0.0011934602
42017,91,0.0009708095
42017,92,0.00064025476
42017,93,0.0006539797
42017,94,0.00047541197
42017,95,0.0003008976
42017,96,0.00021533156
42017,97,0.00010807821
42017,98,7.249087e-05
42017,99,2.0074389e-05
42017,100,1.18396665e-05
42017,101,9.714971e-06
42017,102,6.9012544e-06
42017,103,3.906705e-06
42017,104,8.538519e-05
42017,105,8.25232e-05
42017,106,0.00012508736
42017,107,0.0001227498
42017,108,0.00016916754
42017,109,0.0001848997
42017,110,0.00016059972
42017,111,0.00013443927
42017,112,0.00014440603
42017,113,0.00012229185
42017,114,9.47382e-05
42017,115,0.00011745166
42017,116,9.923928e-05
42017,117,0.000100204365
42017,118,0.00010260127
42017,119,0.000101338075
42017,120,7.944794e-05
42017,121,6.500185e-05
42017,122,8.537102e-05
42017,123,0.000101182864
42017,124,0.00010040204
42017,125,0.00013553258
42017,126,6.870017e-05
42017,127,4.779595e-05
42017,128,7.252067e-05
42017,129,6.991577e-05
42017,130,7.111898e-05
42017,131,8.247243e-05
42017,132,9.9096505e-05
42017,133,0.00018932736
42017,134,0.00028679045
42017,135,0.000423035
42017,136,0.00047873709
42017,137,0.00042168316
42017,138,0.000419562
42017,139,0.00047570388
42017,140,0.00066092104
42017,141,0.00095428375
42017,142,0.002273407
42017,143,0.0060485513
42017,144,0.009186682
42017,145,0.009280962
42017,146,0.009935443
42017,147,0.010301696
42017,148,0.010478398
42017,149,0.009764089
42017,150,0.008918881
42017,151,0.008403063
42017,152,0.007903535
42017,153,0.0073074014
42017,154,0.0064473804
42017,155,0.0058479924
42017,156,0.0052568642
42017,157,0.0047990037
42017,158,0.0043007405
42017,159,0.0039471197
42017,160,0.0037385037
42017,161,0.0035388407
42017,162,0.003096719
42017,163,0.002751659
42017,164,0.002348924
42017,165,0.0020629324
42017,166,0.0017837004
42017,167,0.0013175829
42017,168,0.0010967205
42017,169,0.0010008573
42017,170,0.001048528
42017,171,0.001157701
42017,172,0.0011864275
42017,173,0.0009572578
42017,174,0.00055038434
42017,175,0.00063819654
42017,176,0.0007292561
42017,177,0.00083965965
42017,178,0.0008723468
42017,179,0.0008542306
42017,180,0.0006484512
42017,181,0.0005638549
42017,182,0.0004649782
42017,183,0.00045813556
42017,184,0.0004671538
42017,185,0.00039687703
42017,186,0.00035066318
42017,187,0.00016485702
42017,188,0.000119440854
42017,189,7.5655196e-05
42017,190,5.9882743e-05
42017,191,2.7220456e-05
42017,192,5.2159676e-06
42017,193,1.8658163e-06
42017,194,6.7015185e-07
42017,195,2.9610749e-06
42017,196,4.897553e-06
42017,197,6.955518e-06
42017,198,1.7216847e-05
42017,199,2.1161626e-05
42017,200,3.0417938e-05
42017,201,3.8413218e-05
42017,202,3.1088133e-05
42017,203,1.8676421e-05
42017,204,1.1118932e-05
42017,205,6.609762e-06
42017,206,8.8697146e-07
42017,207,2.252129e-06
42017,208,5.8450473e-06
42017,209,6.1414826e-06
42017,210,2.3032764e-05
42017,211,2.4668241e-05
42017,212,3.0175119e-05
42017,213,2.5799376e-05
42017,214,2.586149e-05
42017,215,2.1362554e-05
42037,73,0.00028096727
42037,74,0.0001477399
42037,75,0.00017202912
42037,76,0.00024282778
42037,77,0.0011346341
42037,78,0.0018909384
42037,79,0.0021835733
42037,80,0.002338198
42037,81,0.0021392393
42037,82,0.0021083348
42037,83,0.0021440734
42037,84,0.0021456517
42037,85,0.0022195769
42037,86,0.0019797226
42037,87,0.0016787781
42037,88,0.001807305
42037,89,0.0017071062
42037,90,0.0018314981
42037,91,0.0010861693
42037,92,0.00079587643
42037,93,0.0004565655
42037,94,0.00040492817
42037,95,0.00026111444
42037,96,0.0001564605
42037,97,0.00014247674
42037,98,0.000116319854
42037,99,0.000105692816
42037,100,0.00011596612
42037,101,0.0001660876
42037,102,0.00018044865
42037,103,0.00022127041
42037,104,0.00029144474
42037,105,0.0002511758
42037,106,0.000648217
42037,107,0.0007075726
42037,108,0.0011017806
42037,109,0.0008171988
42037,110,0.00090116163
42037,111,0.0009940882
42037,112,0.0011002478
42037,113,0.0011650482
42037,114,0.0012174682
42037,115,0.0017011128
42037,116,0.0017702557
42037,117,0.0015143902
42037,118,0.0015565075
42037,119,0.0014108298
42037,120,0.0012880381
42037,121,0.0011675761
42037,122,0.00119798
42037,123,0.0011457992
42037,124,0.001087852
42037,125,0.0008348969
42037,126,0.0006465403
42037,127,0.0005600651
42037,128,0.0005694639
42037,129,0.00088737963
42037,130,0.001201169
42037,131,0.0016000946
42037,132,0.0014615601
42037,133,0.0012708248
42037,134,0.0012807174
42037,135,0.0011862994
42037,136,0.0011171312
42037,137,0.00094920635
42037,138,0.0005981731
42037,139,0.00061032065
42037,140,0.0017850256
42037,141,0.0042618425
42037,142,0.0035771823
42037,143,0.0042906376
42037,144,0.0040837405
42037,145,0.00419951
42037,146,0.0037583231
42037,147,0.0037163594
42037,148,0.0029571396
42037,149,0.002903962
42037,150,0.0027165113
42037,151,0.0025822236
42037,152,0.0025231699
42037,153,0.0025570705
42037,154,0.002373943
42037,155,0.0019514465
42037,156,0.001504704
42037,157,0.0010346856
42037,158,0.0010159067
42037,159,0.0011481702
42037,160,0.0012270488
42037,161,0.0013426684
42037,162,0.0015011968
42037,163,0.0013885717
42037,164,0.0011881192
42037,165,0.0010163051
42037,166,0.0008959607
42037,167,0.0008798882
42037,168,0.00066736544
42037,169,0.00070869015
42037,170,0.0006573603
42037,171,0.00068360666
42037,172,0.0005262731
42037,173,0.00041556277
42037,174,0.00024936697
42037,175,5.3998396e-05
42037,176,5.3450087e-05
42037,177,0.00013361986
42037,178,0.0002432318
42037,179,0.00033406203
42037,180,0.0003980598
42037,181,0.0002877488
42037,182,0.00028658588
42037,183,0.00039859652
42037,184,0.00044910744
42037,185,0.00052959373
42037,186,0.00036571696
42037,187,0.00019878632
42037,188,0.00011147722
42037,189,5.880753e-05
42037,190,7.211022e-05
42037,191,8.532536e-05
42037,192,0.00014907043
42037,193,0.00020483529
42037,194,0.00018822732
42037,195,0.00018816176
42037,196,0.00022962058
42037,197,0.0002960855
42037,198,0.00026198168
42037,199,0.0003700393
42037,200,0.0005886547
42037,201,0.0005878443
42037,202,0.00050470425
42037,203,0.00042916517
42037,204,0.0002970209
42037,205,0.00019260289
42037,206,0.00013933722
42037,207,0.00014347442
42037,208,0.00018327059
42037,209,0.0001376903
42037,210,0.00017939953
42037,211,0.0001109424
42037,212,6.621398e-05
42037,213,0.0001261802
42037,214,0.000110912944
42037,215,5.839506e-05
42071,73,7.8863784e-05
42071,74,0.0
42071,75,0.0
42071,76,0.0
42071,77,1.835393e-05
42071,78,0.00023168274
42071,79,0.0006470813
42071,80,0.00065170357
42071,81,0.0008397552
42071,82,0.0009221697
42071,83,0.0011130822
42071,84,0.0012146333
42071,85,0.0011874002
42071,86,0.0012216173
42071,87,0.0013886236
42071,88,0.0013440256
42071,89,0.0012525916
42071,90,0.0010746669
42071,91,0.0005511207
42071,92,0.00044987944
42071,93,0.00038664546
42071,94,0.0003420089
42071,95,0.00029667965
42071,96,0.000104666164
42071,97,4.2270698e-05
42071,98,1.3457079e-05
42071,99,6.3738285e-06
42071,100,1.2478457e-05
42071,101,6.898603e-06
42071,102,9.723948e-06
42071,103,5.6876786e-05
42071,104,0.0002325798
42071,105,0.0004944354
42071,106,0.0006097409
42071,107,0.0004952237
42071,108,0.00037532233
42071,109,0.0003635274
42071,110,0.0003150175
42071,111,0.00028103028
42071,112,0.0002539805
42071,113,0.0003297322
42071,114,0.00037518036
42071,115,0.00027758072
42071,116,0.0002918975
42071,117,0.00028880715
42071,118,0.00031456086
42071,119,0.00027079746
42071,120,0.00025841265
42071,121,0.0003828732
42071,122,0.000353201
42071,123,0.0003456175
42071,124,0.00033857155
42071,125,0.00025605847
42071,126,0.0003250357
42071,127,0.00024406957
42071,128,0.00029636628
42071,129,0.0002728732
42071,130,0.00025082874
42071,131,0.00036038595
42071,132,0.00076802465
42071,133,0.0010273528
42071,134,0.0011524071
42071,135,0.0013454343
42071,136,0.0015066578
42071,137,0.0012793855
42071,138,0.0012721163
42071,139,0.0017813874
42071,140,0.0025597524
42071,141,0.005683716
42071,142,0.010193822
42071,143,0.010362902
42071,144,0.011746657
42071,145,0.012329279
42071,146,0.0120762205
42071,147,0.01059498
42071,148,0.009391825
42071,149,0.008706713
42071,150,0.008332457
42071,151,0.0077729304
42071,152,0.0074141263
42071,153,0.0066419067
42071,154,0.005714293
42071,155,0.005291124
42071,156,0.0048802374
42071,157,0.0042969533
42071,158,0.0035801474
42071,159,0.003329905
42071,160,0.003244531
42071,161,0.0029856316
42071,162,0.002941514
42071,163,0.0029085812
42071,164,0.0027191052
42071,165,0.0019378305
42071,166,0.0015895629
42071,167,0.0013300084
42071,168,0.0011352858
42071,169,0.0009363582
42071,170,0.0007614063
42071,171,0.00072837644
42071,172,0.0007631797
42071,173,0.0006459302
42071,174,0.00047561436
42071,175,0.000434993
42071,176,0.00033725484
42071,177,0.0002645578
42071,178,0.0001997751
42071,179,0.00014224181
42071,180,0.00012548835
42071,181,0.00018292667
42071,182,0.00025531402
42071,183,0.0002799303
42071,184,0.00022441953
42071,185,0.00022227153
42071,186,0.00019564385
42071,187,0.000114910836
42071,188,7.1864575e-05
42071,189,6.4014785e-05
42071,190,6.6517976e-05
42071,191,3.1827254e-05
42071,192,1.1075084e-05
42071,193,4.791953e-06
42071,194,6.393142e-06
42071,195,2.7060826e-06
42071,196,4.2496235e-06
42071,197,2.0604648e-06
42071,198,7.4456614e-07
42071,199,1.0624138e-06
42071,200,2.9143587e-07
42071,201,0.0
42071,202,0.0
42071,203,0.0
42071,204,0.0
42071,205,0.0
42071,206,0.0
42071,207,1.5050849e-06
42071,208,7.725614e-07
42071,209,2.623309e-06
42071,210,0.0
42071,211,0.0
42071,212,0.0
42071,213,0.0
42071,214,0.0
42071,215,0.0
42073,73,0.030672152
42073,74,0.035655662
42073,75,0.036683656
42073,76,0.03772995
42073,77,0.03689871
42073,78,0.03545121
42073,79,0.033875562
42073,80,0.03223501
42073,81,0.029952059
42073,82,0.026774166
42073,83,0.024306562
42073,84,0.021472692
42073,85,0.018857492
42073,86,0.016499124
42073,87,0.014996649
42073,88,0.012960008
42073,89,0.011081339
42073,90,0.00987606
42073,91,0.0073763817
42073,92,0.0057791215
42073,93,0.00476728
42073,94,0.0037520393
42073,95,0.002947665
42073,96,0.0029302374
42073,97,0.0028225644
42073,98,0.0030597255
42073,99,0.0029947876
42073,100,0.0032372754
42073,101,0.0033189417
42073,102,0.003392578
42073,103,0.0038591782
42073,104,0.0037371365
42073,105,0.0036657015
42073,106,0.0034350085
42073,107,0.0032416638
42073,108,0.0032453164
42073,109,0.0029901192
42073,110,0.0030420283
42073,111,0.0037052596
42073,112,0.003623843
42073,113,0.0035764156
42073,114,0.0033853482
42073,115,0.003365235
42073,116,0.0035277687
42073,117,0.003220739
42073,118,0.0031318495
42073,119,0.0026688306
42073,120,0.0021008193
42073,121,0.0017864156
42073,122,0.0013801013
42073,123,0.0010700856
42073,124,0.0007195284
42073,125,0.00046396852
42073,126,0.0004280826
42073,127,0.0009971273
42073,128,0.0014482284
42073,129,0.0016418266
42073,130,0.0017230995
42073,131,0.0017686825
42073,132,0.0014521717
42073,133,0.0012378833
42073,134,0.000791023
42073,135,0.0006489349
42073,136,0.00049281283
42073,137,0.0004776062
42073,138,0.00038685507
42073,139,0.00042011385
42073,140,0.00059054996
42073,141,0.0008791671
42073,142,0.0009293952
42073,143,0.0010423725
42073,144,0.0013408681
42073,145,0.0015050747
42073,146,0.0016881652
42073,147,0.0018333276
42073,148,0.0019649104
42073,149,0.0020405396
42073,150,0.0018972639
42073,151,0.0018025946
42073,152,0.0016763932
42073,153,0.0017474253
42073,154,0.0013971085
42073,155,0.0011264856
42073,156,0.0010133234
42073,157,0.0008587607
42073,158,0.00060698215
42073,159,0.00045494945
42073,160,0.0003424379
42073,161,0.00025014125
42073,162,0.00026769374
42073,163,0.00018269064
42073,164,8.129871e-05
42073,165,6.8150686e-05
42073,166,5.579989e-05
42073,167,7.5220334e-05
42073,168,0.00016986697
42073,169,0.00019056378
42073,170,0.00020426785
42073,171,0.00016268803
42073,172,0.00011673487
42073,173,0.0001221453
42073,174,0.00011846959
42073,175,9.584238e-05
42073,176,9.046044e-05
42073,177,0.00011303719
42073,178,0.00022904933
42073,179,0.00025544752
42073,180,0.00019696946
42073,181,0.00011223259
42073,182,7.623367e-05
42073,183,4.0830622e-05
42073,184,1.9205074e-05
42073,185,7.406044e-06
42073,186,3.3063363e-06
42073,187,8.930682e-07
42073,188,0.0
42073,189,0.0
42073,190,0.0
42073,191,0.0
42073,192,0.0
42073,193,0.0
42073,194,1.4457417e-09
42073,195,3.4664856e-07
42073,196,1.0113174e-06
42073,197,6.2141785e-06
42073,198,9.17367e-06
42073,199,8.239489e-06
42073,200,2.2089553e-05
42073,201,4.3310978e-05
42073,202,3.9718194e-05
42073,203,3.9433962e-05
42073,204,3.6610596e-05
42073,205,3.1045984e-05
42073,206,1.9594527e-05
42073,207,9.552846e-06
42073,208,9.020386e-06
42073,209,3.9124396e-05
42073,210,5.8389225e-05
42073,211,1.4566737e-05
42073,212,3.533751e-05
42073,213,7.26287e-05
42073,214,8.7584776e-05
42073,215,6.68573e-05
42087,73,0.015730878
42087,74,0.009417575
42087,75,0.007161398
42087,76,0.0072536347
42087,77,0.008054633
42087,78,0.008383419
42087,79,0.008603142
42087,80,0.008888067
42087,81,0.0092491675
42087,82,0.009095576
42087,83,0.009032304
42087,84,0.008626521
42087,85,0.007505042
42087,86,0.0069993977
42087,87,0.0058841244
42087,88,0.005214555
42087,89,0.0045942357
42087,90,0.0041001774
42087,91,0.002880784
42087,92,0.0015137275
42087,93,0.0008325394
42087,94,0.0006305843
42087,95,0.0004986471
42087,96,0.00031550092
42087,97,0.00022070634
42087,98,0.0002611808
42087,99,0.0003092619
42087,100,0.00041311994
42087,101,0.0005055027
42087,102,0.00056757405
42087,103,0.00086683425
42087,104,0.0012620213
42087,105,0.001317005
42087,106,0.0013235415
42087,107,0.0014045674
42087,108,0.0012738712
42087,109,0.0014079419
42087,110,0.0011220946
42087,111,0.0011257791
42087,112,0.0009358313
42087,113,0.0007669658
42087,114,0.0006271781
42087,115,0.0007602986
42087,116,0.00068507454
42087,117,0.0005283011
42087,118,0.00047518744
42087,119,0.00047689694
42087,120,0.0006724974
42087,121,0.00076909916
42087,122,0.0006706589
42087,123,0.00048795625
42087,124,0.00031647529
42087,125,0.00033706723
42087,126,0.00028437685
42087,127,0.0002050755
42087,128,0.00042283442
42087,129,0.00073297485
42087,130,0.0013659823
42087,131,0.001803171
42087,132,0.0020392507
42087,133,0.0018477797
42087,134,0.0016868381
42087,135,0.0016010072
42087,136,0.0017077189
42087,137,0.002496921
42087,138,0.0032866232
42087,139,0.0027731834
42087,140,0.0028426033
42087,141,0.0044771065
42087,142,0.0026943246
42087,143,0.002626712
42087,144,0.0024272462
42087,145,0.0021980854
42087,146,0.0020977515
42087,147,0.0020862245
42087,148,0.0020774736
42087,149,0.0019191199
42087,150,0.0018362594
42087,151,0.0020034944
42087,152,0.0022612242
42087,153,0.0025811973
42087,154,0.002372344
42087,155,0.0020760007
42087,156,0.0020215428
42087,157,0.0019450389
42087,158,0.002027677
42087,159,0.0018606647
42087,160,0.0018515266
42087,161,0.0017767603
42087,162,0.001417762
42087,163,0.0012538261
42087,164,0.0010624793
42087,165,0.00076030026
42087,166,0.00060671906
42087,167,0.00061042723
42087,168,0.000541745
42087,169,0.00058900175
42087,170,0.00053344155
42087,171,0.0005457473
42087,172,0.00047433138
42087,173,0.0002625608
42087,174,0.00011218368
42087,175,0.00013282023
42087,176,0.00022739689
42087,177,0.00050786446
42087,178,0.0008161404
42087,179,0.0011384558
42087,180,0.0011232635
42087,181,0.0011403961
42087,182,0.0010441844
42087,183,0.0009813387
42087,184,0.0007744005
42087,185,0.00052902405
42087,186,0.00032147963
42087,187,0.00017108751
42087,188,6.396025e-05
42087,189,6.5120366e-05
42087,190,0.00011331844
42087,191,6.988647e-05
42087,192,4.137494e-05
42087,193,2.6363296e-05
42087,194,1.775867e-05
42087,195,2.1935124e-05
42087,196,6.8487025e-06
42087,197,8.117392e-06
42087,198,1.51084605e-05
42087,199,2.3386825e-05
42087,200,4.180997e-05
42087,201,0.0002188777
42087,202,0.0002709739
42087,203,0.00036864862
42087,204,0.00043446105
42087,205,0.00051049626
42087,206,0.0006626124
42087,207,0.0008582821
42087,208,0.0010273971
42087,209,0.0008085787
42087,210,0.00025610378
42087,211,0.00010371474
42087,212,6.8816415e-05
42087,213,0.00013102787
42087,214,4.8615322e-05
42087,215,2.7213619e-05
42093,73,8.317529e-05
42093,74,1.2574535e-05
42093,75,0.0
42093,76,4.7866706e-06
42093,77,0.0002704182
42093,78,0.00060798234
42093,79,0.0010118078
42093,80,0.0015445704
42093,81,0.0015728746
42093,82,0.0014482604
42093,83,0.0016793667
42093,84,0.0020557707
42093,85,0.0019670213
42093,86,0.001879859
42093,87,0.0016284985
42093,88,0.0016323142
42093,89,0.0012983872
42093,90,0.0011704031
42093,91,0.0006256933
42093,92,0.00045654428
42093,93,0.0004522943
42093,94,0.00044404302
42093,95,0.0003609361
42093,96,0.00014390262
42093,97,8.884925e-05
42093,98,6.218259e-05
42093,99,6.272586e-05
42093,100,7.418947e-05
42093,101,0.00012672502
42093,102,0.0001570033
42093,103,0.00016605448
42093,104,0.00018479889
42093,105,0.00014691551
42093,106,0.0003856578
42093,107,0.00033228818
42093,108,0.0005767343
42093,109,0.0005917157
42093,110,0.0006428738
42093,111,0.0007663572
42093,112,0.00088393665
42093,113,0.0008524794
42093,114,0.00071671716
42093,115,0.0007982534
42093,116,0.0006725154
42093,117,0.0005082035
42093,118,0.00048579168
42093,119,0.00044849713
42093,120,0.00036385964
42093,121,0.0003074335
42093,122,0.00020936363
42093,123,0.0001668261
42093,124,0.0002106412
42093,125,0.000106789805
42093,126,5.914474e-05
42093,127,4.114749e-05
42093,128,0.000108295164
42093,129,0.00043669168
42093,130,0.00091355474
42093,131,0.0013355995
42093,132,0.0015534555
42093,133,0.0011188092
42093,134,0.001058245
42093,135,0.0009288529
42093,136,0.0007665073
42093,137,0.00055213826
42093,138,0.00032432014
42093,139,0.0009015567
42093,140,0.001747954
42093,141,0.0022198742
42093,142,0.0024297074
42093,143,0.0029415002
42093,144,0.002640593
42093,145,0.0030974871
42093,146,0.0030559858
42093,147,0.0035074202
42093,148,0.0028027622
42093,149,0.0025648286
42093,150,0.0019890226
42093,151,0.0018630655
42093,152,0.0018653943
42093,153,0.0018640847
42093,154,0.0015344347
42093,155,0.00093339145
42093,156,0.0004933472
42093,157,0.00030736387
42093,158,0.0003571033
42093,159,0.0005141645
42093,160,0.0004905169
42093,161,0.0006318092
42093,162,0.00065687264
42093,163,0.000556974
42093,164,0.00036914364
42093,165,0.00025709064
42093,166,0.00018734785
42093,167,0.00022929213
42093,168,0.00013054158
42093,169,0.00018505096
42093,170,0.00017618516
42093,171,0.0002645734
42093,172,0.00019206773
42093,173,0.00011700082
42093,174,3.7949347e-05
42093,175,9.918332e-07
42093,176,2.9941436e-06
42093,177,1.979315e-05
42093,178,3.7459264e-05
42093,179,0.00012684491
42093,180,0.00015858024
42093,181,0.00014121736
42093,182,0.00015223103
42093,183,0.0002606962
42093,184,0.00021617608
42093,185,0.00023056353
42093,186,0.00010858085
42093,187,1.5622516e-05
42093,188,1.0740222e-06
42093,189,1.298986e-06
42093,190,3.1801346e-06
42093,191,3.8096719e-06
42093,192,1.6223557e-05
42093,193,3.768395e-05
42093,194,7.2610754e-05
42093,195,9.128361e-05
42093,196,0.000121921235
42093,197,0.0001456881
42093,198,0.00010621997
42093,199,0.00017536254
42093,200,0.00050618744
42093,201,0.0005006146
42093,202,0.00047677892
42093,203,0.0003877812
42093,204,0.0002405209
42093,205,0.000108324435
42093,206,5.1485204e-05
42093,207,3.9149014e-05
42093,208,4.4357726e-05
42093,209,4.0621802e-05
42093,210,4.790844e-05
42093,211,4.8814753e-05
42093,212,3.4200235e-05
42093,213,3.7015256e-05
42093,214,9.656398e-05
42093,215,0.00013193491
42099,73,0.000514234
42099,74,0.0002246374
42099,75,0.00018137755
42099,76,0.00023904437
42099,77,0.0006864313
42099,78,0.0011055745
42099,79,0.0013890718
42099,80,0.0017278689
42099,81,0.002025987
42099,82,0.002163481
42099,83,0.0020084186
42099,84,0.0017916035
42099,85,0.0015409051
42099,86,0.0014311634
42099,87,0.0010798734
42099,88,0.00090466475
42099,89,0.0007112019
42099,90,0.00065176433
42099,91,0.0003506058
42099,92,0.00018632638
42099,93,0.00015914741
42099,94,7.2762334e-05
42099,95,6.213183e-05
42099,96,3.4939836e-05
42099,97,1.1884774e-05
42099,98,1.8747132e-06
42099,99,5.548669e-09
42099,100,6.199843e-07
42099,101,1.731288e-06
42099,102,1.2097251e-05
42099,103,6.088337e-05
42099,104,0.00016703438
42099,105,0.00021389178
42099,106,0.00020289802
42099,107,0.00020729357
42099,108,0.00022966201
42099,109,0.00020212654
42099,110,0.00012144059
42099,111,0.00012612094
42099,112,8.8810884e-05
42099,113,8.1423794e-05
42099,114,0.00013236467
42099,115,0.00015209794
42099,116,0.00012672905
42099,117,7.5456126e-05
42099,118,3.6284866e-05
42099,119,4.216721e-05
42099,120,4.9202117e-05
42099,121,4.097372e-05
42099,122,2.0279243e-05
42099,123,2.373057e-06
42099,124,0.0
42099,125,0.0
42099,126,0.0
42099,127,0.0
42099,128,9.886865e-07
42099,129,2.2833325e-05
42099,130,7.134557e-05
42099,131,0.000116261195
42099,132,0.00015021586
42099,133,0.00013710304
42099,134,0.00013338074
42099,135,0.00024299584
42099,136,0.00038434987
42099,137,0.0004586176
42099,138,0.00075261766
42099,139,0.0016956126
42099,140,0.0023691573
42099,141,0.002240318
42099,142,0.0023576622
42099,143,0.002049917
42099,144,0.00279516
42099,145,0.0026910175
42099,146,0.002786119
42099,147,0.0025799933
42099,148,0.0022271932
42099,149,0.0021408303
42099,150,0.0018661232
42099,151,0.0018951899
42099,152,0.0017286433
42099,153,0.0015752153
42099,154,0.0012571614
42099,155,0.000932652
42099,156,0.0008637953
42099,157,0.000705949
42099,158,0.00070465205
42099,159,0.00070280605
42099,160,0.0006469422
42099,161,0.00069118576
42099,162,0.0008465344
42099,163,0.0008099661
42099,164,0.0006812542
42099,165,0.00042966832
42099,166,0.000405068
42099,167,0.00042589311
42099,168,0.00038246062
42099,169,0.00041913736
42099,170,0.00031659755
42099,171,0.000229642
42099,172,0.00023563637
42099,173,0.00016620524
42099,174,8.704395e-05
42099,175,4.9183775e-05
42099,176,5.3721968e-05
42099,177,0.00013449806
42099,178,0.00025809964
42099,179,0.00032473763
42099,180,0.00025959098
42099,181,0.0002589467
42099,182,0.00034468024
42099,183,0.00046438232
42099,184,0.00040999393
42099,185,0.0003670376
42099,186,0.00025411672
42099,187,8.046334e-05
42099,188,3.1637355e-05
42099,189,2.2112074e-05
42099,190,2.2674669e-05
42099,191,9.801456e-06
42099,192,5.376469e-06
42099,193,3.4479724e-06
42099,194,3.2004903e-06
42099,195,3.3287843e-06
42099,196,3.907614e-06
42099,197,3.0505037e-06
42099,198,2.563661e-06
42099,199,3.4488157e-06
42099,200,7.79507e-06
42099,201,1.3856543e-05
42099,202,7.8140765e-06
42099,203,8.759084e-06
42099,204,9.553423e-06
42099,205,5.5350365e-06
42099,206,9.364796e-06
42099,207,9.9441575e-05
42099,208,0.0002561995
42099,209,0.00025267722
42099,210,5.3675143e-05
42099,211,4.3706972e-05
42099,212,5.175582e-05
42099,213,5.0747753e-05
42099,214,5.5942848e-05
42099,215,1.8612096e-05
42105,73,0.0045898366
42105,74,0.0064473636
42105,75,0.0062390487
42105,76,0.008207599
42105,77,0.009779596
42105,78,0.010204872
42105,79,0.009335398
42105,80,0.008518309
42105,81,0.008134115
42105,82,0.006956375
42105,83,0.006663999
42105,84,0.005879524
42105,85,0.004985604
42105,86,0.0036619564
42105,87,0.002725232
42105,88,0.0019726395
42105,89,0.0014105127
42105,90,0.0011464055
42105,91,0.00073422276
42105,92,0.00034796554
42105,93,0.00029023274
42105,94,0.00024636643
42105,95,0.00013394433
42105,96,7.466683e-05
42105,97,3.4341832e-05
42105,98,2.8542801e-05
42105,99,0.0001242833
42105,100,0.00037263363
42105,101,0.0006491329
42105,102,0.00089910557
42105,103,0.00082215376
42105,104,0.0010503948
42105,105,0.0012805343
42105,106,0.0013960676
42105,107,0.0022385882
42105,108,0.0027675875
42105,109,0.0036372598
42105,110,0.0043429793
42105,111,0.0057092924
42105,112,0.0065344935
42105,113,0.007815296
42105,114,0.008051147
42105,115,0.009168036
42105,116,0.009420377
42105,117,0.009390961
42105,118,0.009099967
42105,119,0.008579252
42105,120,0.008175174
42105,121,0.0076718694
42105,122,0.0071902317
42105,123,0.006268837
42105,124,0.0047981143
42105,125,0.004134058
42105,126,0.0035207293
42105,127,0.0034826375
42105,128,0.0029456231
42105,129,0.0031413082
42105,130,0.0032819381
42105,131,0.0034953912
42105,132,0.0034477029
42105,133,0.00338559
42105,134,0.0033932957
42105,135,0.004175248
42105,136,0.00481406
42105,137,0.0044094427
42105,138,0.004133806
42105,139,0.0036441612
42105,140,0.0033666408
42105,141,0.0025298349
42105,142,0.0014557819
42105,143,0.0016769128
42105,144,0.001940136
42105,145,0.0015994209
42105,146,0.0013593109
42105,147,0.001193141
42105,148,0.0011177304
42105,149,0.0011761434
42105,150,0.00096620707
42105,151,0.00093484303
42105,152,0.00096342
42105,153,0.0008309763
42105,154,0.0006245241
42105,155,0.0005976266
42105,156,0.0006598658
42105,157,0.00076206843
42105,158,0.0005541006
42105,159,0.00049864035
42105,160,0.0004001567
42105,161,0.0002473978
42105,162,0.0002450777
42105,163,0.00024825626
42105,164,0.00019849287
42105,165,0.00015185172
42105,166,0.00013852413
42105,167,0.00014809416
42105,168,0.00012379489
42105,169,0.00023115265
42105,170,0.00039291408
42105,171,0.00032597705
42105,172,0.0002197755
42105,173,0.00020070582
42105,174,0.00019090822
42105,175,8.259104e-05
42105,176,5.731918e-05
42105,177,7.3666335e-05
42105,178,9.381901e-05
42105,179,0.0001376215
42105,180,0.00023665094
42105,181,0.00032830448
42105,182,0.00025614043
42105,183,0.00016063705
42105,184,0.00017350282
42105,185,0.00022716842
42105,186,0.00022210262
42105,187,0.00014726416
42105,188,9.2478294e-05
42105,189,4.0587e-05
42105,190,3.356261e-05
42105,191,2.800123e-05
42105,192,4.7274116e-05
42105,193,7.2562936e-05
42105,194,6.769642e-05
42105,195,5.2678133e-05
42105,196,3.979823e-05
42105,197,4.9577673e-05
42105,198,9.476311e-05
42105,199,0.00012079749
42105,200,0.00012482241
42105,201,0.00022040367
42105,202,0.00025415
42105,203,0.00023750147
42105,204,0.0003083273
42105,205,0.00036949068
42105,206,0.00034670788
42105,207,0.00038378622
42105,208,0.0003738963
42105,209,0.00045794618
42105,210,0.00022054865
42105,211,0.00018621543
42105,212,0.00014877108
42105,213,0.00015622076
42105,214,0.00012853343
42105,215,9.0279245e-06
42107,73,9.4281444e-05
42107,74,2.4808e-05
42107,75,2.2079981e-05
42107,76,0.00010981961
42107,77,0.00037640586
42107,78,0.0007129975
42107,79,0.0008309191
42107,80,0.0011293202
42107,81,0.0014282911
42107,82,0.0014901811
42107,83,0.0017218902
42107,84,0.0018064184
42107,85,0.0017459365
42107,86,0.001686663
42107,87,0.0014783405
42107,88,0.0016006125
42107,89,0.0015428573
42107,90,0.0015485999
42107,91,0.0010390669
42107,92,0.0008337697
42107,93,0.0004919035
42107,94,0.00038096655
42107,95,0.00031978235
42107,96,0.0003243253
42107,97,0.00022365997
42107,98,0.00013992225
42107,99,8.4161504e-05
42107,100,3.481033e-05
42107,101,7.772959e-05
42107,102,0.00018475874
42107,103,0.000358649
42107,104,0.0005744892
42107,105,0.0005753595
42107,106,0.0010128972
42107,107,0.0010627023
42107,108,0.0011702675
42107,109,0.0010313641
42107,110,0.0010761585
42107,111,0.0011739423
42107,112,0.0011362112
42107,113,0.0010355714
42107,114,0.0010556817
42107,115,0.0011065984
42107,116,0.0010031045
42107,117,0.00083606504
42107,118,0.00075073587
42107,119,0.00072730595
42107,120,0.0007063058
42107,121,0.00074404513
42107,122,0.0006993924
42107,123,0.0006812721
42107,124,0.00063433923
42107,125,0.0005820843
42107,126,0.0005482161
42107,127,0.0004139837
42107,128,0.00037772208
42107,129,0.00046143983
42107,130,0.0010766056
42107,131,0.0015330701
42107,132,0.0020336895
42107,133,0.0028006271
42107,134,0.0032748994
42107,135,0.0035779127
42107,136,0.003510668
42107,137,0.00332451
42107,138,0.0031887316
42107,139,0.0028197682
42107,140,0.0032234183
42107,141,0.006158772
42107,142,0.006802486
42107,143,0.007575255
42107,144,0.0070772725
42107,145,0.006973
42107,146,0.0066633523
42107,147,0.0064075612
42107,148,0.0058516497
42107,149,0.005934179
42107,150,0.005554007
42107,151,0.004736174
42107,152,0.004408009
42107,153,0.003990759
42107,154,0.0035478317
42107,155,0.00295825
42107,156,0.0025320642
42107,157,0.0022504283
42107,158,0.0020752747
42107,159,0.0017891208
42107,160,0.0016067087
42107,161,0.0015674122
42107,162,0.0014903684
42107,163,0.0013971901
42107,164,0.001100079
42107,165,0.0008933174
42107,166,0.00086865836
42107,167,0.00094244094
42107,168,0.0008394513
42107,169,0.0008255416
42107,170,0.00094950775
42107,171,0.0009908119
42107,172,0.00083980034
42107,173,0.00043645332
42107,174,0.00019342259
42107,175,0.00023842891
42107,176,0.00032836356
42107,177,0.00046302075
42107,178,0.00060852105
42107,179,0.00047344487
42107,180,0.0003126757
42107,181,0.00022080503
42107,182,0.00024282662
42107,183,0.0002492994
42107,184,0.00020486963
42107,185,0.00030835893
42107,186,0.00028285614
42107,187,0.00021678954
42107,188,0.00022496402
42107,189,0.00024084354
42107,190,0.00037739243
42107,191,0.0004357795
42107,192,0.00045562358
42107,193,0.00046254307
42107,194,0.00040595728
42107,195,0.0003958651
42107,196,0.0003171608
42107,197,0.00030201345
42107,198,0.00030112476
42107,199,0.00037139255
42107,200,0.0003196249
42107,201,0.00030028884
42107,202,0.00020169526
42107,203,0.00012845096
42107,204,7.513434e-05
42107,205,3.5521138e-05
42107,206,5.5179415e-05
42107,207,9.7493314e-05
42107,208,0.00013845495
42107,209,0.00018466877
42107,210,0.00015774975
42107,211,0.00011130829
42107,212,5.8680722e-05
42107,213,8.129512e-05
42107,214,8.887489e-05
42107,215,5.44629e-05
42111,73,0.016069613
42111,74,0.016353881
42111,75,0.01631509
42111,76,0.015409492
42111,77,0.013928989
42111,78,0.01330868
42111,79,0.0117671015
42111,80,0.010856517
42111,81,0.010151965
42111,82,0.009353066
42111,83,0.008280735
42111,84,0.007587158
42111,85,0.006968802
42111,86,0.0062397886
42111,87,0.005758253
42111,88,0.0055725127
42111,89,0.0052999593
42111,90,0.00494471
42111,91,0.0035092982
42111,92,0.0023147122
42111,93,0.0015679474
42111,94,0.0013940227
42111,95,0.0011872654
42111,96,0.00080432335
42111,97,0.00091146375
42111,98,0.0010378513
42111,99,0.0009936304
42111,100,0.0008939332
42111,101,0.0011686679
42111,102,0.0012303301
42111,103,0.001220594
42111,104,0.0014615875
42111,105,0.003062046
42111,106,0.004056257
42111,107,0.00415953
42111,108,0.0047973376
42111,109,0.0047451486
42111,110,0.005844405
42111,111,0.0058872714
42111,112,0.00575912
42111,113,0.0051951166
42111,114,0.004405564
42111,115,0.0037445235
42111,116,0.0029068447
42111,117,0.0023050448
42111,118,0.0018887989
42111,119,0.0015328383
42111,120,0.0016407247
42111,121,0.0016062801
42111,122,0.0012334309
42111,123,0.00096681365
42111,124,0.00084622763
42111,125,0.0006913916
42111,126,0.00050615217
42111,127,0.00043495957
42111,128,0.00045583997
42111,129,0.00062908995
42111,130,0.0008444823
42111,131,0.0006140651
42111,132,0.00041489684
42111,133,0.00034634586
42111,134,0.00034242705
42111,135,0.00049523416
42111,136,0.00046866536
42111,137,0.00038367484
42111,138,0.00028085345
42111,139,0.0004209699
42111,140,0.0003250281
42111,141,0.00020380632
42111,142,6.788416e-05
42111,143,5.4869674e-06
42111,144,1.2101769e-05
42111,145,3.983172e-05
42111,146,6.0282793e-05
42111,147,0.00011378191
42111,148,0.00019600803
42111,149,0.00028340775
42111,150,0.00040731605
42111,151,0.0005788013
42111,152,0.0006568006
42111,153,0.00075421226
42111,154,0.0006871801
42111,155,0.0005432494
42111,156,0.0003551294
42111,157,0.00028865034
42111,158,0.0002813863
42111,159,0.00019284064
42111,160,0.00019374178
42111,161,0.00023389808
42111,162,0.00018913999
42111,163,0.00015717643
42111,164,0.00013164162
42111,165,0.00017683693
42111,166,0.0001302648
42111,167,0.00019077766
42111,168,0.0001947677
42111,169,0.00014035573
42111,170,0.00023222648
42111,171,0.00015887813
42111,172,0.000143096
42111,173,8.601154e-05
42111,174,6.318022e-05
42111,175,6.438488e-05
42111,176,0.00012618375
42111,177,0.00030875305
42111,178,0.00035710708
42111,179,0.00036941006
42111,180,0.00047191468
42111,181,0.0006185947
42111,182,0.00055880955
42111,183,0.0005400156
42111,184,0.00041156632
42111,185,0.00034229894
42111,186,0.0001873113
42111,187,7.774476e-05
42111,188,4.6967045e-05
42111,189,2.671154e-05
42111,190,2.7477041e-05
42111,191,2.3815697e-05
42111,192,4.9760056e-05
42111,193,7.973862e-05
42111,194,6.955996e-05
42111,195,0.000105934116
42111,196,0.00010941288
42111,197,0.00011781786
42111,198,0.00018084979
42111,199,0.00018727819
42111,200,0.00025029073
42111,201,0.00029814418
42111,202,0.00032039863
42111,203,0.00023816535
42111,204,0.00021680376
42111,205,0.00020804835
42111,206,0.00021143304
42111,207,0.00019521007
42111,208,0.00016132412
42111,209,0.00013003826
42111,210,9.662411e-05
42111,211,5.767413e-05
42111,212,5.3735494e-05
42111,213,3.0276651e-05
42111,214,5.040687e-06
42111,215,3.59992e-06
42117,73,0.0015811253
42117,74,0.0027633486
42117,75,0.0036515864
42117,76,0.0046603824
42117,77,0.005052102
42117,78,0.0053718146
42117,79,0.005330503
42117,80,0.0048748506
42117,81,0.0045872633
42117,82,0.0037733493
42117,83,0.0035822382
42117,84,0.0031026741
42117,85,0.0028492801
42117,86,0.0021395928
42117,87,0.0016288928
42117,88,0.0013234337
42117,89,0.0010882571
42117,90,0.001018494
42117,91,0.0006075642
42117,92,0.00026809535
42117,93,5.646234e-05
42117,94,1.8694103e-05
42117,95,1.2645265e-05
42117,96,6.5006684e-06
42117,97,0.0
42117,98,0.0
42117,99,0.0
42117,100,5.4552747e-05
42117,101,0.00019837575
42117,102,0.00027588336
42117,103,0.00028034678
42117,104,0.00031782035
42117,105,0.00045957247
42117,106,0.0008028793
42117,107,0.0011845422
42117,108,0.0018876122
42117,109,0.0025174173
42117,110,0.003259923
42117,111,0.0038416556
42117,112,0.0041952184
42117,113,0.004921607
42117,114,0.0052955365
42117,115,0.00550999
42117,116,0.005601123
42117,117,0.0058459654
42117,118,0.005472701
42117,119,0.005140069
42117,120,0.0045677717
42117,121,0.0040233587
42117,122,0.0035663329
42117,123,0.0032444536
42117,124,0.0026242223
42117,125,0.0020467413
42117,126,0.001424184
42117,127,0.0013705762
42117,128,0.0011496969
42117,129,0.0010852991
42117,130,0.0013803205
42117,131,0.0016318815
42117,132,0.0022137614
42117,133,0.0021807658
42117,134,0.0025004167
42117,135,0.002281593
42117,136,0.0021797423
42117,137,0.0021617406
42117,138,0.003410039
42117,139,0.003004127
42117,140,0.0033445836
42117,141,0.0036082172
42117,142,0.003208038
42117,143,0.0016031228
42117,144,0.0016275091
42117,145,0.0013450747
42117,146,0.0010927988
42117,147,0.00085432647
42117,148,0.00078539905
42117,149,0.0007803204
42117,150,0.0007392424
42117,151,0.00072403543
42117,152,0.0007412664
42117,153,0.00056582975
42117,154,0.00049402576
42117,155,0.00037299498
42117,156,0.00030168088
42117,157,0.00034657636
42117,158,0.00024548193
42117,159,0.00026688987
42117,160,0.00015882611
42117,161,6.926975e-05
42117,162,5.1777723e-05
42117,163,0.00010345058
42117,164,7.1172384e-05
42117,165,8.364403e-05
42117,166,0.00013041325
42117,167,0.00017004347
42117,168,0.00021612982
42117,169,0.0003688113
42117,170,0.00018752804
42117,171,0.00013812925
42117,172,0.00026730224
42117,173,0.00011819144
42117,174,3.0183122e-05
42117,175,1.0219029e-06
42117,176,3.3185133e-06
42117,177,1.8945015e-05
42117,178,2.436314e-05
42117,179,9.951585e-05
42117,180,0.00021071837
42117,181,0.00022596099
42117,182,0.00021328
42117,183,0.00012999117
42117,184,0.00013586514
42117,185,0.00017602966
42117,186,0.00016844094
42117,187,0.000108169625
42117,188,5.4504835e-05
42117,189,1.4324727e-05
42117,190,1.5862124e-05
42117,191,1.7557732e-05
42117,192,2.2929984e-05
42117,193,2.7614571e-05
42117,194,3.6843634e-05
42117,195,5.7622645e-05
42117,196,7.3545685e-05
42117,197,5.6648558e-05
42117,198,4.7138674e-05
42117,199,5.0781244e-05
42117,200,6.175491e-05
42117,201,7.45675e-05
42117,202,7.192492e-05
42117,203,2.6223763e-05
42117,204,4.269911e-05
42117,205,9.1412105e-05
42117,206,9.383698e-05
42117,207,0.000112182795
42117,208,7.761542e-05
42117,209,5.219104e-05
42117,210,1.657065e-05
42117,211,1.3600764e-05
42117,212,1.2954302e-05
42117,213,0.000117153606
42117,214,0.00015764392
42117,215,6.2000494e-05
42123,73,0.17725715
42123,74,0.28872085
42123,75,0.3497167
42123,76,0.36598292
42123,77,0.3581927
42123,78,0.33917964
42123,79,0.31472728
42123,80,0.28677842
42123,81,0.25917208
42123,82,0.22887525
42123,83,0.19862358
42123,84,0.16977476
42123,85,0.14238289
42123,86,0.12055469
42123,87,0.098833315
42123,88,0.08085308
42123,89,0.06532791
42123,90,0.052022662
42123,91,0.041025396
42123,92,0.030757263
42123,93,0.02359442
42123,94,0.018423704
42123,95,0.015007702
42123,96,0.011808654
42123,97,0.009926457
42123,98,0.009555319
42123,99,0.01075326
42123,100,0.012041978
42123,101,0.011944953
42123,102,0.011047064
42123,103,0.009971741
42123,104,0.009080633
42123,105,0.0081835
42123,106,0.008943865
42123,107,0.009713553
42123,108,0.010091555
42123,109,0.010608565
42123,110,0.010549463
42123,111,0.012058393
42123,112,0.013956922
42123,113,0.015906362
42123,114,0.017432867
42123,115,0.021593684
42123,116,0.022587392
42123,117,0.022731103
42123,118,0.022014702
42123,119,0.021267377
42123,120,0.020335035
42123,121,0.018308157
42123,122,0.017013645
42123,123,0.015582842
42123,124,0.013853598
42123,125,0.0123613365
42123,126,0.011002088
42123,127,0.009919951
42123,128,0.009040446
42123,129,0.0084176045
42123,130,0.007211474
42123,131,0.006679999
42123,132,0.0069612693
42123,133,0.0074271155
42123,134,0.0066213305
42123,135,0.0063385307
42123,136,0.0054921014
42123,137,0.004697003
42123,138,0.0043022847
42123,139,0.002052496
42123,140,0.0019513364
42123,141,0.002316783
42123,142,0.0031824647
42123,143,0.002815285
42123,144,0.0022151142
42123,145,0.0023675489
42123,146,0.0024968106
42123,147,0.0025704373
42123,148,0.0024946975
42123,149,0.002699119
42123,150,0.0028395327
42123,151,0.0031152365
42123,152,0.003136938
42123,153,0.002817448
42123,154,0.0025791717
42123,155,0.0022951358
42123,156,0.0022539364
42123,157,0.0019659738
42123,158,0.0016248799
42123,159,0.0013377848
42123,160,0.0013533682
42123,161,0.00097097806
42123,162,0.0007948836
42123,163,0.00061883184
42123,164,0.00036669607
42123,165,0.0002590108
42123,166,0.00025523512
42123,167,0.00023706636
42123,168,0.00019159372
42123,169,7.401798e-05
42123,170,8.627609e-05
42123,171,8.132178e-05
42123,172,0.0001021091
42123,173,0.00014685046
42123,174,0.00012916312
42123,175,0.00010028568
42123,176,0.00019289413
42123,177,0.00024622196
42123,178,0.00024124912
42123,179,0.00021413727
42123,180,0.00015701193
42123,181,0.00015395116
42123,182,0.00011306663
42123,183,9.345352e-05
42123,184,9.186349e-05
42123,185,5.5858563e-05
42123,186,3.9904557e-05
42123,187,1.10685705e-05
42123,188,9.629631e-06
42123,189,8.855725e-06
42123,190,8.465716e-06
42123,191,2.6374824e-05
42123,192,2.4717778e-05
42123,193,2.1999127e-05
42123,194,2.1885804e-05
42123,195,2.9539875e-05
42123,196,3.123371e-05
42123,197,1.6200365e-05
42123,198,2.2553824e-05
42123,199,5.5581724e-05
42123,200,0.00011074573
42123,201,0.00012855213
42123,202,0.00012295708
42123,203,0.00015790602
42123,204,0.00020814169
42123,205,0.00034001912
42123,206,0.00046962406
42123,207,0.00050220947
42123,208,0.00045200658
42123,209,0.0003444631
42123,210,0.00019773224
42123,211,8.493516e-05
42123,212,6.188803e-05
42123,213,6.957437e-05
42123,214,4.7464877e-05
42123,215,7.558277e-05
54001,73,0.017913332
54001,74,0.015970454
54001,75,0.013234402
54001,76,0.011823662
54001,77,0.011225001
54001,78,0.010985912
54001,79,0.01072864
54001,80,0.0099371625
54001,81,0.008990967
54001,82,0.007737115
54001,83,0.006656547
54001,84,0.005763857
54001,85,0.004843692
54001,86,0.0040128333
54001,87,0.003808432
54001,88,0.003110526
54001,89,0.0031440041
54001,90,0.0020591768
54001,91,0.0018500842
54001,92,0.0014713336
54001,93,0.000989844
54001,94,0.00077092805
54001,95,0.0005158041
54001,96,0.00046385115
54001,97,0.00033928783
54001,98,0.00025435782
54001,99,0.00043134767
54001,100,0.00031897443
54001,101,0.00021472626
54001,102,0.00026769927
54001,103,0.00046164152
54001,104,0.00081035605
54001,105,0.00085953524
54001,106,0.00079593057
54001,107,0.0008815017
54001,108,0.000958542
54001,109,0.0011660436
54001,110,0.001231411
54001,111,0.0015493326
54001,112,0.0014319734
54001,113,0.0012725077
54001,114,0.0015307856
54001,115,0.0013199354
54001,116,0.0009546716
54001,117,0.0012725357
54001,118,0.0015360932
54001,119,0.0016619448
54001,120,0.0018198848
54001,121,0.0019518386
54001,122,0.0020432163
54001,123,0.0016345509
54001,124,0.0013237622
54001,125,0.001043945
54001,126,0.0009685541
54001,127,0.0019152389
54001,128,0.001971356
54001,129,0.0022001595
54001,130,0.0020591633
54001,131,0.0023020098
54001,132,0.0025263368
54001,133,0.0020122721
54001,134,0.0015290315
54001,135,0.0014478655
54001,136,0.0012183071
54001,137,0.00064716506
54001,138,0.0005256187
54001,139,0.00103257
54001,140,0.0027102677
54001,141,0.004246334
54001,142,0.0045511066
54001,143,0.0037767289
54001,144,0.0023434965
54001,145,0.0014757381
54001,146,0.0011107562
54001,147,0.0009134984
54001,148,0.0008561199
54001,149,0.00084064505
54001,150,0.0007353581
54001,151,0.00076104014
54001,152,0.0009938576
54001,153,0.0014349103
54001,154,0.0019242752
54001,155,0.0018432188
54001,156,0.0016784102
54001,157,0.0013773959
54001,158,0.0015616267
54001,159,0.0017830527
54001,160,0.0015960054
54001,161,0.0011939126
54001,162,0.0008778104
54001,163,0.00057853165
54001,164,0.0004051058
54001,165,0.00044029462
54001,166,0.0005098909
54001,167,0.0006686398
54001,168,0.0003694337
54001,169,0.0003889142
54001,170,0.00031541806
54001,171,0.00045744955
54001,172,0.00048538696
54001,173,0.00054927025
54001,174,0.00063950726
54001,175,0.000748338
54001,176,0.00072965206
54001,177,0.00079538435
54001,178,0.00065980194
54001,179,0.00045573842
54001,180,0.00037692545
54001,181,0.00037514698
54001,182,0.00044463348
54001,183,0.00029419173
54001,184,0.0002522763
54001,185,0.00026864893
54001,186,0.00022858307
54001,187,0.00016183262
54001,188,0.00019696349
54001,189,0.00010871587
54001,190,0.000119931596
54001,191,7.3881354e-05
54001,192,0.00015912595
54001,193,0.00014125858
54001,194,0.00016770471
54001,195,0.00019814847
54001,196,0.00023426027
54001,197,0.000240267
54001,198,0.00021882817
54001,199,0.00032222713
54001,200,0.0008745551
54001,201,0.00094676233
54001,202,0.00084032497
54001,203,0.0006149879
54001,204,0.00043987232
54001,205,0.00035872418
54001,206,0.00024128711
54001,207,0.00021834088
54001,208,0.00011036734
54001,209,6.354937e-05
54001,210,3.498225e-05
54001,211,9.516364e-06
54001,212,1.4552342e-06
54001,213,1.3649729e-05
54001,214,1.2772529e-05
54001,215,1.6850721e-05
54003,73,0.0006488379
54003,74,0.00023232185
54003,75,6.495568e-05
54003,76,5.1903404e-05
54003,77,7.25199e-05
54003,78,0.00012387885
54003,79,0.00014356835
54003,80,0.00016063079
54003,81,0.00015366873
54003,82,0.0001334498
54003,83,8.9241184e-05
54003,84,3.366352e-05
54003,85,4.368422e-06
54003,86,0.0
54003,87,0.0
54003,88,0.0
54003,89,0.0
54003,90,0.0
54003,91,9.900637e-07
54003,92,5.5342243e-06
54003,93,8.071417e-06
54003,94,4.6782707e-06
54003,95,2.3763378e-06
54003,96,0.0
54003,97,0.0
54003,98,1.875856e-06
54003,99,0.0
54003,100,6.096288e-07
54003,101,0.0
54003,102,0.0
54003,103,0.0
54003,104,0.0
54003,105,0.0
54003,106,0.0
54003,107,0.0
54003,108,0.0
54003,109,0.0
54003,110,0.0
54003,111,0.0
54003,112,0.0
54003,113,0.0
54003,114,0.0
54003,115,0.0
54003,116,2.391351e-07
54003,117,2.8413356e-06
54003,118,6.1992178e-06
54003,119,2.1723929e-05
54003,120,5.927038e-05
54003,121,0.000103189515
54003,122,0.00012204282
54003,123,0.00016979668
54003,124,0.00015235583
54003,125,0.00017611709
54003,126,0.00018710658
54003,127,0.00018704013
54003,128,0.00014356233
54003,129,6.721399e-05
54003,130,5.250076e-05
54003,131,5.648717e-05
54003,132,1.201762e-07
54003,133,0.0
54003,134,0.0
54003,135,0.0
54003,136,0.0
54003,137,0.0
54003,138,0.0
54003,139,5.1258277e-05
54003,140,5.7431293e-06
54003,141,1.4127786e-05
54003,142,3.2988202e-05
54003,143,7.649497e-05
54003,144,8.802373e-05
54003,145,1.35842e-05
54003,146,0.0
54003,147,0.0
54003,148,0.0
54003,149,0.0
54003,150,0.0
54003,151,0.0
54003,152,0.0
54003,153,0.0
54003,154,0.0
54003,155,0.0
54003,156,4.746294e-08
54003,157,1.2470018e-06
54003,158,4.6525233e-06
54003,159,3.1104405e-06
54003,160,7.713649e-06
54003,161,5.6727563e-06
54003,162,4.9042083e-06
54003,163,3.6617123e-06
54003,164,5.6175054e-06
54003,165,5.879603e-06
54003,166,1.0230623e-05
54003,167,1.7493441e-05
54003,168,3.513663e-05
54003,169,5.150198e-05
54003,170,7.406766e-05
54003,171,0.00014142986
54003,172,0.0001553366
54003,173,0.0001519521
54003,174,8.964128e-05
54003,175,5.0873834e-05
54003,176,0.00014844246
54003,177,5.4569344e-05
54003,178,5.9434864e-05
54003,179,4.651359e-05
54003,180,5.882775e-05
54003,181,5.139016e-05
54003,182,4.5501427e-05
54003,183,4.344633e-05
54003,184,4.5108398e-05
54003,185,3.485142e-05
54003,186,3.014254e-05
54003,187,4.686689e-05
54003,188,5.482215e-05
54003,189,4.1381358e-05
54003,190,2.7684458e-05
54003,191,5.9049953e-06
54003,192,1.030123e-06
54003,193,1.6008596e-07
54003,194,4.4966356e-08
54003,195,0.0
54003,196,0.0
54003,197,0.0
54003,198,0.0
54003,199,0.0
54003,200,0.0
54003,201,0.0
54003,202,0.0
54003,203,0.0
54003,204,0.0
54003,205,0.0
54003,206,0.0
54003,207,1.8389483e-06
54003,208,5.9692115e-06
54003,209,5.135711e-07
54003,210,3.4637998e-07
54003,211,6.853695e-07
54003,212,3.15371e-07
54003,213,5.603494e-07
54003,214,1.0793618e-06
54003,215,7.1107905e-07
54005,73,0.00035934133
54005,74,6.314326e-05
54005,75,8.777368e-06
54005,76,7.9132536e-07
54005,77,1.647232e-05
54005,78,6.4816246e-05
54005,79,0.00011353091
54005,80,0.00026872792
54005,81,0.00043738366
54005,82,0.0005655285
54005,83,0.00057448505
54005,84,0.00055201515
54005,85,0.0004809536
54005,86,0.00029888944
54005,87,0.00024142176
54005,88,0.00019982948
54005,89,0.0002205988
54005,90,0.0001914939
54005,91,0.000102353704
54005,92,5.1025916e-05
54005,93,1.5119154e-05
54005,94,0.0
54005,95,0.0
54005,96,0.0
54005,97,0.0
54005,98,0.0
54005,99,1.1020536e-06
54005,100,1.5063727e-06
54005,101,9.761033e-09
54005,102,0.0
54005,103,0.0
54005,104,1.19130576e-07
54005,105,0.0
54005,106,0.0
54005,107,0.0
54005,108,2.4381059e-06
54005,109,2.3499744e-05
54005,110,9.698208e-05
54005,111,0.00023319967
54005,112,0.0002868891
54005,113,0.000469981
54005,114,0.0003889266
54005,115,0.00045242382
54005,116,0.00041472685
54005,117,0.00031885415
54005,118,0.0002923268
54005,119,0.00020746244
54005,120,0.00030435112
54005,121,0.00036803033
54005,122,0.00028328723
54005,123,0.00017697673
54005,124,0.000114180104
54005,125,0.0008223546
54005,126,0.0022774327
54005,127,0.002899496
54005,128,0.0033645832
54005,129,0.0036441735
54005,130,0.0054403804
54005,131,0.005628894
54005,132,0.0055814832
54005,133,0.0049962862
54005,134,0.003992705
54005,135,0.0032790508
54005,136,0.005295326
54005,137,0.011506338
54005,138,0.016954172
54005,139,0.027586162
54005,140,0.03471558
54005,141,0.037382133
54005,142,0.03962919
54005,143,0.037629668
54005,144,0.034293603
54005,145,0.03055476
54005,146,0.027523432
54005,147,0.025336396
54005,148,0.022496002
54005,149,0.021405166
54005,150,0.019812819
54005,151,0.020967465
54005,152,0.022745978
54005,153,0.025126489
54005,154,0.028432617
54005,155,0.029393818
54005,156,0.030440664
54005,157,0.028475888
54005,158,0.025242709
54005,159,0.021433523
54005,160,0.017419064
54005,161,0.013442942
54005,162,0.010587557
54005,163,0.00834598
54005,164,0.006173944
54005,165,0.0035232315
54005,166,0.0028734826
54005,167,0.0017899032
54005,168,0.0015157867
54005,169,0.0010213288
54005,170,0.00089387974
54005,171,0.0007206625
54005,172,0.0006802052
54005,173,0.0006987889
54005,174,0.00071950466
54005,175,0.00090946653
54005,176,0.0014912396
54005,177,0.0016071456
54005,178,0.001451463
54005,179,0.0016227401
54005,180,0.0014217593
54005,181,0.0009463897
54005,182,0.00095943594
54005,183,0.00063409365
54005,184,0.00053793134
54005,185,0.00046008648
54005,186,0.00033620687
54005,187,0.00016568633
54005,188,0.00017971925
54005,189,0.00018316397
54005,190,0.00017823692
54005,191,7.0470196e-05
54005,192,5.6723118e-05
54005,193,5.1366354e-05
54005,194,6.510875e-05
54005,195,9.643233e-05
54005,196,0.000113776696
54005,197,0.00017803237
54005,198,0.00018406208
54005,199,0.00022749045
54005,200,0.00022579163
54005,201,0.0006303446
54005,202,0.0006738462
54005,203,0.0003366341
54005,204,0.0002201061
54005,205,0.000101834936
54005,206,0.000113879105
54005,207,4.384026e-05
54005,208,1.7197408e-05
54005,209,9.122179e-06
54005,210,1.763967e-05
54005,211,7.908038e-07
54005,212,1.1707872e-05
54005,213,1.2164394e-05
54005,214,8.292624e-06
54005,215,2.3015675e-06
54011,73,0.001505671
54011,74,0.00034878246
54011,75,0.00016568406
54011,76,0.0001600497
54011,77,0.00016812289
54011,78,0.00013638326
54011,79,0.00011710901
54011,80,1.9156887e-05
54011,81,6.313252e-05
54011,82,2.4167926e-05
54011,83,7.156713e-05
54011,84,0.00010518544
54011,85,6.541291e-05
54011,86,3.8501166e-05
54011,87,5.7079965e-06
54011,88,3.5609827e-07
54011,89,4.1881812e-08
54011,90,1.7627234e-06
54011,91,3.7007208e-06
54011,92,2.9470443e-06
54011,93,2.604006e-06
54011,94,3.6683113e-07
54011,95,2.579319e-08
54011,96,4.760273e-08
54011,97,0.0
54011,98,1.2896112e-07
54011,99,1.3922139e-06
54011,100,4.93284e-06
54011,101,1.10693845e-05
54011,102,2.4707688e-05
54011,103,2.5170819e-05
54011,104,1.2470882e-05
54011,105,7.1060326e-06
54011,106,0.0
54011,107,0.0
54011,108,8.5258225e-06
54011,109,4.1948784e-05
54011,110,9.682579e-05
54011,111,0.000101127654
54011,112,0.00010290702
54011,113,0.000105008585
54011,114,0.000100249265
54011,115,0.00012408751
54011,116,0.00017425044
54011,117,0.0002148242
54011,118,0.000228799
54011,119,0.0002578628
54011,120,0.00030123035
54011,121,0.00025644654
54011,122,0.00021223517
54011,123,0.00019357598
54011,124,0.0005488705
54011,125,0.0013311356
54011,126,0.001078445
54011,127,0.00048969267
54011,128,0.00046257133
54011,129,0.00051649334
54011,130,0.00019542422
54011,131,8.851207e-05
54011,132,3.9701696e-05
54011,133,1.19428705e-05
54011,134,9.863722e-06
54011,135,1.3887977e-05
54011,136,0.000219179
54011,137,0.0009729303
54011,138,0.0022151691
54011,139,0.0038998243
54011,140,0.0042555034
54011,141,0.0041028573
54011,142,0.0033233392
54011,143,0.0027123394
54011,144,0.0020994854
54011,145,0.0018031772
54011,146,0.0018048275
54011,147,0.0013761418
54011,148,0.0012541573
54011,149,0.0013610076
54011,150,0.0012352385
54011,151,0.0013620174
54011,152,0.0015299194
54011,153,0.0019432179
54011,154,0.0025619844
54011,155,0.0027402313
54011,156,0.0028548623
54011,157,0.0027881851
54011,158,0.0021657448
54011,159,0.0014724433
54011,160,0.00079059013
54011,161,0.0004340144
54011,162,0.00025297786
54011,163,0.00019683232
54011,164,0.00023985155
54011,165,0.00015460835
54011,166,0.0001416926
54011,167,0.00013956852
54011,168,0.00014435216
54011,169,6.853012e-05
54011,170,4.087347e-05
54011,171,6.770322e-05
54011,172,1.6977092e-05
54011,173,5.7100815e-06
54011,174,1.473707e-05
54011,175,3.618485e-05
54011,176,4.411421e-05
54011,177,1.7245206e-05
54011,178,9.665866e-06
54011,179,2.6335226e-06
54011,180,1.2454466e-06
54011,181,3.42098e-07
54011,182,0.0
54011,183,1.1496397e-06
54011,184,5.271786e-06
54011,185,2.9699775e-06
54011,186,1.6447576e-06
54011,187,2.5132192e-07
54011,188,1.6176664e-07
54011,189,4.647656e-07
54011,190,5.0328122e-08
54011,191,5.9998945e-07
54011,192,1.4590909e-06
54011,193,2.6560665e-06
54011,194,1.7579912e-05
54011,195,5.2713953e-05
54011,196,4.2576692e-05
54011,197,4.642917e-05
54011,198,2.689154e-05
54011,199,3.375387e-05
54011,200,5.6085573e-05
54011,201,8.859732e-05
54011,202,2.4098998e-05
54011,203,6.0605794e-07
54011,204,5.5822223e-08
54011,205,3.4682407e-07
54011,206,1.01009655e-05
54011,207,5.19477e-06
54011,208,1.424115e-06
54011,209,1.4584207e-06
54011,210,7.06716e-06
54011,211,9.139599e-06
54011,212,1.5432803e-05
54011,213,2.3793726e-05
54011,214,1.871644e-05
54011,215,4.812452e-06
54017,73,0.043948684
54017,74,0.050481066
54017,75,0.052123923
54017,76,0.049221653
54017,77,0.04578439
54017,78,0.042803787
54017,79,0.04038073
54017,80,0.037167672
54017,81,0.032139823
54017,82,0.027685449
54017,83,0.02271801
54017,84,0.018973889
54017,85,0.015088006
54017,86,0.011591082
54017,87,0.010076428
54017,88,0.0079715755
54017,89,0.0058877603
54017,90,0.0045004566
54017,91,0.003271351
54017,92,0.0028219724
54017,93,0.0027961591
54017,94,0.002589221
54017,95,0.0022963076
54017,96,0.0019328026
54017,97,0.0016085629
54017,98,0.0015890424
54017,99,0.0014742075
54017,100,0.0012180567
54017,101,0.0012013465
54017,102,0.001169948
54017,103,0.0011275968
54017,104,0.0013681875
54017,105,0.0022352177
54017,106,0.0028088856
54017,107,0.0027287276
54017,108,0.0022617427
54017,109,0.0022912798
54017,110,0.0023770952
54017,111,0.002649785
54017,112,0.0019318254
54017,113,0.0016222007
54017,114,0.001484303
54017,115,0.0012783919
54017,116,0.0011700066
54017,117,0.0009235582
54017,118,0.0008606309
54017,119,0.00093802233
54017,120,0.0010398151
54017,121,0.0012078979
54017,122,0.0011836984
54017,123,0.0007484057
54017,124,0.0004448056
54017,125,0.0002608645
54017,126,0.000636463
54017,127,0.0015781592
54017,128,0.0015371984
54017,129,0.0017485713
54017,130,0.0032781267
54017,131,0.0048836116
54017,132,0.005820906
54017,133,0.0057706325
54017,134,0.005427997
54017,135,0.00461577
54017,136,0.004526521
54017,137,0.0067602964
54017,138,0.014430818
54017,139,0.02016432
54017,140,0.037684508
54017,141,0.058284875
54017,142,0.06937819
54017,143,0.072992176
54017,144,0.072934434
54017,145,0.070663504
54017,146,0.07012239
54017,147,0.066753305
54017,148,0.06845036
54017,149,0.0698382
54017,150,0.067682005
54017,151,0.06801785
54017,152,0.06849246
54017,153,0.06881275
54017,154,0.06932364
54017,155,0.06826844
54017,156,0.065304466
54017,157,0.05891388
54017,158,0.05366152
54017,159,0.046488818
54017,160,0.039318502
54017,161,0.033304766
54017,162,0.028777571
54017,163,0.025243297
54017,164,0.02168017
54017,165,0.017112916
54017,166,0.015069146
54017,167,0.0140596535
54017,168,0.012483987
54017,169,0.010341763
54017,170,0.008063962
54017,171,0.007364034
54017,172,0.008288702
54017,173,0.0073847906
54017,174,0.007025666
54017,175,0.0075539183
54017,176,0.007052019
54017,177,0.0064078085
54017,178,0.005563725
54017,179,0.0043492136
54017,180,0.0034736611
54017,181,0.002852912
54017,182,0.0022880703
54017,183,0.0017856951
54017,184,0.0011861321
54017,185,0.00079473056
54017,186,0.0005395619
54017,187,0.00030869915
54017,188,0.00024686448
54017,189,0.00015900869
54017,190,0.00013422337
54017,191,0.000110836874
54017,192,9.86056e-05
54017,193,0.00018756995
54017,194,0.00022649435
54017,195,0.0002799778
54017,196,0.00036358117
54017,197,0.00029754257
54017,198,0.00024562344
54017,199,0.00032103047
54017,200,0.0005593452
54017,201,0.0008326317
54017,202,0.0010017618
54017,203,0.0010548043
54017,204,0.0011694226
54017,205,0.0010507152
54017,206,0.0009247398
54017,207,0.0008353772
54017,208,0.0008107775
54017,209,0.00042200147
54017,210,0.00025903716
54017,211,0.00016575538
54017,212,0.00013721763
54017,213,6.925839e-06
54017,214,4.537094e-06
54017,215,2.8663271e-05
54021,73,0.0010708376
54021,74,0.0006011286
54021,75,0.00051919004
54021,76,0.0006961762
54021,77,0.0010020715
54021,78,0.0017832804
54021,79,0.0017231054
54021,80,0.0033640421
54021,81,0.0037754234
54021,82,0.0037904517
54021,83,0.0031124176
54021,84,0.0032021296
54021,85,0.0030165901
54021,86,0.0026074676
54021,87,0.002366864
54021,88,0.001724761
54021,89,0.00089109334
54021,90,0.0005082301
54021,91,0.00034629132
54021,92,0.00040305275
54021,93,0.00056906865
54021,94,0.00056527863
54021,95,0.00049434276
54021,96,0.00038337556
54021,97,0.00030028832
54021,98,0.00040742892
54021,99,0.00049466116
54021,100,0.00060102565
54021,101,0.00058079005
54021,102,0.0003887366
54021,103,0.00037486106
54021,104,0.0010576117
54021,105,0.0014703821
54021,106,0.0020155371
54021,107,0.0016114482
54021,108,0.0010012621
54021,109,0.0011557861
54021,110,0.0012950118
54021,111,0.0017019439
54021,112,0.0016977318
54021,113,0.0016355758
54021,114,0.0016121544
54021,115,0.0016217615
54021,116,0.0017498524
54021,117,0.0017664386
54021,118,0.0020082935
54021,119,0.0023507515
54021,120,0.0027107045
54021,121,0.0032396927
54021,122,0.0031895966
54021,123,0.0024271696
54021,124,0.0019134678
54021,125,0.0017588751
54021,126,0.00245644
54021,127,0.0023573113
54021,128,0.0021524674
54021,129,0.002006755
54021,130,0.0036256853
54021,131,0.0051234984
54021,132,0.0058022137
54021,133,0.00560111
54021,134,0.0051352805
54021,135,0.0048449184
54021,136,0.0043918625
54021,137,0.009487173
54021,138,0.022198718
54021,139,0.03456573
54021,140,0.060089566
54021,141,0.08489366
54021,142,0.09561648
54021,143,0.0993917
54021,144,0.100491054
54021,145,0.09832511
54021,146,0.09903373
54021,147,0.097488426
54021,148,0.09849878
54021,149,0.101385616
54021,150,0.10009235
54021,151,0.101724595
54021,152,0.10119748
54021,153,0.099229395
54021,154,0.09798124
54021,155,0.095590666
54021,156,0.09411603
54021,157,0.09116516
54021,158,0.08497603
54021,159,0.076620065
54021,160,0.06753236
54021,161,0.059146553
54021,162,0.053144284
54021,163,0.04966579
54021,164,0.045082655
54021,165,0.038548116
54021,166,0.034477305
54021,167,0.030280983
54021,168,0.026469957
54021,169,0.024773566
54021,170,0.02119532
54021,171,0.018794581
54021,172,0.018404556
54021,173,0.0173878
54021,174,0.016892524
54021,175,0.016863255
54021,176,0.01675096
54021,177,0.016480794
54021,178,0.015474076
54021,179,0.013883019
54021,180,0.012366628
54021,181,0.011272304
54021,182,0.009244236
54021,183,0.007120948
54021,184,0.004942424
54021,185,0.0038185618
54021,186,0.0030501017
54021,187,0.0020203132
54021,188,0.0016508602
54021,189,0.0013089884
54021,190,0.0012107828
54021,191,0.0011975879
54021,192,0.0011482841
54021,193,0.0011219932
54021,194,0.001003308
54021,195,0.0011656124
54021,196,0.0013027401
54021,197,0.0012900514
54021,198,0.0013170233
54021,199,0.0012936003
54021,200,0.0018264961
54021,201,0.0022492225
54021,202,0.0023460796
54021,203,0.0024481025
54021,204,0.002289618
54021,205,0.0018317903
54021,206,0.0014149188
54021,207,0.00083693047
54021,208,0.00067322544
54021,209,0.00034979128
54021,210,0.00024635042
54021,211,0.00018374389
54021,212,0.00010514264
54021,213,5.5625984e-05
54021,214,5.787184e-05
54021,215,7.0203e-05
54049,73,0.0041823597
54049,74,0.0034850612
54049,75,0.0026160926
54049,76,0.0022435887
54049,77,0.002254283
54049,78,0.0020663894
54049,79,0.001935993
54049,80,0.0019524924
54049,81,0.0016485834
54049,82,0.0015183161
54049,83,0.0012985517
54049,84,0.0011470417
54049,85,0.0011300202
54049,86,0.0008610043
54049,87,0.0009265318
54049,88,0.00085924123
54049,89,0.00073625153
54049,90,0.00055322325
54049,91,0.00021939079
54049,92,0.000129421
54049,93,8.881121e-05
54049,94,8.5477164e-05
54049,95,4.9713715e-05
54049,96,2.4897612e-05
54049,97,1.2132293e-05
54049,98,1.9763505e-05
54049,99,5.5633564e-07
54049,100,0.0
54049,101,0.0
54049,102,0.0
54049,103,0.0
54049,104,0.0
54049,105,0.0
54049,106,0.0
54049,107,0.0
54049,108,0.0
54049,109,5.391836e-05
54049,110,0.00024357237
54049,111,0.00047981416
54049,112,0.00037183324
54049,113,0.00029567606
54049,114,0.00021431223
54049,115,0.00019766184
54049,116,0.00015897582
54049,117,0.00017121978
54049,118,0.00016073785
54049,119,0.00016346629
54049,120,0.00029269868
54049,121,0.0005561293
54049,122,0.00073782256
54049,123,0.0005302307
54049,124,0.00034526322
54049,125,0.00020425169
54049,126,0.00023827744
54049,127,0.00084373413
54049,128,0.0007855919
54049,129,0.00045700293
54049,130,0.00028128305
54049,131,0.00034966483
54049,132,0.00044194717
54049,133,0.0003901982
54049,134,0.00023827075
54049,135,0.00017110183
54049,136,9.592869e-05
54049,137,0.00010850144
54049,138,0.0004961288
54049,139,0.0023223192
54049,140,0.0048823766
54049,141,0.006551604
54049,142,0.0068202717
54049,143,0.0062675234
54049,144,0.0047342083
54049,145,0.0038303507
54049,146,0.0033793782
54049,147,0.002819194
54049,148,0.002550682
54049,149,0.0028934865
54049,150,0.0029734971
54049,151,0.0030022643
54049,152,0.002961086
54049,153,0.0032426484
54049,154,0.0036857033
54049,155,0.0034780875
54049,156,0.002927595
54049,157,0.0021278376
54049,158,0.0016529214
54049,159,0.0012525481
54049,160,0.0009125388
54049,161,0.00072571763
54049,162,0.0006751416
54049,163,0.00063243567
54049,164,0.0005380574
54049,165,0.000394564
54049,166,0.00029030791
54049,167,0.00032929238
54049,168,0.00013919828
54049,169,0.00031268806
54049,170,0.00018502866
54049,171,0.00013164361
54049,172,0.00023910271
54049,173,0.00017996348
54049,174,0.00025331863
54049,175,0.00026967705
54049,176,0.00019998878
54049,177,0.00012251553
54049,178,8.9466965e-05
54049,179,5.6980032e-05
54049,180,6.4051754e-05
54049,181,6.909797e-05
54049,182,0.00012243744
54049,183,0.00012454954
54049,184,0.000106175285
54049,185,9.594858e-05
54049,186,8.037212e-05
54049,187,6.885836e-05
54049,188,3.109635e-05
54049,189,9.339733e-06
54049,190,6.9810853e-06
54049,191,9.621228e-06
54049,192,9.305065e-06
54049,193,8.17756e-06
54049,194,1.9137444e-05
54049,195,3.420497e-05
54049,196,5.7125926e-05
54049,197,5.3409287e-05
54049,198,4.7210582e-05
54049,199,0.00012763828
54049,200,0.00021508701
54049,201,0.00022295458
54049,202,0.00018556966
54049,203,0.000100491045
54049,204,8.52269e-05
54049,205,6.449835e-05
54049,206,4.7387904e-05
54049,207,4.320835e-05
54049,208,3.1778825e-05
54049,209,3.9002312e-05
54049,210,4.1178017e-05
54049,211,1.3586309e-05
54049,212,6.133074e-05
54049,213,2.7618595e-05
54049,214,2.9613337e-05
54049,215,1.8545883e-05
54051,73,0.03727664
54051,74,0.042584375
54051,75,0.044379525
54051,76,0.04478831
54051,77,0.044798523
54051,78,0.044714376
54051,79,0.04410744
54051,80,0.044084452
54051,81,0.041995436
54051,82,0.04050677
54051,83,0.037361242
54051,84,0.033421695
54051,85,0.030095406
54051,86,0.0257707
54051,87,0.022105083
54051,88,0.018729715
54051,89,0.015684286
54051,90,0.0117277615
54051,91,0.008966466
54051,92,0.0069275214
54051,93,0.005706301
54051,94,0.004686414
54051,95,0.0039521493
54051,96,0.0036196848
54051,97,0.0031162396
54051,98,0.0027023866
54051,99,0.0021905368
54051,100,0.0016539745
54051,101,0.0010083073
54051,102,0.00076642504
54051,103,0.0005996112
54051,104,0.0004672158
54051,105,0.00085027015
54051,106,0.0011369808
54051,107,0.0011829361
54051,108,0.0011438838
54051,109,0.002014143
54051,110,0.002502354
54051,111,0.00284393
54051,112,0.0026052564
54051,113,0.002186472
54051,114,0.002211505
54051,115,0.0023067165
54051,116,0.0021594139
54051,117,0.0021289773
54051,118,0.0021079497
54051,119,0.0020329608
54051,120,0.0022414739
54051,121,0.0021771712
54051,122,0.0021441167
54051,123,0.0018782811
54051,124,0.0015079273
54051,125,0.0012617352
54051,126,0.0022571962
54051,127,0.0029251806
54051,128,0.0022978317
54051,129,0.0014237304
54051,130,0.0014390178
54051,131,0.0020698817
54051,132,0.0021784806
54051,133,0.0019864507
54051,134,0.0016742472
54051,135,0.0013913099
54051,136,0.0012462297
54051,137,0.0014983522
54051,138,0.001547896
54051,139,0.0015636847
54051,140,0.00215752
54051,141,0.0023696602
54051,142,0.002182865
54051,143,0.0017908954
54051,144,0.0011837938
54051,145,0.0008384708
54051,146,0.00067220593
54051,147,0.0006186062
54051,148,0.0007662885
54051,149,0.0013014884
54051,150,0.0014407109
54051,151,0.001798094
54051,152,0.0014284004
54051,153,0.0014323305
54051,154,0.0014228533
54051,155,0.0011512835
54051,156,0.00077173585
54051,157,0.00060092134
54051,158,0.0005902475
54051,159,0.00043950032
54051,160,0.00034237106
54051,161,0.00030364253
54051,162,0.00027921927
54051,163,0.00030550684
54051,164,0.00036891986
54051,165,0.00044057597
54051,166,0.00046884824
54051,167,0.0004952107
54051,168,0.00047969836
54051,169,0.00022634961
54051,170,0.00019084076
54051,171,0.0001515157
54051,172,0.00014125761
54051,173,0.00014466167
54051,174,0.00016582952
54051,175,0.00020161094
54051,176,0.00020804064
54051,177,0.00016126847
54051,178,0.00015245719
54051,179,0.00010461443
54051,180,8.82327e-05
54051,181,8.414116e-05
54051,182,9.522911e-05
54051,183,8.644883e-05
54051,184,6.116388e-05
54051,185,3.8753104e-05
54051,186,2.741935e-05
54051,187,2.4663424e-05
54051,188,2.957903e-07
54051,189,1.7978251e-06
54051,190,9.064526e-06
54051,191,9.750356e-06
54051,192,1.06610705e-05
54051,193,2.9916146e-06
54051,194,9.45765e-06
54051,195,6.4317155e-06
54051,196,4.8224274e-06
54051,197,1.931241e-06
54051,198,2.621912e-06
54051,199,3.0861147e-06
54051,200,3.3889442e-05
54051,201,5.421653e-05
54051,202,6.8488174e-05
54051,203,4.937708e-05
54051,204,5.1291896e-05
54051,205,5.7257563e-05
54051,206,3.695977e-05
54051,207,2.4895051e-05
54051,208,1.2567987e-05
54051,209,1.2514808e-05
54051,210,1.9698895e-05
54051,211,1.0637748e-05
54051,212,1.01443175e-05
54051,213,9.022395e-06
54051,214,1.6251935e-05
54051,215,1.6271804e-05
54061,73,0.0018452172
54061,74,0.0010136821
54061,75,0.00057247875
54061,76,0.0004541258
54061,77,0.0004918522
54061,78,0.0004973104
54061,79,0.0004591745
54061,80,0.00042556983
54061,81,0.00038539176
54061,82,0.0003703743
54061,83,0.00035584997
54061,84,0.0003136852
54061,85,0.0003428437
54061,86,0.00026292322
54061,87,0.0002527985
54061,88,0.0002466507
54061,89,0.00019202114
54061,90,0.00013475947
54061,91,5.578488e-05
54061,92,2.7915912e-05
54061,93,1.1488073e-05
54061,94,1.1353749e-06
54061,95,0.0
54061,96,0.0
54061,97,0.0
54061,98,0.0
54061,99,0.0
54061,100,0.0
54061,101,0.0
54061,102,0.0
54061,103,0.0
54061,104,0.0
54061,105,0.0
54061,106,0.0
54061,107,0.0
54061,108,0.0
54061,109,0.0
54061,110,3.1970936e-05
54061,111,0.00015808473
54061,112,0.00014108919
54061,113,0.00012220483
54061,114,0.00010285396
54061,115,0.00011419896
54061,116,0.00011829798
54061,117,0.00013486746
54061,118,0.0001492542
54061,119,0.00014736288
54061,120,0.00027448518
54061,121,0.0004890816
54061,122,0.0006633362
54061,123,0.000575633
54061,124,0.00043018593
54061,125,0.00030660213
54061,126,0.00026863813
54061,127,0.00067538413
54061,128,0.00048578114
54061,129,0.00040814365
54061,130,0.00035124342
54061,131,0.00046789114
54061,132,0.0005981094
54061,133,0.000423535
54061,134,0.00023829238
54061,135,0.00012578983
54061,136,8.807395e-05
54061,137,5.0387323e-05
54061,138,4.5159788e-05
54061,139,0.00045135018
54061,140,0.0012200922
54061,141,0.0023330927
54061,142,0.0033260712
54061,143,0.0034718004
54061,144,0.002512886
54061,145,0.0017295486
54061,146,0.0016158298
54061,147,0.0014706461
54061,148,0.0014642942
54061,149,0.001799196
54061,150,0.0022327758
54061,151,0.002557056
54061,152,0.0025424531
54061,153,0.0025165104
54061,154,0.0025536048
54061,155,0.0023294594
54061,156,0.0017950374
54061,157,0.0013286631
54061,158,0.0010896649
54061,159,0.0008436031
54061,160,0.0006809581
54061,161,0.00056430104
54061,162,0.00050459406
54061,163,0.00048837066
54061,164,0.0004815043
54061,165,0.00028196952
54061,166,0.00022515215
54061,167,0.00020580018
54061,168,0.00013069678
54061,169,0.00011085805
54061,170,7.452308e-05
54061,171,0.000101130296
54061,172,0.00013373185
54061,173,0.00011628255
54061,174,0.00014579365
54061,175,0.00014714748
54061,176,0.000104774386
54061,177,5.9415685e-05
54061,178,4.4706605e-05
54061,179,3.1698273e-05
54061,180,3.5971167e-05
54061,181,3.7263886e-05
54061,182,8.7113556e-05
54061,183,8.878907e-05
54061,184,7.9031866e-05
54061,185,6.123224e-05
54061,186,4.8483933e-05
54061,187,4.146518e-05
54061,188,1.6001903e-05
54061,189,1.7403852e-05
54061,190,3.8133728e-06
54061,191,5.895673e-06
54061,192,5.5411547e-06
54061,193,2.6744299e-06
54061,194,2.2127176e-07
54061,195,1.7285178e-07
54061,196,1.4484143e-06
54061,197,3.1079855e-07
54061,198,1.6417663e-06
54061,199,1.4406126e-05
54061,200,5.2309628e-05
54061,201,6.7380686e-05
54061,202,5.7011188e-05
54061,203,2.6756708e-05
54061,204,3.2375687e-05
54061,205,2.3394288e-05
54061,206,1.5621961e-05
54061,207,2.3370672e-05
54061,208,1.9171735e-05
54061,209,2.6670543e-05
54061,210,3.3312204e-05
54061,211,1.2528015e-05
54061,212,4.7451394e-05
54061,213,3.7482183e-05
54061,214,2.9420082e-05
54061,215,2.212282e-05
54065,73,0.0011838279
54065,74,0.00053788594
54065,75,0.00022755751
54065,76,0.00016534296
54065,77,0.00015559647
54065,78,0.00019228098
54065,79,0.0002453494
54065,80,0.00040310223
54065,81,0.00045600225
54065,82,0.0004954995
54065,83,0.00044235113
54065,84,0.00028207482
54065,85,0.00014182394
54065,86,0.00016320244
54065,87,0.00012369867
54065,88,0.0001464466
54065,89,0.00018114825
54065,90,0.0002546315
54065,91,0.00015787194
54065,92,7.583124e-05
54065,93,2.8033719e-05
54065,94,2.5407338e-05
54065,95,1.7084358e-07
54065,96,1.0819085e-06
54065,97,1.2005267e-05
54065,98,4.4120432e-05
54065,99,6.676577e-05
54065,100,0.000114030205
54065,101,0.00018232182
54065,102,0.00016029483
54065,103,0.00018417573
54065,104,0.00040499103
54065,105,0.00041966795
54065,106,0.0002873551
54065,107,0.00014234472
54065,108,7.66368e-05
54065,109,4.1933134e-05
54065,110,3.205508e-05
54065,111,3.1614978e-05
54065,112,3.0569052e-05
54065,113,4.114264e-05
54065,114,6.954163e-05
54065,115,0.00012737328
54065,116,0.00018595732
54065,117,0.00022348364
54065,118,0.0002875082
54065,119,0.00044510697
54065,120,0.00060480635
54065,121,0.0006054296
54065,122,0.00050683366
54065,123,0.0006033166
54065,124,0.00041771724
54065,125,0.00035373983
54065,126,0.00023240363
54065,127,0.00015272603
54065,128,0.00015019254
54065,129,9.351306e-05
54065,130,0.00010808788
54065,131,6.773509e-05
54065,132,3.559624e-05
54065,133,2.1878303e-05
54065,134,7.797355e-07
54065,135,0.0
54065,136,0.0
54065,137,2.079616e-06
54065,138,0.00015497845
54065,139,0.00015521102
54065,140,0.00025363642
54065,141,0.00029793166
54065,142,0.0016275747
54065,143,0.0019650871
54065,144,0.0020471525
54065,145,0.0020438717
54065,146,0.001514173
54065,147,0.0014598403
54065,148,0.0014016288
54065,149,0.0013725935
54065,150,0.0012122738
54065,151,0.0014455636
54065,152,0.0014868091
54065,153,0.001484855
54065,154,0.0014454536
54065,155,0.0012952341
54065,156,0.0013590743
54065,157,0.0014022366
54065,158,0.0015390214
54065,159,0.0012893516
54065,160,0.0010031376
54065,161,0.00064136996
54065,162,0.00042804788
54065,163,0.0003379287
54065,164,0.00025703595
54065,165,0.00025017592
54065,166,0.00026171378
54065,167,0.0003735559
54065,168,0.00043802705
54065,169,0.00014653198
54065,170,0.0003554733
54065,171,0.00024668453
54065,172,0.0005052849
54065,173,0.0003033216
54065,174,0.00025069446
54065,175,0.00017236972
54065,176,0.00035249238
54065,177,0.00019775746
54065,178,0.000106730586
54065,179,8.9211244e-05
54065,180,7.4346346e-05
54065,181,0.00011851263
54065,182,0.00011605623
54065,183,0.00020342233
54065,184,0.00022386819
54065,185,0.0002576567
54065,186,0.00016074958
54065,187,0.000114895876
54065,188,4.4623728e-05
54065,189,1.9049847e-05
54065,190,2.4442706e-06
54065,191,2.26712e-10
54065,192,0.0
54065,193,0.0
54065,194,1.4495191e-07
54065,195,3.8399062e-07
54065,196,0.0
54065,197,0.0
54065,198,0.0
54065,199,0.0
54065,200,0.0
54065,201,0.0
54065,202,0.0
54065,203,1.3677492e-05
54065,204,2.5648289e-05
54065,205,9.151288e-05
54065,206,0.0003184721
54065,207,0.00044562723
54065,208,0.00040665868
54065,209,0.00032517975
54065,210,0.00019345255
54065,211,4.8101625e-05
54065,212,4.999661e-05
54065,213,1.4693713e-05
54065,214,1.73576e-05
54065,215,1.5112777e-06
