fipsCode,hour,osi_pred
18001,73,0.007535107
18001,74,0.0061471257
18001,75,0.0057020504
18001,76,0.005440358
18001,77,0.005178598
18001,78,0.0052199494
18001,79,0.005078171
18001,80,0.0045683603
18001,81,0.0041549234
18001,82,0.0037792483
18001,83,0.0034461243
18001,84,0.003159848
18001,85,0.003212225
18001,86,0.0029773926
18001,87,0.0026846982
18001,88,0.0026127812
18001,89,0.0023946748
18001,90,0.002138473
18001,91,0.0016791883
18001,92,0.0014997927
18001,93,0.0011299682
18001,94,0.001104765
18001,95,0.001097695
18001,96,0.0007485425
18001,97,0.0006911941
18001,98,0.00062750623
18001,99,0.0005529647
18001,100,0.00048001923
18001,101,0.00034001094
18001,102,0.0002524148
18001,103,0.00020511783
18001,104,0.00047247446
18001,105,0.00041543436
18001,106,0.00044392367
18001,107,0.00042180083
18001,108,0.0032277587
18001,109,0.0046966113
18001,110,0.005123918
18001,111,0.00483344
18001,112,0.004196719
18001,113,0.0043682754
18001,114,0.0045252065
18001,115,0.0046625542
18001,116,0.0046729655
18001,117,0.004177036
18001,118,0.004343226
18001,119,0.005650269
18001,120,0.005220922
18001,121,0.0056171464
18001,122,0.0066137016
18001,123,0.0077858213
18001,124,0.00806435
18001,125,0.008063279
18001,126,0.008143759
18001,127,0.007897908
18001,128,0.007279369
18001,129,0.006077553
18001,130,0.0047928183
18001,131,0.0038514575
18001,132,0.0034152013
18001,133,0.0029301175
18001,134,0.0022177976
18001,135,0.0019648338
18001,136,0.0018804785
18001,137,0.001970088
18001,138,0.0016828176
18001,139,0.0016954583
18001,140,0.0019870212
18001,141,0.0020392304
18001,142,0.0019228518
18001,143,0.0014651114
18001,144,0.0009434107
18001,145,0.0008865969
18001,146,0.0011355447
18001,147,0.0013471417
18001,148,0.0013985655
18001,149,0.0016106394
18001,150,0.0016716346
18001,151,0.0015135552
18001,152,0.0016084099
18001,153,0.0014863414
18001,154,0.0012680897
18001,155,0.0010185272
18001,156,0.00081342587
18001,157,0.0010923076
18001,158,0.0010747793
18001,159,0.0010104172
18001,160,0.0005996438
18001,161,0.00045156202
18001,162,0.00043322172
18001,163,0.00038879662
18001,164,0.0004436643
18001,165,0.0005029072
18001,166,0.0004149316
18001,167,0.00031170418
18001,168,0.00015378356
18001,169,7.785287e-05
18001,170,0.000208706
18001,171,0.00021876933
18001,172,0.00021766711
18001,173,0.00021872156
18001,174,0.00022187557
18001,175,0.00035924916
18001,176,0.00051518885
18001,177,0.0004875217
18001,178,0.0002577114
18001,179,0.000113065675
18001,180,0.00020902658
18001,181,0.00017999238
18001,182,0.00015961946
18001,183,4.9078226e-05
18001,184,2.1475053e-05
18001,185,0.00013672207
18001,186,0.0002049275
18001,187,9.7418306e-05
18001,188,0.000120392106
18001,189,0.00012807336
18001,190,0.00011533008
18001,191,4.7016427e-05
18001,192,0.0
18001,193,0.0
18001,194,0.0
18001,195,0.0
18001,196,5.7636735e-06
18001,197,8.55012e-05
18001,198,0.0004531744
18001,199,0.00023106011
18001,200,0.0
18001,201,0.0
18001,202,0.0
18001,203,0.0
18001,204,0.00012125604
18001,205,0.0001433757
18001,206,0.00012645707
18001,207,0.0
18001,208,0.0
18001,209,0.0
18001,210,0.0
18001,211,0.00037546578
18001,212,3.183775e-05
18001,213,0.0
18001,214,0.0
18001,215,0.0
18003,73,0.010132469
18003,74,0.008673987
18003,75,0.008048182
18003,76,0.0075828917
18003,77,0.0071714683
18003,78,0.0068240333
18003,79,0.0064294892
18003,80,0.006038429
18003,81,0.0056309258
18003,82,0.005146157
18003,83,0.0046775993
18003,84,0.0040974943
18003,85,0.003703651
18003,86,0.0034341894
18003,87,0.002975262
18003,88,0.00265276
18003,89,0.002356301
18003,90,0.0021554986
18003,91,0.0019019346
18003,92,0.0015756153
18003,93,0.0026049155
18003,94,0.0009813085
18003,95,0.00097210385
18003,96,0.001170531
18003,97,0.0014662667
18003,98,0.001498136
18003,99,0.0014286558
18003,100,0.0013690494
18003,101,0.0011996072
18003,102,0.0010686435
18003,103,0.0010938656
18003,104,0.00105095
18003,105,0.0009835486
18003,106,0.000984774
18003,107,0.0012962335
18003,108,0.0027303614
18003,109,0.004674283
18003,110,0.0059330314
18003,111,0.0056003155
18003,112,0.0051821773
18003,113,0.005129927
18003,114,0.004877568
18003,115,0.0042643556
18003,116,0.0036331872
18003,117,0.0030595136
18003,118,0.0027002085
18003,119,0.003390181
18003,120,0.0038992614
18003,121,0.0039933887
18003,122,0.0033390631
18003,123,0.003172964
18003,124,0.0033144695
18003,125,0.00330515
18003,126,0.0031403026
18003,127,0.0028924998
18003,128,0.002910812
18003,129,0.0029398114
18003,130,0.0028216008
18003,131,0.0023492402
18003,132,0.002227409
18003,133,0.0020393138
18003,134,0.0017021617
18003,135,0.0014016116
18003,136,0.000961234
18003,137,0.0010224018
18003,138,0.0010467813
18003,139,0.001140476
18003,140,0.0012885222
18003,141,0.0011423386
18003,142,0.00079169654
18003,143,0.0004610014
18003,144,9.18732e-05
18003,145,0.00032418902
18003,146,0.0
18003,147,7.5665426e-05
18003,148,0.00015508464
18003,149,0.00030504251
18003,150,0.00042250528
18003,151,0.00021838097
18003,152,0.00028749643
18003,153,0.00033580515
18003,154,0.0001785744
18003,155,0.00016765809
18003,156,0.00012278199
18003,157,0.00011412856
18003,158,0.0
18003,159,0.0
18003,160,0.0
18003,161,0.0
18003,162,0.0
18003,163,0.0
18003,164,0.0
18003,165,1.7519189e-05
18003,166,0.0
18003,167,0.0
18003,168,0.0
18003,169,0.0
18003,170,0.0
18003,171,0.0
18003,172,0.0
18003,173,0.0
18003,174,0.0
18003,175,0.0
18003,176,0.0
18003,177,0.0
18003,178,0.0
18003,179,0.0
18003,180,0.0
18003,181,0.0
18003,182,0.0
18003,183,0.0
18003,184,0.0
18003,185,0.0
18003,186,0.0
18003,187,0.0
18003,188,0.0
18003,189,0.0
18003,190,0.0
18003,191,0.0
18003,192,0.0
18003,193,0.0
18003,194,0.0
18003,195,0.0
18003,196,0.0
18003,197,0.000308834
18003,198,0.0
18003,199,0.0
18003,200,0.0
18003,201,0.0
18003,202,0.0
18003,203,0.0
18003,204,0.0
18003,205,0.0
18003,206,0.0
18003,207,0.0
18003,208,0.0
18003,209,0.0
18003,210,0.0
18003,211,0.0
18003,212,0.0
18003,213,0.0
18003,214,0.0
18003,215,0.0
18005,73,0.00048043576
18005,74,0.00031771502
18005,75,0.00016310722
18005,76,7.3560754e-05
18005,77,0.00047784223
18005,78,0.00012389179
18005,79,9.963725e-05
18005,80,0.0001686838
18005,81,0.0002713
18005,82,0.0003886027
18005,83,0.00052944757
18005,84,0.00060215045
18005,85,0.00050610275
18005,86,0.00029818373
18005,87,7.768491e-05
18005,88,0.00014242699
18005,89,6.741083e-05
18005,90,3.4037115e-05
18005,91,0.00010154657
18005,92,7.007524e-05
18005,93,9.2443435e-05
18005,94,3.8868046e-05
18005,95,2.5256348e-05
18005,96,3.5167803e-05
18005,97,0.0
18005,98,0.0
18005,99,0.0
18005,100,0.0
18005,101,0.0
18005,102,0.0
18005,103,0.0
18005,104,0.0
18005,105,0.0
18005,106,0.00058068207
18005,107,0.0027822217
18005,108,0.009478144
18005,109,0.016316019
18005,110,0.019233825
18005,111,0.019485885
18005,112,0.017957412
18005,113,0.015080216
18005,114,0.013050004
18005,115,0.011117606
18005,116,0.008881548
18005,117,0.0074268747
18005,118,0.008092205
18005,119,0.009975869
18005,120,0.011562402
18005,121,0.010619741
18005,122,0.00943202
18005,123,0.0069704168
18005,124,0.0052128215
18005,125,0.0044575916
18005,126,0.0043673553
18005,127,0.004363991
18005,128,0.0039168727
18005,129,0.0033158076
18005,130,0.003044618
18005,131,0.0028690172
18005,132,0.0024483756
18005,133,0.0018837106
18005,134,0.0015265695
18005,135,0.0011192065
18005,136,0.001043363
18005,137,0.0010932742
18005,138,0.0009837347
18005,139,0.0010053312
18005,140,0.0008536115
18005,141,0.001061698
18005,142,0.0009617897
18005,143,0.0008701259
18005,144,0.00087409833
18005,145,0.00083374634
18005,146,0.0006707217
18005,147,0.0007599002
18005,148,0.0007920523
18005,149,0.00068903
18005,150,0.000539771
18005,151,0.00040655702
18005,152,0.00042398405
18005,153,0.00052695564
18005,154,0.0003765038
18005,155,0.0002973093
18005,156,0.00039445533
18005,157,0.0003600799
18005,158,0.0004976698
18005,159,0.00017770322
18005,160,0.00017256856
18005,161,0.00023291721
18005,162,0.00030627704
18005,163,0.00021041952
18005,164,0.00042025585
18005,165,0.00037369196
18005,166,0.00029455387
18005,167,0.00027529572
18005,168,0.00026648454
18005,169,0.00023074057
18005,170,0.00023774157
18005,171,0.00021206534
18005,172,0.00019493152
18005,173,0.0002706672
18005,174,0.00020377753
18005,175,0.00019268153
18005,176,4.3164444e-05
18005,177,8.386948e-05
18005,178,0.00022945879
18005,179,0.00043380755
18005,180,0.00048265402
18005,181,0.00015362963
18005,182,2.5581576e-05
18005,183,0.00016096662
18005,184,0.0002052491
18005,185,0.00016634565
18005,186,0.00020466246
18005,187,0.00024751245
18005,188,9.4234456e-05
18005,189,0.00016384514
18005,190,0.00015741713
18005,191,0.00022535613
18005,192,0.0
18005,193,0.0
18005,194,0.0
18005,195,0.0
18005,196,0.0
18005,197,0.0
18005,198,5.0698236e-05
18005,199,7.965429e-05
18005,200,6.853235e-05
18005,201,0.0
18005,202,2.4598026e-05
18005,203,0.00013134391
18005,204,0.00023211105
18005,205,0.0
18005,206,0.0
18005,207,6.0740687e-05
18005,208,0.00015268088
18005,209,9.6019336e-05
18005,210,0.0
18005,211,9.0698144e-05
18005,212,0.00016563499
18005,213,0.00015153579
18005,214,0.0
18005,215,0.0
18007,73,0.0
18007,74,0.0
18007,75,0.0
18007,76,0.0
18007,77,0.0
18007,78,0.0
18007,79,0.0
18007,80,0.0
18007,81,2.1800446e-05
18007,82,0.0004942174
18007,83,0.00046679287
18007,84,0.0004602393
18007,85,0.0006462645
18007,86,0.0007100735
18007,87,0.00040333785
18007,88,0.00017026291
18007,89,0.00016967513
18007,90,0.00018460724
18007,91,0.0003197381
18007,92,0.0
18007,93,0.0
18007,94,0.0
18007,95,0.0
18007,96,0.0
18007,97,0.00027071004
18007,98,0.00033105435
18007,99,0.0
18007,100,0.0
18007,101,0.0
18007,102,0.0
18007,103,0.00019989323
18007,104,0.0008783207
18007,105,0.0014618512
18007,106,0.0026451044
18007,107,0.0035881454
18007,108,0.006427067
18007,109,0.007659123
18007,110,0.00623244
18007,111,0.0065350635
18007,112,0.0076945685
18007,113,0.00778949
18007,114,0.006826362
18007,115,0.0058162357
18007,116,0.0038757124
18007,117,0.0023945093
18007,118,0.0019423428
18007,119,0.0026662115
18007,120,0.0035624087
18007,121,0.0031697664
18007,122,0.0033952736
18007,123,0.003984837
18007,124,0.0034087098
18007,125,0.0024134514
18007,126,0.0016713281
18007,127,0.0013568442
18007,128,0.0014504653
18007,129,0.001661091
18007,130,0.001994215
18007,131,0.002501971
18007,132,0.002820875
18007,133,0.0028075222
18007,134,0.0028342372
18007,135,0.0029511324
18007,136,0.0027603141
18007,137,0.002380362
18007,138,0.0020692574
18007,139,0.0015049753
18007,140,0.0012491349
18007,141,0.0011733171
18007,142,0.0009812495
18007,143,0.0006869086
18007,144,0.0005848781
18007,145,0.00073241384
18007,146,0.00069451635
18007,147,0.0005688267
18007,148,0.0004237921
18007,149,0.0006449492
18007,150,0.0012837513
18007,151,0.002139237
18007,152,0.0029202835
18007,153,0.0036828474
18007,154,0.004009624
18007,155,0.004730581
18007,156,0.005400956
18007,157,0.0057028667
18007,158,0.0033413982
18007,159,0.0012602262
18007,160,0.00072208233
18007,161,0.0010509819
18007,162,0.0010903318
18007,163,0.00057397655
18007,164,0.00044056642
18007,165,0.00065055856
18007,166,0.00049550197
18007,167,9.513378e-05
18007,168,0.0
18007,169,0.0
18007,170,0.0001214257
18007,171,8.203086e-05
18007,172,0.00040884106
18007,173,0.00084496016
18007,174,0.0006389147
18007,175,0.00025867543
18007,176,0.00096756703
18007,177,0.001958198
18007,178,0.0026907902
18007,179,0.0023264904
18007,180,0.0019013843
18007,181,0.0013896052
18007,182,0.0010216304
18007,183,0.0007455355
18007,184,0.00016662845
18007,185,5.7262565e-05
18007,186,0.00050743355
18007,187,0.00071875734
18007,188,0.0006500041
18007,189,0.0
18007,190,0.0
18007,191,0.0
18007,192,0.0
18007,193,0.0
18007,194,0.0
18007,195,0.0
18007,196,0.0
18007,197,0.0
18007,198,0.0
18007,199,0.0
18007,200,0.0
18007,201,0.0
18007,202,0.0
18007,203,0.0
18007,204,0.0
18007,205,0.0
18007,206,0.0
18007,207,4.8733305e-05
18007,208,9.8145865e-05
18007,209,0.0
18007,210,0.0
18007,211,0.0
18007,212,0.0004108093
18007,213,0.00027301026
18007,214,0.0
18007,215,0.0
18011,73,0.0
18011,74,0.0002781535
18011,75,0.0003831251
18011,76,0.0003411155
18011,77,0.00023313858
18011,78,8.290381e-05
18011,79,1.691897e-05
18011,80,6.20919e-05
18011,81,7.260625e-05
18011,82,0.00025840162
18011,83,0.00030956714
18011,84,0.0002329375
18011,85,0.00032434837
18011,86,0.00024166837
18011,87,0.00054739474
18011,88,0.0003834825
18011,89,0.0002403043
18011,90,0.00029298489
18011,91,0.00015849195
18011,92,0.0
18011,93,7.563734e-06
18011,94,0.0
18011,95,0.0
18011,96,9.4140094e-05
18011,97,1.1654401e-05
18011,98,0.0
18011,99,1.6247892e-05
18011,100,1.1201191e-05
18011,101,0.00014245999
18011,102,3.2607008e-05
18011,103,0.0
18011,104,0.00010863135
18011,105,0.00031416147
18011,106,0.00058126496
18011,107,0.0013863078
18011,108,0.0026984122
18011,109,0.0032458294
18011,110,0.0034774754
18011,111,0.00321911
18011,112,0.0032080852
18011,113,0.002905633
18011,114,0.0023497425
18011,115,0.0022590032
18011,116,0.0022485824
18011,117,0.0022690587
18011,118,0.0026505783
18011,119,0.0028018747
18011,120,0.0016969019
18011,121,0.0021670116
18011,122,0.0024315552
18011,123,0.002312098
18011,124,0.0021958277
18011,125,0.001873688
18011,126,0.0017933738
18011,127,0.0017566326
18011,128,0.0015756611
18011,129,0.0011617463
18011,130,0.0010404611
18011,131,0.0011214603
18011,132,0.0010421685
18011,133,0.00088902743
18011,134,0.00070409715
18011,135,0.0005421787
18011,136,0.00028396983
18011,137,0.000415637
18011,138,0.00021248504
18011,139,0.0002323963
18011,140,0.00038596973
18011,141,0.00031908916
18011,142,0.00034909626
18011,143,0.00019264944
18011,144,0.00022888262
18011,145,0.0002192406
18011,146,0.0002439709
18011,147,0.00025956365
18011,148,5.6846762e-05
18011,149,6.534128e-05
18011,150,0.00019664412
18011,151,0.00025517828
18011,152,0.0002678925
18011,153,0.0001446307
18011,154,0.00011578729
18011,155,7.882006e-05
18011,156,0.0
18011,157,0.0
18011,158,0.0
18011,159,0.0
18011,160,0.00017483934
18011,161,0.00014362621
18011,162,0.0001565959
18011,163,0.00014234403
18011,164,0.0002884325
18011,165,0.00021205904
18011,166,0.000115772775
18011,167,0.0
18011,168,1.4089251e-05
18011,169,1.0326123e-05
18011,170,0.0
18011,171,0.0
18011,172,0.0
18011,173,0.0
18011,174,5.06433e-05
18011,175,0.0001290949
18011,176,0.0
18011,177,0.0
18011,178,4.3616415e-05
18011,179,0.00021146415
18011,180,0.00024487436
18011,181,8.272593e-05
18011,182,0.0
18011,183,3.1223342e-05
18011,184,0.00017748057
18011,185,5.4900334e-05
18011,186,0.0
18011,187,0.0
18011,188,0.00014373448
18011,189,0.00012602891
18011,190,9.678743e-05
18011,191,0.0
18011,192,0.0
18011,193,0.0
18011,194,0.0
18011,195,0.0
18011,196,0.0
18011,197,0.0
18011,198,0.0
18011,199,0.0
18011,200,0.0
18011,201,0.0
18011,202,0.0
18011,203,0.0
18011,204,0.0
18011,205,0.0
18011,206,0.0
18011,207,0.00013032954
18011,208,6.328678e-06
18011,209,0.0
18011,210,0.0
18011,211,0.00015169797
18011,212,0.00047696626
18011,213,0.0003571063
18011,214,0.000108239146
18011,215,0.0
18015,73,0.001124641
18015,74,0.001246184
18015,75,0.0010063382
18015,76,0.00087708706
18015,77,0.0005371494
18015,78,0.000743818
18015,79,0.0007536704
18015,80,0.00020304188
18015,81,0.00020177677
18015,82,0.00022760904
18015,83,0.00053119694
18015,84,0.0007563266
18015,85,0.0006865684
18015,86,0.0006703926
18015,87,0.0008122936
18015,88,0.00085476675
18015,89,0.0005833645
18015,90,0.00043834603
18015,91,0.0004486057
18015,92,0.0002928404
18015,93,0.00019955792
18015,94,0.00026876116
18015,95,0.0002515658
18015,96,0.0005197099
18015,97,0.00036476683
18015,98,0.00038503934
18015,99,0.00039119393
18015,100,0.00037251308
18015,101,0.00038546466
18015,102,6.6082546e-05
18015,103,0.00019863527
18015,104,0.00044530546
18015,105,0.00084232434
18015,106,0.00117145
18015,107,0.0017314435
18015,108,0.0021222907
18015,109,0.0032209517
18015,110,0.0032225675
18015,111,0.0031198547
18015,112,0.0035644535
18015,113,0.002750703
18015,114,0.003036998
18015,115,0.0027140952
18015,116,0.002822384
18015,117,0.0030277895
18015,118,0.002939678
18015,119,0.001902504
18015,120,0.0020854843
18015,121,0.0025718552
18015,122,0.0027905023
18015,123,0.0027247712
18015,124,0.002535831
18015,125,0.0021172566
18015,126,0.001971361
18015,127,0.0020202815
18015,128,0.0018074759
18015,129,0.0016210617
18015,130,0.0012674719
18015,131,0.0012129031
18015,132,0.0012417139
18015,133,0.001301207
18015,134,0.0011782013
18015,135,0.0009471655
18015,136,0.0009470752
18015,137,0.00077023753
18015,138,0.0008632923
18015,139,0.00059273926
18015,140,0.0006255641
18015,141,0.00069822423
18015,142,0.00075397687
18015,143,0.0006713907
18015,144,0.00059920264
18015,145,0.0004955821
18015,146,0.00049659633
18015,147,0.00044477102
18015,148,0.00033418328
18015,149,0.00038307894
18015,150,0.0004508683
18015,151,0.00056077365
18015,152,0.00041372413
18015,153,0.00023373091
18015,154,0.0
18015,155,0.0
18015,156,8.004262e-05
18015,157,0.00028871803
18015,158,0.00033941318
18015,159,0.00031863738
18015,160,0.00017515947
18015,161,0.00036285553
18015,162,0.00044381348
18015,163,0.00042792578
18015,164,0.0005116849
18015,165,0.0005624883
18015,166,0.00046144094
18015,167,0.00034999356
18015,168,0.00029696157
18015,169,0.00020338503
18015,170,0.000105190324
18015,171,0.00010996924
18015,172,0.00013888442
18015,173,0.00035473375
18015,174,0.00048537017
18015,175,0.00033232712
18015,176,0.00017384588
18015,177,0.00027198094
18015,178,0.00028563174
18015,179,0.0002257269
18015,180,0.0003917306
18015,181,0.0004940091
18015,182,0.0004188265
18015,183,0.00032550842
18015,184,0.00018327808
18015,185,7.0710325e-05
18015,186,1.8114388e-05
18015,187,0.00016631844
18015,188,0.00032878743
18015,189,0.00045178965
18015,190,0.000383987
18015,191,0.00014548592
18015,192,0.0
18015,193,0.0
18015,194,0.0
18015,195,0.0
18015,196,0.0
18015,197,0.0
18015,198,0.0
18015,199,0.0
18015,200,0.0
18015,201,0.0
18015,202,0.0
18015,203,0.00012114773
18015,204,9.440208e-06
18015,205,6.203458e-05
18015,206,0.00020041075
18015,207,0.0002182865
18015,208,0.0
18015,209,0.0
18015,210,0.00016962836
18015,211,0.00032986328
18015,212,0.00056624954
18015,213,0.0005746553
18015,214,0.00055309554
18015,215,0.0004582981
18017,73,0.001439147
18017,74,0.002189415
18017,75,0.0016091679
18017,76,0.00097604387
18017,77,0.0012158254
18017,78,0.0011571839
18017,79,0.0011882975
18017,80,0.000857099
18017,81,0.0006533683
18017,82,0.00058302673
18017,83,0.0008176453
18017,84,0.0011153704
18017,85,0.0011312971
18017,86,0.00097358803
18017,87,0.0009688007
18017,88,0.0010818886
18017,89,0.00077818066
18017,90,0.0006142968
18017,91,0.00059422804
18017,92,0.00048253828
18017,93,0.0003173104
18017,94,0.00029322115
18017,95,0.0004089407
18017,96,0.0005250475
18017,97,0.00039268326
18017,98,0.0003909236
18017,99,0.0003609329
18017,100,0.00037093792
18017,101,0.00037388995
18017,102,0.00014805856
18017,103,0.00031986207
18017,104,0.00045893798
18017,105,0.00085156073
18017,106,0.0011593645
18017,107,0.0016424617
18017,108,0.0021594889
18017,109,0.0031382563
18017,110,0.0030066364
18017,111,0.002753472
18017,112,0.003598581
18017,113,0.0033223536
18017,114,0.0034559963
18017,115,0.0031338022
18017,116,0.0029622905
18017,117,0.0021256797
18017,118,0.0019901705
18017,119,0.0005134768
18017,120,0.00012031228
18017,121,0.0015958467
18017,122,0.0022312414
18017,123,0.002477468
18017,124,0.0023063254
18017,125,0.0020895493
18017,126,0.0018489884
18017,127,0.0017967101
18017,128,0.0017316585
18017,129,0.0014092016
18017,130,0.0011243167
18017,131,0.0010493896
18017,132,0.0010556566
18017,133,0.0011459034
18017,134,0.001190819
18017,135,0.0010586295
18017,136,0.0010489974
18017,137,0.00094153977
18017,138,0.00095425086
18017,139,0.0009280531
18017,140,0.00063931034
18017,141,0.0005860601
18017,142,0.0005438285
18017,143,0.0005542183
18017,144,0.00056306587
18017,145,0.0005632051
18017,146,0.0005213952
18017,147,0.00040629372
18017,148,0.0003360245
18017,149,0.0004468635
18017,150,0.00056658953
18017,151,0.00039413891
18017,152,8.776434e-05
18017,153,0.0
18017,154,0.0
18017,155,0.00010027388
18017,156,0.00033599365
18017,157,0.00043452703
18017,158,0.0003669726
18017,159,0.00024677726
18017,160,7.5086784e-05
18017,161,0.00032216453
18017,162,0.00050019217
18017,163,0.0005585391
18017,164,0.0005163612
18017,165,0.0005374045
18017,166,0.00045023247
18017,167,0.0002864275
18017,168,0.00028880357
18017,169,0.00026410777
18017,170,0.00017727079
18017,171,0.00018254646
18017,172,0.00022150076
18017,173,0.0005077236
18017,174,0.00050628744
18017,175,0.00032966415
18017,176,0.00014877085
18017,177,0.00010080137
18017,178,0.00016126796
18017,179,0.0002542443
18017,180,0.00038939054
18017,181,0.0005988087
18017,182,0.00052901247
18017,183,0.00041808214
18017,184,0.00039067035
18017,185,0.00029292592
18017,186,8.600459e-05
18017,187,0.0
18017,188,0.00020463145
18017,189,0.00031224667
18017,190,0.00032461085
18017,191,6.289377e-05
18017,192,0.0
18017,193,3.107631e-05
18017,194,5.8894777e-05
18017,195,0.00011615243
18017,196,6.4576416e-05
18017,197,0.0
18017,198,0.0
18017,199,0.0
18017,200,0.0
18017,201,0.0001752541
18017,202,0.00029101854
18017,203,0.00038584202
18017,204,0.00017320826
18017,205,0.00015176287
18017,206,0.0
18017,207,0.0
18017,208,0.0
18017,209,0.0
18017,210,6.1215164e-06
18017,211,0.00027413876
18017,212,0.0004754915
18017,213,0.0005280342
18017,214,0.0003072541
18017,215,0.00024938906
18019,73,0.0001606803
18019,74,0.0001411903
18019,75,0.00016862391
18019,76,0.00021734141
18019,77,0.00027766288
18019,78,0.0003312226
18019,79,0.0003477158
18019,80,0.00031107376
18019,81,0.00042573098
18019,82,0.00052016316
18019,83,0.00052383944
18019,84,0.0006310759
18019,85,0.0004961114
18019,86,0.0004948603
18019,87,0.00038626985
18019,88,0.0003723477
18019,89,0.00030422062
18019,90,0.0
18019,91,0.0
18019,92,0.0
18019,93,0.0
18019,94,0.0
18019,95,0.0
18019,96,0.0
18019,97,0.0
18019,98,0.0
18019,99,0.0
18019,100,0.0
18019,101,0.0
18019,102,0.0
18019,103,0.0
18019,104,0.0
18019,105,0.00029572155
18019,106,0.0010962554
18019,107,0.0021211624
18019,108,0.0037622557
18019,109,0.0072099296
18019,110,0.0084873745
18019,111,0.007659735
18019,112,0.0069178613
18019,113,0.006430106
18019,114,0.005933775
18019,115,0.005007645
18019,116,0.0037395447
18019,117,0.003824626
18019,118,0.0043235277
18019,119,0.00418044
18019,120,0.0052655167
18019,121,0.0053548967
18019,122,0.004949628
18019,123,0.004352935
18019,124,0.003898457
18019,125,0.0033902836
18019,126,0.0029770709
18019,127,0.0024593996
18019,128,0.002143319
18019,129,0.0018114602
18019,130,0.0016341463
18019,131,0.0016627706
18019,132,0.0017465076
18019,133,0.0012960624
18019,134,0.0009131394
18019,135,0.0006622172
18019,136,0.0006866405
18019,137,0.00066564535
18019,138,0.00079673977
18019,139,0.0009712622
18019,140,0.00066902605
18019,141,0.0005639195
18019,142,0.0005991365
18019,143,0.0005632821
18019,144,0.0005126508
18019,145,0.0007406222
18019,146,0.0007513311
18019,147,0.00062848796
18019,148,0.0006401887
18019,149,0.0005111459
18019,150,0.0005037383
18019,151,0.00046661493
18019,152,0.00045996666
18019,153,0.00039796095
18019,154,0.00035502666
18019,155,0.00020186968
18019,156,1.3820911e-05
18019,157,0.0
18019,158,0.0
18019,159,0.0
18019,160,0.0
18019,161,0.0
18019,162,0.0
18019,163,1.3407564e-05
18019,164,0.00012208652
18019,165,0.00013966052
18019,166,0.0
18019,167,0.0
18019,168,0.0
18019,169,0.0
18019,170,0.0
18019,171,0.0
18019,172,0.0
18019,173,0.0
18019,174,0.0
18019,175,5.297711e-05
18019,176,5.9839724e-05
18019,177,0.00013687143
18019,178,0.00010761616
18019,179,0.0001740212
18019,180,0.00017869139
18019,181,0.0001228975
18019,182,0.0
18019,183,2.5624204e-05
18019,184,0.00018808486
18019,185,0.00024924468
18019,186,0.00022681648
18019,187,0.00019702596
18019,188,0.00026935118
18019,189,0.00027498073
18019,190,0.00015229493
18019,191,0.00020886361
18019,192,0.0
18019,193,0.000115844894
18019,194,2.3504472e-05
18019,195,0.0
18019,196,0.0
18019,197,0.0
18019,198,0.0
18019,199,0.0
18019,200,1.4008809e-05
18019,201,0.0
18019,202,1.4121008e-05
18019,203,0.0
18019,204,8.6483954e-07
18019,205,0.0
18019,206,0.0
18019,207,0.0
18019,208,0.0
18019,209,0.0
18019,210,0.0
18019,211,7.432869e-05
18019,212,6.533761e-05
18019,213,0.0
18019,214,2.967937e-05
18019,215,0.0
18021,73,0.00055693166
18021,74,0.00060541945
18021,75,0.00040153626
18021,76,0.0006880422
18021,77,0.00057254126
18021,78,0.00010885968
18021,79,0.00022012036
18021,80,0.00026368434
18021,81,0.00021661713
18021,82,0.00039131538
18021,83,0.0005817724
18021,84,0.000633253
18021,85,0.00057871034
18021,86,1.0907674e-05
18021,87,8.010924e-05
18021,88,0.00023960872
18021,89,0.00050932524
18021,90,0.0005151989
18021,91,0.00044354706
18021,92,8.70805e-05
18021,93,0.0
18021,94,0.0
18021,95,0.0
18021,96,1.8857765e-05
18021,97,1.2193001e-05
18021,98,0.0
18021,99,0.0
18021,100,0.0
18021,101,0.0
18021,102,0.0
18021,103,0.0
18021,104,0.00041659334
18021,105,0.0012528792
18021,106,0.0031837148
18021,107,0.0073914854
18021,108,0.012106964
18021,109,0.013041206
18021,110,0.015616707
18021,111,0.018763792
18021,112,0.020406546
18021,113,0.020530142
18021,114,0.019684602
18021,115,0.018907472
18021,116,0.017874409
18021,117,0.018969886
18021,118,0.021989224
18021,119,0.024300897
18021,120,0.021308953
18021,121,0.017478481
18021,122,0.0141656725
18021,123,0.011578289
18021,124,0.008930772
18021,125,0.007046989
18021,126,0.005631762
18021,127,0.0044238158
18021,128,0.0038024425
18021,129,0.003382603
18021,130,0.0027705673
18021,131,0.0024143506
18021,132,0.0023389838
18021,133,0.0021606856
18021,134,0.0017783082
18021,135,0.0016013627
18021,136,0.0013275379
18021,137,0.001201071
18021,138,0.0010617997
18021,139,0.0013397414
18021,140,0.0009929163
18021,141,0.0007034142
18021,142,0.0011041067
18021,143,0.0010849537
18021,144,0.0009544605
18021,145,0.0008798691
18021,146,0.001034973
18021,147,0.001100486
18021,148,0.0010249278
18021,149,0.0008113953
18021,150,0.00091642624
18021,151,0.00093247776
18021,152,0.00084653834
18021,153,0.0006170343
18021,154,0.0005467786
18021,155,0.00044645806
18021,156,0.00042108167
18021,157,0.0003915707
18021,158,0.0001776809
18021,159,0.00015505421
18021,160,0.00045235862
18021,161,0.00046622
18021,162,0.0004981565
18021,163,0.00046668996
18021,164,0.0005266248
18021,165,0.0004701722
18021,166,0.00036820932
18021,167,0.00032980274
18021,168,0.0002843277
18021,169,0.00028584606
18021,170,0.0003268727
18021,171,0.0003161937
18021,172,0.00036117234
18021,173,0.00043346998
18021,174,0.0004171448
18021,175,0.00038245835
18021,176,0.0003029383
18021,177,0.0003074434
18021,178,0.00046347931
18021,179,0.0006691659
18021,180,0.00053606665
18021,181,0.00031242432
18021,182,0.00011737658
18021,183,0.00019127777
18021,184,0.00040401702
18021,185,0.00034234725
18021,186,0.00020278299
18021,187,0.00026584166
18021,188,0.00061634905
18021,189,0.0005808591
18021,190,0.00044647732
18021,191,0.00038168792
18021,192,0.00019336428
18021,193,2.4790561e-05
18021,194,0.00013148015
18021,195,0.00010709417
18021,196,0.00019650144
18021,197,0.00031124623
18021,198,0.00029378023
18021,199,0.00014826065
18021,200,0.000107581356
18021,201,0.00018345584
18021,202,0.00014918525
18021,203,5.1805448e-05
18021,204,0.0
18021,205,0.00011687565
18021,206,0.0003773147
18021,207,0.00049877545
18021,208,0.000323773
18021,209,0.000115524024
18021,210,0.0
18021,211,0.0
18021,212,0.00019549744
18021,213,0.00018987704
18021,214,0.0
18021,215,0.0
18031,73,0.004200704
18031,74,0.0039440417
18031,75,0.0034165084
18031,76,0.0030249176
18031,77,0.0024690083
18031,78,0.0018479862
18031,79,0.0016211563
18031,80,0.0016281987
18031,81,0.0015229168
18031,82,0.001444081
18031,83,0.0015644368
18031,84,0.0016371373
18031,85,0.001465485
18031,86,0.001183506
18031,87,0.0007903533
18031,88,0.0010693506
18031,89,0.0009459867
18031,90,0.0008799245
18031,91,0.0008649397
18031,92,0.00072284014
18031,93,0.00068695826
18031,94,0.0007252429
18031,95,0.00089794904
18031,96,0.0009666893
18031,97,0.0008249808
18031,98,0.00054917956
18031,99,0.00047138377
18031,100,0.00056573167
18031,101,0.0006311451
18031,102,0.00063076115
18031,103,0.0006326979
18031,104,0.00025243373
18031,105,0.00014411981
18031,106,0.0006110979
18031,107,0.0025388058
18031,108,0.0064331647
18031,109,0.0102793025
18031,110,0.0125545105
18031,111,0.013602536
18031,112,0.0133113265
18031,113,0.011746612
18031,114,0.010518909
18031,115,0.009674592
18031,116,0.007882691
18031,117,0.0058751986
18031,118,0.0057879407
18031,119,0.0059040473
18031,120,0.006691052
18031,121,0.006953292
18031,122,0.006397958
18031,123,0.0052332873
18031,124,0.0039044446
18031,125,0.0031259942
18031,126,0.0029302312
18031,127,0.0028451076
18031,128,0.0026825452
18031,129,0.0021147833
18031,130,0.001830086
18031,131,0.001895541
18031,132,0.0016233649
18031,133,0.0015381515
18031,134,0.0014478744
18031,135,0.0013820687
18031,136,0.001201443
18031,137,0.0011346997
18031,138,0.0009803659
18031,139,0.0010148869
18031,140,0.0006762769
18031,141,0.0006369382
18031,142,0.000600633
18031,143,0.00075103424
18031,144,0.00067466195
18031,145,0.0006835469
18031,146,0.00062384567
18031,147,0.0006066213
18031,148,0.00055286667
18031,149,0.0005797384
18031,150,0.00046252416
18031,151,0.0004359461
18031,152,0.00050872547
18031,153,0.00047847538
18031,154,0.000297338
18031,155,0.00027316198
18031,156,0.00021908598
18031,157,9.1034584e-05
18031,158,0.00022963785
18031,159,0.00017063133
18031,160,0.0002747409
18031,161,0.0002672735
18031,162,0.00032411798
18031,163,0.00028538145
18031,164,0.00045555938
18031,165,0.0003653951
18031,166,0.0003572765
18031,167,0.00034461654
18031,168,0.00034841307
18031,169,0.00031238052
18031,170,0.00025722486
18031,171,0.00018615513
18031,172,0.00030564464
18031,173,0.0004106884
18031,174,0.00038162447
18031,175,0.00046079353
18031,176,0.00042751085
18031,177,0.00024456647
18031,178,0.00034436965
18031,179,0.00064568897
18031,180,0.00093538454
18031,181,0.00056195183
18031,182,0.00016493876
18031,183,0.0
18031,184,0.0002792112
18031,185,0.00048536272
18031,186,0.0006573649
18031,187,0.00055565784
18031,188,0.00027809304
18031,189,0.00014406246
18031,190,0.00012800236
18031,191,0.0001577159
18031,192,0.00014901356
18031,193,0.00015200298
18031,194,0.00012011022
18031,195,0.0002031484
18031,196,0.00027248944
18031,197,0.00026913648
18031,198,0.00027620615
18031,199,0.00026029354
18031,200,0.00014712429
18031,201,0.0
18031,202,0.0
18031,203,0.00029677246
18031,204,0.0004299883
18031,205,0.0004355076
18031,206,7.260883e-06
18031,207,0.00015337758
18031,208,0.0002981453
18031,209,0.000369931
18031,210,0.0004506544
18031,211,0.00023178016
18031,212,0.0003788431
18031,213,0.00037251302
18031,214,0.0003500472
18031,215,0.00024629157
18049,73,0.0020579037
18049,74,0.0015543891
18049,75,0.0011217115
18049,76,0.0009352132
18049,77,0.00085947575
18049,78,0.0005614238
18049,79,0.00046595783
18049,80,0.00032550894
18049,81,0.00037903382
18049,82,0.00048374687
18049,83,0.00071520195
18049,84,0.0008244881
18049,85,0.00069949514
18049,86,0.0005929613
18049,87,0.0007360199
18049,88,0.00081247004
18049,89,0.0003980386
18049,90,0.00035217762
18049,91,0.0004599459
18049,92,0.0004714227
18049,93,0.00043504036
18049,94,0.00035291648
18049,95,0.00034837853
18049,96,0.0003739426
18049,97,0.0003397255
18049,98,0.0003278075
18049,99,0.00030930535
18049,100,0.0003004254
18049,101,0.00034811246
18049,102,0.0002585267
18049,103,0.00030536
18049,104,0.00034792497
18049,105,0.0004920452
18049,106,0.0007416166
18049,107,0.0010026165
18049,108,0.001146439
18049,109,0.0015964855
18049,110,0.0020390009
18049,111,0.0027143427
18049,112,0.0043265335
18049,113,0.0045376206
18049,114,0.0041239043
18049,115,0.0037087116
18049,116,0.0033757293
18049,117,0.002696489
18049,118,0.0029727384
18049,119,0.002838913
18049,120,0.0018781212
18049,121,0.0019766951
18049,122,0.0020718742
18049,123,0.00214028
18049,124,0.002030035
18049,125,0.0020027787
18049,126,0.001786365
18049,127,0.0015927333
18049,128,0.0012509897
18049,129,0.0010853404
18049,130,0.00092581916
18049,131,0.0009776489
18049,132,0.0009894092
18049,133,0.0009950175
18049,134,0.0010200483
18049,135,0.00088694744
18049,136,0.0008920652
18049,137,0.0008916269
18049,138,0.000711796
18049,139,0.0007683741
18049,140,0.000771259
18049,141,0.0007203174
18049,142,0.0005191114
18049,143,0.00044966338
18049,144,0.00050227554
18049,145,0.00070620456
18049,146,0.0008052425
18049,147,0.0008404894
18049,148,0.0009844392
18049,149,0.0012533591
18049,150,0.0012950982
18049,151,0.0011342794
18049,152,0.0012051028
18049,153,0.0014712434
18049,154,0.0015879357
18049,155,0.0016569698
18049,156,0.0016977787
18049,157,0.0014011707
18049,158,0.0010561893
18049,159,0.00076335185
18049,160,0.00049741386
18049,161,0.00047699557
18049,162,0.0005047017
18049,163,0.0005701189
18049,164,0.0005500354
18049,165,0.0004987651
18049,166,0.00044702835
18049,167,0.00033662666
18049,168,0.0003350345
18049,169,0.00036407184
18049,170,0.0002773868
18049,171,0.00031484917
18049,172,0.0003148687
18049,173,0.0004509337
18049,174,0.00054150855
18049,175,0.0003810464
18049,176,0.00047918817
18049,177,0.0004949797
18049,178,0.0005048368
18049,179,0.0005125699
18049,180,0.00066311436
18049,181,0.00068623247
18049,182,0.0006758298
18049,183,0.0005230284
18049,184,0.00035122753
18049,185,0.000310582
18049,186,0.00016648864
18049,187,0.00013377504
18049,188,0.0002112432
18049,189,0.00029144261
18049,190,0.000301733
18049,191,1.8284845e-05
18049,192,0.0
18049,193,0.0
18049,194,0.0
18049,195,7.6832795e-05
18049,196,0.0
18049,197,3.9934923e-05
18049,198,0.0
18049,199,0.0
18049,200,3.1632735e-05
18049,201,0.00027166825
18049,202,0.0003089636
18049,203,0.00036213922
18049,204,0.00024453836
18049,205,0.00026809835
18049,206,0.00015353746
18049,207,0.0
18049,208,0.0
18049,209,0.0
18049,210,0.00016162121
18049,211,0.0002564554
18049,212,0.00037116796
18049,213,0.00035555888
18049,214,0.0002953937
18049,215,0.0001228998
18053,73,0.014448727
18053,74,0.013443005
18053,75,0.012192074
18053,76,0.011235234
18053,77,0.010738776
18053,78,0.009904879
18053,79,0.008894223
18053,80,0.0076313596
18053,81,0.0068713403
18053,82,0.006301772
18053,83,0.005703286
18053,84,0.0052593155
18053,85,0.0047399723
18053,86,0.0043793772
18053,87,0.0038452279
18053,88,0.0036011508
18053,89,0.0030100122
18053,90,0.0025923895
18053,91,0.002251624
18053,92,0.0020133122
18053,93,0.0015322806
18053,94,0.001447032
18053,95,0.0014223288
18053,96,0.0011470852
18053,97,0.0012200202
18053,98,0.00119404
18053,99,0.0009515741
18053,100,0.00095421146
18053,101,0.0010167895
18053,102,0.0008767516
18053,103,0.0011810955
18053,104,0.0008979607
18053,105,0.0009725006
18053,106,0.0013240506
18053,107,0.002086048
18053,108,0.0038786847
18053,109,0.00500916
18053,110,0.0051004444
18053,111,0.0044042123
18053,112,0.0041439724
18053,113,0.004198967
18053,114,0.0037531757
18053,115,0.0035101753
18053,116,0.0030085451
18053,117,0.0028953745
18053,118,0.0031855411
18053,119,0.0029138976
18053,120,0.0023634313
18053,121,0.002147676
18053,122,0.0024684742
18053,123,0.0026184896
18053,124,0.0024963827
18053,125,0.0024371364
18053,126,0.0023572536
18053,127,0.0023000536
18053,128,0.0022060953
18053,129,0.0020538513
18053,130,0.001710416
18053,131,0.0017249689
18053,132,0.0016781806
18053,133,0.0014405192
18053,134,0.0013189621
18053,135,0.0012848586
18053,136,0.0014127012
18053,137,0.0012225166
18053,138,0.00104436
18053,139,0.000994057
18053,140,0.0011533009
18053,141,0.0009213339
18053,142,0.0006705494
18053,143,0.00064294436
18053,144,0.0005277887
18053,145,0.00060493295
18053,146,0.0005149227
18053,147,0.000525487
18053,148,0.00045261762
18053,149,0.00044415484
18053,150,0.00044159338
18053,151,0.0004636257
18053,152,0.00032785564
18053,153,0.00021386807
18053,154,0.00012045529
18053,155,9.719185e-05
18053,156,0.00018017039
18053,157,0.00030386067
18053,158,0.0003148053
18053,159,0.0003228045
18053,160,0.00026135726
18053,161,0.000277875
18053,162,0.0002925447
18053,163,0.0002704895
18053,164,0.00038048453
18053,165,0.0003337891
18053,166,0.00030063538
18053,167,0.00022886526
18053,168,0.00018517532
18053,169,0.00024286903
18053,170,0.0001469077
18053,171,0.00011384027
18053,172,0.00014161215
18053,173,0.00017532682
18053,174,0.00022687332
18053,175,0.00030251755
18053,176,0.00036946393
18053,177,0.00013264925
18053,178,0.00010554001
18053,179,0.0002507462
18053,180,0.000245526
18053,181,0.000297739
18053,182,0.00035364885
18053,183,0.0003059796
18053,184,0.0003064392
18053,185,0.0002425428
18053,186,0.00017056416
18053,187,0.00010459358
18053,188,0.00014579871
18053,189,0.00010453124
18053,190,9.401147e-05
18053,191,8.402941e-05
18053,192,0.0
18053,193,0.0
18053,194,0.0
18053,195,0.0
18053,196,0.0
18053,197,0.0
18053,198,0.0
18053,199,0.0
18053,200,2.9407026e-06
18053,201,0.0
18053,202,8.043266e-06
18053,203,0.00015598476
18053,204,0.0001381791
18053,205,0.00015918011
18053,206,0.00015143404
18053,207,0.0
18053,208,0.0
18053,209,0.0
18053,210,0.0
18053,211,0.00016581801
18053,212,0.00038296214
18053,213,0.00031565325
18053,214,0.00012644976
18053,215,9.661844e-05
18055,73,9.445305e-05
18055,74,0.0006937057
18055,75,0.0005873649
18055,76,0.00045788955
18055,77,0.00038592302
18055,78,0.00010214865
18055,79,0.00010664556
18055,80,0.00038777414
18055,81,0.00040427316
18055,82,0.00045981683
18055,83,0.0005713681
18055,84,0.0006725129
18055,85,0.00058947055
18055,86,0.0001919386
18055,87,0.00022517944
18055,88,0.0003220782
18055,89,0.00029812125
18055,90,0.00024360538
18055,91,0.00016921434
18055,92,5.4052198e-05
18055,93,0.00014083443
18055,94,0.00023029007
18055,95,0.0002342028
18055,96,0.00016885475
18055,97,5.7456495e-05
18055,98,0.0
18055,99,0.0
18055,100,0.0
18055,101,0.0
18055,102,0.0
18055,103,0.0
18055,104,0.00024916173
18055,105,0.0012341469
18055,106,0.0036872036
18055,107,0.010095699
18055,108,0.016376778
18055,109,0.018262401
18055,110,0.019733734
18055,111,0.020721216
18055,112,0.020138798
18055,113,0.018880622
18055,114,0.016460009
18055,115,0.013751923
18055,116,0.01139964
18055,117,0.011262448
18055,118,0.012768235
18055,119,0.015869355
18055,120,0.013844446
18055,121,0.01192167
18055,122,0.009639895
18055,123,0.008410263
18055,124,0.0074542356
18055,125,0.006482936
18055,126,0.005548017
18055,127,0.004755806
18055,128,0.004465586
18055,129,0.0038022706
18055,130,0.0032842087
18055,131,0.0026548076
18055,132,0.0026100406
18055,133,0.00251913
18055,134,0.0020528426
18055,135,0.0015777987
18055,136,0.001379556
18055,137,0.0012578164
18055,138,0.0012872514
18055,139,0.0012859908
18055,140,0.0011759176
18055,141,0.0010311819
18055,142,0.0012977654
18055,143,0.001187314
18055,144,0.0010349972
18055,145,0.00083055807
18055,146,0.00084569736
18055,147,0.0008270859
18055,148,0.0007272632
18055,149,0.00056308927
18055,150,0.0005588647
18055,151,0.00054369454
18055,152,0.0006840104
18055,153,0.00060934847
18055,154,0.0005997546
18055,155,0.00051464024
18055,156,0.00046406564
18055,157,0.0002450973
18055,158,9.5390846e-05
18055,159,0.00016516777
18055,160,0.00017019111
18055,161,0.00023239164
18055,162,0.0003680233
18055,163,0.00029611922
18055,164,0.0005819504
18055,165,0.0003795469
18055,166,0.0002294784
18055,167,0.0002951239
18055,168,0.00027639698
18055,169,0.00027565827
18055,170,0.0003742021
18055,171,0.00031778612
18055,172,0.00035540192
18055,173,0.00046667986
18055,174,0.00043357388
18055,175,0.0003685601
18055,176,0.00032973505
18055,177,0.00030682885
18055,178,0.0013864307
18055,179,0.0015191948
18055,180,0.0012462467
18055,181,0.002540501
18055,182,0.002926112
18055,183,0.0016733279
18055,184,0.0012656397
18055,185,0.0012290777
18055,186,0.00078990334
18055,187,0.00031111587
18055,188,8.858957e-05
18055,189,0.00050976383
18055,190,0.00057459093
18055,191,0.00050980365
18055,192,0.00028106594
18055,193,0.00027201872
18055,194,0.0002881752
18055,195,0.00040562282
18055,196,0.00048043765
18055,197,0.00048121123
18055,198,0.00047261428
18055,199,0.00042563103
18055,200,0.00039631105
18055,201,0.00040757432
18055,202,0.0005471046
18055,203,0.0004027617
18055,204,0.0003058983
18055,205,0.00028013028
18055,206,0.00030499886
18055,207,0.0003434529
18055,208,0.0002793162
18055,209,0.00022273975
18055,210,0.00013806546
18055,211,0.0001698087
18055,212,0.00037482847
18055,213,0.00030358005
18055,214,0.00015556402
18055,215,8.554012e-05
18057,73,0.0008434357
18057,74,0.00025340336
18057,75,0.00035755988
18057,76,0.0005092305
18057,77,0.00043731384
18057,78,0.0006571947
18057,79,0.00035550437
18057,80,0.00045241287
18057,81,0.0002798949
18057,82,0.00044267028
18057,83,0.0003091602
18057,84,0.00033627055
18057,85,0.0003777293
18057,86,0.0003191182
18057,87,0.000369133
18057,88,0.00033366977
18057,89,0.00014527362
18057,90,1.9126965e-05
18057,91,5.003369e-05
18057,92,0.0
18057,93,0.0
18057,94,0.0
18057,95,0.0
18057,96,0.0
18057,97,0.0
18057,98,0.0
18057,99,0.0
18057,100,0.0
18057,101,0.0
18057,102,0.0
18057,103,0.0
18057,104,0.0
18057,105,0.0
18057,106,2.3574114e-05
18057,107,0.00074396207
18057,108,0.001643052
18057,109,0.0026537012
18057,110,0.0031632876
18057,111,0.0030850666
18057,112,0.0029401723
18057,113,0.002504623
18057,114,0.0019871797
18057,115,0.0019220161
18057,116,0.0016724505
18057,117,0.0016790446
18057,118,0.002070595
18057,119,0.0015885
18057,120,0.0008850292
18057,121,0.0009714317
18057,122,0.0013687715
18057,123,0.0012156768
18057,124,0.0010861974
18057,125,0.00076859706
18057,126,0.0006684631
18057,127,0.0006269531
18057,128,0.0005729726
18057,129,0.00044335652
18057,130,0.0003643315
18057,131,0.00042095434
18057,132,0.00040609052
18057,133,0.00041696924
18057,134,0.00039354098
18057,135,0.00015441742
18057,136,1.7121458e-05
18057,137,0.00011349392
18057,138,0.0
18057,139,0.0
18057,140,0.0
18057,141,0.0
18057,142,0.0
18057,143,0.0
18057,144,0.0
18057,145,0.0
18057,146,0.0
18057,147,0.0
18057,148,0.0
18057,149,0.0
18057,150,0.0
18057,151,0.0
18057,152,0.0
18057,153,0.0
18057,154,0.0
18057,155,0.0
18057,156,0.0
18057,157,0.0
18057,158,0.0
18057,159,0.0
18057,160,0.0
18057,161,0.0
18057,162,0.0
18057,163,0.0
18057,164,8.2015635e-05
18057,165,0.0
18057,166,0.0
18057,167,0.0
18057,168,0.0
18057,169,0.0
18057,170,0.0
18057,171,0.0
18057,172,0.0
18057,173,0.0
18057,174,0.0
18057,175,0.0
18057,176,0.0
18057,177,0.0
18057,178,0.0
18057,179,0.0
18057,180,0.0
18057,181,0.0
18057,182,0.0
18057,183,0.0
18057,184,0.0
18057,185,0.0
18057,186,0.0
18057,187,0.0
18057,188,0.0
18057,189,0.0
18057,190,0.0
18057,191,0.0
18057,192,0.0
18057,193,0.0
18057,194,0.0
18057,195,0.0
18057,196,0.0
18057,197,0.0
18057,198,0.0
18057,199,0.0
18057,200,0.0
18057,201,0.0
18057,202,0.0
18057,203,0.0
18057,204,0.0
18057,205,0.0
18057,206,0.0
18057,207,0.0
18057,208,0.0
18057,209,0.0
18057,210,0.0
18057,211,0.000121765
18057,212,0.00018906902
18057,213,0.0
18057,214,0.0
18057,215,0.0
18063,73,0.0
18063,74,0.0
18063,75,0.0
18063,76,0.0
18063,77,0.0
18063,78,0.0
18063,79,0.0
18063,80,0.0
18063,81,0.0
18063,82,5.2439213e-05
18063,83,9.03939e-05
18063,84,1.1653185e-06
18063,85,3.936577e-06
18063,86,0.0
18063,87,0.0002710589
18063,88,5.946553e-05
18063,89,0.0
18063,90,5.262847e-05
18063,91,0.0
18063,92,0.0
18063,93,0.0
18063,94,0.0
18063,95,0.0
18063,96,0.0
18063,97,0.0
18063,98,0.0
18063,99,0.0
18063,100,0.0
18063,101,0.0
18063,102,0.0
18063,103,0.0
18063,104,0.0
18063,105,0.0
18063,106,0.00014947905
18063,107,0.00085743447
18063,108,0.0029303636
18063,109,0.0037981283
18063,110,0.0049691866
18063,111,0.0051053185
18063,112,0.0049788784
18063,113,0.0047032954
18063,114,0.0041577066
18063,115,0.0036391765
18063,116,0.0029447186
18063,117,0.0028236278
18063,118,0.003991026
18063,119,0.0041629286
18063,120,0.003260935
18063,121,0.0029404846
18063,122,0.0027163965
18063,123,0.002279416
18063,124,0.0021133593
18063,125,0.0019899772
18063,126,0.0018729324
18063,127,0.0016639708
18063,128,0.0015297951
18063,129,0.0011767789
18063,130,0.0010584787
18063,131,0.001042933
18063,132,0.00091218954
18063,133,0.0007450062
18063,134,0.0004521514
18063,135,0.00033271968
18063,136,0.000121969504
18063,137,0.0
18063,138,0.0
18063,139,0.00026106037
18063,140,0.0005825592
18063,141,0.00038537395
18063,142,0.00028988504
18063,143,0.00019685032
18063,144,0.00015816107
18063,145,0.0001297379
18063,146,0.00016584412
18063,147,0.00017888591
18063,148,0.00014968283
18063,149,0.0
18063,150,8.050489e-05
18063,151,0.0
18063,152,1.4335204e-05
18063,153,6.5078755e-05
18063,154,0.0
18063,155,0.0
18063,156,0.0
18063,157,0.0
18063,158,0.0
18063,159,0.0
18063,160,0.0
18063,161,0.0
18063,162,0.0
18063,163,1.0959959e-05
18063,164,0.0003301652
18063,165,5.3448868e-05
18063,166,4.5743134e-05
18063,167,0.0
18063,168,0.0
18063,169,0.0
18063,170,0.0
18063,171,0.0
18063,172,1.12269645e-05
18063,173,0.0
18063,174,0.0
18063,175,4.4326138e-05
18063,176,0.0
18063,177,0.0
18063,178,5.309701e-05
18063,179,0.00019767952
18063,180,0.00013455395
18063,181,7.3717833e-06
18063,182,0.0
18063,183,0.0
18063,184,0.0
18063,185,0.0
18063,186,2.1273376e-05
18063,187,2.4917985e-05
18063,188,0.00011516195
18063,189,3.6106492e-05
18063,190,0.0
18063,191,0.0
18063,192,0.0
18063,193,0.0
18063,194,0.0
18063,195,0.0
18063,196,0.0
18063,197,0.0
18063,198,0.0
18063,199,0.0
18063,200,0.0
18063,201,0.0
18063,202,0.0
18063,203,0.0
18063,204,0.0
18063,205,0.0
18063,206,0.0
18063,207,0.00014883657
18063,208,0.0
18063,209,0.0
18063,210,0.0
18063,211,0.00028501253
18063,212,0.0004923769
18063,213,0.00017469817
18063,214,0.0
18063,215,0.0
18075,73,0.006732197
18075,74,0.005861575
18075,75,0.005127042
18075,76,0.0045528044
18075,77,0.0041111386
18075,78,0.003994443
18075,79,0.003569822
18075,80,0.0031950162
18075,81,0.0024522392
18075,82,0.0020624592
18075,83,0.0018579183
18075,84,0.0018447437
18075,85,0.0019018508
18075,86,0.0019922985
18075,87,0.0018999054
18075,88,0.0019132984
18075,89,0.0017125664
18075,90,0.0014695603
18075,91,0.0011165821
18075,92,0.00094205595
18075,93,0.0008234287
18075,94,0.00081307656
18075,95,0.00082076306
18075,96,0.0006195925
18075,97,0.00047009217
18075,98,0.0005495819
18075,99,0.00048828276
18075,100,0.000566696
18075,101,0.0005304471
18075,102,0.00036183375
18075,103,0.00039268326
18075,104,0.0005936641
18075,105,0.0005926081
18075,106,0.00094879774
18075,107,0.0012533241
18075,108,0.0038296478
18075,109,0.0056954734
18075,110,0.0061049033
18075,111,0.00574745
18075,112,0.0052180057
18075,113,0.0055124946
18075,114,0.0055244584
18075,115,0.005427992
18075,116,0.0052573066
18075,117,0.0046800897
18075,118,0.0048063234
18075,119,0.0055697286
18075,120,0.0055398364
18075,121,0.006589855
18075,122,0.0077339113
18075,123,0.008170457
18075,124,0.007762937
18075,125,0.007198146
18075,126,0.006856456
18075,127,0.0063508837
18075,128,0.005770173
18075,129,0.004580906
18075,130,0.0034918962
18075,131,0.0029547745
18075,132,0.0027013165
18075,133,0.002384936
18075,134,0.0021659983
18075,135,0.0021490422
18075,136,0.0023084441
18075,137,0.0024132784
18075,138,0.0020868706
18075,139,0.002128561
18075,140,0.0025247184
18075,141,0.0025953555
18075,142,0.00247834
18075,143,0.0018349506
18075,144,0.0017409762
18075,145,0.0019746553
18075,146,0.0019282593
18075,147,0.0015488492
18075,148,0.0012963355
18075,149,0.0013561229
18075,150,0.0016119764
18075,151,0.0017007559
18075,152,0.0016978346
18075,153,0.0014447783
18075,154,0.0011624417
18075,155,0.0010395895
18075,156,0.0009709791
18075,157,0.0010242626
18075,158,0.000731241
18075,159,0.0005777802
18075,160,0.0003410074
18075,161,0.0003683598
18075,162,0.000423318
18075,163,0.0003982728
18075,164,0.0004932111
18075,165,0.0004770854
18075,166,0.00061882066
18075,167,0.00056187244
18075,168,0.00044245497
18075,169,0.00035045107
18075,170,0.00036447335
18075,171,0.000257113
18075,172,0.00026875627
18075,173,0.00032255254
18075,174,0.0005066066
18075,175,0.00083061086
18075,176,0.000874927
18075,177,0.00086550304
18075,178,0.00066164776
18075,179,0.00035671034
18075,180,6.0262537e-05
18075,181,0.00018289992
18075,182,0.00035365418
18075,183,0.000382989
18075,184,0.00034659286
18075,185,0.00042948907
18075,186,0.00042378818
18075,187,0.00018646682
18075,188,0.00027410395
18075,189,0.0003368682
18075,190,0.0002801068
18075,191,0.00022439171
18075,192,0.00019236948
18075,193,0.00017491895
18075,194,0.00021372786
18075,195,0.000222037
18075,196,0.00026152478
18075,197,0.00031365312
18075,198,0.00039067928
18075,199,0.00036259514
18075,200,0.0
18075,201,0.0
18075,202,2.4290513e-05
18075,203,0.0002567944
18075,204,0.00022974689
18075,205,0.00016886616
18075,206,0.00032766873
18075,207,0.00030523262
18075,208,0.0
18075,209,0.0
18075,210,0.0
18075,211,0.00046306965
18075,212,0.00043960285
18075,213,0.0004127886
18075,214,0.00023514705
18075,215,5.195794e-05
18079,73,0.0
18079,74,0.0
18079,75,0.0
18079,76,0.0
18079,77,0.0
18079,78,0.0
18079,79,1.8692612e-05
18079,80,0.00027215361
18079,81,0.00066371507
18079,82,0.00071874814
18079,83,0.0010806241
18079,84,0.0014774747
18079,85,0.0016875837
18079,86,0.0015208072
18079,87,0.0010920019
18079,88,0.0005421983
18079,89,0.00019856315
18079,90,0.00028007114
18079,91,0.0005704442
18079,92,0.0007107037
18079,93,0.00085638376
18079,94,0.0007681042
18079,95,0.00069478137
18079,96,0.0011167615
18079,97,0.002384346
18079,98,0.0025653138
18079,99,0.0020888848
18079,100,0.0017066072
18079,101,0.0014953098
18079,102,0.0015331055
18079,103,0.0010771431
18079,104,0.0007461116
18079,105,0.0013364622
18079,106,0.0032279892
18079,107,0.009799404
18079,108,0.028571341
18079,109,0.051659565
18079,110,0.056065027
18079,111,0.04239268
18079,112,0.030985208
18079,113,0.024515526
18079,114,0.019568132
18079,115,0.013822483
18079,116,0.00799751
18079,117,0.0052306657
18079,118,0.006092334
18079,119,0.00832064
18079,120,0.011415191
18079,121,0.013123783
18079,122,0.011329782
18079,123,0.0090693645
18079,124,0.008102835
18079,125,0.007363489
18079,126,0.0067730146
18079,127,0.005853641
18079,128,0.0047040833
18079,129,0.0036913059
18079,130,0.0032929215
18079,131,0.0033733235
18079,132,0.0030948261
18079,133,0.0027128619
18079,134,0.0024901808
18079,135,0.0022590775
18079,136,0.0019787727
18079,137,0.0019050217
18079,138,0.0017215359
18079,139,0.0015409447
18079,140,0.0011606197
18079,141,0.0014121117
18079,142,0.0016653273
18079,143,0.0017258571
18079,144,0.0014811163
18079,145,0.0011918647
18079,146,0.00096887676
18079,147,0.0010014153
18079,148,0.0010125864
18079,149,0.001174849
18079,150,0.001045926
18079,151,0.00084597484
18079,152,0.00063290005
18079,153,0.0008135151
18079,154,0.0008767122
18079,155,0.0009194424
18079,156,0.00095139747
18079,157,0.00077487057
18079,158,0.0006385739
18079,159,0.00037705965
18079,160,0.0004601678
18079,161,0.0007265711
18079,162,0.00074355194
18079,163,0.00066887983
18079,164,0.0007263312
18079,165,0.00065593305
18079,166,0.00040464144
18079,167,0.00032086062
18079,168,0.00010433052
18079,169,0.0
18079,170,0.00016843439
18079,171,0.00032562565
18079,172,0.00044888377
18079,173,0.00045981645
18079,174,0.0003559688
18079,175,0.00037730607
18079,176,0.0005900048
18079,177,0.00059699937
18079,178,0.0007483613
18079,179,0.0012275628
18079,180,0.0015508304
18079,181,0.0008336577
18079,182,0.00024983526
18079,183,0.00016157245
18079,184,0.0006426249
18079,185,0.00089326856
18079,186,0.0009982446
18079,187,0.00082954986
18079,188,0.00043599177
18079,189,0.0007199483
18079,190,0.0006773157
18079,191,0.0005093177
18079,192,0.00034267455
18079,193,0.00036359503
18079,194,0.0003210638
18079,195,0.00044121352
18079,196,0.0006090321
18079,197,0.00048473274
18079,198,0.00038016879
18079,199,0.00040101976
18079,200,0.000623817
18079,201,0.00028874044
18079,202,0.00022714982
18079,203,0.00017649021
18079,204,0.00028442935
18079,205,0.00037711463
18079,206,0.00031631187
18079,207,0.00047227248
18079,208,0.00057324016
18079,209,0.0005635153
18079,210,0.0004113742
18079,211,0.00020294596
18079,212,0.000699621
18079,213,0.0006674283
18079,214,0.00066814537
18079,215,0.0006373466
18081,73,0.001133437
18081,74,0.0005046241
18081,75,3.5378205e-05
18081,76,0.0
18081,77,0.0
18081,78,0.0
18081,79,0.0
18081,80,0.0
18081,81,3.3958553e-05
18081,82,0.000115506955
18081,83,0.00019536405
18081,84,0.0002655956
18081,85,0.00015293313
18081,86,3.3374072e-06
18081,87,0.00019558793
18081,88,0.00016797677
18081,89,0.0
18081,90,0.0
18081,91,0.0
18081,92,0.0
18081,93,0.0
18081,94,0.0
18081,95,0.0
18081,96,0.0
18081,97,0.0
18081,98,0.0
18081,99,0.0
18081,100,0.0
18081,101,0.0
18081,102,0.0
18081,103,0.0
18081,104,0.0
18081,105,0.00013935634
18081,106,0.0006759223
18081,107,0.0012689416
18081,108,0.0039327755
18081,109,0.0058103227
18081,110,0.006984629
18081,111,0.007289045
18081,112,0.006965293
18081,113,0.0064737312
18081,114,0.005970611
18081,115,0.0050589545
18081,116,0.0040204213
18081,117,0.004094781
18081,118,0.004837137
18081,119,0.004780752
18081,120,0.005344845
18081,121,0.0046995506
18081,122,0.004300766
18081,123,0.003671235
18081,124,0.003254854
18081,125,0.0032058307
18081,126,0.0031929035
18081,127,0.0028219745
18081,128,0.00231322
18081,129,0.0022204074
18081,130,0.001997761
18081,131,0.0017483906
18081,132,0.0016126628
18081,133,0.0012285069
18081,134,0.0007311257
18081,135,0.00032804642
18081,136,0.00024166735
18081,137,0.00026040195
18081,138,0.00034645115
18081,139,0.00041813444
18081,140,0.0004227768
18081,141,0.0006995459
18081,142,0.00050514104
18081,143,0.00022888747
18081,144,0.00023059353
18081,145,0.0003453942
18081,146,0.00025879935
18081,147,0.00019341215
18081,148,0.00021917564
18081,149,0.00012487057
18081,150,8.919792e-05
18081,151,7.3821095e-05
18081,152,9.701082e-05
18081,153,0.00015529893
18081,154,0.0
18081,155,0.0
18081,156,5.5163695e-05
18081,157,1.5237402e-05
18081,158,0.00018888421
18081,159,0.0
18081,160,0.0
18081,161,0.0
18081,162,0.0
18081,163,0.0
18081,164,0.00018125388
18081,165,0.00012732467
18081,166,4.870598e-05
18081,167,0.0
18081,168,0.0
18081,169,2.1641565e-05
18081,170,0.0
18081,171,0.0
18081,172,0.0
18081,173,0.0
18081,174,0.0
18081,175,2.2206594e-05
18081,176,0.0
18081,177,0.0
18081,178,0.0
18081,179,0.00016238837
18081,180,0.00016658661
18081,181,0.0
18081,182,0.0
18081,183,0.0
18081,184,0.0
18081,185,0.0
18081,186,0.0
18081,187,0.0
18081,188,9.136755e-05
18081,189,0.00013252134
18081,190,0.00010684848
18081,191,4.229307e-05
18081,192,0.0
18081,193,0.0
18081,194,0.0
18081,195,0.0
18081,196,0.0
18081,197,0.0
18081,198,0.0
18081,199,0.0
18081,200,0.0
18081,201,0.0
18081,202,0.0
18081,203,0.0
18081,204,0.0
18081,205,0.0
18081,206,0.0
18081,207,8.692457e-05
18081,208,0.0
18081,209,0.0
18081,210,0.0
18081,211,0.00034593116
18081,212,0.00034166477
18081,213,0.00011916115
18081,214,0.0
18081,215,0.0
18115,73,0.00034089337
18115,74,0.00022115647
18115,75,0.0
18115,76,0.0
18115,77,6.3433516e-05
18115,78,0.0
18115,79,0.0
18115,80,0.0
18115,81,0.0
18115,82,0.0
18115,83,0.00044447798
18115,84,0.0005637319
18115,85,0.00036146413
18115,86,0.00027061155
18115,87,0.00017326839
18115,88,5.5160974e-05
18115,89,5.934757e-05
18115,90,0.0001328708
18115,91,0.00022789936
18115,92,0.000106981235
18115,93,0.0
18115,94,0.0
18115,95,0.0
18115,96,0.0
18115,97,0.0
18115,98,0.0
18115,99,0.0
18115,100,0.0
18115,101,0.0
18115,102,0.0
18115,103,0.0
18115,104,0.0
18115,105,0.0
18115,106,0.0
18115,107,0.0008644529
18115,108,0.003951706
18115,109,0.006423576
18115,110,0.008144798
18115,111,0.008463251
18115,112,0.0080736
18115,113,0.0077458466
18115,114,0.00811475
18115,115,0.008148654
18115,116,0.007036609
18115,117,0.006060421
18115,118,0.005303219
18115,119,0.0046189777
18115,120,0.0033750767
18115,121,0.005502126
18115,122,0.006593639
18115,123,0.006645228
18115,124,0.0066751824
18115,125,0.006728229
18115,126,0.0063050403
18115,127,0.0047059967
18115,128,0.003438544
18115,129,0.0026512227
18115,130,0.0020118265
18115,131,0.0021248427
18115,132,0.0021919229
18115,133,0.0020286504
18115,134,0.0016805744
18115,135,0.0014503279
18115,136,0.0012436786
18115,137,0.0015015375
18115,138,0.0015276627
18115,139,0.001649087
18115,140,0.0013072728
18115,141,0.0008438328
18115,142,0.0005302284
18115,143,0.0005684275
18115,144,0.0008945949
18115,145,0.0012466033
18115,146,0.0013058671
18115,147,0.0010632467
18115,148,0.0008907983
18115,149,0.0008377749
18115,150,0.0007644343
18115,151,0.0004921954
18115,152,0.0003527742
18115,153,7.652087e-05
18115,154,0.0
18115,155,0.0
18115,156,0.0
18115,157,0.00017797021
18115,158,0.00046540188
18115,159,0.00019161157
18115,160,0.0
18115,161,0.0
18115,162,0.0
18115,163,0.00014361362
18115,164,0.00044159393
18115,165,0.0003200739
18115,166,0.0
18115,167,0.0
18115,168,0.0
18115,169,0.0
18115,170,0.00016103372
18115,171,0.00022651703
18115,172,0.00024149595
18115,173,0.00029239568
18115,174,0.0002715347
18115,175,0.00016215802
18115,176,0.0001347824
18115,177,0.00017685603
18115,178,0.00021682968
18115,179,0.00030756777
18115,180,0.00027583775
18115,181,0.00027718252
18115,182,0.00021765787
18115,183,4.716525e-05
18115,184,0.00012420666
18115,185,4.8581765e-05
18115,186,0.00016563869
18115,187,0.00026214038
18115,188,0.0
18115,189,5.272491e-05
18115,190,0.00025508925
18115,191,0.000117647
18115,192,0.0
18115,193,0.0
18115,194,2.6080394e-05
18115,195,0.0001361362
18115,196,0.00010533785
18115,197,1.8033314e-05
18115,198,0.0
18115,199,0.0
18115,200,0.0
18115,201,0.0
18115,202,0.0
18115,203,0.0
18115,204,2.4859904e-07
18115,205,8.067067e-05
18115,206,0.0003869478
18115,207,0.00046906024
18115,208,0.0005976205
18115,209,0.00046629962
18115,210,0.00022067783
18115,211,3.0413006e-05
18115,212,0.0004368259
18115,213,0.00025559778
18115,214,0.0
18115,215,0.0
18119,73,0.0
18119,74,7.0413594e-06
18119,75,0.0
18119,76,4.8915485e-05
18119,77,0.00014944821
18119,78,0.0
18119,79,5.868976e-05
18119,80,0.00023276838
18119,81,0.00026059934
18119,82,0.00030436518
18119,83,0.0004551075
18119,84,0.0005734888
18119,85,0.000539787
18119,86,0.0
18119,87,0.0001965106
18119,88,0.00015717777
18119,89,0.00031941832
18119,90,0.0003980918
18119,91,0.0001567743
18119,92,0.0
18119,93,0.0
18119,94,0.0
18119,95,0.0
18119,96,0.0
18119,97,0.0
18119,98,0.0
18119,99,0.0
18119,100,0.0
18119,101,0.0
18119,102,0.0
18119,103,0.0
18119,104,0.0002129938
18119,105,0.0010352245
18119,106,0.0059416317
18119,107,0.014517587
18119,108,0.021767056
18119,109,0.022231944
18119,110,0.026279818
18119,111,0.034543183
18119,112,0.040079795
18119,113,0.04126339
18119,114,0.03910273
18119,115,0.03405613
18119,116,0.027211612
18119,117,0.022110282
18119,118,0.020555018
18119,119,0.02265409
18119,120,0.019590689
18119,121,0.016385356
18119,122,0.015109374
18119,123,0.013269468
18119,124,0.010841652
18119,125,0.008751315
18119,126,0.0067742486
18119,127,0.005113229
18119,128,0.004593769
18119,129,0.0037916175
18119,130,0.0031000944
18119,131,0.0025706347
18119,132,0.0024569593
18119,133,0.0024581635
18119,134,0.0019877208
18119,135,0.0017898196
18119,136,0.001449374
18119,137,0.00132729
18119,138,0.0013454743
18119,139,0.0014719026
18119,140,0.0010944798
18119,141,0.0009367397
18119,142,0.0012777132
18119,143,0.0012041983
18119,144,0.0011421894
18119,145,0.0010573517
18119,146,0.0011607507
18119,147,0.0012998861
18119,148,0.0011324987
18119,149,0.0008826609
18119,150,0.0010109474
18119,151,0.0012791246
18119,152,0.0011954458
18119,153,0.0011178366
18119,154,0.0009440857
18119,155,0.0006305816
18119,156,0.00067254214
18119,157,0.00071519316
18119,158,0.0005497482
18119,159,0.00054840196
18119,160,0.0004985871
18119,161,0.00031823665
18119,162,0.00041852496
18119,163,0.00045279565
18119,164,0.00046268615
18119,165,0.00041890738
18119,166,0.00030159243
18119,167,0.00023956456
18119,168,0.0001402205
18119,169,0.00019078098
18119,170,0.00023607125
18119,171,0.0002650596
18119,172,0.00028935302
18119,173,0.0004200645
18119,174,0.00045193228
18119,175,0.00030800336
18119,176,0.0001570247
18119,177,0.0002433886
18119,178,0.00046875037
18119,179,0.00063252007
18119,180,0.002482438
18119,181,0.002174004
18119,182,0.0013611438
18119,183,0.0014097027
18119,184,0.001510012
18119,185,0.0009565687
18119,186,0.0
18119,187,0.0
18119,188,0.0
18119,189,0.0005177913
18119,190,0.0005184687
18119,191,0.0003064979
18119,192,9.116668e-05
18119,193,7.992351e-06
18119,194,0.00011000204
18119,195,0.00029172498
18119,196,0.00031347715
18119,197,0.0003222559
18119,198,0.00026690244
18119,199,0.00030869662
18119,200,0.00011030426
18119,201,3.013413e-05
18119,202,0.00016933825
18119,203,0.00022439945
18119,204,0.00017026499
18119,205,0.0002013726
18119,206,0.00032433562
18119,207,0.0005634102
18119,208,0.0005464782
18119,209,0.00042527687
18119,210,0.0001478073
18119,211,8.107633e-05
18119,212,0.00033411715
18119,213,0.00039392093
18119,214,8.472954e-05
18119,215,0.0
39001,73,0.0008985666
39001,74,0.00050504005
39001,75,0.000460863
39001,76,0.00052648457
39001,77,0.0008158867
39001,78,0.00072559604
39001,79,0.00055468496
39001,80,0.0005443709
39001,81,0.0003334786
39001,82,0.0003020434
39001,83,0.00055654126
39001,84,0.0006595921
39001,85,0.0007044301
39001,86,0.00088528916
39001,87,0.000736011
39001,88,0.00052427576
39001,89,0.00015898533
39001,90,0.0004903715
39001,91,0.00068799796
39001,92,0.000595019
39001,93,0.00044517778
39001,94,0.00029658814
39001,95,6.523781e-05
39001,96,6.6546156e-05
39001,97,7.04777e-05
39001,98,0.0
39001,99,0.0
39001,100,0.0
39001,101,0.0
39001,102,0.0
39001,103,4.418578e-05
39001,104,0.00018272667
39001,105,0.0003224621
39001,106,0.00078935147
39001,107,0.001347837
39001,108,0.0020383582
39001,109,0.0035116451
39001,110,0.004398827
39001,111,0.0047442233
39001,112,0.004765378
39001,113,0.004492803
39001,114,0.004096252
39001,115,0.004270585
39001,116,0.004968726
39001,117,0.0049190535
39001,118,0.0037597877
39001,119,0.0028823935
39001,120,0.002614267
39001,121,0.002654385
39001,122,0.003130036
39001,123,0.002912363
39001,124,0.0014634709
39001,125,0.001439117
39001,126,0.0021855116
39001,127,0.0024331296
39001,128,0.0025787726
39001,129,0.002409956
39001,130,0.0023352103
39001,131,0.0019157922
39001,132,0.0018360419
39001,133,0.0019780002
39001,134,0.0018733923
39001,135,0.0017227684
39001,136,0.0014972395
39001,137,0.0020011761
39001,138,0.0019998772
39001,139,0.0023770076
39001,140,0.0018990999
39001,141,0.0014606719
39001,142,0.0011461326
39001,143,0.0010158129
39001,144,0.0010827967
39001,145,0.0012482598
39001,146,0.0010454335
39001,147,0.0009287696
39001,148,0.00087493286
39001,149,0.0009264579
39001,150,0.0008035395
39001,151,0.0007593035
39001,152,0.00077179616
39001,153,0.0007276314
39001,154,0.0006657854
39001,155,0.00092897745
39001,156,0.0010002687
39001,157,0.0008877809
39001,158,0.0006397409
39001,159,0.0005184434
39001,160,0.00045131185
39001,161,0.0005529822
39001,162,0.0003755407
39001,163,0.00035401984
39001,164,0.0004492468
39001,165,0.00044659962
39001,166,0.0001666198
39001,167,0.00013760853
39001,168,0.0
39001,169,0.00013821282
39001,170,0.00038017612
39001,171,0.00028743266
39001,172,0.0002177251
39001,173,0.00035815488
39001,174,0.0004587385
39001,175,0.0005811415
39001,176,0.0005978324
39001,177,0.00057373574
39001,178,0.0006165169
39001,179,0.0007398099
39001,180,0.00075619674
39001,181,0.00063376926
39001,182,0.00063421787
39001,183,0.00048887014
39001,184,0.0004665571
39001,185,0.00047954096
39001,186,0.0005055724
39001,187,0.0004448273
39001,188,0.0002742859
39001,189,0.00032492596
39001,190,0.00031116893
39001,191,0.0003990555
39001,192,0.00012872572
39001,193,0.00019242235
39001,194,0.00023997504
39001,195,0.000205301
39001,196,0.0002026151
39001,197,0.00019581302
39001,198,0.0003422528
39001,199,0.00034411834
39001,200,0.000340187
39001,201,0.00016647586
39001,202,0.0003906999
39001,203,0.00060941896
39001,204,0.00049485854
39001,205,0.00086260034
39001,206,0.0004529313
39001,207,0.00052585674
39001,208,0.0006515785
39001,209,0.000602549
39001,210,0.00037086086
39001,211,0.00043577218
39001,212,0.00039316545
39001,213,0.00041315434
39001,214,0.00033440883
39001,215,0.00025409219
39003,73,0.04218767
39003,74,0.041371107
39003,75,0.04152319
39003,76,0.041856516
39003,77,0.041721925
39003,78,0.041116863
39003,79,0.04018966
39003,80,0.038320333
39003,81,0.036533326
39003,82,0.034359623
39003,83,0.03125893
39003,84,0.028029382
39003,85,0.024903981
39003,86,0.022476088
39003,87,0.019934982
39003,88,0.017557941
39003,89,0.015315874
39003,90,0.013417483
39003,91,0.011807463
39003,92,0.01028613
39003,93,0.008751449
39003,94,0.0077431626
39003,95,0.006995185
39003,96,0.0064428137
39003,97,0.0058659706
39003,98,0.0050920136
39003,99,0.0047037285
39003,100,0.004562755
39003,101,0.0045150938
39003,102,0.004863535
39003,103,0.0046307533
39003,104,0.0043869717
39003,105,0.0042291465
39003,106,0.004023479
39003,107,0.004287585
39003,108,0.0047424575
39003,109,0.0054839873
39003,110,0.0056242733
39003,111,0.0054825963
39003,112,0.0047872723
39003,113,0.004318717
39003,114,0.0043263123
39003,115,0.003572148
39003,116,0.0034212673
39003,117,0.0026855646
39003,118,0.0020388665
39003,119,0.0019774593
39003,120,0.0022003353
39003,121,0.0019698986
39003,122,0.0029682121
39003,123,0.0027754575
39003,124,0.0027540373
39003,125,0.0027243113
39003,126,0.0026123086
39003,127,0.002340615
39003,128,0.0025044347
39003,129,0.0024095878
39003,130,0.0020367834
39003,131,0.001661874
39003,132,0.0013562521
39003,133,0.0014762325
39003,134,0.0013814482
39003,135,0.0011278307
39003,136,0.00092326157
39003,137,0.00091208227
39003,138,0.00084510306
39003,139,0.0011850009
39003,140,0.0011794086
39003,141,0.00089412666
39003,142,0.0007496591
39003,143,0.00064198975
39003,144,0.00048411608
39003,145,0.0003751252
39003,146,0.00015020314
39003,147,0.0001346091
39003,148,0.00022749434
39003,149,0.00028547746
39003,150,0.00039013746
39003,151,0.0005800663
39003,152,0.0008859511
39003,153,0.000513582
39003,154,0.00012756423
39003,155,9.467354e-05
39003,156,0.00028756366
39003,157,0.00035825622
39003,158,0.00042475117
39003,159,0.0005067175
39003,160,0.00045021772
39003,161,0.00045932987
39003,162,0.00021742037
39003,163,0.00026356406
39003,164,0.0002709422
39003,165,0.00024345366
39003,166,0.0
39003,167,0.0
39003,168,0.0
39003,169,0.0
39003,170,2.7935837e-05
39003,171,0.0
39003,172,0.0
39003,173,0.0
39003,174,0.0
39003,175,3.4501147e-05
39003,176,4.5118377e-05
39003,177,0.000107041
39003,178,0.00020331831
39003,179,0.00022139512
39003,180,0.00020246865
39003,181,0.00019032812
39003,182,0.00018850729
39003,183,0.00025297346
39003,184,0.00015997962
39003,185,2.9563618e-05
39003,186,0.0
39003,187,0.0
39003,188,0.0
39003,189,0.0
39003,190,0.0
39003,191,0.0
39003,192,0.0
39003,193,0.0
39003,194,0.0
39003,195,0.0
39003,196,0.0
39003,197,0.0
39003,198,0.0
39003,199,0.0
39003,200,0.0
39003,201,0.0
39003,202,0.0
39003,203,7.1060657e-07
39003,204,0.0
39003,205,0.000119034055
39003,206,0.00016097957
39003,207,6.303613e-05
39003,208,0.0
39003,209,0.0
39003,210,9.691246e-05
39003,211,0.00032985373
39003,212,0.0
39003,213,0.0
39003,214,0.0
39003,215,1.662917e-05
39005,73,0.11851118
39005,74,0.09748375
39005,75,0.08689747
39005,76,0.08108282
39005,77,0.07463556
39005,78,0.069028325
39005,79,0.06224261
39005,80,0.054720584
39005,81,0.0471182
39005,82,0.04070132
39005,83,0.034902424
39005,84,0.03019252
39005,85,0.02639853
39005,86,0.02362149
39005,87,0.021300705
39005,88,0.02017664
39005,89,0.018981092
39005,90,0.018900573
39005,91,0.018011343
39005,92,0.016643781
39005,93,0.015352093
39005,94,0.0141091505
39005,95,0.013859215
39005,96,0.013096307
39005,97,0.012557212
39005,98,0.012026735
39005,99,0.011585214
39005,100,0.011620888
39005,101,0.011507874
39005,102,0.011903502
39005,103,0.011656339
39005,104,0.011380732
39005,105,0.0114048375
39005,106,0.010794643
39005,107,0.01079496
39005,108,0.010734504
39005,109,0.011713817
39005,110,0.013870206
39005,111,0.014872585
39005,112,0.016496703
39005,113,0.015899742
39005,114,0.013652109
39005,115,0.011620161
39005,116,0.009522026
39005,117,0.008961302
39005,118,0.008219196
39005,119,0.0075306855
39005,120,0.0068635256
39005,121,0.006520884
39005,122,0.006345315
39005,123,0.0076648984
39005,124,0.008669237
39005,125,0.008499012
39005,126,0.009604696
39005,127,0.012289384
39005,128,0.015358232
39005,129,0.016547661
39005,130,0.0148430895
39005,131,0.011802646
39005,132,0.009913548
39005,133,0.0080407625
39005,134,0.006265451
39005,135,0.005421459
39005,136,0.0051352005
39005,137,0.004896285
39005,138,0.004096189
39005,139,0.0039952155
39005,140,0.0042930627
39005,141,0.004468098
39005,142,0.004269137
39005,143,0.0037248572
39005,144,0.003407005
39005,145,0.003310014
39005,146,0.002949585
39005,147,0.0028391362
39005,148,0.002627542
39005,149,0.0027346099
39005,150,0.0028287543
39005,151,0.0029536206
39005,152,0.0029455489
39005,153,0.003015206
39005,154,0.0031488684
39005,155,0.0030405454
39005,156,0.002813501
39005,157,0.002579611
39005,158,0.0020466656
39005,159,0.0018517317
39005,160,0.0015811675
39005,161,0.0015678591
39005,162,0.001224228
39005,163,0.0010377984
39005,164,0.0007579975
39005,165,0.00053094304
39005,166,0.00048279305
39005,167,0.00037155914
39005,168,0.00050949166
39005,169,0.00061017764
39005,170,0.00047639056
39005,171,0.00024006458
39005,172,0.0001607472
39005,173,0.00026264452
39005,174,0.00045910513
39005,175,0.00035143516
39005,176,0.0004654053
39005,177,0.00049290253
39005,178,0.00047822428
39005,179,0.0006010868
39005,180,0.00079890824
39005,181,0.0005470335
39005,182,0.00043539985
39005,183,0.00039896372
39005,184,8.05803e-05
39005,185,0.00023635183
39005,186,0.00017634581
39005,187,4.782867e-06
39005,188,0.0
39005,189,0.0
39005,190,1.8922448e-05
39005,191,0.0
39005,192,0.0
39005,193,0.0
39005,194,0.0
39005,195,0.0
39005,196,0.0
39005,197,0.0
39005,198,0.0
39005,199,0.0
39005,200,0.00014673539
39005,201,8.250127e-05
39005,202,9.470442e-05
39005,203,0.0003176125
39005,204,0.0002959762
39005,205,0.000376327
39005,206,0.00028853767
39005,207,4.9123046e-05
39005,208,0.0
39005,209,0.0
39005,210,0.0001474644
39005,211,0.00011634333
39005,212,0.0
39005,213,0.0
39005,214,0.0
39005,215,0.0
39007,73,0.0609424
39007,74,0.061491486
39007,75,0.060950838
39007,76,0.0580186
39007,77,0.05493334
39007,78,0.05218781
39007,79,0.048888665
39007,80,0.04584382
39007,81,0.04280686
39007,82,0.03972224
39007,83,0.03620138
39007,84,0.033122636
39007,85,0.030420108
39007,86,0.028205624
39007,87,0.026223991
39007,88,0.02412608
39007,89,0.021640923
39007,90,0.019826083
39007,91,0.018589094
39007,92,0.017470077
39007,93,0.016473658
39007,94,0.015495845
39007,95,0.014581068
39007,96,0.013753151
39007,97,0.013155093
39007,98,0.012482797
39007,99,0.012085831
39007,100,0.011966068
39007,101,0.0118767405
39007,102,0.011805023
39007,103,0.011943008
39007,104,0.011874753
39007,105,0.011692299
39007,106,0.0120824035
39007,107,0.01261056
39007,108,0.012164214
39007,109,0.0113941785
39007,110,0.01132265
39007,111,0.012074913
39007,112,0.015576292
39007,113,0.015985243
39007,114,0.014803167
39007,115,0.014778708
39007,116,0.015728412
39007,117,0.01702069
39007,118,0.016996458
39007,119,0.016866768
39007,120,0.01634047
39007,121,0.014771738
39007,122,0.013486786
39007,123,0.012223411
39007,124,0.01144279
39007,125,0.010592235
39007,126,0.010996232
39007,127,0.011166226
39007,128,0.009912086
39007,129,0.009139793
39007,130,0.009268513
39007,131,0.008721619
39007,132,0.007075872
39007,133,0.0060842456
39007,134,0.0056635533
39007,135,0.005016657
39007,136,0.004654554
39007,137,0.0043361564
39007,138,0.0034938862
39007,139,0.0038396958
39007,140,0.003788651
39007,141,0.00334951
39007,142,0.0030931013
39007,143,0.003314516
39007,144,0.0033697751
39007,145,0.0033793077
39007,146,0.0028458803
39007,147,0.0024802038
39007,148,0.0021501787
39007,149,0.0016359903
39007,150,0.0016216416
39007,151,0.0013053875
39007,152,0.00088288984
39007,153,0.00086932717
39007,154,0.0011535304
39007,155,0.001461829
39007,156,0.0015482578
39007,157,0.0014125421
39007,158,0.0011552855
39007,159,0.001097202
39007,160,0.0010692603
39007,161,0.00080921536
39007,162,0.00070311397
39007,163,0.00093569304
39007,164,0.0006925725
39007,165,0.0004096964
39007,166,0.00035909578
39007,167,0.00046212575
39007,168,0.00027702213
39007,169,0.00036107944
39007,170,0.00039064125
39007,171,0.00043263502
39007,172,0.0004205883
39007,173,0.0002919724
39007,174,0.00033308164
39007,175,0.00037878484
39007,176,0.00026050746
39007,177,0.00031376968
39007,178,0.00053636
39007,179,0.00057828665
39007,180,0.0005541577
39007,181,0.00040204494
39007,182,0.00040829726
39007,183,0.000302165
39007,184,0.00028782367
39007,185,0.00025981743
39007,186,0.00021886734
39007,187,0.00020706859
39007,188,0.00026141747
39007,189,0.00021428846
39007,190,0.00015717318
39007,191,0.00015953032
39007,192,6.0888982e-05
39007,193,5.4357577e-05
39007,194,6.9461344e-06
39007,195,0.0
39007,196,0.0
39007,197,0.0
39007,198,1.2730194e-05
39007,199,0.0
39007,200,0.0
39007,201,0.0
39007,202,8.089762e-05
39007,203,8.4418534e-05
39007,204,0.0001019392
39007,205,0.00017890213
39007,206,0.00015672362
39007,207,7.125352e-05
39007,208,2.1706437e-05
39007,209,0.0
39007,210,0.0
39007,211,0.0
39007,212,0.0
39007,213,0.0
39007,214,2.7132035e-07
39007,215,0.0
39009,73,0.006187749
39009,74,0.0050529023
39009,75,0.0045875646
39009,76,0.0047343667
39009,77,0.0049841306
39009,78,0.0053064134
39009,79,0.0053851055
39009,80,0.0051891003
39009,81,0.004909519
39009,82,0.0046113627
39009,83,0.0042607356
39009,84,0.0037699463
39009,85,0.0036359401
39009,86,0.003276235
39009,87,0.0030602214
39009,88,0.002512621
39009,89,0.0021404042
39009,90,0.0019570715
39009,91,0.0016440016
39009,92,0.0011900809
39009,93,0.0010394062
39009,94,0.0008636478
39009,95,0.00076828984
39009,96,0.0006899064
39009,97,0.00058144977
39009,98,0.0005584174
39009,99,0.0004516993
39009,100,0.0007895886
39009,101,0.00073110365
39009,102,0.0006521395
39009,103,0.0006785935
39009,104,0.000484378
39009,105,0.00041719218
39009,106,0.00084890163
39009,107,0.0016882214
39009,108,0.0021712752
39009,109,0.0026144353
39009,110,0.0030864421
39009,111,0.003028348
39009,112,0.0030272189
39009,113,0.003651883
39009,114,0.0037767708
39009,115,0.003543459
39009,116,0.0035504254
39009,117,0.004086589
39009,118,0.003753542
39009,119,0.0034527099
39009,120,0.0032770985
39009,121,0.0027646068
39009,122,0.0021547703
39009,123,0.0016174045
39009,124,0.0023492328
39009,125,0.0039845994
39009,126,0.0048087956
39009,127,0.004342009
39009,128,0.0034977589
39009,129,0.0031694383
39009,130,0.0028733306
39009,131,0.0026518148
39009,132,0.002503721
39009,133,0.0024281503
39009,134,0.0022015423
39009,135,0.0024552885
39009,136,0.0033103204
39009,137,0.003667002
39009,138,0.0058557186
39009,139,0.0072479476
39009,140,0.0070723537
39009,141,0.006721761
39009,142,0.00651541
39009,143,0.0063425964
39009,144,0.00597722
39009,145,0.0052759377
39009,146,0.0041487054
39009,147,0.003936265
39009,148,0.0037089356
39009,149,0.0035619696
39009,150,0.0034430989
39009,151,0.0033693598
39009,152,0.0029544095
39009,153,0.0027125583
39009,154,0.0027801192
39009,155,0.0028206091
39009,156,0.0025432098
39009,157,0.0022102813
39009,158,0.0019560952
39009,159,0.0017263044
39009,160,0.0015145534
39009,161,0.001363889
39009,162,0.001259979
39009,163,0.0010580638
39009,164,0.0009845471
39009,165,0.000788816
39009,166,0.0005840743
39009,167,0.00033559947
39009,168,0.00033284747
39009,169,0.00013937113
39009,170,0.00015703267
39009,171,0.00021560647
39009,172,0.00028492356
39009,173,0.0003315797
39009,174,0.00043539092
39009,175,0.00048377362
39009,176,0.00066949293
39009,177,0.0007968103
39009,178,0.0013262839
39009,179,0.001645669
39009,180,0.0016532759
39009,181,0.0014057957
39009,182,0.0010623861
39009,183,0.0009495367
39009,184,0.0007948399
39009,185,0.0005909624
39009,186,0.000583428
39009,187,0.00019304446
39009,188,0.000117399904
39009,189,3.824849e-05
39009,190,7.285111e-05
39009,191,6.082878e-05
39009,192,2.9803825e-05
39009,193,6.803603e-05
39009,194,0.0
39009,195,0.0
39009,196,0.0
39009,197,0.0
39009,198,5.7232664e-05
39009,199,0.00011898753
39009,200,0.0002871335
39009,201,0.00025795502
39009,202,0.0003002352
39009,203,0.00032095582
39009,204,0.0005422805
39009,205,0.000366408
39009,206,0.0003943421
39009,207,0.0005309789
39009,208,0.00048803174
39009,209,0.00042873088
39009,210,0.00025178603
39009,211,0.00015010392
39009,212,0.00013829218
39009,213,4.8790145e-05
39009,214,0.00012417829
39009,215,0.0
39011,73,0.029285042
39011,74,0.028502652
39011,75,0.028714785
39011,76,0.02949395
39011,77,0.030809848
39011,78,0.031941667
39011,79,0.03243311
39011,80,0.03220699
39011,81,0.032423038
39011,82,0.031980105
39011,83,0.03022815
39011,84,0.027245698
39011,85,0.025107123
39011,86,0.023300767
39011,87,0.021172946
39011,88,0.018995984
39011,89,0.016841574
39011,90,0.014941906
39011,91,0.013137213
39011,92,0.011627861
39011,93,0.010306244
39011,94,0.009032942
39011,95,0.008359689
39011,96,0.007960469
39011,97,0.00721931
39011,98,0.0063672084
39011,99,0.006107846
39011,100,0.0060505383
39011,101,0.0060689813
39011,102,0.005936689
39011,103,0.005948318
39011,104,0.005800411
39011,105,0.005733481
39011,106,0.005720607
39011,107,0.0059329164
39011,108,0.006342048
39011,109,0.0072863363
39011,110,0.007437638
39011,111,0.007570948
39011,112,0.0068026567
39011,113,0.0062887524
39011,114,0.006183099
39011,115,0.0055119838
39011,116,0.005189808
39011,117,0.00451365
39011,118,0.0037890193
39011,119,0.0037997854
39011,120,0.004180877
39011,121,0.0034593514
39011,122,0.0045391223
39011,123,0.0044697477
39011,124,0.0045264023
39011,125,0.0045626555
39011,126,0.0045649703
39011,127,0.0043994915
39011,128,0.0046089785
39011,129,0.0042241565
39011,130,0.0035784163
39011,131,0.0030964264
39011,132,0.0028239933
39011,133,0.0028907615
39011,134,0.002661325
39011,135,0.0025136399
39011,136,0.0024592152
39011,137,0.0024814487
39011,138,0.0026303888
39011,139,0.0029131516
39011,140,0.0029854735
39011,141,0.0026012764
39011,142,0.0021781947
39011,143,0.0018618068
39011,144,0.0017858213
39011,145,0.0015325301
39011,146,0.0016379196
39011,147,0.0017607439
39011,148,0.0019029242
39011,149,0.0019617989
39011,150,0.0019177574
39011,151,0.002052946
39011,152,0.0022741682
39011,153,0.0024832757
39011,154,0.002631986
39011,155,0.0024385494
39011,156,0.002204243
39011,157,0.002098446
39011,158,0.0020605377
39011,159,0.0021421236
39011,160,0.0019212404
39011,161,0.0016684587
39011,162,0.0014229442
39011,163,0.0012536267
39011,164,0.0010876841
39011,165,0.0009579719
39011,166,0.00084510667
39011,167,0.0007606506
39011,168,0.00091355265
39011,169,0.00060317497
39011,170,0.00047319033
39011,171,0.00048134857
39011,172,0.0007365815
39011,173,0.0010224548
39011,174,0.0011517869
39011,175,0.0012483096
39011,176,0.0014713522
39011,177,0.0016389356
39011,178,0.0017744995
39011,179,0.0015533759
39011,180,0.0011749206
39011,181,0.00090464664
39011,182,0.0008722793
39011,183,0.00094359776
39011,184,0.00069746585
39011,185,0.0005547543
39011,186,0.00048153382
39011,187,0.0003952628
39011,188,0.00035287152
39011,189,0.0001796931
39011,190,0.00028897033
39011,191,0.0003815414
39011,192,0.00051426387
39011,193,0.000546775
39011,194,0.00053641165
39011,195,0.000575184
39011,196,0.0004787774
39011,197,0.00047423597
39011,198,0.0006612659
39011,199,0.0006152287
39011,200,0.0004272694
39011,201,0.0005136267
39011,202,0.00043932896
39011,203,0.0006972368
39011,204,0.00069947034
39011,205,0.0004952282
39011,206,0.0003883721
39011,207,0.00043476804
39011,208,0.00039919294
39011,209,0.00035193947
39011,210,0.00023877433
39011,211,0.00054326875
39011,212,0.00015138644
39011,213,0.00032921112
39011,214,0.00034659647
39011,215,0.00030937363
39013,73,0.12407067
39013,74,0.12061389
39013,75,0.121976964
39013,76,0.12183822
39013,77,0.12156268
39013,78,0.12125687
39013,79,0.12067294
39013,80,0.118651636
39013,81,0.11432954
39013,82,0.10998521
39013,83,0.10495434
39013,84,0.10062309
39013,85,0.09690802
39013,86,0.09267835
39013,87,0.089055106
39013,88,0.085763656
39013,89,0.08207257
39013,90,0.08007935
39013,91,0.07512157
39013,92,0.06820472
39013,93,0.06333637
39013,94,0.060027316
39013,95,0.056835584
39013,96,0.054180626
39013,97,0.05233042
39013,98,0.050733127
39013,99,0.050013304
39013,100,0.049227238
39013,101,0.048656315
39013,102,0.048116993
39013,103,0.04676642
39013,104,0.045134794
39013,105,0.042734265
39013,106,0.04098642
39013,107,0.04021208
39013,108,0.03851615
39013,109,0.035904303
39013,110,0.03340572
39013,111,0.029166674
39013,112,0.025470441
39013,113,0.023867033
39013,114,0.02272821
39013,115,0.020868838
39013,116,0.018999066
39013,117,0.017355466
39013,118,0.016485514
39013,119,0.0153824445
39013,120,0.014598947
39013,121,0.014105114
39013,122,0.013687565
39013,123,0.0133243
39013,124,0.013115704
39013,125,0.013233241
39013,126,0.014856849
39013,127,0.015004326
39013,128,0.015469295
39013,129,0.01642633
39013,130,0.016519824
39013,131,0.016789991
39013,132,0.015063584
39013,133,0.012553244
39013,134,0.010267139
39013,135,0.008207307
39013,136,0.006380353
39013,137,0.005222685
39013,138,0.004558037
39013,139,0.0046742875
39013,140,0.005566244
39013,141,0.0057609286
39013,142,0.005543419
39013,143,0.0050120167
39013,144,0.004495004
39013,145,0.0040083337
39013,146,0.0030213865
39013,147,0.002883363
39013,148,0.0027011312
39013,149,0.0025971162
39013,150,0.0028028698
39013,151,0.003228874
39013,152,0.0027120293
39013,153,0.0026693188
39013,154,0.0027030422
39013,155,0.0027220484
39013,156,0.0025665232
39013,157,0.0024909868
39013,158,0.0020182026
39013,159,0.0020703264
39013,160,0.0016627078
39013,161,0.0013598937
39013,162,0.0014627943
39013,163,0.0013645298
39013,164,0.0009377079
39013,165,0.00075176015
39013,166,0.0006896798
39013,167,0.0006928041
39013,168,0.0006276474
39013,169,0.0007739585
39013,170,0.00063378067
39013,171,0.0008287313
39013,172,0.0008706046
39013,173,0.0007241648
39013,174,0.0007438901
39013,175,0.00080363004
39013,176,0.0007852521
39013,177,0.0007509481
39013,178,0.0014863904
39013,179,0.0015261193
39013,180,0.001458747
39013,181,0.0014268049
39013,182,0.0014128659
39013,183,0.0011476503
39013,184,0.00087015936
39013,185,0.00095312594
39013,186,0.0007438554
39013,187,0.00053007645
39013,188,0.0002058286
39013,189,3.7446665e-05
39013,190,0.00017245668
39013,191,0.0003019601
39013,192,0.00035403657
39013,193,0.00015223116
39013,194,0.0003055849
39013,195,0.00026679755
39013,196,0.00024069431
39013,197,0.00040169124
39013,198,0.00041306333
39013,199,0.00031777445
39013,200,0.000543045
39013,201,0.00040293045
39013,202,0.0006889164
39013,203,0.00059679546
39013,204,0.00057105435
39013,205,0.0006095132
39013,206,0.0006057578
39013,207,0.0005036418
39013,208,0.00059756625
39013,209,0.00051399553
39013,210,0.00041751013
39013,211,0.0002304937
39013,212,0.0002634191
39013,213,0.0
39013,214,0.00019842418
39013,215,0.00026062364
39015,73,0.0017045374
39015,74,0.0013479668
39015,75,0.000975364
39015,76,0.0008892696
39015,77,0.0010346859
39015,78,0.00089074223
39015,79,0.0007233672
39015,80,0.00035219418
39015,81,0.0001983858
39015,82,0.00039855766
39015,83,0.0006136593
39015,84,0.00079609634
39015,85,0.00050337345
39015,86,0.00039083927
39015,87,0.00030666206
39015,88,0.00012183469
39015,89,0.00025320283
39015,90,0.00051693927
39015,91,0.00056129444
39015,92,0.0004935152
39015,93,0.00031175726
39015,94,0.00026969117
39015,95,0.00020110048
39015,96,6.2244624e-05
39015,97,0.00012258001
39015,98,1.2830639e-05
39015,99,0.0
39015,100,0.0
39015,101,0.0
39015,102,0.0
39015,103,6.970448e-05
39015,104,0.0001683679
39015,105,0.0002733042
39015,106,0.00062826707
39015,107,0.0012802881
39015,108,0.0023111447
39015,109,0.004243538
39015,110,0.005628761
39015,111,0.0058688717
39015,112,0.0052519278
39015,113,0.0046144277
39015,114,0.004095117
39015,115,0.0036554614
39015,116,0.0037444017
39015,117,0.0036705502
39015,118,0.0029531997
39015,119,0.0025686228
39015,120,0.0024063648
39015,121,0.0028484222
39015,122,0.0028890467
39015,123,0.003081017
39015,124,0.0025066084
39015,125,0.0025192576
39015,126,0.002966146
39015,127,0.0028098484
39015,128,0.0026994622
39015,129,0.0024013307
39015,130,0.0023149243
39015,131,0.001913789
39015,132,0.0019408566
39015,133,0.0020233556
39015,134,0.0018723282
39015,135,0.0015322589
39015,136,0.0014489244
39015,137,0.001965165
39015,138,0.0019695305
39015,139,0.0021212045
39015,140,0.0016736243
39015,141,0.0013062111
39015,142,0.0011226273
39015,143,0.0008491455
39015,144,0.0010107739
39015,145,0.0011899746
39015,146,0.00089422724
39015,147,0.0008425357
39015,148,0.00071739015
39015,149,0.0009096104
39015,150,0.00077501504
39015,151,0.0008609007
39015,152,0.0008165727
39015,153,0.0005690875
39015,154,0.00060773204
39015,155,0.0009285364
39015,156,0.0009060358
39015,157,0.0008378349
39015,158,0.0005722487
39015,159,0.00043903792
39015,160,0.00032260016
39015,161,0.00048634634
39015,162,0.00040331957
39015,163,0.00050330145
39015,164,0.0004991812
39015,165,0.00039581303
39015,166,0.00023363405
39015,167,0.00021474736
39015,168,0.00015071423
39015,169,8.809118e-05
39015,170,0.0001992499
39015,171,0.00022922343
39015,172,0.00020330385
39015,173,0.00037561188
39015,174,0.00047569763
39015,175,0.0006120296
39015,176,0.0006532228
39015,177,0.00069107907
39015,178,0.0008220398
39015,179,0.0009166811
39015,180,0.00085540704
39015,181,0.0007728386
39015,182,0.0006565343
39015,183,0.0005684866
39015,184,0.00049654825
39015,185,0.0004558768
39015,186,0.00044149044
39015,187,0.00039968587
39015,188,0.000113708724
39015,189,7.399583e-05
39015,190,0.0001337443
39015,191,0.00027143877
39015,192,0.0001257596
39015,193,0.0001930695
39015,194,0.00013346515
39015,195,4.8730803e-05
39015,196,4.2879965e-05
39015,197,0.00011233723
39015,198,0.00029118656
39015,199,0.00037779065
39015,200,0.0005399701
39015,201,0.000229773
39015,202,0.0004274497
39015,203,0.0005319768
39015,204,0.00066488696
39015,205,0.00074206345
39015,206,0.0004506465
39015,207,0.00054778444
39015,208,0.0007519079
39015,209,0.00074267644
39015,210,0.0005754004
39015,211,0.00045616485
39015,212,0.0004776389
39015,213,0.00056182913
39015,214,0.00040978537
39015,215,0.00035706695
39019,73,0.36381996
39019,74,0.37604943
39019,75,0.3675033
39019,76,0.35208446
39019,77,0.3357222
39019,78,0.3194652
39019,79,0.30265123
39019,80,0.28976402
39019,81,0.2780231
39019,82,0.2663921
39019,83,0.2553479
39019,84,0.24904247
39019,85,0.24160507
39019,86,0.2330468
39019,87,0.22477043
39019,88,0.21564898
39019,89,0.21128923
39019,90,0.2034807
39019,91,0.18814106
39019,92,0.1748922
39019,93,0.1669366
39019,94,0.16186488
39019,95,0.15480949
39019,96,0.14805554
39019,97,0.14521368
39019,98,0.1443748
39019,99,0.14320232
39019,100,0.14243932
39019,101,0.13928363
39019,102,0.13600053
39019,103,0.13531475
39019,104,0.13349329
39019,105,0.13080448
39019,106,0.12520461
39019,107,0.118039325
39019,108,0.111272134
39019,109,0.10532954
39019,110,0.102836944
39019,111,0.09858932
39019,112,0.08986787
39019,113,0.082509145
39019,114,0.07791443
39019,115,0.072467454
39019,116,0.065124236
39019,117,0.057818186
39019,118,0.053098682
39019,119,0.049912777
39019,120,0.04787901
39019,121,0.046147313
39019,122,0.04467508
39019,123,0.04388864
39019,124,0.04376025
39019,125,0.0457816
39019,126,0.0473651
39019,127,0.04810823
39019,128,0.050191477
39019,129,0.051629663
39019,130,0.050688077
39019,131,0.049298048
39019,132,0.045494765
39019,133,0.040717043
39019,134,0.037063457
39019,135,0.032943662
39019,136,0.028850527
39019,137,0.024425251
39019,138,0.019646384
39019,139,0.015409045
39019,140,0.013426767
39019,141,0.011616799
39019,142,0.011276023
39019,143,0.011804391
39019,144,0.0114541
39019,145,0.011422859
39019,146,0.010802034
39019,147,0.010512743
39019,148,0.010786345
39019,149,0.010623068
39019,150,0.010328322
39019,151,0.010770027
39019,152,0.011146487
39019,153,0.011494529
39019,154,0.011057321
39019,155,0.01085949
39019,156,0.010018881
39019,157,0.009503076
39019,158,0.008589416
39019,159,0.0076651145
39019,160,0.0061873216
39019,161,0.005670013
39019,162,0.005557054
39019,163,0.004816837
39019,164,0.004196885
39019,165,0.0036198883
39019,166,0.0031979843
39019,167,0.0029800883
39019,168,0.002933518
39019,169,0.002898351
39019,170,0.0025980726
39019,171,0.0024501393
39019,172,0.0022826465
39019,173,0.0021767698
39019,174,0.0023512589
39019,175,0.002281673
39019,176,0.002184899
39019,177,0.0018393367
39019,178,0.0023692583
39019,179,0.0022107295
39019,180,0.0022448928
39019,181,0.001927708
39019,182,0.0017986344
39019,183,0.0015590829
39019,184,0.0011880497
39019,185,0.0012899952
39019,186,0.0009936881
39019,187,0.0007369202
39019,188,0.0007568674
39019,189,0.00044247936
39019,190,0.0006289975
39019,191,0.0003915799
39019,192,0.00048186706
39019,193,0.0005923627
39019,194,0.0004014655
39019,195,0.00029817878
39019,196,0.00045879505
39019,197,0.0007283864
39019,198,0.0003864357
39019,199,0.00078624184
39019,200,0.0006506396
39019,201,0.00083670346
39019,202,0.0005803186
39019,203,0.00074282615
39019,204,0.00079998194
39019,205,0.00084332103
39019,206,0.0008234576
39019,207,0.0006981072
39019,208,0.00058574247
39019,209,0.0003880652
39019,210,0.00017640524
39019,211,2.497809e-05
39019,212,0.0
39019,213,0.00040976866
39019,214,6.864149e-05
39019,215,0.00047280025
39021,73,0.099470645
39021,74,0.09201459
39021,75,0.086763345
39021,76,0.08364136
39021,77,0.081209466
39021,78,0.07845208
39021,79,0.07551148
39021,80,0.07163525
39021,81,0.06682073
39021,82,0.06151278
39021,83,0.051745635
39021,84,0.045584522
39021,85,0.040017046
39021,86,0.035755087
39021,87,0.0314237
39021,88,0.027294893
39021,89,0.023802597
39021,90,0.020588718
39021,91,0.01821514
39021,92,0.014908262
39021,93,0.012802354
39021,94,0.010901801
39021,95,0.009903128
39021,96,0.0089808665
39021,97,0.008250781
39021,98,0.0071499352
39021,99,0.0073579424
39021,100,0.007252172
39021,101,0.006669045
39021,102,0.006510072
39021,103,0.0069116782
39021,104,0.0059033083
39021,105,0.006046107
39021,106,0.005721973
39021,107,0.0055738194
39021,108,0.0060951198
39021,109,0.0073153013
39021,110,0.009507518
39021,111,0.0100755105
39021,112,0.00889156
39021,113,0.008527468
39021,114,0.008517388
39021,115,0.0073415725
39021,116,0.005471013
39021,117,0.0044047832
39021,118,0.0035676442
39021,119,0.0035570965
39021,120,0.0032930705
39021,121,0.0036386997
39021,122,0.003695999
39021,123,0.0038058665
39021,124,0.004317185
39021,125,0.005679167
39021,126,0.00649113
39021,127,0.006596142
39021,128,0.0059941714
39021,129,0.0055905916
39021,130,0.00494951
39021,131,0.004029334
39021,132,0.0032755933
39021,133,0.0031913107
39021,134,0.0029503675
39021,135,0.002812544
39021,136,0.0026404383
39021,137,0.0024069669
39021,138,0.0024614274
39021,139,0.0025212427
39021,140,0.0018974972
39021,141,0.0013466657
39021,142,0.0011725702
39021,143,0.0009587546
39021,144,0.00086851156
39021,145,0.00080151216
39021,146,0.0006772449
39021,147,0.00067198096
39021,148,0.00071002886
39021,149,0.0007479446
39021,150,0.00081887183
39021,151,0.00089310616
39021,152,0.0008974314
39021,153,0.0008824125
39021,154,0.0009335692
39021,155,0.001077936
39021,156,0.0012099675
39021,157,0.0012890808
39021,158,0.0012083282
39021,159,0.001228965
39021,160,0.0012163983
39021,161,0.0009049807
39021,162,0.00075330096
39021,163,0.0006838387
39021,164,0.0005791737
39021,165,0.00041890505
39021,166,0.0003221052
39021,167,0.0002085375
39021,168,0.00036586757
39021,169,0.00033756543
39021,170,0.0002255795
39021,171,0.00037530757
39021,172,0.0003685821
39021,173,0.00056794967
39021,174,0.0007269832
39021,175,0.00075910933
39021,176,0.00088771584
39021,177,0.0009281202
39021,178,0.0009016157
39021,179,0.0008689192
39021,180,0.0008349046
39021,181,0.0008411083
39021,182,0.00074798823
39021,183,0.0007444631
39021,184,0.000615718
39021,185,0.00057039154
39021,186,0.00053591165
39021,187,0.00037337196
39021,188,0.00026877734
39021,189,0.00030440374
39021,190,0.0003622963
39021,191,0.0003667821
39021,192,0.0004914166
39021,193,0.0004105813
39021,194,0.0005112584
39021,195,0.00061894744
39021,196,0.0006044427
39021,197,0.0006228855
39021,198,0.0005696202
39021,199,0.00063510565
39021,200,0.0005223851
39021,201,0.0004581359
39021,202,0.00042173025
39021,203,0.0005940982
39021,204,0.00049989414
39021,205,0.00049486704
39021,206,0.0006687287
39021,207,0.00072334736
39021,208,0.0006019868
39021,209,9.501633e-05
39021,210,0.0002350345
39021,211,0.00022449237
39021,212,0.0
39021,213,0.0003395784
39021,214,0.00044536733
39021,215,0.00037147533
39041,73,0.0705409
39041,74,0.07035027
39041,75,0.06906427
39041,76,0.0677296
39041,77,0.06674682
39041,78,0.06571811
39041,79,0.06473651
39041,80,0.062097806
39041,81,0.0607995
39041,82,0.05843052
39041,83,0.05491756
39041,84,0.051397514
39041,85,0.046861906
39041,86,0.042948857
39041,87,0.03924425
39041,88,0.035642043
39041,89,0.032129083
39041,90,0.028495952
39041,91,0.02523641
39041,92,0.021627795
39041,93,0.018847417
39041,94,0.01616126
39041,95,0.014440339
39041,96,0.013175645
39041,97,0.011985659
39041,98,0.011051618
39041,99,0.010443534
39041,100,0.010075922
39041,101,0.009726346
39041,102,0.009467605
39041,103,0.009329197
39041,104,0.009268851
39041,105,0.008784937
39041,106,0.0083826
39041,107,0.008261729
39041,108,0.00855099
39041,109,0.008654893
39041,110,0.00881223
39041,111,0.008854482
39041,112,0.0086729955
39041,113,0.0078201275
39041,114,0.0073226634
39041,115,0.006230235
39041,116,0.004959583
39041,117,0.0045410753
39041,118,0.0043298486
39041,119,0.004209148
39041,120,0.004050275
39041,121,0.0040477742
39041,122,0.0047460995
39041,123,0.005466832
39041,124,0.0052337106
39041,125,0.005117567
39041,126,0.005016703
39041,127,0.005070331
39041,128,0.004665914
39041,129,0.0046135085
39041,130,0.0044636563
39041,131,0.0042502023
39041,132,0.0039589675
39041,133,0.0035480326
39041,134,0.0033581567
39041,135,0.0031245344
39041,136,0.0026333036
39041,137,0.002906491
39041,138,0.002989357
39041,139,0.0030739263
39041,140,0.0027294373
39041,141,0.0021608253
39041,142,0.0017410706
39041,143,0.0019044126
39041,144,0.0019874675
39041,145,0.0017842503
39041,146,0.0013878564
39041,147,0.0012808117
39041,148,0.0010922935
39041,149,0.0011549521
39041,150,0.0012225835
39041,151,0.0013108387
39041,152,0.0013047461
39041,153,0.0013055345
39041,154,0.0013471417
39041,155,0.0014075577
39041,156,0.0012428368
39041,157,0.0011477642
39041,158,0.000983398
39041,159,0.0009091087
39041,160,0.00088603864
39041,161,0.00091558666
39041,162,0.000835432
39041,163,0.00069300557
39041,164,0.0005928918
39041,165,0.0004502385
39041,166,0.00029207784
39041,167,0.00016158646
39041,168,3.7779595e-05
39041,169,0.00026075105
39041,170,0.0001777012
39041,171,0.00010088489
39041,172,2.1896625e-05
39041,173,0.00015542595
39041,174,0.00019384379
39041,175,0.00014667238
39041,176,0.00023443863
39041,177,0.00042829502
39041,178,0.0004997213
39041,179,0.0005942681
39041,180,0.00055774377
39041,181,0.0005504928
39041,182,0.00040225353
39041,183,0.00037619006
39041,184,0.00024880315
39041,185,0.0003699687
39041,186,0.000100567246
39041,187,8.749173e-05
39041,188,0.0001357664
39041,189,0.00012748454
39041,190,0.00013753567
39041,191,0.0
39041,192,0.0
39041,193,0.0
39041,194,0.0
39041,195,0.0
39041,196,0.00015600391
39041,197,0.00010939748
39041,198,0.00011220191
39041,199,0.00014991431
39041,200,0.00021607666
39041,201,0.00016031753
39041,202,0.00019874438
39041,203,0.00041591187
39041,204,0.00035052857
39041,205,0.0002400657
39041,206,0.00043503806
39041,207,0.00033195407
39041,208,0.00029207076
39041,209,0.000115484094
39041,210,0.0001869626
39041,211,0.0002491992
39041,212,0.00022153821
39041,213,0.0002206397
39041,214,0.0
39041,215,0.0
39043,73,0.031254116
39043,74,0.02861084
39043,75,0.02804383
39043,76,0.027782246
39043,77,0.027532034
39043,78,0.026861988
39043,79,0.026006347
39043,80,0.02471738
39043,81,0.023514772
39043,82,0.022116825
39043,83,0.020618543
39043,84,0.01890814
39043,85,0.017182797
39043,86,0.015405409
39043,87,0.013919881
39043,88,0.012762352
39043,89,0.011861825
39043,90,0.010828614
39043,91,0.009722298
39043,92,0.008580578
39043,93,0.007954584
39043,94,0.0072904257
39043,95,0.006866841
39043,96,0.0065143364
39043,97,0.00609598
39043,98,0.005863825
39043,99,0.005681911
39043,100,0.005636169
39043,101,0.0057082344
39043,102,0.0056595467
39043,103,0.0052080373
39043,104,0.0047971113
39043,105,0.004515049
39043,106,0.0042239707
39043,107,0.004138565
39043,108,0.0041912934
39043,109,0.004781788
39043,110,0.005376086
39043,111,0.005059326
39043,112,0.0049909195
39043,113,0.0049594524
39043,114,0.0047636083
39043,115,0.004352125
39043,116,0.0036838746
39043,117,0.0032875768
39043,118,0.0029062398
39043,119,0.0026761047
39043,120,0.0030923628
39043,121,0.0033391353
39043,122,0.004168029
39043,123,0.0053337556
39043,124,0.005062582
39043,125,0.005470233
39043,126,0.0051183826
39043,127,0.005498776
39043,128,0.0050693806
39043,129,0.0047413404
39043,130,0.004556104
39043,131,0.0039321636
39043,132,0.0033500204
39043,133,0.0026704979
39043,134,0.0024047995
39043,135,0.0020623056
39043,136,0.0021869885
39043,137,0.0017783117
39043,138,0.0017762659
39043,139,0.001961396
39043,140,0.0017697089
39043,141,0.0016898804
39043,142,0.0017392364
39043,143,0.0012122338
39043,144,0.001090351
39043,145,0.0011349734
39043,146,0.00084693567
39043,147,0.00061372767
39043,148,0.00045266683
39043,149,0.00051630964
39043,150,0.0005221951
39043,151,0.00047348786
39043,152,0.000391204
39043,153,0.000528472
39043,154,0.0007390231
39043,155,0.00082334445
39043,156,0.0008813759
39043,157,0.000919001
39043,158,0.000768409
39043,159,0.00072169164
39043,160,0.0006070115
39043,161,0.0006104699
39043,162,0.0005947172
39043,163,0.0006944593
39043,164,0.00054911384
39043,165,0.00027178967
39043,166,6.305647e-05
39043,167,2.1201755e-05
39043,168,2.2383523e-05
39043,169,0.00013073707
39043,170,0.0001764241
39043,171,0.000110873414
39043,172,0.0
39043,173,3.4628414e-05
39043,174,0.000115345574
39043,175,0.0001942932
39043,176,0.00017227068
39043,177,0.00032871813
39043,178,0.00041530206
39043,179,0.00045494773
39043,180,0.0003800046
39043,181,0.00025495113
39043,182,0.00019555817
39043,183,0.00018374335
39043,184,0.0002055039
39043,185,0.00021430655
39043,186,5.259578e-05
39043,187,5.0359842e-05
39043,188,4.624994e-05
39043,189,6.260822e-05
39043,190,0.00013115912
39043,191,0.00010350313
39043,192,8.889944e-05
39043,193,0.0
39043,194,0.0
39043,195,0.0
39043,196,0.0
39043,197,0.0
39043,198,0.0
39043,199,3.184998e-05
39043,200,0.0
39043,201,0.0
39043,202,6.2026265e-06
39043,203,2.644856e-05
39043,204,7.53217e-05
39043,205,0.0
39043,206,0.00012215013
39043,207,0.0
39043,208,0.0
39043,209,0.0
39043,210,0.0
39043,211,0.0
39043,212,6.2869694e-05
39043,213,0.0
39043,214,3.0990646e-05
39043,215,0.0
39047,73,0.009930038
39047,74,0.010558998
39047,75,0.010101513
39047,76,0.00935741
39047,77,0.008794368
39047,78,0.007982629
39047,79,0.0072426368
39047,80,0.0065840455
39047,81,0.0061098323
39047,82,0.0054806066
39047,83,0.005169964
39047,84,0.005004611
39047,85,0.0046439418
39047,86,0.0043955026
39047,87,0.004186751
39047,88,0.0037390331
39047,89,0.0035181725
39047,90,0.003324573
39047,91,0.0029345066
39047,92,0.0026158486
39047,93,0.002266211
39047,94,0.0021577473
39047,95,0.0018902273
39047,96,0.0019016906
39047,97,0.0017284702
39047,98,0.0015683349
39047,99,0.0014341427
39047,100,0.0013949018
39047,101,0.0012520227
39047,102,0.0012887864
39047,103,0.001391042
39047,104,0.0018029425
39047,105,0.0014294113
39047,106,0.0015634835
39047,107,0.0020248098
39047,108,0.0027968232
39047,109,0.0033941446
39047,110,0.0048243185
39047,111,0.005987025
39047,112,0.00589728
39047,113,0.0058848686
39047,114,0.0053657116
39047,115,0.0047130217
39047,116,0.003987282
39047,117,0.004157049
39047,118,0.0034981484
39047,119,0.0028977962
39047,120,0.0025047937
39047,121,0.0025976049
39047,122,0.0029954696
39047,123,0.0031996116
39047,124,0.003097048
39047,125,0.003129262
39047,126,0.0036556507
39047,127,0.0038668804
39047,128,0.003920973
39047,129,0.0036860057
39047,130,0.003600044
39047,131,0.0032801216
39047,132,0.0029229203
39047,133,0.002739669
39047,134,0.0026341733
39047,135,0.002278688
39047,136,0.0020938762
39047,137,0.002612367
39047,138,0.0033431724
39047,139,0.003382655
39047,140,0.0027282087
39047,141,0.002105508
39047,142,0.0018296208
39047,143,0.0016485474
39047,144,0.0016779053
39047,145,0.00169866
39047,146,0.0014211236
39047,147,0.001241846
39047,148,0.0012890551
39047,149,0.0012671626
39047,150,0.0012004317
39047,151,0.0013265185
39047,152,0.0013489595
39047,153,0.0011756184
39047,154,0.0011567504
39047,155,0.0012533526
39047,156,0.0011192836
39047,157,0.0012289318
39047,158,0.0011119806
39047,159,0.001050153
39047,160,0.0011086314
39047,161,0.0010910499
39047,162,0.00091291865
39047,163,0.00085901783
39047,164,0.0007779945
39047,165,0.0006490553
39047,166,0.00044583768
39047,167,0.00040551578
39047,168,4.0961077e-05
39047,169,0.00011911819
39047,170,0.000223596
39047,171,0.0003449708
39047,172,0.00043493166
39047,173,0.0006525386
39047,174,0.00085371354
39047,175,0.0011128226
39047,176,0.001161045
39047,177,0.0013676456
39047,178,0.0016831738
39047,179,0.0019364655
39047,180,0.0018368253
39047,181,0.0015002583
39047,182,0.0012415759
39047,183,0.0009576868
39047,184,0.0010393681
39047,185,0.00073789054
39047,186,0.0003623755
39047,187,7.065184e-05
39047,188,0.000121358724
39047,189,0.0003172383
39047,190,0.0005174571
39047,191,0.00042507562
39047,192,0.00039579975
39047,193,0.00040973714
39047,194,0.00043254218
39047,195,0.00047937292
39047,196,0.0005433968
39047,197,0.00059416867
39047,198,0.00064655376
39047,199,0.0007788179
39047,200,0.0006949269
39047,201,0.0004099235
39047,202,0.0003327839
39047,203,0.00041099646
39047,204,0.0005259944
39047,205,0.0008948967
39047,206,0.00073735806
39047,207,0.0009216802
39047,208,0.0009416214
39047,209,0.0008171563
39047,210,0.00069680245
39047,211,0.0005523808
39047,212,0.00033078
39047,213,0.00030374152
39047,214,0.00043809772
39047,215,0.00041341697
39057,73,0.029184025
39057,74,0.024316654
39057,75,0.021966305
39057,76,0.021192156
39057,77,0.021060474
39057,78,0.020789089
39057,79,0.020208078
39057,80,0.019444598
39057,81,0.01819005
39057,82,0.016960895
39057,83,0.015244121
39057,84,0.014160104
39057,85,0.012772893
39057,86,0.01170286
39057,87,0.010585424
39057,88,0.009126766
39057,89,0.008183725
39057,90,0.0072297943
39057,91,0.0063465578
39057,92,0.0055580926
39057,93,0.004751135
39057,94,0.0043894146
39057,95,0.003960974
39057,96,0.003541538
39057,97,0.0032638197
39057,98,0.0029009858
39057,99,0.0027790826
39057,100,0.002781155
39057,101,0.0026332235
39057,102,0.0025386664
39057,103,0.0026816882
39057,104,0.0025962768
39057,105,0.0025479887
39057,106,0.0026493934
39057,107,0.0032345026
39057,108,0.0039945226
39057,109,0.0044950387
39057,110,0.0055026608
39057,111,0.0055831377
39057,112,0.005297484
39057,113,0.005089314
39057,114,0.0045804493
39057,115,0.00433327
39057,116,0.0035102924
39057,117,0.0030121657
39057,118,0.0026847813
39057,119,0.0024548022
39057,120,0.0023321307
39057,121,0.002635876
39057,122,0.0031422558
39057,123,0.0028198317
39057,124,0.0025909818
39057,125,0.0029444706
39057,126,0.0029134187
39057,127,0.0028524757
39057,128,0.0029706
39057,129,0.0030199664
39057,130,0.0028387837
39057,131,0.0023432618
39057,132,0.002155298
39057,133,0.0020012015
39057,134,0.0018195985
39057,135,0.0015666899
39057,136,0.0015931615
39057,137,0.001748336
39057,138,0.0017889832
39057,139,0.001984661
39057,140,0.0016934447
39057,141,0.0012849222
39057,142,0.0011281344
39057,143,0.0010587237
39057,144,0.0010891204
39057,145,0.0011255023
39057,146,0.0010684708
39057,147,0.0008926822
39057,148,0.0008673572
39057,149,0.000829484
39057,150,0.000741408
39057,151,0.0008251771
39057,152,0.00094376394
39057,153,0.0009271032
39057,154,0.00096736255
39057,155,0.0008977393
39057,156,0.0007916963
39057,157,0.0009207958
39057,158,0.00069373933
39057,159,0.00057114573
39057,160,0.00065384875
39057,161,0.0007441667
39057,162,0.0006616542
39057,163,0.0005687389
39057,164,0.00047528627
39057,165,0.00022814311
39057,166,0.0001055404
39057,167,0.0
39057,168,0.0
39057,169,5.1710154e-05
39057,170,0.0001373231
39057,171,0.00015343819
39057,172,0.00012618472
39057,173,0.00025592736
39057,174,0.0002161374
39057,175,0.000338652
39057,176,0.00035085581
39057,177,0.00044808444
39057,178,0.0004928385
39057,179,0.0005514983
39057,180,0.000523364
39057,181,0.0005630764
39057,182,0.00048603278
39057,183,0.0004382268
39057,184,0.0003641857
39057,185,0.00027750427
39057,186,0.00026935144
39057,187,0.00016355967
39057,188,3.0278396e-05
39057,189,5.5651162e-05
39057,190,0.00017140701
39057,191,0.00013107297
39057,192,7.560087e-05
39057,193,5.483017e-05
39057,194,6.336136e-05
39057,195,8.11728e-05
39057,196,9.428905e-05
39057,197,0.00012402624
39057,198,0.00016861994
39057,199,0.00024297816
39057,200,0.00020136799
39057,201,0.00015621283
39057,202,1.3903093e-05
39057,203,0.00016731629
39057,204,0.0001788973
39057,205,0.00045442805
39057,206,0.0003952569
39057,207,0.0005694396
39057,208,0.00047159233
39057,209,9.036321e-05
39057,210,0.0
39057,211,0.00014254787
39057,212,2.53633e-05
39057,213,0.00018585904
39057,214,0.00020077756
39057,215,3.7340593e-05
39067,73,0.25232655
39067,74,0.25026953
39067,75,0.24594384
39067,76,0.24562524
39067,77,0.2464659
39067,78,0.24535078
39067,79,0.24136318
39067,80,0.23287371
39067,81,0.22087438
39067,82,0.20790134
39067,83,0.19675264
39067,84,0.18835314
39067,85,0.17982839
39067,86,0.17010973
39067,87,0.16143648
39067,88,0.15360542
39067,89,0.14478868
39067,90,0.13726135
39067,91,0.121773414
39067,92,0.1057185
39067,93,0.096151695
39067,94,0.09148267
39067,95,0.08773096
39067,96,0.085317954
39067,97,0.084214926
39067,98,0.083953075
39067,99,0.08407989
39067,100,0.0840231
39067,101,0.083069295
39067,102,0.081949174
39067,103,0.080791615
39067,104,0.07911848
39067,105,0.07610704
39067,106,0.07141428
39067,107,0.06900037
39067,108,0.06725634
39067,109,0.06422972
39067,110,0.06214792
39067,111,0.05674281
39067,112,0.049342666
39067,113,0.04559669
39067,114,0.04449349
39067,115,0.04266675
39067,116,0.040521007
39067,117,0.03751309
39067,118,0.035543617
39067,119,0.033226978
39067,120,0.031830333
39067,121,0.030469852
39067,122,0.02944509
39067,123,0.028832404
39067,124,0.028271591
39067,125,0.029672896
39067,126,0.030423785
39067,127,0.03044827
39067,128,0.031021154
39067,129,0.032321744
39067,130,0.032445624
39067,131,0.031150991
39067,132,0.02717864
39067,133,0.022730816
39067,134,0.019360134
39067,135,0.016148329
39067,136,0.012925493
39067,137,0.01024279
39067,138,0.007855059
39067,139,0.006230585
39067,140,0.006288029
39067,141,0.005998961
39067,142,0.0060868757
39067,143,0.005928493
39067,144,0.005811494
39067,145,0.005323532
39067,146,0.0045024813
39067,147,0.0047018095
39067,148,0.004957327
39067,149,0.0047906996
39067,150,0.004843618
39067,151,0.0059580626
39067,152,0.006164692
39067,153,0.0068019736
39067,154,0.0067813485
39067,155,0.0065330174
39067,156,0.006436752
39067,157,0.0056001097
39067,158,0.004722083
39067,159,0.0043548713
39067,160,0.0036021816
39067,161,0.0029838667
39067,162,0.002618607
39067,163,0.002162103
39067,164,0.001407733
39067,165,0.0012955044
39067,166,0.0010787095
39067,167,0.0010335329
39067,168,0.000943095
39067,169,0.0010099943
39067,170,0.00084055844
39067,171,0.00092275144
39067,172,0.00090020715
39067,173,0.0008695278
39067,174,0.0010583102
39067,175,0.0010841669
39067,176,0.0010752975
39067,177,0.0007880373
39067,178,0.001636241
39067,179,0.0015011489
39067,180,0.0015211563
39067,181,0.0013821083
39067,182,0.0013002014
39067,183,0.001143022
39067,184,0.0007709986
39067,185,0.00082464074
39067,186,0.0007718476
39067,187,0.0005220471
39067,188,0.00038538358
39067,189,0.000118584394
39067,190,0.00031910706
39067,191,0.00021624778
39067,192,0.00038476652
39067,193,0.0002675698
39067,194,0.00030877953
39067,195,0.00017177487
39067,196,0.00017366017
39067,197,0.0006498368
39067,198,0.00038120121
39067,199,0.00046098407
39067,200,0.00048476036
39067,201,0.00060566864
39067,202,0.0006455085
39067,203,0.0006521485
39067,204,0.000828606
39067,205,0.0007431811
39067,206,0.00075903966
39067,207,0.0005529178
39067,208,0.00053329143
39067,209,0.00036651676
39067,210,0.000121827245
39067,211,0.0
39067,212,0.0002468303
39067,213,0.00028632692
39067,214,0.000119198536
39067,215,4.9948976e-05
39071,73,0.0022991744
39071,74,0.001978919
39071,75,0.0017771557
39071,76,0.0015608042
39071,77,0.0014181985
39071,78,0.0013058138
39071,79,0.0012362131
39071,80,0.0008434855
39071,81,0.0005819206
39071,82,0.000605401
39071,83,0.0010525278
39071,84,0.0010853345
39071,85,0.0008421831
39071,86,0.0008297994
39071,87,0.00075520424
39071,88,0.00072046084
39071,89,0.00067093107
39071,90,0.0008939194
39071,91,0.000999845
39071,92,0.0007954926
39071,93,0.00065047643
39071,94,0.0005268756
39071,95,0.0003294817
39071,96,0.00027572707
39071,97,0.00015728764
39071,98,0.00014412915
39071,99,0.00015526765
39071,100,6.590029e-05
39071,101,0.0
39071,102,0.00012955417
39071,103,0.00021419417
39071,104,0.0004027918
39071,105,0.0005007848
39071,106,0.0009549529
39071,107,0.0013480372
39071,108,0.0019776947
39071,109,0.003390041
39071,110,0.0052893083
39071,111,0.0061044605
39071,112,0.0057153422
39071,113,0.004951538
39071,114,0.0042727794
39071,115,0.0038387873
39071,116,0.0036329702
39071,117,0.0042991047
39071,118,0.0037746197
39071,119,0.003333939
39071,120,0.0027284205
39071,121,0.0028979648
39071,122,0.0034640008
39071,123,0.0030951423
39071,124,0.0028761702
39071,125,0.0024130917
39071,126,0.0026591986
39071,127,0.0024653447
39071,128,0.0024669955
39071,129,0.002166337
39071,130,0.0021660794
39071,131,0.0017746552
39071,132,0.0017315969
39071,133,0.001725042
39071,134,0.0016189724
39071,135,0.0013839033
39071,136,0.0011516066
39071,137,0.0019379555
39071,138,0.002599827
39071,139,0.0027074076
39071,140,0.0022845275
39071,141,0.0016210884
39071,142,0.001240266
39071,143,0.0009951247
39071,144,0.0012535481
39071,145,0.0015111328
39071,146,0.001391827
39071,147,0.001250946
39071,148,0.0012815829
39071,149,0.0013140072
39071,150,0.0011460556
39071,151,0.001448402
39071,152,0.0014978593
39071,153,0.0011188466
39071,154,0.0010417544
39071,155,0.0010378761
39071,156,0.0010922402
39071,157,0.000942205
39071,158,0.00063806196
39071,159,0.0004284419
39071,160,0.0003771432
39071,161,0.0006075333
39071,162,0.00061458396
39071,163,0.00056383904
39071,164,0.0006410488
39071,165,0.0005652302
39071,166,0.0004813865
39071,167,0.00030901298
39071,168,0.00012253545
39071,169,0.00012893557
39071,170,0.00018274305
39071,171,9.184153e-05
39071,172,0.00018925208
39071,173,0.0004281414
39071,174,0.000580547
39071,175,0.00069997064
39071,176,0.0007525334
39071,177,0.00077159033
39071,178,0.0008453144
39071,179,0.0008339413
39071,180,0.000711597
39071,181,0.00059056364
39071,182,0.00058147364
39071,183,0.0004623846
39071,184,0.00037546345
39071,185,0.00023912523
39071,186,8.919337e-05
39071,187,5.039879e-05
39071,188,8.564382e-05
39071,189,0.0002025169
39071,190,0.0001670969
39071,191,0.00023249032
39071,192,0.00014086565
39071,193,0.00024723078
39071,194,0.00024122844
39071,195,0.00015294291
39071,196,0.00013380699
39071,197,0.0001621982
39071,198,0.00028602462
39071,199,0.00032532646
39071,200,0.00024309554
39071,201,0.00020472945
39071,202,0.00031813871
39071,203,0.00040414475
39071,204,0.0003890547
39071,205,0.0005318454
39071,206,0.00034209277
39071,207,0.00047685232
39071,208,0.0004603912
39071,209,0.0004281592
39071,210,0.00027949386
39071,211,0.0002848926
39071,212,0.00025032717
39071,213,0.0003850025
39071,214,0.00030434094
39071,215,0.00010877322
39079,73,0.007833915
39079,74,0.006749772
39079,75,0.0061946334
39079,76,0.005940559
39079,77,0.005835699
39079,78,0.005386333
39079,79,0.0050095497
39079,80,0.0043888115
39079,81,0.0039605903
39079,82,0.003786635
39079,83,0.0034269255
39079,84,0.0029914305
39079,85,0.0031327393
39079,86,0.0025334163
39079,87,0.0026870512
39079,88,0.002237844
39079,89,0.0017723949
39079,90,0.0015727134
39079,91,0.0014404014
39079,92,0.0010338287
39079,93,0.0009741544
39079,94,0.0008672803
39079,95,0.000815259
39079,96,0.000696702
39079,97,0.0007438006
39079,98,0.0007082028
39079,99,0.0005127677
39079,100,0.0006423919
39079,101,0.00064632663
39079,102,0.00079013256
39079,103,0.0007737329
39079,104,0.00071626395
39079,105,0.0007791786
39079,106,0.002008851
39079,107,0.0033073667
39079,108,0.0036728317
39079,109,0.0030219085
39079,110,0.0030267881
39079,111,0.0029389549
39079,112,0.0038497173
39079,113,0.0045286943
39079,114,0.0053336984
39079,115,0.0053416067
39079,116,0.0055255247
39079,117,0.005214221
39079,118,0.0049023945
39079,119,0.0045009763
39079,120,0.0036038149
39079,121,0.002636651
39079,122,0.0020228606
39079,123,0.0022704042
39079,124,0.0026100883
39079,125,0.002617941
39079,126,0.0033204728
39079,127,0.0037403358
39079,128,0.0038356155
39079,129,0.0035295314
39079,130,0.0032109653
39079,131,0.0028390212
39079,132,0.0024926318
39079,133,0.002150572
39079,134,0.0020503858
39079,135,0.0020439324
39079,136,0.001868207
39079,137,0.002125541
39079,138,0.0021794722
39079,139,0.0026401812
39079,140,0.002569393
39079,141,0.002296984
39079,142,0.0021277547
39079,143,0.0021758447
39079,144,0.0021863775
39079,145,0.0022611085
39079,146,0.0019216755
39079,147,0.0020763308
39079,148,0.0018154435
39079,149,0.0016273003
39079,150,0.001731945
39079,151,0.0019078961
39079,152,0.0016152927
39079,153,0.0010949658
39079,154,0.0011490707
39079,155,0.0013124745
39079,156,0.0015665782
39079,157,0.0015008289
39079,158,0.0012337633
39079,159,0.0011496405
39079,160,0.0010351242
39079,161,0.0008659296
39079,162,0.0007595411
39079,163,0.00065494515
39079,164,0.0009341125
39079,165,0.0008802973
39079,166,0.00067538983
39079,167,0.0005266058
39079,168,0.00051795645
39079,169,0.00017271083
39079,170,0.00022328446
39079,171,0.00046641313
39079,172,0.0005236155
39079,173,0.00054152793
39079,174,0.00059334
39079,175,0.0006549225
39079,176,0.00094150694
39079,177,0.00098118
39079,178,0.0012511299
39079,179,0.0013737555
39079,180,0.0014879466
39079,181,0.0012359995
39079,182,0.0011042039
39079,183,0.0008822512
39079,184,0.00092318805
39079,185,0.0007273102
39079,186,0.00057901966
39079,187,0.00040460826
39079,188,0.0006211027
39079,189,0.0005314152
39079,190,9.808334e-05
39079,191,0.00022370699
39079,192,6.011243e-05
39079,193,0.00021623925
39079,194,0.00022495039
39079,195,0.0002088148
39079,196,0.00024088185
39079,197,0.00024664332
39079,198,0.00035311744
39079,199,0.00037786097
39079,200,0.00036771834
39079,201,0.00026798938
39079,202,0.0005189557
39079,203,0.0007811921
39079,204,0.0011146854
39079,205,0.00049846375
39079,206,0.0004943342
39079,207,0.00081370375
39079,208,0.00086064293
39079,209,0.0008075786
39079,210,0.0005784915
39079,211,0.00048745613
39079,212,0.00030493722
39079,213,0.000353662
39079,214,0.00038542922
39079,215,0.00015419291
39083,73,0.23891157
39083,74,0.23515469
39083,75,0.23156337
39083,76,0.22955766
39083,77,0.22669293
39083,78,0.22585553
39083,79,0.22734097
39083,80,0.22428824
39083,81,0.22010995
39083,82,0.21338062
39083,83,0.20715325
39083,84,0.20539309
39083,85,0.19993593
39083,86,0.19557127
39083,87,0.19622634
39083,88,0.19156669
39083,89,0.18401575
39083,90,0.17455429
39083,91,0.15844487
39083,92,0.14060159
39083,93,0.12967895
39083,94,0.12229559
39083,95,0.11844588
39083,96,0.11322792
39083,97,0.10845642
39083,98,0.1040163
39083,99,0.10157073
39083,100,0.101250984
39083,101,0.1022952
39083,102,0.10361209
39083,103,0.10431484
39083,104,0.10285705
39083,105,0.09846874
39083,106,0.09066675
39083,107,0.08299117
39083,108,0.075763166
39083,109,0.070608325
39083,110,0.067485966
39083,111,0.065083034
39083,112,0.0633291
39083,113,0.059240557
39083,114,0.05335122
39083,115,0.04715373
39083,116,0.0407729
39083,117,0.03795967
39083,118,0.03647812
39083,119,0.035673928
39083,120,0.034461305
39083,121,0.033837937
39083,122,0.033492517
39083,123,0.034341455
39083,124,0.036621734
39083,125,0.0364207
39083,126,0.039160397
39083,127,0.040573373
39083,128,0.042210583
39083,129,0.041063175
39083,130,0.036656003
39083,131,0.032218017
39083,132,0.030144334
39083,133,0.026878044
39083,134,0.023240855
39083,135,0.020803377
39083,136,0.018461032
39083,137,0.0153341135
39083,138,0.012748896
39083,139,0.010827453
39083,140,0.010150478
39083,141,0.009486043
39083,142,0.008565404
39083,143,0.00792833
39083,144,0.0074918093
39083,145,0.0072284546
39083,146,0.0065186145
39083,147,0.0062791053
39083,148,0.005811438
39083,149,0.0058253533
39083,150,0.0058889026
39083,151,0.0058365585
39083,152,0.0055840416
39083,153,0.0054132934
39083,154,0.0052012294
39083,155,0.005067504
39083,156,0.00473844
39083,157,0.0043366863
39083,158,0.003722215
39083,159,0.0032299983
39083,160,0.0026921106
39083,161,0.0024403539
39083,162,0.0023023314
39083,163,0.0020774861
39083,164,0.0016534122
39083,165,0.0011450597
39083,166,0.00067910313
39083,167,0.00063851586
39083,168,0.000668155
39083,169,0.0006472457
39083,170,0.0006799464
39083,171,0.000650817
39083,172,0.00067918544
39083,173,0.0007094366
39083,174,0.00071722775
39083,175,0.0005997229
39083,176,0.0006339974
39083,177,0.0009161024
39083,178,0.0010202598
39083,179,0.0011206061
39083,180,0.001206665
39083,181,0.00093619956
39083,182,0.00074896705
39083,183,0.00080133893
39083,184,0.00070234766
39083,185,0.0006659963
39083,186,0.00054996146
39083,187,0.00036466972
39083,188,0.0003213532
39083,189,0.00023838098
39083,190,0.00039900045
39083,191,0.00021439722
39083,192,0.00020956832
39083,193,0.00022273994
39083,194,0.00022578548
39083,195,0.00020140564
39083,196,0.00031831153
39083,197,0.00028267884
39083,198,0.00039744828
39083,199,0.00035019632
39083,200,0.0006377425
39083,201,0.00047664146
39083,202,0.00047055836
39083,203,0.0007011776
39083,204,0.00046420417
39083,205,0.00046370286
39083,206,0.0005734272
39083,207,0.00037388928
39083,208,0.0003131678
39083,209,0.00010046427
39083,210,0.00026013385
39083,211,0.0
39083,212,0.00010243025
39083,213,0.00027715284
39083,214,0.00014260296
39083,215,0.0
42001,73,0.0048308168
42001,74,0.0043274797
42001,75,0.004505026
42001,76,0.004576558
42001,77,0.0038995566
42001,78,0.0031838235
42001,79,0.003234572
42001,80,0.00412135
42001,81,0.005610787
42001,82,0.0064223283
42001,83,0.0056467922
42001,84,0.0043554585
42001,85,0.003821252
42001,86,0.0035439804
42001,87,0.0026221513
42001,88,0.0020939342
42001,89,0.0016450417
42001,90,0.001283464
42001,91,0.0009899418
42001,92,0.00082199986
42001,93,0.0006587178
42001,94,0.0005473781
42001,95,0.00026016025
42001,96,0.0
42001,97,0.0
42001,98,0.0
42001,99,0.0
42001,100,0.0
42001,101,0.0
42001,102,0.0
42001,103,0.0
42001,104,0.0
42001,105,0.0
42001,106,0.00023975757
42001,107,0.0002902976
42001,108,0.00037325275
42001,109,0.00035739073
42001,110,0.00011442456
42001,111,0.0
42001,112,0.0
42001,113,0.0
42001,114,0.0
42001,115,0.0
42001,116,0.0
42001,117,0.0
42001,118,0.0
42001,119,0.0
42001,120,0.0
42001,121,0.0
42001,122,0.0
42001,123,0.0
42001,124,0.0
42001,125,0.0
42001,126,0.0
42001,127,0.0
42001,128,0.0
42001,129,0.0
42001,130,0.00015451986
42001,131,0.00036076838
42001,132,0.00051223027
42001,133,0.00048430474
42001,134,6.997643e-05
42001,135,0.0
42001,136,0.0
42001,137,0.00057122024
42001,138,0.001323317
42001,139,0.0029598344
42001,140,0.004565263
42001,141,0.0052297427
42001,142,0.005139084
42001,143,0.00646931
42001,144,0.0067309234
42001,145,0.0068075005
42001,146,0.0073512094
42001,147,0.0075140786
42001,148,0.0077635213
42001,149,0.0070230383
42001,150,0.005873374
42001,151,0.005021344
42001,152,0.0038414598
42001,153,0.0031250888
42001,154,0.0028265393
42001,155,0.0024720556
42001,156,0.0023181415
42001,157,0.0018781137
42001,158,0.0017692466
42001,159,0.0015059417
42001,160,0.0012920542
42001,161,0.0012631911
42001,162,0.0011073519
42001,163,0.0009036674
42001,164,0.00051415304
42001,165,0.00027733645
42001,166,0.00010504701
42001,167,1.4123107e-05
42001,168,0.0
42001,169,0.0
42001,170,0.0
42001,171,0.0
42001,172,0.0
42001,173,0.0
42001,174,0.0
42001,175,0.0
42001,176,0.0
42001,177,0.0
42001,178,0.0
42001,179,0.0
42001,180,0.0
42001,181,0.0
42001,182,0.0
42001,183,0.0
42001,184,0.0
42001,185,0.00010104548
42001,186,0.0
42001,187,0.0
42001,188,0.0
42001,189,0.0
42001,190,0.0
42001,191,0.0
42001,192,0.0
42001,193,0.0
42001,194,0.0
42001,195,0.0
42001,196,0.0
42001,197,0.0
42001,198,0.0
42001,199,0.0
42001,200,0.0
42001,201,0.0
42001,202,0.0
42001,203,0.0
42001,204,0.0
42001,205,0.0
42001,206,0.0
42001,207,0.0
42001,208,0.0
42001,209,0.0
42001,210,0.0
42001,211,0.0
42001,212,6.180227e-05
42001,213,8.178795e-05
42001,214,0.0
42001,215,0.0
42003,73,0.1354299
42003,74,0.12464686
42003,75,0.11964351
42003,76,0.11636502
42003,77,0.112238824
42003,78,0.10802854
42003,79,0.1035984
42003,80,0.09973374
42003,81,0.094290406
42003,82,0.08839828
42003,83,0.082729414
42003,84,0.07670047
42003,85,0.07094596
42003,86,0.065048635
42003,87,0.0591175
42003,88,0.05360983
42003,89,0.048569933
42003,90,0.043623716
42003,91,0.0370556
42003,92,0.03200642
42003,93,0.02915149
42003,94,0.026874261
42003,95,0.025175506
42003,96,0.023914399
42003,97,0.02235685
42003,98,0.02165061
42003,99,0.020902997
42003,100,0.020206906
42003,101,0.019361682
42003,102,0.019020548
42003,103,0.018468857
42003,104,0.017619424
42003,105,0.017250558
42003,106,0.01672577
42003,107,0.016243076
42003,108,0.016086563
42003,109,0.016062362
42003,110,0.016318092
42003,111,0.016730394
42003,112,0.017307885
42003,113,0.017839115
42003,114,0.01743799
42003,115,0.0162977
42003,116,0.015202964
42003,117,0.013941785
42003,118,0.012913461
42003,119,0.012321724
42003,120,0.012075814
42003,121,0.011920145
42003,122,0.01131804
42003,123,0.010492198
42003,124,0.010053423
42003,125,0.009673637
42003,126,0.009436596
42003,127,0.010617208
42003,128,0.011898794
42003,129,0.011617538
42003,130,0.01032604
42003,131,0.010011805
42003,132,0.010086748
42003,133,0.009376792
42003,134,0.008767636
42003,135,0.008295062
42003,136,0.0076775444
42003,137,0.0070577953
42003,138,0.0062650656
42003,139,0.0047415863
42003,140,0.005057068
42003,141,0.004349944
42003,142,0.0040247594
42003,143,0.0037139433
42003,144,0.0035999147
42003,145,0.0035333433
42003,146,0.0031952304
42003,147,0.002771809
42003,148,0.00249771
42003,149,0.0022293038
42003,150,0.002116713
42003,151,0.002841574
42003,152,0.0023462656
42003,153,0.0021080154
42003,154,0.00208345
42003,155,0.002098161
42003,156,0.0022862174
42003,157,0.00212107
42003,158,0.001898309
42003,159,0.0018506992
42003,160,0.0023624464
42003,161,0.0017654323
42003,162,0.0012340895
42003,163,0.0010829393
42003,164,0.0007673787
42003,165,0.0006249147
42003,166,0.00035221648
42003,167,0.00043175183
42003,168,0.0004770843
42003,169,0.000422493
42003,170,0.00035197407
42003,171,0.00036531605
42003,172,0.00026560598
42003,173,0.0003251535
42003,174,0.00024582268
42003,175,0.00023911618
42003,176,0.0002566666
42003,177,0.00040134357
42003,178,0.0007939134
42003,179,0.0007197468
42003,180,0.0007960358
42003,181,0.00054145063
42003,182,0.00044262517
42003,183,0.00030242564
42003,184,0.00013696533
42003,185,0.0002608762
42003,186,0.0002858157
42003,187,0.00019859117
42003,188,0.00028810033
42003,189,7.600617e-06
42003,190,0.0001409174
42003,191,5.5103923e-05
42003,192,3.1076932e-05
42003,193,0.0
42003,194,5.7666424e-05
42003,195,0.00014225772
42003,196,9.066541e-05
42003,197,5.6874087e-05
42003,198,5.0280596e-05
42003,199,2.6458549e-05
42003,200,0.00020062253
42003,201,0.0002257288
42003,202,0.0003808855
42003,203,0.00028697558
42003,204,0.00045154948
42003,205,0.00061087904
42003,206,0.0006697108
42003,207,0.000502952
42003,208,0.00028723554
42003,209,0.00034828988
42003,210,0.00037453297
42003,211,0.00036076154
42003,212,6.2092067e-06
42003,213,0.0
42003,214,0.0
42003,215,0.0
42011,73,0.0
42011,74,0.0
42011,75,0.0
42011,76,0.0
42011,77,0.0
42011,78,0.0
42011,79,0.0
42011,80,0.0
42011,81,0.0
42011,82,0.0
42011,83,0.0
42011,84,6.979251e-06
42011,85,0.0
42011,86,0.0
42011,87,0.0
42011,88,8.722308e-05
42011,89,0.0
42011,90,0.0
42011,91,0.00012902298
42011,92,0.00018974167
42011,93,0.0
42011,94,5.497091e-05
42011,95,0.0
42011,96,0.0
42011,97,0.0
42011,98,0.0
42011,99,0.0
42011,100,0.0
42011,101,0.0
42011,102,0.0
42011,103,0.0
42011,104,0.0
42011,105,0.0
42011,106,0.0
42011,107,0.0
42011,108,0.0
42011,109,0.0
42011,110,0.0
42011,111,0.0
42011,112,0.0
42011,113,0.0
42011,114,0.0
42011,115,1.20464565e-05
42011,116,3.1698037e-05
42011,117,0.0001407022
42011,118,0.00017102266
42011,119,0.00025286255
42011,120,0.00020626615
42011,121,0.00020456527
42011,122,0.00019984366
42011,123,8.8585235e-05
42011,124,4.6149828e-05
42011,125,0.0
42011,126,0.0
42011,127,0.0
42011,128,0.0
42011,129,0.0
42011,130,0.0
42011,131,4.698918e-05
42011,132,0.0005280694
42011,133,0.0008128173
42011,134,0.0004858155
42011,135,0.00015796807
42011,136,0.0
42011,137,6.559459e-05
42011,138,0.00040580035
42011,139,0.00096079544
42011,140,0.0022355346
42011,141,0.0053241714
42011,142,0.010536952
42011,143,0.013104527
42011,144,0.012867553
42011,145,0.012689885
42011,146,0.012300573
42011,147,0.012358305
42011,148,0.012975667
42011,149,0.012746005
42011,150,0.012288408
42011,151,0.010847318
42011,152,0.010003157
42011,153,0.008826953
42011,154,0.0077793454
42011,155,0.0066584144
42011,156,0.0057159006
42011,157,0.004977858
42011,158,0.0042445855
42011,159,0.0034906757
42011,160,0.003219731
42011,161,0.0030478763
42011,162,0.0025297361
42011,163,0.0024707387
42011,164,0.002016324
42011,165,0.0015965622
42011,166,0.0011743036
42011,167,0.00091275485
42011,168,0.00084437407
42011,169,0.0006029563
42011,170,0.00042919817
42011,171,0.0003402042
42011,172,0.00022516421
42011,173,8.5126514e-05
42011,174,0.00018453685
42011,175,0.00026186256
42011,176,0.00010708812
42011,177,0.00031127836
42011,178,0.0002294209
42011,179,0.00023016248
42011,180,0.0
42011,181,4.9954342e-05
42011,182,0.00025695845
42011,183,0.00023814355
42011,184,0.00024512832
42011,185,0.00014285621
42011,186,0.00012546408
42011,187,0.00017467135
42011,188,0.00012071247
42011,189,0.0
42011,190,0.0
42011,191,0.0
42011,192,0.0
42011,193,0.0
42011,194,0.0
42011,195,0.0
42011,196,0.0
42011,197,0.0
42011,198,0.0
42011,199,0.0
42011,200,0.0
42011,201,0.0
42011,202,0.0
42011,203,0.0
42011,204,0.0
42011,205,0.0
42011,206,0.0
42011,207,0.0
42011,208,0.0
42011,209,0.0
42011,210,0.0
42011,211,0.0
42011,212,0.0
42011,213,0.0
42011,214,0.0
42011,215,0.0
42017,73,0.00073836185
42017,74,0.00077280944
42017,75,0.00039310876
42017,76,0.0005292781
42017,77,0.00057591946
42017,78,0.0005500637
42017,79,0.0004184175
42017,80,0.00014944005
42017,81,0.0005019115
42017,82,0.0006169811
42017,83,0.0005123169
42017,84,0.00047096648
42017,85,0.0002463735
42017,86,0.0003980195
42017,87,0.00017510605
42017,88,0.0002604745
42017,89,0.00013383613
42017,90,0.0002475469
42017,91,5.795045e-05
42017,92,0.0
42017,93,0.0
42017,94,0.0
42017,95,0.0
42017,96,0.0
42017,97,0.0
42017,98,0.0
42017,99,0.0
42017,100,0.0
42017,101,0.0
42017,102,0.0
42017,103,0.0
42017,104,4.1398667e-05
42017,105,0.0
42017,106,0.0
42017,107,0.0
42017,108,0.00017076862
42017,109,0.00023841673
42017,110,0.00022728002
42017,111,0.00013278787
42017,112,0.00014313195
42017,113,1.4236308e-05
42017,114,0.0
42017,115,0.0
42017,116,3.234e-05
42017,117,0.00020734321
42017,118,0.00010002334
42017,119,8.2724386e-05
42017,120,2.149322e-05
42017,121,0.00012536423
42017,122,0.00018734812
42017,123,0.00022624912
42017,124,9.73103e-06
42017,125,0.00015096457
42017,126,5.5660727e-05
42017,127,0.0
42017,128,0.00015877407
42017,129,0.00024702217
42017,130,0.00037710727
42017,131,0.00031368883
42017,132,0.00038846958
42017,133,0.00035111164
42017,134,0.0007499143
42017,135,0.0012852977
42017,136,0.0013636631
42017,137,0.0013089202
42017,138,0.0018050623
42017,139,0.0019781971
42017,140,0.002556186
42017,141,0.0032568742
42017,142,0.005705593
42017,143,0.012165761
42017,144,0.018372275
42017,145,0.016057583
42017,146,0.014764664
42017,147,0.013907329
42017,148,0.013167152
42017,149,0.012735697
42017,150,0.011819119
42017,151,0.010858212
42017,152,0.009815401
42017,153,0.008972707
42017,154,0.007942229
42017,155,0.0068444693
42017,156,0.006152658
42017,157,0.0056586196
42017,158,0.005081774
42017,159,0.004372887
42017,160,0.0039284797
42017,161,0.0038651493
42017,162,0.0036139914
42017,163,0.0031643042
42017,164,0.0027257446
42017,165,0.0023766335
42017,166,0.0021618789
42017,167,0.0019175163
42017,168,0.0017328496
42017,169,0.0014812066
42017,170,0.0013738588
42017,171,0.001365475
42017,172,0.0011236131
42017,173,0.00096173875
42017,174,0.0008719448
42017,175,0.00076469494
42017,176,0.0007347876
42017,177,0.00091288897
42017,178,0.0006462926
42017,179,0.0006557633
42017,180,0.00084838434
42017,181,0.0005159646
42017,182,0.00057289115
42017,183,0.0007434785
42017,184,0.00071008236
42017,185,0.0005560406
42017,186,0.0004985312
42017,187,0.00037634122
42017,188,0.00023270531
42017,189,0.00020163023
42017,190,0.00030731174
42017,191,0.00015262383
42017,192,7.368815e-05
42017,193,0.00018190165
42017,194,0.00010872812
42017,195,0.00015196695
42017,196,0.00013454714
42017,197,0.00011320782
42017,198,3.2243563e-05
42017,199,2.480681e-05
42017,200,3.4480785e-05
42017,201,0.0002703909
42017,202,0.00034223113
42017,203,0.00035791454
42017,204,0.00029542326
42017,205,0.0002835353
42017,206,0.00018737504
42017,207,3.936446e-05
42017,208,6.6637316e-05
42017,209,0.000148375
42017,210,0.0001976073
42017,211,0.00018812298
42017,212,0.00012755768
42017,213,0.0
42017,214,0.000106628846
42017,215,0.00013148262
42037,73,0.0
42037,74,0.0
42037,75,0.0
42037,76,0.0
42037,77,0.0
42037,78,0.0
42037,79,0.00086184114
42037,80,0.0033288468
42037,81,0.0054985713
42037,82,0.0054183914
42037,83,0.0042667394
42037,84,0.0030512917
42037,85,0.0022367763
42037,86,0.0019436927
42037,87,0.0010903535
42037,88,0.0006523789
42037,89,0.0010051875
42037,90,0.0011990059
42037,91,0.0010085403
42037,92,0.00051189365
42037,93,0.00058840826
42037,94,0.0004421663
42037,95,0.00030916533
42037,96,0.0
42037,97,0.00026947862
42037,98,0.00015175223
42037,99,1.4712095e-06
42037,100,0.0
42037,101,0.0
42037,102,0.0
42037,103,0.0
42037,104,0.0
42037,105,0.0
42037,106,0.00012681265
42037,107,0.00043962707
42037,108,0.00065353623
42037,109,0.00045881924
42037,110,8.687802e-05
42037,111,0.00020343772
42037,112,0.00048559773
42037,113,0.0008246592
42037,114,0.0011617953
42037,115,0.0016419338
42037,116,0.0021985564
42037,117,0.0023694176
42037,118,0.002261986
42037,119,0.0019726048
42037,120,0.0015100058
42037,121,0.0012667303
42037,122,0.0014392656
42037,123,0.0014246681
42037,124,0.0015739065
42037,125,0.0015260051
42037,126,0.001066444
42037,127,0.0010094554
42037,128,0.00077873556
42037,129,0.0009490726
42037,130,0.0009813367
42037,131,0.0013172796
42037,132,0.0012579906
42037,133,0.0008953493
42037,134,0.00096881925
42037,135,0.001179582
42037,136,0.0010343753
42037,137,0.0010685653
42037,138,0.0013871125
42037,139,0.002051844
42037,140,0.004802549
42037,141,0.0072813416
42037,142,0.0072852103
42037,143,0.0069964654
42037,144,0.007423201
42037,145,0.007137562
42037,146,0.0062311096
42037,147,0.004972167
42037,148,0.004112903
42037,149,0.003922266
42037,150,0.0038356716
42037,151,0.0032803458
42037,152,0.0028773919
42037,153,0.0025681567
42037,154,0.0023324545
42037,155,0.0018201671
42037,156,0.0013298431
42037,157,0.0011351398
42037,158,0.0012352879
42037,159,0.0015296139
42037,160,0.0014004586
42037,161,0.0011189464
42037,162,0.0009328664
42037,163,0.0008514637
42037,164,0.0005243223
42037,165,0.00038781363
42037,166,0.0002778196
42037,167,0.0002161834
42037,168,0.00017033784
42037,169,9.384963e-05
42037,170,0.0001382858
42037,171,5.98557e-06
42037,172,0.0
42037,173,0.0
42037,174,0.0
42037,175,0.0
42037,176,0.0
42037,177,0.0
42037,178,0.0
42037,179,8.3710045e-05
42037,180,0.0
42037,181,0.0
42037,182,0.000101551006
42037,183,0.00019885674
42037,184,0.00022790962
42037,185,0.00017024211
42037,186,0.00012489047
42037,187,4.5455123e-05
42037,188,0.0
42037,189,0.00015497365
42037,190,0.00027171144
42037,191,0.00012826695
42037,192,2.7595712e-05
42037,193,0.0
42037,194,0.0
42037,195,0.0
42037,196,0.0
42037,197,0.0
42037,198,0.0
42037,199,6.8450885e-05
42037,200,0.00014315765
42037,201,0.00023721548
42037,202,0.00020282847
42037,203,1.1471271e-05
42037,204,0.0
42037,205,0.0
42037,206,0.0
42037,207,0.0
42037,208,0.0
42037,209,5.4472315e-05
42037,210,5.348804e-05
42037,211,0.000119909404
42037,212,0.00010761854
42037,213,7.1110895e-05
42037,214,4.7866488e-05
42037,215,0.0
42071,73,1.0006892e-05
42071,74,0.00039510813
42071,75,0.0003624174
42071,76,0.00017457828
42071,77,0.000105118466
42071,78,9.313582e-05
42071,79,0.00020008847
42071,80,0.00014347486
42071,81,0.0002529431
42071,82,0.00056289433
42071,83,0.000384406
42071,84,0.00056074857
42071,85,0.0005307945
42071,86,0.00046769343
42071,87,0.0003300405
42071,88,0.00035944156
42071,89,0.00015321438
42071,90,0.0002123236
42071,91,0.0006345123
42071,92,0.0005279606
42071,93,0.00020262155
42071,94,0.0002249735
42071,95,0.0
42071,96,0.0
42071,97,0.0
42071,98,0.0
42071,99,0.0
42071,100,0.0
42071,101,0.0
42071,102,0.0
42071,103,0.0
42071,104,0.0
42071,105,4.316149e-05
42071,106,0.00016600745
42071,107,0.00023733325
42071,108,0.00025283924
42071,109,0.00014813941
42071,110,0.0
42071,111,0.0
42071,112,0.0
42071,113,0.0
42071,114,0.0
42071,115,0.0
42071,116,1.6877437e-05
42071,117,0.00014445062
42071,118,0.00020705796
42071,119,6.6436674e-05
42071,120,0.00030605023
42071,121,0.0005686576
42071,122,0.0006794402
42071,123,0.0005807812
42071,124,0.00042428
42071,125,0.0003351549
42071,126,0.0002712667
42071,127,6.439524e-05
42071,128,0.00016203937
42071,129,6.864031e-05
42071,130,2.0849277e-05
42071,131,5.7908845e-05
42071,132,0.00031412698
42071,133,0.0006421841
42071,134,0.0007448632
42071,135,0.0005278003
42071,136,0.00031896884
42071,137,0.0002615323
42071,138,0.000568255
42071,139,0.0013478927
42071,140,0.0027277695
42071,141,0.007879225
42071,142,0.014548753
42071,143,0.014718849
42071,144,0.015265649
42071,145,0.014440453
42071,146,0.013314758
42071,147,0.012872199
42071,148,0.012741669
42071,149,0.01306753
42071,150,0.013201342
42071,151,0.012239261
42071,152,0.011260467
42071,153,0.009776121
42071,154,0.008458109
42071,155,0.0076829917
42071,156,0.006831644
42071,157,0.005777443
42071,158,0.004898839
42071,159,0.0043769795
42071,160,0.0039649955
42071,161,0.0036069187
42071,162,0.0032007555
42071,163,0.0027931293
42071,164,0.0023057621
42071,165,0.0017469636
42071,166,0.0011784288
42071,167,0.0009164968
42071,168,0.0008138469
42071,169,0.0006049208
42071,170,0.0003183068
42071,171,0.0002002399
42071,172,9.4927644e-05
42071,173,8.268702e-05
42071,174,4.7002366e-05
42071,175,3.0469477e-05
42071,176,5.2502062e-05
42071,177,0.0
42071,178,2.6717376e-05
42071,179,0.0002515843
42071,180,0.00011492031
42071,181,7.872612e-05
42071,182,0.00026745183
42071,183,0.00017461972
42071,184,0.00011706588
42071,185,8.401169e-05
42071,186,0.000106153304
42071,187,0.00018962435
42071,188,2.761879e-05
42071,189,9.319443e-05
42071,190,2.7180124e-05
42071,191,0.0
42071,192,0.0
42071,193,0.0
42071,194,0.0
42071,195,0.0
42071,196,0.0
42071,197,0.0
42071,198,0.0
42071,199,0.0
42071,200,0.0
42071,201,0.0
42071,202,0.0
42071,203,0.0
42071,204,0.0
42071,205,0.0
42071,206,0.0
42071,207,0.0
42071,208,0.0
42071,209,0.0
42071,210,0.0
42071,211,6.6491295e-05
42071,212,0.0
42071,213,0.0
42071,214,0.0
42071,215,0.0
42073,73,0.04150276
42073,74,0.041013815
42073,75,0.03990116
42073,76,0.040500026
42073,77,0.040255696
42073,78,0.03992818
42073,79,0.03960901
42073,80,0.03938959
42073,81,0.038788293
42073,82,0.037298974
42073,83,0.035623573
42073,84,0.03415316
42073,85,0.032373253
42073,86,0.030240014
42073,87,0.028073302
42073,88,0.025849162
42073,89,0.023190655
42073,90,0.020199
42073,91,0.016769856
42073,92,0.014013144
42073,93,0.012288172
42073,94,0.010547996
42073,95,0.009266265
42073,96,0.008464437
42073,97,0.0077172453
42073,98,0.0071643605
42073,99,0.006671386
42073,100,0.006406735
42073,101,0.0062451153
42073,102,0.0059870863
42073,103,0.0058888663
42073,104,0.0055456795
42073,105,0.0054600625
42073,106,0.005470757
42073,107,0.005235193
42073,108,0.0048339786
42073,109,0.0045078243
42073,110,0.004677166
42073,111,0.005041039
42073,112,0.004729647
42073,113,0.005288478
42073,114,0.0055407053
42073,115,0.0052729305
42073,116,0.0048653483
42073,117,0.0045943167
42073,118,0.004462516
42073,119,0.0039289505
42073,120,0.003368816
42073,121,0.0032684996
42073,122,0.0030316678
42073,123,0.002878284
42073,124,0.002816443
42073,125,0.0027146607
42073,126,0.002938076
42073,127,0.0035119639
42073,128,0.0041864403
42073,129,0.004417778
42073,130,0.0040596784
42073,131,0.004232182
42073,132,0.0035944642
42073,133,0.003003291
42073,134,0.0025650961
42073,135,0.0023808584
42073,136,0.0018741676
42073,137,0.0014490469
42073,138,0.0013682911
42073,139,0.0014133396
42073,140,0.0023754707
42073,141,0.0027974858
42073,142,0.0030665465
42073,143,0.0032325515
42073,144,0.0033705593
42073,145,0.0032146878
42073,146,0.0028183341
42073,147,0.002406652
42073,148,0.0019411406
42073,149,0.0018273109
42073,150,0.0015296312
42073,151,0.001563779
42073,152,0.0014361958
42073,153,0.0015793245
42073,154,0.0015635927
42073,155,0.0014404926
42073,156,0.0015997565
42073,157,0.0015733964
42073,158,0.0012377283
42073,159,0.0011513315
42073,160,0.0010201144
42073,161,0.0007403924
42073,162,0.0007694228
42073,163,0.00043595518
42073,164,5.533352e-05
42073,165,0.0
42073,166,0.0
42073,167,0.0
42073,168,3.4087254e-05
42073,169,9.38983e-06
42073,170,0.0
42073,171,0.0
42073,172,0.0
42073,173,0.0
42073,174,0.0
42073,175,0.0
42073,176,0.0
42073,177,6.160941e-05
42073,178,0.0005267518
42073,179,0.00067991466
42073,180,0.0005869183
42073,181,0.00054727367
42073,182,0.00055053475
42073,183,0.0004644328
42073,184,0.0004852012
42073,185,0.00043585373
42073,186,0.000337487
42073,187,4.124513e-05
42073,188,0.0
42073,189,3.6617039e-06
42073,190,7.5044845e-05
42073,191,4.5051645e-05
42073,192,0.0
42073,193,0.0
42073,194,0.0
42073,195,0.0
42073,196,0.0
42073,197,0.0
42073,198,0.0
42073,199,3.9782837e-05
42073,200,0.000116147065
42073,201,0.0
42073,202,0.00017365569
42073,203,0.0002376867
42073,204,0.00037503836
42073,205,0.0005402529
42073,206,0.00050717866
42073,207,0.00032852887
42073,208,0.0002458872
42073,209,9.451066e-05
42073,210,0.0
42073,211,0.0
42073,212,0.0
42073,213,0.0
42073,214,5.976725e-06
42073,215,0.0
42087,73,0.026923837
42087,74,0.018747203
42087,75,0.011301876
42087,76,0.008702584
42087,77,0.0075503346
42087,78,0.006237735
42087,79,0.004882267
42087,80,0.004054001
42087,81,0.0036415798
42087,82,0.0037392238
42087,83,0.0035908187
42087,84,0.0040646363
42087,85,0.004762372
42087,86,0.005296532
42087,87,0.005037458
42087,88,0.0033684256
42087,89,0.0024514552
42087,90,0.0017541366
42087,91,0.00094555016
42087,92,0.0005281545
42087,93,0.0004855688
42087,94,0.00015725254
42087,95,0.0
42087,96,0.00021788897
42087,97,0.00013747178
42087,98,0.0
42087,99,0.0
42087,100,0.0
42087,101,0.00019629415
42087,102,0.00014839215
42087,103,5.182047e-05
42087,104,0.00039969606
42087,105,0.00080165605
42087,106,0.0010246283
42087,107,0.0013837765
42087,108,0.001596321
42087,109,0.0013197825
42087,110,0.0010890543
42087,111,0.0011356496
42087,112,0.0016177456
42087,113,0.0015859882
42087,114,0.0014805445
42087,115,0.0014670176
42087,116,0.0016144366
42087,117,0.001448352
42087,118,0.0012394491
42087,119,0.0011402093
42087,120,0.001060584
42087,121,0.00086989
42087,122,0.0007257498
42087,123,0.00047237732
42087,124,0.00012820523
42087,125,0.0
42087,126,0.000102683596
42087,127,0.0002317667
42087,128,0.00085426564
42087,129,0.001483538
42087,130,0.0019148098
42087,131,0.0027489543
42087,132,0.0031508089
42087,133,0.0024401958
42087,134,0.0022290968
42087,135,0.0008568041
42087,136,0.00084686524
42087,137,0.002909286
42087,138,0.0046814154
42087,139,0.0039393883
42087,140,0.0035676006
42087,141,0.005829932
42087,142,0.009796238
42087,143,0.0081374515
42087,144,0.006210212
42087,145,0.004030209
42087,146,0.0033115754
42087,147,0.003351481
42087,148,0.0031806743
42087,149,0.0028576662
42087,150,0.002459118
42087,151,0.0023506472
42087,152,0.0020345973
42087,153,0.0021380791
42087,154,0.0023524044
42087,155,0.0024925806
42087,156,0.0025623774
42087,157,0.0029344838
42087,158,0.0032208196
42087,159,0.0031400863
42087,160,0.0032642025
42087,161,0.003044151
42087,162,0.0023014983
42087,163,0.001955083
42087,164,0.0013827021
42087,165,0.0011206133
42087,166,0.0008646148
42087,167,0.00057926023
42087,168,0.00035887246
42087,169,0.00021281053
42087,170,2.4558663e-05
42087,171,0.00015584483
42087,172,0.00038475823
42087,173,0.00058229524
42087,174,0.00040092587
42087,175,0.0003316858
42087,176,0.00044129574
42087,177,0.0006867048
42087,178,0.0006894145
42087,179,0.0010118076
42087,180,0.000878022
42087,181,0.00068892544
42087,182,0.0007940252
42087,183,0.0009994695
42087,184,0.00081981276
42087,185,0.000508004
42087,186,0.00036263198
42087,187,7.470929e-05
42087,188,2.3354529e-05
42087,189,0.0002775901
42087,190,0.0003624344
42087,191,0.00014390325
42087,192,0.0
42087,193,0.0
42087,194,0.0
42087,195,0.0
42087,196,0.0
42087,197,0.0
42087,198,0.0
42087,199,2.9767274e-05
42087,200,0.000269449
42087,201,0.0005545105
42087,202,0.0005201108
42087,203,0.00020066604
42087,204,0.00021170538
42087,205,0.00021504324
42087,206,0.0004468603
42087,207,0.0008955758
42087,208,0.000995604
42087,209,0.0008790517
42087,210,0.0
42087,211,0.0
42087,212,0.000262552
42087,213,0.0004839957
42087,214,0.00015995657
42087,215,0.0
42093,73,0.0
42093,74,0.0
42093,75,0.0
42093,76,3.405342e-05
42093,77,0.002384576
42093,78,0.0074547143
42093,79,0.014818951
42093,80,0.025867607
42093,81,0.031807378
42093,82,0.022587275
42093,83,0.011832134
42093,84,0.009789046
42093,85,0.009015154
42093,86,0.005751685
42093,87,0.003189708
42093,88,0.0023227385
42093,89,0.0021899606
42093,90,0.0015293023
42093,91,0.0010474112
42093,92,0.00091554224
42093,93,0.00067252823
42093,94,0.00038101754
42093,95,0.00016457714
42093,96,0.00021075178
42093,97,0.00038457577
42093,98,0.0005399713
42093,99,0.00052879634
42093,100,0.00047115804
42093,101,0.0003606031
42093,102,0.000271187
42093,103,0.000112052316
42093,104,3.003545e-05
42093,105,0.00016137963
42093,106,0.00035609002
42093,107,0.0008921036
42093,108,0.001134079
42093,109,0.0010436514
42093,110,0.00082192355
42093,111,0.00087821035
42093,112,0.0008601467
42093,113,0.0008719628
42093,114,0.000998409
42093,115,0.0010759068
42093,116,0.0011635886
42093,117,0.0011791843
42093,118,0.0011409826
42093,119,0.0010128652
42093,120,0.00087013585
42093,121,0.00083673076
42093,122,0.0008619858
42093,123,0.00096289016
42093,124,0.0013554919
42093,125,0.0012244262
42093,126,0.0011114812
42093,127,0.0011448032
42093,128,0.0011738995
42093,129,0.0012322386
42093,130,0.0013982552
42093,131,0.0016158985
42093,132,0.0015683952
42093,133,0.0014589229
42093,134,0.0014426762
42093,135,0.0017249937
42093,136,0.0014990477
42093,137,0.0013536093
42093,138,0.0014774778
42093,139,0.0033536023
42093,140,0.005176634
42093,141,0.005430413
42093,142,0.005009109
42093,143,0.00464869
42093,144,0.0048120576
42093,145,0.004109095
42093,146,0.0035580483
42093,147,0.003279153
42093,148,0.0027738328
42093,149,0.0026794695
42093,150,0.0025567254
42093,151,0.0022974156
42093,152,0.0019750358
42093,153,0.0018246922
42093,154,0.0019362759
42093,155,0.0014313568
42093,156,0.0008910198
42093,157,0.0009155941
42093,158,0.0010638646
42093,159,0.0013221347
42093,160,0.0010989222
42093,161,0.0007477938
42093,162,0.0007621595
42093,163,0.00071467645
42093,164,0.00039076194
42093,165,0.00019001628
42093,166,5.8142374e-05
42093,167,0.0
42093,168,0.0
42093,169,0.0
42093,170,0.0
42093,171,0.0
42093,172,0.0
42093,173,0.0
42093,174,0.0
42093,175,0.0
42093,176,0.0
42093,177,0.0
42093,178,0.0
42093,179,0.0
42093,180,0.0
42093,181,0.0
42093,182,7.5166296e-05
42093,183,0.00021677084
42093,184,0.00026070056
42093,185,0.00021192722
42093,186,0.00016914566
42093,187,4.7883703e-05
42093,188,0.0
42093,189,0.0001955448
42093,190,0.000407611
42093,191,0.00025483762
42093,192,0.00012228756
42093,193,0.0
42093,194,0.0
42093,195,0.0
42093,196,0.0
42093,197,0.0
42093,198,0.00013492563
42093,199,0.00029170088
42093,200,0.0004450014
42093,201,0.00047588215
42093,202,0.0003689637
42093,203,9.524911e-05
42093,204,1.9008683e-05
42093,205,2.7674414e-05
42093,206,3.3285476e-05
42093,207,3.1655825e-05
42093,208,8.1629936e-05
42093,209,0.00022777184
42093,210,0.00025944196
42093,211,0.0002888148
42093,212,0.0
42093,213,0.0
42093,214,0.0
42093,215,0.0
42099,73,0.00083260273
42099,74,0.00076391664
42099,75,0.0011456121
42099,76,0.0012228087
42099,77,0.0012101828
42099,78,0.0015618823
42099,79,0.0016942326
42099,80,0.0019655076
42099,81,0.0018739275
42099,82,0.002234433
42099,83,0.0021251293
42099,84,0.0020032353
42099,85,0.0018899163
42099,86,0.0014755757
42099,87,0.0012715561
42099,88,0.00095117115
42099,89,0.0011582013
42099,90,0.0010993716
42099,91,0.0007374797
42099,92,0.00048743177
42099,93,0.00032940728
42099,94,0.00025975556
42099,95,0.0
42099,96,0.0
42099,97,0.0
42099,98,0.0
42099,99,0.0
42099,100,0.0
42099,101,0.0
42099,102,0.00013904946
42099,103,0.00034674213
42099,104,0.00037797555
42099,105,0.00038571123
42099,106,0.0003995395
42099,107,0.0005804787
42099,108,0.0005428706
42099,109,0.00037765878
42099,110,0.00034128883
42099,111,0.00027421766
42099,112,0.00018611443
42099,113,0.00024553953
42099,114,0.00024471004
42099,115,0.00024551208
42099,116,0.00018878689
42099,117,0.00020354886
42099,118,0.00016134566
42099,119,0.00024211116
42099,120,0.00011574075
42099,121,5.3913354e-05
42099,122,5.856018e-05
42099,123,0.00023037793
42099,124,0.00041399852
42099,125,0.0002710318
42099,126,0.0002399276
42099,127,0.00040789656
42099,128,0.00090270804
42099,129,0.0009234422
42099,130,0.0009893662
42099,131,0.00088474946
42099,132,0.00090030185
42099,133,0.0006803881
42099,134,0.00044303905
42099,135,0.00028689994
42099,136,0.00027183472
42099,137,0.0006050028
42099,138,0.0014152025
42099,139,0.002151846
42099,140,0.001992767
42099,141,0.0017232586
42099,142,0.0034291584
42099,143,0.0047555133
42099,144,0.005226355
42099,145,0.00494669
42099,146,0.0035261672
42099,147,0.002751312
42099,148,0.0024725895
42099,149,0.0021228117
42099,150,0.0017388158
42099,151,0.0014202863
42099,152,0.0012303381
42099,153,0.0011532806
42099,154,0.0010887367
42099,155,0.001113193
42099,156,0.0011324178
42099,157,0.0010983001
42099,158,0.0010020011
42099,159,0.0010157268
42099,160,0.0010169959
42099,161,0.0008544204
42099,162,0.0008477252
42099,163,0.00071460684
42099,164,0.00031242828
42099,165,0.00010198604
42099,166,5.0446582e-05
42099,167,0.0
42099,168,0.0
42099,169,0.0
42099,170,0.0
42099,171,0.0
42099,172,0.0
42099,173,0.0
42099,174,0.0
42099,175,0.0
42099,176,0.0
42099,177,0.0
42099,178,0.0
42099,179,8.5469495e-05
42099,180,0.00032679667
42099,181,0.0002909915
42099,182,0.00026268364
42099,183,0.00025123416
42099,184,0.00016194976
42099,185,0.00017010739
42099,186,0.00023581255
42099,187,0.00015357358
42099,188,0.00010282321
42099,189,0.00021433625
42099,190,0.00020423737
42099,191,7.790792e-05
42099,192,0.0
42099,193,0.0
42099,194,0.0
42099,195,0.0
42099,196,0.0
42099,197,0.0
42099,198,0.0
42099,199,0.0
42099,200,0.0
42099,201,0.0
42099,202,0.0
42099,203,0.0
42099,204,0.0
42099,205,0.0
42099,206,0.0
42099,207,0.0
42099,208,3.0532121e-06
42099,209,0.0
42099,210,7.0259574e-07
42099,211,6.848869e-05
42099,212,1.9870222e-05
42099,213,0.0
42099,214,0.0
42099,215,0.0
42105,73,0.0024143646
42105,74,0.0031445206
42105,75,0.0040841717
42105,76,0.0053178538
42105,77,0.0078305015
42105,78,0.0095047215
42105,79,0.010654646
42105,80,0.01156661
42105,81,0.011573784
42105,82,0.009999694
42105,83,0.008394513
42105,84,0.006792722
42105,85,0.005210836
42105,86,0.0043647764
42105,87,0.0036313918
42105,88,0.002744974
42105,89,0.0023028878
42105,90,0.0020501595
42105,91,0.0015306927
42105,92,0.00081248453
42105,93,0.00027718526
42105,94,6.3265536e-05
42105,95,0.0
42105,96,0.0
42105,97,0.0
42105,98,0.0
42105,99,0.00017457062
42105,100,0.00033047027
42105,101,0.00016316918
42105,102,0.00019824384
42105,103,0.00048159502
42105,104,0.00068985455
42105,105,0.00075534725
42105,106,0.0009727601
42105,107,0.0014864296
42105,108,0.0028866902
42105,109,0.0040734657
42105,110,0.0057223393
42105,111,0.0083914725
42105,112,0.011835618
42105,113,0.015189018
42105,114,0.017626118
42105,115,0.01715638
42105,116,0.017239898
42105,117,0.017128753
42105,118,0.017444192
42105,119,0.016960869
42105,120,0.014789172
42105,121,0.012802502
42105,122,0.010786956
42105,123,0.008675546
42105,124,0.0069981446
42105,125,0.006119537
42105,126,0.005337203
42105,127,0.004693607
42105,128,0.004072007
42105,129,0.0039988006
42105,130,0.0039295964
42105,131,0.003363175
42105,132,0.002117505
42105,133,0.0006914908
42105,134,0.0
42105,135,0.0
42105,136,0.00105607
42105,137,0.0021759076
42105,138,0.0024055128
42105,139,0.0021941059
42105,140,0.002102463
42105,141,0.0021155227
42105,142,0.00069066987
42105,143,0.0
42105,144,0.0
42105,145,0.0
42105,146,0.0
42105,147,0.0
42105,148,0.0
42105,149,0.0
42105,150,0.0
42105,151,0.0
42105,152,0.0
42105,153,0.0
42105,154,0.0
42105,155,0.0
42105,156,0.0
42105,157,0.0
42105,158,0.0
42105,159,0.0
42105,160,0.00019535953
42105,161,0.00025697108
42105,162,0.0
42105,163,0.0
42105,164,0.0
42105,165,0.0
42105,166,5.8058453e-05
42105,167,0.00021175008
42105,168,0.0
42105,169,0.00015519491
42105,170,0.00026720003
42105,171,8.0684804e-05
42105,172,0.0
42105,173,0.0
42105,174,0.00012596574
42105,175,7.2781324e-05
42105,176,0.0
42105,177,3.3819677e-05
42105,178,0.000112837624
42105,179,0.00030754713
42105,180,0.00028062332
42105,181,0.00031284124
42105,182,0.0002729025
42105,183,4.444661e-05
42105,184,0.0
42105,185,0.00021910718
42105,186,0.0004075487
42105,187,0.0001346554
42105,188,0.0
42105,189,0.0
42105,190,0.0
42105,191,0.0
42105,192,0.00025774524
42105,193,0.00025056963
42105,194,0.00019848494
42105,195,0.0
42105,196,0.0
42105,197,0.0
42105,198,8.811176e-05
42105,199,0.00039480106
42105,200,0.0005751299
42105,201,0.00071796833
42105,202,0.0006313281
42105,203,0.00031374546
42105,204,0.0002657538
42105,205,0.00037136598
42105,206,0.0005769158
42105,207,0.0005554464
42105,208,0.00039134294
42105,209,0.00026090597
42105,210,0.0
42105,211,0.0
42105,212,0.0
42105,213,0.0
42105,214,1.733935e-05
42105,215,0.0
42107,73,0.0
42107,74,0.0
42107,75,0.0
42107,76,0.0
42107,77,0.0
42107,78,0.0
42107,79,0.0
42107,80,0.0
42107,81,0.0
42107,82,0.0
42107,83,0.0
42107,84,0.0
42107,85,0.0
42107,86,0.0
42107,87,0.0
42107,88,0.0
42107,89,0.00017158878
42107,90,0.00034103732
42107,91,0.00035661052
42107,92,0.00028439803
42107,93,0.00048488227
42107,94,0.00045942035
42107,95,0.00021412532
42107,96,0.0
42107,97,6.44539e-05
42107,98,0.0
42107,99,0.0
42107,100,0.0
42107,101,0.0
42107,102,0.0
42107,103,0.0
42107,104,0.0
42107,105,0.0
42107,106,4.8991107e-05
42107,107,0.00033337093
42107,108,0.00032533798
42107,109,0.00026010693
42107,110,0.00024223942
42107,111,0.00056566333
42107,112,0.000924968
42107,113,0.0010164836
42107,114,0.0010957473
42107,115,0.0012233026
42107,116,0.0011701052
42107,117,0.0011806242
42107,118,0.0011800671
42107,119,0.0011578267
42107,120,0.0010845066
42107,121,0.0011011217
42107,122,0.0011621988
42107,123,0.0012274027
42107,124,0.0012733315
42107,125,0.0012316186
42107,126,0.00068366784
42107,127,0.0005204166
42107,128,0.0005177249
42107,129,0.0007111054
42107,130,0.00086066255
42107,131,0.0012872103
42107,132,0.0015491304
42107,133,0.0015275548
42107,134,0.002102785
42107,135,0.0025409993
42107,136,0.0027312923
42107,137,0.0031138023
42107,138,0.003923174
42107,139,0.005199854
42107,140,0.007986068
42107,141,0.015484258
42107,142,0.019412832
42107,143,0.018568415
42107,144,0.019248143
42107,145,0.01846364
42107,146,0.01670218
42107,147,0.013819036
42107,148,0.012041121
42107,149,0.010957255
42107,150,0.0101687135
42107,151,0.008548424
42107,152,0.007297599
42107,153,0.0061776936
42107,154,0.005295502
42107,155,0.0044716457
42107,156,0.0037157368
42107,157,0.0034448833
42107,158,0.0030566787
42107,159,0.0025120012
42107,160,0.0020361342
42107,161,0.0018477066
42107,162,0.0017942857
42107,163,0.0017401843
42107,164,0.0012998052
42107,165,0.00085811235
42107,166,0.00061788724
42107,167,0.0005398326
42107,168,0.00045613517
42107,169,0.00037999015
42107,170,0.00043201522
42107,171,0.00043465442
42107,172,0.00031537368
42107,173,0.00012789102
42107,174,0.00013150461
42107,175,5.4273364e-06
42107,176,0.0
42107,177,0.0
42107,178,0.000107398795
42107,179,6.669366e-05
42107,180,8.357508e-05
42107,181,0.000116260126
42107,182,0.00016336545
42107,183,8.02216e-05
42107,184,0.00010441095
42107,185,1.9942997e-06
42107,186,0.0
42107,187,0.0
42107,188,0.0
42107,189,0.0
42107,190,7.507093e-05
42107,191,0.0
42107,192,0.0
42107,193,0.0
42107,194,0.0
42107,195,0.0
42107,196,0.0
42107,197,0.0
42107,198,0.0
42107,199,0.0
42107,200,6.7677496e-07
42107,201,0.0
42107,202,0.0
42107,203,0.0
42107,204,0.0
42107,205,0.0
42107,206,0.0
42107,207,0.0
42107,208,0.0
42107,209,0.0
42107,210,0.0
42107,211,0.0
42107,212,2.2164773e-05
42107,213,0.0
42107,214,2.790959e-05
42107,215,0.0
42111,73,0.02286566
42111,74,0.020453028
42111,75,0.018790089
42111,76,0.017676398
42111,77,0.017111786
42111,78,0.016939752
42111,79,0.016114898
42111,80,0.015245915
42111,81,0.0147149535
42111,82,0.014251622
42111,83,0.013331058
42111,84,0.012452101
42111,85,0.011469423
42111,86,0.010636309
42111,87,0.009488232
42111,88,0.008293038
42111,89,0.0070349965
42111,90,0.0060887225
42111,91,0.0047976053
42111,92,0.0036880877
42111,93,0.0030591437
42111,94,0.0027590839
42111,95,0.0023714334
42111,96,0.0022902917
42111,97,0.0021747232
42111,98,0.0019876019
42111,99,0.0019223827
42111,100,0.0019603663
42111,101,0.0020493905
42111,102,0.0018844344
42111,103,0.001692502
42111,104,0.0013729531
42111,105,0.0016628455
42111,106,0.0021978929
42111,107,0.0029632056
42111,108,0.0036292041
42111,109,0.004324545
42111,110,0.005162449
42111,111,0.0065081925
42111,112,0.006971732
42111,113,0.005848942
42111,114,0.0044144085
42111,115,0.0029476362
42111,116,0.0019923518
42111,117,0.0016614242
42111,118,0.0015347333
42111,119,0.0014564394
42111,120,0.0014221279
42111,121,0.0012105169
42111,122,0.00081784616
42111,123,0.00065553846
42111,124,0.0005672882
42111,125,0.00055223017
42111,126,0.000575991
42111,127,0.00074076164
42111,128,0.00097064406
42111,129,0.0016494251
42111,130,0.0019792996
42111,131,0.0011003246
42111,132,0.0
42111,133,0.0
42111,134,0.00085056736
42111,135,0.0010194175
42111,136,0.0009005449
42111,137,0.00076005125
42111,138,0.00057346857
42111,139,0.0001765032
42111,140,0.00033438127
42111,141,0.0007252311
42111,142,0.00080912956
42111,143,0.001045075
42111,144,0.0010854234
42111,145,0.0011211736
42111,146,0.00091189594
42111,147,0.0007880695
42111,148,0.00047943325
42111,149,0.00029635904
42111,150,0.00022872415
42111,151,0.00025819632
42111,152,0.00018987691
42111,153,0.0008833592
42111,154,0.0011322424
42111,155,0.0011111831
42111,156,0.00040756035
42111,157,0.0
42111,158,0.00042097634
42111,159,0.00063952274
42111,160,0.00065662607
42111,161,0.00067050324
42111,162,0.0004303426
42111,163,0.00023517378
42111,164,3.9436985e-05
42111,165,0.00020077245
42111,166,0.00018507932
42111,167,0.00028303373
42111,168,0.00028994636
42111,169,0.00010860722
42111,170,0.0
42111,171,0.0
42111,172,4.5927343e-05
42111,173,8.197651e-05
42111,174,3.659457e-05
42111,175,3.1971835e-05
42111,176,0.0
42111,177,5.7628324e-05
42111,178,0.00022047896
42111,179,0.0004519311
42111,180,0.0006557274
42111,181,0.000745435
42111,182,0.0006957677
42111,183,0.00059116934
42111,184,0.0005444444
42111,185,0.00058994634
42111,186,0.00038001224
42111,187,0.00017997438
42111,188,9.5813135e-05
42111,189,0.0
42111,190,0.0
42111,191,0.0
42111,192,0.0
42111,193,0.0
42111,194,0.0
42111,195,0.0
42111,196,0.0
42111,197,8.195378e-05
42111,198,0.00031008414
42111,199,0.0003754394
42111,200,0.00043680612
42111,201,0.00046171047
42111,202,0.0004971271
42111,203,0.00047443702
42111,204,0.00051831396
42111,205,0.0005173217
42111,206,0.00041762102
42111,207,0.0003846894
42111,208,0.00016002257
42111,209,2.4178791e-05
42111,210,6.0227107e-05
42111,211,0.0
42111,212,0.0
42111,213,0.0
42111,214,0.0
42111,215,0.0
42117,73,0.002996661
42117,74,0.0027018017
42117,75,0.00235654
42117,76,0.0023718965
42117,77,0.0029812998
42117,78,0.00388591
42117,79,0.0054487824
42117,80,0.008097823
42117,81,0.010740224
42117,82,0.010805783
42117,83,0.008893094
42117,84,0.0062992424
42117,85,0.0039587235
42117,86,0.0031410432
42117,87,0.0022051015
42117,88,0.0014394001
42117,89,0.0011027826
42117,90,0.0010236102
42117,91,0.0007383823
42117,92,0.00041218914
42117,93,0.00042993017
42117,94,0.00039489244
42117,95,0.0
42117,96,0.0
42117,97,0.0
42117,98,0.0
42117,99,0.0
42117,100,0.00024294358
42117,101,2.1471144e-05
42117,102,0.0
42117,103,0.00010629342
42117,104,0.00032446906
42117,105,0.00053719705
42117,106,0.0006721027
42117,107,0.0012421064
42117,108,0.0016127469
42117,109,0.0023171047
42117,110,0.0030170134
42117,111,0.0042488184
42117,112,0.004530305
42117,113,0.004812548
42117,114,0.0052684094
42117,115,0.005397026
42117,116,0.0052552195
42117,117,0.0055138953
42117,118,0.0061053736
42117,119,0.0069159926
42117,120,0.007082486
42117,121,0.006409552
42117,122,0.0055222134
42117,123,0.0049346285
42117,124,0.004484873
42117,125,0.004359085
42117,126,0.004108304
42117,127,0.0042292895
42117,128,0.004163514
42117,129,0.0041096914
42117,130,0.0039375536
42117,131,0.00394808
42117,132,0.0041377945
42117,133,0.002798636
42117,134,0.0016254501
42117,135,0.00087137567
42117,136,0.0008996317
42117,137,0.0017034769
42117,138,0.0031367033
42117,139,0.0020440554
42117,140,0.0020080274
42117,141,0.0034197196
42117,142,0.004164863
42117,143,0.003908888
42117,144,0.002691086
42117,145,0.0019967025
42117,146,0.0011454126
42117,147,0.000782741
42117,148,0.0010726424
42117,149,0.00092139095
42117,150,0.00087726506
42117,151,0.00077814417
42117,152,0.00049126166
42117,153,9.1322145e-05
42117,154,0.00013517562
42117,155,0.00026001208
42117,156,0.00035063963
42117,157,0.0003051002
42117,158,0.00020656176
42117,159,0.00024547783
42117,160,0.00033698734
42117,161,0.00049758225
42117,162,0.00074659626
42117,163,0.0006280321
42117,164,0.0002435813
42117,165,0.0
42117,166,0.00013936333
42117,167,0.00025248324
42117,168,0.0002201164
42117,169,0.0001636499
42117,170,0.0
42117,171,0.0
42117,172,4.174545e-05
42117,173,1.1119056e-05
42117,174,3.626585e-07
42117,175,1.7732287e-05
42117,176,0.00011239261
42117,177,0.00010125808
42117,178,7.3037765e-05
42117,179,0.00031252217
42117,180,0.0002884065
42117,181,0.0001866214
42117,182,0.00010970736
42117,183,9.746187e-05
42117,184,8.041989e-05
42117,185,0.00032288537
42117,186,0.00048224107
42117,187,0.00031834637
42117,188,0.0002160268
42117,189,0.00015539
42117,190,0.00024002988
42117,191,0.0003973074
42117,192,0.0005047813
42117,193,0.0004042533
42117,194,0.00029491205
42117,195,0.00022923853
42117,196,0.00012479007
42117,197,0.0001991551
42117,198,0.0003258352
42117,199,0.00047061229
42117,200,0.0005342143
42117,201,0.000590519
42117,202,0.00050722976
42117,203,0.00031386066
42117,204,0.00036930715
42117,205,0.00070201757
42117,206,0.0005695636
42117,207,0.00039955493
42117,208,0.00018833397
42117,209,0.0
42117,210,0.0
42117,211,0.0
42117,212,0.00025918783
42117,213,0.00026811362
42117,214,9.3510986e-05
42117,215,0.0
42123,73,0.14687735
42123,74,0.34001067
42123,75,0.4233712
42123,76,0.4297104
42123,77,0.42366296
42123,78,0.41143784
42123,79,0.3918879
42123,80,0.3648716
42123,81,0.32979226
42123,82,0.29182982
42123,83,0.25656074
42123,84,0.22752242
42123,85,0.20379907
42123,86,0.18573305
42123,87,0.166467
42123,88,0.14093454
42123,89,0.11360067
42123,90,0.09010813
42123,91,0.07161017
42123,92,0.057399727
42123,93,0.045825057
42123,94,0.037313245
42123,95,0.031346772
42123,96,0.027096093
42123,97,0.023563243
42123,98,0.020933494
42123,99,0.02013239
42123,100,0.02013976
42123,101,0.020225527
42123,102,0.020004874
42123,103,0.020430718
42123,104,0.019992225
42123,105,0.019193422
42123,106,0.018408313
42123,107,0.020181527
42123,108,0.022950528
42123,109,0.025605733
42123,110,0.026843894
42123,111,0.027568521
42123,112,0.031318124
42123,113,0.037381265
42123,114,0.043690294
42123,115,0.046953045
42123,116,0.049057044
42123,117,0.04830985
42123,118,0.045260623
42123,119,0.04089918
42123,120,0.036703695
42123,121,0.033327144
42123,122,0.030528443
42123,123,0.02798666
42123,124,0.024988184
42123,125,0.022363959
42123,126,0.020670312
42123,127,0.018936675
42123,128,0.017584331
42123,129,0.016183
42123,130,0.014346658
42123,131,0.0120123755
42123,132,0.010640502
42123,133,0.0098604765
42123,134,0.0075128097
42123,135,0.0059063192
42123,136,0.0049966443
42123,137,0.0038908615
42123,138,0.0033207526
42123,139,0.0030880708
42123,140,0.002192574
42123,141,0.0021300174
42123,142,0.0030593933
42123,143,0.0026700627
42123,144,0.0027013656
42123,145,0.0027855104
42123,146,0.0031620453
42123,147,0.0033840237
42123,148,0.0030105778
42123,149,0.0025600588
42123,150,0.0022153286
42123,151,0.0021995024
42123,152,0.001929615
42123,153,0.0017560192
42123,154,0.0019129658
42123,155,0.001962991
42123,156,0.0026696494
42123,157,0.0028976062
42123,158,0.002389956
42123,159,0.0018577318
42123,160,0.0018933628
42123,161,0.0017742513
42123,162,0.0015813194
42123,163,0.0012019075
42123,164,0.0007600651
42123,165,0.0005607653
42123,166,0.00048481752
42123,167,0.0005647738
42123,168,0.0004536758
42123,169,0.0001160758
42123,170,0.0004497591
42123,171,0.00028328516
42123,172,0.00022913255
42123,173,0.00051613495
42123,174,0.0005345195
42123,175,0.00019000018
42123,176,0.00020536031
42123,177,0.0003531361
42123,178,0.0005995302
42123,179,0.0008831508
42123,180,0.000769935
42123,181,0.00066218345
42123,182,0.00066013745
42123,183,0.00054405973
42123,184,0.0005312577
42123,185,0.0004519802
42123,186,0.0004654653
42123,187,0.00023820263
42123,188,0.0002914968
42123,189,0.00038604037
42123,190,0.00049987057
42123,191,0.0006042774
42123,192,0.00023768461
42123,193,9.760165e-06
42123,194,0.0
42123,195,7.036084e-05
42123,196,0.00014633226
42123,197,7.937389e-05
42123,198,0.00017623472
42123,199,0.0004079641
42123,200,0.00051637547
42123,201,0.0006718485
42123,202,0.0006255963
42123,203,0.0006278378
42123,204,0.00066741154
42123,205,0.00097204314
42123,206,0.0013176113
42123,207,0.0011717196
42123,208,0.000841889
42123,209,0.00016927146
42123,210,0.0
42123,211,0.0
42123,212,0.0
42123,213,5.210702e-05
42123,214,8.2056875e-05
42123,215,9.9686506e-05
54001,73,0.023723038
54001,74,0.020493383
54001,75,0.018865999
54001,76,0.01789009
54001,77,0.016578631
54001,78,0.015310152
54001,79,0.014011834
54001,80,0.0124259
54001,81,0.01095634
54001,82,0.009519676
54001,83,0.008437297
54001,84,0.0073454585
54001,85,0.006214201
54001,86,0.0055359085
54001,87,0.0049119308
54001,88,0.0041831373
54001,89,0.0038334166
54001,90,0.0031149292
54001,91,0.0025213659
54001,92,0.0019012821
54001,93,0.0017597117
54001,94,0.0015230621
54001,95,0.0012222048
54001,96,0.0013794287
54001,97,0.0012030064
54001,98,0.0012692376
54001,99,0.001410895
54001,100,0.0011183949
54001,101,0.001323757
54001,102,0.00163566
54001,103,0.001713334
54001,104,0.0016522986
54001,105,0.0011616241
54001,106,0.0011042533
54001,107,0.001541979
54001,108,0.001759166
54001,109,0.0017788957
54001,110,0.002148432
54001,111,0.0026906154
54001,112,0.0021114352
54001,113,0.0018423432
54001,114,0.0018312684
54001,115,0.0015886013
54001,116,0.0017987717
54001,117,0.0022387498
54001,118,0.003030915
54001,119,0.003146884
54001,120,0.0030998876
54001,121,0.0026163622
54001,122,0.0018559735
54001,123,0.0011722242
54001,124,0.00074362644
54001,125,0.0005557116
54001,126,0.0011687153
54001,127,0.0030213564
54001,128,0.0049951402
54001,129,0.00446068
54001,130,0.0023746104
54001,131,0.00065471395
54001,132,0.000586267
54001,133,0.00065810716
54001,134,0.0012221085
54001,135,0.0014814308
54001,136,0.0013140499
54001,137,2.3355615e-05
54001,138,0.0
54001,139,0.0
54001,140,0.0
54001,141,0.0012131324
54001,142,0.00153367
54001,143,0.001874711
54001,144,0.0011324708
54001,145,0.0013403973
54001,146,0.0011431911
54001,147,0.0010160848
54001,148,0.0005713979
54001,149,0.0003548701
54001,150,0.0008206726
54001,151,0.0009496454
54001,152,0.0010922821
54001,153,0.0016972836
54001,154,0.0018156129
54001,155,0.0019346395
54001,156,0.0019515461
54001,157,0.0021642244
54001,158,0.002952845
54001,159,0.0031165509
54001,160,0.0020278257
54001,161,0.0013677818
54001,162,0.0011585298
54001,163,0.0008874213
54001,164,0.0005597405
54001,165,0.00047338696
54001,166,0.00041517286
54001,167,0.00031825685
54001,168,0.00035287245
54001,169,0.00029077448
54001,170,2.2677303e-05
54001,171,0.00024804554
54001,172,0.00024613456
54001,173,0.00011118
54001,174,0.0002743715
54001,175,0.00044090403
54001,176,0.0002331926
54001,177,0.00024042958
54001,178,0.00035622373
54001,179,0.0005960422
54001,180,0.0005560687
54001,181,0.0005838111
54001,182,0.0006605056
54001,183,0.0005960614
54001,184,0.00047699304
54001,185,0.00043686188
54001,186,0.0003421862
54001,187,0.0
54001,188,0.0
54001,189,0.0
54001,190,0.0
54001,191,0.0
54001,192,0.0
54001,193,0.0
54001,194,0.0
54001,195,0.0
54001,196,0.0
54001,197,0.0
54001,198,0.0
54001,199,9.8054625e-05
54001,200,0.00028424154
54001,201,0.0003357115
54001,202,0.00036920342
54001,203,0.0003322871
54001,204,0.00020458683
54001,205,0.0004919571
54001,206,0.00039362095
54001,207,0.00014807485
54001,208,0.00021097292
54001,209,0.00023652181
54001,210,0.0
54001,211,0.0
54001,212,0.0
54001,213,0.0
54001,214,0.0
54001,215,0.0
54003,73,0.0013916274
54003,74,0.0010777868
54003,75,0.00057061226
54003,76,0.0005908787
54003,77,0.00044361094
54003,78,0.00075282785
54003,79,0.0009271952
54003,80,0.0010463876
54003,81,0.0010632947
54003,82,0.000952975
54003,83,0.00066587055
54003,84,0.00021179508
54003,85,0.00022326689
54003,86,0.00048189212
54003,87,0.00078409095
54003,88,0.0006872621
54003,89,0.00067694014
54003,90,0.00065402786
54003,91,0.0001288372
54003,92,0.0
54003,93,0.00017541421
54003,94,0.00019090196
54003,95,0.00016019019
54003,96,0.00029640965
54003,97,0.00021787547
54003,98,0.0
54003,99,0.0
54003,100,0.0
54003,101,0.0
54003,102,0.00015540104
54003,103,0.00019187493
54003,104,0.00039859983
54003,105,0.00017166186
54003,106,0.00039177906
54003,107,0.0005620061
54003,108,0.0005842241
54003,109,0.00070511916
54003,110,0.00059276866
54003,111,0.00021327037
54003,112,3.3418226e-05
54003,113,7.764573e-05
54003,114,0.00013919991
54003,115,7.6020835e-05
54003,116,0.0
54003,117,0.0
54003,118,0.0
54003,119,0.0
54003,120,0.0
54003,121,0.0
54003,122,0.0
54003,123,0.0
54003,124,0.0
54003,125,0.0
54003,126,0.0
54003,127,0.0
54003,128,0.0
54003,129,0.0
54003,130,0.0
54003,131,0.00057647994
54003,132,0.0010625653
54003,133,0.0006235938
54003,134,0.000246588
54003,135,0.00024670016
54003,136,0.0001927426
54003,137,0.00065762067
54003,138,0.0005948893
54003,139,0.0
54003,140,0.0
54003,141,0.0
54003,142,0.0
54003,143,0.0
54003,144,0.0
54003,145,0.0
54003,146,0.0
54003,147,0.0
54003,148,0.0
54003,149,0.0
54003,150,0.0
54003,151,0.0
54003,152,0.0
54003,153,0.0
54003,154,0.0
54003,155,0.0
54003,156,0.0
54003,157,0.0
54003,158,0.0
54003,159,0.0
54003,160,0.00021265855
54003,161,0.00012014457
54003,162,6.036384e-05
54003,163,0.00019521698
54003,164,2.6063492e-05
54003,165,0.0
54003,166,1.0870993e-05
54003,167,0.0
54003,168,0.0
54003,169,0.0
54003,170,0.0
54003,171,0.0
54003,172,0.0
54003,173,0.0
54003,174,0.0
54003,175,0.0
54003,176,0.0
54003,177,0.0
54003,178,0.0
54003,179,7.0983835e-05
54003,180,0.00027182198
54003,181,0.00040529203
54003,182,0.00022872978
54003,183,0.00038035802
54003,184,0.00027002976
54003,185,0.00034773216
54003,186,0.00061677286
54003,187,0.0004769307
54003,188,0.0
54003,189,0.0
54003,190,0.0
54003,191,0.0
54003,192,0.0
54003,193,0.0
54003,194,0.0
54003,195,0.0
54003,196,0.0
54003,197,0.0
54003,198,0.0
54003,199,0.0
54003,200,0.0
54003,201,0.0
54003,202,0.0
54003,203,0.0
54003,204,0.0
54003,205,0.00026057742
54003,206,0.00022382423
54003,207,0.00017213874
54003,208,0.0
54003,209,2.5017309e-05
54003,210,0.00037355558
54003,211,0.0003458469
54003,212,0.0
54003,213,0.0
54003,214,0.0
54003,215,0.0
54005,73,0.0
54005,74,0.00013808237
54005,75,0.0
54005,76,0.0
54005,77,0.0
54005,78,0.0
54005,79,0.0
54005,80,0.0
54005,81,0.0
54005,82,0.0
54005,83,3.8175916e-05
54005,84,1.2720561e-05
54005,85,0.0
54005,86,0.00020145517
54005,87,3.183285e-05
54005,88,0.0006752676
54005,89,0.00043248024
54005,90,0.00010410321
54005,91,2.9154657e-05
54005,92,0.0
54005,93,0.0
54005,94,0.0
54005,95,0.0
54005,96,0.0001174582
54005,97,0.00017485915
54005,98,0.00018448867
54005,99,0.00038398255
54005,100,0.00017542638
54005,101,0.0
54005,102,0.0
54005,103,7.482474e-05
54005,104,0.0
54005,105,0.0
54005,106,0.0
54005,107,0.0001500278
54005,108,0.0005179109
54005,109,0.0011435107
54005,110,0.0015557425
54005,111,0.0019798474
54005,112,0.0020298297
54005,113,0.0023677635
54005,114,0.002374778
54005,115,0.0024421953
54005,116,0.0022912663
54005,117,0.00188324
54005,118,0.0015613284
54005,119,0.0017744604
54005,120,0.0021236853
54005,121,0.002317575
54005,122,0.0018137344
54005,123,0.0011592882
54005,124,0.0013425809
54005,125,0.0042675002
54005,126,0.006992932
54005,127,0.007171235
54005,128,0.0073069837
54005,129,0.006627076
54005,130,0.0065151127
54005,131,0.0061417087
54005,132,0.0039970274
54005,133,0.0027737971
54005,134,0.002148669
54005,135,0.0011161012
54005,136,0.0026247408
54005,137,0.007818965
54005,138,0.013788446
54005,139,0.018583274
54005,140,0.020227179
54005,141,0.022081416
54005,142,0.024905732
54005,143,0.024209064
54005,144,0.02246478
54005,145,0.021127233
54005,146,0.018438691
54005,147,0.016204672
54005,148,0.014330509
54005,149,0.01350858
54005,150,0.012581283
54005,151,0.012445859
54005,152,0.013682555
54005,153,0.014309588
54005,154,0.014527376
54005,155,0.014994949
54005,156,0.0152812265
54005,157,0.013876624
54005,158,0.012290004
54005,159,0.010850882
54005,160,0.008303454
54005,161,0.0063132006
54005,162,0.0052102264
54005,163,0.0043009603
54005,164,0.0031330255
54005,165,0.001592891
54005,166,0.0013390015
54005,167,0.0009010261
54005,168,0.0009470478
54005,169,0.0008323721
54005,170,0.0007666954
54005,171,0.0005045468
54005,172,0.0004384327
54005,173,0.00047826816
54005,174,0.00052245124
54005,175,0.0007136425
54005,176,0.0010025419
54005,177,0.001286394
54005,178,0.0012566563
54005,179,0.0012562759
54005,180,0.001041726
54005,181,0.0009355756
54005,182,0.0010350944
54005,183,0.00084563735
54005,184,0.00092805794
54005,185,0.0009283859
54005,186,0.0007163186
54005,187,0.00015895031
54005,188,0.00035359233
54005,189,0.00030888806
54005,190,0.00020517087
54005,191,0.0
54005,192,4.5334673e-05
54005,193,1.1631084e-05
54005,194,0.0
54005,195,6.989417e-05
54005,196,3.7296413e-06
54005,197,0.0001587821
54005,198,9.1921516e-05
54005,199,0.0002474259
54005,200,0.00020168647
54005,201,0.00021241182
54005,202,0.00018699674
54005,203,0.00014633498
54005,204,0.00047412253
54005,205,0.00056521525
54005,206,0.00037279868
54005,207,0.0
54005,208,0.0
54005,209,0.0003840468
54005,210,0.0005728985
54005,211,0.0003150278
54005,212,0.00022563858
54005,213,0.00010775919
54005,214,4.0409657e-05
54005,215,6.7346475e-05
54011,73,0.00086625793
54011,74,0.0
54011,75,0.0
54011,76,0.0
54011,77,0.0
54011,78,0.0
54011,79,0.0
54011,80,0.0
54011,81,0.0
54011,82,0.0
54011,83,0.0
54011,84,0.0
54011,85,0.0
54011,86,0.0
54011,87,0.0
54011,88,0.0003180401
54011,89,0.0
54011,90,2.6355981e-05
54011,91,0.0
54011,92,0.0
54011,93,0.0
54011,94,0.0
54011,95,0.0
54011,96,0.0
54011,97,0.0
54011,98,0.0
54011,99,0.0
54011,100,0.0
54011,101,0.0
54011,102,0.0
54011,103,0.0
54011,104,0.0
54011,105,0.0
54011,106,0.0
54011,107,0.00042971267
54011,108,0.0013364208
54011,109,0.0020618325
54011,110,0.0024859712
54011,111,0.0025686398
54011,112,0.0023704884
54011,113,0.00237522
54011,114,0.0018473646
54011,115,0.002182731
54011,116,0.0019195977
54011,117,0.0018571906
54011,118,0.0017372158
54011,119,0.0015559259
54011,120,0.0013190412
54011,121,0.00071051525
54011,122,0.00043396236
54011,123,0.00021384555
54011,124,0.0011575583
54011,125,0.0024442028
54011,126,0.0029684496
54011,127,0.002752225
54011,128,0.0024352255
54011,129,0.0023364462
54011,130,0.0020804403
54011,131,0.0017268562
54011,132,0.0013728018
54011,133,0.001154176
54011,134,0.0009315798
54011,135,0.00084538496
54011,136,0.0008650507
54011,137,0.0016210466
54011,138,0.0030320552
54011,139,0.0039848373
54011,140,0.0042968853
54011,141,0.0043594553
54011,142,0.004579406
54011,143,0.004309831
54011,144,0.0040531503
54011,145,0.003985854
54011,146,0.0030834528
54011,147,0.0025422708
54011,148,0.0026093805
54011,149,0.0026502553
54011,150,0.0027100057
54011,151,0.0027073324
54011,152,0.0024259954
54011,153,0.0026036892
54011,154,0.0028327424
54011,155,0.0023479466
54011,156,0.0017818725
54011,157,0.0023703037
54011,158,0.0020585686
54011,159,0.0015578691
54011,160,0.0011631518
54011,161,0.001079516
54011,162,0.0010862804
54011,163,0.000922573
54011,164,0.0009807189
54011,165,0.00033230486
54011,166,0.0002253963
54011,167,0.0001853404
54011,168,2.271111e-05
54011,169,0.0
54011,170,0.0
54011,171,0.0
54011,172,0.0
54011,173,0.0
54011,174,4.977999e-05
54011,175,5.6610275e-05
54011,176,0.0
54011,177,1.04974515e-05
54011,178,0.00014066178
54011,179,0.00047551346
54011,180,0.00047335733
54011,181,0.0005218143
54011,182,0.00059115904
54011,183,0.0005002061
54011,184,0.00049588253
54011,185,0.00039013172
54011,186,0.00017684684
54011,187,0.0001396856
54011,188,0.00019545616
54011,189,0.00019579714
54011,190,0.0
54011,191,0.0
54011,192,0.0
54011,193,0.0
54011,194,0.0
54011,195,0.0
54011,196,9.185791e-07
54011,197,2.674489e-05
54011,198,3.370402e-05
54011,199,0.0
54011,200,0.0
54011,201,0.0
54011,202,0.0
54011,203,0.0
54011,204,0.00018662828
54011,205,0.00025771477
54011,206,0.00016692179
54011,207,0.00023510847
54011,208,0.0003425029
54011,209,0.00045664108
54011,210,0.00058951066
54011,211,0.00060778024
54011,212,0.0006588012
54011,213,0.000301409
54011,214,0.00024533912
54011,215,0.00011406923
54017,73,0.035920903
54017,74,0.030335046
54017,75,0.025749916
54017,76,0.020766838
54017,77,0.018107085
54017,78,0.017351111
54017,79,0.017225498
54017,80,0.016783258
54017,81,0.016520314
54017,82,0.01611425
54017,83,0.015176431
54017,84,0.01324981
54017,85,0.011149291
54017,86,0.009176281
54017,87,0.0073303855
54017,88,0.0059027416
54017,89,0.0049931835
54017,90,0.0039944444
54017,91,0.0032632975
54017,92,0.002989073
54017,93,0.002565768
54017,94,0.0021411926
54017,95,0.0016689185
54017,96,0.001367383
54017,97,0.0011534137
54017,98,0.0011088239
54017,99,0.0007697549
54017,100,0.0004912722
54017,101,0.0009098777
54017,102,0.0012486089
54017,103,0.0012320101
54017,104,0.0012819209
54017,105,0.0016597532
54017,106,0.0029833713
54017,107,0.00300459
54017,108,0.0017166708
54017,109,0.0015126674
54017,110,0.00256725
54017,111,0.0038327419
54017,112,0.0038288126
54017,113,0.004436329
54017,114,0.004963261
54017,115,0.004709123
54017,116,0.003157849
54017,117,0.001764851
54017,118,0.0013041195
54017,119,0.0011748375
54017,120,0.0013369006
54017,121,0.0015216717
54017,122,0.0015506073
54017,123,0.0011503872
54017,124,0.0013254919
54017,125,0.0019679726
54017,126,0.003953946
54017,127,0.005480832
54017,128,0.0057518166
54017,129,0.0039692554
54017,130,0.0041185217
54017,131,0.006115364
54017,132,0.007422202
54017,133,0.008478598
54017,134,0.009188654
54017,135,0.008141687
54017,136,0.0066093965
54017,137,0.006969612
54017,138,0.014982116
54017,139,0.028092012
54017,140,0.039719008
54017,141,0.055607844
54017,142,0.06807936
54017,143,0.071401894
54017,144,0.06944458
54017,145,0.06681848
54017,146,0.060357455
54017,147,0.052935958
54017,148,0.0473889
54017,149,0.04544525
54017,150,0.046368882
54017,151,0.04987812
54017,152,0.054462004
54017,153,0.064076565
54017,154,0.07349957
54017,155,0.08289669
54017,156,0.084187225
54017,157,0.079320155
54017,158,0.06624586
54017,159,0.051533766
54017,160,0.03914445
54017,161,0.030282088
54017,162,0.023632592
54017,163,0.01888188
54017,164,0.015003553
54017,165,0.011562935
54017,166,0.00870936
54017,167,0.007031607
54017,168,0.0067289146
54017,169,0.006097055
54017,170,0.004934272
54017,171,0.003964216
54017,172,0.004030782
54017,173,0.004124926
54017,174,0.0039925766
54017,175,0.0041519515
54017,176,0.004165585
54017,177,0.0038057438
54017,178,0.00328157
54017,179,0.0027305519
54017,180,0.0022629586
54017,181,0.0022235797
54017,182,0.0017764935
54017,183,0.0016427898
54017,184,0.0013528747
54017,185,0.0010988634
54017,186,0.0007944077
54017,187,3.5311343e-05
54017,188,0.00013614594
54017,189,0.0
54017,190,0.0
54017,191,0.0
54017,192,0.0
54017,193,4.3117427e-05
54017,194,5.783881e-05
54017,195,6.8471745e-05
54017,196,0.00015979116
54017,197,0.00010977545
54017,198,0.00015773167
54017,199,0.0002627032
54017,200,0.0002876658
54017,201,0.00023830304
54017,202,0.00015963317
54017,203,0.0003772838
54017,204,0.0005058889
54017,205,0.00063830445
54017,206,0.0005488338
54017,207,0.00033971292
54017,208,0.00024148615
54017,209,0.00018404299
54017,210,0.0004486392
54017,211,1.1623788e-05
54017,212,0.0
54017,213,0.0
54017,214,2.68728e-05
54017,215,0.0
54021,73,0.0020447273
54021,74,0.0008588338
54021,75,0.00030167488
54021,76,0.00026952318
54021,77,0.0003182087
54021,78,0.0009027389
54021,79,0.0016965084
54021,80,0.002664216
54021,81,0.0044409395
54021,82,0.0066215456
54021,83,0.008377508
54021,84,0.0074129715
54021,85,0.0057779117
54021,86,0.003766306
54021,87,0.0022825878
54021,88,0.001591957
54021,89,0.00081399793
54021,90,0.000467229
54021,91,0.0005047508
54021,92,0.00060961075
54021,93,0.00053147395
54021,94,0.00019706732
54021,95,0.0
54021,96,0.0
54021,97,0.0
54021,98,0.0
54021,99,0.0
54021,100,0.0
54021,101,0.0
54021,102,0.0
54021,103,0.0
54021,104,0.00024503173
54021,105,0.001347108
54021,106,0.0020270292
54021,107,0.00073381595
54021,108,0.0
54021,109,0.0
54021,110,0.0011616887
54021,111,0.0024913838
54021,112,0.0035753238
54021,113,0.004832585
54021,114,0.005385112
54021,115,0.005191605
54021,116,0.003650649
54021,117,0.0020700633
54021,118,0.0016494889
54021,119,0.002110892
54021,120,0.003303171
54021,121,0.0045994148
54021,122,0.004968547
54021,123,0.0049409694
54021,124,0.00609959
54021,125,0.008814637
54021,126,0.013020196
54021,127,0.015593142
54021,128,0.014512312
54021,129,0.009159624
54021,130,0.008920266
54021,131,0.011599767
54021,132,0.012721829
54021,133,0.011728184
54021,134,0.009578791
54021,135,0.006447019
54021,136,0.0044264253
54021,137,0.0077622533
54021,138,0.025384117
54021,139,0.05198395
54021,140,0.08050518
54021,141,0.10871278
54021,142,0.12211639
54021,143,0.12151287
54021,144,0.11837813
54021,145,0.116721675
54021,146,0.10770381
54021,147,0.097698726
54021,148,0.090092905
54021,149,0.08827493
54021,150,0.09323521
54021,151,0.10358932
54021,152,0.113626845
54021,153,0.122432515
54021,154,0.12913723
54021,155,0.12990156
54021,156,0.12595285
54021,157,0.12382629
54021,158,0.107635915
54021,159,0.08547705
54021,160,0.067254774
54021,161,0.05549352
54021,162,0.04691519
54021,163,0.041677583
54021,164,0.037619434
54021,165,0.032906324
54021,166,0.028332701
54021,167,0.024534049
54021,168,0.02221852
54021,169,0.020056786
54021,170,0.018263372
54021,171,0.016161317
54021,172,0.014838338
54021,173,0.01412257
54021,174,0.013376256
54021,175,0.01271907
54021,176,0.012184994
54021,177,0.011374327
54021,178,0.009819655
54021,179,0.007909261
54021,180,0.006219919
54021,181,0.0050814976
54021,182,0.003874027
54021,183,0.0028977802
54021,184,0.0022592503
54021,185,0.0020631244
54021,186,0.0018371413
54021,187,0.001043106
54021,188,0.00095085934
54021,189,0.0008546042
54021,190,0.00071782887
54021,191,0.0006255189
54021,192,0.00060702895
54021,193,0.0005292254
54021,194,0.0005074559
54021,195,0.00057262945
54021,196,0.00062453473
54021,197,0.0006529603
54021,198,0.000617034
54021,199,0.00066039263
54021,200,0.00068251585
54021,201,0.0007916477
54021,202,0.0005456814
54021,203,0.0007391509
54021,204,0.00067787746
54021,205,0.00066148833
54021,206,0.0006634197
54021,207,0.00027365412
54021,208,8.549838e-05
54021,209,0.000110805464
54021,210,0.00048671264
54021,211,0.00014865761
54021,212,9.673658e-05
54021,213,5.9863207e-05
54021,214,0.0
54021,215,0.0
54049,73,0.0074232887
54049,74,0.0073770834
54049,75,0.0065386547
54049,76,0.00610278
54049,77,0.0059663756
54049,78,0.005739819
54049,79,0.0053990544
54049,80,0.0047516744
54049,81,0.0041067284
54049,82,0.00363822
54049,83,0.0032150997
54049,84,0.0030138218
54049,85,0.002647651
54049,86,0.0026023982
54049,87,0.0026349316
54049,88,0.0021963809
54049,89,0.002122065
54049,90,0.0018600391
54049,91,0.0014795165
54049,92,0.0013470079
54049,93,0.0010493401
54049,94,0.00091042457
54049,95,0.00086398126
54049,96,0.00068548723
54049,97,0.0008272887
54049,98,0.00091752806
54049,99,0.0006382854
54049,100,0.0007038025
54049,101,0.00070121913
54049,102,0.0011045436
54049,103,0.0007395459
54049,104,0.00081275374
54049,105,0.0009818973
54049,106,0.00086250633
54049,107,0.0010675668
54049,108,0.001497879
54049,109,0.0021869312
54049,110,0.002627672
54049,111,0.0025622963
54049,112,0.002105098
54049,113,0.002438294
54049,114,0.002457655
54049,115,0.002289326
54049,116,0.0018942703
54049,117,0.0015393613
54049,118,0.0011356844
54049,119,0.0010182902
54049,120,0.0011148447
54049,121,0.0012837761
54049,122,0.001370985
54049,123,0.0009766918
54049,124,0.0009783932
54049,125,0.0014468639
54049,126,0.0028621873
54049,127,0.005039611
54049,128,0.0052031763
54049,129,0.004538643
54049,130,0.003318089
54049,131,0.0026239434
54049,132,0.0023323912
54049,133,0.0022511315
54049,134,0.0018295395
54049,135,0.0014879389
54049,136,0.0012183674
54049,137,0.0003154306
54049,138,0.00035582084
54049,139,0.0025376761
54049,140,0.0038919733
54049,141,0.0046977326
54049,142,0.004974288
54049,143,0.0049732234
54049,144,0.0041954853
54049,145,0.0041775857
54049,146,0.0038838617
54049,147,0.00348326
54049,148,0.0033013849
54049,149,0.0035324355
54049,150,0.0034103587
54049,151,0.003646355
54049,152,0.0031884206
54049,153,0.0034725517
54049,154,0.0039178235
54049,155,0.0038445457
54049,156,0.003652893
54049,157,0.0034552747
54049,158,0.0027738467
54049,159,0.0026826493
54049,160,0.0024938977
54049,161,0.0022420748
54049,162,0.002156359
54049,163,0.0020248897
54049,164,0.0012549387
54049,165,0.0005528651
54049,166,0.00041153107
54049,167,0.00043464394
54049,168,0.00023335856
54049,169,0.0004933791
54049,170,0.0003028641
54049,171,0.00017454682
54049,172,0.00027654308
54049,173,0.0002447015
54049,174,0.0001885104
54049,175,0.00017648995
54049,176,0.00018107991
54049,177,0.00028421532
54049,178,0.00059471704
54049,179,0.000601486
54049,180,0.000568428
54049,181,0.00064768223
54049,182,0.0007158606
54049,183,0.00071645225
54049,184,0.0007629977
54049,185,0.0008051915
54049,186,0.00070436776
54049,187,9.803654e-05
54049,188,0.0
54049,189,0.0
54049,190,0.0
54049,191,9.023387e-05
54049,192,2.9934954e-05
54049,193,0.0
54049,194,0.0
54049,195,3.4897494e-05
54049,196,7.842005e-05
54049,197,0.00014195469
54049,198,0.00020172287
54049,199,0.00031738298
54049,200,0.00030031832
54049,201,0.00028072088
54049,202,0.00039363542
54049,203,0.00046434219
54049,204,0.00035770526
54049,205,0.00042278148
54049,206,0.0006981861
54049,207,0.00050968456
54049,208,0.00044188285
54049,209,0.00031644528
54049,210,0.000541629
54049,211,0.00055248756
54049,212,0.00025863855
54049,213,0.0
54049,214,0.00011006548
54049,215,8.0001904e-05
54051,73,0.047222618
54051,74,0.04397093
54051,75,0.042295054
54051,76,0.04132145
54051,77,0.040833868
54051,78,0.040663484
54051,79,0.040297408
54051,80,0.03971612
54051,81,0.03866143
54051,82,0.03753322
54051,83,0.035775937
54051,84,0.03341279
54051,85,0.030678587
54051,86,0.027649436
54051,87,0.02452283
54051,88,0.020990916
54051,89,0.017014477
54051,90,0.013225546
54051,91,0.009913122
54051,92,0.0073600505
54051,93,0.0056179296
54051,94,0.004587518
54051,95,0.003992032
54051,96,0.0035107266
54051,97,0.003210426
54051,98,0.0031931987
54051,99,0.0031478053
54051,100,0.0031786377
54051,101,0.0030944347
54051,102,0.0032575408
54051,103,0.0030541194
54051,104,0.0029527924
54051,105,0.002838483
54051,106,0.0026584724
54051,107,0.002769736
54051,108,0.0029509896
54051,109,0.003553634
54051,110,0.0044978564
54051,111,0.004945757
54051,112,0.0051742373
54051,113,0.0058005177
54051,114,0.006519405
54051,115,0.0061150026
54051,116,0.0051511102
54051,117,0.004362922
54051,118,0.0034738882
54051,119,0.0025956575
54051,120,0.0022067418
54051,121,0.0020584904
54051,122,0.0022406643
54051,123,0.0021900348
54051,124,0.0023805783
54051,125,0.0030891781
54051,126,0.005747504
54051,127,0.0070220237
54051,128,0.005139226
54051,129,0.0038820445
54051,130,0.0028744626
54051,131,0.0032174108
54051,132,0.003115559
54051,133,0.0030108232
54051,134,0.0027300736
54051,135,0.0024176189
54051,136,0.0017246096
54051,137,0.0010531952
54051,138,0.0019571788
54051,139,0.0031586979
54051,140,0.004610621
54051,141,0.0069922656
54051,142,0.00812798
54051,143,0.008284358
54051,144,0.007706218
54051,145,0.0071931626
54051,146,0.006197472
54051,147,0.0055804714
54051,148,0.004930445
54051,149,0.004378914
54051,150,0.0038271043
54051,151,0.0038014087
54051,152,0.0033116215
54051,153,0.0034133375
54051,154,0.0036328519
54051,155,0.0031990877
54051,156,0.0028321883
54051,157,0.0026970136
54051,158,0.0022964373
54051,159,0.0019520527
54051,160,0.001534312
54051,161,0.001469111
54051,162,0.0012176731
54051,163,0.0010664845
54051,164,0.0005534447
54051,165,0.00031816468
54051,166,0.0004005621
54051,167,0.0004047716
54051,168,0.00027747522
54051,169,0.0
54051,170,0.0
54051,171,9.598589e-05
54051,172,0.00015363944
54051,173,9.0210095e-05
54051,174,0.0
54051,175,3.8246394e-06
54051,176,0.0
54051,177,0.000119039716
54051,178,0.0005305931
54051,179,0.0005422799
54051,180,0.00045408867
54051,181,0.0004837605
54051,182,0.0005876163
54051,183,0.0006930492
54051,184,0.0006527728
54051,185,0.0007182245
54051,186,0.0005928874
54051,187,0.00044815437
54051,188,0.0
54051,189,0.0
54051,190,0.0
54051,191,0.00016810706
54051,192,0.00020445132
54051,193,8.103857e-05
54051,194,0.00011548085
54051,195,7.108822e-05
54051,196,0.00012146585
54051,197,0.0001999908
54051,198,0.00020199904
54051,199,0.00016191544
54051,200,0.00023703123
54051,201,0.0004110645
54051,202,0.00050808006
54051,203,0.00027378977
54051,204,0.00026882763
54051,205,0.0003625604
54051,206,0.0002731435
54051,207,0.000414496
54051,208,0.0005316538
54051,209,0.00033827368
54051,210,0.0004463312
54051,211,0.00020551408
54051,212,0.0
54051,213,0.0
54051,214,0.0
54051,215,0.00014436725
54061,73,0.0022742783
54061,74,0.0026752946
54061,75,0.00248681
54061,76,0.0022655407
54061,77,0.0023399326
54061,78,0.0022832144
54061,79,0.0021315746
54061,80,0.001882764
54061,81,0.001763158
54061,82,0.001553757
54061,83,0.0014858017
54061,84,0.0013953962
54061,85,0.0011259476
54061,86,0.001146259
54061,87,0.0013026336
54061,88,0.0011667885
54061,89,0.0011937239
54061,90,0.0011805312
54061,91,0.00082613423
54061,92,0.0007053611
54061,93,0.00048323924
54061,94,0.00045205696
54061,95,0.0004422144
54061,96,0.00013978081
54061,97,0.000377491
54061,98,0.0006521047
54061,99,0.00042380963
54061,100,0.0005426626
54061,101,0.0005365821
54061,102,0.00096086116
54061,103,0.00067923614
54061,104,0.0006332592
54061,105,0.00069068634
54061,106,0.0007683084
54061,107,0.0009039047
54061,108,0.0011285519
54061,109,0.0017702973
54061,110,0.0019523592
54061,111,0.0020781143
54061,112,0.0016918291
54061,113,0.0019419795
54061,114,0.0019027496
54061,115,0.0017627185
54061,116,0.0013984701
54061,117,0.0012310059
54061,118,0.00069693744
54061,119,0.0005663226
54061,120,0.0008480633
54061,121,0.00088661956
54061,122,0.0007940819
54061,123,0.00029564294
54061,124,0.00024934183
54061,125,0.0005252104
54061,126,0.0012494453
54061,127,0.002738517
54061,128,0.0030144367
54061,129,0.002528806
54061,130,0.0014981366
54061,131,0.00095089583
54061,132,0.0011119317
54061,133,0.0013161679
54061,134,0.0010208158
54061,135,0.0008637633
54061,136,0.0008771396
54061,137,0.00011539328
54061,138,0.0
54061,139,0.0
54061,140,0.0002063055
54061,141,0.0014828756
54061,142,0.0025879978
54061,143,0.0024868927
54061,144,0.0019050579
54061,145,0.0025207542
54061,146,0.0024893999
54061,147,0.002001207
54061,148,0.0019084339
54061,149,0.0020859346
54061,150,0.0025697453
54061,151,0.0028354959
54061,152,0.002025218
54061,153,0.002157825
54061,154,0.0025017376
54061,155,0.0027508133
54061,156,0.0023696464
54061,157,0.002163437
54061,158,0.0022053535
54061,159,0.001992896
54061,160,0.001917315
54061,161,0.0015728057
54061,162,0.0015074775
54061,163,0.0016235926
54061,164,0.0010439059
54061,165,0.000395922
54061,166,0.00026588966
54061,167,0.00022802557
54061,168,8.219277e-05
54061,169,5.1835563e-05
54061,170,1.2143684e-05
54061,171,0.0
54061,172,0.0
54061,173,0.0
54061,174,0.0
54061,175,0.0
54061,176,0.0
54061,177,9.49059e-05
54061,178,0.0003706234
54061,179,0.00040054828
54061,180,0.00036197793
54061,181,0.00039141797
54061,182,0.0004983874
54061,183,0.00043305493
54061,184,0.0005729917
54061,185,0.0005711394
54061,186,0.0004433567
54061,187,0.00024939678
54061,188,0.0
54061,189,0.0
54061,190,0.0
54061,191,0.0
54061,192,0.0
54061,193,0.0
54061,194,0.0
54061,195,0.0
54061,196,0.0
54061,197,0.0
54061,198,0.0
54061,199,0.0
54061,200,6.6890265e-05
54061,201,0.00010505416
54061,202,0.00020044023
54061,203,0.00025300076
54061,204,8.597319e-05
54061,205,0.00017852272
54061,206,0.0004673623
54061,207,0.00042551837
54061,208,0.00041939784
54061,209,0.00023765658
54061,210,0.0004948465
54061,211,0.000386929
54061,212,0.00016525126
54061,213,7.0089554e-05
54061,214,0.00022835628
54061,215,8.899625e-05
54065,73,0.0020165143
54065,74,0.0028391904
54065,75,0.0034400749
54065,76,0.0036520276
54065,77,0.0033127507
54065,78,0.0032020966
54065,79,0.0029629616
54065,80,0.002631604
54065,81,0.0019936913
54065,82,0.0014924488
54065,83,0.0013405303
54065,84,0.0008859957
54065,85,0.00061414664
54065,86,0.0008665043
54065,87,0.0013568663
54065,88,0.0013540882
54065,89,0.0012592392
54065,90,0.001133238
54065,91,0.00058592623
54065,92,0.0002364427
54065,93,0.0004996481
54065,94,0.0003364858
54065,95,0.0004567902
54065,96,0.00042114916
54065,97,0.00043089752
54065,98,0.00025392714
54065,99,0.00018244643
54065,100,0.00017794885
54065,101,0.00035217454
54065,102,0.000534974
54065,103,0.00050829904
54065,104,0.0004787864
54065,105,0.00067617395
54065,106,0.0007530693
54065,107,0.0005595821
54065,108,0.0006209265
54065,109,0.0005233789
54065,110,0.0005016582
54065,111,0.00065088173
54065,112,0.0003099087
54065,113,0.0002481715
54065,114,0.00033556807
54065,115,0.0004419754
54065,116,0.0005243711
54065,117,0.0005187585
54065,118,0.00042705773
54065,119,0.0005227215
54065,120,0.00048033972
54065,121,0.00028500342
54065,122,0.0003793955
54065,123,0.00031052562
54065,124,0.00038981732
54065,125,0.0003015347
54065,126,3.298652e-05
54065,127,0.0
54065,128,0.00032582236
54065,129,0.0007288278
54065,130,0.00091735
54065,131,0.0005242211
54065,132,0.0007644946
54065,133,0.0007135448
54065,134,0.0012201722
54065,135,0.0005016472
54065,136,0.00082061766
54065,137,0.0015830855
54065,138,0.0008923581
54065,139,0.0005012851
54065,140,0.00038544452
54065,141,2.335105e-05
54065,142,0.0006747862
54065,143,0.0011038241
54065,144,0.00068753964
54065,145,0.0006554652
54065,146,0.0004217344
54065,147,0.00049076125
54065,148,0.0001954899
54065,149,0.00015000555
54065,150,7.706399e-05
54065,151,0.0005035775
54065,152,0.0003950106
54065,153,0.00021665115
54065,154,0.00046326607
54065,155,0.0005591401
54065,156,0.001032218
54065,157,0.0008750436
54065,158,0.00078240456
54065,159,0.0007516276
54065,160,0.0009042105
54065,161,0.0005961627
54065,162,0.000526485
54065,163,0.0006561453
54065,164,0.0005617002
54065,165,0.00015657832
54065,166,0.0
54065,167,0.0
54065,168,0.0
54065,169,0.0
54065,170,0.0
54065,171,0.0
54065,172,0.0
54065,173,0.0
54065,174,0.0
54065,175,0.0
54065,176,0.0
54065,177,0.0
54065,178,0.0
54065,179,0.00037174756
54065,180,0.0004979842
54065,181,0.0008249815
54065,182,0.000630793
54065,183,0.00054992235
54065,184,0.00041411628
54065,185,0.00061295414
54065,186,0.00054165977
54065,187,0.00043887302
54065,188,6.98499e-05
54065,189,0.00016996352
54065,190,4.022326e-05
54065,191,8.9653826e-05
54065,192,0.0
54065,193,0.0
54065,194,0.0
54065,195,0.0
54065,196,0.0
54065,197,0.0
54065,198,0.0
54065,199,0.0
54065,200,0.0
54065,201,0.0
54065,202,0.0
54065,203,0.0
54065,204,0.00012181869
54065,205,0.0005665112
54065,206,0.00037539672
54065,207,0.00048575774
54065,208,0.00039527455
54065,209,0.00050595263
54065,210,0.00067659956
54065,211,0.0005503502
54065,212,0.00057587354
54065,213,0.0004163419
54065,214,0.00027726448
54065,215,0.00014035434
