fipsCode,hour,osi_pred
18001,73,0.0085237445
18001,74,0.0075262403
18001,75,0.006697574
18001,76,0.0061700493
18001,77,0.0058120247
18001,78,0.0054888083
18001,79,0.0052349702
18001,80,0.004691763
18001,81,0.004418062
18001,82,0.0035813965
18001,83,0.0027960804
18001,84,0.0020304585
18001,85,0.0015050594
18001,86,0.0011780079
18001,87,0.0008876369
18001,88,0.000775313
18001,89,0.0006312232
18001,90,0.00055699976
18001,91,0.00042288413
18001,92,0.00046261385
18001,93,0.00032136857
18001,94,0.00016119285
18001,95,0.000133334
18001,96,6.3432824e-05
18001,97,2.8143444e-05
18001,98,1.7729992e-05
18001,99,1.1196843e-05
18001,100,9.555907e-06
18001,101,5.4103666e-06
18001,102,2.3865805e-06
18001,103,1.674432e-06
18001,104,4.1028943e-06
18001,105,8.388295e-06
18001,106,3.918588e-05
18001,107,0.001005559
18001,108,0.0016505624
18001,109,0.0025780844
18001,110,0.0029601296
18001,111,0.0033510374
18001,112,0.0031904422
18001,113,0.0030456067
18001,114,0.003141751
18001,115,0.00288323
18001,116,0.0028841035
18001,117,0.0027345768
18001,118,0.002378523
18001,119,0.0024358542
18001,120,0.0027329025
18001,121,0.0027000671
18001,122,0.0030722015
18001,123,0.0031026711
18001,124,0.0031079021
18001,125,0.0028156193
18001,126,0.0019872135
18001,127,0.0015717454
18001,128,0.00123182
18001,129,0.0009816546
18001,130,0.00088706036
18001,131,0.00072173314
18001,132,0.0005837705
18001,133,0.00045424086
18001,134,0.00040417816
18001,135,0.0003273103
18001,136,0.0002603113
18001,137,0.00022010421
18001,138,0.00022942538
18001,139,0.00027904252
18001,140,0.0002813652
18001,141,0.0002602797
18001,142,0.00021450674
18001,143,0.00016733371
18001,144,0.00010892869
18001,145,6.763714e-05
18001,146,4.867409e-05
18001,147,3.4990895e-05
18001,148,3.929721e-05
18001,149,4.485847e-05
18001,150,3.7258782e-05
18001,151,5.8994483e-05
18001,152,6.821717e-05
18001,153,5.901882e-05
18001,154,4.338183e-05
18001,155,3.4009678e-05
18001,156,3.4243323e-05
18001,157,3.1060477e-05
18001,158,2.8416896e-05
18001,159,1.9306397e-05
18001,160,1.0619737e-05
18001,161,6.6178104e-06
18001,162,2.4769395e-06
18001,163,1.6515098e-06
18001,164,1.060776e-05
18001,165,1.586415e-05
18001,166,1.7711467e-05
18001,167,1.9111969e-05
18001,168,1.1837618e-05
18001,169,6.4922747e-06
18001,170,8.573549e-06
18001,171,1.2569929e-05
18001,172,1.4855247e-05
18001,173,1.1408463e-05
18001,174,1.2612383e-05
18001,175,2.5194713e-05
18001,176,2.7480966e-05
18001,177,1.5800002e-05
18001,178,8.685784e-06
18001,179,2.4419724e-06
18001,180,0.0
18001,181,0.0
18001,182,0.0
18001,183,0.0
18001,184,0.0
18001,185,0.0
18001,186,0.0
18001,187,9.2695345e-08
18001,188,1.8429644e-06
18001,189,2.322279e-06
18001,190,2.7896947e-06
18001,191,2.7316498e-06
18001,192,4.8267e-06
18001,193,6.295462e-06
18001,194,1.2193433e-05
18001,195,2.2807417e-05
18001,196,2.4611756e-05
18001,197,4.180336e-05
18001,198,3.9059065e-05
18001,199,1.6145046e-05
18001,200,1.0005934e-05
18001,201,8.879343e-06
18001,202,5.2877704e-06
18001,203,1.9819856e-05
18001,204,2.2523476e-05
18001,205,2.8289378e-05
18001,206,1.1837785e-05
18001,207,1.1170296e-05
18001,208,1.19107535e-05
18001,209,2.2187407e-05
18001,210,1.9104325e-05
18001,211,2.6962229e-05
18001,212,1.2467989e-05
18001,213,4.8600436e-06
18001,214,3.7705145e-06
18001,215,1.4198084e-05
18003,73,0.010403422
18003,74,0.0087557165
18003,75,0.00785577
18003,76,0.0074769165
18003,77,0.00710814
18003,78,0.0069492646
18003,79,0.0061597903
18003,80,0.0057698544
18003,81,0.004958809
18003,82,0.0045489823
18003,83,0.0043280516
18003,84,0.0036456787
18003,85,0.0029320135
18003,86,0.0025190234
18003,87,0.002177332
18003,88,0.0019825331
18003,89,0.0018300366
18003,90,0.0016116272
18003,91,0.0014585416
18003,92,0.0013906558
18003,93,0.0018862545
18003,94,0.00087308494
18003,95,0.00068139227
18003,96,0.00048959296
18003,97,0.0003747417
18003,98,0.00033508442
18003,99,0.00031190962
18003,100,0.00027945742
18003,101,0.00024032794
18003,102,0.0001801149
18003,103,0.00014903522
18003,104,0.00012488563
18003,105,0.00010878512
18003,106,0.00015724129
18003,107,0.0008310072
18003,108,0.0019214028
18003,109,0.0031281805
18003,110,0.0038580976
18003,111,0.0037141945
18003,112,0.0035059687
18003,113,0.003659742
18003,114,0.0034599602
18003,115,0.003100188
18003,116,0.0029656482
18003,117,0.0025203887
18003,118,0.0025663122
18003,119,0.0026827308
18003,120,0.0028899345
18003,121,0.0028321194
18003,122,0.0028067785
18003,123,0.0034273483
18003,124,0.003290618
18003,125,0.0030053344
18003,126,0.0026589313
18003,127,0.002394678
18003,128,0.0021655883
18003,129,0.0019728728
18003,130,0.0017668537
18003,131,0.0015880311
18003,132,0.0014784563
18003,133,0.0012559105
18003,134,0.0011253012
18003,135,0.0009187186
18003,136,0.00084589934
18003,137,0.0007206371
18003,138,0.0006532901
18003,139,0.0005335748
18003,140,0.000391482
18003,141,0.00031878037
18003,142,0.00033128326
18003,143,0.00035298377
18003,144,0.0003880075
18003,145,0.0002495464
18003,146,0.00029848074
18003,147,0.00022094531
18003,148,0.00026093694
18003,149,0.0002267646
18003,150,0.00014899892
18003,151,8.985563e-05
18003,152,7.954034e-05
18003,153,7.8479396e-05
18003,154,5.379792e-05
18003,155,4.6348727e-05
18003,156,3.0869207e-05
18003,157,1.4045849e-05
18003,158,8.988139e-06
18003,159,5.936891e-06
18003,160,5.365082e-06
18003,161,3.828206e-06
18003,162,1.120374e-06
18003,163,1.5929253e-08
18003,164,0.0
18003,165,6.587655e-11
18003,166,0.0
18003,167,4.1415138e-10
18003,168,0.0
18003,169,0.0
18003,170,0.0
18003,171,0.0
18003,172,0.0
18003,173,0.0
18003,174,0.0
18003,175,0.0
18003,176,2.4864303e-06
18003,177,3.305522e-06
18003,178,1.2644041e-06
18003,179,6.9154487e-07
18003,180,6.0021085e-07
18003,181,1.1118653e-06
18003,182,2.0342338e-06
18003,183,2.44541e-06
18003,184,1.778574e-06
18003,185,4.1912116e-07
18003,186,6.3508946e-07
18003,187,2.5918084e-06
18003,188,1.4447303e-06
18003,189,2.0582974e-07
18003,190,8.2587555e-09
18003,191,0.0
18003,192,0.0
18003,193,0.0
18003,194,0.0
18003,195,1.7722347e-07
18003,196,6.598833e-07
18003,197,3.7504986e-05
18003,198,7.9844926e-07
18003,199,0.0
18003,200,0.0
18003,201,0.0
18003,202,0.0
18003,203,4.291486e-09
18003,204,1.2192497e-06
18003,205,8.407547e-06
18003,206,6.847561e-06
18003,207,6.4815954e-06
18003,208,9.033637e-06
18003,209,8.119164e-06
18003,210,7.2368134e-06
18003,211,3.0931956e-06
18003,212,1.2585618e-06
18003,213,6.93432e-07
18003,214,5.383512e-07
18003,215,2.1381838e-06
18005,73,7.310075e-05
18005,74,3.097432e-06
18005,75,1.9848987e-06
18005,76,9.316506e-06
18005,77,3.280676e-08
18005,78,7.587927e-06
18005,79,5.0490642e-05
18005,80,5.5281722e-05
18005,81,3.8263723e-05
18005,82,3.340661e-05
18005,83,3.5521247e-05
18005,84,5.4403205e-05
18005,85,8.902547e-05
18005,86,0.00012769066
18005,87,0.000101014906
18005,88,9.635327e-05
18005,89,7.9225625e-05
18005,90,5.3766355e-05
18005,91,3.530368e-05
18005,92,2.1732596e-05
18005,93,2.2723916e-05
18005,94,2.0099913e-05
18005,95,2.1669293e-05
18005,96,2.8687648e-05
18005,97,3.783265e-05
18005,98,3.2701242e-05
18005,99,4.580107e-05
18005,100,5.8111997e-05
18005,101,7.658181e-05
18005,102,7.168647e-05
18005,103,7.1571696e-05
18005,104,5.1304887e-05
18005,105,8.247243e-05
18005,106,0.00061398785
18005,107,0.004474698
18005,108,0.009562238
18005,109,0.012723619
18005,110,0.012614893
18005,111,0.012098026
18005,112,0.010626996
18005,113,0.0096658785
18005,114,0.008118751
18005,115,0.0066214353
18005,116,0.0053444337
18005,117,0.004535565
18005,118,0.004447466
18005,119,0.0058998596
18005,120,0.0065424615
18005,121,0.0071952315
18005,122,0.0074124746
18005,123,0.0068258904
18005,124,0.0063243853
18005,125,0.0058454867
18005,126,0.0054735965
18005,127,0.00469951
18005,128,0.00411974
18005,129,0.0034554633
18005,130,0.002784436
18005,131,0.001970783
18005,132,0.0011281124
18005,133,0.0007085543
18005,134,0.00042821336
18005,135,0.00036124632
18005,136,0.00029109404
18005,137,0.00023636289
18005,138,0.00018705726
18005,139,0.00012737248
18005,140,0.00010427702
18005,141,6.59683e-05
18005,142,3.9245362e-05
18005,143,6.361434e-05
18005,144,9.612848e-05
18005,145,0.00011660381
18005,146,0.00018129732
18005,147,0.00022058723
18005,148,0.00026657223
18005,149,0.0002872987
18005,150,0.0002707637
18005,151,0.00022227556
18005,152,0.00016922057
18005,153,0.00013435661
18005,154,9.3719034e-05
18005,155,7.167912e-05
18005,156,6.169852e-05
18005,157,8.340821e-05
18005,158,4.265226e-05
18005,159,2.0212005e-05
18005,160,1.9264826e-05
18005,161,1.863359e-05
18005,162,1.6193635e-05
18005,163,1.3213525e-05
18005,164,3.4557394e-05
18005,165,4.3940876e-05
18005,166,3.509897e-05
18005,167,2.7732749e-05
18005,168,1.7504915e-05
18005,169,1.2202179e-05
18005,170,6.9057296e-06
18005,171,2.830977e-06
18005,172,5.937862e-07
18005,173,1.4143048e-06
18005,174,1.4095755e-06
18005,175,6.059382e-06
18005,176,4.334688e-06
18005,177,4.4168323e-06
18005,178,6.3124885e-06
18005,179,1.4601966e-05
18005,180,3.7232054e-05
18005,181,3.6945963e-05
18005,182,2.7710257e-05
18005,183,1.1811204e-05
18005,184,1.2220644e-05
18005,185,1.0671652e-05
18005,186,2.9813526e-05
18005,187,5.4346936e-05
18005,188,2.2112317e-05
18005,189,1.634371e-05
18005,190,1.1485735e-05
18005,191,7.0373753e-06
18005,192,6.0334028e-06
18005,193,6.314407e-06
18005,194,3.2999421e-06
18005,195,1.954567e-06
18005,196,2.7609262e-06
18005,197,7.094139e-07
18005,198,5.5536717e-08
18005,199,2.7451932e-07
18005,200,9.31101e-09
18005,201,0.0
18005,202,1.9020364e-08
18005,203,0.0
18005,204,5.687531e-07
18005,205,3.6354459e-06
18005,206,3.4248537e-06
18005,207,1.1971619e-05
18005,208,1.8418812e-05
18005,209,1.5792852e-05
18005,210,1.1344948e-05
18005,211,2.1132406e-05
18005,212,2.0870522e-05
18005,213,1.42442495e-05
18005,214,1.2491135e-05
18005,215,7.884132e-06
18007,73,0.0012589676
18007,74,0.00047196154
18007,75,0.00020143727
18007,76,0.0001036691
18007,77,0.000114807684
18007,78,0.00015309508
18007,79,0.00015769029
18007,80,0.00011847011
18007,81,0.00010769322
18007,82,0.00013019092
18007,83,0.000114730385
18007,84,0.000105156534
18007,85,9.359679e-05
18007,86,8.7861335e-05
18007,87,7.85132e-05
18007,88,0.00014505042
18007,89,9.749581e-05
18007,90,0.0001735294
18007,91,0.00016671751
18007,92,0.00012121283
18007,93,8.250662e-05
18007,94,8.0959864e-05
18007,95,4.6204357e-05
18007,96,0.0001082282
18007,97,0.00018894188
18007,98,0.0002291041
18007,99,0.00020066508
18007,100,0.0001707508
18007,101,0.00018774187
18007,102,0.0002263797
18007,103,0.00025905707
18007,104,0.00043636802
18007,105,0.00067389145
18007,106,0.0010439949
18007,107,0.0027149888
18007,108,0.003533407
18007,109,0.004093951
18007,110,0.005344331
18007,111,0.006132503
18007,112,0.00702276
18007,113,0.006786344
18007,114,0.0067051966
18007,115,0.0062015383
18007,116,0.0058593536
18007,117,0.005831436
18007,118,0.005695869
18007,119,0.0064959903
18007,120,0.0056385677
18007,121,0.0053471867
18007,122,0.004578104
18007,123,0.0038562308
18007,124,0.003309858
18007,125,0.003007981
18007,126,0.0029863818
18007,127,0.0032899273
18007,128,0.0031954125
18007,129,0.0028263247
18007,130,0.0029157035
18007,131,0.002817979
18007,132,0.002490003
18007,133,0.0019862014
18007,134,0.0016369016
18007,135,0.0013328196
18007,136,0.0009904418
18007,137,0.00077568175
18007,138,0.00058046624
18007,139,0.00049385877
18007,140,0.00046036587
18007,141,0.00035700697
18007,142,0.0002513596
18007,143,0.00024523833
18007,144,0.0003335336
18007,145,0.00021804542
18007,146,0.00018298288
18007,147,0.00021464945
18007,148,0.00024335692
18007,149,0.00036279563
18007,150,0.0005994345
18007,151,0.000858305
18007,152,0.0008964119
18007,153,0.00092259404
18007,154,0.0009574265
18007,155,0.0009315842
18007,156,0.0010135161
18007,157,0.000773027
18007,158,0.00065767637
18007,159,0.0006206179
18007,160,0.0006142227
18007,161,0.000537966
18007,162,0.00034463019
18007,163,0.00025108585
18007,164,0.00023718772
18007,165,0.00015031922
18007,166,9.471358e-05
18007,167,8.092944e-05
18007,168,8.2984094e-05
18007,169,0.000101378275
18007,170,0.00011761746
18007,171,0.00012669429
18007,172,0.00019174739
18007,173,0.00029944142
18007,174,0.00039610284
18007,175,0.00032974023
18007,176,0.00040329638
18007,177,0.0005046146
18007,178,0.00049737765
18007,179,0.00047081884
18007,180,0.00042137396
18007,181,0.0003949194
18007,182,0.00036037536
18007,183,0.00029192487
18007,184,0.00025358514
18007,185,0.0002997954
18007,186,0.00033130057
18007,187,0.00029715837
18007,188,0.0003024987
18007,189,0.0003064975
18007,190,0.0003236522
18007,191,0.00017792254
18007,192,0.00016147831
18007,193,0.00015854956
18007,194,0.00011047777
18007,195,0.00011192779
18007,196,0.00012610904
18007,197,9.483638e-05
18007,198,7.743103e-05
18007,199,5.6609046e-05
18007,200,6.849058e-05
18007,201,6.327829e-05
18007,202,7.279755e-05
18007,203,5.9282556e-05
18007,204,6.127902e-05
18007,205,6.471444e-05
18007,206,8.7350476e-05
18007,207,0.0001017294
18007,208,0.00012113654
18007,209,9.2147915e-05
18007,210,8.512095e-05
18007,211,9.412638e-05
18007,212,0.00013062313
18007,213,0.0001611153
18007,214,0.00014331761
18007,215,0.00010314118
18011,73,0.0015731351
18011,74,0.000957128
18011,75,0.00081852643
18011,76,0.00059411215
18011,77,0.0005513896
18011,78,0.0005594776
18011,79,0.0005139905
18011,80,0.00042649682
18011,81,0.00020305374
18011,82,0.00011035811
18011,83,7.956761e-05
18011,84,4.2373253e-05
18011,85,3.4078093e-05
18011,86,9.871357e-06
18011,87,2.5223364e-05
18011,88,5.6847963e-05
18011,89,4.477533e-05
18011,90,5.4024047e-05
18011,91,6.5186934e-05
18011,92,2.6725567e-05
18011,93,1.0269647e-05
18011,94,4.587127e-06
18011,95,6.2970993e-09
18011,96,1.6290963e-06
18011,97,1.2956062e-06
18011,98,7.857352e-08
18011,99,6.973978e-08
18011,100,1.6416475e-08
18011,101,8.833659e-07
18011,102,1.2704737e-06
18011,103,3.5237477e-08
18011,104,3.055726e-08
18011,105,1.5498487e-06
18011,106,5.4828026e-05
18011,107,0.0003610525
18011,108,0.0008710026
18011,109,0.0009777196
18011,110,0.0011739538
18011,111,0.0014612807
18011,112,0.0016862287
18011,113,0.001536014
18011,114,0.0014292012
18011,115,0.0014661945
18011,116,0.0014839353
18011,117,0.0013452631
18011,118,0.0020624085
18011,119,0.0014391285
18011,120,0.0011948231
18011,121,0.0014365981
18011,122,0.0013333437
18011,123,0.0011086162
18011,124,0.00082515663
18011,125,0.00061573857
18011,126,0.0004730137
18011,127,0.00040577032
18011,128,0.0003818815
18011,129,0.00030110756
18011,130,0.00026691123
18011,131,0.00018918526
18011,132,0.00017022894
18011,133,0.00015896694
18011,134,0.000108580774
18011,135,4.6532135e-05
18011,136,4.5541026e-05
18011,137,3.111757e-05
18011,138,5.9811664e-05
18011,139,7.219481e-05
18011,140,6.430188e-05
18011,141,5.792801e-05
18011,142,4.3759806e-05
18011,143,3.158645e-05
18011,144,1.4857807e-05
18011,145,7.1048335e-06
18011,146,3.807814e-06
18011,147,1.385553e-06
18011,148,5.3937214e-07
18011,149,2.737408e-07
18011,150,2.5908753e-07
18011,151,9.3816175e-07
18011,152,1.2829764e-06
18011,153,1.0404582e-06
18011,154,9.768103e-06
18011,155,1.8100865e-05
18011,156,2.1027867e-05
18011,157,1.4182747e-05
18011,158,1.5018345e-05
18011,159,2.4736886e-05
18011,160,2.8447139e-05
18011,161,2.4680996e-05
18011,162,7.3037018e-06
18011,163,4.8542615e-06
18011,164,7.0112314e-06
18011,165,8.609677e-06
18011,166,4.8766324e-06
18011,167,5.234873e-07
18011,168,0.0
18011,169,0.0
18011,170,0.0
18011,171,0.0
18011,172,4.928268e-08
18011,173,3.689858e-08
18011,174,1.4608158e-09
18011,175,2.4041362e-13
18011,176,0.0
18011,177,0.0
18011,178,0.0
18011,179,0.0
18011,180,2.598604e-07
18011,181,8.922988e-08
18011,182,1.6743331e-07
18011,183,9.4583805e-07
18011,184,1.4001365e-06
18011,185,5.495105e-06
18011,186,1.4429899e-05
18011,187,1.7690425e-05
18011,188,2.2604394e-05
18011,189,2.5606687e-05
18011,190,3.321213e-05
18011,191,4.577375e-05
18011,192,4.4456465e-05
18011,193,7.503923e-05
18011,194,7.952657e-05
18011,195,0.00013014459
18011,196,0.00017622652
18011,197,0.00015054061
18011,198,0.00013461048
18011,199,9.3179595e-05
18011,200,5.1150048e-05
18011,201,3.4926285e-05
18011,202,2.1911685e-05
18011,203,1.3549146e-05
18011,204,1.1545366e-05
18011,205,5.3245826e-06
18011,206,5.2375462e-06
18011,207,4.582597e-05
18011,208,0.00013831044
18011,209,0.00020664709
18011,210,0.0002120298
18011,211,0.00018423455
18011,212,8.950132e-05
18011,213,6.8949834e-05
18011,214,6.0437767e-05
18011,215,3.5629346e-05
18015,73,0.0020373333
18015,74,0.0014351938
18015,75,0.00086599827
18015,76,0.0008391149
18015,77,0.00082285964
18015,78,0.0009913244
18015,79,0.0010456488
18015,80,0.0008872005
18015,81,0.00077279145
18015,82,0.0005355455
18015,83,0.00037160315
18015,84,0.00039995727
18015,85,0.00036935703
18015,86,0.0002341847
18015,87,0.000177865
18015,88,0.00023667981
18015,89,0.00019802012
18015,90,0.00020726824
18015,91,0.00027574904
18015,92,0.00018967496
18015,93,7.929706e-05
18015,94,4.650868e-05
18015,95,1.4309903e-05
18015,96,4.7220714e-05
18015,97,3.0501353e-05
18015,98,2.5836334e-05
18015,99,2.8226821e-05
18015,100,3.1594845e-05
18015,101,4.3040174e-05
18015,102,1.26565865e-05
18015,103,1.261424e-05
18015,104,4.019459e-05
18015,105,0.00032559122
18015,106,0.00057057623
18015,107,0.0010674258
18015,108,0.002131268
18015,109,0.0029004612
18015,110,0.002912414
18015,111,0.0030719629
18015,112,0.0030182705
18015,113,0.002723122
18015,114,0.003099337
18015,115,0.0034542694
18015,116,0.0035831034
18015,117,0.0032874856
18015,118,0.004097968
18015,119,0.0029488483
18015,120,0.0031058884
18015,121,0.002719666
18015,122,0.0022016575
18015,123,0.0019235127
18015,124,0.0016468439
18015,125,0.0012823269
18015,126,0.0010080943
18015,127,0.00069046894
18015,128,0.0005439585
18015,129,0.0003491361
18015,130,0.00021614828
18015,131,0.00012863093
18015,132,0.00011914819
18015,133,0.00011484746
18015,134,7.699774e-05
18015,135,2.976533e-05
18015,136,1.6035274e-05
18015,137,1.4273407e-05
18015,138,1.9902207e-05
18015,139,1.9724113e-05
18015,140,2.1173642e-05
18015,141,2.2997854e-05
18015,142,2.1089108e-05
18015,143,2.9187702e-05
18015,144,3.5128247e-05
18015,145,4.0582545e-05
18015,146,2.0208397e-05
18015,147,5.701022e-06
18015,148,8.745494e-06
18015,149,1.2252157e-05
18015,150,3.0131756e-05
18015,151,6.460993e-05
18015,152,0.0001264993
18015,153,0.00018749664
18015,154,0.0001834297
18015,155,0.0001449224
18015,156,0.00015583573
18015,157,0.00014432396
18015,158,0.00013811943
18015,159,0.00013104115
18015,160,0.00014317139
18015,161,0.00011985003
18015,162,0.00010626397
18015,163,0.00010648526
18015,164,0.00010458463
18015,165,8.440404e-05
18015,166,4.6318914e-05
18015,167,1.872999e-05
18015,168,1.3719621e-05
18015,169,1.6733105e-05
18015,170,1.7954108e-05
18015,171,1.7673234e-05
18015,172,8.844778e-06
18015,173,1.3506014e-05
18015,174,5.517409e-05
18015,175,9.092935e-05
18015,176,0.00011288033
18015,177,0.00017804025
18015,178,0.0001520358
18015,179,6.199557e-05
18015,180,2.2469381e-05
18015,181,1.3783775e-05
18015,182,1.6834867e-05
18015,183,1.4681435e-05
18015,184,2.8655733e-05
18015,185,5.5768058e-05
18015,186,7.4200456e-05
18015,187,0.000101791135
18015,188,0.00010555317
18015,189,0.00010796753
18015,190,0.000103947736
18015,191,0.000100013145
18015,192,0.000109354194
18015,193,0.00013552346
18015,194,9.567591e-05
18015,195,7.219111e-05
18015,196,5.60059e-05
18015,197,5.663689e-05
18015,198,5.693466e-05
18015,199,1.374717e-05
18015,200,1.2095314e-05
18015,201,2.0064203e-05
18015,202,2.2885633e-05
18015,203,3.051972e-05
18015,204,5.705764e-05
18015,205,3.967605e-05
18015,206,3.8519258e-05
18015,207,5.7903617e-05
18015,208,0.00015394445
18015,209,0.0002392036
18015,210,0.00035346078
18015,211,0.0002609613
18015,212,0.00015605091
18015,213,0.00016303199
18015,214,0.00019521241
18015,215,0.00020854337
18017,73,0.0013047974
18017,74,0.0007441352
18017,75,0.00046449585
18017,76,0.0004129604
18017,77,0.00028568757
18017,78,0.00037787601
18017,79,0.00030431853
18017,80,0.00024201289
18017,81,0.00023402109
18017,82,0.00018949634
18017,83,0.00014394335
18017,84,0.0001701046
18017,85,0.00016003437
18017,86,0.0001228224
18017,87,8.586845e-05
18017,88,0.00016412215
18017,89,0.00014118834
18017,90,0.0001162286
18017,91,0.00011290248
18017,92,7.8311954e-05
18017,93,4.088775e-05
18017,94,2.2831591e-05
18017,95,1.3145446e-05
18017,96,1.15339535e-05
18017,97,1.9555177e-06
18017,98,4.1407174e-07
18017,99,6.732399e-08
18017,100,5.5702134e-08
18017,101,2.1735207e-07
18017,102,0.0
18017,103,0.0
18017,104,1.4038189e-07
18017,105,2.6833268e-05
18017,106,8.6238935e-05
18017,107,0.00023960716
18017,108,0.0005910558
18017,109,0.00083347404
18017,110,0.00083008007
18017,111,0.0012512648
18017,112,0.001374536
18017,113,0.001439162
18017,114,0.0016260755
18017,115,0.001982899
18017,116,0.0018754494
18017,117,0.0016478996
18017,118,0.0019238092
18017,119,0.0013887985
18017,120,0.0013069307
18017,121,0.0014160769
18017,122,0.0012365908
18017,123,0.0010636398
18017,124,0.0008439388
18017,125,0.00061401667
18017,126,0.00044754837
18017,127,0.00032445136
18017,128,0.00026581594
18017,129,0.00021331882
18017,130,0.00017745035
18017,131,0.00014058698
18017,132,0.0001275703
18017,133,0.00012804366
18017,134,9.734502e-05
18017,135,5.9973667e-05
18017,136,3.811395e-05
18017,137,3.882585e-05
18017,138,2.5700841e-05
18017,139,2.5938143e-05
18017,140,2.769495e-05
18017,141,1.7297478e-05
18017,142,9.186889e-06
18017,143,4.332524e-06
18017,144,2.1790822e-06
18017,145,1.5142806e-06
18017,146,1.3814189e-06
18017,147,2.975639e-07
18017,148,3.3241627e-06
18017,149,7.643233e-06
18017,150,1.8962994e-05
18017,151,4.0537707e-05
18017,152,5.9096852e-05
18017,153,6.9307054e-05
18017,154,6.012128e-05
18017,155,4.5853034e-05
18017,156,5.9061604e-05
18017,157,6.218911e-05
18017,158,4.8222686e-05
18017,159,3.5393692e-05
18017,160,2.3601044e-05
18017,161,1.5886915e-05
18017,162,5.0496596e-06
18017,163,1.8453662e-06
18017,164,6.716223e-07
18017,165,2.895611e-07
18017,166,1.5035113e-07
18017,167,0.0
18017,168,0.0
18017,169,2.7366243e-09
18017,170,2.7045608e-08
18017,171,7.0693255e-07
18017,172,3.8421263e-07
18017,173,1.0597225e-06
18017,174,2.9509713e-06
18017,175,4.526964e-06
18017,176,5.8771448e-06
18017,177,1.3212105e-05
18017,178,1.2806937e-05
18017,179,7.211478e-06
18017,180,7.7148525e-06
18017,181,8.106897e-06
18017,182,9.690254e-06
18017,183,8.636264e-06
18017,184,1.2899636e-05
18017,185,3.354768e-05
18017,186,4.3713077e-05
18017,187,5.4745396e-05
18017,188,5.609935e-05
18017,189,4.8839054e-05
18017,190,4.4153952e-05
18017,191,3.895129e-05
18017,192,2.5397556e-05
18017,193,2.8148786e-05
18017,194,3.0026213e-05
18017,195,3.998594e-05
18017,196,3.80387e-05
18017,197,6.674077e-05
18017,198,4.517522e-05
18017,199,4.1995154e-05
18017,200,2.3236216e-05
18017,201,2.810192e-05
18017,202,3.0669366e-05
18017,203,5.0856615e-05
18017,204,5.1308925e-05
18017,205,4.0200423e-05
18017,206,4.776682e-05
18017,207,4.708096e-05
18017,208,7.640642e-05
18017,209,6.554907e-05
18017,210,5.283892e-05
18017,211,2.6337544e-05
18017,212,1.1384318e-05
18017,213,1.7023744e-05
18017,214,2.3297544e-05
18017,215,2.9824416e-05
18019,73,9.897062e-05
18019,74,7.674259e-06
18019,75,1.5579462e-06
18019,76,1.6418925e-06
18019,77,9.176414e-07
18019,78,4.9586595e-07
18019,79,1.533822e-05
18019,80,2.753146e-05
18019,81,1.6185222e-05
18019,82,2.018561e-05
18019,83,2.9205114e-05
18019,84,5.1066516e-05
18019,85,7.703641e-05
18019,86,0.00012385484
18019,87,0.0001465797
18019,88,0.0001574822
18019,89,0.0001360906
18019,90,4.3984935e-05
18019,91,1.6369926e-05
18019,92,4.855323e-06
18019,93,5.263336e-07
18019,94,0.0
18019,95,0.0
18019,96,3.702973e-08
18019,97,2.1403627e-11
18019,98,3.1491155e-08
18019,99,1.8963658e-07
18019,100,7.9892635e-07
18019,101,3.5102325e-06
18019,102,5.369988e-06
18019,103,1.1432017e-05
18019,104,3.289398e-05
18019,105,0.00032353916
18019,106,0.0008749557
18019,107,0.0019676357
18019,108,0.004521002
18019,109,0.0064233285
18019,110,0.006278753
18019,111,0.006165981
18019,112,0.0057085115
18019,113,0.005283812
18019,114,0.004750714
18019,115,0.0038251558
18019,116,0.0034413906
18019,117,0.003184692
18019,118,0.0030724106
18019,119,0.0029476068
18019,120,0.0037738327
18019,121,0.0038178118
18019,122,0.00408856
18019,123,0.004188024
18019,124,0.003831264
18019,125,0.0034375119
18019,126,0.0029455065
18019,127,0.0027573472
18019,128,0.002435165
18019,129,0.0019518308
18019,130,0.0016746728
18019,131,0.001534063
18019,132,0.000934247
18019,133,0.0005140046
18019,134,0.00036947418
18019,135,0.00029651876
18019,136,0.00022372244
18019,137,0.00017612675
18019,138,0.00017425939
18019,139,0.00014815795
18019,140,0.0001574303
18019,141,0.00016244056
18019,142,0.0001539162
18019,143,0.00015090582
18019,144,0.00013688192
18019,145,0.00012522005
18019,146,9.828208e-05
18019,147,8.824166e-05
18019,148,9.3605304e-05
18019,149,8.5400716e-05
18019,150,8.825039e-05
18019,151,0.00010307752
18019,152,6.803666e-05
18019,153,6.415087e-05
18019,154,5.3056887e-05
18019,155,3.2610576e-05
18019,156,1.632893e-05
18019,157,9.731522e-06
18019,158,1.5851303e-05
18019,159,3.994769e-05
18019,160,6.2015206e-05
18019,161,3.8179605e-05
18019,162,5.638042e-06
18019,163,1.2058646e-06
18019,164,0.0
18019,165,1.3283628e-06
18019,166,2.6719124e-06
18019,167,1.7187152e-06
18019,168,1.0343315e-06
18019,169,6.552163e-07
18019,170,2.9833438e-07
18019,171,1.14176665e-07
18019,172,5.96586e-08
18019,173,2.2857051e-07
18019,174,2.3277725e-07
18019,175,2.3056208e-07
18019,176,7.0571144e-07
18019,177,3.7783198e-06
18019,178,5.2811106e-06
18019,179,1.5786783e-05
18019,180,2.3168439e-05
18019,181,3.1205334e-05
18019,182,1.642425e-05
18019,183,1.914558e-05
18019,184,2.2761522e-05
18019,185,2.0732487e-05
18019,186,2.3076343e-05
18019,187,1.6486074e-05
18019,188,1.4150477e-05
18019,189,1.4438168e-05
18019,190,6.246373e-06
18019,191,1.5442522e-06
18019,192,0.0
18019,193,0.0
18019,194,0.0
18019,195,0.0
18019,196,0.0
18019,197,0.0
18019,198,0.0
18019,199,0.0
18019,200,0.0
18019,201,0.0
18019,202,0.0
18019,203,0.0
18019,204,0.0
18019,205,0.0
18019,206,7.929373e-07
18019,207,4.0022273e-06
18019,208,7.2167254e-06
18019,209,8.298764e-06
18019,210,1.21337835e-05
18019,211,5.8287546e-06
18019,212,3.1251475e-06
18019,213,3.041414e-06
18019,214,6.300391e-06
18019,215,4.8097227e-06
18021,73,0.00016872922
18021,74,3.360532e-06
18021,75,3.4030704e-06
18021,76,4.0724017e-06
18021,77,2.24372e-05
18021,78,2.6543572e-05
18021,79,4.967829e-05
18021,80,9.554594e-05
18021,81,8.001136e-05
18021,82,5.7918314e-05
18021,83,4.6997113e-05
18021,84,5.669343e-05
18021,85,9.805166e-05
18021,86,6.92877e-05
18021,87,4.9986375e-05
18021,88,3.0046667e-05
18021,89,5.3037762e-05
18021,90,4.4822365e-05
18021,91,4.4131422e-05
18021,92,3.1234395e-05
18021,93,2.1968734e-05
18021,94,1.9931176e-05
18021,95,1.9839892e-05
18021,96,3.5078785e-05
18021,97,3.553032e-05
18021,98,6.9262045e-05
18021,99,9.541403e-05
18021,100,0.00014746889
18021,101,0.00021909291
18021,102,0.00032000308
18021,103,0.0005551234
18021,104,0.0009747022
18021,105,0.001606436
18021,106,0.0030467573
18021,107,0.0056396807
18021,108,0.007599797
18021,109,0.010679659
18021,110,0.013909936
18021,111,0.015262404
18021,112,0.016129892
18021,113,0.015074228
18021,114,0.0144429775
18021,115,0.013070787
18021,116,0.010558291
18021,117,0.010254954
18021,118,0.011917339
18021,119,0.011720205
18021,120,0.012389341
18021,121,0.011436695
18021,122,0.010029133
18021,123,0.009100715
18021,124,0.0069377557
18021,125,0.0054899757
18021,126,0.0042585717
18021,127,0.0034177443
18021,128,0.0031287447
18021,129,0.0026695507
18021,130,0.0022919148
18021,131,0.0018704421
18021,132,0.001441767
18021,133,0.0010788594
18021,134,0.0006300025
18021,135,0.0004319777
18021,136,0.00035249602
18021,137,0.0002512254
18021,138,0.00026499352
18021,139,0.00020141779
18021,140,0.00015315285
18021,141,0.00017747744
18021,142,8.4125444e-05
18021,143,3.9687642e-05
18021,144,4.5518493e-05
18021,145,7.372115e-05
18021,146,0.00012955058
18021,147,0.00014474214
18021,148,0.00013418224
18021,149,0.00021682093
18021,150,0.00033881736
18021,151,0.0004129852
18021,152,0.0003588241
18021,153,0.0002876246
18021,154,0.00021436543
18021,155,0.0001659803
18021,156,0.0001266356
18021,157,7.9743564e-05
18021,158,8.3137646e-05
18021,159,0.00012506433
18021,160,0.0001877719
18021,161,0.000112365306
18021,162,6.662132e-05
18021,163,6.675767e-05
18021,164,6.979495e-05
18021,165,6.736943e-05
18021,166,2.540505e-05
18021,167,7.207142e-06
18021,168,5.4982124e-06
18021,169,4.2672627e-06
18021,170,3.1664545e-06
18021,171,2.7195201e-06
18021,172,4.0671976e-06
18021,173,2.0769214e-05
18021,174,3.525579e-05
18021,175,5.1313244e-05
18021,176,5.2585827e-05
18021,177,5.052572e-05
18021,178,0.00010149232
18021,179,0.00026798862
18021,180,0.0003589141
18021,181,0.00035773806
18021,182,0.0002633255
18021,183,0.00018517571
18021,184,0.00017711498
18021,185,0.00015851753
18021,186,0.00018340415
18021,187,0.00019518132
18021,188,0.00021613138
18021,189,0.00031285285
18021,190,0.00022224837
18021,191,0.00014607773
18021,192,0.0001063782
18021,193,0.00013634223
18021,194,7.356899e-05
18021,195,9.5117066e-05
18021,196,8.3311395e-05
18021,197,9.530682e-05
18021,198,7.656162e-05
18021,199,8.066983e-05
18021,200,5.5936925e-05
18021,201,3.4835095e-05
18021,202,2.8444985e-05
18021,203,4.2076445e-05
18021,204,7.421737e-05
18021,205,7.040413e-05
18021,206,7.733944e-05
18021,207,0.0001095433
18021,208,0.000107678476
18021,209,9.324557e-05
18021,210,8.308455e-05
18021,211,6.969607e-05
18021,212,8.899349e-05
18021,213,7.8547055e-05
18021,214,7.419595e-05
18021,215,2.3550465e-05
18031,73,0.0007348687
18031,74,0.0003506041
18031,75,0.00032648892
18031,76,0.00045197626
18031,77,0.00033564257
18031,78,0.00035314873
18031,79,0.0003545867
18031,80,0.00030115116
18031,81,0.00024224537
18031,82,0.00019622142
18031,83,0.00016952338
18031,84,0.00017642914
18031,85,0.00020304264
18031,86,0.00025522732
18031,87,0.0001258473
18031,88,0.00016385144
18031,89,0.0001737572
18031,90,0.00017564642
18031,91,0.00015620577
18031,92,0.00012262301
18031,93,0.00011923078
18031,94,0.00012858826
18031,95,0.00020809805
18031,96,0.00020335233
18031,97,0.00015016686
18031,98,9.166871e-05
18031,99,7.207306e-05
18031,100,7.3947434e-05
18031,101,9.032483e-05
18031,102,0.000104083876
18031,103,0.00015914625
18031,104,0.00017395196
18031,105,0.00023911665
18031,106,0.001006757
18031,107,0.0042403103
18031,108,0.009419079
18031,109,0.013446554
18031,110,0.0154541405
18031,111,0.016304048
18031,112,0.015163107
18031,113,0.014564528
18031,114,0.0135270795
18031,115,0.011751494
18031,116,0.008887152
18031,117,0.006916866
18031,118,0.005753132
18031,119,0.0055053164
18031,120,0.0068609957
18031,121,0.0069467705
18031,122,0.0077863694
18031,123,0.0076221353
18031,124,0.006384837
18031,125,0.0056988006
18031,126,0.004883981
18031,127,0.004291977
18031,128,0.003135064
18031,129,0.0022263385
18031,130,0.0016616284
18031,131,0.0011278606
18031,132,0.0007941902
18031,133,0.00054272567
18031,134,0.00032237626
18031,135,0.00019786289
18031,136,0.00013174198
18031,137,0.00010025504
18031,138,0.000109327615
18031,139,6.922107e-05
18031,140,0.000102985716
18031,141,8.1366656e-05
18031,142,0.00011588368
18031,143,0.00012242288
18031,144,0.0001387329
18031,145,0.00013349179
18031,146,0.0001394731
18031,147,0.00014236094
18031,148,0.0001268069
18031,149,8.527235e-05
18031,150,5.1223287e-05
18031,151,4.4729455e-05
18031,152,3.18225e-05
18031,153,1.7787102e-05
18031,154,1.5292677e-05
18031,155,1.8857516e-05
18031,156,2.9064164e-05
18031,157,6.18363e-05
18031,158,3.545478e-05
18031,159,1.9675135e-05
18031,160,1.350512e-05
18031,161,2.138428e-05
18031,162,2.2977574e-05
18031,163,1.1285871e-05
18031,164,2.5025502e-05
18031,165,3.5407145e-05
18031,166,3.2195618e-05
18031,167,1.3052146e-05
18031,168,5.917228e-06
18031,169,2.0706768e-06
18031,170,2.0770974e-06
18031,171,1.277998e-06
18031,172,2.193349e-06
18031,173,5.399741e-06
18031,174,3.5422054e-06
18031,175,6.0458406e-06
18031,176,1.5988015e-05
18031,177,2.704066e-05
18031,178,9.372378e-05
18031,179,0.0001593344
18031,180,0.00021800617
18031,181,0.00021780754
18031,182,0.00019116793
18031,183,9.879616e-05
18031,184,8.210442e-05
18031,185,6.033926e-05
18031,186,9.494749e-05
18031,187,0.00015404144
18031,188,0.000116107694
18031,189,0.000113225455
18031,190,0.000101894584
18031,191,0.00010263266
18031,192,0.00010255143
18031,193,0.00013487415
18031,194,0.00015049525
18031,195,0.00014880011
18031,196,0.00019000836
18031,197,0.0001898717
18031,198,0.00015283067
18031,199,0.00012416132
18031,200,0.00010163085
18031,201,6.744171e-05
18031,202,3.2105625e-05
18031,203,2.0660067e-05
18031,204,2.2712748e-05
18031,205,5.688101e-05
18031,206,4.219013e-05
18031,207,6.8906535e-05
18031,208,8.2872604e-05
18031,209,6.712084e-05
18031,210,7.161822e-05
18031,211,5.5415123e-05
18031,212,4.6958135e-05
18031,213,4.4208973e-05
18031,214,7.8370635e-05
18031,215,0.00010267603
18049,73,0.0019833075
18049,74,0.00096976873
18049,75,0.00079977256
18049,76,0.00078471645
18049,77,0.0009693802
18049,78,0.0011713841
18049,79,0.001086846
18049,80,0.0009863017
18049,81,0.00083549926
18049,82,0.0007029697
18049,83,0.00062741945
18049,84,0.00067122246
18049,85,0.0006127837
18049,86,0.00061765505
18049,87,0.00057480676
18049,88,0.00069050706
18049,89,0.0005723577
18049,90,0.00041050196
18049,91,0.00035124482
18049,92,0.00031721088
18049,93,0.00033468203
18049,94,0.00028496922
18049,95,0.00025358488
18049,96,0.00026695515
18049,97,0.00023745984
18049,98,0.0002108295
18049,99,0.000188812
18049,100,0.00017391628
18049,101,0.00016554137
18049,102,0.00012246452
18049,103,0.00012089245
18049,104,0.0001403105
18049,105,0.0002168349
18049,106,0.0003237472
18049,107,0.0005193898
18049,108,0.0009564888
18049,109,0.0017889845
18049,110,0.0033194486
18049,111,0.0056451033
18049,112,0.007256295
18049,113,0.008274018
18049,114,0.008915436
18049,115,0.0101633
18049,116,0.009784661
18049,117,0.009854997
18049,118,0.010278506
18049,119,0.010293787
18049,120,0.009609682
18049,121,0.009215362
18049,122,0.0080143
18049,123,0.0068737594
18049,124,0.0052908333
18049,125,0.004011143
18049,126,0.003097825
18049,127,0.0024160496
18049,128,0.0018263817
18049,129,0.0015780687
18049,130,0.0013356344
18049,131,0.0010951785
18049,132,0.0010264848
18049,133,0.0010731289
18049,134,0.0009265531
18049,135,0.0006168669
18049,136,0.00037603488
18049,137,0.00019953508
18049,138,0.00014604155
18049,139,0.00015045152
18049,140,0.00016413376
18049,141,0.00016815892
18049,142,0.00019936988
18049,143,0.00019573339
18049,144,0.00021963718
18049,145,0.00024941092
18049,146,0.00028349017
18049,147,0.00039319132
18049,148,0.0006366832
18049,149,0.00087639096
18049,150,0.0010225571
18049,151,0.0011285087
18049,152,0.0011359773
18049,153,0.0009994864
18049,154,0.00074410817
18049,155,0.00052130496
18049,156,0.00037957812
18049,157,0.00028770164
18049,158,0.00019231829
18049,159,0.00015706531
18049,160,0.00011026553
18049,161,8.15756e-05
18049,162,6.725026e-05
18049,163,5.1137886e-05
18049,164,4.5438974e-05
18049,165,3.5157296e-05
18049,166,4.1387088e-05
18049,167,3.6569294e-05
18049,168,4.294475e-05
18049,169,6.152323e-05
18049,170,5.3732903e-05
18049,171,7.287697e-05
18049,172,8.305922e-05
18049,173,0.000120990975
18049,174,0.00017897403
18049,175,0.00018167784
18049,176,0.00022642367
18049,177,0.00037088018
18049,178,0.00046955186
18049,179,0.0004546674
18049,180,0.0004237683
18049,181,0.00031095737
18049,182,0.0002581386
18049,183,0.00016966334
18049,184,0.00011967362
18049,185,0.00018299067
18049,186,0.00022485373
18049,187,0.00016975767
18049,188,0.000121894256
18049,189,7.905105e-05
18049,190,7.146761e-05
18049,191,6.894753e-05
18049,192,9.1418864e-05
18049,193,0.000104845436
18049,194,9.4810304e-05
18049,195,0.00011632108
18049,196,0.00018660234
18049,197,0.000112168294
18049,198,0.00015451194
18049,199,8.199907e-05
18049,200,3.769388e-05
18049,201,3.6177884e-05
18049,202,4.3983106e-05
18049,203,6.965411e-05
18049,204,7.012256e-05
18049,205,6.493704e-05
18049,206,6.9995374e-05
18049,207,5.929697e-05
18049,208,8.262231e-05
18049,209,8.247581e-05
18049,210,8.847791e-05
18049,211,4.6499452e-05
18049,212,3.4735618e-05
18049,213,3.869722e-05
18049,214,9.427755e-05
18049,215,0.00013167193
18053,73,0.009575585
18053,74,0.008449545
18053,75,0.0075367875
18053,76,0.0072811716
18053,77,0.007272768
18053,78,0.006800151
18053,79,0.0058488916
18053,80,0.0051081614
18053,81,0.0046319603
18053,82,0.003892989
18053,83,0.0030277378
18053,84,0.002558776
18053,85,0.002240151
18053,86,0.0019635514
18053,87,0.0015070243
18053,88,0.0013660194
18053,89,0.0011926631
18053,90,0.0009626284
18053,91,0.00074986345
18053,92,0.000674559
18053,93,0.0004892572
18053,94,0.0003297969
18053,95,0.00027201674
18053,96,0.0001386467
18053,97,7.189302e-05
18053,98,5.5259137e-05
18053,99,3.2862325e-05
18053,100,2.1199095e-05
18053,101,2.0696521e-05
18053,102,1.6906355e-05
18053,103,2.953018e-05
18053,104,3.492332e-05
18053,105,7.304337e-05
18053,106,0.00040306328
18053,107,0.0015837129
18053,108,0.002417553
18053,109,0.0030336073
18053,110,0.0032965569
18053,111,0.00316515
18053,112,0.0033336177
18053,113,0.0032979855
18053,114,0.0027229763
18053,115,0.002508102
18053,116,0.0021816106
18053,117,0.0019147946
18053,118,0.0017105478
18053,119,0.0016501758
18053,120,0.0016092003
18053,121,0.0011905755
18053,122,0.0015894057
18053,123,0.0014683353
18053,124,0.001246573
18053,125,0.0010621682
18053,126,0.0008014022
18053,127,0.0006342876
18053,128,0.0003593034
18053,129,0.00021101808
18053,130,0.00016940216
18053,131,0.0001298866
18053,132,8.597248e-05
18053,133,6.411007e-05
18053,134,5.7353973e-05
18053,135,6.4557964e-05
18053,136,4.132653e-05
18053,137,3.332858e-05
18053,138,4.0414016e-05
18053,139,3.8630027e-05
18053,140,3.5639583e-05
18053,141,3.327282e-05
18053,142,2.8100563e-05
18053,143,1.585252e-05
18053,144,1.408373e-05
18053,145,7.770898e-06
18053,146,4.748393e-06
18053,147,1.6313782e-06
18053,148,5.563882e-07
18053,149,8.6167034e-07
18053,150,7.01904e-07
18053,151,9.305331e-07
18053,152,6.164414e-07
18053,153,2.021507e-06
18053,154,2.463521e-06
18053,155,3.7584998e-06
18053,156,5.312009e-06
18053,157,5.4132224e-06
18053,158,7.438552e-06
18053,159,6.4910464e-06
18053,160,5.6509098e-06
18053,161,4.6019363e-06
18053,162,4.1992507e-06
18053,163,8.098062e-06
18053,164,3.336616e-05
18053,165,3.8852984e-05
18053,166,4.046464e-05
18053,167,3.562227e-05
18053,168,2.5673684e-05
18053,169,2.1333479e-05
18053,170,1.2126445e-05
18053,171,6.2589115e-06
18053,172,6.7411324e-06
18053,173,6.7065594e-06
18053,174,7.100971e-06
18053,175,7.1934955e-06
18053,176,1.3802553e-05
18053,177,9.557875e-06
18053,178,7.015472e-06
18053,179,2.4608569e-06
18053,180,3.39278e-07
18053,181,4.836616e-08
18053,182,1.7983187e-07
18053,183,3.9924697e-07
18053,184,2.8444737e-07
18053,185,1.7313896e-07
18053,186,3.54533e-07
18053,187,3.7960576e-06
18053,188,6.7162487e-06
18053,189,6.792191e-06
18053,190,4.9879372e-06
18053,191,5.2906876e-06
18053,192,4.633876e-06
18053,193,2.0673447e-06
18053,194,2.1392595e-06
18053,195,8.463431e-06
18053,196,2.2860875e-05
18053,197,2.6070613e-05
18053,198,4.1630337e-05
18053,199,3.800629e-05
18053,200,1.3984493e-05
18053,201,2.0370344e-06
18053,202,9.261785e-07
18053,203,1.0857027e-06
18053,204,6.3224293e-06
18053,205,1.1252138e-05
18053,206,6.446864e-06
18053,207,3.2054609e-06
18053,208,4.7564586e-06
18053,209,1.6288252e-05
18053,210,3.6413483e-05
18053,211,2.6514504e-05
18053,212,2.8138991e-05
18053,213,1.5095892e-05
18053,214,1.0754299e-05
18053,215,9.897726e-06
18055,73,4.858364e-05
18055,74,0.0
18055,75,0.0
18055,76,2.4764418e-08
18055,77,3.7085488e-07
18055,78,5.273898e-07
18055,79,3.7941857e-06
18055,80,5.9804734e-05
18055,81,0.00011846666
18055,82,0.0001416459
18055,83,0.00013761468
18055,84,0.00016046813
18055,85,0.00020966232
18055,86,0.00014574539
18055,87,0.00017039066
18055,88,0.00019469378
18055,89,0.00019457618
18055,90,0.00022707388
18055,91,0.0001935605
18055,92,0.00013742481
18055,93,0.00012983107
18055,94,0.00013349295
18055,95,0.0001229655
18055,96,0.000121180856
18055,97,0.00011591687
18055,98,0.00012929991
18055,99,0.00014728658
18055,100,0.00018927481
18055,101,0.0002527631
18055,102,0.00038173224
18055,103,0.000694211
18055,104,0.0011810448
18055,105,0.002106698
18055,106,0.004460972
18055,107,0.0072262543
18055,108,0.010338814
18055,109,0.015955726
18055,110,0.019926138
18055,111,0.021823442
18055,112,0.023016034
18055,113,0.02098031
18055,114,0.018840974
18055,115,0.0150244245
18055,116,0.011824215
18055,117,0.011202958
18055,118,0.012526168
18055,119,0.012529551
18055,120,0.012385714
18055,121,0.011555417
18055,122,0.010434128
18055,123,0.009832047
18055,124,0.0074464004
18055,125,0.005849566
18055,126,0.004390722
18055,127,0.003609718
18055,128,0.003714467
18055,129,0.0036849054
18055,130,0.0032727623
18055,131,0.0027289835
18055,132,0.0024619985
18055,133,0.0023450588
18055,134,0.002076269
18055,135,0.0016943743
18055,136,0.0014501194
18055,137,0.0013368379
18055,138,0.001214911
18055,139,0.0010017825
18055,140,0.00074166706
18055,141,0.0006299998
18055,142,0.00033491608
18055,143,0.00021568745
18055,144,0.00016437178
18055,145,0.00016902777
18055,146,0.00022491341
18055,147,0.00024886086
18055,148,0.00027300746
18055,149,0.0004955238
18055,150,0.00083117717
18055,151,0.0010363639
18055,152,0.0009609613
18055,153,0.00083480484
18055,154,0.0006588633
18055,155,0.0004985274
18055,156,0.00031176963
18055,157,0.0001627217
18055,158,0.00012029309
18055,159,0.00011039369
18055,160,0.00012991302
18055,161,8.4421576e-05
18055,162,4.3552867e-05
18055,163,3.451917e-05
18055,164,2.7190876e-05
18055,165,4.9934923e-05
18055,166,6.850494e-06
18055,167,3.1420025e-06
18055,168,3.3186493e-06
18055,169,8.2242224e-07
18055,170,4.8423743e-07
18055,171,6.3595735e-07
18055,172,1.8628815e-06
18055,173,1.3643463e-05
18055,174,2.0684118e-05
18055,175,2.9877505e-05
18055,176,5.0682975e-05
18055,177,7.767083e-05
18055,178,0.00064619427
18055,179,0.0012724219
18055,180,0.0017617724
18055,181,0.0032923964
18055,182,0.003861768
18055,183,0.0032185195
18055,184,0.0027085594
18055,185,0.0019780442
18055,186,0.0013971133
18055,187,0.00095193496
18055,188,0.000446527
18055,189,0.00030039766
18055,190,0.00018798735
18055,191,0.00011513772
18055,192,7.236441e-05
18055,193,6.475462e-05
18055,194,3.733695e-05
18055,195,3.218431e-05
18055,196,4.8138943e-05
18055,197,5.6962614e-05
18055,198,4.2988002e-05
18055,199,2.3826042e-05
18055,200,9.429083e-06
18055,201,1.0265208e-05
18055,202,2.7238755e-05
18055,203,7.040547e-05
18055,204,0.00010717209
18055,205,0.00010562242
18055,206,0.00012779792
18055,207,0.00015372243
18055,208,0.00017029002
18055,209,0.00015497509
18055,210,0.00012063861
18055,211,0.0001070514
18055,212,0.00012286029
18055,213,0.00011274866
18055,214,8.881807e-05
18055,215,6.942146e-05
18057,73,0.0038448297
18057,74,0.002668216
18057,75,0.002207908
18057,76,0.0019866126
18057,77,0.0016082918
18057,78,0.0012752258
18057,79,0.0012280698
18057,80,0.001135075
18057,81,0.0007130424
18057,82,0.0004426359
18057,83,0.00025930756
18057,84,0.00017588297
18057,85,0.00015371747
18057,86,0.000110036504
18057,87,9.407104e-05
18057,88,0.0001297786
18057,89,0.0001236343
18057,90,9.378968e-05
18057,91,0.00010139749
18057,92,7.648928e-05
18057,93,6.6955494e-05
18057,94,4.754096e-05
18057,95,3.538197e-05
18057,96,3.3295863e-05
18057,97,2.7232521e-05
18057,98,1.573009e-05
18057,99,1.10343835e-05
18057,100,8.476915e-06
18057,101,1.2502477e-05
18057,102,1.3237869e-05
18057,103,1.1927997e-05
18057,104,1.23242235e-05
18057,105,1.3277508e-05
18057,106,5.135509e-05
18057,107,0.00029297668
18057,108,0.0006992553
18057,109,0.0009384346
18057,110,0.0011045166
18057,111,0.0012124903
18057,112,0.0013346062
18057,113,0.0011993563
18057,114,0.0010329906
18057,115,0.0009207883
18057,116,0.0008521884
18057,117,0.00073856197
18057,118,0.0010001892
18057,119,0.0008575148
18057,120,0.0006194401
18057,121,0.0005081165
18057,122,0.0007024223
18057,123,0.0006567628
18057,124,0.00055870024
18057,125,0.0004949635
18057,126,0.00042482855
18057,127,0.00036171678
18057,128,0.00029945254
18057,129,0.0002515953
18057,130,0.00021243488
18057,131,0.00017476785
18057,132,0.00015949938
18057,133,0.0001520111
18057,134,0.00013022874
18057,135,9.269386e-05
18057,136,8.806379e-05
18057,137,7.8442135e-05
18057,138,0.00011171278
18057,139,0.00013864618
18057,140,0.00012521261
18057,141,0.00012325804
18057,142,9.797331e-05
18057,143,7.273106e-05
18057,144,4.319469e-05
18057,145,3.1032636e-05
18057,146,2.634629e-05
18057,147,1.9161444e-05
18057,148,1.3035094e-05
18057,149,1.0799669e-05
18057,150,7.750281e-06
18057,151,7.911659e-06
18057,152,2.0613e-06
18057,153,3.1195205e-07
18057,154,1.7336826e-07
18057,155,1.3219092e-06
18057,156,6.263526e-07
18057,157,3.1714964e-07
18057,158,8.820815e-07
18057,159,1.7762202e-06
18057,160,1.7851694e-06
18057,161,2.0926448e-06
18057,162,9.473465e-07
18057,163,6.979499e-07
18057,164,1.2592513e-06
18057,165,2.562336e-07
18057,166,0.0
18057,167,0.0
18057,168,0.0
18057,169,0.0
18057,170,0.0
18057,171,0.0
18057,172,0.0
18057,173,0.0
18057,174,0.0
18057,175,0.0
18057,176,0.0
18057,177,0.0
18057,178,0.0
18057,179,0.0
18057,180,0.0
18057,181,0.0
18057,182,0.0
18057,183,0.0
18057,184,4.6774034e-08
18057,185,6.861663e-07
18057,186,1.1125004e-06
18057,187,1.4719581e-06
18057,188,4.0203363e-06
18057,189,4.9597024e-06
18057,190,5.6552167e-06
18057,191,5.144671e-06
18057,192,8.041506e-07
18057,193,1.5609996e-06
18057,194,1.8940382e-06
18057,195,3.2096789e-06
18057,196,1.0808191e-05
18057,197,1.5203458e-06
18057,198,5.6486206e-06
18057,199,2.3149275e-06
18057,200,1.8213545e-07
18057,201,3.9078702e-07
18057,202,2.4533603e-07
18057,203,3.8302016e-07
18057,204,4.332529e-07
18057,205,6.244003e-07
18057,206,9.735635e-07
18057,207,1.2446969e-05
18057,208,3.1612937e-05
18057,209,5.670007e-05
18057,210,6.0828053e-05
18057,211,5.373582e-05
18057,212,4.4509616e-05
18057,213,4.5713237e-05
18057,214,5.31333e-05
18057,215,4.92195e-05
18063,73,0.0017517774
18063,74,0.000978035
18063,75,0.00075152173
18063,76,0.0005483201
18063,77,0.00057690305
18063,78,0.00057909713
18063,79,0.00031338667
18063,80,0.00019214221
18063,81,8.9623e-05
18063,82,6.692882e-05
18063,83,6.89886e-05
18063,84,7.114705e-05
18063,85,5.911229e-05
18063,86,1.5942815e-05
18063,87,2.9947785e-05
18063,88,4.5459416e-05
18063,89,2.0690997e-05
18063,90,1.49299585e-05
18063,91,1.5885966e-05
18063,92,1.0531932e-05
18063,93,1.79347e-05
18063,94,1.1675814e-05
18063,95,3.372077e-06
18063,96,2.7594892e-06
18063,97,2.6084083e-06
18063,98,7.5938243e-07
18063,99,8.992935e-08
18063,100,2.3554575e-08
18063,101,3.0970253e-07
18063,102,5.041997e-07
18063,103,0.0
18063,104,0.0
18063,105,1.2254366e-06
18063,106,4.6831952e-05
18063,107,0.0006705426
18063,108,0.0012838568
18063,109,0.0019718148
18063,110,0.0029310063
18063,111,0.0031529001
18063,112,0.0034865558
18063,113,0.003371152
18063,114,0.0031516214
18063,115,0.0027502018
18063,116,0.002527873
18063,117,0.0022662615
18063,118,0.0028282085
18063,119,0.002402202
18063,120,0.0019850158
18063,121,0.0023862415
18063,122,0.0020658423
18063,123,0.0017136891
18063,124,0.0015187312
18063,125,0.0012683197
18063,126,0.001091827
18063,127,0.00093912636
18063,128,0.0008309979
18063,129,0.00072981947
18063,130,0.00056982326
18063,131,0.00042279993
18063,132,0.00036433863
18063,133,0.00024467873
18063,134,0.00015987385
18063,135,0.00011421297
18063,136,8.584949e-05
18063,137,4.8889462e-05
18063,138,5.937641e-05
18063,139,3.864408e-05
18063,140,3.231043e-05
18063,141,3.3770193e-05
18063,142,2.9285386e-05
18063,143,2.440959e-05
18063,144,1.1897434e-05
18063,145,9.358392e-06
18063,146,8.763859e-06
18063,147,6.42323e-06
18063,148,3.142828e-06
18063,149,2.5297459e-06
18063,150,1.8682953e-06
18063,151,1.3116461e-06
18063,152,6.1544773e-07
18063,153,1.1366443e-06
18063,154,5.3722857e-08
18063,155,0.0
18063,156,0.0
18063,157,0.0
18063,158,9.16594e-09
18063,159,1.6816806e-06
18063,160,4.7530607e-06
18063,161,6.7159535e-06
18063,162,4.5052363e-07
18063,163,0.0
18063,164,0.0
18063,165,0.0
18063,166,0.0
18063,167,0.0
18063,168,0.0
18063,169,0.0
18063,170,0.0
18063,171,0.0
18063,172,0.0
18063,173,0.0
18063,174,0.0
18063,175,0.0
18063,176,0.0
18063,177,0.0
18063,178,0.0
18063,179,7.5794794e-08
18063,180,1.9512297e-10
18063,181,0.0
18063,182,0.0
18063,183,7.758523e-08
18063,184,6.6302294e-07
18063,185,1.1119267e-06
18063,186,2.00347e-06
18063,187,1.6428473e-06
18063,188,5.234883e-06
18063,189,5.7353195e-06
18063,190,4.9720775e-06
18063,191,7.3532337e-06
18063,192,2.1020924e-06
18063,193,6.124048e-06
18063,194,5.927858e-06
18063,195,1.1963004e-05
18063,196,1.0450446e-05
18063,197,1.872068e-06
18063,198,1.4731461e-07
18063,199,0.0
18063,200,0.0
18063,201,1.0962062e-07
18063,202,6.352194e-07
18063,203,1.358331e-06
18063,204,1.0541155e-06
18063,205,4.0437646e-07
18063,206,2.2148906e-06
18063,207,2.4957166e-05
18063,208,5.0989194e-05
18063,209,4.9888906e-05
18063,210,4.7713922e-05
18063,211,4.0401326e-05
18063,212,2.8728064e-05
18063,213,2.1626309e-05
18063,214,1.3614548e-05
18063,215,2.532658e-06
18075,73,0.005915749
18075,74,0.004899463
18075,75,0.004826708
18075,76,0.0043708775
18075,77,0.0040095495
18075,78,0.0036779405
18075,79,0.0034898892
18075,80,0.0031321081
18075,81,0.0024934304
18075,82,0.0019081162
18075,83,0.0013536309
18075,84,0.0010009763
18075,85,0.00079305336
18075,86,0.000651017
18075,87,0.0003976048
18075,88,0.00036286225
18075,89,0.0002763738
18075,90,0.00019809963
18075,91,0.00015919052
18075,92,0.00020025524
18075,93,0.00016473094
18075,94,9.6763804e-05
18075,95,9.741754e-05
18075,96,6.55584e-05
18075,97,3.5385372e-05
18075,98,3.57691e-05
18075,99,2.275108e-05
18075,100,1.9382527e-05
18075,101,1.7598335e-05
18075,102,1.7174749e-05
18075,103,3.2984008e-05
18075,104,6.7480985e-05
18075,105,0.00012507194
18075,106,0.00028160503
18075,107,0.0019414384
18075,108,0.0033124995
18075,109,0.004241282
18075,110,0.003996039
18075,111,0.0041087507
18075,112,0.003988075
18075,113,0.0038301363
18075,114,0.0038073137
18075,115,0.0039470294
18075,116,0.0038932026
18075,117,0.003548542
18075,118,0.002688767
18075,119,0.0023726674
18075,120,0.0027134581
18075,121,0.0030926762
18075,122,0.0036105386
18075,123,0.0033800413
18075,124,0.0033547822
18075,125,0.0029786176
18075,126,0.0020762125
18075,127,0.001539431
18075,128,0.00086592534
18075,129,0.00053557934
18075,130,0.0006314168
18075,131,0.0005184687
18075,132,0.0003904235
18075,133,0.00032019202
18075,134,0.00031561442
18075,135,0.00032904142
18075,136,0.00022311037
18075,137,0.00017558371
18075,138,0.00017407503
18075,139,0.00021773987
18075,140,0.00021909116
18075,141,0.00016159778
18075,142,0.000100761645
18075,143,5.457667e-05
18075,144,4.734037e-05
18075,145,3.6783957e-05
18075,146,2.2938892e-05
18075,147,1.454893e-05
18075,148,1.0249655e-05
18075,149,1.13128e-05
18075,150,1.041569e-05
18075,151,1.1438713e-05
18075,152,1.7204564e-05
18075,153,2.843876e-05
18075,154,4.285659e-05
18075,155,4.8183076e-05
18075,156,5.0449322e-05
18075,157,3.3548797e-05
18075,158,3.1951797e-05
18075,159,2.4133644e-05
18075,160,2.3742237e-05
18075,161,2.5098003e-05
18075,162,1.9221312e-05
18075,163,1.3432174e-05
18075,164,1.4726576e-05
18075,165,2.6060872e-05
18075,166,3.9674735e-05
18075,167,3.4545323e-05
18075,168,3.0968775e-05
18075,169,2.1573394e-05
18075,170,1.6043829e-05
18075,171,1.2273884e-05
18075,172,1.3086678e-05
18075,173,2.4449828e-05
18075,174,3.3862038e-05
18075,175,5.8123376e-05
18075,176,4.739499e-05
18075,177,3.8325634e-05
18075,178,1.934723e-05
18075,179,7.772884e-06
18075,180,8.41603e-07
18075,181,5.7232e-07
18075,182,4.4934248e-07
18075,183,3.971954e-07
18075,184,9.430106e-08
18075,185,1.9343099e-07
18075,186,6.2328786e-07
18075,187,3.85197e-07
18075,188,4.07684e-06
18075,189,3.7609798e-06
18075,190,1.8810334e-06
18075,191,1.8333462e-06
18075,192,5.8506175e-06
18075,193,5.6128774e-06
18075,194,1.4848026e-05
18075,195,7.392336e-05
18075,196,8.632382e-05
18075,197,7.967873e-05
18075,198,0.00010782414
18075,199,7.795053e-05
18075,200,9.582784e-05
18075,201,6.352587e-05
18075,202,4.1827076e-05
18075,203,4.125228e-05
18075,204,3.3541266e-05
18075,205,4.7327103e-05
18075,206,3.1810414e-05
18075,207,2.0652687e-05
18075,208,1.2534921e-05
18075,209,3.0242913e-05
18075,210,5.69315e-05
18075,211,8.281818e-05
18075,212,3.9702387e-05
18075,213,1.9442992e-05
18075,214,1.5276215e-06
18075,215,4.301824e-07
18079,73,9.4765135e-05
18079,74,1.7850582e-05
18079,75,1.7699002e-05
18079,76,7.646184e-06
18079,77,2.8789174e-05
18079,78,7.315949e-05
18079,79,0.00011803102
18079,80,0.00016924871
18079,81,0.00019323561
18079,82,0.00020322057
18079,83,0.00021449891
18079,84,0.00021698713
18079,85,0.00023513817
18079,86,0.00026323466
18079,87,0.000187394
18079,88,0.00016445288
18079,89,0.00014877226
18079,90,0.00012200963
18079,91,9.64634e-05
18079,92,8.533467e-05
18079,93,9.789202e-05
18079,94,0.00011178412
18079,95,0.00015079827
18079,96,0.00036209528
18079,97,0.00042412098
18079,98,0.00044033275
18079,99,0.00050473644
18079,100,0.00063389353
18079,101,0.0008202254
18079,102,0.00078751094
18079,103,0.0008353844
18079,104,0.00088811107
18079,105,0.0009698964
18079,106,0.0020816557
18079,107,0.007696669
18079,108,0.018788807
18079,109,0.027849872
18079,110,0.031425618
18079,111,0.032303683
18079,112,0.029633388
18079,113,0.026715813
18079,114,0.021897469
18079,115,0.016864344
18079,116,0.012561056
18079,117,0.010324011
18079,118,0.00982054
18079,119,0.01106231
18079,120,0.014814248
18079,121,0.016093932
18079,122,0.01835906
18079,123,0.017570553
18079,124,0.015057329
18079,125,0.013226415
18079,126,0.0116336895
18079,127,0.010295867
18079,128,0.008721217
18079,129,0.0071279192
18079,130,0.0061228555
18079,131,0.0050207167
18079,132,0.003412859
18079,133,0.0022991432
18079,134,0.0016487949
18079,135,0.0012810582
18079,136,0.0010001934
18079,137,0.0007336697
18079,138,0.00055613276
18079,139,0.00040319833
18079,140,0.00034503502
18079,141,0.000279472
18079,142,0.00028128034
18079,143,0.0003000034
18079,144,0.00031549798
18079,145,0.00030379745
18079,146,0.00034240057
18079,147,0.00041488468
18079,148,0.0004151768
18079,149,0.00040206377
18079,150,0.00032657635
18079,151,0.00041581344
18079,152,0.00041670084
18079,153,0.00036227505
18079,154,0.0002769982
18079,155,0.00025678438
18079,156,0.00021293416
18079,157,0.00018954767
18079,158,0.00013416923
18079,159,9.888526e-05
18079,160,8.604729e-05
18079,161,7.130501e-05
18079,162,5.5707897e-05
18079,163,1.3185249e-05
18079,164,2.6233878e-05
18079,165,5.3269978e-05
18079,166,2.3674404e-05
18079,167,5.110262e-06
18079,168,1.7600136e-06
18079,169,7.3295996e-07
18079,170,2.5392606e-07
18079,171,1.8992352e-10
18079,172,0.0
18079,173,2.858511e-07
18079,174,1.2644124e-06
18079,175,8.692805e-06
18079,176,1.9463738e-05
18079,177,7.783485e-05
18079,178,0.00032108548
18079,179,0.00052426633
18079,180,0.00066267274
18079,181,0.0006022352
18079,182,0.0005791566
18079,183,0.00042419453
18079,184,0.0003691499
18079,185,0.00029545836
18079,186,0.00031180677
18079,187,0.00031268952
18079,188,0.00018781603
18079,189,0.00017307614
18079,190,0.00014824349
18079,191,0.0001223021
18079,192,0.000110504814
18079,193,0.000107161875
18079,194,6.979063e-05
18079,195,8.117171e-05
18079,196,0.00012928755
18079,197,0.0001406427
18079,198,0.00011917103
18079,199,0.000121584635
18079,200,0.00014266343
18079,201,0.00014385575
18079,202,0.000102269536
18079,203,8.855517e-05
18079,204,0.00012484554
18079,205,0.000102488215
18079,206,8.4994994e-05
18079,207,0.000132139
18079,208,0.00014608863
18079,209,0.00011795893
18079,210,0.00010792925
18079,211,6.953828e-05
18079,212,5.2650623e-05
18079,213,4.7435184e-05
18079,214,8.435075e-05
18079,215,0.00012724094
18081,73,0.0008387598
18081,74,0.00035053559
18081,75,0.00021034479
18081,76,0.00021312704
18081,77,0.00019150494
18081,78,0.00014202048
18081,79,8.580235e-05
18081,80,6.230829e-05
18081,81,4.0314346e-05
18081,82,4.2389995e-05
18081,83,4.8861235e-05
18081,84,6.469924e-05
18081,85,8.475463e-05
18081,86,7.555081e-05
18081,87,0.000102034894
18081,88,0.00014887829
18081,89,0.00010468525
18081,90,6.123448e-05
18081,91,3.1022922e-05
18081,92,1.2150848e-05
18081,93,1.12351445e-05
18081,94,7.668095e-06
18081,95,4.9178884e-06
18081,96,1.197365e-06
18081,97,1.0787012e-06
18081,98,2.864893e-07
18081,99,1.5076179e-07
18081,100,5.107644e-08
18081,101,1.4346141e-09
18081,102,0.0
18081,103,0.0
18081,104,0.0
18081,105,7.385505e-07
18081,106,8.440174e-05
18081,107,0.0016253394
18081,108,0.0030345013
18081,109,0.004162936
18081,110,0.0046768724
18081,111,0.0045632604
18081,112,0.004586122
18081,113,0.0047652517
18081,114,0.004565345
18081,115,0.0037087156
18081,116,0.0034024594
18081,117,0.0030748395
18081,118,0.003310785
18081,119,0.0034877362
18081,120,0.0037100974
18081,121,0.0040745987
18081,122,0.003803033
18081,123,0.0033422175
18081,124,0.003107323
18081,125,0.002903985
18081,126,0.0027899065
18081,127,0.0023173227
18081,128,0.0020422635
18081,129,0.0016643818
18081,130,0.0013401629
18081,131,0.0010124036
18081,132,0.00076044
18081,133,0.0005158719
18081,134,0.0003262939
18081,135,0.00026307738
18081,136,0.00019279351
18081,137,0.00017774338
18081,138,0.00015176674
18081,139,0.00013497651
18081,140,0.00013066479
18081,141,0.00013124874
18081,142,8.853113e-05
18081,143,8.820852e-05
18081,144,9.1234644e-05
18081,145,8.6331296e-05
18081,146,8.2400154e-05
18081,147,7.845941e-05
18081,148,7.7846766e-05
18081,149,6.845235e-05
18081,150,4.9946444e-05
18081,151,3.634946e-05
18081,152,2.0610916e-05
18081,153,1.0077807e-05
18081,154,5.3300664e-06
18081,155,2.6377818e-06
18081,156,3.37103e-06
18081,157,8.50544e-06
18081,158,7.652089e-06
18081,159,5.3276863e-06
18081,160,6.717127e-06
18081,161,3.4235209e-06
18081,162,1.1050606e-06
18081,163,1.3232998e-06
18081,164,9.654576e-07
18081,165,8.662402e-07
18081,166,1.3958935e-06
18081,167,2.2139084e-06
18081,168,7.9454935e-07
18081,169,1.743854e-07
18081,170,9.724255e-08
18081,171,5.554732e-07
18081,172,1.6306252e-06
18081,173,3.8879157e-06
18081,174,2.546975e-06
18081,175,1.3134671e-06
18081,176,4.5577383e-07
18081,177,4.6237867e-07
18081,178,5.0426723e-07
18081,179,2.5967768e-06
18081,180,3.5895603e-06
18081,181,2.1815424e-06
18081,182,2.9731432e-06
18081,183,2.9634905e-06
18081,184,4.717748e-06
18081,185,5.9107033e-06
18081,186,1.2081716e-05
18081,187,1.23488335e-05
18081,188,3.4991679e-06
18081,189,4.8582405e-07
18081,190,5.1885834e-08
18081,191,1.5168167e-08
18081,192,0.0
18081,193,5.01128e-09
18081,194,5.6503184e-09
18081,195,3.9405823e-08
18081,196,2.2326248e-07
18081,197,7.1580275e-09
18081,198,0.0
18081,199,0.0
18081,200,0.0
18081,201,0.0
18081,202,0.0
18081,203,3.9464769e-07
18081,204,3.752731e-06
18081,205,2.4018123e-06
18081,206,1.8608011e-06
18081,207,2.6198792e-05
18081,208,4.5062712e-05
18081,209,4.016876e-05
18081,210,2.546045e-05
18081,211,2.2424141e-05
18081,212,1.3583215e-05
18081,213,7.085546e-06
18081,214,2.7252922e-06
18081,215,2.4684255e-06
18115,73,9.3275936e-05
18115,74,3.6833296e-06
18115,75,5.9409854e-06
18115,76,1.6232076e-05
18115,77,1.3217414e-05
18115,78,6.248977e-05
18115,79,4.5851426e-05
18115,80,5.715715e-05
18115,81,5.23683e-05
18115,82,4.3382883e-05
18115,83,3.9816885e-05
18115,84,4.0410687e-05
18115,85,4.302082e-05
18115,86,5.5827495e-05
18115,87,4.909723e-05
18115,88,4.1833275e-05
18115,89,3.3016007e-05
18115,90,3.1504445e-05
18115,91,3.7031445e-05
18115,92,2.3124023e-05
18115,93,2.8360217e-05
18115,94,4.205056e-05
18115,95,4.906493e-05
18115,96,7.131716e-05
18115,97,0.00011956458
18115,98,0.00010269704
18115,99,0.00010411442
18115,100,0.00010256118
18115,101,0.00010465284
18115,102,7.758835e-05
18115,103,7.206608e-05
18115,104,8.138756e-05
18115,105,0.00012238085
18115,106,0.00043181193
18115,107,0.0015434165
18115,108,0.003023084
18115,109,0.0041567967
18115,110,0.0045555327
18115,111,0.0043665757
18115,112,0.0038261402
18115,113,0.0036381707
18115,114,0.0034008038
18115,115,0.0025821284
18115,116,0.0023206144
18115,117,0.0019229461
18115,118,0.0019311832
18115,119,0.0019476557
18115,120,0.0021819228
18115,121,0.0034519704
18115,122,0.004786862
18115,123,0.005915827
18115,124,0.0060242303
18115,125,0.0059071146
18115,126,0.00483866
18115,127,0.004495504
18115,128,0.0042816782
18115,129,0.0035808138
18115,130,0.0033073071
18115,131,0.0030101696
18115,132,0.002911101
18115,133,0.0025103148
18115,134,0.0024080137
18115,135,0.0023126097
18115,136,0.002186361
18115,137,0.0017943762
18115,138,0.0015327628
18115,139,0.0010764581
18115,140,0.00081688596
18115,141,0.00070508523
18115,142,0.0008438728
18115,143,0.00081482343
18115,144,0.00078146794
18115,145,0.00076188723
18115,146,0.0007543271
18115,147,0.0008875078
18115,148,0.0010187064
18115,149,0.0012529008
18115,150,0.0013898144
18115,151,0.0013814468
18115,152,0.0013641618
18115,153,0.0012687036
18115,154,0.0011022055
18115,155,0.0010136429
18115,156,0.0009224003
18115,157,0.0009096297
18115,158,0.000860534
18115,159,0.0008003448
18115,160,0.0006881053
18115,161,0.0005582421
18115,162,0.00051376363
18115,163,0.0004347025
18115,164,0.00046905468
18115,165,0.0003917912
18115,166,0.00031537606
18115,167,0.00016577584
18115,168,0.00015740165
18115,169,9.612984e-05
18115,170,5.719734e-05
18115,171,3.9747745e-05
18115,172,3.443958e-05
18115,173,5.0106006e-05
18115,174,7.7827106e-05
18115,175,9.423301e-05
18115,176,0.0001231498
18115,177,0.0001341114
18115,178,0.0001530755
18115,179,0.00018605975
18115,180,0.00014955737
18115,181,0.00015057441
18115,182,0.00022628269
18115,183,0.00021841707
18115,184,0.00019940344
18115,185,0.00019721003
18115,186,0.00016567843
18115,187,0.00020190701
18115,188,0.00024576666
18115,189,0.00018822783
18115,190,0.00015993392
18115,191,0.00012929649
18115,192,0.00010571532
18115,193,0.00013092793
18115,194,0.00011936632
18115,195,0.00012510654
18115,196,0.00016315859
18115,197,0.00016213555
18115,198,0.00017364205
18115,199,0.00018404817
18115,200,0.0001788512
18115,201,0.00014919264
18115,202,9.1315305e-05
18115,203,7.3154435e-05
18115,204,8.495298e-05
18115,205,7.388249e-05
18115,206,9.943861e-05
18115,207,0.0002166833
18115,208,0.0003284627
18115,209,0.00034776382
18115,210,0.0003402097
18115,211,0.00014958202
18115,212,6.617166e-05
18115,213,5.3006355e-05
18115,214,4.499679e-05
18115,215,3.656456e-05
18119,73,0.0004193433
18119,74,1.8002092e-05
18119,75,9.548963e-06
18119,76,1.3958308e-05
18119,77,4.4110137e-05
18119,78,7.9677695e-05
18119,79,0.00012863017
18119,80,0.00021095214
18119,81,0.00021160461
18119,82,0.00021431348
18119,83,0.00020134203
18119,84,0.0002465765
18119,85,0.0003214045
18119,86,0.00014302423
18119,87,0.000116673335
18119,88,9.174947e-05
18119,89,0.00011203059
18119,90,0.000110772584
18119,91,6.163787e-05
18119,92,4.379528e-05
18119,93,3.8938084e-05
18119,94,2.9083993e-05
18119,95,2.6476597e-05
18119,96,4.1595496e-05
18119,97,3.2939457e-05
18119,98,4.411304e-05
18119,99,5.996513e-05
18119,100,8.044303e-05
18119,101,0.000106701205
18119,102,0.00021746373
18119,103,0.00049144326
18119,104,0.0010135961
18119,105,0.0030818554
18119,106,0.006344305
18119,107,0.010885304
18119,108,0.015212339
18119,109,0.02370301
18119,110,0.032254115
18119,111,0.03736375
18119,112,0.041176457
18119,113,0.041668564
18119,114,0.03958093
18119,115,0.03580552
18119,116,0.031526066
18119,117,0.026894238
18119,118,0.030034179
18119,119,0.029151449
18119,120,0.029468365
18119,121,0.029409323
18119,122,0.02696441
18119,123,0.025313681
18119,124,0.02210336
18119,125,0.019239496
18119,126,0.016316967
18119,127,0.0140601685
18119,128,0.012646431
18119,129,0.011094526
18119,130,0.009701593
18119,131,0.008172605
18119,132,0.0065906863
18119,133,0.004982354
18119,134,0.0037502004
18119,135,0.00277257
18119,136,0.0023582287
18119,137,0.002020602
18119,138,0.0018031859
18119,139,0.001484202
18119,140,0.0011195289
18119,141,0.0009798361
18119,142,0.0005057568
18119,143,0.00031544868
18119,144,0.0003091823
18119,145,0.00037248788
18119,146,0.0005083971
18119,147,0.0005758528
18119,148,0.0006136693
18119,149,0.0007909335
18119,150,0.0010064951
18119,151,0.0011461426
18119,152,0.0010363727
18119,153,0.0010981282
18119,154,0.0010376958
18119,155,0.0008757218
18119,156,0.0006841836
18119,157,0.0004914651
18119,158,0.00040263656
18119,159,0.0003591761
18119,160,0.00027295476
18119,161,0.00016116811
18119,162,6.6700966e-05
18119,163,4.9909908e-05
18119,164,5.9957336e-05
18119,165,3.6671594e-05
18119,166,7.1965624e-06
18119,167,3.7608088e-06
18119,168,8.194489e-06
18119,169,2.281156e-06
18119,170,1.9582635e-06
18119,171,3.32813e-06
18119,172,7.1034774e-06
18119,173,3.1798343e-05
18119,174,7.951335e-05
18119,175,0.0001470801
18119,176,0.00016150964
18119,177,0.0002092084
18119,178,0.00030555984
18119,179,0.00046233964
18119,180,0.0018158782
18119,181,0.0025396477
18119,182,0.002279248
18119,183,0.0017841996
18119,184,0.0014388986
18119,185,0.00114479
18119,186,0.0009171825
18119,187,0.0008190838
18119,188,0.00051625905
18119,189,0.00046620544
18119,190,0.00030827985
18119,191,0.00025031014
18119,192,0.00015255745
18119,193,0.00019527013
18119,194,0.00011281292
18119,195,9.647274e-05
18119,196,0.00011333523
18119,197,0.000112339156
18119,198,7.063385e-05
18119,199,5.2306415e-05
18119,200,4.9686125e-05
18119,201,4.1598316e-05
18119,202,8.756972e-05
18119,203,0.00013224005
18119,204,0.00017501632
18119,205,0.0001776553
18119,206,0.00020958738
18119,207,0.00031312983
18119,208,0.0003449063
18119,209,0.00027768774
18119,210,0.00018649058
18119,211,0.00011798326
18119,212,0.0001287303
18119,213,0.00013530598
18119,214,0.00014712573
18119,215,0.00010008913
39001,73,0.00045158382
39001,74,3.273364e-05
39001,75,1.9322531e-05
39001,76,2.9926636e-05
39001,77,3.3988807e-05
39001,78,4.3673488e-05
39001,79,8.514304e-05
39001,80,0.00020674684
39001,81,0.00023826226
39001,82,0.00021615512
39001,83,0.00024023993
39001,84,0.00026182333
39001,85,0.00023181975
39001,86,0.00029944227
39001,87,0.00036530767
39001,88,0.0003444018
39001,89,0.00019522669
39001,90,0.00019553376
39001,91,0.0002115351
39001,92,0.00022829257
39001,93,0.00021341717
39001,94,0.00019442124
39001,95,0.00015272843
39001,96,0.00011682105
39001,97,8.891267e-05
39001,98,7.9801e-05
39001,99,7.0834176e-05
39001,100,7.2522744e-05
39001,101,6.7955516e-05
39001,102,7.212574e-05
39001,103,8.469135e-05
39001,104,0.000105486055
39001,105,0.00029282077
39001,106,0.00077369245
39001,107,0.0014977187
39001,108,0.0029635
39001,109,0.004454796
39001,110,0.0050933417
39001,111,0.006214383
39001,112,0.0058628493
39001,113,0.005254447
39001,114,0.0046878685
39001,115,0.004010098
39001,116,0.0035148505
39001,117,0.002547724
39001,118,0.001960974
39001,119,0.0015419998
39001,120,0.0012861651
39001,121,0.0011408025
39001,122,0.0011181042
39001,123,0.0017165834
39001,124,0.0018572266
39001,125,0.0026238838
39001,126,0.0026803073
39001,127,0.002715778
39001,128,0.0024687366
39001,129,0.002032149
39001,130,0.0017142721
39001,131,0.0014323294
39001,132,0.0010777353
39001,133,0.00075819134
39001,134,0.00050565763
39001,135,0.00040240024
39001,136,0.0006078002
39001,137,0.0006906495
39001,138,0.0007521693
39001,139,0.0007098421
39001,140,0.00048608388
39001,141,0.00030580105
39001,142,0.00020141606
39001,143,0.00019558461
39001,144,0.00015025822
39001,145,0.00010783515
39001,146,0.000115477815
39001,147,0.00011584755
39001,148,0.00013392203
39001,149,0.00015222355
39001,150,0.0001482868
39001,151,0.00012554853
39001,152,0.000115429655
39001,153,0.00013559622
39001,154,0.00014813793
39001,155,0.00018712925
39001,156,0.0002272101
39001,157,0.00020679833
39001,158,0.00019320278
39001,159,0.0002010962
39001,160,0.00020149376
39001,161,0.00018038457
39001,162,0.00013468054
39001,163,8.681257e-05
39001,164,4.6412755e-05
39001,165,6.842602e-05
39001,166,0.00015941304
39001,167,0.00015890399
39001,168,0.000105989166
39001,169,5.3239964e-05
39001,170,6.233743e-05
39001,171,8.949175e-05
39001,172,9.471884e-05
39001,173,9.912257e-05
39001,174,0.00010933693
39001,175,0.00014178692
39001,176,0.00019844974
39001,177,0.00023741847
39001,178,0.00023530955
39001,179,0.0002537927
39001,180,0.00019539807
39001,181,0.0001283293
39001,182,0.00013631045
39001,183,0.00011252206
39001,184,0.00011787027
39001,185,8.6563596e-05
39001,186,0.000108531036
39001,187,8.206865e-05
39001,188,5.21089e-05
39001,189,5.542431e-05
39001,190,6.49919e-05
39001,191,9.3737755e-05
39001,192,6.056989e-05
39001,193,5.0123068e-05
39001,194,6.0444385e-05
39001,195,7.16589e-05
39001,196,8.617484e-05
39001,197,9.882516e-05
39001,198,9.559241e-05
39001,199,9.603889e-05
39001,200,7.491899e-05
39001,201,0.00011241961
39001,202,0.00014966316
39001,203,0.00016664116
39001,204,0.00017115063
39001,205,0.00013958159
39001,206,0.00012321792
39001,207,0.00012051671
39001,208,0.00015232488
39001,209,0.00016521884
39001,210,0.00012744004
39001,211,0.000104054954
39001,212,6.9454334e-05
39001,213,4.063907e-05
39001,214,2.5244139e-05
39001,215,1.1277777e-05
39003,73,0.037426516
39003,74,0.037184555
39003,75,0.03647991
39003,76,0.0368732
39003,77,0.037036363
39003,78,0.03680714
39003,79,0.036006525
39003,80,0.034667104
39003,81,0.03415553
39003,82,0.033194616
39003,83,0.03097954
39003,84,0.029208567
39003,85,0.02682978
39003,86,0.02352777
39003,87,0.019850401
39003,88,0.01640565
39003,89,0.0137785105
39003,90,0.011690107
39003,91,0.010249411
39003,92,0.009620684
39003,93,0.008364706
39003,94,0.0070139114
39003,95,0.0058871373
39003,96,0.0052123517
39003,97,0.004823271
39003,98,0.0043074656
39003,99,0.0038598487
39003,100,0.0035436465
39003,101,0.0032961243
39003,102,0.0032435653
39003,103,0.0032531864
39003,104,0.003503656
39003,105,0.004110947
39003,106,0.003997889
39003,107,0.004018342
39003,108,0.004362257
39003,109,0.0048111854
39003,110,0.004807833
39003,111,0.0047856257
39003,112,0.0041762865
39003,113,0.0037581674
39003,114,0.003743902
39003,115,0.0029916954
39003,116,0.0028800503
39003,117,0.0025733116
39003,118,0.0022453666
39003,119,0.0020901551
39003,120,0.002227792
39003,121,0.0023758153
39003,122,0.0027368257
39003,123,0.002794196
39003,124,0.002806308
39003,125,0.0027960595
39003,126,0.0026060268
39003,127,0.0023968075
39003,128,0.0021773227
39003,129,0.0019694054
39003,130,0.0017623192
39003,131,0.0015042098
39003,132,0.0013808035
39003,133,0.0012881664
39003,134,0.001139102
39003,135,0.0009150725
39003,136,0.00077412353
39003,137,0.00063441077
39003,138,0.0005997753
39003,139,0.00054610014
39003,140,0.0004632107
39003,141,0.00035198574
39003,142,0.00032244396
39003,143,0.0003123739
39003,144,0.00030217497
39003,145,0.00027292772
39003,146,0.00020361332
39003,147,0.00014760696
39003,148,0.00012933885
39003,149,0.00018266504
39003,150,0.00019596236
39003,151,0.00039363492
39003,152,0.00026234324
39003,153,0.00017004872
39003,154,0.00014376006
39003,155,0.00014297567
39003,156,8.2076665e-05
39003,157,6.4856395e-05
39003,158,5.9985407e-05
39003,159,5.8625377e-05
39003,160,6.506462e-05
39003,161,5.6814333e-05
39003,162,3.3348926e-05
39003,163,1.8923081e-05
39003,164,2.7229395e-05
39003,165,2.60672e-05
39003,166,2.9921142e-05
39003,167,3.437438e-05
39003,168,3.0207175e-05
39003,169,2.9513596e-05
39003,170,2.0854366e-05
39003,171,1.7881961e-05
39003,172,1.692641e-05
39003,173,1.7863642e-05
39003,174,2.1748816e-05
39003,175,2.5698051e-05
39003,176,3.225033e-05
39003,177,2.6190859e-05
39003,178,2.3547635e-05
39003,179,2.8304084e-05
39003,180,3.1077383e-05
39003,181,3.0493333e-05
39003,182,2.9548377e-05
39003,183,2.6449628e-05
39003,184,3.0625823e-05
39003,185,2.1095007e-05
39003,186,1.3164855e-05
39003,187,5.827421e-06
39003,188,1.0468802e-05
39003,189,1.3033323e-05
39003,190,6.6960597e-06
39003,191,6.346978e-06
39003,192,5.1212396e-06
39003,193,7.0825654e-06
39003,194,6.20761e-06
39003,195,9.690972e-06
39003,196,1.341658e-05
39003,197,1.8000208e-05
39003,198,3.7057445e-05
39003,199,1.3288525e-05
39003,200,1.6698916e-05
39003,201,3.6236794e-05
39003,202,2.7305678e-05
39003,203,6.112685e-05
39003,204,7.536231e-05
39003,205,9.663444e-05
39003,206,7.631694e-05
39003,207,0.00010120014
39003,208,6.427721e-05
39003,209,3.5202822e-05
39003,210,1.9942532e-05
39003,211,2.8222445e-05
39003,212,3.3475506e-05
39003,213,2.5991241e-05
39003,214,2.0696485e-05
39003,215,2.1919135e-05
39005,73,0.099248715
39005,74,0.095466
39005,75,0.0927732
39005,76,0.09164765
39005,77,0.08944717
39005,78,0.086790025
39005,79,0.0838931
39005,80,0.08056328
39005,81,0.07763185
39005,82,0.07478765
39005,83,0.07167032
39005,84,0.067770846
39005,85,0.06462941
39005,86,0.061131362
39005,87,0.057592645
39005,88,0.05336744
39005,89,0.04718511
39005,90,0.040687565
39005,91,0.035497677
39005,92,0.031872947
39005,93,0.029454872
39005,94,0.027016228
39005,95,0.026751826
39005,96,0.02580233
39005,97,0.024500355
39005,98,0.023831485
39005,99,0.02297209
39005,100,0.023006527
39005,101,0.023039168
39005,102,0.023413993
39005,103,0.022747397
39005,104,0.021035202
39005,105,0.02076079
39005,106,0.021985345
39005,107,0.02136328
39005,108,0.020886533
39005,109,0.020616878
39005,110,0.021123972
39005,111,0.020409497
39005,112,0.020740423
39005,113,0.018915514
39005,114,0.017022952
39005,115,0.016120382
39005,116,0.014606021
39005,117,0.0128250895
39005,118,0.011401448
39005,119,0.010354693
39005,120,0.010480733
39005,121,0.010285632
39005,122,0.0102552185
39005,123,0.011145268
39005,124,0.012963673
39005,125,0.014059057
39005,126,0.015057377
39005,127,0.017464997
39005,128,0.016201774
39005,129,0.015848048
39005,130,0.014284139
39005,131,0.012488173
39005,132,0.011799717
39005,133,0.00958358
39005,134,0.0081084035
39005,135,0.007408144
39005,136,0.0063773175
39005,137,0.005646258
39005,138,0.0044944356
39005,139,0.0035910285
39005,140,0.0031087955
39005,141,0.0026376639
39005,142,0.0021242613
39005,143,0.0016775755
39005,144,0.0015010979
39005,145,0.0013819166
39005,146,0.0013555817
39005,147,0.0014319308
39005,148,0.0014189384
39005,149,0.0015781454
39005,150,0.001682626
39005,151,0.0017247977
39005,152,0.001591955
39005,153,0.0016060305
39005,154,0.0014413325
39005,155,0.001326287
39005,156,0.0011214166
39005,157,0.0009165457
39005,158,0.000612073
39005,159,0.00047822268
39005,160,0.00046476052
39005,161,0.00038693578
39005,162,0.0002424755
39005,163,0.0002622815
39005,164,0.0001884496
39005,165,0.00017162984
39005,166,0.000120893295
39005,167,8.13792e-05
39005,168,8.543949e-05
39005,169,0.00010347753
39005,170,0.000112282345
39005,171,0.00010542282
39005,172,9.965504e-05
39005,173,9.493472e-05
39005,174,0.000101401136
39005,175,8.481691e-05
39005,176,8.7019864e-05
39005,177,0.000118941476
39005,178,0.00010627959
39005,179,6.8518486e-05
39005,180,6.1015704e-05
39005,181,4.552677e-05
39005,182,2.3693705e-05
39005,183,1.4773611e-05
39005,184,1.8995653e-06
39005,185,8.131068e-08
39005,186,0.0
39005,187,0.0
39005,188,0.0
39005,189,0.0
39005,190,0.0
39005,191,0.0
39005,192,0.0
39005,193,0.0
39005,194,0.0
39005,195,0.0
39005,196,2.2210947e-06
39005,197,1.2233147e-05
39005,198,2.4970826e-05
39005,199,2.0857395e-05
39005,200,2.621329e-05
39005,201,4.3556098e-05
39005,202,6.967463e-05
39005,203,7.644729e-05
39005,204,8.3366154e-05
39005,205,6.300772e-05
39005,206,5.540859e-05
39005,207,4.7784364e-05
39005,208,4.1166502e-05
39005,209,2.0666945e-05
39005,210,1.6629947e-05
39005,211,1.0066278e-06
39005,212,0.0
39005,213,0.0
39005,214,0.0
39005,215,1.4700345e-08
39007,73,0.05415275
39007,74,0.058266357
39007,75,0.05643107
39007,76,0.051782534
39007,77,0.048284
39007,78,0.04486196
39007,79,0.0410705
39007,80,0.03799347
39007,81,0.034943897
39007,82,0.031856224
39007,83,0.02911193
39007,84,0.025925787
39007,85,0.023347098
39007,86,0.021012781
39007,87,0.018705172
39007,88,0.016444858
39007,89,0.013995572
39007,90,0.013107806
39007,91,0.012029983
39007,92,0.011298966
39007,93,0.010402459
39007,94,0.009369947
39007,95,0.008756357
39007,96,0.0084519675
39007,97,0.007914942
39007,98,0.0072660446
39007,99,0.0066744564
39007,100,0.006836891
39007,101,0.0062686782
39007,102,0.00570713
39007,103,0.0054436065
39007,104,0.0050443537
39007,105,0.0053411652
39007,106,0.0054086484
39007,107,0.005225495
39007,108,0.0050324453
39007,109,0.0055168183
39007,110,0.005540051
39007,111,0.0066541946
39007,112,0.007483649
39007,113,0.0075706476
39007,114,0.007402398
39007,115,0.0070788506
39007,116,0.007046457
39007,117,0.0068772673
39007,118,0.00634679
39007,119,0.006144008
39007,120,0.0064411755
39007,121,0.0061623775
39007,122,0.0060222503
39007,123,0.0058905017
39007,124,0.0058360584
39007,125,0.0057120747
39007,126,0.005777619
39007,127,0.0052595325
39007,128,0.00514743
39007,129,0.0052981013
39007,130,0.0056738146
39007,131,0.004819517
39007,132,0.0042089275
39007,133,0.0032668593
39007,134,0.0027644858
39007,135,0.0021676915
39007,136,0.0018679787
39007,137,0.0017403533
39007,138,0.0015508579
39007,139,0.0016273762
39007,140,0.0017200364
39007,141,0.0014492455
39007,142,0.0010846409
39007,143,0.000995573
39007,144,0.0008205538
39007,145,0.00078887126
39007,146,0.000956674
39007,147,0.0010414326
39007,148,0.0010411592
39007,149,0.0009644122
39007,150,0.0010707466
39007,151,0.0011253888
39007,152,0.0008980655
39007,153,0.0008451403
39007,154,0.0009326193
39007,155,0.0008233366
39007,156,0.000774062
39007,157,0.00065040705
39007,158,0.0005401203
39007,159,0.00053432386
39007,160,0.00033717352
39007,161,0.00026079692
39007,162,0.00025662803
39007,163,0.00015951075
39007,164,0.0001248382
39007,165,8.2501574e-05
39007,166,7.6301054e-05
39007,167,7.327876e-05
39007,168,0.00020059156
39007,169,0.00024123701
39007,170,0.00025499694
39007,171,0.00025882327
39007,172,0.0002451721
39007,173,0.00018715305
39007,174,0.000103287675
39007,175,6.573011e-05
39007,176,5.703609e-05
39007,177,5.17221e-05
39007,178,7.7240744e-05
39007,179,9.0935035e-05
39007,180,0.000107906504
39007,181,0.00010568016
39007,182,9.879093e-05
39007,183,7.0282586e-05
39007,184,5.2831365e-05
39007,185,4.4158478e-05
39007,186,3.5372133e-05
39007,187,1.3840623e-05
39007,188,1.5763882e-05
39007,189,1.2196928e-05
39007,190,8.55634e-06
39007,191,6.8409295e-06
39007,192,5.59073e-06
39007,193,6.7074056e-06
39007,194,1.187297e-05
39007,195,1.39172735e-05
39007,196,1.2702875e-05
39007,197,1.3929866e-05
39007,198,1.8314984e-05
39007,199,2.3643917e-05
39007,200,3.2346692e-05
39007,201,3.090734e-05
39007,202,3.6169466e-05
39007,203,4.9078648e-05
39007,204,4.855605e-05
39007,205,3.6197038e-05
39007,206,2.4834908e-05
39007,207,2.7218874e-05
39007,208,1.29078735e-05
39007,209,1.0674311e-05
39007,210,1.7715662e-05
39007,211,3.500113e-05
39007,212,4.9659917e-05
39007,213,5.0073337e-05
39007,214,3.7398426e-05
39007,215,4.145228e-05
39009,73,0.0062544663
39009,74,0.003659213
39009,75,0.002784098
39009,76,0.0024760254
39009,77,0.0025199575
39009,78,0.0027259716
39009,79,0.0031961147
39009,80,0.00369382
39009,81,0.0037536577
39009,82,0.0039062654
39009,83,0.003695178
39009,84,0.0037473773
39009,85,0.0039885677
39009,86,0.0038576177
39009,87,0.003473743
39009,88,0.0026978808
39009,89,0.001811633
39009,90,0.0013414946
39009,91,0.0010982857
39009,92,0.00088247994
39009,93,0.0007157331
39009,94,0.0005202394
39009,95,0.00039842667
39009,96,0.00034857306
39009,97,0.00030866556
39009,98,0.00028817973
39009,99,0.00024164015
39009,100,0.00025473433
39009,101,0.00030135072
39009,102,0.00028796165
39009,103,0.00029165566
39009,104,0.00034600374
39009,105,0.00051126396
39009,106,0.00080832385
39009,107,0.0009832678
39009,108,0.0012296344
39009,109,0.001701098
39009,110,0.0020818778
39009,111,0.0019490325
39009,112,0.0021418734
39009,113,0.002311676
39009,114,0.0020859109
39009,115,0.0016746314
39009,116,0.0017518891
39009,117,0.0019131397
39009,118,0.0017815488
39009,119,0.0018677663
39009,120,0.0018540148
39009,121,0.0017965158
39009,122,0.0015308353
39009,123,0.0013236607
39009,124,0.0016662065
39009,125,0.0027587847
39009,126,0.0030886128
39009,127,0.0031712004
39009,128,0.0034344376
39009,129,0.0037586452
39009,130,0.0039446466
39009,131,0.0033964133
39009,132,0.0025114832
39009,133,0.0017937053
39009,134,0.0013403569
39009,135,0.0013752776
39009,136,0.0015166386
39009,137,0.0022469705
39009,138,0.003784602
39009,139,0.004697882
39009,140,0.004320617
39009,141,0.003491806
39009,142,0.0024588227
39009,143,0.0017576977
39009,144,0.0012204645
39009,145,0.0008552604
39009,146,0.0006641478
39009,147,0.000593802
39009,148,0.00055939064
39009,149,0.0005760269
39009,150,0.0006425851
39009,151,0.0007905669
39009,152,0.00067845307
39009,153,0.000703502
39009,154,0.0007310267
39009,155,0.000612199
39009,156,0.00050173997
39009,157,0.0003729561
39009,158,0.00027140274
39009,159,0.00018619528
39009,160,0.00016260779
39009,161,0.00015357492
39009,162,8.684264e-05
39009,163,5.8015532e-05
39009,164,6.376324e-05
39009,165,0.00010923609
39009,166,0.00015177975
39009,167,0.00015295815
39009,168,0.00019360677
39009,169,0.0004227427
39009,170,0.00027398803
39009,171,0.00030538123
39009,172,0.0003182072
39009,173,0.0002973833
39009,174,0.0003095219
39009,175,0.00033584502
39009,176,0.00040176394
39009,177,0.00039828275
39009,178,0.00035553865
39009,179,0.00030594497
39009,180,0.00027441487
39009,181,0.00025847091
39009,182,0.000252379
39009,183,0.00022977313
39009,184,0.00018573778
39009,185,0.0001383896
39009,186,0.00015009538
39009,187,7.6321085e-05
39009,188,4.109393e-05
39009,189,2.5008998e-05
39009,190,1.6565235e-05
39009,191,8.942254e-06
39009,192,4.908259e-06
39009,193,7.685678e-06
39009,194,1.2651588e-05
39009,195,2.3838957e-05
39009,196,4.679006e-05
39009,197,6.263448e-05
39009,198,9.3037204e-05
39009,199,0.00010448694
39009,200,0.0002163961
39009,201,0.00031969068
39009,202,0.00030982133
39009,203,0.00021953767
39009,204,0.0002060608
39009,205,0.00016731634
39009,206,0.000113421425
39009,207,0.000114347946
39009,208,7.983744e-05
39009,209,6.863123e-05
39009,210,6.163753e-05
39009,211,3.1088573e-05
39009,212,3.2952605e-05
39009,213,2.9684528e-05
39009,214,9.152061e-06
39009,215,2.0290336e-05
39011,73,0.026198657
39011,74,0.023298766
39011,75,0.02184345
39011,76,0.02184426
39011,77,0.02183263
39011,78,0.02144365
39011,79,0.020699946
39011,80,0.020470593
39011,81,0.021252796
39011,82,0.02125803
39011,83,0.019716635
39011,84,0.017803429
39011,85,0.01570178
39011,86,0.013437534
39011,87,0.011539018
39011,88,0.009414471
39011,89,0.0080606155
39011,90,0.006922421
39011,91,0.0057769
39011,92,0.0053519327
39011,93,0.0048921225
39011,94,0.0042055063
39011,95,0.0035487637
39011,96,0.003269538
39011,97,0.0031877568
39011,98,0.0027124425
39011,99,0.002397154
39011,100,0.0021758014
39011,101,0.0020173548
39011,102,0.0019240197
39011,103,0.0020335363
39011,104,0.0022038142
39011,105,0.0023540964
39011,106,0.002226907
39011,107,0.0025546998
39011,108,0.002859649
39011,109,0.003722841
39011,110,0.0037160264
39011,111,0.003969276
39011,112,0.0036119428
39011,113,0.0033806753
39011,114,0.0032875491
39011,115,0.0025778913
39011,116,0.0024000574
39011,117,0.002229361
39011,118,0.0017940737
39011,119,0.0015711518
39011,120,0.0017497863
39011,121,0.0017361653
39011,122,0.0021898942
39011,123,0.0022069335
39011,124,0.0022993444
39011,125,0.002191569
39011,126,0.0019250028
39011,127,0.0017533661
39011,128,0.0016541486
39011,129,0.0014105848
39011,130,0.0013160348
39011,131,0.0011249752
39011,132,0.0010478409
39011,133,0.00088850973
39011,134,0.0007487538
39011,135,0.00059589976
39011,136,0.00049029844
39011,137,0.00041633777
39011,138,0.00044392573
39011,139,0.0005006048
39011,140,0.0004155094
39011,141,0.00036443985
39011,142,0.00033688996
39011,143,0.00032112264
39011,144,0.000271009
39011,145,0.00026604318
39011,146,0.00019663903
39011,147,0.00015776267
39011,148,0.00014904533
39011,149,0.0001689974
39011,150,0.00018267786
39011,151,0.00025420793
39011,152,0.00030544968
39011,153,0.00037918796
39011,154,0.0003487524
39011,155,0.000270184
39011,156,0.00020538675
39011,157,0.00015397904
39011,158,0.00014521013
39011,159,0.00014848312
39011,160,0.00015860876
39011,161,0.00016000232
39011,162,9.1916445e-05
39011,163,5.8482667e-05
39011,164,6.4634194e-05
39011,165,7.6399e-05
39011,166,6.709561e-05
39011,167,6.324444e-05
39011,168,8.746186e-05
39011,169,0.00013834286
39011,170,0.00016015413
39011,171,0.00015949405
39011,172,0.00013705535
39011,173,0.00013413618
39011,174,0.00016568271
39011,175,0.00018341425
39011,176,0.00016306751
39011,177,0.0001174099
39011,178,8.932246e-05
39011,179,8.636544e-05
39011,180,7.5530916e-05
39011,181,5.6316665e-05
39011,182,5.0292037e-05
39011,183,5.2503383e-05
39011,184,6.68313e-05
39011,185,5.291667e-05
39011,186,3.946413e-05
39011,187,2.0513044e-05
39011,188,4.034572e-05
39011,189,5.874883e-05
39011,190,6.651927e-05
39011,191,6.4652326e-05
39011,192,5.1810966e-05
39011,193,5.1752028e-05
39011,194,3.961247e-05
39011,195,7.5660486e-05
39011,196,0.00011255882
39011,197,0.00016140711
39011,198,0.00018752215
39011,199,0.00014185463
39011,200,0.00013768638
39011,201,0.00020025233
39011,202,0.00014709709
39011,203,0.0001807013
39011,204,0.00020739509
39011,205,0.00023596683
39011,206,0.00018133555
39011,207,0.00025264604
39011,208,0.00023604395
39011,209,0.0002054164
39011,210,0.00018615404
39011,211,0.00027694783
39011,212,0.00025549254
39011,213,0.00018255883
39011,214,0.00011654961
39011,215,8.319847e-05
39013,73,0.12084685
39013,74,0.12020691
39013,75,0.11987733
39013,76,0.1195332
39013,77,0.11946393
39013,78,0.11909949
39013,79,0.117088005
39013,80,0.11433407
39013,81,0.110328406
39013,82,0.10683055
39013,83,0.10254214
39013,84,0.097275436
39013,85,0.09274098
39013,86,0.08700404
39013,87,0.08049573
39013,88,0.07462719
39013,89,0.068532065
39013,90,0.06260038
39013,91,0.056203686
39013,92,0.049026303
39013,93,0.04385208
39013,94,0.039415054
39013,95,0.036391363
39013,96,0.033544544
39013,97,0.030635402
39013,98,0.028406579
39013,99,0.026843775
39013,100,0.024980782
39013,101,0.023110451
39013,102,0.02159096
39013,103,0.020240853
39013,104,0.019016868
39013,105,0.019930867
39013,106,0.021533713
39013,107,0.02081489
39013,108,0.019304108
39013,109,0.0180329
39013,110,0.015996857
39013,111,0.013714433
39013,112,0.012720648
39013,113,0.0124526825
39013,114,0.012103587
39013,115,0.0110245
39013,116,0.010641135
39013,117,0.009622935
39013,118,0.0091086505
39013,119,0.00851315
39013,120,0.008271621
39013,121,0.007980056
39013,122,0.0075459178
39013,123,0.0072945426
39013,124,0.0073461477
39013,125,0.007185359
39013,126,0.008736264
39013,127,0.008345976
39013,128,0.007722826
39013,129,0.008272917
39013,130,0.008327166
39013,131,0.0084788045
39013,132,0.008155193
39013,133,0.0070024203
39013,134,0.006227674
39013,135,0.0047151027
39013,136,0.00393103
39013,137,0.0035941275
39013,138,0.0029400834
39013,139,0.0032048044
39013,140,0.0035683764
39013,141,0.003097714
39013,142,0.002838368
39013,143,0.0024440913
39013,144,0.0021532176
39013,145,0.0019588429
39013,146,0.0017464923
39013,147,0.0018991439
39013,148,0.0020776703
39013,149,0.0022867925
39013,150,0.0026485878
39013,151,0.0030122662
39013,152,0.0026367442
39013,153,0.0025358219
39013,154,0.002344592
39013,155,0.00221258
39013,156,0.0019409875
39013,157,0.001594327
39013,158,0.0013129472
39013,159,0.0011850477
39013,160,0.0009539837
39013,161,0.0007388538
39013,162,0.00069788
39013,163,0.0006399472
39013,164,0.0004839317
39013,165,0.00044758042
39013,166,0.00037058588
39013,167,0.00031259537
39013,168,0.00022720458
39013,169,0.00024180899
39013,170,0.00021015838
39013,171,0.00020149615
39013,172,0.0002297902
39013,173,0.000256484
39013,174,0.0002554167
39013,175,0.00029126144
39013,176,0.00034706623
39013,177,0.0003438105
39013,178,0.00045515952
39013,179,0.0004583833
39013,180,0.00040430273
39013,181,0.0003464241
39013,182,0.0003452368
39013,183,0.00028982596
39013,184,0.00018700739
39013,185,0.00012637141
39013,186,7.984395e-05
39013,187,4.6813493e-05
39013,188,2.067481e-05
39013,189,8.97039e-06
39013,190,4.2930897e-06
39013,191,4.269921e-06
39013,192,9.569694e-06
39013,193,1.1374929e-05
39013,194,1.533166e-05
39013,195,1.3519647e-05
39013,196,1.2671718e-05
39013,197,2.170839e-05
39013,198,3.4196084e-05
39013,199,4.0035564e-05
39013,200,6.597154e-05
39013,201,8.06688e-05
39013,202,0.00010358521
39013,203,0.00010794307
39013,204,0.0001041935
39013,205,9.193844e-05
39013,206,7.274426e-05
39013,207,4.1307445e-05
39013,208,1.9782174e-05
39013,209,1.4262845e-05
39013,210,2.970769e-06
39013,211,2.6399396e-08
39013,212,7.5251666e-07
39013,213,2.6960934e-06
39013,214,5.312271e-07
39013,215,0.0
39015,73,0.0005067154
39015,74,7.9085614e-05
39015,75,5.594634e-05
39015,76,7.560548e-05
39015,77,0.0001292509
39015,78,0.00011994846
39015,79,0.00014383502
39015,80,0.00035553757
39015,81,0.0003791597
39015,82,0.00031783833
39015,83,0.00026259045
39015,84,0.00025181414
39015,85,0.00021301165
39015,86,0.00020717704
39015,87,0.0002039532
39015,88,0.0001543763
39015,89,0.00010686804
39015,90,9.975399e-05
39015,91,9.90693e-05
39015,92,0.00010527185
39015,93,7.444293e-05
39015,94,4.35268e-05
39015,95,2.2060914e-05
39015,96,1.0276347e-05
39015,97,8.400694e-06
39015,98,6.033687e-06
39015,99,4.5972574e-06
39015,100,4.3915966e-06
39015,101,4.706115e-06
39015,102,7.0184906e-06
39015,103,1.3404774e-05
39015,104,2.5984946e-05
39015,105,0.000114300594
39015,106,0.00026819395
39015,107,0.0008397613
39015,108,0.0016457965
39015,109,0.0030903467
39015,110,0.0035281444
39015,111,0.0040671555
39015,112,0.0036677932
39015,113,0.0033741118
39015,114,0.0032518695
39015,115,0.0028526592
39015,116,0.0025666396
39015,117,0.0019364649
39015,118,0.0013877432
39015,119,0.0010992256
39015,120,0.001039036
39015,121,0.0011615664
39015,122,0.001299375
39015,123,0.001450926
39015,124,0.0016675026
39015,125,0.002225229
39015,126,0.002354366
39015,127,0.0023892603
39015,128,0.0020914124
39015,129,0.0017323894
39015,130,0.0014174448
39015,131,0.0011102905
39015,132,0.00083122327
39015,133,0.00048122075
39015,134,0.0003286499
39015,135,0.00030485223
39015,136,0.00035176994
39015,137,0.00032922145
39015,138,0.00043229436
39015,139,0.00038350734
39015,140,0.00027350103
39015,141,0.00019848892
39015,142,0.00019192623
39015,143,0.00028036095
39015,144,0.00022386127
39015,145,0.00018966227
39015,146,0.00020012184
39015,147,0.00019874683
39015,148,0.00025089172
39015,149,0.00025226697
39015,150,0.0003438423
39015,151,0.00048827604
39015,152,0.0005531067
39015,153,0.0004849236
39015,154,0.00040425002
39015,155,0.0003949602
39015,156,0.00039706888
39015,157,0.00030710743
39015,158,0.00029179707
39015,159,0.00025942622
39015,160,0.00027344978
39015,161,0.00021493234
39015,162,0.00013535377
39015,163,7.48375e-05
39015,164,3.9928404e-05
39015,165,6.8526286e-05
39015,166,0.0001009693
39015,167,0.00011324969
39015,168,0.000103186416
39015,169,0.00011147957
39015,170,4.614921e-05
39015,171,5.9460344e-05
39015,172,4.8489273e-05
39015,173,5.2662414e-05
39015,174,4.7319452e-05
39015,175,5.9862883e-05
39015,176,7.367616e-05
39015,177,7.061705e-05
39015,178,5.3456683e-05
39015,179,5.5631775e-05
39015,180,3.464586e-05
39015,181,2.5880085e-05
39015,182,2.545931e-05
39015,183,6.177763e-05
39015,184,6.803851e-05
39015,185,6.1130806e-05
39015,186,7.318692e-05
39015,187,6.7470464e-05
39015,188,8.212649e-05
39015,189,9.765394e-05
39015,190,0.000101164755
39015,191,0.000101395875
39015,192,6.039994e-05
39015,193,4.5765995e-05
39015,194,5.5668424e-05
39015,195,6.926039e-05
39015,196,6.354623e-05
39015,197,5.4519263e-05
39015,198,4.0412186e-05
39015,199,3.1132662e-05
39015,200,3.2528875e-05
39015,201,5.3096763e-05
39015,202,4.7485937e-05
39015,203,4.082967e-05
39015,204,4.0913736e-05
39015,205,5.0216644e-05
39015,206,5.6504454e-05
39015,207,6.54211e-05
39015,208,0.00011643288
39015,209,0.00012802696
39015,210,0.00010236652
39015,211,9.7477576e-05
39015,212,6.736587e-05
39015,213,5.876524e-05
39015,214,3.5751375e-05
39015,215,1.0032115e-05
39019,73,0.37514532
39019,74,0.3850198
39019,75,0.38086167
39019,76,0.37234566
39019,77,0.36427394
39019,78,0.3559682
39019,79,0.346398
39019,80,0.33648884
39019,81,0.3275088
39019,82,0.3186209
39019,83,0.30980048
39019,84,0.3020487
39019,85,0.29428282
39019,86,0.2877703
39019,87,0.2808947
39019,88,0.27245438
39019,89,0.2639117
39019,90,0.25280055
39019,91,0.2419632
39019,92,0.23050867
39019,93,0.22170824
39019,94,0.21344766
39019,95,0.20629051
39019,96,0.20142156
39019,97,0.19665927
39019,98,0.19379655
39019,99,0.19050123
39019,100,0.18630148
39019,101,0.18170486
39019,102,0.17869252
39019,103,0.17587613
39019,104,0.1709651
39019,105,0.16739343
39019,106,0.16404152
39019,107,0.15892196
39019,108,0.15290375
39019,109,0.14767495
39019,110,0.14039607
39019,111,0.13219371
39019,112,0.12272181
39019,113,0.11780277
39019,114,0.1119292
39019,115,0.106580235
39019,116,0.10133239
39019,117,0.09502059
39019,118,0.09084338
39019,119,0.08609995
39019,120,0.08317425
39019,121,0.080554746
39019,122,0.078273274
39019,123,0.077478126
39019,124,0.07700519
39019,125,0.077412225
39019,126,0.07621338
39019,127,0.072739564
39019,128,0.07538412
39019,129,0.07361856
39019,130,0.06779956
39019,131,0.06564737
39019,132,0.060911655
39019,133,0.05557199
39019,134,0.05053185
39019,135,0.044387937
39019,136,0.04089985
39019,137,0.037192587
39019,138,0.032183588
39019,139,0.028049437
39019,140,0.026692074
39019,141,0.022569727
39019,142,0.021411799
39019,143,0.020934666
39019,144,0.019031266
39019,145,0.018274311
39019,146,0.017184487
39019,147,0.01673791
39019,148,0.016817724
39019,149,0.016533699
39019,150,0.015897611
39019,151,0.015793458
39019,152,0.014863467
39019,153,0.0146213565
39019,154,0.013130947
39019,155,0.012346593
39019,156,0.01033654
39019,157,0.009062443
39019,158,0.007677321
39019,159,0.0064683096
39019,160,0.004879335
39019,161,0.0039266217
39019,162,0.0033516542
39019,163,0.002635601
39019,164,0.002077681
39019,165,0.0016708897
39019,166,0.0013851793
39019,167,0.0011583075
39019,168,0.0010187756
39019,169,0.0009141043
39019,170,0.00073344255
39019,171,0.0006555075
39019,172,0.0006323843
39019,173,0.0006214771
39019,174,0.0006132439
39019,175,0.00060567213
39019,176,0.0006615097
39019,177,0.0006882761
39019,178,0.000855817
39019,179,0.0008277509
39019,180,0.00079290516
39019,181,0.00074169575
39019,182,0.00066076696
39019,183,0.0005135155
39019,184,0.00035969072
39019,185,0.0002799378
39019,186,0.00020087644
39019,187,0.000103364335
39019,188,6.48466e-05
39019,189,4.0589734e-05
39019,190,4.3060896e-05
39019,191,4.129568e-05
39019,192,3.808705e-05
39019,193,5.1279687e-05
39019,194,6.8934474e-05
39019,195,8.1497055e-05
39019,196,0.00010025409
39019,197,0.00015838901
39019,198,0.00015974679
39019,199,0.00018342969
39019,200,0.00020770168
39019,201,0.00030765138
39019,202,0.00034462023
39019,203,0.00032543627
39019,204,0.00029461517
39019,205,0.0002498488
39019,206,0.00021747155
39019,207,0.00016112596
39019,208,9.811585e-05
39019,209,5.414034e-05
39019,210,3.7935053e-05
39019,211,3.509106e-05
39019,212,3.115795e-05
39019,213,2.1415295e-05
39019,214,1.30793405e-05
39019,215,1.4438103e-05
39021,73,0.10177678
39021,74,0.09490953
39021,75,0.08764908
39021,76,0.08247436
39021,77,0.078165926
39021,78,0.07217449
39021,79,0.066320516
39021,80,0.060061824
39021,81,0.057048526
39021,82,0.051458053
39021,83,0.04560423
39021,84,0.04037798
39021,85,0.03634539
39021,86,0.03287402
39021,87,0.029170359
39021,88,0.02536323
39021,89,0.02270906
39021,90,0.019583981
39021,91,0.017819844
39021,92,0.016231604
39021,93,0.01500903
39021,94,0.013681289
39021,95,0.012625196
39021,96,0.012000996
39021,97,0.011634984
39021,98,0.010129887
39021,99,0.00947885
39021,100,0.009280174
39021,101,0.008573031
39021,102,0.008052693
39021,103,0.00842525
39021,104,0.007838277
39021,105,0.008142112
39021,106,0.008312356
39021,107,0.009689843
39021,108,0.010294342
39021,109,0.01113787
39021,110,0.012698029
39021,111,0.012145192
39021,112,0.010546032
39021,113,0.010134822
39021,114,0.0102470005
39021,115,0.009073858
39021,116,0.00830934
39021,117,0.0074861483
39021,118,0.0060045663
39021,119,0.0058598923
39021,120,0.0055411686
39021,121,0.005441301
39021,122,0.0065175598
39021,123,0.006295376
39021,124,0.007660685
39021,125,0.00778233
39021,126,0.007510986
39021,127,0.00706256
39021,128,0.0061820825
39021,129,0.0055878926
39021,130,0.005310991
39021,131,0.004799924
39021,132,0.00387141
39021,133,0.0031818864
39021,134,0.002196384
39021,135,0.0017856167
39021,136,0.0014269997
39021,137,0.0012052646
39021,138,0.0011326417
39021,139,0.000958787
39021,140,0.0007657919
39021,141,0.0006546818
39021,142,0.00060124835
39021,143,0.00051261956
39021,144,0.00046570372
39021,145,0.00044686292
39021,146,0.00039623093
39021,147,0.00040821865
39021,148,0.00044465522
39021,149,0.00048069807
39021,150,0.0005392134
39021,151,0.0006061719
39021,152,0.00050411274
39021,153,0.00047666297
39021,154,0.00051564863
39021,155,0.0005987173
39021,156,0.0006528435
39021,157,0.0005476894
39021,158,0.000437544
39021,159,0.0003758194
39021,160,0.00027112843
39021,161,0.00022154766
39021,162,0.00015543605
39021,163,0.00010562931
39021,164,8.888789e-05
39021,165,8.88573e-05
39021,166,8.8910565e-05
39021,167,8.125619e-05
39021,168,9.9406985e-05
39021,169,0.000118885975
39021,170,9.759561e-05
39021,171,0.0001221603
39021,172,0.0001266938
39021,173,0.00016359435
39021,174,0.00024447023
39021,175,0.00025682966
39021,176,0.00025592948
39021,177,0.00025120884
39021,178,0.00020588713
39021,179,0.0001807455
39021,180,0.00014333475
39021,181,0.00012703535
39021,182,9.9632045e-05
39021,183,7.815071e-05
39021,184,6.729126e-05
39021,185,0.000113492424
39021,186,0.000101811456
39021,187,7.0739785e-05
39021,188,9.6255855e-05
39021,189,0.00011122137
39021,190,0.00015151696
39021,191,0.00012235885
39021,192,0.00011139594
39021,193,8.9411966e-05
39021,194,7.0882445e-05
39021,195,7.26317e-05
39021,196,7.785588e-05
39021,197,0.00010967095
39021,198,0.00013232116
39021,199,0.00017549717
39021,200,0.00020183063
39021,201,0.00026107946
39021,202,0.00026107786
39021,203,0.00026192507
39021,204,0.0002597752
39021,205,0.00021898547
39021,206,0.00019235807
39021,207,0.00015494396
39021,208,0.00021122061
39021,209,0.00016088191
39021,210,0.00016993444
39021,211,0.000110174486
39021,212,0.00014306088
39021,213,0.00012587417
39021,214,0.00010234095
39021,215,6.5648135e-05
39041,73,0.07487919
39041,74,0.07007551
39041,75,0.06583211
39041,76,0.06320389
39041,77,0.061816774
39041,78,0.060504917
39041,79,0.05908493
39041,80,0.056775685
39041,81,0.056642793
39041,82,0.055103507
39041,83,0.05236815
39041,84,0.049756546
39041,85,0.04660702
39041,86,0.044105858
39041,87,0.04206743
39041,88,0.03797178
39041,89,0.03379237
39041,90,0.029171793
39041,91,0.025255825
39041,92,0.022119932
39041,93,0.020251282
39041,94,0.017783366
39041,95,0.0152948825
39041,96,0.013876904
39041,97,0.012493933
39041,98,0.011242114
39041,99,0.010505309
39041,100,0.010270268
39041,101,0.010097836
39041,102,0.009651241
39041,103,0.009252467
39041,104,0.009026292
39041,105,0.008637694
39041,106,0.008705933
39041,107,0.008537669
39041,108,0.008880319
39041,109,0.00908627
39041,110,0.008974457
39041,111,0.00864904
39041,112,0.008408293
39041,113,0.0077063423
39041,114,0.0072687985
39041,115,0.006492448
39041,116,0.0059107714
39041,117,0.0050858166
39041,118,0.0045345174
39041,119,0.004044347
39041,120,0.0037931278
39041,121,0.004027103
39041,122,0.0045041684
39041,123,0.005147666
39041,124,0.004618931
39041,125,0.0048435167
39041,126,0.0054262904
39041,127,0.005390912
39041,128,0.0051551997
39041,129,0.0047705756
39041,130,0.0043133586
39041,131,0.003997736
39041,132,0.00379384
39041,133,0.0033193515
39041,134,0.002816723
39041,135,0.002781105
39041,136,0.0026295504
39041,137,0.0023275935
39041,138,0.001875012
39041,139,0.0015329018
39041,140,0.0011930559
39041,141,0.0011750245
39041,142,0.0010302475
39041,143,0.0009747767
39041,144,0.00086122623
39041,145,0.00069642696
39041,146,0.0006479778
39041,147,0.0007047162
39041,148,0.00062834256
39041,149,0.00062472775
39041,150,0.0006464202
39041,151,0.0006475493
39041,152,0.00069342874
39041,153,0.0007191462
39041,154,0.00075741333
39041,155,0.0007395861
39041,156,0.0006907028
39041,157,0.0006296959
39041,158,0.0004926631
39041,159,0.00042206686
39041,160,0.0003278651
39041,161,0.0002599448
39041,162,0.00021821714
39041,163,0.00015537828
39041,164,0.00013159291
39041,165,0.00011289372
39041,166,6.815777e-05
39041,167,4.971455e-05
39041,168,3.45629e-05
39041,169,3.2292122e-05
39041,170,3.9320395e-05
39041,171,4.2094165e-05
39041,172,3.8029866e-05
39041,173,4.5445362e-05
39041,174,6.539772e-05
39041,175,7.190564e-05
39041,176,6.665806e-05
39041,177,7.741666e-05
39041,178,7.598344e-05
39041,179,7.189557e-05
39041,180,6.545286e-05
39041,181,6.601214e-05
39041,182,6.69031e-05
39041,183,4.6739588e-05
39041,184,3.3450404e-05
39041,185,5.980691e-05
39041,186,6.498992e-05
39041,187,6.214823e-05
39041,188,5.775675e-05
39041,189,5.9081853e-05
39041,190,7.8276964e-05
39041,191,5.210047e-05
39041,192,3.792213e-05
39041,193,2.593569e-05
39041,194,2.1457308e-05
39041,195,1.3341126e-05
39041,196,1.49374255e-05
39041,197,1.9570372e-05
39041,198,2.811143e-05
39041,199,3.628846e-05
39041,200,4.5782966e-05
39041,201,5.5635013e-05
39041,202,6.595659e-05
39041,203,7.977781e-05
39041,204,0.00015459258
39041,205,0.0001839299
39041,206,0.00023909278
39041,207,0.00021551624
39041,208,0.0002283839
39041,209,0.0001748233
39041,210,0.000117352836
39041,211,6.943288e-05
39041,212,9.789065e-05
39041,213,8.9020126e-05
39041,214,0.00012114867
39041,215,6.626105e-05
39043,73,0.036600117
39043,74,0.035869133
39043,75,0.033296548
39043,76,0.031345036
39043,77,0.030175636
39043,78,0.029132735
39043,79,0.028107986
39043,80,0.026267894
39043,81,0.024539078
39043,82,0.022499075
39043,83,0.020522378
39043,84,0.01884811
39043,85,0.017082462
39043,86,0.015415143
39043,87,0.014087163
39043,88,0.012328764
39043,89,0.010373737
39043,90,0.008630464
39043,91,0.007904214
39043,92,0.007165903
39043,93,0.006524044
39043,94,0.005966572
39043,95,0.0058689862
39043,96,0.005852806
39043,97,0.0053917933
39043,98,0.0051001017
39043,99,0.004702069
39043,100,0.0042112963
39043,101,0.0037944124
39043,102,0.003516263
39043,103,0.0031102905
39043,104,0.0027640322
39043,105,0.0024815432
39043,106,0.0026465997
39043,107,0.0028947613
39043,108,0.0028072991
39043,109,0.00303593
39043,110,0.0030362257
39043,111,0.003171378
39043,112,0.0031582436
39043,113,0.0028433346
39043,114,0.0028317461
39043,115,0.00279997
39043,116,0.0027011964
39043,117,0.00265271
39043,118,0.0021032828
39043,119,0.001550823
39043,120,0.002030294
39043,121,0.0020696113
39043,122,0.0025745276
39043,123,0.0031719327
39043,124,0.0040623583
39043,125,0.00398797
39043,126,0.0040295282
39043,127,0.0040859263
39043,128,0.003889825
39043,129,0.0035523209
39043,130,0.0030659693
39043,131,0.0027899244
39043,132,0.0024638085
39043,133,0.0022611595
39043,134,0.002047306
39043,135,0.0019266277
39043,136,0.0017659445
39043,137,0.0016280375
39043,138,0.0015225714
39043,139,0.0013515408
39043,140,0.0012533078
39043,141,0.0010363647
39043,142,0.0009499427
39043,143,0.0009236986
39043,144,0.0010053022
39043,145,0.00093025476
39043,146,0.0009592538
39043,147,0.0010345074
39043,148,0.0010380257
39043,149,0.0010734033
39043,150,0.0010209407
39043,151,0.00085499295
39043,152,0.0007185597
39043,153,0.0006788429
39043,154,0.00060517364
39043,155,0.00058382365
39043,156,0.00058772526
39043,157,0.0005629996
39043,158,0.00046557098
39043,159,0.00034206596
39043,160,0.00026380084
39043,161,0.00017790621
39043,162,0.00016295383
39043,163,0.00014342072
39043,164,0.000117698975
39043,165,0.00010815326
39043,166,0.00012269651
39043,167,0.00013668991
39043,168,0.00012569583
39043,169,9.950929e-05
39043,170,7.647948e-05
39043,171,4.528357e-05
39043,172,3.6176378e-05
39043,173,3.832792e-05
39043,174,4.2815576e-05
39043,175,4.8100672e-05
39043,176,5.2794985e-05
39043,177,6.457102e-05
39043,178,8.0757134e-05
39043,179,8.966183e-05
39043,180,9.21386e-05
39043,181,8.854852e-05
39043,182,8.2722094e-05
39043,183,8.011427e-05
39043,184,6.900323e-05
39043,185,6.331222e-05
39043,186,3.9573893e-05
39043,187,3.6207246e-05
39043,188,3.8664097e-05
39043,189,2.5395728e-05
39043,190,2.2137963e-05
39043,191,1.9518207e-05
39043,192,2.0804315e-05
39043,193,2.3584957e-05
39043,194,3.54849e-05
39043,195,3.88662e-05
39043,196,4.3384116e-05
39043,197,4.2261152e-05
39043,198,3.906209e-05
39043,199,3.2580854e-05
39043,200,3.8628794e-05
39043,201,4.212516e-05
39043,202,3.126373e-05
39043,203,2.7369615e-05
39043,204,3.861623e-05
39043,205,6.340697e-05
39043,206,6.1533e-05
39043,207,4.613241e-05
39043,208,2.0487287e-05
39043,209,1.00113175e-05
39043,210,4.638166e-06
39043,211,2.4068686e-06
39043,212,3.3714764e-06
39043,213,9.766721e-06
39043,214,1.3563948e-05
39043,215,1.4141471e-05
39047,73,0.0076197837
39047,74,0.005718504
39047,75,0.004814579
39047,76,0.0041440655
39047,77,0.003984407
39047,78,0.0036321965
39047,79,0.0034570333
39047,80,0.0035791758
39047,81,0.0035513195
39047,82,0.0032269738
39047,83,0.0029575198
39047,84,0.0027381077
39047,85,0.0025228718
39047,86,0.0023258524
39047,87,0.0023199252
39047,88,0.0020247698
39047,89,0.0014946263
39047,90,0.0012241588
39047,91,0.0010762224
39047,92,0.0009938631
39047,93,0.0009039524
39047,94,0.0009194383
39047,95,0.00081392506
39047,96,0.00082425104
39047,97,0.00079281407
39047,98,0.0007642055
39047,99,0.000696973
39047,100,0.000676424
39047,101,0.00063720177
39047,102,0.0005864844
39047,103,0.00058187667
39047,104,0.00073586847
39047,105,0.0007845482
39047,106,0.0008418397
39047,107,0.0011703884
39047,108,0.0015846379
39047,109,0.0023045524
39047,110,0.0029861026
39047,111,0.0035783316
39047,112,0.0034574857
39047,113,0.0033556512
39047,114,0.0030268722
39047,115,0.0027162167
39047,116,0.0024597635
39047,117,0.0020907118
39047,118,0.0016343808
39047,119,0.0012379241
39047,120,0.0009676582
39047,121,0.00072752597
39047,122,0.00073923613
39047,123,0.0008354318
39047,124,0.0008714873
39047,125,0.001243341
39047,126,0.001387798
39047,127,0.0013726879
39047,128,0.001163097
39047,129,0.0008820307
39047,130,0.00072245556
39047,131,0.00074510043
39047,132,0.00067332655
39047,133,0.0005281681
39047,134,0.00043737295
39047,135,0.00033795816
39047,136,0.00031240634
39047,137,0.00029512824
39047,138,0.00030374163
39047,139,0.00027052563
39047,140,0.0002186138
39047,141,0.00018639212
39047,142,0.00017340569
39047,143,0.00014106964
39047,144,0.000117586955
39047,145,9.60882e-05
39047,146,7.177903e-05
39047,147,7.125668e-05
39047,148,7.6168355e-05
39047,149,0.00011038461
39047,150,0.00016052058
39047,151,0.00018227888
39047,152,0.00017566691
39047,153,0.00018155597
39047,154,0.00017634628
39047,155,0.00019067094
39047,156,0.00015243533
39047,157,0.00013902974
39047,158,0.00012616873
39047,159,0.00013155788
39047,160,0.00012125488
39047,161,8.7144945e-05
39047,162,6.557252e-05
39047,163,5.2609914e-05
39047,164,6.867641e-05
39047,165,0.00011340146
39047,166,0.00013228267
39047,167,0.00012690532
39047,168,0.00019320934
39047,169,0.0001847994
39047,170,0.00015945321
39047,171,0.00017575728
39047,172,0.00018879949
39047,173,0.00022027752
39047,174,0.00022675328
39047,175,0.00024408623
39047,176,0.00030385263
39047,177,0.00032211666
39047,178,0.00028112647
39047,179,0.00025816212
39047,180,0.0002526181
39047,181,0.00021495594
39047,182,0.00019736792
39047,183,0.000166057
39047,184,0.0001407481
39047,185,0.00018287345
39047,186,0.00019618482
39047,187,0.00017973507
39047,188,0.00013703169
39047,189,0.00012270003
39047,190,0.00011589907
39047,191,9.55581e-05
39047,192,8.681391e-05
39047,193,8.0952464e-05
39047,194,8.973586e-05
39047,195,0.000110045046
39047,196,0.00012279098
39047,197,0.00013770179
39047,198,0.00012932191
39047,199,0.00016304085
39047,200,0.00020345699
39047,201,0.00024088331
39047,202,0.00024951305
39047,203,0.00020807283
39047,204,0.00015141352
39047,205,0.00016923939
39047,206,0.00016191097
39047,207,0.00013460916
39047,208,9.013646e-05
39047,209,6.839289e-05
39047,210,8.062257e-05
39047,211,0.00010420687
39047,212,0.00014819067
39047,213,0.00012381733
39047,214,8.364124e-05
39047,215,9.6304946e-05
39057,73,0.028165333
39057,74,0.023662306
39057,75,0.02146639
39057,76,0.020593513
39057,77,0.020197943
39057,78,0.019489156
39057,79,0.018509129
39057,80,0.017844839
39057,81,0.017022181
39057,82,0.015968222
39057,83,0.014067198
39057,84,0.012855516
39057,85,0.011940826
39057,86,0.011024936
39057,87,0.010015871
39057,88,0.008286854
39057,89,0.006655678
39057,90,0.0055188388
39057,91,0.0047587524
39057,92,0.004330784
39057,93,0.0037740401
39057,94,0.0034548077
39057,95,0.0031743848
39057,96,0.0029163258
39057,97,0.0027508065
39057,98,0.0024354374
39057,99,0.00216775
39057,100,0.0020464896
39057,101,0.0019352062
39057,102,0.001814089
39057,103,0.0018408829
39057,104,0.0018432002
39057,105,0.0020333575
39057,106,0.002358962
39057,107,0.0031671685
39057,108,0.0036357415
39057,109,0.004216608
39057,110,0.0045420513
39057,111,0.0046217586
39057,112,0.004328796
39057,113,0.00417454
39057,114,0.0039041368
39057,115,0.003737193
39057,116,0.0034749494
39057,117,0.0032337073
39057,118,0.002825477
39057,119,0.0026072625
39057,120,0.0022146874
39057,121,0.0021241403
39057,122,0.0025217119
39057,123,0.0025058957
39057,124,0.0032600367
39057,125,0.003485534
39057,126,0.003108363
39057,127,0.0029076703
39057,128,0.0026003332
39057,129,0.002241869
39057,130,0.001999701
39057,131,0.0020139667
39057,132,0.0017153694
39057,133,0.0014482482
39057,134,0.0012698007
39057,135,0.0010194234
39057,136,0.00084715267
39057,137,0.00067810685
39057,138,0.00063830597
39057,139,0.0005215639
39057,140,0.00044765335
39057,141,0.00044742555
39057,142,0.00037348075
39057,143,0.00033524123
39057,144,0.00032980795
39057,145,0.00026253852
39057,146,0.00022217014
39057,147,0.00022066577
39057,148,0.00023433541
39057,149,0.00021611668
39057,150,0.00022867793
39057,151,0.00021187948
39057,152,0.0002521397
39057,153,0.00024475524
39057,154,0.00023614337
39057,155,0.00030293176
39057,156,0.00034168002
39057,157,0.0003333487
39057,158,0.00022166966
39057,159,0.00015579641
39057,160,0.00011374924
39057,161,0.0001105376
39057,162,5.396504e-05
39057,163,3.0176725e-05
39057,164,2.893595e-05
39057,165,2.690748e-05
39057,166,1.5979675e-05
39057,167,2.6706763e-05
39057,168,8.107364e-05
39057,169,3.6257978e-05
39057,170,2.4376486e-05
39057,171,2.6110809e-05
39057,172,2.6529095e-05
39057,173,3.832686e-05
39057,174,5.1348376e-05
39057,175,7.4196134e-05
39057,176,8.659076e-05
39057,177,9.974336e-05
39057,178,9.1782604e-05
39057,179,7.825624e-05
39057,180,6.677707e-05
39057,181,7.578617e-05
39057,182,7.108865e-05
39057,183,5.0622548e-05
39057,184,3.0712356e-05
39057,185,4.5588517e-05
39057,186,4.8867907e-05
39057,187,4.2315623e-05
39057,188,3.701751e-05
39057,189,4.6763937e-05
39057,190,7.900323e-05
39057,191,5.6282417e-05
39057,192,3.6647627e-05
39057,193,2.824377e-05
39057,194,2.4593943e-05
39057,195,2.5621815e-05
39057,196,3.887772e-05
39057,197,4.4568893e-05
39057,198,4.1053925e-05
39057,199,5.6027933e-05
39057,200,7.980778e-05
39057,201,9.764479e-05
39057,202,0.000113127375
39057,203,0.000108907254
39057,204,0.00013063524
39057,205,0.00016695222
39057,206,0.000110349814
39057,207,9.5494026e-05
39057,208,7.485967e-05
39057,209,3.9692273e-05
39057,210,2.0388232e-05
39057,211,5.658481e-05
39057,212,5.9741604e-05
39057,213,4.6721914e-05
39057,214,3.468185e-05
39057,215,1.593302e-05
39067,73,0.23080514
39067,74,0.24551827
39067,75,0.2510478
39067,76,0.25084287
39067,77,0.24946792
39067,78,0.24570997
39067,79,0.23913607
39067,80,0.23117274
39067,81,0.2231066
39067,82,0.21469328
39067,83,0.20581642
39067,84,0.19662516
39067,85,0.1884534
39067,86,0.1796307
39067,87,0.1700304
39067,88,0.16067716
39067,89,0.14954269
39067,90,0.13721904
39067,91,0.122769736
39067,92,0.1079039
39067,93,0.09802569
39067,94,0.09092001
39067,95,0.08671478
39067,96,0.083493985
39067,97,0.080505565
39067,98,0.07910884
39067,99,0.07772501
39067,100,0.07513314
39067,101,0.07240557
39067,102,0.070379585
39067,103,0.06733234
39067,104,0.0639351
39067,105,0.061016787
39067,106,0.06265877
39067,107,0.060851153
39067,108,0.05774674
39067,109,0.0562028
39067,110,0.052449647
39067,111,0.04794149
39067,112,0.044359192
39067,113,0.04361861
39067,114,0.041791093
39067,115,0.039467975
39067,116,0.03771379
39067,117,0.0345798
39067,118,0.032706708
39067,119,0.029612863
39067,120,0.02892066
39067,121,0.027929619
39067,122,0.026926545
39067,123,0.027123874
39067,124,0.026971197
39067,125,0.0285163
39067,126,0.030494602
39067,127,0.029198665
39067,128,0.030669069
39067,129,0.031460162
39067,130,0.028851865
39067,131,0.02742098
39067,132,0.023801785
39067,133,0.01963284
39067,134,0.016697193
39067,135,0.012629061
39067,136,0.009055231
39067,137,0.0073881284
39067,138,0.0059738876
39067,139,0.0060441317
39067,140,0.0067420956
39067,141,0.006166081
39067,142,0.0060808444
39067,143,0.0060336213
39067,144,0.0058119465
39067,145,0.0055055423
39067,146,0.005034879
39067,147,0.005207207
39067,148,0.005276041
39067,149,0.005006332
39067,150,0.004817838
39067,151,0.005126735
39067,152,0.004451981
39067,153,0.0042588855
39067,154,0.0036932179
39067,155,0.0033069442
39067,156,0.002859356
39067,157,0.0021693262
39067,158,0.0016991566
39067,159,0.0013207309
39067,160,0.0008145384
39067,161,0.0005690819
39067,162,0.00046055223
39067,163,0.00037598793
39067,164,0.00022086588
39067,165,0.00020856316
39067,166,0.0001363808
39067,167,0.00011704229
39067,168,8.750421e-05
39067,169,0.00010141876
39067,170,5.852595e-05
39067,171,5.764049e-05
39067,172,6.337311e-05
39067,173,6.699029e-05
39067,174,7.165896e-05
39067,175,8.51124e-05
39067,176,0.00014287065
39067,177,0.0001695714
39067,178,0.00026666408
39067,179,0.00025455447
39067,180,0.00020498356
39067,181,0.00017785722
39067,182,0.00016424514
39067,183,0.00012061457
39067,184,6.660814e-05
39067,185,3.014879e-05
39067,186,1.4428071e-05
39067,187,3.8532553e-06
39067,188,8.4234735e-08
39067,189,0.0
39067,190,0.0
39067,191,0.0
39067,192,0.0
39067,193,0.0
39067,194,1.5463293e-09
39067,195,2.613504e-07
39067,196,4.8341195e-07
39067,197,8.505105e-06
39067,198,1.689477e-05
39067,199,3.0439729e-05
39067,200,4.5627286e-05
39067,201,6.657424e-05
39067,202,0.00010117057
39067,203,0.00010709204
39067,204,0.000102557016
39067,205,0.00011335013
39067,206,0.000105115396
39067,207,7.339804e-05
39067,208,4.6743593e-05
39067,209,2.2199778e-05
39067,210,5.8274895e-06
39067,211,0.0
39067,212,2.3998826e-08
39067,213,7.1623596e-08
39067,214,0.0
39067,215,0.0
39071,73,0.0028857156
39071,74,0.0015516288
39071,75,0.0011515688
39071,76,0.0009975451
39071,77,0.0009539365
39071,78,0.0008352658
39071,79,0.00076100463
39071,80,0.0008017371
39071,81,0.0007950068
39071,82,0.0006765475
39071,83,0.0006200941
39071,84,0.0006091489
39071,85,0.0005003485
39071,86,0.00039788525
39071,87,0.00035226688
39071,88,0.00029516855
39071,89,0.00022356125
39071,90,0.0002250585
39071,91,0.00024021349
39071,92,0.00022532107
39071,93,0.00021071298
39071,94,0.00022776969
39071,95,0.00019457453
39071,96,0.00019339538
39071,97,0.00017155492
39071,98,0.00014233026
39071,99,0.00014574688
39071,100,0.00015841905
39071,101,0.00015462028
39071,102,0.00016465431
39071,103,0.00017847274
39071,104,0.00023789449
39071,105,0.00043040197
39071,106,0.00053915306
39071,107,0.00078971236
39071,108,0.0015292614
39071,109,0.0030497035
39071,110,0.0038070334
39071,111,0.004804696
39071,112,0.004460395
39071,113,0.0040734624
39071,114,0.0037223995
39071,115,0.0031499376
39071,116,0.0028578779
39071,117,0.0019524061
39071,118,0.0014260638
39071,119,0.0010419855
39071,120,0.00092784845
39071,121,0.0009046534
39071,122,0.0010716253
39071,123,0.0016422165
39071,124,0.0017725826
39071,125,0.0022446795
39071,126,0.0023171036
39071,127,0.0023902461
39071,128,0.001992651
39071,129,0.0013890774
39071,130,0.001030108
39071,131,0.0008920183
39071,132,0.00070500106
39071,133,0.00043317556
39071,134,0.00032190303
39071,135,0.00024262155
39071,136,0.00029529518
39071,137,0.00026379316
39071,138,0.00028234624
39071,139,0.0002222617
39071,140,0.0001549587
39071,141,0.00011695109
39071,142,0.00013088818
39071,143,0.00012909409
39071,144,0.00011560871
39071,145,0.00012118939
39071,146,0.00013955355
39071,147,0.00017972705
39071,148,0.00023601086
39071,149,0.00025682087
39071,150,0.00038862362
39071,151,0.0005193658
39071,152,0.0005360794
39071,153,0.00040696203
39071,154,0.00027154016
39071,155,0.00021364498
39071,156,0.00017698875
39071,157,0.00013882927
39071,158,0.000109622364
39071,159,8.101114e-05
39071,160,6.9387e-05
39071,161,5.1191422e-05
39071,162,5.004419e-05
39071,163,3.8136634e-05
39071,164,3.0309924e-05
39071,165,4.3091386e-05
39071,166,5.997787e-05
39071,167,8.1257385e-05
39071,168,0.00013727791
39071,169,0.00013698026
39071,170,0.00011792015
39071,171,0.00011863672
39071,172,9.9127676e-05
39071,173,0.000108436056
39071,174,0.00012654228
39071,175,0.0001691816
39071,176,0.00022069452
39071,177,0.00021363368
39071,178,0.00016764297
39071,179,0.00014143667
39071,180,9.565397e-05
39071,181,4.9828213e-05
39071,182,3.614695e-05
39071,183,3.434498e-05
39071,184,3.1646072e-05
39071,185,2.813479e-05
39071,186,4.3165783e-05
39071,187,3.2398926e-05
39071,188,1.9542907e-05
39071,189,3.3723358e-05
39071,190,5.0061448e-05
39071,191,5.8927406e-05
39071,192,3.5336587e-05
39071,193,2.376308e-05
39071,194,2.6196398e-05
39071,195,4.285705e-05
39071,196,5.6901794e-05
39071,197,5.5553242e-05
39071,198,4.83636e-05
39071,199,5.5906934e-05
39071,200,4.682504e-05
39071,201,6.6277644e-05
39071,202,6.723392e-05
39071,203,6.0410028e-05
39071,204,6.4169464e-05
39071,205,8.537441e-05
39071,206,6.669693e-05
39071,207,5.3065993e-05
39071,208,3.7516886e-05
39071,209,3.3202155e-05
39071,210,2.922843e-05
39071,211,3.6104946e-05
39071,212,2.8468885e-05
39071,213,1.5270753e-05
39071,214,7.930397e-06
39071,215,1.7035787e-06
39079,73,0.004491838
39079,74,0.0018068786
39079,75,0.0012605176
39079,76,0.0012262318
39079,77,0.0015722908
39079,78,0.0016381188
39079,79,0.0019298088
39079,80,0.0027244918
39079,81,0.003227255
39079,82,0.0032339476
39079,83,0.0031497593
39079,84,0.0032392433
39079,85,0.00314311
39079,86,0.0028975764
39079,87,0.0027974078
39079,88,0.002169625
39079,89,0.0015054984
39079,90,0.0010901089
39079,91,0.0009117678
39079,92,0.000737454
39079,93,0.0007769683
39079,94,0.00069349294
39079,95,0.0006338653
39079,96,0.0005539579
39079,97,0.0005138458
39079,98,0.00052822306
39079,99,0.0004889234
39079,100,0.0005554789
39079,101,0.00062881113
39079,102,0.00063988904
39079,103,0.0005953447
39079,104,0.0005834864
39079,105,0.0012739997
39079,106,0.0018408368
39079,107,0.0023904822
39079,108,0.0029342417
39079,109,0.0034663836
39079,110,0.0038864163
39079,111,0.004138248
39079,112,0.003991393
39079,113,0.0036795782
39079,114,0.0034721398
39079,115,0.0030677076
39079,116,0.0024571945
39079,117,0.002069129
39079,118,0.0018463971
39079,119,0.0017311019
39079,120,0.0014684019
39079,121,0.0014228317
39079,122,0.0012547679
39079,123,0.001168919
39079,124,0.0017524553
39079,125,0.0020022593
39079,126,0.002109957
39079,127,0.0021433283
39079,128,0.0025985318
39079,129,0.0023532363
39079,130,0.0021057946
39079,131,0.0016786339
39079,132,0.0011971366
39079,133,0.0007971514
39079,134,0.000552818
39079,135,0.00044048444
39079,136,0.0005262823
39079,137,0.00077236845
39079,138,0.0011671669
39079,139,0.00142839
39079,140,0.0010745096
39079,141,0.00084630126
39079,142,0.00063113176
39079,143,0.00056027056
39079,144,0.00045722994
39079,145,0.0004093014
39079,146,0.000407325
39079,147,0.0003686279
39079,148,0.0003831039
39079,149,0.00044563055
39079,150,0.00061453803
39079,151,0.00076763204
39079,152,0.0007135216
39079,153,0.000642764
39079,154,0.0006225284
39079,155,0.0005941946
39079,156,0.0005401911
39079,157,0.00046201388
39079,158,0.00033411477
39079,159,0.00023686758
39079,160,0.00019832683
39079,161,0.0001532861
39079,162,0.000112594826
39079,163,8.84949e-05
39079,164,0.00013641868
39079,165,0.00018180521
39079,166,0.00027815168
39079,167,0.00030241674
39079,168,0.00035046562
39079,169,0.00026194536
39079,170,0.000265164
39079,171,0.00024727642
39079,172,0.00026809232
39079,173,0.00027906065
39079,174,0.00028276813
39079,175,0.00026852966
39079,176,0.00037200857
39079,177,0.00039309997
39079,178,0.0004100432
39079,179,0.00036583247
39079,180,0.00029589672
39079,181,0.00020487559
39079,182,0.00019231177
39079,183,0.00016816858
39079,184,0.0002145955
39079,185,0.00021507303
39079,186,0.00019986229
39079,187,0.00012443592
39079,188,0.00013332188
39079,189,0.00014029733
39079,190,8.571731e-05
39079,191,6.0147173e-05
39079,192,4.2794443e-05
39079,193,4.7517296e-05
39079,194,6.8897156e-05
39079,195,0.0001186964
39079,196,0.00016861236
39079,197,0.00019766124
39079,198,0.00020436409
39079,199,0.00020786448
39079,200,0.00021780527
39079,201,0.00022770092
39079,202,0.00018271623
39079,203,0.00013404246
39079,204,0.00012719803
39079,205,0.00012394719
39079,206,0.00016385605
39079,207,0.00023840735
39079,208,0.00025391922
39079,209,0.00027686346
39079,210,0.00022276287
39079,211,0.00014378804
39079,212,0.00011419043
39079,213,9.956225e-05
39079,214,8.545476e-05
39079,215,5.284864e-05
39083,73,0.24720159
39083,74,0.2485087
39083,75,0.24639472
39083,76,0.24344179
39083,77,0.23832893
39083,78,0.23365694
39083,79,0.22686896
39083,80,0.21939364
39083,81,0.21257621
39083,82,0.20561239
39083,83,0.19801782
39083,84,0.19037335
39083,85,0.18349032
39083,86,0.17661165
39083,87,0.1690621
39083,88,0.16003472
39083,89,0.15055436
39083,90,0.13974327
39083,91,0.1307307
39083,92,0.12238526
39083,93,0.11696109
39083,94,0.11064579
39083,95,0.104686975
39083,96,0.10110069
39083,97,0.096925125
39083,98,0.09327665
39083,99,0.091155976
39083,100,0.089755945
39083,101,0.08805804
39083,102,0.0861386
39083,103,0.083605126
39083,104,0.08020833
39083,105,0.07718615
39083,106,0.076407105
39083,107,0.07371433
39083,108,0.07139088
39083,109,0.06718056
39083,110,0.06341826
39083,111,0.06002271
39083,112,0.057809424
39083,113,0.05378098
39083,114,0.048725944
39083,115,0.044914756
39083,116,0.03957402
39083,117,0.037758835
39083,118,0.034552287
39083,119,0.032828044
39083,120,0.030998638
39083,121,0.02983033
39083,122,0.029620182
39083,123,0.029917305
39083,124,0.032772828
39083,125,0.030359786
39083,126,0.032889683
39083,127,0.033640824
39083,128,0.031172648
39083,129,0.028678777
39083,130,0.025801439
39083,131,0.02306275
39083,132,0.022615083
39083,133,0.018495832
39083,134,0.015618315
39083,135,0.013609285
39083,136,0.011440541
39083,137,0.0092969155
39083,138,0.007533915
39083,139,0.005891144
39083,140,0.004686585
39083,141,0.00410295
39083,142,0.0034779846
39083,143,0.0031714216
39083,144,0.0028989478
39083,145,0.00278808
39083,146,0.0023786167
39083,147,0.0024100472
39083,148,0.0023837222
39083,149,0.0025074068
39083,150,0.0027257726
39083,151,0.002704701
39083,152,0.0026525846
39083,153,0.002780573
39083,154,0.0026518574
39083,155,0.0025233317
39083,156,0.0021649606
39083,157,0.0017988707
39083,158,0.0012958591
39083,159,0.0010763273
39083,160,0.00089696824
39083,161,0.0006698372
39083,162,0.00050510553
39083,163,0.00039921698
39083,164,0.00030735333
39083,165,0.0002326662
39083,166,0.00014780015
39083,167,0.000111446745
39083,168,0.00011409014
39083,169,0.00012426835
39083,170,0.00013003603
39083,171,0.00016562901
39083,172,0.00019273678
39083,173,0.00022056632
39083,174,0.00026566064
39083,175,0.00028742143
39083,176,0.00029882073
39083,177,0.00037033347
39083,178,0.00041838438
39083,179,0.00040621933
39083,180,0.00041181687
39083,181,0.00037890655
39083,182,0.00026853717
39083,183,0.00021542748
39083,184,0.00012229185
39083,185,9.09094e-05
39083,186,6.467378e-05
39083,187,3.4309935e-05
39083,188,9.6519825e-06
39083,189,2.594804e-06
39083,190,1.938371e-06
39083,191,2.4574679e-06
39083,192,2.737202e-06
39083,193,2.2896756e-06
39083,194,5.3853782e-06
39083,195,1.0829844e-05
39083,196,3.7089394e-05
39083,197,7.309293e-05
39083,198,0.00012606745
39083,199,0.00014204314
39083,200,0.00021671364
39083,201,0.00023939853
39083,202,0.00023199937
39083,203,0.00024620368
39083,204,0.00025160247
39083,205,0.00022485331
39083,206,0.00024043494
39083,207,0.00016514394
39083,208,0.00010182704
39083,209,5.62443e-05
39083,210,5.9797596e-05
39083,211,2.2750164e-05
39083,212,1.52348075e-05
39083,213,3.6560562e-06
39083,214,2.3815105e-06
39083,215,3.7843512e-07
42001,73,0.0019047451
42001,74,0.0012782802
42001,75,0.0011254167
42001,76,0.0009906892
42001,77,0.00088779366
42001,78,0.0009040236
42001,79,0.0012716998
42001,80,0.001964116
42001,81,0.0023703382
42001,82,0.0024634092
42001,83,0.0023815315
42001,84,0.0021913156
42001,85,0.002001949
42001,86,0.001646861
42001,87,0.00133276
42001,88,0.000916923
42001,89,0.00068409793
42001,90,0.00049437303
42001,91,0.00023458079
42001,92,0.0002087338
42001,93,0.00017405167
42001,94,0.00012987274
42001,95,0.000121194564
42001,96,0.00015772007
42001,97,0.0001190925
42001,98,2.1835995e-05
42001,99,2.2685901e-05
42001,100,3.4334633e-05
42001,101,4.465451e-05
42001,102,4.5305922e-05
42001,103,5.2533298e-05
42001,104,3.4191293e-05
42001,105,4.055442e-05
42001,106,8.731325e-05
42001,107,0.0001298766
42001,108,0.00015118494
42001,109,0.00016292729
42001,110,0.00017087719
42001,111,0.0001406208
42001,112,0.00011811834
42001,113,0.0001317456
42001,114,0.00015670946
42001,115,9.19734e-05
42001,116,0.000104966435
42001,117,0.000112412
42001,118,0.00011901005
42001,119,2.630068e-05
42001,120,3.5621837e-05
42001,121,4.7593458e-05
42001,122,5.917096e-05
42001,123,3.136105e-06
42001,124,6.157041e-06
42001,125,1.1306454e-06
42001,126,1.954052e-06
42001,127,2.4054509e-05
42001,128,4.9863807e-05
42001,129,0.00013072189
42001,130,0.00023043096
42001,131,0.00030630772
42001,132,0.0003020368
42001,133,0.00038693455
42001,134,0.000338916
42001,135,0.00019527672
42001,136,0.00029318765
42001,137,0.00052125036
42001,138,0.00068089605
42001,139,0.0010014388
42001,140,0.0024070572
42001,141,0.003598905
42001,142,0.0046529863
42001,143,0.0050640316
42001,144,0.0055923923
42001,145,0.00558154
42001,146,0.004714149
42001,147,0.0041912254
42001,148,0.0039673885
42001,149,0.0036795745
42001,150,0.003574463
42001,151,0.003208927
42001,152,0.002884109
42001,153,0.0024337107
42001,154,0.0021692938
42001,155,0.0019402779
42001,156,0.0017319013
42001,157,0.0014338718
42001,158,0.0012368748
42001,159,0.0012382888
42001,160,0.0012440843
42001,161,0.0011006307
42001,162,0.0010451754
42001,163,0.0009877108
42001,164,0.00065654493
42001,165,0.0005025481
42001,166,0.00041601007
42001,167,0.00038874167
42001,168,0.00033979103
42001,169,0.00034592976
42001,170,0.00024257773
42001,171,0.00022155645
42001,172,0.00020038061
42001,173,0.00015362463
42001,174,9.96895e-05
42001,175,8.17335e-05
42001,176,0.00012627446
42001,177,0.00016775128
42001,178,0.0001260998
42001,179,5.5059776e-05
42001,180,4.5946927e-05
42001,181,6.678056e-05
42001,182,0.00011068675
42001,183,0.0001768396
42001,184,0.00021205298
42001,185,0.00026284947
42001,186,0.0002036584
42001,187,0.00016192318
42001,188,0.00012809825
42001,189,9.4757415e-05
42001,190,6.658729e-05
42001,191,6.214852e-05
42001,192,2.864992e-05
42001,193,2.6072432e-05
42001,194,7.866976e-05
42001,195,9.4033276e-05
42001,196,3.0213241e-05
42001,197,4.2981624e-06
42001,198,1.744189e-06
42001,199,1.3250003e-06
42001,200,2.894508e-06
42001,201,3.8129356e-06
42001,202,1.5039042e-06
42001,203,1.7377366e-06
42001,204,2.23612e-06
42001,205,4.434066e-06
42001,206,1.23326845e-05
42001,207,3.0860632e-05
42001,208,5.2010495e-05
42001,209,4.5856163e-05
42001,210,4.1874806e-05
42001,211,3.4931116e-05
42001,212,2.8396713e-05
42001,213,1.1536804e-05
42001,214,3.2498629e-06
42001,215,6.6367625e-07
42003,73,0.12945156
42003,74,0.12320649
42003,75,0.11936558
42003,76,0.115295306
42003,77,0.1118331
42003,78,0.10829459
42003,79,0.10612668
42003,80,0.103699915
42003,81,0.100302674
42003,82,0.097587354
42003,83,0.094748154
42003,84,0.091779135
42003,85,0.088061444
42003,86,0.08382411
42003,87,0.07931735
42003,88,0.07466341
42003,89,0.07077393
42003,90,0.065570325
42003,91,0.058897533
42003,92,0.055050474
42003,93,0.052741047
42003,94,0.04988253
42003,95,0.047662444
42003,96,0.046499733
42003,97,0.044462018
42003,98,0.042957626
42003,99,0.042197905
42003,100,0.040573835
42003,101,0.03887645
42003,102,0.037728965
42003,103,0.036798414
42003,104,0.03459486
42003,105,0.03427794
42003,106,0.03359182
42003,107,0.032683216
42003,108,0.032527283
42003,109,0.03138766
42003,110,0.03051795
42003,111,0.03011266
42003,112,0.02925265
42003,113,0.028440764
42003,114,0.026705358
42003,115,0.02518474
42003,116,0.023841344
42003,117,0.02257581
42003,118,0.021780226
42003,119,0.021539005
42003,120,0.021224694
42003,121,0.021376813
42003,122,0.021316476
42003,123,0.020911233
42003,124,0.020656412
42003,125,0.019984853
42003,126,0.019647935
42003,127,0.020711765
42003,128,0.020718686
42003,129,0.020818004
42003,130,0.019484129
42003,131,0.018922009
42003,132,0.018016415
42003,133,0.017106943
42003,134,0.015578847
42003,135,0.014703965
42003,136,0.013155123
42003,137,0.013082124
42003,138,0.01167509
42003,139,0.010182248
42003,140,0.009709279
42003,141,0.008240192
42003,142,0.006263616
42003,143,0.0052781682
42003,144,0.004947562
42003,145,0.004845066
42003,146,0.004744978
42003,147,0.0044749095
42003,148,0.004492332
42003,149,0.0044979234
42003,150,0.004272607
42003,151,0.005267158
42003,152,0.0044671237
42003,153,0.004300151
42003,154,0.0042924117
42003,155,0.0043310653
42003,156,0.0045118807
42003,157,0.0043055504
42003,158,0.0039969785
42003,159,0.0037955847
42003,160,0.004291846
42003,161,0.003593913
42003,162,0.0029365653
42003,163,0.0025986996
42003,164,0.0021893769
42003,165,0.0019746812
42003,166,0.0015447395
42003,167,0.0013480044
42003,168,0.0013841554
42003,169,0.0013081623
42003,170,0.0009916704
42003,171,0.0008349825
42003,172,0.0007911704
42003,173,0.0008293172
42003,174,0.0007674905
42003,175,0.0008352328
42003,176,0.00088724634
42003,177,0.0010149444
42003,178,0.0012199306
42003,179,0.0012742203
42003,180,0.0013095535
42003,181,0.0013566823
42003,182,0.0013886206
42003,183,0.0014317887
42003,184,0.001359783
42003,185,0.0011757892
42003,186,0.0010443476
42003,187,0.00084234955
42003,188,0.000751852
42003,189,0.00063572655
42003,190,0.0005758366
42003,191,0.0005362065
42003,192,0.0005125658
42003,193,0.0005259283
42003,194,0.00055728137
42003,195,0.00064159627
42003,196,0.0006931465
42003,197,0.0007471097
42003,198,0.00080087763
42003,199,0.000818104
42003,200,0.0009259725
42003,201,0.0010018271
42003,202,0.0010102481
42003,203,0.00094937126
42003,204,0.0010343805
42003,205,0.0012450797
42003,206,0.0013690171
42003,207,0.0014403485
42003,208,0.0013361169
42003,209,0.0014458273
42003,210,0.001436605
42003,211,0.0010671763
42003,212,0.00078000186
42003,213,0.00066157675
42003,214,0.00088241784
42003,215,0.00068990537
42011,73,5.6485682e-05
42011,74,0.0
42011,75,0.0
42011,76,2.9061878e-06
42011,77,2.151098e-05
42011,78,8.260207e-05
42011,79,0.000259728
42011,80,0.00041306968
42011,81,0.0006556315
42011,82,0.0007843327
42011,83,0.0009719299
42011,84,0.0011093303
42011,85,0.0010698814
42011,86,0.0010642582
42011,87,0.000976289
42011,88,0.0008802038
42011,89,0.00072977593
42011,90,0.0005716823
42011,91,0.00043621677
42011,92,0.00041788444
42011,93,0.00028407917
42011,94,0.00023456867
42011,95,0.00015182636
42011,96,0.00016530175
42011,97,0.000113363254
42011,98,9.63121e-05
42011,99,7.127368e-05
42011,100,7.00824e-05
42011,101,8.4566054e-05
42011,102,0.00013255484
42011,103,0.00013800849
42011,104,0.0002115654
42011,105,0.00023520716
42011,106,0.00037104447
42011,107,0.00036931262
42011,108,0.00035435337
42011,109,0.00033654156
42011,110,0.00036621655
42011,111,0.0002550523
42011,112,0.00020928495
42011,113,0.00019331349
42011,114,0.00021849222
42011,115,0.00021534135
42011,116,0.00016055634
42011,117,0.00011199764
42011,118,0.00010720513
42011,119,9.1868445e-05
42011,120,6.6259134e-05
42011,121,9.831639e-05
42011,122,6.403455e-05
42011,123,5.252425e-05
42011,124,7.323327e-05
42011,125,9.252617e-05
42011,126,8.8292065e-05
42011,127,9.001736e-05
42011,128,6.846926e-05
42011,129,7.237043e-05
42011,130,0.000267823
42011,131,0.00042044473
42011,132,0.00078977324
42011,133,0.0010606328
42011,134,0.0013515495
42011,135,0.0014457341
42011,136,0.0014148158
42011,137,0.0014755087
42011,138,0.001709911
42011,139,0.0017349465
42011,140,0.0017238306
42011,141,0.0022026235
42011,142,0.004044052
42011,143,0.005283318
42011,144,0.005789225
42011,145,0.0061904425
42011,146,0.006332087
42011,147,0.0061892215
42011,148,0.005937513
42011,149,0.0057164496
42011,150,0.00531233
42011,151,0.0050079185
42011,152,0.0046861027
42011,153,0.0044069067
42011,154,0.003887514
42011,155,0.0035385557
42011,156,0.0031970986
42011,157,0.0028107197
42011,158,0.0023006622
42011,159,0.0019059893
42011,160,0.001690783
42011,161,0.0014093342
42011,162,0.0012819116
42011,163,0.0011494171
42011,164,0.0010438357
42011,165,0.00095404347
42011,166,0.0008780839
42011,167,0.000859471
42011,168,0.0007687669
42011,169,0.000729186
42011,170,0.00068195985
42011,171,0.0006554959
42011,172,0.0006328677
42011,173,0.00037854406
42011,174,0.00024142601
42011,175,9.139494e-05
42011,176,0.0002934417
42011,177,8.811907e-05
42011,178,0.00025781436
42011,179,0.00016350398
42011,180,0.000107233405
42011,181,5.4168326e-05
42011,182,5.4406115e-05
42011,183,4.2603737e-05
42011,184,2.5223708e-05
42011,185,2.6252095e-05
42011,186,1.654738e-05
42011,187,1.5591337e-05
42011,188,2.2587197e-05
42011,189,2.417305e-05
42011,190,2.161484e-05
42011,191,1.2227972e-05
42011,192,3.6225467e-06
42011,193,1.516859e-06
42011,194,1.2138532e-06
42011,195,1.7165113e-06
42011,196,1.8293618e-06
42011,197,1.5904683e-06
42011,198,8.5649424e-07
42011,199,6.782648e-07
42011,200,1.620075e-07
42011,201,1.1047803e-08
42011,202,0.0
42011,203,0.0
42011,204,0.0
42011,205,0.0
42011,206,0.0
42011,207,3.8390095e-08
42011,208,7.587722e-08
42011,209,6.949259e-08
42011,210,0.0
42011,211,1.6013868e-06
42011,212,2.1836447e-06
42011,213,5.527365e-07
42011,214,4.4537682e-08
42011,215,0.0
42017,73,5.2728414e-05
42017,74,2.7998714e-05
42017,75,5.058244e-05
42017,76,8.3844374e-05
42017,77,9.579508e-05
42017,78,0.00013534988
42017,79,0.00028674767
42017,80,0.0007346116
42017,81,0.0010245511
42017,82,0.0012367222
42017,83,0.0013438598
42017,84,0.0013378009
42017,85,0.0012727369
42017,86,0.001208437
42017,87,0.0011151785
42017,88,0.000980901
42017,89,0.00086041534
42017,90,0.00076926
42017,91,0.0006687723
42017,92,0.0005286369
42017,93,0.00059602916
42017,94,0.0004588813
42017,95,0.00031611032
42017,96,0.0003059291
42017,97,0.00022767433
42017,98,0.00022160752
42017,99,0.0001628756
42017,100,0.00018206896
42017,101,0.00018845798
42017,102,0.00019110029
42017,103,0.00021107071
42017,104,0.00027644343
42017,105,0.0002951061
42017,106,0.00031577644
42017,107,0.0002816716
42017,108,0.0002667551
42017,109,0.00024897716
42017,110,0.00022587697
42017,111,0.00019671893
42017,112,0.0001996558
42017,113,0.00017352052
42017,114,0.00015010581
42017,115,0.00016692888
42017,116,0.00015190063
42017,117,0.0001640512
42017,118,0.00015713672
42017,119,0.00016250693
42017,120,0.00014638464
42017,121,0.00015569963
42017,122,0.00020971363
42017,123,0.00028826727
42017,124,0.00032760354
42017,125,0.0004520073
42017,126,0.0005155108
42017,127,0.00059940084
42017,128,0.0006650107
42017,129,0.0007445251
42017,130,0.0007451374
42017,131,0.0008303821
42017,132,0.0009077703
42017,133,0.0011445167
42017,134,0.0014525384
42017,135,0.0015502672
42017,136,0.0014963093
42017,137,0.0015902475
42017,138,0.0018257801
42017,139,0.0021164468
42017,140,0.0021844804
42017,141,0.0027091356
42017,142,0.0038754619
42017,143,0.0069208844
42017,144,0.009214493
42017,145,0.010401892
42017,146,0.011018158
42017,147,0.011155912
42017,148,0.011056454
42017,149,0.010338193
42017,150,0.009603519
42017,151,0.009067197
42017,152,0.008603003
42017,153,0.00808222
42017,154,0.0073851375
42017,155,0.0069241435
42017,156,0.006378557
42017,157,0.0058809896
42017,158,0.0052315663
42017,159,0.0045798765
42017,160,0.004225468
42017,161,0.003853109
42017,162,0.0034617088
42017,163,0.0031766393
42017,164,0.002905293
42017,165,0.002740741
42017,166,0.002616198
42017,167,0.002213661
42017,168,0.00206553
42017,169,0.0019880545
42017,170,0.002080644
42017,171,0.0021379143
42017,172,0.0021593599
42017,173,0.001837092
42017,174,0.0011492319
42017,175,0.0014974113
42017,176,0.0017368239
42017,177,0.0016350122
42017,178,0.0015386082
42017,179,0.0014024687
42017,180,0.0007618899
42017,181,0.00042649868
42017,182,0.00037873595
42017,183,0.0004007134
42017,184,0.00038307617
42017,185,0.0003115925
42017,186,0.00025407464
42017,187,0.00019017402
42017,188,0.00015219307
42017,189,9.897156e-05
42017,190,7.450518e-05
42017,191,6.9434216e-05
42017,192,6.5169e-05
42017,193,6.706695e-05
42017,194,6.664224e-05
42017,195,7.951013e-05
42017,196,8.714366e-05
42017,197,8.9320216e-05
42017,198,0.00010593098
42017,199,0.00011208717
42017,200,0.00010756433
42017,201,0.000113015536
42017,202,0.00010341488
42017,203,8.579659e-05
42017,204,9.287551e-05
42017,205,0.00010374597
42017,206,7.784209e-05
42017,207,7.927523e-05
42017,208,0.00011361002
42017,209,8.74638e-05
42017,210,5.0360173e-05
42017,211,2.1978483e-05
42017,212,2.2614831e-05
42017,213,1.1059571e-05
42017,214,1.5615755e-05
42017,215,2.3371189e-05
42037,73,0.00015429965
42037,74,0.00016552827
42037,75,0.0002269087
42037,76,0.00021845952
42037,77,0.00059614104
42037,78,0.0009313881
42037,79,0.0011330064
42037,80,0.0014705021
42037,81,0.0014982028
42037,82,0.0015329182
42037,83,0.0015708565
42037,84,0.0015564823
42037,85,0.0015379734
42037,86,0.0013254911
42037,87,0.001044951
42037,88,0.00094438373
42037,89,0.000805635
42037,90,0.00074444996
42037,91,0.00041392018
42037,92,0.0002837254
42037,93,8.092291e-05
42037,94,9.1510505e-05
42037,95,6.9790825e-05
42037,96,4.948819e-05
42037,97,4.376001e-05
42037,98,4.5095658e-05
42037,99,4.2141302e-05
42037,100,5.0951792e-05
42037,101,7.276421e-05
42037,102,8.876867e-05
42037,103,0.00012979795
42037,104,0.00014640164
42037,105,0.00013559806
42037,106,0.00030576775
42037,107,0.00037234952
42037,108,0.00058916805
42037,109,0.0004919607
42037,110,0.00054218963
42037,111,0.00060063304
42037,112,0.0006509208
42037,113,0.0006493026
42037,114,0.0006260652
42037,115,0.00083461194
42037,116,0.00084042584
42037,117,0.00064118474
42037,118,0.0006722959
42037,119,0.00058265385
42037,120,0.00048724565
42037,121,0.00043510704
42037,122,0.00042395276
42037,123,0.00041540686
42037,124,0.00046557863
42037,125,0.00038396675
42037,126,0.00036193468
42037,127,0.00043106388
42037,128,0.00044079006
42037,129,0.00062050653
42037,130,0.0008082151
42037,131,0.0010664148
42037,132,0.0011567586
42037,133,0.0010606882
42037,134,0.0011157781
42037,135,0.0011056174
42037,136,0.0010432918
42037,137,0.0008974338
42037,138,0.00071940775
42037,139,0.0008192002
42037,140,0.0015724896
42037,141,0.0036542523
42037,142,0.0036637376
42037,143,0.004047833
42037,144,0.004534332
42037,145,0.005080262
42037,146,0.0048146793
42037,147,0.004202162
42037,148,0.0033951155
42037,149,0.0032959045
42037,150,0.0029257922
42037,151,0.002568786
42037,152,0.0025768336
42037,153,0.0024711317
42037,154,0.0022028498
42037,155,0.0017702734
42037,156,0.0013605632
42037,157,0.0009894839
42037,158,0.00086452183
42037,159,0.0007869556
42037,160,0.00074867404
42037,161,0.0007763902
42037,162,0.000840869
42037,163,0.000754852
42037,164,0.0006670707
42037,165,0.00053351326
42037,166,0.00042110521
42037,167,0.00036657
42037,168,0.00024211571
42037,169,0.00021404502
42037,170,0.00016063997
42037,171,0.0001491747
42037,172,5.3237825e-05
42037,173,2.8348963e-05
42037,174,2.988373e-06
42037,175,0.0
42037,176,9.946035e-08
42037,177,2.0853362e-05
42037,178,2.3651051e-05
42037,179,2.2458087e-05
42037,180,4.2644977e-05
42037,181,2.0658674e-05
42037,182,1.5613701e-05
42037,183,4.6037807e-05
42037,184,4.883415e-05
42037,185,8.657708e-05
42037,186,5.803179e-05
42037,187,5.2095485e-05
42037,188,4.866199e-05
42037,189,3.3667366e-05
42037,190,2.6402438e-05
42037,191,2.1223625e-05
42037,192,2.8330742e-05
42037,193,5.512366e-05
42037,194,6.996018e-05
42037,195,8.319774e-05
42037,196,0.00011028457
42037,197,0.00012714625
42037,198,7.2193216e-05
42037,199,0.00011573643
42037,200,0.00016689407
42037,201,0.00016678359
42037,202,0.00016452896
42037,203,0.00015943432
42037,204,0.00012556146
42037,205,0.000117763404
42037,206,0.00011759684
42037,207,0.00012112182
42037,208,0.00012621825
42037,209,8.115881e-05
42037,210,0.00010022841
42037,211,5.2429754e-05
42037,212,3.6029105e-05
42037,213,9.026947e-05
42037,214,6.5496606e-05
42037,215,4.6489782e-05
42071,73,5.77049e-05
42071,74,6.111414e-06
42071,75,1.6467216e-05
42071,76,7.841786e-05
42071,77,0.00016229828
42071,78,0.00033368912
42071,79,0.0005178248
42071,80,0.0004982152
42071,81,0.0006730387
42071,82,0.0007228855
42071,83,0.00086759543
42071,84,0.00094243104
42071,85,0.0009138561
42071,86,0.00086820684
42071,87,0.0008555845
42071,88,0.0007352193
42071,89,0.0005936876
42071,90,0.0004204544
42071,91,0.00026068086
42071,92,0.0002461434
42071,93,0.00023254032
42071,94,0.0002226366
42071,95,0.00018359181
42071,96,8.9590816e-05
42071,97,4.9710052e-05
42071,98,3.4293655e-05
42071,99,2.96205e-05
42071,100,3.3910714e-05
42071,101,3.2742973e-05
42071,102,3.3156583e-05
42071,103,5.0127113e-05
42071,104,8.7291366e-05
42071,105,0.00016235349
42071,106,0.00023145342
42071,107,0.00019704206
42071,108,0.00016986577
42071,109,0.00016937946
42071,110,0.00014469448
42071,111,0.00011762821
42071,112,0.00011397629
42071,113,0.00014172061
42071,114,0.00017189773
42071,115,0.00013623528
42071,116,0.00013092718
42071,117,0.00012796816
42071,118,0.00014805437
42071,119,0.00012749668
42071,120,0.00013418926
42071,121,0.00021160243
42071,122,0.00024572873
42071,123,0.0003032744
42071,124,0.0003362967
42071,125,0.00034308794
42071,126,0.00040363177
42071,127,0.00036339107
42071,128,0.00037182652
42071,129,0.0003600911
42071,130,0.00039601375
42071,131,0.0005828148
42071,132,0.0010150203
42071,133,0.0013460554
42071,134,0.0015252052
42071,135,0.0016451861
42071,136,0.00179821
42071,137,0.0018727505
42071,138,0.0018132139
42071,139,0.0020689506
42071,140,0.0025820553
42071,141,0.0051417258
42071,142,0.007862531
42071,143,0.00922789
42071,144,0.010136912
42071,145,0.010659066
42071,146,0.010613236
42071,147,0.009311158
42071,148,0.008457842
42071,149,0.007857296
42071,150,0.007415509
42071,151,0.0069702244
42071,152,0.006551066
42071,153,0.0059919916
42071,154,0.0054021305
42071,155,0.004981521
42071,156,0.004529152
42071,157,0.0040216367
42071,158,0.0034771406
42071,159,0.0031706092
42071,160,0.0028717248
42071,161,0.0024928087
42071,162,0.00224034
42071,163,0.0021139411
42071,164,0.0019900424
42071,165,0.0015234649
42071,166,0.001396342
42071,167,0.0012491433
42071,168,0.0011159102
42071,169,0.0009555912
42071,170,0.00081071915
42071,171,0.0007759162
42071,172,0.000779346
42071,173,0.00059938635
42071,174,0.00043610405
42071,175,0.00041828793
42071,176,0.0003446603
42071,177,0.00025088116
42071,178,9.536548e-05
42071,179,7.9188176e-05
42071,180,5.0145456e-05
42071,181,5.719284e-05
42071,182,5.677176e-05
42071,183,4.390733e-05
42071,184,2.2258646e-05
42071,185,1.8606892e-05
42071,186,1.50477745e-05
42071,187,1.7865725e-05
42071,188,1.905709e-05
42071,189,1.4767628e-05
42071,190,1.1563148e-05
42071,191,3.331496e-06
42071,192,5.223211e-07
42071,193,6.208741e-07
42071,194,1.7586816e-06
42071,195,2.3895723e-06
42071,196,3.2183277e-06
42071,197,3.4077352e-06
42071,198,2.1875637e-06
42071,199,2.1228159e-06
42071,200,1.1552685e-06
42071,201,6.189391e-07
42071,202,5.7604683e-07
42071,203,2.5358027e-08
42071,204,0.0
42071,205,0.0
42071,206,0.0
42071,207,6.073688e-07
42071,208,6.9772554e-08
42071,209,0.0
42071,210,8.015705e-12
42071,211,5.3224916e-08
42071,212,3.06703e-08
42071,213,0.0
42071,214,0.0
42071,215,0.0
42073,73,0.038605183
42073,74,0.04142545
42073,75,0.04117188
42073,76,0.0409232
42073,77,0.039643478
42073,78,0.038032435
42073,79,0.036043786
42073,80,0.034480255
42073,81,0.032291315
42073,82,0.029360345
42073,83,0.026860476
42073,84,0.024390018
42073,85,0.021873532
42073,86,0.01949784
42073,87,0.017801505
42073,88,0.015754387
42073,89,0.013658986
42073,90,0.012179469
42073,91,0.010062686
42073,92,0.008858687
42073,93,0.007740739
42073,94,0.00659885
42073,95,0.0056714243
42073,96,0.005666728
42073,97,0.005413315
42073,98,0.0055535836
42073,99,0.005197751
42073,100,0.0052759307
42073,101,0.005248977
42073,102,0.0051188464
42073,103,0.005242693
42073,104,0.0049301744
42073,105,0.0047195274
42073,106,0.004508715
42073,107,0.0042548645
42073,108,0.0041203354
42073,109,0.003825989
42073,110,0.0037626792
42073,111,0.003941747
42073,112,0.0039936407
42073,113,0.0039773504
42073,114,0.003668672
42073,115,0.0034568324
42073,116,0.0036477884
42073,117,0.0034263826
42073,118,0.0033381784
42073,119,0.0030103344
42073,120,0.0025933671
42073,121,0.0023737473
42073,122,0.0021023024
42073,123,0.0018635745
42073,124,0.0016246508
42073,125,0.0014294429
42073,126,0.0013723315
42073,127,0.0017249252
42073,128,0.0021048984
42073,129,0.0024186461
42073,130,0.0028442612
42073,131,0.0030685363
42073,132,0.002929567
42073,133,0.0028357196
42073,134,0.002334777
42073,135,0.0018870087
42073,136,0.0014529899
42073,137,0.0011604556
42073,138,0.0010482045
42073,139,0.0009857814
42073,140,0.0011952444
42073,141,0.0013433461
42073,142,0.0013311525
42073,143,0.0011846927
42073,144,0.0011418753
42073,145,0.001172903
42073,146,0.001097207
42073,147,0.0010514851
42073,148,0.0011020156
42073,149,0.0011365009
42073,150,0.001062884
42073,151,0.0010374277
42073,152,0.0010259537
42073,153,0.0011927253
42073,154,0.0010777297
42073,155,0.00095623935
42073,156,0.0009161427
42073,157,0.0008119337
42073,158,0.0006707769
42073,159,0.0005982389
42073,160,0.0005414629
42073,161,0.00049181917
42073,162,0.00048861164
42073,163,0.00034582627
42073,164,0.0002162309
42073,165,0.00018964261
42073,166,0.00015312836
42073,167,0.00015222702
42073,168,0.000236272
42073,169,0.00022917562
42073,170,0.00023390219
42073,171,0.00016030081
42073,172,0.00011935964
42073,173,0.000115427625
42073,174,0.0001306633
42073,175,0.0001219499
42073,176,0.00015121706
42073,177,0.00020048827
42073,178,0.00031588905
42073,179,0.0003401531
42073,180,0.00030403087
42073,181,0.00025777923
42073,182,0.00025667273
42073,183,0.00024124482
42073,184,0.0002074909
42073,185,0.00015766738
42073,186,0.00014574172
42073,187,0.00013186426
42073,188,8.8651286e-05
42073,189,6.929817e-05
42073,190,6.358083e-05
42073,191,6.44313e-05
42073,192,5.398581e-05
42073,193,5.547118e-05
42073,194,5.7699814e-05
42073,195,5.639722e-05
42073,196,6.456082e-05
42073,197,7.956883e-05
42073,198,7.560339e-05
42073,199,6.418521e-05
42073,200,9.442647e-05
42073,201,0.00011407144
42073,202,0.00012193897
42073,203,0.0001332955
42073,204,0.00014535348
42073,205,0.00017423373
42073,206,0.00019962301
42073,207,0.00020619803
42073,208,0.00019865805
42073,209,0.0002172292
42073,210,0.00017542088
42073,211,0.00015007194
42073,212,0.00015922969
42073,213,0.00012907806
42073,214,7.666969e-05
42073,215,3.466962e-05
42087,73,0.017990664
42087,74,0.01071158
42087,75,0.0076626916
42087,76,0.0068869353
42087,77,0.007655774
42087,78,0.007944348
42087,79,0.008304897
42087,80,0.008540815
42087,81,0.009053651
42087,82,0.00904746
42087,83,0.008997084
42087,84,0.008852839
42087,85,0.00819019
42087,86,0.007647788
42087,87,0.0066543138
42087,88,0.0058920668
42087,89,0.0052225594
42087,90,0.004553524
42087,91,0.003625907
42087,92,0.0023975605
42087,93,0.0015172757
42087,94,0.0010256508
42087,95,0.0007993422
42087,96,0.0005784732
42087,97,0.00043831472
42087,98,0.00040443667
42087,99,0.00042425538
42087,100,0.0005147411
42087,101,0.00061974046
42087,102,0.0006627975
42087,103,0.00080586947
42087,104,0.0010791114
42087,105,0.0010601728
42087,106,0.0010516786
42087,107,0.0010640562
42087,108,0.00094706065
42087,109,0.00096368126
42087,110,0.0007726821
42087,111,0.0007740716
42087,112,0.0006850961
42087,113,0.000615037
42087,114,0.0005476788
42087,115,0.00066021626
42087,116,0.0006534619
42087,117,0.0005608699
42087,118,0.00056837907
42087,119,0.00065120676
42087,120,0.00086293375
42087,121,0.00094485463
42087,122,0.00087358453
42087,123,0.00077343377
42087,124,0.00063394284
42087,125,0.000644312
42087,126,0.00056303845
42087,127,0.00044070437
42087,128,0.0005971481
42087,129,0.0007849535
42087,130,0.0011618313
42087,131,0.0015760537
42087,132,0.0018033724
42087,133,0.001829621
42087,134,0.0015172033
42087,135,0.0018574959
42087,136,0.002170134
42087,137,0.0029848039
42087,138,0.0033981868
42087,139,0.0033947765
42087,140,0.0033525547
42087,141,0.0032602474
42087,142,0.0027390115
42087,143,0.0034396043
42087,144,0.00440925
42087,145,0.004849829
42087,146,0.005123068
42087,147,0.0052046156
42087,148,0.005282057
42087,149,0.005009174
42087,150,0.0046643363
42087,151,0.0043906365
42087,152,0.0039169923
42087,153,0.0038028692
42087,154,0.0033371854
42087,155,0.0026892016
42087,156,0.0023300713
42087,157,0.0021004127
42087,158,0.0020757187
42087,159,0.0019119285
42087,160,0.0017247077
42087,161,0.0016573865
42087,162,0.0014504141
42087,163,0.001221507
42087,164,0.001039641
42087,165,0.00080205506
42087,166,0.00065738044
42087,167,0.0006259086
42087,168,0.00065676065
42087,169,0.00073229556
42087,170,0.0007399419
42087,171,0.0007939958
42087,172,0.0007389922
42087,173,0.00049351354
42087,174,0.00031898677
42087,175,0.00033219514
42087,176,0.00037749813
42087,177,0.00057578384
42087,178,0.00063158595
42087,179,0.00064934115
42087,180,0.0005459267
42087,181,0.0005623381
42087,182,0.00056221907
42087,183,0.0006242057
42087,184,0.0005722325
42087,185,0.0004537654
42087,186,0.00030195675
42087,187,0.00019358938
42087,188,8.945158e-05
42087,189,6.369841e-05
42087,190,6.239158e-05
42087,191,4.253909e-05
42087,192,4.105167e-05
42087,193,4.1488394e-05
42087,194,4.3324406e-05
42087,195,7.380936e-05
42087,196,7.199952e-05
42087,197,6.142378e-05
42087,198,5.3007898e-05
42087,199,3.6555706e-05
42087,200,3.6787253e-05
42087,201,0.000114001334
42087,202,9.5921096e-05
42087,203,0.00011014801
42087,204,0.000103272694
42087,205,0.00010634613
42087,206,0.00014509838
42087,207,0.00022742512
42087,208,0.00039206137
42087,209,0.00036470965
42087,210,0.00016894216
42087,211,0.000113502254
42087,212,5.8137623e-05
42087,213,7.7008684e-05
42087,214,1.6321872e-05
42087,215,1.2598154e-05
42093,73,0.00013612137
42093,74,0.00022684841
42093,75,0.00014783208
42093,76,0.00032049548
42093,77,0.00071902445
42093,78,0.0011158618
42093,79,0.001511972
42093,80,0.0021858118
42093,81,0.0023496754
42093,82,0.0022736823
42093,83,0.0023797988
42093,84,0.0023902333
42093,85,0.0021513596
42093,86,0.001843289
42093,87,0.001478181
42093,88,0.0011853871
42093,89,0.00083070976
42093,90,0.0005757672
42093,91,0.0003082559
42093,92,0.00023111573
42093,93,0.00018829705
42093,94,0.00017127208
42093,95,0.00014624384
42093,96,4.6343004e-05
42093,97,4.7721656e-05
42093,98,5.344508e-05
42093,99,3.0751846e-05
42093,100,4.435708e-05
42093,101,8.42077e-05
42093,102,0.00011819888
42093,103,0.0001813423
42093,104,0.00018955402
42093,105,0.00016184642
42093,106,0.00026697834
42093,107,0.00022701686
42093,108,0.0002839611
42093,109,0.00022155272
42093,110,0.0001737532
42093,111,0.00015718142
42093,112,0.00013279046
42093,113,8.978855e-05
42093,114,4.757824e-05
42093,115,5.796422e-05
42093,116,4.6028217e-05
42093,117,3.4892742e-05
42093,118,5.4370634e-05
42093,119,7.1025046e-05
42093,120,6.202906e-05
42093,121,7.083027e-05
42093,122,4.1435553e-05
42093,123,3.9298087e-05
42093,124,9.763684e-05
42093,125,5.9812144e-05
42093,126,6.979393e-05
42093,127,0.000113357615
42093,128,0.0001716009
42093,129,0.00038793802
42093,130,0.00064099213
42093,131,0.0008409787
42093,132,0.0007845227
42093,133,0.00081057573
42093,134,0.00074303715
42093,135,0.0008787557
42093,136,0.000741145
42093,137,0.00061122293
42093,138,0.00056484906
42093,139,0.0010522808
42093,140,0.001715945
42093,141,0.0021290423
42093,142,0.001897254
42093,143,0.0017046188
42093,144,0.001729988
42093,145,0.002347003
42093,146,0.0026022645
42093,147,0.0026196719
42093,148,0.0022245701
42093,149,0.0022320168
42093,150,0.0018752539
42093,151,0.0016710847
42093,152,0.0016232635
42093,153,0.0015791693
42093,154,0.0015287565
42093,155,0.0011324519
42093,156,0.00080219586
42093,157,0.00063616736
42093,158,0.0005916713
42093,159,0.0005946788
42093,160,0.00058069604
42093,161,0.00063463906
42093,162,0.00066746026
42093,163,0.00057873933
42093,164,0.00049021986
42093,165,0.00035326692
42093,166,0.00023856854
42093,167,0.00021323563
42093,168,0.00015302617
42093,169,0.00014785686
42093,170,0.0001497922
42093,171,0.00018522763
42093,172,9.7471915e-05
42093,173,0.0001190865
42093,174,6.055794e-05
42093,175,6.7391775e-06
42093,176,4.6497726e-06
42093,177,6.7583176e-05
42093,178,1.8074295e-05
42093,179,1.7588864e-05
42093,180,2.3668657e-05
42093,181,5.813658e-06
42093,182,2.4477185e-06
42093,183,1.7088678e-05
42093,184,8.7238805e-06
42093,185,1.27555195e-05
42093,186,2.9438731e-06
42093,187,2.9625821e-06
42093,188,2.502382e-06
42093,189,1.1613654e-06
42093,190,4.546301e-06
42093,191,5.6023123e-06
42093,192,1.0534772e-05
42093,193,2.6982127e-05
42093,194,5.1100717e-05
42093,195,7.6922515e-05
42093,196,0.00012326757
42093,197,0.00014466695
42093,198,0.00013458202
42093,199,0.00018912455
42093,200,0.00036531888
42093,201,0.00040382324
42093,202,0.00045391213
42093,203,0.00041348845
42093,204,0.00030136525
42093,205,0.00021916548
42093,206,0.00015955126
42093,207,0.000116949566
42093,208,7.429126e-05
42093,209,4.4042656e-05
42093,210,3.7986334e-05
42093,211,2.8005737e-05
42093,212,4.0545656e-05
42093,213,2.1945454e-05
42093,214,6.5329696e-05
42093,215,0.00017262736
42099,73,0.00059845776
42099,74,0.0005585889
42099,75,0.0003439616
42099,76,0.0003123154
42099,77,0.0006512352
42099,78,0.0008362249
42099,79,0.0009295131
42099,80,0.00097093254
42099,81,0.0011135953
42099,82,0.0011143454
42099,83,0.0010282582
42099,84,0.0009574074
42099,85,0.0008211589
42099,86,0.00076436007
42099,87,0.00058672397
42099,88,0.0004930884
42099,89,0.00035817444
42099,90,0.00027801265
42099,91,0.00022506193
42099,92,0.00017883946
42099,93,0.00016203763
42099,94,6.820532e-05
42099,95,9.906631e-05
42099,96,9.607025e-05
42099,97,5.1849227e-05
42099,98,2.972775e-05
42099,99,1.791707e-05
42099,100,1.8483079e-05
42099,101,1.9693927e-05
42099,102,2.534861e-05
42099,103,4.521157e-05
42099,104,9.572768e-05
42099,105,0.00012553763
42099,106,0.00013464582
42099,107,0.00016007447
42099,108,0.00017369304
42099,109,0.00015874389
42099,110,0.00011899669
42099,111,0.000116943804
42099,112,0.00010340585
42099,113,9.659161e-05
42099,114,0.00012185474
42099,115,0.0001287249
42099,116,0.000118550684
42099,117,9.007466e-05
42099,118,6.887185e-05
42099,119,8.462293e-05
42099,120,9.5314346e-05
42099,121,8.5526524e-05
42099,122,6.889251e-05
42099,123,3.1514046e-05
42099,124,1.7820592e-05
42099,125,5.6564154e-06
42099,126,2.9692603e-06
42099,127,4.2538686e-06
42099,128,3.7778525e-05
42099,129,7.372858e-05
42099,130,0.00015303421
42099,131,0.0002067675
42099,132,0.00023588138
42099,133,0.00025866195
42099,134,0.00023968426
42099,135,0.0002876549
42099,136,0.0003639739
42099,137,0.00043615032
42099,138,0.00064967596
42099,139,0.0012324015
42099,140,0.002180834
42099,141,0.0028276604
42099,142,0.002956576
42099,143,0.003355346
42099,144,0.004432105
42099,145,0.00412352
42099,146,0.0036612044
42099,147,0.0031770638
42099,148,0.0025179384
42099,149,0.0022439898
42099,150,0.001840859
42099,151,0.0016615541
42099,152,0.001395505
42099,153,0.00119131
42099,154,0.00091305305
42099,155,0.00061588665
42099,156,0.00045771257
42099,157,0.0003550154
42099,158,0.00032814543
42099,159,0.000311566
42099,160,0.00024725334
42099,161,0.00024364474
42099,162,0.0002832265
42099,163,0.00025701054
42099,164,0.0001891304
42099,165,9.825004e-05
42099,166,7.979059e-05
42099,167,7.3666386e-05
42099,168,6.258114e-05
42099,169,6.150307e-05
42099,170,2.470884e-05
42099,171,6.531405e-06
42099,172,1.1809735e-05
42099,173,4.0222485e-06
42099,174,1.7041115e-06
42099,175,5.428912e-07
42099,176,4.724859e-06
42099,177,4.119095e-05
42099,178,8.886493e-05
42099,179,8.620261e-05
42099,180,6.267047e-05
42099,181,5.9675895e-05
42099,182,7.9467136e-05
42099,183,0.00010710209
42099,184,9.028338e-05
42099,185,7.834434e-05
42099,186,3.703437e-05
42099,187,1.5606727e-05
42099,188,1.0292231e-05
42099,189,6.9039174e-06
42099,190,1.5541143e-06
42099,191,1.3221837e-07
42099,192,0.0
42099,193,0.0
42099,194,0.0
42099,195,6.031673e-07
42099,196,0.0
42099,197,0.0
42099,198,0.0
42099,199,0.0
42099,200,0.0
42099,201,0.0
42099,202,0.0
42099,203,5.596383e-07
42099,204,2.0918446e-06
42099,205,1.1490195e-06
42099,206,1.4531194e-06
42099,207,2.2503154e-05
42099,208,7.064243e-05
42099,209,6.1492414e-05
42099,210,2.9432877e-05
42099,211,7.2639974e-05
42099,212,3.0484844e-05
42099,213,2.7975111e-05
42099,214,3.1192067e-05
42099,215,3.5353905e-06
42105,73,0.0024165576
42105,74,0.004488493
42105,75,0.004869937
42105,76,0.006649959
42105,77,0.007377246
42105,78,0.0071626347
42105,79,0.0062948554
42105,80,0.0055049495
42105,81,0.0048606177
42105,82,0.0039322223
42105,83,0.003431598
42105,84,0.0028527898
42105,85,0.0023505413
42105,86,0.0017056648
42105,87,0.001276568
42105,88,0.00095136435
42105,89,0.0006931827
42105,90,0.0005375021
42105,91,0.00031543372
42105,92,0.00018195384
42105,93,0.0001311027
42105,94,8.1546226e-05
42105,95,3.030171e-05
42105,96,2.8174089e-05
42105,97,4.8933666e-06
42105,98,2.7546067e-08
42105,99,8.082683e-07
42105,100,1.3653309e-05
42105,101,4.3593216e-05
42105,102,7.0598086e-05
42105,103,7.397353e-05
42105,104,0.0001948635
42105,105,0.0004048123
42105,106,0.0007216951
42105,107,0.0016931803
42105,108,0.0027544678
42105,109,0.0041061263
42105,110,0.0052776253
42105,111,0.006665237
42105,112,0.007267842
42105,113,0.007867511
42105,114,0.007440718
42105,115,0.007798338
42105,116,0.007501185
42105,117,0.007073819
42105,118,0.0066124685
42105,119,0.0058142305
42105,120,0.0051707383
42105,121,0.004747099
42105,122,0.0041942457
42105,123,0.0034284794
42105,124,0.00252756
42105,125,0.0021329867
42105,126,0.0017803903
42105,127,0.0017668875
42105,128,0.0015758993
42105,129,0.0017690093
42105,130,0.0018328358
42105,131,0.0018859394
42105,132,0.0018787415
42105,133,0.0017518998
42105,134,0.0016950673
42105,135,0.0018655258
42105,136,0.002154811
42105,137,0.0017801618
42105,138,0.0014357885
42105,139,0.0011543811
42105,140,0.0008570331
42105,141,0.000469456
42105,142,0.00046678737
42105,143,0.00074317376
42105,144,0.00080834836
42105,145,0.0007333304
42105,146,0.00062378973
42105,147,0.00057478645
42105,148,0.00052607805
42105,149,0.0005339894
42105,150,0.0004310299
42105,151,0.0003712995
42105,152,0.00029672938
42105,153,0.00027018413
42105,154,0.00023916914
42105,155,0.00024813676
42105,156,0.00026072457
42105,157,0.00029173665
42105,158,0.0002266726
42105,159,0.00024102755
42105,160,0.00020347747
42105,161,0.00013157903
42105,162,0.00013102693
42105,163,0.00011250072
42105,164,7.9019715e-05
42105,165,5.086333e-05
42105,166,3.170082e-05
42105,167,2.4223502e-05
42105,168,1.9426354e-05
42105,169,4.239959e-05
42105,170,7.758986e-05
42105,171,5.0813498e-05
42105,172,2.19694e-05
42105,173,1.4704493e-05
42105,174,1.4684512e-05
42105,175,8.714695e-06
42105,176,7.056401e-06
42105,177,1.1617587e-05
42105,178,1.591447e-05
42105,179,2.2682521e-05
42105,180,2.8066428e-05
42105,181,3.5711862e-05
42105,182,2.8387549e-05
42105,183,1.31554425e-05
42105,184,6.8761133e-06
42105,185,5.9560907e-06
42105,186,4.1964404e-06
42105,187,1.089894e-05
42105,188,1.669617e-05
42105,189,5.469805e-06
42105,190,2.1056026e-06
42105,191,9.337777e-07
42105,192,2.5679975e-07
42105,193,4.021422e-07
42105,194,2.2151013e-08
42105,195,5.0142695e-08
42105,196,2.6665184e-08
42105,197,2.1253945e-06
42105,198,9.8976225e-06
42105,199,1.8665236e-05
42105,200,2.2525908e-05
42105,201,4.4334636e-05
42105,202,4.29563e-05
42105,203,2.8833114e-05
42105,204,3.7424685e-05
42105,205,3.3381657e-05
42105,206,8.427629e-05
42105,207,0.00010457545
42105,208,0.000102404905
42105,209,0.00015627258
42105,210,0.00011991807
42105,211,0.00015135515
42105,212,9.275138e-05
42105,213,5.11325e-05
42105,214,1.616022e-05
42105,215,0.0
42107,73,8.978285e-05
42107,74,2.8094162e-05
42107,75,8.72875e-05
42107,76,0.00016064136
42107,77,0.00023001152
42107,78,0.0002700071
42107,79,0.0002713833
42107,80,0.00035195335
42107,81,0.00044786424
42107,82,0.0004948233
42107,83,0.0006269187
42107,84,0.00067833404
42107,85,0.0006907003
42107,86,0.00064465555
42107,87,0.0005482026
42107,88,0.00053398265
42107,89,0.00047935097
42107,90,0.0004423527
42107,91,0.00029482396
42107,92,0.0002397048
42107,93,8.699843e-05
42107,94,6.685799e-05
42107,95,6.8787165e-05
42107,96,8.552712e-05
42107,97,3.5801568e-05
42107,98,2.0177618e-05
42107,99,1.2561729e-05
42107,100,4.372049e-06
42107,101,1.3436951e-05
42107,102,3.3149907e-05
42107,103,6.980919e-05
42107,104,0.00013151899
42107,105,0.00015296553
42107,106,0.00033166914
42107,107,0.00040718156
42107,108,0.0004848967
42107,109,0.00045421065
42107,110,0.00047451764
42107,111,0.00053343666
42107,112,0.00052488985
42107,113,0.0004588263
42107,114,0.00047586393
42107,115,0.0005095113
42107,116,0.0004284993
42107,117,0.00028826745
42107,118,0.00023025609
42107,119,0.00020393095
42107,120,0.00017146693
42107,121,0.00019337947
42107,122,0.0001694383
42107,123,0.00017929537
42107,124,0.00020415733
42107,125,0.00022584558
42107,126,0.0002456598
42107,127,0.00023024954
42107,128,0.00022034509
42107,129,0.00024975865
42107,130,0.0005800594
42107,131,0.0010002207
42107,132,0.0014434143
42107,133,0.0020220107
42107,134,0.002463187
42107,135,0.0027226936
42107,136,0.0028732833
42107,137,0.0029223012
42107,138,0.003053153
42107,139,0.0026924335
42107,140,0.0028947867
42107,141,0.004899572
42107,142,0.0066384804
42107,143,0.0073722983
42107,144,0.0070463032
42107,145,0.007228649
42107,146,0.0067486
42107,147,0.006112555
42107,148,0.0053964336
42107,149,0.00518452
42107,150,0.00460871
42107,151,0.003934531
42107,152,0.0034450747
42107,153,0.003021827
42107,154,0.0026192444
42107,155,0.002134137
42107,156,0.0017675697
42107,157,0.0013521737
42107,158,0.001060955
42107,159,0.00083941093
42107,160,0.00073630316
42107,161,0.00068768463
42107,162,0.0006516332
42107,163,0.0005968919
42107,164,0.0004679762
42107,165,0.00038698604
42107,166,0.00036775757
42107,167,0.00038885593
42107,168,0.00033605343
42107,169,0.000290115
42107,170,0.0002954573
42107,171,0.00026512527
42107,172,0.000146342
42107,173,3.094164e-05
42107,174,4.310282e-06
42107,175,2.5425192e-05
42107,176,6.96194e-05
42107,177,5.3876884e-05
42107,178,0.00010522169
42107,179,2.6436432e-05
42107,180,3.446672e-06
42107,181,5.4833623e-07
42107,182,1.1870402e-06
42107,183,3.878161e-06
42107,184,6.207757e-06
42107,185,1.8634611e-05
42107,186,1.6213771e-05
42107,187,1.8391502e-05
42107,188,2.7136437e-05
42107,189,2.5190056e-05
42107,190,3.239156e-05
42107,191,3.8746348e-05
42107,192,4.6949364e-05
42107,193,5.3029788e-05
42107,194,5.516264e-05
42107,195,6.741499e-05
42107,196,5.6848996e-05
42107,197,5.2854157e-05
42107,198,5.0771614e-05
42107,199,5.8493693e-05
42107,200,5.6588928e-05
42107,201,6.3335414e-05
42107,202,4.644507e-05
42107,203,3.857284e-05
42107,204,3.1936437e-05
42107,205,2.0396183e-05
42107,206,2.4339424e-05
42107,207,4.579253e-05
42107,208,3.5473924e-05
42107,209,3.848407e-05
42107,210,2.15288e-05
42107,211,2.3966968e-05
42107,212,7.146176e-06
42107,213,1.2302189e-05
42107,214,4.9033183e-06
42107,215,1.6115723e-06
42111,73,0.019261256
42111,74,0.018157307
42111,75,0.016819254
42111,76,0.015248485
42111,77,0.013978877
42111,78,0.012913529
42111,79,0.011351355
42111,80,0.010214299
42111,81,0.009387941
42111,82,0.008484298
42111,83,0.0075271516
42111,84,0.00679152
42111,85,0.00606916
42111,86,0.0053528612
42111,87,0.0046831775
42111,88,0.0041050757
42111,89,0.0035695282
42111,90,0.0031357592
42111,91,0.0022448106
42111,92,0.0016286676
42111,93,0.0012866159
42111,94,0.0012167252
42111,95,0.0009998054
42111,96,0.0007073334
42111,97,0.00068943104
42111,98,0.00065079686
42111,99,0.0005587863
42111,100,0.00049416174
42111,101,0.0005284226
42111,102,0.0005583757
42111,103,0.0005479536
42111,104,0.00066393847
42111,105,0.0013717806
42111,106,0.0019914466
42111,107,0.002237897
42111,108,0.0026795259
42111,109,0.002863147
42111,110,0.003551674
42111,111,0.0036105618
42111,112,0.0033183726
42111,113,0.002900465
42111,114,0.0024561293
42111,115,0.0020517155
42111,116,0.0014491859
42111,117,0.0010732496
42111,118,0.0008620789
42111,119,0.00062382594
42111,120,0.00067439704
42111,121,0.00065803307
42111,122,0.0005291849
42111,123,0.00037474188
42111,124,0.0003018758
42111,125,0.00023805258
42111,126,0.0001576885
42111,127,0.00011147452
42111,128,0.00013628002
42111,129,0.00019822986
42111,130,0.0002552237
42111,131,0.00020116514
42111,132,0.00018080411
42111,133,0.00019147905
42111,134,0.00017034211
42111,135,0.00020347614
42111,136,0.00013498164
42111,137,6.0407892e-05
42111,138,2.0951415e-05
42111,139,1.3060514e-06
42111,140,1.554491e-05
42111,141,9.786646e-05
42111,142,0.00010959301
42111,143,6.3705644e-05
42111,144,8.091167e-05
42111,145,0.00011852111
42111,146,0.0001379056
42111,147,0.00016606913
42111,148,0.00020972907
42111,149,0.00023887912
42111,150,0.00026715564
42111,151,0.00028695437
42111,152,0.00027440314
42111,153,0.00030710423
42111,154,0.00024306998
42111,155,0.00021460374
42111,156,0.000137464
42111,157,0.00012333668
42111,158,0.00011375313
42111,159,9.294684e-05
42111,160,8.873375e-05
42111,161,7.663069e-05
42111,162,5.8685822e-05
42111,163,4.6198253e-05
42111,164,2.6947602e-05
42111,165,2.5469039e-05
42111,166,1.3878457e-05
42111,167,1.7062226e-05
42111,168,1.4892606e-05
42111,169,4.0613013e-06
42111,170,2.7029573e-06
42111,171,1.8114271e-07
42111,172,1.0878834e-07
42111,173,0.0
42111,174,0.0
42111,175,0.0
42111,176,0.0
42111,177,2.932978e-07
42111,178,1.2194133e-06
42111,179,2.380796e-06
42111,180,6.077609e-06
42111,181,1.6210208e-05
42111,182,2.966033e-05
42111,183,4.4206452e-05
42111,184,3.8467384e-05
42111,185,3.0094086e-05
42111,186,1.3852647e-05
42111,187,3.6490485e-06
42111,188,9.607957e-07
42111,189,2.399509e-07
42111,190,3.576818e-08
42111,191,2.7002756e-11
42111,192,0.0
42111,193,0.0
42111,194,0.0
42111,195,0.0
42111,196,0.0
42111,197,7.593285e-09
42111,198,9.761078e-07
42111,199,1.816468e-06
42111,200,5.6888275e-06
42111,201,8.364479e-06
42111,202,1.300357e-05
42111,203,1.0703902e-05
42111,204,1.282207e-05
42111,205,1.4837207e-05
42111,206,1.6348818e-05
42111,207,2.2367967e-05
42111,208,1.7361179e-05
42111,209,1.2677676e-05
42111,210,7.1177333e-06
42111,211,1.3593304e-06
42111,212,3.742034e-07
42111,213,0.0
42111,214,0.0
42111,215,0.0
42117,73,0.0007427745
42117,74,0.0016106985
42117,75,0.0023190498
42117,76,0.003000729
42117,77,0.0030811606
42117,78,0.0030921241
42117,79,0.0028950027
42117,80,0.0028927394
42117,81,0.0027559109
42117,82,0.0023667
42117,83,0.0022333793
42117,84,0.0019832468
42117,85,0.0019093549
42117,86,0.0015749055
42117,87,0.0013476025
42117,88,0.0011846807
42117,89,0.0010380286
42117,90,0.0009213652
42117,91,0.00057261455
42117,92,0.00033602136
42117,93,9.4497766e-05
42117,94,8.23105e-05
42117,95,9.091112e-05
42117,96,4.4602803e-05
42117,97,9.323115e-06
42117,98,2.595564e-06
42117,99,4.514716e-06
42117,100,1.7509685e-05
42117,101,4.2779004e-05
42117,102,5.122273e-05
42117,103,5.5847526e-05
42117,104,0.00011764164
42117,105,0.00026317596
42117,106,0.00062644447
42117,107,0.0012515683
42117,108,0.0023607744
42117,109,0.0035853358
42117,110,0.0048149857
42117,111,0.0060805813
42117,112,0.00652788
42117,113,0.006991953
42117,114,0.006961041
42117,115,0.0066170925
42117,116,0.005664868
42117,117,0.00519642
42117,118,0.004567627
42117,119,0.0041026394
42117,120,0.0037256237
42117,121,0.0032403949
42117,122,0.0027891544
42117,123,0.002405259
42117,124,0.0019512582
42117,125,0.0015419705
42117,126,0.0011399765
42117,127,0.0010751459
42117,128,0.0009912315
42117,129,0.000986673
42117,130,0.0012771785
42117,131,0.0015412255
42117,132,0.0018079679
42117,133,0.0018141544
42117,134,0.0017417542
42117,135,0.0017325502
42117,136,0.0017960086
42117,137,0.001726668
42117,138,0.0021264725
42117,139,0.0021305522
42117,140,0.0022676454
42117,141,0.0019586838
42117,142,0.0016906852
42117,143,0.0013329745
42117,144,0.0015551703
42117,145,0.0015735503
42117,146,0.0012845859
42117,147,0.0010279388
42117,148,0.0009024715
42117,149,0.00086401845
42117,150,0.0007570859
42117,151,0.00065859564
42117,152,0.0006172179
42117,153,0.0004887737
42117,154,0.0004378489
42117,155,0.00034755658
42117,156,0.0002790928
42117,157,0.00028867007
42117,158,0.00020885213
42117,159,0.00021909611
42117,160,0.00015772092
42117,161,8.8791356e-05
42117,162,9.360085e-05
42117,163,6.0656686e-05
42117,164,1.8174642e-05
42117,165,1.06306115e-05
42117,166,1.4266957e-05
42117,167,1.8280205e-05
42117,168,2.793452e-05
42117,169,7.5391814e-05
42117,170,4.093152e-05
42117,171,4.1557807e-05
42117,172,5.01527e-05
42117,173,1.2133018e-05
42117,174,9.1215486e-07
42117,175,1.2845894e-07
42117,176,4.7255628e-07
42117,177,9.1893776e-07
42117,178,4.7825824e-07
42117,179,1.8517048e-06
42117,180,2.5861073e-06
42117,181,6.059309e-06
42117,182,1.4545741e-05
42117,183,1.9494963e-05
42117,184,2.8900735e-05
42117,185,3.8071525e-05
42117,186,3.5165438e-05
42117,187,3.781984e-05
42117,188,4.2310436e-05
42117,189,2.707015e-05
42117,190,2.1978756e-05
42117,191,1.6805468e-05
42117,192,1.2657418e-05
42117,193,1.3381687e-05
42117,194,1.3645739e-05
42117,195,1.943259e-05
42117,196,2.0379906e-05
42117,197,1.6701702e-05
42117,198,1.5237112e-05
42117,199,2.041563e-05
42117,200,3.0648316e-05
42117,201,4.8827125e-05
42117,202,5.7386398e-05
42117,203,4.224396e-05
42117,204,5.133431e-05
42117,205,9.152798e-05
42117,206,0.000104704275
42117,207,0.00010950786
42117,208,9.944939e-05
42117,209,0.0001570887
42117,210,0.00012593585
42117,211,0.00010925475
42117,212,7.715081e-05
42117,213,0.00012732059
42117,214,0.00010940782
42117,215,3.9658273e-05
42123,73,0.15004247
42123,74,0.27860475
42123,75,0.34056094
42123,76,0.34971863
42123,77,0.33963975
42123,78,0.3204547
42123,79,0.2980445
42123,80,0.27404216
42123,81,0.24797761
42123,82,0.22147858
42123,83,0.19527894
42123,84,0.17001937
42123,85,0.14664958
42123,86,0.12631747
42123,87,0.10602321
42123,88,0.08822169
42123,89,0.072829574
42123,90,0.058859464
42123,91,0.04705908
42123,92,0.035877265
42123,93,0.027380608
42123,94,0.020972285
42123,95,0.016656395
42123,96,0.012987634
42123,97,0.0110507915
42123,98,0.010547408
42123,99,0.011152807
42123,100,0.011778418
42123,101,0.011740664
42123,102,0.011423832
42123,103,0.011686122
42123,104,0.012067978
42123,105,0.0123202745
42123,106,0.013839216
42123,107,0.015323387
42123,108,0.016378859
42123,109,0.01724564
42123,110,0.017534785
42123,111,0.018878438
42123,112,0.02052395
42123,113,0.022169488
42123,114,0.023063064
42123,115,0.026287295
42123,116,0.027032001
42123,117,0.027164266
42123,118,0.026652304
42123,119,0.026257414
42123,120,0.025883408
42123,121,0.02437325
42123,122,0.023544744
42123,123,0.022428842
42123,124,0.020841215
42123,125,0.019314291
42123,126,0.017590461
42123,127,0.015850268
42123,128,0.013824148
42123,129,0.012786156
42123,130,0.01093859
42123,131,0.009601867
42123,132,0.008922741
42123,133,0.008132343
42123,134,0.0068696397
42123,135,0.0058927345
42123,136,0.0045929607
42123,137,0.0033766553
42123,138,0.002519646
42123,139,0.0019265275
42123,140,0.0025689623
42123,141,0.0026683835
42123,142,0.0028991709
42123,143,0.002510664
42123,144,0.0021785235
42123,145,0.002195173
42123,146,0.001992435
42123,147,0.0019422312
42123,148,0.0016671087
42123,149,0.0015990504
42123,150,0.0015739332
42123,151,0.0015539913
42123,152,0.001423994
42123,153,0.0012894343
42123,154,0.001125664
42123,155,0.0009916192
42123,156,0.000890773
42123,157,0.000752457
42123,158,0.0006785565
42123,159,0.0004848085
42123,160,0.00042405323
42123,161,0.00028921114
42123,162,0.0001950449
42123,163,0.00012992544
42123,164,3.3501245e-05
42123,165,2.1240225e-05
42123,166,3.135616e-05
42123,167,3.955835e-05
42123,168,3.8254697e-05
42123,169,2.0567111e-05
42123,170,2.1653535e-05
42123,171,2.183193e-05
42123,172,2.4209172e-05
42123,173,3.0134477e-05
42123,174,2.9604631e-05
42123,175,1.892587e-05
42123,176,2.1364493e-05
42123,177,3.0470163e-05
42123,178,4.6161582e-05
42123,179,5.9358146e-05
42123,180,6.2088104e-05
42123,181,6.469979e-05
42123,182,6.8979134e-05
42123,183,8.83433e-05
42123,184,9.0966576e-05
42123,185,6.971236e-05
42123,186,5.674252e-05
42123,187,2.457592e-05
42123,188,9.9369545e-06
42123,189,5.550368e-06
42123,190,6.309123e-06
42123,191,1.1227727e-05
42123,192,1.23441405e-05
42123,193,1.4428343e-05
42123,194,1.5091402e-05
42123,195,1.771777e-05
42123,196,2.0289604e-05
42123,197,1.8024988e-05
42123,198,2.1451093e-05
42123,199,3.719146e-05
42123,200,5.3684165e-05
42123,201,6.929225e-05
42123,202,7.521059e-05
42123,203,9.550283e-05
42123,204,0.00011722262
42123,205,0.0002204527
42123,206,0.00033216516
42123,207,0.00034108493
42123,208,0.0003287074
42123,209,0.00022128111
42123,210,7.013517e-05
42123,211,1.3550996e-05
42123,212,5.7524534e-07
42123,213,0.0
42123,214,0.0
42123,215,0.0
54001,73,0.018198246
54001,74,0.017329711
54001,75,0.016168602
54001,76,0.015703522
54001,77,0.015237473
54001,78,0.01452757
54001,79,0.013593758
54001,80,0.012139228
54001,81,0.010747496
54001,82,0.009391537
54001,83,0.008278392
54001,84,0.007423902
54001,85,0.006355533
54001,86,0.0053879768
54001,87,0.0045455727
54001,88,0.003539358
54001,89,0.0030758127
54001,90,0.0023251688
54001,91,0.0017798565
54001,92,0.0012510079
54001,93,0.0008875489
54001,94,0.0007571567
54001,95,0.0006352387
54001,96,0.0006310639
54001,97,0.00061497214
54001,98,0.00067037245
54001,99,0.0010620696
54001,100,0.0011060098
54001,101,0.0010793075
54001,102,0.0012531935
54001,103,0.0015757793
54001,104,0.0020931407
54001,105,0.0021921145
54001,106,0.0021326195
54001,107,0.0022293972
54001,108,0.0022122266
54001,109,0.0023927211
54001,110,0.002254183
54001,111,0.0023218072
54001,112,0.0020662625
54001,113,0.0017437758
54001,114,0.0019968965
54001,115,0.001674755
54001,116,0.0012932121
54001,117,0.0016512306
54001,118,0.001852364
54001,119,0.0019988627
54001,120,0.002251263
54001,121,0.002578983
54001,122,0.0028140936
54001,123,0.002616839
54001,124,0.0025970466
54001,125,0.0024134493
54001,126,0.0024845665
54001,127,0.0029425428
54001,128,0.003026369
54001,129,0.003532511
54001,130,0.0033049234
54001,131,0.0033424362
54001,132,0.0032591585
54001,133,0.00277527
54001,134,0.002259914
54001,135,0.0019548011
54001,136,0.0015078207
54001,137,0.0007410094
54001,138,0.00044657427
54001,139,0.0010794888
54001,140,0.0021572523
54001,141,0.004023956
54001,142,0.005012067
54001,143,0.0049985894
54001,144,0.0042582415
54001,145,0.0036837843
54001,146,0.0035272404
54001,147,0.0033960736
54001,148,0.0034793476
54001,149,0.0034408295
54001,150,0.0032140152
54001,151,0.003100643
54001,152,0.0032134422
54001,153,0.0036137851
54001,154,0.004070244
54001,155,0.003925371
54001,156,0.0037135791
54001,157,0.0033550952
54001,158,0.0036843717
54001,159,0.0037379742
54001,160,0.003516306
54001,161,0.003318825
54001,162,0.0028780047
54001,163,0.002287577
54001,164,0.0017448312
54001,165,0.001625418
54001,166,0.0015386747
54001,167,0.0014897729
54001,168,0.0011673688
54001,169,0.0014764055
54001,170,0.001336345
54001,171,0.0012410748
54001,172,0.0014652677
54001,173,0.001491299
54001,174,0.001477363
54001,175,0.0015868987
54001,176,0.0015893946
54001,177,0.0016612469
54001,178,0.0016106422
54001,179,0.0014186617
54001,180,0.0012263289
54001,181,0.0011055596
54001,182,0.001130412
54001,183,0.0009306515
54001,184,0.00080661825
54001,185,0.00072639214
54001,186,0.00068534
54001,187,0.00054549513
54001,188,0.0006017308
54001,189,0.00022434616
54001,190,0.00018092914
54001,191,0.00020466586
54001,192,0.00033957028
54001,193,0.00025050645
54001,194,0.00027786999
54001,195,0.00029702304
54001,196,0.00034058338
54001,197,0.00042065268
54001,198,0.0004849351
54001,199,0.00066613586
54001,200,0.0011403958
54001,201,0.0013701244
54001,202,0.0013930722
54001,203,0.0012903986
54001,204,0.0011605374
54001,205,0.0011572379
54001,206,0.0008972248
54001,207,0.0008427458
54001,208,0.00068593724
54001,209,0.00044068854
54001,210,0.00031187577
54001,211,0.00017819925
54001,212,0.00013374093
54001,213,8.611268e-05
54001,214,6.404932e-05
54001,215,5.739415e-05
54003,73,0.0017939375
54003,74,0.001202403
54003,75,0.0007992219
54003,76,0.0007138358
54003,77,0.00072884985
54003,78,0.0007164476
54003,79,0.00063667377
54003,80,0.000631835
54003,81,0.0005927077
54003,82,0.00057482836
54003,83,0.0005543202
54003,84,0.000435669
54003,85,0.0003582737
54003,86,0.000306655
54003,87,0.00026065545
54003,88,0.00021764822
54003,89,0.00016439246
54003,90,0.000119889824
54003,91,8.362748e-05
54003,92,7.145738e-05
54003,93,8.0295045e-05
54003,94,9.1469985e-05
54003,95,7.061551e-05
54003,96,5.297529e-05
54003,97,5.515041e-05
54003,98,0.00010672211
54003,99,9.9300916e-05
54003,100,0.00010710866
54003,101,0.00011962519
54003,102,9.9068995e-05
54003,103,7.6847915e-05
54003,104,8.745567e-05
54003,105,7.2622846e-05
54003,106,5.8526774e-05
54003,107,4.5466168e-05
54003,108,3.49522e-05
54003,109,2.6187981e-05
54003,110,2.6543012e-05
54003,111,2.7451906e-05
54003,112,3.4329725e-05
54003,113,3.9016977e-05
54003,114,4.2969245e-05
54003,115,5.3517208e-05
54003,116,6.30381e-05
54003,117,7.194483e-05
54003,118,8.225211e-05
54003,119,9.255703e-05
54003,120,0.0001164259
54003,121,9.978835e-05
54003,122,0.000101252896
54003,123,0.0001011848
54003,124,9.3718016e-05
54003,125,0.00011795048
54003,126,0.00011066832
54003,127,9.7349286e-05
54003,128,7.992114e-05
54003,129,6.1127794e-05
54003,130,4.6943227e-05
54003,131,2.1886199e-05
54003,132,1.9353121e-05
54003,133,1.2834932e-05
54003,134,3.3793829e-06
54003,135,3.3777053e-06
54003,136,3.7828236e-06
54003,137,1.6178441e-05
54003,138,0.000106322506
54003,139,0.00044169513
54003,140,0.00023886783
54003,141,0.00047979553
54003,142,0.00080136774
54003,143,0.0007776437
54003,144,0.00073705765
54003,145,0.0005666054
54003,146,0.0004874881
54003,147,0.00050919544
54003,148,0.0005062214
54003,149,0.00048165498
54003,150,0.0004902679
54003,151,0.00048267638
54003,152,0.00041453185
54003,153,0.00032807398
54003,154,0.0002578246
54003,155,0.00020985877
54003,156,0.00020258588
54003,157,0.00019123551
54003,158,0.00019564228
54003,159,0.00018630023
54003,160,0.00015518401
54003,161,0.00014410977
54003,162,0.00012917131
54003,163,8.726935e-05
54003,164,6.945856e-05
54003,165,3.7858226e-05
54003,166,2.4284176e-05
54003,167,2.7475273e-05
54003,168,2.6007106e-05
54003,169,3.0127798e-05
54003,170,3.7190344e-05
54003,171,4.8798374e-05
54003,172,4.3155946e-05
54003,173,4.82477e-05
54003,174,5.1108185e-05
54003,175,8.469194e-05
54003,176,0.00014562637
54003,177,7.996046e-05
54003,178,7.469946e-05
54003,179,6.802301e-05
54003,180,4.9274237e-05
54003,181,4.8138267e-05
54003,182,5.7038716e-05
54003,183,7.231748e-05
54003,184,8.3723105e-05
54003,185,7.1816285e-05
54003,186,4.7396952e-05
54003,187,4.3352247e-05
54003,188,3.6264806e-05
54003,189,2.7349415e-05
54003,190,1.6802613e-05
54003,191,1.0624332e-05
54003,192,8.532165e-06
54003,193,8.186931e-06
54003,194,6.735508e-06
54003,195,6.310923e-06
54003,196,9.361803e-06
54003,197,1.0706559e-05
54003,198,8.605219e-06
54003,199,8.149247e-06
54003,200,9.446021e-06
54003,201,7.583038e-06
54003,202,6.1687383e-06
54003,203,7.920873e-06
54003,204,9.969112e-06
54003,205,1.1053222e-05
54003,206,1.7623748e-05
54003,207,2.7284575e-05
54003,208,4.0588264e-05
54003,209,3.6849582e-05
54003,210,3.2521806e-05
54003,211,2.5393347e-05
54003,212,2.2867853e-05
54003,213,1.8221308e-05
54003,214,1.3502572e-05
54003,215,6.9954335e-06
54005,73,0.0002656772
54005,74,5.0427578e-05
54005,75,6.0963143e-06
54005,76,6.5363915e-06
54005,77,2.6244985e-05
54005,78,8.835275e-05
54005,79,0.00016117028
54005,80,0.00029547265
54005,81,0.00044191882
54005,82,0.00051707175
54005,83,0.0006129283
54005,84,0.0006661155
54005,85,0.0005864075
54005,86,0.00049475196
54005,87,0.0003795161
54005,88,0.00033748685
54005,89,0.00028243
54005,90,0.00019628403
54005,91,0.00012195357
54005,92,6.3986736e-05
54005,93,2.6101598e-05
54005,94,4.962657e-06
54005,95,2.6396017e-07
54005,96,2.8766817e-07
54005,97,1.4822795e-06
54005,98,3.8012056e-06
54005,99,1.6481556e-05
54005,100,3.7277492e-05
54005,101,5.3070766e-05
54005,102,5.7839272e-05
54005,103,9.600945e-05
54005,104,0.00013693434
54005,105,0.0001537945
54005,106,0.00010083763
54005,107,7.958011e-05
54005,108,0.00019350351
54005,109,0.0002718694
54005,110,0.00038904508
54005,111,0.0005646836
54005,112,0.0006339424
54005,113,0.000799819
54005,114,0.0007108045
54005,115,0.00083979673
54005,116,0.0008669006
54005,117,0.00082330196
54005,118,0.0007525871
54005,119,0.00064130494
54005,120,0.0007971728
54005,121,0.00095684564
54005,122,0.0009425386
54005,123,0.0008356393
54005,124,0.0008045666
54005,125,0.0015733935
54005,126,0.002838984
54005,127,0.0032663462
54005,128,0.0041202963
54005,129,0.005095778
54005,130,0.006506649
54005,131,0.0070591527
54005,132,0.007144062
54005,133,0.0065956675
54005,134,0.0055287806
54005,135,0.004527215
54005,136,0.006815112
54005,137,0.01314411
54005,138,0.019067043
54005,139,0.029202811
54005,140,0.037653577
54005,141,0.041427616
54005,142,0.045320306
54005,143,0.044433963
54005,144,0.04161282
54005,145,0.038544636
54005,146,0.034942776
54005,147,0.032689918
54005,148,0.030183442
54005,149,0.029306239
54005,150,0.02808466
54005,151,0.029268436
54005,152,0.030540247
54005,153,0.03273166
54005,154,0.035351135
54005,155,0.035809837
54005,156,0.036514167
54005,157,0.03458707
54005,158,0.03181413
54005,159,0.028239988
54005,160,0.023744524
54005,161,0.0185074
54005,162,0.0145919565
54005,163,0.011558009
54005,164,0.008534928
54005,165,0.0056305076
54005,166,0.0045350613
54005,167,0.00320896
54005,168,0.0024322534
54005,169,0.0020449073
54005,170,0.0019264371
54005,171,0.001860261
54005,172,0.0017203464
54005,173,0.0015578615
54005,174,0.0013930126
54005,175,0.0013999714
54005,176,0.0016978835
54005,177,0.0018938404
54005,178,0.0019035959
54005,179,0.0021619943
54005,180,0.0021118342
54005,181,0.0017467274
54005,182,0.0016626235
54005,183,0.0013189213
54005,184,0.0011484898
54005,185,0.0010068477
54005,186,0.0007428063
54005,187,0.00047295447
54005,188,0.00038228548
54005,189,0.00032780741
54005,190,0.0003393228
54005,191,0.00028161347
54005,192,0.0002629831
54005,193,0.00029006146
54005,194,0.00033240815
54005,195,0.00040970513
54005,196,0.000417189
54005,197,0.0005426466
54005,198,0.00057932915
54005,199,0.00061198924
54005,200,0.00064712745
54005,201,0.0010846794
54005,202,0.0012338298
54005,203,0.0010211301
54005,204,0.0008625406
54005,205,0.0006413824
54005,206,0.0006225194
54005,207,0.0004794082
54005,208,0.0003322891
54005,209,0.0002116292
54005,210,0.00016763518
54005,211,0.00010133828
54005,212,3.0501338e-05
54005,213,1.929807e-05
54005,214,1.2245529e-05
54005,215,9.009152e-06
54011,73,0.0021662961
54011,74,0.0006373108
54011,75,0.00025726546
54011,76,0.00020078971
54011,77,0.00016316617
54011,78,0.00018085375
54011,79,0.00014081232
54011,80,0.00013783603
54011,81,0.00016226416
54011,82,0.00012582085
54011,83,0.00016758312
54011,84,0.00015396677
54011,85,9.133757e-05
54011,86,8.195663e-05
54011,87,3.1943022e-05
54011,88,3.3731627e-05
54011,89,3.2609085e-05
54011,90,1.4707502e-05
54011,91,4.7539e-06
54011,92,2.8570437e-06
54011,93,3.8083087e-06
54011,94,2.5762783e-06
54011,95,2.5620693e-06
54011,96,9.716673e-07
54011,97,1.6275235e-10
54011,98,9.5550995e-08
54011,99,1.02132e-06
54011,100,2.0549087e-06
54011,101,2.4341489e-06
54011,102,2.7739125e-06
54011,103,2.216197e-06
54011,104,4.0615537e-06
54011,105,2.3315992e-05
54011,106,2.51722e-05
54011,107,5.6736917e-05
54011,108,0.00019163897
54011,109,0.0002631356
54011,110,0.00037838024
54011,111,0.00038700848
54011,112,0.0004295994
54011,113,0.0004123709
54011,114,0.00035132823
54011,115,0.00041865912
54011,116,0.00037873405
54011,117,0.0003645362
54011,118,0.00040574573
54011,119,0.00046775938
54011,120,0.0004900592
54011,121,0.00046595355
54011,122,0.0004345429
54011,123,0.00033844705
54011,124,0.00048713962
54011,125,0.0008053517
54011,126,0.0007180685
54011,127,0.00037040844
54011,128,0.00039122908
54011,129,0.0005020306
54011,130,0.00041439626
54011,131,0.0003587749
54011,132,0.00032687414
54011,133,0.00025670393
54011,134,0.00022582784
54011,135,0.0003370378
54011,136,0.00063820905
54011,137,0.0011054125
54011,138,0.0015745361
54011,139,0.0016889805
54011,140,0.0013004623
54011,141,0.0010909719
54011,142,0.0006963821
54011,143,0.0005274542
54011,144,0.00040603784
54011,145,0.00037298893
54011,146,0.00037466068
54011,147,0.00029823688
54011,148,0.00029585644
54011,149,0.00035555958
54011,150,0.00034799185
54011,151,0.0004238991
54011,152,0.0005289096
54011,153,0.0008882057
54011,154,0.0012059032
54011,155,0.0009947931
54011,156,0.0007983582
54011,157,0.0007386614
54011,158,0.00062820147
54011,159,0.00052624184
54011,160,0.00033368275
54011,161,0.00020283359
54011,162,0.0001209135
54011,163,0.0001039774
54011,164,0.00010867963
54011,165,2.6220789e-05
54011,166,3.1452855e-06
54011,167,8.876786e-06
54011,168,6.6592806e-06
54011,169,3.0830906e-05
54011,170,1.0764793e-05
54011,171,5.2208565e-05
54011,172,1.7196166e-05
54011,173,1.4727373e-05
54011,174,1.6858097e-05
54011,175,2.3352288e-05
54011,176,2.2685446e-05
54011,177,1.7943508e-05
54011,178,9.733198e-06
54011,179,1.0656286e-05
54011,180,1.8559314e-05
54011,181,1.9929888e-05
54011,182,2.2614406e-05
54011,183,2.6649981e-05
54011,184,2.7484994e-05
54011,185,2.2070897e-05
54011,186,2.2456326e-05
54011,187,1.564491e-05
54011,188,1.0902941e-05
54011,189,1.2217805e-05
54011,190,1.1009563e-05
54011,191,3.3704648e-06
54011,192,1.0476136e-06
54011,193,2.6691807e-06
54011,194,6.990707e-06
54011,195,1.0493728e-05
54011,196,9.916017e-06
54011,197,1.1281113e-05
54011,198,1.3602676e-05
54011,199,1.5131036e-05
54011,200,2.4805253e-05
54011,201,3.7683873e-05
54011,202,3.2591193e-05
54011,203,2.119692e-05
54011,204,2.7175445e-05
54011,205,4.209462e-05
54011,206,4.0450494e-05
54011,207,4.6899895e-05
54011,208,4.8821723e-05
54011,209,4.861801e-05
54011,210,4.6941383e-05
54011,211,5.826263e-05
54011,212,3.9208153e-05
54011,213,3.1366024e-05
54011,214,8.0806485e-06
54011,215,8.981005e-06
54017,73,0.03926471
54017,74,0.047214046
54017,75,0.054773137
54017,76,0.05630878
54017,77,0.0555156
54017,78,0.05315789
54017,79,0.049654786
54017,80,0.04512147
54017,81,0.039195646
54017,82,0.034272358
54017,83,0.028802214
54017,84,0.024253238
54017,85,0.019765574
54017,86,0.01613155
54017,87,0.01406798
54017,88,0.011270115
54017,89,0.008439679
54017,90,0.006230208
54017,91,0.0046517095
54017,92,0.0037901488
54017,93,0.0034913751
54017,94,0.0031489292
54017,95,0.0028645394
54017,96,0.002563908
54017,97,0.0023077114
54017,98,0.0022716473
54017,99,0.002107687
54017,100,0.0019071992
54017,101,0.0019018962
54017,102,0.001993853
54017,103,0.002188235
54017,104,0.0027270915
54017,105,0.0038760568
54017,106,0.0045375978
54017,107,0.0045813043
54017,108,0.0041937847
54017,109,0.004181178
54017,110,0.004110324
54017,111,0.004234772
54017,112,0.0035103462
54017,113,0.0032442396
54017,114,0.003077672
54017,115,0.002682809
54017,116,0.002449549
54017,117,0.0020649119
54017,118,0.0019688434
54017,119,0.0020416887
54017,120,0.0021990149
54017,121,0.0024870266
54017,122,0.0025795728
54017,123,0.002217176
54017,124,0.0019508429
54017,125,0.0017637194
54017,126,0.0024532753
54017,127,0.0035556818
54017,128,0.003725259
54017,129,0.004047198
54017,130,0.0050204247
54017,131,0.0058010067
54017,132,0.006206305
54017,133,0.00567102
54017,134,0.0048520337
54017,135,0.003956579
54017,136,0.0034547516
54017,137,0.004566341
54017,138,0.009481247
54017,139,0.013917066
54017,140,0.02817971
54017,141,0.04706389
54017,142,0.0605685
54017,143,0.06807473
54017,144,0.07115953
54017,145,0.071583994
54017,146,0.072419
54017,147,0.071537405
54017,148,0.073278904
54017,149,0.074653685
54017,150,0.0743417
54017,151,0.07504049
54017,152,0.07579386
54017,153,0.075548515
54017,154,0.07510956
54017,155,0.07283195
54017,156,0.06982717
54017,157,0.0639617
54017,158,0.05801554
54017,159,0.049391605
54017,160,0.04032208
54017,161,0.032305986
54017,162,0.025680289
54017,163,0.020439105
54017,164,0.01605934
54017,165,0.012159961
54017,166,0.009327438
54017,167,0.007759137
54017,168,0.0062846635
54017,169,0.004891653
54017,170,0.0034809073
54017,171,0.0028233146
54017,172,0.003195173
54017,173,0.002925495
54017,174,0.0026573553
54017,175,0.0028242778
54017,176,0.0026316748
54017,177,0.002416199
54017,178,0.0020752514
54017,179,0.0016111152
54017,180,0.001284761
54017,181,0.0011600709
54017,182,0.001020554
54017,183,0.00083747116
54017,184,0.0005656524
54017,185,0.0004055075
54017,186,0.00029699542
54017,187,0.0001561486
54017,188,0.00010984361
54017,189,8.5970794e-05
54017,190,8.375849e-05
54017,191,6.898086e-05
54017,192,6.427594e-05
54017,193,9.4625044e-05
54017,194,0.00013277664
54017,195,0.00016022447
54017,196,0.00020806192
54017,197,0.00020761354
54017,198,0.00021252861
54017,199,0.00026741147
54017,200,0.0003895423
54017,201,0.0005505074
54017,202,0.0005977257
54017,203,0.00060446025
54017,204,0.00058599754
54017,205,0.00056175
54017,206,0.00046920194
54017,207,0.000503998
54017,208,0.0004979441
54017,209,0.00031473357
54017,210,0.00020871805
54017,211,0.00014340483
54017,212,0.00010501351
54017,213,1.5275604e-05
54017,214,3.2947535e-06
54017,215,7.5578296e-06
54021,73,0.0013491531
54021,74,0.0009827487
54021,75,0.000863781
54021,76,0.0009415942
54021,77,0.0011132212
54021,78,0.0015541952
54021,79,0.0018040283
54021,80,0.0024539877
54021,81,0.002715664
54021,82,0.0028997713
54021,83,0.0027004494
54021,84,0.002865334
54021,85,0.0028337387
54021,86,0.0027242678
54021,87,0.0026429566
54021,88,0.0021769733
54021,89,0.001437713
54021,90,0.000932387
54021,91,0.00067253655
54021,92,0.00060281774
54021,93,0.0006361353
54021,94,0.00061005284
54021,95,0.0005356972
54021,96,0.00045279125
54021,97,0.00037919063
54021,98,0.00045288025
54021,99,0.000513467
54021,100,0.00065603724
54021,101,0.0007796011
54021,102,0.00084049074
54021,103,0.0010451481
54021,104,0.0020247947
54021,105,0.0027552005
54021,106,0.003600409
54021,107,0.0036673953
54021,108,0.003405938
54021,109,0.003574454
54021,110,0.0036988533
54021,111,0.00407804
54021,112,0.0040342077
54021,113,0.0038843236
54021,114,0.0037742106
54021,115,0.0035275938
54021,116,0.003496268
54021,117,0.0035071615
54021,118,0.0038059715
54021,119,0.004223105
54021,120,0.004912712
54021,121,0.0059023625
54021,122,0.006117368
54021,123,0.0058352486
54021,124,0.005755895
54021,125,0.006019942
54021,126,0.007262977
54021,127,0.007944918
54021,128,0.007397594
54021,129,0.0087884525
54021,130,0.01104443
54021,131,0.013089107
54021,132,0.014288684
54021,133,0.014306665
54021,134,0.013875136
54021,135,0.013338948
54021,136,0.012048045
54021,137,0.016807638
54021,138,0.027142305
54021,139,0.036041614
54021,140,0.059573684
54021,141,0.08426316
54021,142,0.09744873
54021,143,0.10415682
54021,144,0.10677493
54021,145,0.1053522
54021,146,0.105516054
54021,147,0.10350177
54021,148,0.103415586
54021,149,0.10496985
54021,150,0.10414176
54021,151,0.10497836
54021,152,0.10423919
54021,153,0.10223493
54021,154,0.1009274
54021,155,0.09804224
54021,156,0.09583213
54021,157,0.09317954
54021,158,0.08884562
54021,159,0.081053294
54021,160,0.071843
54021,161,0.0626512
54021,162,0.054648176
54021,163,0.04847595
54021,164,0.04184524
54021,165,0.0346842
54021,166,0.028929861
54021,167,0.024751388
54021,168,0.02054325
54021,169,0.018305896
54021,170,0.015471049
54021,171,0.013332866
54021,172,0.012295569
54021,173,0.011371123
54021,174,0.010341972
54021,175,0.009675798
54021,176,0.009381118
54021,177,0.009096693
54021,178,0.00829177
54021,179,0.007025795
54021,180,0.0058409483
54021,181,0.0051122718
54021,182,0.004123755
54021,183,0.003173282
54021,184,0.0021284432
54021,185,0.0016600383
54021,186,0.0013480545
54021,187,0.0008081237
54021,188,0.00059666275
54021,189,0.00052251626
54021,190,0.000535206
54021,191,0.00055177923
54021,192,0.00057303795
54021,193,0.00057260925
54021,194,0.00062120025
54021,195,0.0006505911
54021,196,0.00079094386
54021,197,0.00087704544
54021,198,0.00092820905
54021,199,0.00092896604
54021,200,0.0013589453
54021,201,0.001809247
54021,202,0.0018883605
54021,203,0.001939705
54021,204,0.0018171264
54021,205,0.0015587254
54021,206,0.001289262
54021,207,0.0010412541
54021,208,0.00089651736
54021,209,0.0006113459
54021,210,0.00043355196
54021,211,0.00029368923
54021,212,0.00015972933
54021,213,8.789074e-05
54021,214,5.4392553e-05
54021,215,6.307781e-05
54049,73,0.0046407585
54049,74,0.0041368282
54049,75,0.0036855447
54049,76,0.0033674084
54049,77,0.0033191876
54049,78,0.0032142974
54049,79,0.0030564496
54049,80,0.002862227
54049,81,0.00254728
54049,82,0.0023918597
54049,83,0.0021284758
54049,84,0.001967578
54049,85,0.0018305908
54049,86,0.0016338974
54049,87,0.001540846
54049,88,0.0014152296
54049,89,0.0011835276
54049,90,0.0009510622
54049,91,0.00055160286
54049,92,0.00038660315
54049,93,0.00031675215
54049,94,0.00028843142
54049,95,0.0002614423
54049,96,0.00023503297
54049,97,0.00021918325
54049,98,0.0002271951
54049,99,0.0001942395
54049,100,0.0001613356
54049,101,0.000104188664
54049,102,0.00010489649
54049,103,9.152097e-05
54049,104,7.565435e-05
54049,105,0.00011566993
54049,106,0.00013108597
54049,107,0.00023092478
54049,108,0.0002940885
54049,109,0.00057787885
54049,110,0.00080812484
54049,111,0.0010338492
54049,112,0.0008575124
54049,113,0.00072071276
54049,114,0.00060799735
54049,115,0.0005826458
54049,116,0.00055633124
54049,117,0.00063042366
54049,118,0.0006570085
54049,119,0.00065691513
54049,120,0.00081330864
54049,121,0.0010717914
54049,122,0.0012422977
54049,123,0.0011095093
54049,124,0.0009804886
54049,125,0.000850495
54049,126,0.0009040763
54049,127,0.0013073881
54049,128,0.0010153594
54049,129,0.0008925828
54049,130,0.0007367175
54049,131,0.0006961558
54049,132,0.0007970005
54049,133,0.00070376566
54049,134,0.0005137754
54049,135,0.00040398698
54049,136,0.00027443215
54049,137,0.000251406
54049,138,0.0006915616
54049,139,0.0017205739
54049,140,0.002419463
54049,141,0.0031858226
54049,142,0.0032419197
54049,143,0.0029325322
54049,144,0.002104059
54049,145,0.0017093847
54049,146,0.0015380776
54049,147,0.0013375528
54049,148,0.0013831626
54049,149,0.0016445082
54049,150,0.0016312681
54049,151,0.0015927117
54049,152,0.0014323974
54049,153,0.001458713
54049,154,0.0016009136
54049,155,0.001377219
54049,156,0.0011639292
54049,157,0.00091102667
54049,158,0.0008399538
54049,159,0.00073381513
54049,160,0.0005816163
54049,161,0.00045627952
54049,162,0.00036083517
54049,163,0.0003383218
54049,164,0.0002829665
54049,165,0.0002168356
54049,166,0.00012748726
54049,167,0.00013573162
54049,168,0.0002047763
54049,169,0.00018617412
54049,170,0.00016426755
54049,171,0.00014159236
54049,172,0.00016963085
54049,173,0.00019115368
54049,174,0.00035619084
54049,175,0.0002608268
54049,176,0.00022389433
54049,177,0.00017613563
54049,178,0.00016912764
54049,179,0.00015335954
54049,180,0.00015465445
54049,181,0.00015565976
54049,182,0.00023003554
54049,183,0.00021952177
54049,184,0.00017346056
54049,185,0.00013923533
54049,186,0.00013377379
54049,187,0.00010200517
54049,188,9.469469e-05
54049,189,4.0089035e-05
54049,190,8.469758e-06
54049,191,2.68339e-07
54049,192,2.8701843e-08
54049,193,4.002516e-06
54049,194,1.3128817e-05
54049,195,2.771007e-05
54049,196,4.996317e-05
54049,197,5.108984e-05
54049,198,6.2885156e-05
54049,199,0.000107243795
54049,200,0.00015334871
54049,201,0.0002059786
54049,202,0.0002378813
54049,203,0.00021280495
54049,204,0.00022172189
54049,205,0.00019794994
54049,206,0.00018126298
54049,207,0.00019933964
54049,208,0.00018855729
54049,209,0.00017938027
54049,210,0.00014872372
54049,211,0.00015028351
54049,212,7.820166e-05
54049,213,7.459011e-05
54049,214,2.7956266e-05
54049,215,3.0983727e-05
54051,73,0.041509062
54051,74,0.046228107
54051,75,0.047672115
54051,76,0.048673693
54051,77,0.048911832
54051,78,0.04916598
54051,79,0.04843248
54051,80,0.047459003
54051,81,0.045417633
54051,82,0.043942314
54051,83,0.041243043
54051,84,0.037471663
54051,85,0.034296963
54051,86,0.030399254
54051,87,0.026996212
54051,88,0.023106974
54051,89,0.019555598
54051,90,0.015580019
54051,91,0.01234501
54051,92,0.010020758
54051,93,0.008372601
54051,94,0.0071354015
54051,95,0.006512879
54051,96,0.0063292356
54051,97,0.0059158653
54051,98,0.005565733
54051,99,0.005153751
54051,100,0.004560689
54051,101,0.0037595867
54051,102,0.003358374
54051,103,0.0029701325
54051,104,0.0026069274
54051,105,0.0031929645
54051,106,0.0035191309
54051,107,0.003547754
54051,108,0.0033690454
54051,109,0.0040435786
54051,110,0.0041860454
54051,111,0.0040986952
54051,112,0.0035867908
54051,113,0.0031017715
54051,114,0.0030250982
54051,115,0.0031095294
54051,116,0.0030899057
54051,117,0.0030850936
54051,118,0.0030779638
54051,119,0.0031010988
54051,120,0.0033572814
54051,121,0.0033177636
54051,122,0.0033930496
54051,123,0.003295327
54051,124,0.0030910184
54051,125,0.0029030305
54051,126,0.0035533486
54051,127,0.0033662298
54051,128,0.002495477
54051,129,0.0025088235
54051,130,0.0026444816
54051,131,0.003100486
54051,132,0.0032971227
54051,133,0.0029947695
54051,134,0.0025197754
54051,135,0.002066009
54051,136,0.0017300324
54051,137,0.0019436473
54051,138,0.0020405157
54051,139,0.002617999
54051,140,0.003948967
54051,141,0.004527512
54051,142,0.0039861705
54051,143,0.0034248105
54051,144,0.002557568
54051,145,0.0021441798
54051,146,0.001936657
54051,147,0.0018647801
54051,148,0.0020915747
54051,149,0.0025696848
54051,150,0.0026816023
54051,151,0.0029109784
54051,152,0.0024933477
54051,153,0.002431836
54051,154,0.0023420553
54051,155,0.002050771
54051,156,0.0016403995
54051,157,0.0013684247
54051,158,0.0013012898
54051,159,0.0009835655
54051,160,0.0008674642
54051,161,0.0007260561
54051,162,0.0006058529
54051,163,0.0006405383
54051,164,0.00060402433
54051,165,0.00053700863
54051,166,0.0004441711
54051,167,0.00041580855
54051,168,0.00040038195
54051,169,0.00038786072
54051,170,0.00032975746
54051,171,0.0002652707
54051,172,0.00025191583
54051,173,0.0002842247
54051,174,0.00033039137
54051,175,0.00037488277
54051,176,0.0003821733
54051,177,0.0003969945
54051,178,0.0004935063
54051,179,0.00051466026
54051,180,0.00050310063
54051,181,0.00048585865
54051,182,0.00049206114
54051,183,0.0004814632
54051,184,0.00031852123
54051,185,0.00019980749
54051,186,0.00014329191
54051,187,9.962235e-05
54051,188,0.00012623552
54051,189,0.00011067043
54051,190,3.3005308e-05
54051,191,2.6009035e-05
54051,192,4.8341168e-05
54051,193,4.8675578e-05
54051,194,7.4419266e-05
54051,195,9.0421934e-05
54051,196,0.00010839749
54051,197,0.00011625077
54051,198,0.00017385377
54051,199,0.00019082455
54051,200,0.00025422222
54051,201,0.0003512373
54051,202,0.00044955264
54051,203,0.0004723333
54051,204,0.00048263778
54051,205,0.00049030065
54051,206,0.0004346037
54051,207,0.00030173903
54051,208,0.00020614413
54051,209,0.00016664392
54051,210,0.000119018194
54051,211,8.726703e-05
54051,212,7.868695e-05
54051,213,0.00012398287
54051,214,8.100543e-05
54051,215,5.4413864e-05
54061,73,0.0021196355
54061,74,0.0016414752
54061,75,0.0013027916
54061,76,0.001166716
54061,77,0.0011714334
54061,78,0.0011912974
54061,79,0.0010813733
54061,80,0.0009408478
54061,81,0.0008633015
54061,82,0.0008314189
54061,83,0.0008048724
54061,84,0.0007704158
54061,85,0.00075213483
54061,86,0.00069492095
54061,87,0.0006450171
54061,88,0.0005950986
54061,89,0.00047214737
54061,90,0.00035701878
54061,91,0.00019950788
54061,92,0.00014274918
54061,93,0.00012924377
54061,94,0.00011636317
54061,95,0.00012532476
54061,96,0.00011858047
54061,97,0.00010685045
54061,98,9.890614e-05
54061,99,7.712997e-05
54061,100,6.111167e-05
54061,101,3.605902e-05
54061,102,4.2854375e-05
54061,103,3.875059e-05
54061,104,3.591562e-05
54061,105,4.0884897e-05
54061,106,5.04248e-05
54061,107,7.633444e-05
54061,108,9.3324146e-05
54061,109,0.00024705185
54061,110,0.00040348084
54061,111,0.00055375596
54061,112,0.000467763
54061,113,0.0003884252
54061,114,0.00035346803
54061,115,0.0003698826
54061,116,0.0003536884
54061,117,0.0004627445
54061,118,0.00051518786
54061,119,0.0004656313
54061,120,0.0006672812
54061,121,0.0008852568
54061,122,0.0010635182
54061,123,0.0009731302
54061,124,0.0008562162
54061,125,0.0007744666
54061,126,0.0007745349
54061,127,0.0009930191
54061,128,0.0009010584
54061,129,0.0007688562
54061,130,0.00064957375
54061,131,0.000617058
54061,132,0.0006935776
54061,133,0.0005774217
54061,134,0.00040687338
54061,135,0.00034538086
54061,136,0.0002560947
54061,137,0.00022160234
54061,138,0.00040377636
54061,139,0.0008598483
54061,140,0.0015431116
54061,141,0.0020959561
54061,142,0.0020893335
54061,143,0.0017539369
54061,144,0.0011360233
54061,145,0.0010435473
54061,146,0.0009288556
54061,147,0.00078528794
54061,148,0.00079750357
54061,149,0.00090074947
54061,150,0.0011301365
54061,151,0.0011912448
54061,152,0.0009528808
54061,153,0.00085924467
54061,154,0.00079822267
54061,155,0.0006752771
54061,156,0.00044840277
54061,157,0.0002939869
54061,158,0.00030992858
54061,159,0.0003059204
54061,160,0.00027428984
54061,161,0.00022722865
54061,162,0.00016253177
54061,163,0.00016790515
54061,164,0.00014884688
54061,165,8.949997e-05
54061,166,5.457832e-05
54061,167,4.6455556e-05
54061,168,5.725652e-05
54061,169,7.386335e-05
54061,170,0.0001261213
54061,171,8.765326e-05
54061,172,7.695903e-05
54061,173,8.409317e-05
54061,174,0.00018642386
54061,175,0.00011751742
54061,176,9.247914e-05
54061,177,6.8244444e-05
54061,178,6.2508676e-05
54061,179,5.8520003e-05
54061,180,6.563086e-05
54061,181,7.750069e-05
54061,182,0.00012452748
54061,183,0.00011845588
54061,184,9.231071e-05
54061,185,6.885342e-05
54061,186,6.042454e-05
54061,187,6.0454608e-05
54061,188,6.172006e-05
54061,189,4.4882432e-05
54061,190,9.750495e-06
54061,191,3.6854527e-07
54061,192,2.1199789e-09
54061,193,2.5267474e-07
54061,194,8.0663807e-07
54061,195,2.1982048e-06
54061,196,5.6820286e-06
54061,197,7.5484177e-06
54061,198,1.471866e-05
54061,199,2.335342e-05
54061,200,3.5856767e-05
54061,201,5.3209715e-05
54061,202,6.3707645e-05
54061,203,5.148827e-05
54061,204,6.43969e-05
54061,205,6.5856686e-05
54061,206,6.313374e-05
54061,207,7.861378e-05
54061,208,8.6141874e-05
54061,209,0.00010884233
54061,210,0.000107725406
54061,211,0.00010331028
54061,212,6.0069797e-05
54061,213,7.623821e-05
54061,214,2.9917637e-05
54061,215,2.8456201e-05
54065,73,0.0017942216
54065,74,0.0015414137
54065,75,0.0012958539
54065,76,0.0012588986
54065,77,0.0013182514
54065,78,0.0013630996
54065,79,0.0014068512
54065,80,0.0014813677
54065,81,0.0014145349
54065,82,0.0013135298
54065,83,0.0011779156
54065,84,0.00095087534
54065,85,0.00074270123
54065,86,0.0007327685
54065,87,0.00058087194
54065,88,0.00051167863
54065,89,0.0004741055
54065,90,0.00046393945
54065,91,0.00038098535
54065,92,0.0002718551
54065,93,0.0002408365
54065,94,0.00021196766
54065,95,0.00016225701
54065,96,0.00014026341
54065,97,0.00013772216
54065,98,0.00015477356
54065,99,0.00016774828
54065,100,0.00019219526
54065,101,0.00020471685
54065,102,0.00018487459
54065,103,0.00016648178
54065,104,0.0002687788
54065,105,0.0003052056
54065,106,0.0002842246
54065,107,0.0002532917
54065,108,0.00020414201
54065,109,0.00014546365
54065,110,0.00012263976
54065,111,8.0663136e-05
54065,112,7.684709e-05
54065,113,9.310497e-05
54065,114,0.00011901688
54065,115,0.00015944021
54065,116,0.0001962897
54065,117,0.00021027416
54065,118,0.00025156117
54065,119,0.00033360644
54065,120,0.0004033819
54065,121,0.0003996772
54065,122,0.00041708376
54065,123,0.0005647562
54065,124,0.0005545857
54065,125,0.0005899191
54065,126,0.0005968339
54065,127,0.0005742049
54065,128,0.00053770264
54065,129,0.0004603089
54065,130,0.00043394696
54065,131,0.00040251602
54065,132,0.0003605937
54065,133,0.00020538265
54065,134,0.00013117048
54065,135,7.7644385e-05
54065,136,4.7252244e-05
54065,137,7.96912e-05
54065,138,0.00025716826
54065,139,0.0002775434
54065,140,0.00028860808
54065,141,0.0006148422
54065,142,0.0020060963
54065,143,0.002580618
54065,144,0.0026679763
54065,145,0.0026374639
54065,146,0.0022172313
54065,147,0.0022267122
54065,148,0.0022798784
54065,149,0.0022658026
54065,150,0.0020925847
54065,151,0.0022346235
54065,152,0.0022230726
54065,153,0.0022122813
54065,154,0.0021204958
54065,155,0.0019552254
54065,156,0.0017925347
54065,157,0.0017661393
54065,158,0.0017163424
54065,159,0.0014279939
54065,160,0.001116095
54065,161,0.00086712866
54065,162,0.00067194237
54065,163,0.0004965963
54065,164,0.00040469682
54065,165,0.00038101707
54065,166,0.0003751916
54065,167,0.0004493694
54065,168,0.00053332385
54065,169,0.00043620035
54065,170,0.00063687196
54065,171,0.0005704219
54065,172,0.0008007639
54065,173,0.0006670398
54065,174,0.0006273375
54065,175,0.0004920115
54065,176,0.00069265417
54065,177,0.00052694185
54065,178,0.00046603367
54065,179,0.00043751125
54065,180,0.0003672297
54065,181,0.00034171424
54065,182,0.0002945236
54065,183,0.00033374835
54065,184,0.00031164312
54065,185,0.00025941772
54065,186,0.00015039544
54065,187,9.049358e-05
54065,188,4.408948e-05
54065,189,2.4895991e-05
54065,190,1.466205e-05
54065,191,1.312073e-05
54065,192,2.0586147e-05
54065,193,3.425583e-05
54065,194,4.783639e-05
54065,195,6.901703e-05
54065,196,9.281448e-05
54065,197,8.9791516e-05
54065,198,7.733679e-05
54065,199,5.999673e-05
54065,200,5.298262e-05
54065,201,2.5297824e-05
54065,202,2.0666894e-05
54065,203,3.7560065e-05
54065,204,4.215252e-05
54065,205,9.4403804e-05
54065,206,0.00020876802
54065,207,0.00025744367
54065,208,0.00026033522
54065,209,0.00023174817
54065,210,0.00015920296
54065,211,6.257327e-05
54065,212,3.6719026e-05
54065,213,2.5417563e-05
54065,214,1.9038673e-05
54065,215,1.2199489e-05
