fipsCode,hour,osi_pred
18001,73,0.0062437365
18001,74,0.005270255
18001,75,0.0052586463
18001,76,0.0049484516
18001,77,0.004721787
18001,78,0.004607617
18001,79,0.0043759756
18001,80,0.004225892
18001,81,0.0031450514
18001,82,0.0025980854
18001,83,0.0024495467
18001,84,0.0019888585
18001,85,0.0020678972
18001,86,0.0016757379
18001,87,0.0013581958
18001,88,0.0013316218
18001,89,0.0010938668
18001,90,0.0010146273
18001,91,0.0006037993
18001,92,0.0004974007
18001,93,0.00036682794
18001,94,0.00037625575
18001,95,0.00034514163
18001,96,0.00036716872
18001,97,0.0002559244
18001,98,0.00019069275
18001,99,0.00020456786
18001,100,0.00018678197
18001,101,0.00018482078
18001,102,0.00018154173
18001,103,0.00016563565
18001,104,0.00014322266
18001,105,0.00011567659
18001,106,0.00011535716
18001,107,0.0008629115
18001,108,0.0012784577
18001,109,0.0020396411
18001,110,0.0030654161
18001,111,0.0030746185
18001,112,0.0031607302
18001,113,0.0029760816
18001,114,0.0024842974
18001,115,0.0024119085
18001,116,0.0024818196
18001,117,0.0022370564
18001,118,0.0010580322
18001,119,0.0011504088
18001,120,0.0012405388
18001,121,0.0017052594
18001,122,0.0023784526
18001,123,0.0031072714
18001,124,0.0022098473
18001,125,0.0025051748
18001,126,0.0022644512
18001,127,0.0023238629
18001,128,0.0023693214
18001,129,0.0028449814
18001,130,0.0012813689
18001,131,0.00071645534
18001,132,0.00083158683
18001,133,0.00041125444
18001,134,0.00040190213
18001,135,0.00014247448
18001,136,5.7517118e-05
18001,137,7.078667e-05
18001,138,3.3845223e-05
18001,139,5.2017826e-05
18001,140,2.3605338e-05
18001,141,5.6043587e-05
18001,142,2.533555e-05
18001,143,3.2390457e-05
18001,144,3.7173744e-05
18001,145,2.2800241e-05
18001,146,2.0439953e-05
18001,147,1.9442317e-05
18001,148,2.7018308e-05
18001,149,1.6129003e-05
18001,150,2.5854079e-05
18001,151,1.4439056e-05
18001,152,1.4553805e-05
18001,153,2.2312694e-05
18001,154,6.362016e-05
18001,155,5.4000975e-05
18001,156,1.7865024e-05
18001,157,7.789248e-06
18001,158,5.0052067e-06
18001,159,5.5855994e-06
18001,160,3.0277947e-06
18001,161,2.7469869e-06
18001,162,4.6244037e-07
18001,163,5.001233e-07
18001,164,1.9804559e-06
18001,165,3.3503388e-06
18001,166,2.834351e-06
18001,167,4.311727e-06
18001,168,5.2421083e-06
18001,169,9.675041e-07
18001,170,1.117603e-06
18001,171,8.45231e-07
18001,172,5.584505e-07
18001,173,0.0
18001,174,2.1258952e-08
18001,175,1.0918972e-06
18001,176,3.4642526e-06
18001,177,3.0073275e-06
18001,178,1.14212735e-05
18001,179,6.208918e-06
18001,180,6.173012e-06
18001,181,3.414625e-06
18001,182,1.6132628e-06
18001,183,1.6007663e-06
18001,184,6.963371e-07
18001,185,7.2792616e-08
18001,186,3.2890807e-07
18001,187,0.0
18001,188,0.0
18001,189,0.0
18001,190,0.0
18001,191,0.0
18001,192,0.0
18001,193,0.0
18001,194,0.0
18001,195,0.0
18001,196,0.0
18001,197,0.0
18001,198,1.9055886e-07
18001,199,1.3434946e-07
18001,200,5.7379435e-07
18001,201,3.354906e-06
18001,202,3.931169e-06
18001,203,6.2222434e-06
18001,204,3.508432e-06
18001,205,1.5428815e-05
18001,206,1.8894449e-05
18001,207,1.4594905e-06
18001,208,1.4556826e-06
18001,209,5.1536667e-06
18001,210,2.6169996e-06
18001,211,1.4434631e-06
18001,212,2.8748063e-06
18001,213,7.3785077e-06
18001,214,3.2981438e-06
18001,215,4.5152146e-06
18003,73,0.010489762
18003,74,0.009596439
18003,75,0.008552293
18003,76,0.008349997
18003,77,0.007921288
18003,78,0.0063117584
18003,79,0.005780329
18003,80,0.005534316
18003,81,0.0052577374
18003,82,0.004880896
18003,83,0.0046770824
18003,84,0.0040707234
18003,85,0.0038082295
18003,86,0.0031614439
18003,87,0.0029265122
18003,88,0.0027187848
18003,89,0.002845152
18003,90,0.0022704708
18003,91,0.0013897981
18003,92,0.0010716659
18003,93,0.0012574557
18003,94,0.00082105567
18003,95,0.00074155204
18003,96,0.00075854704
18003,97,0.0007145789
18003,98,0.0006568418
18003,99,0.0006313398
18003,100,0.0005672069
18003,101,0.00062626874
18003,102,0.00053432415
18003,103,0.0004550376
18003,104,0.00036658434
18003,105,0.00036596236
18003,106,0.00043468433
18003,107,0.0009664633
18003,108,0.002257394
18003,109,0.0029157398
18003,110,0.0024123804
18003,111,0.002996126
18003,112,0.003334675
18003,113,0.0026955134
18003,114,0.002423787
18003,115,0.0025841284
18003,116,0.0019785883
18003,117,0.0029919504
18003,118,0.0016183415
18003,119,0.0026953898
18003,120,0.0023205199
18003,121,0.0035047922
18003,122,0.0019938473
18003,123,0.0023493902
18003,124,0.0025361972
18003,125,0.00235509
18003,126,0.0021956104
18003,127,0.0024150484
18003,128,0.0024731695
18003,129,0.0017077712
18003,130,0.0016467721
18003,131,0.0013403643
18003,132,0.0009319874
18003,133,0.0005187494
18003,134,0.0004625191
18003,135,0.00030689992
18003,136,0.000103031474
18003,137,0.0001269799
18003,138,0.00020004899
18003,139,6.478059e-05
18003,140,7.219391e-05
18003,141,5.1305164e-05
18003,142,7.38201e-05
18003,143,0.00010344475
18003,144,9.846652e-05
18003,145,6.923706e-05
18003,146,4.3438213e-05
18003,147,8.455861e-05
18003,148,9.055271e-05
18003,149,7.29221e-05
18003,150,6.506334e-05
18003,151,4.1900654e-05
18003,152,2.8565828e-05
18003,153,4.78285e-05
18003,154,3.6160403e-05
18003,155,1.446615e-05
18003,156,5.582954e-06
18003,157,1.5661877e-05
18003,158,1.3604552e-05
18003,159,1.3985262e-05
18003,160,1.0165782e-05
18003,161,7.007178e-06
18003,162,1.0960289e-05
18003,163,7.096787e-06
18003,164,6.454717e-06
18003,165,5.8492037e-06
18003,166,6.683197e-07
18003,167,4.9236103e-08
18003,168,0.0
18003,169,0.0
18003,170,0.0
18003,171,0.0
18003,172,0.0
18003,173,0.0
18003,174,0.0
18003,175,0.0
18003,176,0.0
18003,177,1.1368127e-06
18003,178,4.9761175e-06
18003,179,6.37703e-06
18003,180,1.2935488e-05
18003,181,9.425106e-06
18003,182,7.654547e-06
18003,183,3.2986702e-06
18003,184,1.1231357e-05
18003,185,2.5335352e-09
18003,186,0.0
18003,187,0.0
18003,188,0.0
18003,189,0.0
18003,190,0.0
18003,191,0.0
18003,192,0.0
18003,193,0.0
18003,194,0.0
18003,195,0.0
18003,196,0.0
18003,197,2.3270997e-05
18003,198,1.2751559e-06
18003,199,3.0406494e-07
18003,200,2.811799e-06
18003,201,6.0517655e-06
18003,202,1.4207169e-05
18003,203,1.2289787e-05
18003,204,1.1298224e-05
18003,205,1.4034481e-05
18003,206,2.743037e-05
18003,207,2.8961324e-05
18003,208,2.3772982e-05
18003,209,2.6363412e-05
18003,210,2.0455775e-05
18003,211,2.2511404e-06
18003,212,4.3809514e-06
18003,213,3.7805503e-06
18003,214,2.7629185e-06
18003,215,6.244039e-07
18005,73,0.0
18005,74,0.0
18005,75,0.0
18005,76,0.0
18005,77,0.0
18005,78,0.0
18005,79,0.0
18005,80,0.0
18005,81,1.8011978e-07
18005,82,1.3597781e-07
18005,83,2.478096e-07
18005,84,1.3207164e-06
18005,85,8.591619e-07
18005,86,3.3758475e-08
18005,87,2.2203365e-06
18005,88,3.7473168e-07
18005,89,9.69128e-07
18005,90,1.2916508e-06
18005,91,0.0
18005,92,0.0
18005,93,0.0
18005,94,0.0
18005,95,0.0
18005,96,0.0
18005,97,0.0
18005,98,0.0
18005,99,0.0
18005,100,0.0
18005,101,0.0
18005,102,0.0
18005,103,0.0
18005,104,0.0
18005,105,3.6108295e-07
18005,106,0.0
18005,107,0.00286534
18005,108,0.00521107
18005,109,0.009123215
18005,110,0.011336108
18005,111,0.008431816
18005,112,0.008008462
18005,113,0.006539179
18005,114,0.0056806277
18005,115,0.0061567095
18005,116,0.0040222104
18005,117,0.0043923394
18005,118,0.0029280116
18005,119,0.004648714
18005,120,0.0037829422
18005,121,0.003281313
18005,122,0.003719693
18005,123,0.0028662
18005,124,0.0031112942
18005,125,0.003141007
18005,126,0.0026901069
18005,127,0.0019631456
18005,128,0.0012146008
18005,129,0.0013188134
18005,130,0.0010888183
18005,131,0.00095196115
18005,132,0.00044851413
18005,133,0.00022066699
18005,134,0.00021732613
18005,135,0.00010313806
18005,136,0.000104921826
18005,137,0.00012288766
18005,138,0.0001051133
18005,139,4.2675205e-05
18005,140,1.2694882e-05
18005,141,2.1258164e-05
18005,142,4.1474992e-05
18005,143,1.462184e-05
18005,144,3.1213217e-06
18005,145,1.2789951e-05
18005,146,2.524767e-07
18005,147,7.029254e-07
18005,148,2.1416772e-06
18005,149,5.3233784e-06
18005,150,2.8603517e-06
18005,151,8.665469e-06
18005,152,9.118614e-06
18005,153,1.21464645e-05
18005,154,1.0772342e-05
18005,155,2.3526693e-06
18005,156,2.0729601e-06
18005,157,1.5287799e-06
18005,158,1.2231112e-06
18005,159,6.9020376e-07
18005,160,7.857125e-08
18005,161,7.134118e-08
18005,162,0.0
18005,163,0.0
18005,164,0.0
18005,165,0.0
18005,166,0.0
18005,167,0.0
18005,168,0.0
18005,169,0.0
18005,170,0.0
18005,171,0.0
18005,172,0.0
18005,173,0.0
18005,174,0.0
18005,175,0.0
18005,176,5.6632783e-09
18005,177,8.1305416e-07
18005,178,8.140829e-07
18005,179,1.9777556e-06
18005,180,4.651686e-06
18005,181,1.6989047e-06
18005,182,6.486931e-07
18005,183,9.852779e-07
18005,184,2.6053372e-06
18005,185,3.7528178e-08
18005,186,1.3727832e-07
18005,187,0.0
18005,188,2.11881e-07
18005,189,1.6212816e-07
18005,190,1.9632998e-07
18005,191,8.7372364e-08
18005,192,1.1518298e-06
18005,193,4.891115e-08
18005,194,5.9390388e-08
18005,195,9.188225e-08
18005,196,4.5085753e-07
18005,197,5.7301156e-07
18005,198,5.2164995e-07
18005,199,3.3696574e-06
18005,200,6.295421e-06
18005,201,1.2138571e-05
18005,202,2.2051063e-05
18005,203,2.8107179e-05
18005,204,2.4836925e-05
18005,205,2.1397138e-05
18005,206,2.4553845e-05
18005,207,2.988116e-05
18005,208,1.4560336e-05
18005,209,1.3655898e-05
18005,210,5.080716e-05
18005,211,5.2975873e-05
18005,212,2.673435e-05
18005,213,1.9638503e-05
18005,214,1.3209447e-05
18005,215,1.3309604e-05
18007,73,0.0031078542
18007,74,0.002520429
18007,75,0.0030798512
18007,76,0.0021029096
18007,77,0.0011337645
18007,78,0.00020687983
18007,79,0.00043412877
18007,80,0.00042039683
18007,81,0.0005899689
18007,82,0.00085832895
18007,83,0.00031627997
18007,84,0.00032131892
18007,85,0.00033360973
18007,86,0.00021983545
18007,87,0.0002047911
18007,88,0.00018619484
18007,89,0.00014497428
18007,90,5.6365392e-05
18007,91,2.6952719e-05
18007,92,5.3401607e-05
18007,93,3.877072e-05
18007,94,3.9996652e-05
18007,95,6.416826e-06
18007,96,0.0
18007,97,0.0007544871
18007,98,0.001011965
18007,99,0.001026537
18007,100,0.0011462888
18007,101,0.0010867532
18007,102,0.0010465897
18007,103,0.0013369552
18007,104,0.001317114
18007,105,0.0015043054
18007,106,0.0016223844
18007,107,0.0027567688
18007,108,0.005162213
18007,109,0.006476056
18007,110,0.0088643795
18007,111,0.007241857
18007,112,0.008280574
18007,113,0.00835485
18007,114,0.007855988
18007,115,0.0074641197
18007,116,0.008852293
18007,117,0.017508026
18007,118,0.03412342
18007,119,0.029991085
18007,120,0.012283083
18007,121,0.0099215945
18007,122,0.0070727225
18007,123,0.005269345
18007,124,0.005557543
18007,125,0.0035230385
18007,126,0.0029190197
18007,127,0.003012578
18007,128,0.0032339985
18007,129,0.003501278
18007,130,0.0025974878
18007,131,0.0017305736
18007,132,0.0019197309
18007,133,0.0014656307
18007,134,0.0015551344
18007,135,0.0019484564
18007,136,0.002565067
18007,137,0.00271752
18007,138,0.0018003449
18007,139,0.0017953775
18007,140,0.0022478264
18007,141,0.0046190396
18007,142,0.0049213376
18007,143,0.0026798528
18007,144,0.0023678525
18007,145,0.0016800863
18007,146,0.0011814825
18007,147,0.0006696111
18007,148,0.00048779766
18007,149,0.00043490043
18007,150,0.0002627783
18007,151,5.640021e-05
18007,152,0.00011014097
18007,153,0.00015915225
18007,154,0.00026693274
18007,155,0.00046715874
18007,156,0.00024137537
18007,157,0.00020280729
18007,158,0.00013913341
18007,159,0.00012276441
18007,160,0.00016935232
18007,161,6.2152394e-05
18007,162,4.6043086e-05
18007,163,4.445841e-05
18007,164,4.449532e-05
18007,165,0.00048056175
18007,166,0.00030527354
18007,167,8.088989e-05
18007,168,7.693481e-05
18007,169,0.00010511355
18007,170,7.218981e-05
18007,171,3.9693838e-05
18007,172,5.3614636e-05
18007,173,6.0728213e-05
18007,174,3.149033e-05
18007,175,1.4854061e-05
18007,176,2.8066203e-05
18007,177,6.119678e-05
18007,178,6.165828e-05
18007,179,5.4181928e-05
18007,180,3.8654773e-05
18007,181,2.4419613e-05
18007,182,6.8555375e-05
18007,183,3.725773e-05
18007,184,3.565493e-05
18007,185,2.102958e-05
18007,186,8.716217e-06
18007,187,2.0852667e-05
18007,188,2.7132317e-05
18007,189,3.416178e-05
18007,190,1.7790295e-05
18007,191,3.209411e-05
18007,192,2.9913694e-05
18007,193,3.5374258e-05
18007,194,8.627135e-06
18007,195,1.802825e-05
18007,196,4.190172e-05
18007,197,3.375375e-06
18007,198,9.748101e-06
18007,199,8.245883e-07
18007,200,1.6315096e-05
18007,201,4.3624255e-05
18007,202,5.7879046e-05
18007,203,5.781518e-05
18007,204,5.680752e-05
18007,205,4.850188e-05
18007,206,5.455395e-05
18007,207,8.8688874e-05
18007,208,0.00014475545
18007,209,0.00046755432
18007,210,0.00043583164
18007,211,0.00030696805
18007,212,0.00024588595
18007,213,0.00024576669
18007,214,0.00024293213
18007,215,0.00021038418
18011,73,2.0239962e-05
18011,74,1.04815e-05
18011,75,2.2360886e-05
18011,76,2.699827e-05
18011,77,1.5245513e-05
18011,78,4.566789e-06
18011,79,7.3697647e-06
18011,80,3.3781205e-05
18011,81,4.184334e-05
18011,82,3.5205776e-05
18011,83,4.3050124e-05
18011,84,4.1915617e-05
18011,85,4.7674243e-05
18011,86,1.2876519e-05
18011,87,7.107477e-06
18011,88,1.494492e-05
18011,89,1.5409993e-05
18011,90,1.569687e-05
18011,91,8.269694e-06
18011,92,6.0141265e-06
18011,93,9.860181e-06
18011,94,1.2916539e-05
18011,95,1.05177e-05
18011,96,1.4246066e-05
18011,97,7.95781e-06
18011,98,7.4687946e-06
18011,99,4.1767203e-06
18011,100,5.4042566e-06
18011,101,1.6160977e-06
18011,102,4.8954034e-06
18011,103,6.0936854e-06
18011,104,5.0347003e-06
18011,105,5.9480575e-05
18011,106,0.00036083508
18011,107,0.0008739048
18011,108,0.0017283075
18011,109,0.0034277064
18011,110,0.0036704915
18011,111,0.0035557684
18011,112,0.0026210537
18011,113,0.0030106422
18011,114,0.001095201
18011,115,0.0012263595
18011,116,0.0010404348
18011,117,0.000824748
18011,118,0.0007080947
18011,119,0.0016793858
18011,120,0.0015050378
18011,121,0.0018979476
18011,122,0.0011753249
18011,123,0.0010347851
18011,124,0.00082611514
18011,125,0.0009437932
18011,126,0.0008949093
18011,127,0.0009212853
18011,128,0.00056835194
18011,129,0.0003284712
18011,130,0.00016559724
18011,131,0.00034903255
18011,132,0.0001352456
18011,133,0.00014155905
18011,134,0.0002682946
18011,135,6.436109e-05
18011,136,4.137592e-05
18011,137,1.780601e-05
18011,138,2.3224796e-07
18011,139,1.6806879e-06
18011,140,1.3485493e-06
18011,141,0.0
18011,142,6.423155e-06
18011,143,2.7278693e-05
18011,144,3.8583694e-05
18011,145,0.0
18011,146,1.04718065e-08
18011,147,1.4704596e-08
18011,148,1.13151074e-07
18011,149,1.4048578e-07
18011,150,0.0
18011,151,5.426489e-07
18011,152,4.8607685e-06
18011,153,1.0210063e-05
18011,154,2.7005524e-05
18011,155,8.2054845e-07
18011,156,2.319282e-06
18011,157,3.4111028e-07
18011,158,2.1722878e-08
18011,159,1.7548868e-07
18011,160,0.0
18011,161,0.0
18011,162,5.0156796e-08
18011,163,1.2769079e-08
18011,164,0.0
18011,165,0.0
18011,166,0.0
18011,167,1.4717222e-07
18011,168,2.4839597e-08
18011,169,0.0
18011,170,1.03104405e-07
18011,171,9.90025e-09
18011,172,0.0
18011,173,3.435156e-12
18011,174,0.0
18011,175,1.3459713e-06
18011,176,2.6222692e-06
18011,177,4.778207e-06
18011,178,4.1636213e-06
18011,179,2.2594088e-06
18011,180,2.3935927e-06
18011,181,3.9614356e-06
18011,182,2.5401214e-06
18011,183,1.2686875e-06
18011,184,2.0387565e-06
18011,185,2.8446702e-06
18011,186,5.5945857e-06
18011,187,1.3347573e-06
18011,188,7.029476e-08
18011,189,0.0
18011,190,0.0
18011,191,6.8539215e-08
18011,192,3.097744e-08
18011,193,7.462785e-08
18011,194,2.2677234e-08
18011,195,4.8032486e-08
18011,196,4.1622965e-08
18011,197,3.9829092e-07
18011,198,1.2244282e-06
18011,199,3.318554e-06
18011,200,4.7879303e-06
18011,201,7.4787035e-06
18011,202,8.960658e-06
18011,203,1.3828618e-05
18011,204,1.6001435e-05
18011,205,1.2651363e-05
18011,206,1.2923459e-05
18011,207,1.2804535e-05
18011,208,1.6632624e-05
18011,209,1.5891637e-05
18011,210,9.764222e-06
18011,211,5.177916e-06
18011,212,6.6668194e-06
18011,213,1.7045639e-07
18011,214,1.3410967e-07
18011,215,1.6312619e-08
18015,73,0.00019977504
18015,74,9.6090575e-05
18015,75,0.00012415893
18015,76,0.00014837689
18015,77,0.000121306606
18015,78,7.2573224e-05
18015,79,5.582094e-05
18015,80,3.0201967e-05
18015,81,1.9245741e-05
18015,82,2.145767e-05
18015,83,5.9549347e-06
18015,84,1.280446e-05
18015,85,1.1046923e-05
18015,86,9.634118e-07
18015,87,7.687467e-06
18015,88,4.407844e-06
18015,89,5.708331e-06
18015,90,1.5692754e-05
18015,91,1.21900675e-05
18015,92,4.9982937e-06
18015,93,5.498837e-06
18015,94,2.3394475e-06
18015,95,7.348324e-06
18015,96,1.0497052e-06
18015,97,2.0131497e-06
18015,98,8.728615e-07
18015,99,9.488375e-09
18015,100,0.0
18015,101,7.121518e-06
18015,102,2.2806664e-06
18015,103,3.1512525e-06
18015,104,2.6683108e-05
18015,105,8.438223e-05
18015,106,0.00013969884
18015,107,9.566999e-05
18015,108,0.0006020555
18015,109,0.0006422328
18015,110,0.0007374251
18015,111,0.0019267676
18015,112,0.001315271
18015,113,0.00067705085
18015,114,0.00091537973
18015,115,0.00053302455
18015,116,0.00046200666
18015,117,0.0009577507
18015,118,0.0012448604
18015,119,0.0020083613
18015,120,0.0011141355
18015,121,0.0016639124
18015,122,0.0017057074
18015,123,0.0012857022
18015,124,0.0012656532
18015,125,0.0012463895
18015,126,0.00075419573
18015,127,0.00061068684
18015,128,0.00040771955
18015,129,0.00034320366
18015,130,0.00015690342
18015,131,8.220814e-05
18015,132,6.5416425e-05
18015,133,5.3681637e-05
18015,134,0.00014083824
18015,135,2.7129221e-05
18015,136,1.5247764e-05
18015,137,5.0586732e-05
18015,138,8.893371e-05
18015,139,2.5705891e-05
18015,140,4.954876e-05
18015,141,7.94418e-05
18015,142,8.20673e-05
18015,143,0.00013472278
18015,144,9.568369e-05
18015,145,5.632191e-05
18015,146,3.530561e-06
18015,147,2.0554182e-06
18015,148,7.7687155e-06
18015,149,1.6953842e-05
18015,150,2.5347046e-05
18015,151,2.0834856e-05
18015,152,5.996234e-06
18015,153,3.0605302e-06
18015,154,5.662391e-06
18015,155,1.1402184e-05
18015,156,8.805777e-06
18015,157,2.2740048e-06
18015,158,1.916019e-06
18015,159,5.072287e-06
18015,160,1.6557922e-07
18015,161,6.117401e-08
18015,162,0.0
18015,163,0.0
18015,164,1.6678052e-09
18015,165,3.2245623e-08
18015,166,5.1602107e-08
18015,167,0.0
18015,168,4.2064848e-08
18015,169,1.0722238e-08
18015,170,2.488499e-07
18015,171,8.780087e-07
18015,172,2.2993433e-07
18015,173,1.698127e-06
18015,174,3.620709e-06
18015,175,7.499486e-07
18015,176,1.8050295e-06
18015,177,6.36457e-06
18015,178,1.8117653e-05
18015,179,1.1356847e-05
18015,180,1.4798862e-05
18015,181,6.0645257e-06
18015,182,7.633667e-06
18015,183,1.2539886e-06
18015,184,8.1170356e-08
18015,185,1.357838e-07
18015,186,0.0
18015,187,0.0
18015,188,0.0
18015,189,0.0
18015,190,1.9050395e-07
18015,191,4.567923e-07
18015,192,5.976428e-07
18015,193,1.6884437e-06
18015,194,1.4743957e-06
18015,195,4.5697047e-06
18015,196,4.0018444e-06
18015,197,1.8077905e-06
18015,198,2.327927e-06
18015,199,9.647785e-06
18015,200,4.296732e-06
18015,201,7.816384e-06
18015,202,8.372578e-06
18015,203,9.0081985e-06
18015,204,9.025395e-06
18015,205,6.0714274e-06
18015,206,1.2577469e-05
18015,207,1.3128119e-05
18015,208,9.282366e-06
18015,209,6.2009203e-06
18015,210,1.8593359e-05
18015,211,1.3071741e-05
18015,212,1.1283503e-06
18015,213,1.6170012e-06
18015,214,4.0227667e-07
18015,215,2.7219497e-07
18017,73,0.00018317289
18017,74,6.7488305e-05
18017,75,7.169318e-05
18017,76,7.828701e-05
18017,77,9.6269905e-05
18017,78,5.6854055e-06
18017,79,1.874059e-05
18017,80,2.5748734e-06
18017,81,4.609042e-06
18017,82,2.4517968e-07
18017,83,4.9014577e-08
18017,84,8.7614364e-07
18017,85,2.5590957e-06
18017,86,6.5214664e-07
18017,87,3.565055e-06
18017,88,3.3347524e-06
18017,89,5.595283e-06
18017,90,9.509216e-06
18017,91,8.617221e-06
18017,92,6.2992926e-06
18017,93,6.3327757e-06
18017,94,9.1476795e-06
18017,95,5.9926765e-06
18017,96,1.8174627e-05
18017,97,2.9745704e-06
18017,98,1.1987585e-05
18017,99,3.0547012e-06
18017,100,7.946481e-06
18017,101,5.654925e-07
18017,102,9.371669e-09
18017,103,1.2327249e-06
18017,104,4.6749374e-06
18017,105,5.1765596e-06
18017,106,3.797099e-05
18017,107,0.00018943264
18017,108,0.0005743518
18017,109,0.0008900609
18017,110,0.00088313344
18017,111,0.0011525914
18017,112,0.0014970341
18017,113,0.0017430222
18017,114,0.0025915224
18017,115,0.0015945359
18017,116,0.002047358
18017,117,0.002452001
18017,118,0.0032819887
18017,119,0.0030686026
18017,120,0.002279905
18017,121,0.0019642632
18017,122,0.0010805448
18017,123,0.0012512124
18017,124,0.0007374717
18017,125,0.0005358865
18017,126,0.00039137702
18017,127,0.00033407245
18017,128,0.00031649633
18017,129,0.0002459719
18017,130,0.00012811314
18017,131,4.0277e-05
18017,132,1.938183e-05
18017,133,6.052981e-05
18017,134,1.9837033e-05
18017,135,2.1636672e-05
18017,136,0.00015103565
18017,137,7.106959e-05
18017,138,0.00012984594
18017,139,0.00019620411
18017,140,0.00031583325
18017,141,0.00012221203
18017,142,0.00010023117
18017,143,0.00027503696
18017,144,0.00019567233
18017,145,0.00012229811
18017,146,4.977614e-05
18017,147,4.0378778e-05
18017,148,4.8908547e-05
18017,149,4.569821e-05
18017,150,5.9273894e-05
18017,151,1.8948835e-05
18017,152,8.115273e-06
18017,153,1.2801609e-05
18017,154,1.181902e-05
18017,155,1.628494e-05
18017,156,2.4020388e-05
18017,157,1.9415676e-05
18017,158,1.161758e-05
18017,159,1.0105978e-05
18017,160,1.0964519e-05
18017,161,6.0420334e-06
18017,162,2.063141e-06
18017,163,7.326894e-07
18017,164,2.0829168e-06
18017,165,3.02665e-06
18017,166,2.391912e-06
18017,167,1.601217e-06
18017,168,4.491596e-06
18017,169,2.6219293e-06
18017,170,2.6791904e-06
18017,171,8.5070104e-07
18017,172,3.5538142e-07
18017,173,1.4294831e-06
18017,174,1.2250705e-06
18017,175,5.1498914e-06
18017,176,7.168035e-06
18017,177,7.8235325e-06
18017,178,1.1950909e-05
18017,179,1.2971938e-05
18017,180,1.2640704e-05
18017,181,3.2661042e-05
18017,182,2.678936e-05
18017,183,2.6503774e-05
18017,184,8.019684e-06
18017,185,8.517558e-06
18017,186,4.3917507e-06
18017,187,2.0441198e-06
18017,188,2.1552537e-06
18017,189,2.4710316e-06
18017,190,4.0653185e-06
18017,191,5.3963904e-06
18017,192,8.367331e-06
18017,193,1.0083579e-05
18017,194,9.832857e-06
18017,195,8.956283e-06
18017,196,1.316122e-05
18017,197,6.51238e-06
18017,198,6.441365e-06
18017,199,9.476891e-06
18017,200,1.1266261e-05
18017,201,1.0936722e-05
18017,202,8.891557e-06
18017,203,1.3145382e-05
18017,204,1.1781563e-05
18017,205,2.0205334e-05
18017,206,1.2336356e-05
18017,207,6.7915616e-06
18017,208,4.8463207e-06
18017,209,2.8054807e-05
18017,210,1.4851696e-05
18017,211,1.3753605e-05
18017,212,6.3371294e-06
18017,213,5.648337e-06
18017,214,7.723765e-06
18017,215,1.0818509e-05
18019,73,7.1141284e-07
18019,74,0.0
18019,75,0.0
18019,76,0.0
18019,77,0.0
18019,78,0.0
18019,79,0.0
18019,80,1.0451505e-07
18019,81,2.644333e-06
18019,82,1.259595e-06
18019,83,8.164851e-06
18019,84,6.3208263e-06
18019,85,6.0902294e-06
18019,86,6.762182e-06
18019,87,1.3153174e-06
18019,88,9.216782e-07
18019,89,1.10488e-06
18019,90,2.0040927e-06
18019,91,4.5796547e-08
18019,92,0.0
18019,93,0.0
18019,94,0.0
18019,95,0.0
18019,96,0.0
18019,97,0.0
18019,98,0.0
18019,99,0.0
18019,100,0.0
18019,101,0.0
18019,102,0.0
18019,103,0.0
18019,104,0.0
18019,105,0.0
18019,106,0.000111737616
18019,107,0.00058312924
18019,108,0.0052021695
18019,109,0.00958857
18019,110,0.014830133
18019,111,0.013304099
18019,112,0.013120559
18019,113,0.0088404175
18019,114,0.007866566
18019,115,0.0058055464
18019,116,0.005222062
18019,117,0.0051580523
18019,118,0.0053349016
18019,119,0.0032577922
18019,120,0.0067932443
18019,121,0.0051475675
18019,122,0.004983354
18019,123,0.00415844
18019,124,0.0035776815
18019,125,0.0032459027
18019,126,0.003354664
18019,127,0.0033081025
18019,128,0.0023100353
18019,129,0.002367161
18019,130,0.0020354474
18019,131,0.0020428149
18019,132,0.00088041736
18019,133,0.0008511685
18019,134,0.0007913618
18019,135,0.0006104887
18019,136,0.0006235171
18019,137,0.0006044416
18019,138,0.0006407644
18019,139,0.00056326366
18019,140,0.0004663662
18019,141,0.0002776465
18019,142,0.0003317106
18019,143,0.0001666123
18019,144,8.709829e-05
18019,145,3.690812e-05
18019,146,3.3563414e-05
18019,147,5.7347348e-05
18019,148,5.5464116e-05
18019,149,5.490835e-05
18019,150,2.9450925e-05
18019,151,2.1247297e-05
18019,152,2.8357681e-05
18019,153,4.3270687e-05
18019,154,2.2238044e-05
18019,155,4.1488416e-05
18019,156,3.8375907e-05
18019,157,3.3999957e-05
18019,158,3.9395567e-05
18019,159,3.4013894e-05
18019,160,2.9272833e-05
18019,161,8.645587e-06
18019,162,8.926829e-06
18019,163,4.1844382e-06
18019,164,3.3082442e-06
18019,165,3.6788947e-06
18019,166,3.0783253e-06
18019,167,1.2431004e-06
18019,168,1.041962e-06
18019,169,2.2893441e-06
18019,170,8.512544e-07
18019,171,4.6229266e-07
18019,172,4.923795e-07
18019,173,7.8407334e-07
18019,174,1.1909706e-06
18019,175,4.637057e-06
18019,176,6.394636e-06
18019,177,2.512969e-05
18019,178,2.606695e-05
18019,179,3.0445339e-05
18019,180,3.3567714e-05
18019,181,3.1464835e-05
18019,182,4.3344095e-05
18019,183,2.4064766e-05
18019,184,1.8032133e-05
18019,185,1.1828715e-05
18019,186,1.1587613e-05
18019,187,8.345104e-06
18019,188,1.5363914e-06
18019,189,1.0086675e-06
18019,190,1.0732517e-07
18019,191,5.286983e-08
18019,192,0.0
18019,193,0.0
18019,194,0.0
18019,195,0.0
18019,196,3.4211318e-08
18019,197,2.7202097e-07
18019,198,4.644255e-07
18019,199,2.4400535e-06
18019,200,5.4998077e-06
18019,201,1.5893445e-05
18019,202,1.06484495e-05
18019,203,1.969797e-05
18019,204,2.095599e-05
18019,205,3.4006764e-05
18019,206,5.406297e-05
18019,207,5.2198382e-05
18019,208,2.542419e-05
18019,209,2.6661603e-05
18019,210,5.551909e-05
18019,211,4.274375e-05
18019,212,1.4085146e-05
18019,213,6.946752e-06
18019,214,7.336921e-06
18019,215,2.229677e-06
18021,73,3.1789765e-05
18021,74,2.2495404e-05
18021,75,1.5951617e-05
18021,76,7.939964e-06
18021,77,7.113509e-06
18021,78,4.027702e-06
18021,79,1.3310978e-05
18021,80,7.2511743e-06
18021,81,1.9390238e-05
18021,82,1.6639533e-05
18021,83,1.0896609e-05
18021,84,1.030943e-05
18021,85,8.275731e-06
18021,86,2.534736e-05
18021,87,2.468699e-05
18021,88,4.3069256e-05
18021,89,1.3406687e-05
18021,90,7.894213e-05
18021,91,1.8767103e-05
18021,92,8.850329e-06
18021,93,1.0138984e-05
18021,94,9.463452e-06
18021,95,1.15288185e-05
18021,96,9.833006e-06
18021,97,8.732499e-06
18021,98,5.434679e-06
18021,99,6.5830573e-06
18021,100,1.763838e-05
18021,101,2.072729e-05
18021,102,1.7121763e-05
18021,103,2.8729713e-05
18021,104,4.5706267e-05
18021,105,0.00016297214
18021,106,0.0013897765
18021,107,0.004156966
18021,108,0.0072317286
18021,109,0.010641194
18021,110,0.009838806
18021,111,0.009032099
18021,112,0.008590417
18021,113,0.006541943
18021,114,0.0066058994
18021,115,0.004931755
18021,116,0.0033101758
18021,117,0.003207262
18021,118,0.005619435
18021,119,0.0055747423
18021,120,0.0043798196
18021,121,0.003872126
18021,122,0.0030587313
18021,123,0.0030010715
18021,124,0.0016792386
18021,125,0.0016787022
18021,126,0.0012929046
18021,127,0.0010738996
18021,128,0.0010961529
18021,129,0.00082763564
18021,130,0.000634708
18021,131,0.00076018996
18021,132,0.00038993967
18021,133,0.00026825568
18021,134,0.00025162534
18021,135,0.00010826587
18021,136,0.00011547662
18021,137,9.264455e-05
18021,138,0.00011722234
18021,139,0.00013813536
18021,140,0.000107711436
18021,141,0.00017230255
18021,142,2.5190897e-05
18021,143,3.3108201e-06
18021,144,1.1586181e-05
18021,145,4.8993786e-07
18021,146,1.1143267e-05
18021,147,4.3196005e-06
18021,148,6.9148377e-06
18021,149,1.4766211e-05
18021,150,4.6783543e-06
18021,151,1.1057395e-05
18021,152,1.4502397e-05
18021,153,1.9278126e-05
18021,154,5.5711895e-05
18021,155,1.5814576e-05
18021,156,1.0691859e-05
18021,157,3.5052485e-06
18021,158,1.2750792e-06
18021,159,4.8530868e-08
18021,160,7.3476734e-08
18021,161,0.0
18021,162,0.0
18021,163,0.0
18021,164,0.0
18021,165,0.0
18021,166,0.0
18021,167,0.0
18021,168,0.0
18021,169,0.0
18021,170,0.0
18021,171,0.0
18021,172,0.0
18021,173,0.0
18021,174,0.0
18021,175,9.126014e-09
18021,176,8.2425726e-07
18021,177,5.4294273e-06
18021,178,1.1527735e-05
18021,179,6.722877e-06
18021,180,7.1104864e-06
18021,181,9.046619e-06
18021,182,1.1001087e-05
18021,183,5.5300047e-06
18021,184,2.0051195e-06
18021,185,6.840206e-06
18021,186,5.635254e-06
18021,187,1.8091934e-07
18021,188,2.192244e-08
18021,189,0.0
18021,190,0.0
18021,191,0.0
18021,192,0.0
18021,193,0.0
18021,194,7.819478e-08
18021,195,0.0
18021,196,0.0
18021,197,0.0
18021,198,0.0
18021,199,1.3820731e-07
18021,200,4.66017e-06
18021,201,8.4787025e-06
18021,202,2.7288237e-05
18021,203,1.9569046e-05
18021,204,1.6526375e-05
18021,205,7.985158e-05
18021,206,8.3542014e-05
18021,207,4.6497382e-05
18021,208,3.4066325e-05
18021,209,6.411307e-05
18021,210,7.483552e-05
18021,211,8.2285715e-06
18021,212,4.8314496e-06
18021,213,2.468414e-06
18021,214,2.1981932e-06
18021,215,2.597531e-06
18031,73,0.002619685
18031,74,0.001760264
18031,75,0.0014814424
18031,76,0.0013969056
18031,77,0.001182804
18031,78,0.0014327598
18031,79,0.001556981
18031,80,0.0015409053
18031,81,0.0015910426
18031,82,0.0015684979
18031,83,0.0016987427
18031,84,0.0016960249
18031,85,0.0013856902
18031,86,0.0012918728
18031,87,0.0003683512
18031,88,0.00036230055
18031,89,0.00039100772
18031,90,0.00038103736
18031,91,0.00026798356
18031,92,0.0002328091
18031,93,0.00017530372
18031,94,0.00017093889
18031,95,0.00014604455
18031,96,0.0001274813
18031,97,0.00016274446
18031,98,5.4362805e-05
18031,99,3.9467748e-05
18031,100,3.1159216e-05
18031,101,1.185712e-05
18031,102,2.7790362e-05
18031,103,3.6423407e-05
18031,104,6.2137275e-05
18031,105,8.9400586e-05
18031,106,0.0020158153
18031,107,0.0015738497
18031,108,0.0075926124
18031,109,0.009610274
18031,110,0.014355725
18031,111,0.011403997
18031,112,0.010951109
18031,113,0.009779183
18031,114,0.0068143667
18031,115,0.006850818
18031,116,0.0074090096
18031,117,0.0036568826
18031,118,0.004912243
18031,119,0.0036530404
18031,120,0.0067761205
18031,121,0.003994454
18031,122,0.003718394
18031,123,0.003728345
18031,124,0.0031709578
18031,125,0.0031413655
18031,126,0.00260182
18031,127,0.002351116
18031,128,0.0014591158
18031,129,0.001029199
18031,130,0.0008598798
18031,131,0.0008864717
18031,132,0.00025879982
18031,133,0.00020409081
18031,134,0.00011596682
18031,135,5.6749566e-05
18031,136,8.5720865e-05
18031,137,7.368827e-05
18031,138,0.00035796157
18031,139,0.0002607994
18031,140,0.00017152085
18031,141,0.00013861922
18031,142,0.00013045972
18031,143,0.00013972234
18031,144,0.00014357612
18031,145,6.1255276e-05
18031,146,5.304929e-05
18031,147,6.505632e-05
18031,148,8.8460474e-05
18031,149,9.090239e-05
18031,150,2.9604864e-05
18031,151,4.5348355e-05
18031,152,4.24782e-05
18031,153,5.284759e-05
18031,154,2.8516015e-05
18031,155,2.9779625e-05
18031,156,2.5161242e-05
18031,157,2.2789147e-05
18031,158,1.3462456e-05
18031,159,1.618427e-05
18031,160,7.145198e-06
18031,161,7.4907657e-06
18031,162,6.9174084e-06
18031,163,1.1979386e-06
18031,164,3.6486865e-06
18031,165,4.1568148e-07
18031,166,0.0
18031,167,5.4721795e-08
18031,168,0.0
18031,169,0.0
18031,170,2.6952517e-07
18031,171,5.035161e-10
18031,172,3.2942617e-07
18031,173,3.108276e-07
18031,174,9.4981743e-07
18031,175,3.537018e-06
18031,176,6.310314e-06
18031,177,2.0644196e-05
18031,178,3.2167794e-05
18031,179,5.33225e-05
18031,180,6.200367e-05
18031,181,6.81164e-05
18031,182,4.597272e-05
18031,183,5.576315e-05
18031,184,3.327384e-05
18031,185,2.268936e-05
18031,186,1.7271388e-05
18031,187,6.377521e-06
18031,188,2.8667764e-06
18031,189,1.9859451e-06
18031,190,2.1348583e-06
18031,191,1.2228725e-06
18031,192,8.463901e-07
18031,193,1.1277267e-06
18031,194,8.090308e-07
18031,195,4.2232915e-07
18031,196,5.0414116e-07
18031,197,1.0763611e-06
18031,198,1.2753281e-06
18031,199,6.0103803e-06
18031,200,3.1199044e-05
18031,201,2.9049826e-05
18031,202,3.686674e-05
18031,203,4.520337e-05
18031,204,4.7856065e-05
18031,205,2.8538348e-05
18031,206,2.1829235e-05
18031,207,5.7167315e-05
18031,208,4.317044e-05
18031,209,2.9544319e-05
18031,210,1.5144768e-05
18031,211,6.234495e-06
18031,212,6.948759e-06
18031,213,9.766218e-07
18031,214,2.5341203e-07
18031,215,5.975883e-07
18049,73,0.0012492179
18049,74,0.00086513977
18049,75,0.0009257275
18049,76,0.0007091644
18049,77,0.00051221135
18049,78,0.00046159583
18049,79,0.00046856457
18049,80,0.00019816493
18049,81,0.00017435155
18049,82,0.00014347341
18049,83,0.00010560911
18049,84,0.00011283605
18049,85,8.583155e-05
18049,86,5.678691e-05
18049,87,7.4396405e-05
18049,88,6.3720945e-05
18049,89,8.716057e-05
18049,90,8.8645764e-05
18049,91,7.912085e-05
18049,92,5.516661e-05
18049,93,6.46516e-05
18049,94,8.7429464e-05
18049,95,3.725865e-05
18049,96,4.568299e-05
18049,97,1.948003e-05
18049,98,1.8507602e-05
18049,99,3.0466546e-05
18049,100,1.2630459e-05
18049,101,9.933881e-06
18049,102,8.52368e-06
18049,103,9.99437e-06
18049,104,1.596331e-05
18049,105,6.947205e-05
18049,106,8.3312356e-05
18049,107,7.5271906e-05
18049,108,0.0004824769
18049,109,0.00046399958
18049,110,0.001076638
18049,111,0.0018496918
18049,112,0.0034067936
18049,113,0.0019995908
18049,114,0.0023469015
18049,115,0.0016012152
18049,116,0.0028336188
18049,117,0.0019124864
18049,118,0.0013735977
18049,119,0.004442216
18049,120,0.003267666
18049,121,0.0044812104
18049,122,0.0019117341
18049,123,0.0013053736
18049,124,0.00083855464
18049,125,0.00079487567
18049,126,0.00058271864
18049,127,0.00047383367
18049,128,0.00032664964
18049,129,0.00032246235
18049,130,0.00017151954
18049,131,8.332017e-05
18049,132,5.2742445e-05
18049,133,9.193409e-05
18049,134,3.948085e-05
18049,135,7.672544e-06
18049,136,7.974093e-05
18049,137,7.5277196e-05
18049,138,6.219972e-05
18049,139,4.345351e-05
18049,140,0.0
18049,141,4.1337353e-06
18049,142,3.142465e-05
18049,143,1.128975e-05
18049,144,2.7823892e-06
18049,145,0.0
18049,146,4.308959e-06
18049,147,0.0
18049,148,0.0
18049,149,0.0
18049,150,0.0
18049,151,4.84001e-06
18049,152,1.108876e-05
18049,153,2.3280578e-05
18049,154,9.963711e-05
18049,155,4.9836963e-05
18049,156,1.9122122e-05
18049,157,1.3978556e-05
18049,158,1.2836651e-05
18049,159,2.0998873e-06
18049,160,6.5421995e-07
18049,161,1.1092177e-06
18049,162,1.7263246e-06
18049,163,5.415376e-08
18049,164,4.4972683e-07
18049,165,1.6474511e-06
18049,166,1.2158231e-06
18049,167,1.5839266e-06
18049,168,1.4583135e-06
18049,169,4.113576e-07
18049,170,7.131948e-08
18049,171,6.2878385e-08
18049,172,0.0
18049,173,0.0
18049,174,0.0
18049,175,0.0
18049,176,4.839862e-07
18049,177,1.7304077e-06
18049,178,6.827373e-06
18049,179,5.918059e-06
18049,180,1.1061042e-05
18049,181,1.288963e-05
18049,182,6.5382924e-06
18049,183,4.489449e-06
18049,184,1.2775741e-06
18049,185,1.9089161e-06
18049,186,1.5682504e-06
18049,187,0.0
18049,188,0.0
18049,189,0.0
18049,190,0.0
18049,191,2.9296847e-09
18049,192,0.0
18049,193,0.0
18049,194,0.0
18049,195,0.0
18049,196,0.0
18049,197,0.0
18049,198,0.0
18049,199,1.1753147e-07
18049,200,2.6158943e-07
18049,201,2.0855807e-06
18049,202,3.052542e-06
18049,203,9.598767e-06
18049,204,8.313093e-06
18049,205,8.240307e-06
18049,206,7.3194983e-06
18049,207,6.5838913e-06
18049,208,4.876969e-07
18049,209,1.378155e-05
18049,210,1.968266e-06
18049,211,1.126765e-06
18049,212,5.415239e-07
18049,213,1.6293329e-06
18049,214,1.0810787e-06
18049,215,2.7918773e-07
18053,73,0.0111139575
18053,74,0.010449234
18053,75,0.009523239
18053,76,0.00947399
18053,77,0.009435676
18053,78,0.008914451
18053,79,0.007144782
18053,80,0.0055119726
18053,81,0.0053214272
18053,82,0.0053567463
18053,83,0.0045859716
18053,84,0.0047131847
18053,85,0.004529089
18053,86,0.0038667927
18053,87,0.0027029002
18053,88,0.0028905855
18053,89,0.0018643946
18053,90,0.0016333791
18053,91,0.0014674985
18053,92,0.0013466001
18053,93,0.0010758762
18053,94,0.0011261371
18053,95,0.0011049928
18053,96,0.00068219734
18053,97,0.0006616396
18053,98,0.00067145954
18053,99,0.0005360226
18053,100,0.00047477885
18053,101,0.00043495078
18053,102,0.00049735245
18053,103,0.00039846596
18053,104,0.0005121937
18053,105,0.00042394095
18053,106,0.00049392635
18053,107,0.0010284063
18053,108,0.0023673275
18053,109,0.0038281681
18053,110,0.004657309
18053,111,0.0032172154
18053,112,0.0029408606
18053,113,0.0032371313
18053,114,0.0028719075
18053,115,0.002347845
18053,116,0.0024289167
18053,117,0.0018673243
18053,118,0.0020497702
18053,119,0.0026150716
18053,120,0.0028453388
18053,121,0.0039661066
18053,122,0.002370153
18053,123,0.0026665116
18053,124,0.0022587078
18053,125,0.0025831761
18053,126,0.001894325
18053,127,0.0024129623
18053,128,0.0016079494
18053,129,0.0013722191
18053,130,0.0013704193
18053,131,0.001254477
18053,132,0.00081710063
18053,133,0.0008643068
18053,134,0.0006659831
18053,135,0.0005347244
18053,136,0.0003547634
18053,137,0.00016811014
18053,138,0.0001493156
18053,139,0.00014351553
18053,140,9.5134674e-05
18053,141,5.8254944e-05
18053,142,0.00010677044
18053,143,0.00012000732
18053,144,7.361389e-05
18053,145,7.9725396e-05
18053,146,4.9775164e-05
18053,147,6.2085295e-05
18053,148,5.410487e-05
18053,149,4.507902e-05
18053,150,2.468874e-05
18053,151,2.1882823e-05
18053,152,7.5002456e-05
18053,153,9.125868e-05
18053,154,7.296012e-05
18053,155,5.1801388e-05
18053,156,4.072035e-05
18053,157,3.5905254e-05
18053,158,3.0788717e-05
18053,159,3.926909e-05
18053,160,3.0905187e-05
18053,161,1.7386474e-05
18053,162,1.686788e-05
18053,163,1.7679378e-05
18053,164,1.2106362e-05
18053,165,4.1250787e-06
18053,166,5.94408e-06
18053,167,5.0454078e-06
18053,168,3.2602422e-06
18053,169,5.793422e-06
18053,170,3.4286015e-06
18053,171,3.8737667e-06
18053,172,2.9650464e-06
18053,173,4.5917755e-06
18053,174,4.530199e-06
18053,175,1.259909e-05
18053,176,1.5915746e-05
18053,177,2.1530277e-05
18053,178,2.787256e-05
18053,179,3.328205e-05
18053,180,3.1956668e-05
18053,181,2.6583906e-05
18053,182,2.9776367e-05
18053,183,2.2126616e-05
18053,184,1.547137e-05
18053,185,9.942351e-06
18053,186,1.4262899e-05
18053,187,4.024794e-06
18053,188,2.6962196e-06
18053,189,1.8565177e-06
18053,190,7.607282e-07
18053,191,4.2133277e-07
18053,192,5.2872707e-08
18053,193,3.625917e-07
18053,194,1.7526871e-07
18053,195,1.4999694e-06
18053,196,1.846776e-06
18053,197,5.4224394e-08
18053,198,1.8402251e-06
18053,199,4.1976637e-06
18053,200,7.874629e-06
18053,201,1.2228984e-05
18053,202,1.7910432e-05
18053,203,2.0833444e-05
18053,204,1.9393838e-05
18053,205,2.48931e-05
18053,206,1.9068817e-05
18053,207,1.5313335e-05
18053,208,1.3555849e-05
18053,209,1.1335865e-05
18053,210,4.1103824e-05
18053,211,5.145714e-05
18053,212,1.9060944e-05
18053,213,1.3913598e-05
18053,214,1.5446296e-05
18053,215,1.2256255e-05
18055,73,1.0448276e-06
18055,74,0.0
18055,75,0.0
18055,76,0.0
18055,77,0.0
18055,78,0.0
18055,79,0.0
18055,80,0.0
18055,81,2.854085e-06
18055,82,7.484336e-07
18055,83,6.485137e-07
18055,84,2.534602e-06
18055,85,3.2580335e-06
18055,86,2.519287e-06
18055,87,3.6387116e-06
18055,88,5.6793124e-06
18055,89,2.007922e-06
18055,90,2.2187758e-06
18055,91,0.0
18055,92,0.0
18055,93,0.0
18055,94,0.0
18055,95,0.0
18055,96,0.0
18055,97,0.0
18055,98,0.0
18055,99,0.0
18055,100,0.0
18055,101,0.0
18055,102,2.9657397e-07
18055,103,1.2150471e-06
18055,104,2.762829e-06
18055,105,9.30867e-05
18055,106,0.00068562827
18055,107,0.0026887313
18055,108,0.0074224267
18055,109,0.011412404
18055,110,0.0136960335
18055,111,0.013350905
18055,112,0.013017037
18055,113,0.010133648
18055,114,0.008780036
18055,115,0.0059978287
18055,116,0.0031595659
18055,117,0.0029291147
18055,118,0.008271329
18055,119,0.011153297
18055,120,0.0051039094
18055,121,0.007122103
18055,122,0.006194738
18055,123,0.0057045263
18055,124,0.00413347
18055,125,0.0040191454
18055,126,0.002990915
18055,127,0.0025220893
18055,128,0.0025517738
18055,129,0.0024761658
18055,130,0.0019908815
18055,131,0.001956169
18055,132,0.0017971749
18055,133,0.0018632235
18055,134,0.0018204629
18055,135,0.0015927887
18055,136,0.001370101
18055,137,0.00128691
18055,138,0.0015353111
18055,139,0.0012238844
18055,140,0.0010744289
18055,141,0.001255151
18055,142,0.00012169816
18055,143,3.094699e-05
18055,144,1.4906599e-05
18055,145,2.4169673e-05
18055,146,3.2947977e-05
18055,147,3.9968527e-05
18055,148,3.91877e-05
18055,149,5.3579384e-05
18055,150,5.4992375e-05
18055,151,1.57821e-05
18055,152,4.2529613e-05
18055,153,5.0176015e-05
18055,154,5.1382816e-05
18055,155,5.0211005e-05
18055,156,3.997101e-05
18055,157,1.6500535e-05
18055,158,2.3256036e-05
18055,159,1.3721955e-05
18055,160,1.0759955e-05
18055,161,8.041007e-06
18055,162,7.5537037e-06
18055,163,3.9547854e-06
18055,164,4.7661715e-06
18055,165,1.1579435e-05
18055,166,2.4361377e-06
18055,167,1.1525602e-06
18055,168,2.0427665e-06
18055,169,7.2721775e-07
18055,170,1.0087076e-07
18055,171,0.0
18055,172,0.0
18055,173,0.0
18055,174,0.0
18055,175,3.5968318e-07
18055,176,6.449785e-07
18055,177,4.058131e-06
18055,178,4.9143713e-05
18055,179,1.2376528e-05
18055,180,1.4296134e-05
18055,181,8.6885426e-05
18055,182,1.5381178e-05
18055,183,2.2614779e-05
18055,184,5.412133e-06
18055,185,8.01957e-06
18055,186,1.5149864e-05
18055,187,3.7634582e-06
18055,188,4.002968e-06
18055,189,6.193742e-06
18055,190,4.64947e-06
18055,191,2.9412533e-06
18055,192,4.899613e-07
18055,193,2.3970122e-07
18055,194,6.0165064e-07
18055,195,2.9008245e-07
18055,196,1.8610405e-07
18055,197,3.593871e-07
18055,198,1.2572689e-06
18055,199,2.4317865e-06
18055,200,1.024633e-05
18055,201,2.9444831e-05
18055,202,2.8572767e-05
18055,203,4.770421e-05
18055,204,3.6927777e-05
18055,205,8.2242565e-05
18055,206,9.34087e-05
18055,207,9.346079e-05
18055,208,6.000798e-05
18055,209,3.8600298e-05
18055,210,5.3239575e-05
18055,211,4.151892e-05
18055,212,1.05585095e-05
18055,213,3.987268e-06
18055,214,4.091637e-07
18055,215,1.0939605e-06
18057,73,0.0015669747
18057,74,0.0013188089
18057,75,0.0013891467
18057,76,0.0016288403
18057,77,0.0013527111
18057,78,0.0011494312
18057,79,0.00092911674
18057,80,0.00081630645
18057,81,0.0008559609
18057,82,0.0007444332
18057,83,0.0006792859
18057,84,0.00053418183
18057,85,0.0004904702
18057,86,0.00029289155
18057,87,0.00021618673
18057,88,0.00016729454
18057,89,0.00016114391
18057,90,0.00013512708
18057,91,0.00010681993
18057,92,8.270856e-05
18057,93,8.7649e-05
18057,94,0.000108660366
18057,95,7.388642e-05
18057,96,6.665589e-05
18057,97,5.5532593e-05
18057,98,4.3821783e-05
18057,99,4.363736e-05
18057,100,4.0548483e-05
18057,101,3.1266674e-05
18057,102,2.733187e-05
18057,103,4.232492e-05
18057,104,2.6370293e-05
18057,105,7.6784054e-05
18057,106,0.00014989087
18057,107,0.00056734885
18057,108,0.0013356237
18057,109,0.002422861
18057,110,0.003813309
18057,111,0.004060551
18057,112,0.0022553052
18057,113,0.0017246325
18057,114,0.0012862056
18057,115,0.001331385
18057,116,0.0010374788
18057,117,0.0005726772
18057,118,0.00094599195
18057,119,0.0007885956
18057,120,0.0011497015
18057,121,0.0017951364
18057,122,0.00095113536
18057,123,0.0009033556
18057,124,0.00083132373
18057,125,0.0006678949
18057,126,0.0006816815
18057,127,0.00052462704
18057,128,0.0005939256
18057,129,0.00036234898
18057,130,8.567458e-05
18057,131,0.00014311857
18057,132,6.2184576e-05
18057,133,0.00010495277
18057,134,3.6507692e-05
18057,135,7.103778e-05
18057,136,5.045875e-05
18057,137,1.7330129e-05
18057,138,1.32751475e-05
18057,139,1.7312062e-05
18057,140,1.0384725e-05
18057,141,4.8397756e-05
18057,142,2.3743089e-05
18057,143,5.5186687e-05
18057,144,7.54135e-05
18057,145,3.280838e-05
18057,146,1.636761e-05
18057,147,1.6135982e-05
18057,148,1.5908861e-05
18057,149,1.2174119e-05
18057,150,9.124429e-06
18057,151,1.1972873e-05
18057,152,3.2608048e-05
18057,153,3.2048065e-05
18057,154,1.8973718e-05
18057,155,2.5092799e-05
18057,156,1.6199689e-05
18057,157,1.8325054e-05
18057,158,8.729512e-06
18057,159,1.0313172e-05
18057,160,9.274727e-06
18057,161,1.1771093e-05
18057,162,8.191058e-06
18057,163,2.791001e-06
18057,164,1.2310524e-06
18057,165,1.0645163e-06
18057,166,1.5626507e-06
18057,167,1.1811064e-06
18057,168,2.404272e-06
18057,169,1.2549201e-06
18057,170,6.3885216e-07
18057,171,8.505144e-07
18057,172,7.4379165e-07
18057,173,1.6564157e-06
18057,174,2.2513557e-07
18057,175,4.647427e-06
18057,176,7.588465e-06
18057,177,2.2875378e-05
18057,178,2.9636765e-05
18057,179,2.2464512e-05
18057,180,3.1895433e-05
18057,181,3.0196312e-05
18057,182,2.2880884e-05
18057,183,2.6811687e-05
18057,184,1.8258044e-05
18057,185,1.6093683e-05
18057,186,2.3169736e-05
18057,187,1.6216974e-05
18057,188,1.2051136e-05
18057,189,8.312118e-06
18057,190,8.1809285e-06
18057,191,5.475609e-06
18057,192,5.1468346e-06
18057,193,4.829375e-06
18057,194,4.5037004e-06
18057,195,4.016107e-06
18057,196,8.182382e-06
18057,197,7.25047e-06
18057,198,5.4484062e-06
18057,199,8.363385e-06
18057,200,1.0158069e-05
18057,201,1.6119298e-05
18057,202,1.9740493e-05
18057,203,2.2868104e-05
18057,204,2.3860675e-05
18057,205,3.561404e-05
18057,206,3.6205707e-05
18057,207,2.4209692e-05
18057,208,1.3851511e-05
18057,209,1.3064619e-05
18057,210,1.5802278e-05
18057,211,1.23311365e-05
18057,212,4.25634e-06
18057,213,4.3405576e-06
18057,214,8.4450284e-07
18057,215,1.8658412e-07
18063,73,4.2432217e-05
18063,74,7.049029e-05
18063,75,3.9461873e-05
18063,76,3.4373137e-05
18063,77,3.4226934e-05
18063,78,2.856778e-05
18063,79,2.7047518e-05
18063,80,3.3111126e-05
18063,81,4.8023423e-05
18063,82,3.895181e-05
18063,83,3.8826947e-05
18063,84,3.5520126e-05
18063,85,3.6068428e-05
18063,86,1.0913403e-05
18063,87,9.192181e-06
18063,88,1.923127e-05
18063,89,1.951752e-05
18063,90,1.8350642e-05
18063,91,1.3989743e-05
18063,92,5.82126e-06
18063,93,9.605397e-06
18063,94,5.986106e-06
18063,95,9.783432e-06
18063,96,7.918854e-06
18063,97,7.5793746e-06
18063,98,7.0322526e-06
18063,99,7.035532e-06
18063,100,1.2301007e-06
18063,101,5.358178e-06
18063,102,3.448442e-06
18063,103,3.3914864e-06
18063,104,1.6835142e-05
18063,105,4.1338444e-05
18063,106,0.00012890484
18063,107,0.0011334156
18063,108,0.0036137889
18063,109,0.0051135225
18063,110,0.0045177215
18063,111,0.0056666033
18063,112,0.004426806
18063,113,0.004557879
18063,114,0.0046586534
18063,115,0.003408318
18063,116,0.0031208296
18063,117,0.002980181
18063,118,0.0027003416
18063,119,0.0035194396
18063,120,0.0033449659
18063,121,0.0034567334
18063,122,0.002851925
18063,123,0.0022571532
18063,124,0.0021345501
18063,125,0.0024130312
18063,126,0.0021436545
18063,127,0.0021017632
18063,128,0.0015413292
18063,129,0.0009275496
18063,130,0.000850593
18063,131,0.0007341427
18063,132,0.0008063978
18063,133,0.0003405403
18063,134,0.0002953934
18063,135,0.00051156513
18063,136,0.00045745802
18063,137,0.00042450667
18063,138,0.00020469655
18063,139,0.00034687656
18063,140,0.00017727875
18063,141,0.00031067806
18063,142,0.00018007979
18063,143,0.00014755875
18063,144,9.028457e-05
18063,145,6.797466e-05
18063,146,4.8570753e-05
18063,147,6.151439e-05
18063,148,4.5555982e-05
18063,149,5.0115363e-05
18063,150,5.9097976e-05
18063,151,5.0380157e-05
18063,152,4.9541082e-05
18063,153,5.8924983e-05
18063,154,0.00013239036
18063,155,5.387532e-05
18063,156,4.171221e-05
18063,157,3.3051834e-05
18063,158,1.8832026e-05
18063,159,1.7839462e-05
18063,160,1.0363437e-05
18063,161,7.062151e-06
18063,162,5.9448826e-06
18063,163,2.2422419e-06
18063,164,5.6713307e-06
18063,165,5.214684e-06
18063,166,6.131713e-06
18063,167,4.496691e-06
18063,168,2.5526206e-06
18063,169,1.7021016e-06
18063,170,1.6928797e-06
18063,171,6.2418206e-07
18063,172,9.168257e-07
18063,173,4.2780445e-07
18063,174,5.4957445e-07
18063,175,3.8107175e-06
18063,176,5.1239144e-06
18063,177,1.6648064e-05
18063,178,1.4476561e-05
18063,179,1.8108643e-05
18063,180,1.9832383e-05
18063,181,2.7675149e-05
18063,182,2.3377637e-05
18063,183,2.3848921e-05
18063,184,1.8837665e-05
18063,185,2.7420854e-05
18063,186,2.3550934e-05
18063,187,6.594215e-06
18063,188,3.6785707e-06
18063,189,2.5757004e-06
18063,190,3.1947259e-06
18063,191,2.5646955e-06
18063,192,3.4981756e-06
18063,193,1.9350634e-06
18063,194,1.9899942e-06
18063,195,2.9342852e-06
18063,196,2.4674664e-06
18063,197,3.1720926e-06
18063,198,3.2549915e-06
18063,199,9.693193e-06
18063,200,1.1800807e-05
18063,201,2.5291552e-05
18063,202,2.7261787e-05
18063,203,4.6775287e-05
18063,204,3.4749217e-05
18063,205,3.4038472e-05
18063,206,2.4222121e-05
18063,207,2.9408238e-05
18063,208,1.8718409e-05
18063,209,1.949691e-05
18063,210,3.7708392e-05
18063,211,2.770751e-05
18063,212,3.160797e-05
18063,213,1.3568406e-05
18063,214,1.176297e-05
18063,215,6.830488e-06
18075,73,0.005657799
18075,74,0.004850476
18075,75,0.0047498117
18075,76,0.004657407
18075,77,0.004118123
18075,78,0.0040189084
18075,79,0.003700792
18075,80,0.0026291914
18075,81,0.002118048
18075,82,0.0019318487
18075,83,0.0017281668
18075,84,0.0014557319
18075,85,0.0014526264
18075,86,0.0014006691
18075,87,0.00082013546
18075,88,0.00088123506
18075,89,0.00084958004
18075,90,0.00040080387
18075,91,0.00037407252
18075,92,0.00035680237
18075,93,0.0003521851
18075,94,0.00031526186
18075,95,0.0003207296
18075,96,0.0003111909
18075,97,0.00020105275
18075,98,0.00023198978
18075,99,0.00023905565
18075,100,0.00021049843
18075,101,0.00019365698
18075,102,0.00018885598
18075,103,0.00022918629
18075,104,0.00020528838
18075,105,0.00023480877
18075,106,0.00031641548
18075,107,0.0013594811
18075,108,0.00201412
18075,109,0.0025519177
18075,110,0.0037561143
18075,111,0.003633035
18075,112,0.0038339552
18075,113,0.005324991
18075,114,0.003179542
18075,115,0.0029353525
18075,116,0.0024643785
18075,117,0.0019051834
18075,118,0.0011168844
18075,119,0.001748499
18075,120,0.0015054152
18075,121,0.0033080939
18075,122,0.0031973515
18075,123,0.0033874188
18075,124,0.0024613424
18075,125,0.0019683018
18075,126,0.0014136059
18075,127,0.0013404232
18075,128,0.002627422
18075,129,0.0024955857
18075,130,0.0009590502
18075,131,0.0017005932
18075,132,0.0009919098
18075,133,0.0010211942
18075,134,0.0015741464
18075,135,0.0007787651
18075,136,0.0004740923
18075,137,0.0002770638
18075,138,0.0003418953
18075,139,0.0002875983
18075,140,0.000121734396
18075,141,0.00019840505
18075,142,0.0003681987
18075,143,0.00025488104
18075,144,6.238401e-05
18075,145,9.420392e-05
18075,146,4.5123477e-05
18075,147,5.4826014e-05
18075,148,5.4227545e-05
18075,149,0.00014199855
18075,150,7.772015e-05
18075,151,6.979587e-05
18075,152,0.00015550962
18075,153,0.00018900473
18075,154,9.920552e-05
18075,155,9.681967e-05
18075,156,8.4212465e-05
18075,157,7.6499455e-05
18075,158,6.75669e-05
18075,159,5.23378e-05
18075,160,6.13606e-05
18075,161,4.5000004e-05
18075,162,5.758741e-05
18075,163,8.4371604e-05
18075,164,0.00013899556
18075,165,6.2263636e-05
18075,166,6.982582e-05
18075,167,5.5807224e-05
18075,168,4.0404408e-05
18075,169,4.750488e-05
18075,170,4.534099e-05
18075,171,3.374565e-05
18075,172,3.688553e-05
18075,173,4.2556476e-05
18075,174,3.7604037e-05
18075,175,5.4145203e-05
18075,176,6.167655e-05
18075,177,6.4963075e-05
18075,178,7.265195e-05
18075,179,8.003469e-05
18075,180,8.682458e-05
18075,181,5.4861113e-05
18075,182,4.651362e-05
18075,183,4.7928257e-05
18075,184,4.267517e-05
18075,185,4.5217574e-05
18075,186,4.717533e-05
18075,187,2.892685e-05
18075,188,2.8024226e-05
18075,189,3.0480776e-05
18075,190,3.2892436e-05
18075,191,2.8759798e-05
18075,192,2.7674792e-05
18075,193,2.204715e-05
18075,194,2.6261732e-05
18075,195,2.7939825e-05
18075,196,3.1153075e-05
18075,197,2.9234057e-05
18075,198,3.4450335e-05
18075,199,4.207039e-05
18075,200,4.161062e-05
18075,201,4.8858652e-05
18075,202,5.9002356e-05
18075,203,6.4496024e-05
18075,204,5.9775848e-05
18075,205,5.1183168e-05
18075,206,5.041802e-05
18075,207,2.437553e-05
18075,208,3.6277354e-05
18075,209,3.752477e-05
18075,210,3.212756e-05
18075,211,2.5415544e-05
18075,212,2.8370328e-05
18075,213,2.7712595e-05
18075,214,1.9032745e-05
18075,215,2.1512775e-05
18079,73,1.15329485e-05
18079,74,1.0452396e-06
18079,75,1.1139877e-06
18079,76,0.0
18079,77,0.0
18079,78,0.0
18079,79,9.231275e-08
18079,80,0.0
18079,81,1.1820587e-05
18079,82,1.6770431e-05
18079,83,6.3174804e-05
18079,84,4.8245124e-06
18079,85,2.596887e-06
18079,86,1.03601494e-07
18079,87,2.68666e-07
18079,88,9.083216e-09
18079,89,3.1430048e-08
18079,90,1.068547e-07
18079,91,0.0
18079,92,4.7356758e-07
18079,93,0.0
18079,94,0.0
18079,95,0.0
18079,96,0.0
18079,97,0.0
18079,98,0.0
18079,99,0.0
18079,100,0.0
18079,101,0.0
18079,102,0.0
18079,103,2.0716396e-07
18079,104,3.3541278e-06
18079,105,1.809902e-05
18079,106,3.7171303e-05
18079,107,0.0059861704
18079,108,0.0106930435
18079,109,0.024426054
18079,110,0.02940098
18079,111,0.02881076
18079,112,0.026419194
18079,113,0.018079223
18079,114,0.014028728
18079,115,0.013108522
18079,116,0.013892468
18079,117,0.011434269
18079,118,0.007295035
18079,119,0.007056753
18079,120,0.009740648
18079,121,0.0062806606
18079,122,0.006736252
18079,123,0.0061896914
18079,124,0.0056695244
18079,125,0.0054722726
18079,126,0.005541912
18079,127,0.0049431804
18079,128,0.003158042
18079,129,0.0035233395
18079,130,0.0032935184
18079,131,0.002394978
18079,132,0.0009512459
18079,133,0.0010182697
18079,134,0.0009624798
18079,135,0.00092614023
18079,136,0.0007983512
18079,137,0.00038823826
18079,138,0.00051776174
18079,139,0.00039596952
18079,140,0.00057115214
18079,141,0.00050942536
18079,142,0.0006249189
18079,143,0.00041556693
18079,144,5.8926635e-05
18079,145,4.8844995e-05
18079,146,2.2914855e-05
18079,147,4.545226e-05
18079,148,3.7220045e-05
18079,149,2.3041961e-05
18079,150,7.2750527e-06
18079,151,1.6146583e-05
18079,152,2.8781908e-05
18079,153,4.5031018e-05
18079,154,5.847514e-05
18079,155,8.090859e-05
18079,156,5.8510697e-05
18079,157,4.395023e-05
18079,158,3.929981e-05
18079,159,4.1433486e-05
18079,160,3.3841177e-05
18079,161,1.9080251e-05
18079,162,1.5548545e-05
18079,163,4.0422274e-06
18079,164,8.085326e-06
18079,165,3.636149e-06
18079,166,2.311856e-07
18079,167,8.296238e-07
18079,168,0.0
18079,169,1.5500662e-07
18079,170,4.247499e-11
18079,171,0.0
18079,172,1.5278381e-06
18079,173,2.263994e-06
18079,174,2.4350124e-06
18079,175,6.866338e-07
18079,176,3.7312725e-06
18079,177,1.5720232e-05
18079,178,3.537368e-05
18079,179,9.610172e-06
18079,180,2.8461156e-05
18079,181,3.392076e-05
18079,182,1.4858426e-05
18079,183,1.0015083e-05
18079,184,1.0830323e-05
18079,185,7.2833736e-06
18079,186,3.7125703e-06
18079,187,6.561921e-07
18079,188,0.0
18079,189,0.0
18079,190,0.0
18079,191,0.0
18079,192,0.0
18079,193,0.0
18079,194,0.0
18079,195,0.0
18079,196,0.0
18079,197,2.9632005e-07
18079,198,0.0
18079,199,1.5583987e-06
18079,200,9.406695e-07
18079,201,1.8615769e-05
18079,202,7.58542e-05
18079,203,2.8166569e-05
18079,204,4.4463908e-05
18079,205,3.177589e-05
18079,206,6.210489e-05
18079,207,5.477375e-05
18079,208,4.932404e-05
18079,209,4.4414257e-05
18079,210,5.2109797e-05
18079,211,1.8822782e-06
18079,212,0.0
18079,213,0.0
18079,214,0.0
18079,215,0.0
18081,73,1.9681946e-05
18081,74,1.1865662e-05
18081,75,7.053198e-06
18081,76,1.0949981e-05
18081,77,4.2558377e-06
18081,78,5.613487e-07
18081,79,4.2179072e-05
18081,80,1.02466065e-05
18081,81,1.3285282e-05
18081,82,1.3177283e-05
18081,83,9.37502e-06
18081,84,1.2261174e-05
18081,85,4.08304e-06
18081,86,9.6319e-06
18081,87,5.7244347e-06
18081,88,8.351049e-06
18081,89,1.5209673e-05
18081,90,1.6070318e-05
18081,91,7.813468e-06
18081,92,3.1745833e-06
18081,93,3.1745667e-06
18081,94,2.742912e-06
18081,95,2.1148323e-06
18081,96,1.7979977e-06
18081,97,1.0793531e-06
18081,98,8.627331e-07
18081,99,3.0273515e-07
18081,100,0.0
18081,101,0.0
18081,102,6.972391e-07
18081,103,2.0502864e-06
18081,104,2.9308121e-06
18081,105,1.1749745e-05
18081,106,7.7052784e-05
18081,107,0.00032714373
18081,108,0.0010427635
18081,109,0.0032715446
18081,110,0.0035812368
18081,111,0.0026668932
18081,112,0.0024979203
18081,113,0.0023960057
18081,114,0.0030080965
18081,115,0.003235376
18081,116,0.0014742672
18081,117,0.0014478178
18081,118,0.0017543716
18081,119,0.0022701712
18081,120,0.0031896632
18081,121,0.0022152816
18081,122,0.0033540556
18081,123,0.003092377
18081,124,0.0023359219
18081,125,0.0024428212
18081,126,0.0024676395
18081,127,0.0016350149
18081,128,0.0025650025
18081,129,0.0025253468
18081,130,0.0015064034
18081,131,0.00044293082
18081,132,0.00047854902
18081,133,0.0004244459
18081,134,0.00039356944
18081,135,0.00028508125
18081,136,0.00040833515
18081,137,0.00042364877
18081,138,0.00020813599
18081,139,0.00017749108
18081,140,0.00023796367
18081,141,0.00012718436
18081,142,7.41815e-05
18081,143,4.776207e-05
18081,144,6.680939e-05
18081,145,4.4881617e-05
18081,146,7.6585475e-06
18081,147,1.9292831e-06
18081,148,6.7525875e-06
18081,149,5.4363663e-06
18081,150,1.575729e-06
18081,151,4.4447293e-06
18081,152,1.1024789e-05
18081,153,2.1086726e-05
18081,154,1.2020634e-05
18081,155,1.6520882e-05
18081,156,1.0106672e-05
18081,157,1.0885992e-05
18081,158,1.0167099e-05
18081,159,9.61118e-06
18081,160,5.9027193e-06
18081,161,3.5225005e-06
18081,162,3.4823174e-06
18081,163,1.1738597e-06
18081,164,2.9725115e-06
18081,165,1.9053629e-06
18081,166,2.4907977e-06
18081,167,1.9691142e-06
18081,168,6.316415e-08
18081,169,1.889763e-07
18081,170,5.238583e-08
18081,171,2.3740087e-07
18081,172,1.3541256e-06
18081,173,9.145637e-07
18081,174,1.3548703e-06
18081,175,3.4768582e-06
18081,176,7.4969635e-06
18081,177,1.3242213e-05
18081,178,1.0833776e-05
18081,179,8.319868e-06
18081,180,1.5604832e-05
18081,181,1.1552985e-05
18081,182,2.0463362e-05
18081,183,1.3618452e-05
18081,184,1.5231743e-05
18081,185,1.241816e-05
18081,186,1.3792128e-05
18081,187,6.8380527e-06
18081,188,4.0640484e-06
18081,189,2.496708e-06
18081,190,1.935029e-06
18081,191,1.801594e-06
18081,192,1.6455298e-06
18081,193,9.680431e-07
18081,194,2.7931318e-07
18081,195,1.745895e-06
18081,196,1.6045035e-06
18081,197,2.5972588e-06
18081,198,2.5973777e-06
18081,199,4.867071e-06
18081,200,8.216206e-06
18081,201,1.4724251e-05
18081,202,2.1314569e-05
18081,203,1.7686161e-05
18081,204,2.086322e-05
18081,205,1.7213584e-05
18081,206,1.4257723e-05
18081,207,2.113716e-05
18081,208,1.3844528e-05
18081,209,1.3271814e-05
18081,210,2.1045398e-05
18081,211,1.1179458e-05
18081,212,2.2170205e-05
18081,213,3.6914566e-06
18081,214,3.07867e-06
18081,215,4.7601225e-06
18115,73,5.486337e-05
18115,74,1.7514365e-05
18115,75,6.939899e-05
18115,76,7.1645765e-05
18115,77,6.219918e-05
18115,78,5.7432204e-05
18115,79,0.000116978474
18115,80,0.00011638806
18115,81,8.609888e-05
18115,82,0.00012689718
18115,83,0.00010275039
18115,84,0.00011311364
18115,85,9.4800605e-05
18115,86,5.653005e-05
18115,87,6.2898844e-06
18115,88,6.3605353e-06
18115,89,7.051875e-06
18115,90,5.0121016e-06
18115,91,4.0486e-06
18115,92,0.0
18115,93,2.884968e-06
18115,94,4.704566e-06
18115,95,0.0
18115,96,0.0
18115,97,0.0
18115,98,0.0
18115,99,0.0
18115,100,0.0
18115,101,0.0
18115,102,0.0
18115,103,0.0
18115,104,0.0
18115,105,3.216829e-06
18115,106,1.5039664e-05
18115,107,0.00092545006
18115,108,0.001840183
18115,109,0.0026420003
18115,110,0.0070109908
18115,111,0.0073082694
18115,112,0.007740254
18115,113,0.0064403284
18115,114,0.005855441
18115,115,0.003565234
18115,116,0.0035316544
18115,117,0.0035712528
18115,118,0.0035149609
18115,119,0.0026066008
18115,120,0.0037397207
18115,121,0.007919714
18115,122,0.006435754
18115,123,0.006394037
18115,124,0.0062138275
18115,125,0.0049033114
18115,126,0.003189698
18115,127,0.0032371804
18115,128,0.0033306852
18115,129,0.0023780111
18115,130,0.0023717931
18115,131,0.0024292218
18115,132,0.002454124
18115,133,0.0022246786
18115,134,0.0021640502
18115,135,0.0031376586
18115,136,0.002968625
18115,137,0.0025476175
18115,138,0.003643609
18115,139,0.0036970912
18115,140,0.0034940036
18115,141,0.004635275
18115,142,0.0050283917
18115,143,0.0048671504
18115,144,0.00335578
18115,145,0.001779493
18115,146,0.000832581
18115,147,0.0015336715
18115,148,0.00052405644
18115,149,0.000508201
18115,150,0.0003677307
18115,151,0.00034215773
18115,152,0.00028451896
18115,153,0.00046887726
18115,154,0.00029767805
18115,155,0.00029487442
18115,156,0.00020737949
18115,157,0.0004787038
18115,158,0.00018045434
18115,159,0.0002466994
18115,160,0.00026400122
18115,161,0.00022451037
18115,162,0.00024977926
18115,163,0.00017201908
18115,164,0.00016387943
18115,165,0.00019842006
18115,166,0.00019223383
18115,167,9.947235e-05
18115,168,7.654156e-05
18115,169,0.000116386356
18115,170,0.00011030263
18115,171,0.000104419785
18115,172,0.00012018021
18115,173,7.7459816e-05
18115,174,0.00010845907
18115,175,9.443895e-05
18115,176,0.000121051125
18115,177,2.202598e-05
18115,178,9.094695e-06
18115,179,6.542754e-05
18115,180,5.0975473e-06
18115,181,4.5026678e-05
18115,182,2.444564e-06
18115,183,1.1997195e-05
18115,184,1.4897986e-05
18115,185,7.402692e-05
18115,186,8.190781e-06
18115,187,3.4721993e-06
18115,188,0.0
18115,189,0.0
18115,190,1.5682026e-05
18115,191,0.0
18115,192,0.0
18115,193,0.0
18115,194,0.0
18115,195,0.0
18115,196,0.0
18115,197,0.0
18115,198,0.0
18115,199,0.0
18115,200,0.0
18115,201,0.0
18115,202,1.990892e-06
18115,203,5.6072968e-06
18115,204,7.53389e-06
18115,205,4.5478473e-06
18115,206,9.358193e-08
18115,207,2.1438853e-05
18115,208,6.750079e-05
18115,209,6.223588e-05
18115,210,2.4635994e-05
18115,211,9.3367735e-06
18115,212,2.7903047e-06
18115,213,1.1347505e-05
18115,214,2.7019703e-06
18115,215,6.4632616e-07
18119,73,0.00011541398
18119,74,0.00019317532
18119,75,9.777989e-05
18119,76,0.00010125535
18119,77,0.0001346411
18119,78,7.271566e-05
18119,79,4.7777805e-05
18119,80,0.00017437892
18119,81,0.00013232385
18119,82,0.00019377156
18119,83,0.00017803202
18119,84,0.00015856285
18119,85,0.00017832573
18119,86,0.00014009295
18119,87,0.00010760043
18119,88,0.00010692979
18119,89,9.6866796e-05
18119,90,0.00010037597
18119,91,5.4783e-05
18119,92,3.7363814e-05
18119,93,3.3989196e-05
18119,94,2.9495197e-05
18119,95,0.00010217011
18119,96,1.8202534e-05
18119,97,1.6432617e-05
18119,98,1.256742e-05
18119,99,1.21571375e-05
18119,100,2.2468075e-05
18119,101,2.9301576e-05
18119,102,3.5302615e-05
18119,103,9.092455e-05
18119,104,0.00016593702
18119,105,0.0013682652
18119,106,0.0026492618
18119,107,0.008468385
18119,108,0.0125383735
18119,109,0.019541997
18119,110,0.019439342
18119,111,0.019932758
18119,112,0.018669654
18119,113,0.018040732
18119,114,0.016388942
18119,115,0.012456426
18119,116,0.010794325
18119,117,0.008556799
18119,118,0.009948568
18119,119,0.009580971
18119,120,0.006859473
18119,121,0.0067373635
18119,122,0.007125844
18119,123,0.007115562
18119,124,0.004821239
18119,125,0.004692317
18119,126,0.0042163297
18119,127,0.0032479083
18119,128,0.00414718
18119,129,0.004113413
18119,130,0.0037402958
18119,131,0.004021519
18119,132,0.0028169153
18119,133,0.0024880331
18119,134,0.002021714
18119,135,0.0013282279
18119,136,0.0013723761
18119,137,0.0017053308
18119,138,0.0015087137
18119,139,0.0014062901
18119,140,0.0013494875
18119,141,0.0012788243
18119,142,0.00057920703
18119,143,0.00026374144
18119,144,0.00029099162
18119,145,0.00037726294
18119,146,0.00039042064
18119,147,0.0009137362
18119,148,0.0009451628
18119,149,0.0011929983
18119,150,0.0007994926
18119,151,0.0013076616
18119,152,0.0009594731
18119,153,0.0012941728
18119,154,0.0014062275
18119,155,0.00044277895
18119,156,0.00024700054
18119,157,0.00014864824
18119,158,5.600559e-05
18119,159,5.2516432e-05
18119,160,3.4051354e-05
18119,161,2.8621904e-05
18119,162,2.8235354e-05
18119,163,2.004227e-05
18119,164,2.950933e-05
18119,165,2.2803353e-05
18119,166,1.5486537e-05
18119,167,9.112821e-06
18119,168,1.0396525e-05
18119,169,1.0323069e-05
18119,170,6.3009616e-06
18119,171,4.4300114e-06
18119,172,7.6276838e-06
18119,173,0.00010697174
18119,174,1.2243774e-05
18119,175,1.7442178e-05
18119,176,2.439593e-05
18119,177,9.569987e-05
18119,178,0.000114155824
18119,179,9.555235e-05
18119,180,0.00015741953
18119,181,0.00022479225
18119,182,0.00023703337
18119,183,0.00019306518
18119,184,0.00014944281
18119,185,5.020489e-05
18119,186,4.2996104e-05
18119,187,1.7004666e-05
18119,188,5.0755545e-05
18119,189,5.1830404e-05
18119,190,5.042177e-05
18119,191,4.8574435e-05
18119,192,5.358066e-05
18119,193,6.698467e-05
18119,194,7.4642514e-05
18119,195,6.166822e-05
18119,196,6.7405854e-05
18119,197,7.643557e-05
18119,198,8.7952634e-05
18119,199,7.399118e-05
18119,200,0.00011747038
18119,201,0.00017064474
18119,202,0.00020322154
18119,203,0.0001890266
18119,204,8.0680285e-05
18119,205,0.0001052263
18119,206,0.00014173893
18119,207,0.00010304896
18119,208,6.334064e-05
18119,209,6.0556606e-05
18119,210,6.511663e-05
18119,211,5.7548365e-05
18119,212,4.4106833e-05
18119,213,3.3182296e-05
18119,214,3.3530403e-05
18119,215,2.8085986e-05
39001,73,0.0001792009
39001,74,9.056149e-05
39001,75,4.5948807e-05
39001,76,2.0501127e-05
39001,77,0.0
39001,78,0.0
39001,79,1.0006108e-07
39001,80,3.9671596e-07
39001,81,4.355303e-06
39001,82,4.4750457e-05
39001,83,9.587301e-06
39001,84,4.6051446e-07
39001,85,1.0579271e-06
39001,86,3.1585187e-06
39001,87,0.0
39001,88,1.5392927e-05
39001,89,3.563405e-05
39001,90,5.074748e-05
39001,91,3.8637253e-07
39001,92,2.6280048e-07
39001,93,0.0
39001,94,0.0
39001,95,0.0
39001,96,0.0
39001,97,0.0
39001,98,0.0
39001,99,0.0
39001,100,0.0
39001,101,4.266649e-09
39001,102,1.5747341e-07
39001,103,1.0539112e-06
39001,104,2.779224e-06
39001,105,3.8573967e-06
39001,106,0.000117430835
39001,107,0.0005272955
39001,108,0.0011238965
39001,109,0.0023440763
39001,110,0.0038741897
39001,111,0.0031540368
39001,112,0.004019512
39001,113,0.0052183024
39001,114,0.005198587
39001,115,0.004366367
39001,116,0.0033141603
39001,117,0.0024032157
39001,118,0.0017856613
39001,119,0.0012834612
39001,120,0.0009217924
39001,121,0.0013495737
39001,122,0.0015059755
39001,123,0.0012185277
39001,124,0.0012468756
39001,125,0.0018521822
39001,126,0.001788231
39001,127,0.0015563364
39001,128,0.0019294205
39001,129,0.0017615097
39001,130,0.0012934578
39001,131,0.00095462444
39001,132,0.0009589976
39001,133,0.0011128973
39001,134,0.0015963349
39001,135,0.0010225605
39001,136,0.0010562415
39001,137,0.00094521436
39001,138,0.00094731845
39001,139,0.001009676
39001,140,0.0007501299
39001,141,0.0007700726
39001,142,0.00030541304
39001,143,0.00039732226
39001,144,0.00037752397
39001,145,0.00072487385
39001,146,0.0005273457
39001,147,0.0003652914
39001,148,0.00020154098
39001,149,0.00020238021
39001,150,0.00039257007
39001,151,0.00030619386
39001,152,0.00040008267
39001,153,0.00063057843
39001,154,0.00036137074
39001,155,0.00044393877
39001,156,0.000249297
39001,157,0.00019993864
39001,158,0.00011365324
39001,159,6.4303786e-05
39001,160,0.00022082064
39001,161,0.00010891996
39001,162,0.00019618502
39001,163,9.799545e-05
39001,164,2.7678383e-05
39001,165,2.850223e-05
39001,166,7.6941345e-05
39001,167,5.587302e-06
39001,168,2.664338e-06
39001,169,1.3890497e-06
39001,170,2.5201678e-06
39001,171,1.257682e-07
39001,172,9.888707e-07
39001,173,6.965478e-07
39001,174,1.2309065e-06
39001,175,6.346346e-06
39001,176,1.2651627e-05
39001,177,1.4620871e-05
39001,178,3.108946e-05
39001,179,3.74619e-05
39001,180,3.8657934e-05
39001,181,3.9560695e-05
39001,182,5.1949268e-05
39001,183,4.32069e-05
39001,184,9.078564e-05
39001,185,1.3875801e-05
39001,186,4.6639656e-05
39001,187,3.2577452e-06
39001,188,4.714457e-06
39001,189,1.0756435e-06
39001,190,2.24618e-06
39001,191,3.3062904e-07
39001,192,0.0
39001,193,0.0
39001,194,0.0
39001,195,0.0
39001,196,0.0
39001,197,0.0
39001,198,0.0
39001,199,1.0386895e-07
39001,200,6.2252557e-06
39001,201,1.8179428e-05
39001,202,3.4198172e-05
39001,203,4.1257772e-05
39001,204,0.0002448571
39001,205,4.862117e-05
39001,206,4.3508117e-05
39001,207,6.131425e-05
39001,208,0.0001178532
39001,209,9.8304634e-05
39001,210,6.163182e-05
39001,211,1.8814082e-05
39001,212,1.1867325e-05
39001,213,5.407792e-06
39001,214,1.0770256e-05
39001,215,1.5056008e-06
39003,73,0.036951765
39003,74,0.03256872
39003,75,0.028314037
39003,76,0.025500856
39003,77,0.027976343
39003,78,0.02610431
39003,79,0.023385476
39003,80,0.020206554
39003,81,0.01727005
39003,82,0.017522937
39003,83,0.017045239
39003,84,0.015000032
39003,85,0.013960869
39003,86,0.010400299
39003,87,0.0098709725
39003,88,0.00996627
39003,89,0.01019504
39003,90,0.00902324
39003,91,0.0079982085
39003,92,0.007294206
39003,93,0.0070628733
39003,94,0.006478644
39003,95,0.0052915947
39003,96,0.005061088
39003,97,0.00477298
39003,98,0.003951901
39003,99,0.0041356026
39003,100,0.0033801936
39003,101,0.002949187
39003,102,0.0029133847
39003,103,0.0025081416
39003,104,0.002525911
39003,105,0.0030123817
39003,106,0.0031317354
39003,107,0.0027269633
39003,108,0.0023581511
39003,109,0.002454146
39003,110,0.0026507562
39003,111,0.0026456222
39003,112,0.0020203886
39003,113,0.0015374941
39003,114,0.0016456222
39003,115,0.00148205
39003,116,0.0018687428
39003,117,0.0015931989
39003,118,0.001230285
39003,119,0.001044358
39003,120,0.0010154548
39003,121,0.0019316007
39003,122,0.0017660812
39003,123,0.0015949113
39003,124,0.0013180651
39003,125,0.0012928885
39003,126,0.0012695417
39003,127,0.0011042634
39003,128,0.0013181682
39003,129,0.0014634278
39003,130,0.0011567597
39003,131,0.0007822085
39003,132,0.0008019478
39003,133,0.0008895822
39003,134,0.0007517588
39003,135,0.0006692055
39003,136,0.00058537116
39003,137,0.0003833313
39003,138,0.00036266737
39003,139,0.0004234692
39003,140,0.00039599976
39003,141,0.0002888164
39003,142,0.00032780858
39003,143,0.00033548818
39003,144,0.0001847888
39003,145,0.00020913305
39003,146,0.00016578849
39003,147,0.00019253408
39003,148,0.00012924227
39003,149,0.00015424262
39003,150,0.00019420763
39003,151,0.00025387254
39003,152,0.0001735882
39003,153,0.00020528516
39003,154,0.00015744685
39003,155,0.00017075935
39003,156,0.00010379138
39003,157,0.0001257133
39003,158,7.398683e-05
39003,159,4.8634898e-05
39003,160,4.394264e-05
39003,161,3.0114361e-05
39003,162,2.8820032e-05
39003,163,2.0192167e-05
39003,164,7.440405e-06
39003,165,4.0386676e-06
39003,166,1.6259139e-05
39003,167,1.4593482e-05
39003,168,2.1321059e-05
39003,169,1.776183e-05
39003,170,1.1742258e-05
39003,171,1.36694e-05
39003,172,5.8408605e-06
39003,173,4.4752965e-06
39003,174,2.0341806e-06
39003,175,6.977992e-06
39003,176,8.172011e-06
39003,177,2.0284866e-05
39003,178,9.043611e-06
39003,179,2.1386886e-05
39003,180,2.2031305e-05
39003,181,1.6243466e-05
39003,182,1.4411775e-05
39003,183,7.5384673e-06
39003,184,2.6883638e-06
39003,185,1.5459615e-06
39003,186,4.7717035e-06
39003,187,1.3208488e-06
39003,188,5.1790585e-09
39003,189,0.0
39003,190,2.7875612e-12
39003,191,0.0
39003,192,0.0
39003,193,0.0
39003,194,0.0
39003,195,0.0
39003,196,0.0
39003,197,0.0
39003,198,0.0
39003,199,0.0
39003,200,1.041374e-06
39003,201,8.443295e-06
39003,202,1.336702e-05
39003,203,2.5365862e-05
39003,204,1.974995e-05
39003,205,1.846909e-05
39003,206,2.6216301e-05
39003,207,1.1080741e-05
39003,208,4.3268406e-06
39003,209,6.701871e-07
39003,210,3.1607617e-06
39003,211,1.835347e-07
39003,212,4.3567243e-09
39003,213,0.0
39003,214,0.0
39003,215,0.0
39005,73,0.15312812
39005,74,0.14831108
39005,75,0.14867216
39005,76,0.1319659
39005,77,0.111644305
39005,78,0.10850028
39005,79,0.09112119
39005,80,0.09351489
39005,81,0.08503874
39005,82,0.08073105
39005,83,0.07941519
39005,84,0.07883494
39005,85,0.06320708
39005,86,0.06023185
39005,87,0.060892913
39005,88,0.049305055
39005,89,0.043757126
39005,90,0.04318965
39005,91,0.042852346
39005,92,0.03725802
39005,93,0.032410007
39005,94,0.029659228
39005,95,0.027016586
39005,96,0.025607457
39005,97,0.026183343
39005,98,0.026076328
39005,99,0.02542834
39005,100,0.023676729
39005,101,0.023776487
39005,102,0.022116028
39005,103,0.024072474
39005,104,0.023581337
39005,105,0.02513628
39005,106,0.026742248
39005,107,0.025891341
39005,108,0.030548923
39005,109,0.035445157
39005,110,0.036020055
39005,111,0.036326203
39005,112,0.037815463
39005,113,0.03674811
39005,114,0.03466457
39005,115,0.02868975
39005,116,0.022622418
39005,117,0.02087538
39005,118,0.019346496
39005,119,0.019069234
39005,120,0.016773477
39005,121,0.014308019
39005,122,0.014022463
39005,123,0.01260266
39005,124,0.014442669
39005,125,0.0144903185
39005,126,0.013176927
39005,127,0.013144965
39005,128,0.014458284
39005,129,0.012662771
39005,130,0.014276659
39005,131,0.018011458
39005,132,0.013787074
39005,133,0.012571097
39005,134,0.013745675
39005,135,0.009619183
39005,136,0.0071884533
39005,137,0.005952647
39005,138,0.0066598663
39005,139,0.005371983
39005,140,0.0052733207
39005,141,0.0048840456
39005,142,0.004311751
39005,143,0.0041702823
39005,144,0.004096034
39005,145,0.0031222624
39005,146,0.0025649723
39005,147,0.002582142
39005,148,0.002115979
39005,149,0.0020818524
39005,150,0.001277306
39005,151,0.0013703007
39005,152,0.0020175518
39005,153,0.0018632354
39005,154,0.0020669927
39005,155,0.0019000464
39005,156,0.0023690092
39005,157,0.0016525008
39005,158,0.0014026839
39005,159,0.0015721379
39005,160,0.0015479265
39005,161,0.0011507489
39005,162,0.0010206911
39005,163,0.0004943782
39005,164,0.00012030862
39005,165,0.00015113516
39005,166,0.00017736481
39005,167,0.00016959621
39005,168,0.00015486614
39005,169,0.00014275376
39005,170,0.00015093829
39005,171,5.6249082e-05
39005,172,4.9261584e-05
39005,173,2.0948359e-05
39005,174,2.2413205e-05
39005,175,5.9239726e-05
39005,176,0.00017273371
39005,177,0.00017256285
39005,178,0.00018958827
39005,179,0.00017064727
39005,180,0.00020447053
39005,181,0.00014141916
39005,182,0.00011095237
39005,183,9.338607e-05
39005,184,7.484124e-05
39005,185,8.657001e-05
39005,186,7.5595504e-05
39005,187,3.976898e-05
39005,188,4.2448955e-05
39005,189,2.7625756e-05
39005,190,2.497162e-05
39005,191,2.339842e-05
39005,192,2.507857e-05
39005,193,2.0849418e-05
39005,194,1.7745238e-05
39005,195,1.743216e-05
39005,196,7.3682463e-06
39005,197,2.5802829e-05
39005,198,2.4490017e-05
39005,199,2.9313485e-05
39005,200,3.4073124e-05
39005,201,9.3273804e-05
39005,202,0.000120491546
39005,203,0.00011905437
39005,204,0.00022221736
39005,205,0.00021705033
39005,206,0.00026585895
39005,207,0.00012708791
39005,208,0.00010943857
39005,209,6.1671e-05
39005,210,5.109391e-05
39005,211,1.2597632e-05
39005,212,1.1866025e-06
39005,213,1.192825e-07
39005,214,1.946718e-06
39005,215,1.7258449e-08
39007,73,0.0546053
39007,74,0.05383574
39007,75,0.054794136
39007,76,0.049821615
39007,77,0.055031333
39007,78,0.053204734
39007,79,0.048969578
39007,80,0.047946993
39007,81,0.044059288
39007,82,0.04023583
39007,83,0.040430367
39007,84,0.035357658
39007,85,0.03420845
39007,86,0.029764943
39007,87,0.025970919
39007,88,0.022316005
39007,89,0.02220173
39007,90,0.02033482
39007,91,0.018867673
39007,92,0.017827712
39007,93,0.017857376
39007,94,0.01558994
39007,95,0.015564822
39007,96,0.013829217
39007,97,0.01178504
39007,98,0.011458181
39007,99,0.010130101
39007,100,0.0096800625
39007,101,0.0091147665
39007,102,0.009268709
39007,103,0.009120835
39007,104,0.008542962
39007,105,0.009036722
39007,106,0.010314483
39007,107,0.009967433
39007,108,0.008258251
39007,109,0.0067134607
39007,110,0.006718696
39007,111,0.011773092
39007,112,0.012481422
39007,113,0.014009275
39007,114,0.014290147
39007,115,0.012987237
39007,116,0.020000836
39007,117,0.021784082
39007,118,0.02258041
39007,119,0.021190537
39007,120,0.022302695
39007,121,0.019873366
39007,122,0.01826048
39007,123,0.016803242
39007,124,0.015449787
39007,125,0.014811901
39007,126,0.013399498
39007,127,0.011381239
39007,128,0.012932018
39007,129,0.011410764
39007,130,0.013168679
39007,131,0.011508608
39007,132,0.010912532
39007,133,0.01048746
39007,134,0.008325396
39007,135,0.008262473
39007,136,0.008430771
39007,137,0.007670141
39007,138,0.00682347
39007,139,0.0060930056
39007,140,0.0043248786
39007,141,0.0043185945
39007,142,0.004465153
39007,143,0.004017756
39007,144,0.0035593386
39007,145,0.0035953799
39007,146,0.0032847682
39007,147,0.0030109428
39007,148,0.0029301597
39007,149,0.0032560162
39007,150,0.0023670907
39007,151,0.0029024605
39007,152,0.0027671277
39007,153,0.0025605946
39007,154,0.0024027182
39007,155,0.0017443713
39007,156,0.0016384092
39007,157,0.0017662873
39007,158,0.0018605024
39007,159,0.0016713954
39007,160,0.0010092197
39007,161,0.0010842893
39007,162,0.0009475959
39007,163,0.0009863221
39007,164,0.00063646276
39007,165,0.0005600224
39007,166,0.0006403789
39007,167,0.00036858895
39007,168,0.0004768841
39007,169,0.00031823682
39007,170,0.0003118215
39007,171,0.00029567178
39007,172,0.0002486293
39007,173,0.0002494822
39007,174,0.00024057811
39007,175,0.00046358013
39007,176,0.00031117402
39007,177,0.0018077259
39007,178,0.0022765244
39007,179,0.0021623883
39007,180,0.00080404326
39007,181,0.000813078
39007,182,0.0006048453
39007,183,0.0005424349
39007,184,0.0005371355
39007,185,0.0004347554
39007,186,0.00027097666
39007,187,0.00026571704
39007,188,0.00013962731
39007,189,0.00014791488
39007,190,0.00017346635
39007,191,0.00016079172
39007,192,9.529158e-05
39007,193,0.00012228146
39007,194,0.000113279806
39007,195,0.00010753859
39007,196,0.00011526941
39007,197,0.00017431244
39007,198,0.0001743172
39007,199,0.0002119571
39007,200,0.0001333577
39007,201,0.00020516227
39007,202,0.00016523545
39007,203,0.0002111181
39007,204,0.00021116064
39007,205,0.0001792424
39007,206,0.00021144426
39007,207,0.00023847529
39007,208,0.00015758297
39007,209,0.00019288807
39007,210,0.0001564569
39007,211,0.000117520736
39007,212,7.834871e-05
39007,213,5.992122e-05
39007,214,5.0390594e-05
39007,215,7.01816e-05
39009,73,0.005829693
39009,74,0.005373485
39009,75,0.0045724334
39009,76,0.004593644
39009,77,0.0039949487
39009,78,0.0039142394
39009,79,0.003657699
39009,80,0.0035201064
39009,81,0.0030092509
39009,82,0.002675346
39009,83,0.0022102084
39009,84,0.0021969664
39009,85,0.0020466624
39009,86,0.0021335816
39009,87,0.0016281629
39009,88,0.0014343949
39009,89,0.00104708
39009,90,0.0007194647
39009,91,0.0005542933
39009,92,0.0005535797
39009,93,0.0005090138
39009,94,0.00043806777
39009,95,0.00040710447
39009,96,0.00045004807
39009,97,0.00024214294
39009,98,0.00022291264
39009,99,0.00020594377
39009,100,0.000131506
39009,101,0.00018064819
39009,102,0.00010665407
39009,103,7.787401e-05
39009,104,0.00011636407
39009,105,0.0001670837
39009,106,0.00010886423
39009,107,0.00022623435
39009,108,0.0001395897
39009,109,0.0011022487
39009,110,0.0014603413
39009,111,0.00201349
39009,112,0.0009480837
39009,113,0.0022241732
39009,114,0.0018229258
39009,115,0.0016215385
39009,116,0.0019430513
39009,117,0.0019331063
39009,118,0.0014686583
39009,119,0.0018480949
39009,120,0.0013611263
39009,121,0.0010812789
39009,122,0.0009201585
39009,123,0.00092164276
39009,124,0.0011287862
39009,125,0.002017755
39009,126,0.002611732
39009,127,0.0016682455
39009,128,0.0017685274
39009,129,0.0019804088
39009,130,0.0015463978
39009,131,0.0015284994
39009,132,0.001319828
39009,133,0.0013915789
39009,134,0.0011625552
39009,135,0.0013601015
39009,136,0.0013542982
39009,137,0.0013104148
39009,138,0.0011840463
39009,139,0.0013173333
39009,140,0.0011315286
39009,141,0.0010702976
39009,142,0.0009440275
39009,143,0.0011257976
39009,144,0.0010550645
39009,145,0.0009876929
39009,146,0.0015314854
39009,147,0.0013330561
39009,148,0.0010391906
39009,149,0.0012079498
39009,150,0.00106685
39009,151,0.0006895973
39009,152,0.00035637748
39009,153,0.0004113269
39009,154,0.000628839
39009,155,0.0004791494
39009,156,0.00044884547
39009,157,0.0005198651
39009,158,0.00040805418
39009,159,0.00047886313
39009,160,0.0003545083
39009,161,0.0004008251
39009,162,0.00032615353
39009,163,0.00018667814
39009,164,9.1563095e-05
39009,165,5.104294e-05
39009,166,2.6245378e-05
39009,167,1.5825859e-05
39009,168,1.40649845e-05
39009,169,2.2237271e-05
39009,170,4.5498286e-06
39009,171,3.6233373e-06
39009,172,6.0889874e-06
39009,173,5.782382e-07
39009,174,2.7150475e-07
39009,175,6.1044784e-06
39009,176,4.938031e-05
39009,177,6.5962224e-05
39009,178,8.9427056e-05
39009,179,0.00011604865
39009,180,0.00020004538
39009,181,0.0001744734
39009,182,0.00014209254
39009,183,0.00014817432
39009,184,6.1673185e-05
39009,185,5.0786708e-05
39009,186,2.7212865e-05
39009,187,5.6449608e-06
39009,188,5.8600494e-06
39009,189,3.3071785e-06
39009,190,3.5414619e-06
39009,191,1.5007138e-06
39009,192,3.767561e-07
39009,193,0.0
39009,194,3.584119e-08
39009,195,2.2725825e-07
39009,196,6.045474e-07
39009,197,1.36964475e-08
39009,198,0.0
39009,199,1.7139192e-06
39009,200,3.3364286e-05
39009,201,0.00010055746
39009,202,4.466583e-05
39009,203,5.137308e-05
39009,204,9.28559e-05
39009,205,4.478587e-05
39009,206,4.8517642e-05
39009,207,7.906201e-05
39009,208,3.6749374e-05
39009,209,3.6621605e-05
39009,210,2.7175218e-05
39009,211,1.5943884e-05
39009,212,6.832926e-06
39009,213,1.136501e-05
39009,214,3.5541836e-06
39009,215,2.4106774e-07
39011,73,0.03233581
39011,74,0.02894769
39011,75,0.026352955
39011,76,0.02654764
39011,77,0.022919929
39011,78,0.02151111
39011,79,0.018015662
39011,80,0.015565727
39011,81,0.016633565
39011,82,0.015126634
39011,83,0.012859753
39011,84,0.0122715
39011,85,0.010193402
39011,86,0.008895794
39011,87,0.008707201
39011,88,0.006497978
39011,89,0.006651646
39011,90,0.00611539
39011,91,0.005392373
39011,92,0.004956544
39011,93,0.005004718
39011,94,0.0050185346
39011,95,0.004896035
39011,96,0.0049368846
39011,97,0.004348494
39011,98,0.004136279
39011,99,0.003912549
39011,100,0.0032709741
39011,101,0.0033346126
39011,102,0.0036469933
39011,103,0.0031239858
39011,104,0.0030607844
39011,105,0.0029155368
39011,106,0.0022073754
39011,107,0.0027947861
39011,108,0.0036084717
39011,109,0.0053383317
39011,110,0.006625794
39011,111,0.006491085
39011,112,0.0064616525
39011,113,0.0056541176
39011,114,0.0057281284
39011,115,0.0044297874
39011,116,0.0042385804
39011,117,0.0039058467
39011,118,0.003959585
39011,119,0.003523834
39011,120,0.0036939168
39011,121,0.004374363
39011,122,0.00402463
39011,123,0.004648468
39011,124,0.003976841
39011,125,0.0039413725
39011,126,0.0036557172
39011,127,0.0038615721
39011,128,0.0038139513
39011,129,0.0037980906
39011,130,0.003587255
39011,131,0.0029458615
39011,132,0.002991916
39011,133,0.0024601286
39011,134,0.0018800524
39011,135,0.0018619325
39011,136,0.0014223658
39011,137,0.0014441664
39011,138,0.0014346929
39011,139,0.0015372528
39011,140,0.001259109
39011,141,0.0016093877
39011,142,0.0012819082
39011,143,0.0013639615
39011,144,0.001254232
39011,145,0.00089205056
39011,146,0.00063022284
39011,147,0.0006649375
39011,148,0.0006449772
39011,149,0.0007073419
39011,150,0.000651248
39011,151,0.0005516368
39011,152,0.00041046014
39011,153,0.0006565426
39011,154,0.00045762144
39011,155,0.0010590781
39011,156,0.0005325947
39011,157,0.0007402529
39011,158,0.00032354583
39011,159,0.0002697924
39011,160,0.00026960342
39011,161,0.0002099798
39011,162,0.00027916714
39011,163,0.0002578976
39011,164,0.00018394119
39011,165,0.000179366
39011,166,0.00017734435
39011,167,0.0001570166
39011,168,0.00015159944
39011,169,0.00015101787
39011,170,0.0001458154
39011,171,0.00013102639
39011,172,0.00013478978
39011,173,0.00015105493
39011,174,0.00015644329
39011,175,0.00015561323
39011,176,0.0001889242
39011,177,0.0006822677
39011,178,0.00021936028
39011,179,0.00021325436
39011,180,0.00014037009
39011,181,0.00014694006
39011,182,0.0001716654
39011,183,0.00013030486
39011,184,9.713814e-05
39011,185,8.4061736e-05
39011,186,5.1203766e-05
39011,187,2.9362947e-05
39011,188,6.6427306e-06
39011,189,1.1303855e-05
39011,190,8.373011e-06
39011,191,7.9332e-06
39011,192,5.2218747e-06
39011,193,1.062756e-05
39011,194,3.0963945e-06
39011,195,5.112667e-06
39011,196,5.4415978e-06
39011,197,1.2459039e-05
39011,198,8.967502e-06
39011,199,1.2017754e-05
39011,200,1.5086341e-05
39011,201,2.999961e-05
39011,202,3.46573e-05
39011,203,4.207361e-05
39011,204,3.969624e-05
39011,205,4.575686e-05
39011,206,3.2349068e-05
39011,207,4.541572e-05
39011,208,3.5689543e-05
39011,209,4.1011914e-05
39011,210,3.7200698e-05
39011,211,2.9432334e-05
39011,212,6.5133972e-06
39011,213,4.4230455e-06
39011,214,7.951715e-06
39011,215,5.3489885e-06
39013,73,0.13820417
39013,74,0.11994846
39013,75,0.11766221
39013,76,0.119604856
39013,77,0.1204855
39013,78,0.118443064
39013,79,0.12042983
39013,80,0.11020197
39013,81,0.10897414
39013,82,0.10994993
39013,83,0.10317667
39013,84,0.099841654
39013,85,0.08108425
39013,86,0.08178016
39013,87,0.08141952
39013,88,0.07597965
39013,89,0.070540965
39013,90,0.06385041
39013,91,0.065895066
39013,92,0.05477347
39013,93,0.0541092
39013,94,0.043624632
39013,95,0.041188207
39013,96,0.040668543
39013,97,0.04111005
39013,98,0.036725543
39013,99,0.036674034
39013,100,0.032234337
39013,101,0.028886419
39013,102,0.029834824
39013,103,0.028257715
39013,104,0.027420197
39013,105,0.027071007
39013,106,0.026003411
39013,107,0.024338618
39013,108,0.022318471
39013,109,0.02170213
39013,110,0.021511346
39013,111,0.016487336
39013,112,0.017080843
39013,113,0.01635524
39013,114,0.01642879
39013,115,0.012273073
39013,116,0.011287113
39013,117,0.010148712
39013,118,0.008828896
39013,119,0.008843961
39013,120,0.008352372
39013,121,0.0080383355
39013,122,0.007449506
39013,123,0.0075048786
39013,124,0.007178399
39013,125,0.0071123154
39013,126,0.008631056
39013,127,0.008633013
39013,128,0.008036746
39013,129,0.008279796
39013,130,0.007268737
39013,131,0.0070386045
39013,132,0.00644206
39013,133,0.0063385763
39013,134,0.005117195
39013,135,0.0045615695
39013,136,0.0037536207
39013,137,0.0028841137
39013,138,0.00294092
39013,139,0.0030448397
39013,140,0.0052683735
39013,141,0.005879934
39013,142,0.005503066
39013,143,0.005072502
39013,144,0.0046805074
39013,145,0.0045534717
39013,146,0.0054631843
39013,147,0.0049912324
39013,148,0.004287703
39013,149,0.0033507068
39013,150,0.0036876327
39013,151,0.0025822693
39013,152,0.0018309879
39013,153,0.0021523489
39013,154,0.0020268636
39013,155,0.0018274297
39013,156,0.0017770532
39013,157,0.0018286865
39013,158,0.0023571348
39013,159,0.0022133838
39013,160,0.0018449947
39013,161,0.0011814462
39013,162,0.0010672524
39013,163,0.0006062432
39013,164,0.00024558866
39013,165,0.00019366249
39013,166,0.0001776239
39013,167,0.00017520899
39013,168,0.00017423232
39013,169,0.00021137724
39013,170,0.00021054257
39013,171,0.00010641823
39013,172,9.1102316e-05
39013,173,9.451578e-05
39013,174,8.791992e-05
39013,175,9.947854e-05
39013,176,0.00015631567
39013,177,0.00030114193
39013,178,0.00034930668
39013,179,0.00042348017
39013,180,0.00026735026
39013,181,0.00023650784
39013,182,0.00035972332
39013,183,0.00014907208
39013,184,0.000103458086
39013,185,5.9607046e-05
39013,186,5.6282006e-05
39013,187,2.0636217e-05
39013,188,1.8721354e-05
39013,189,2.1681273e-05
39013,190,2.0458298e-05
39013,191,2.0344643e-05
39013,192,1.7256389e-05
39013,193,1.1720079e-05
39013,194,1.3535352e-05
39013,195,1.9628545e-05
39013,196,1.3727614e-05
39013,197,2.3137796e-05
39013,198,2.3287592e-05
39013,199,4.2153893e-05
39013,200,6.48428e-05
39013,201,0.00019450096
39013,202,0.00017050542
39013,203,0.00015344082
39013,204,0.00014374827
39013,205,0.00012503
39013,206,0.00016616605
39013,207,0.00013447907
39013,208,0.00011469267
39013,209,0.00010370804
39013,210,5.4149128e-05
39013,211,2.4716535e-05
39013,212,2.159453e-05
39013,213,2.5260826e-05
39013,214,1.8757026e-05
39013,215,1.1501154e-05
39015,73,0.00030564095
39015,74,0.0001378334
39015,75,0.00010000117
39015,76,9.417364e-05
39015,77,9.558199e-05
39015,78,6.0432918e-05
39015,79,7.1315495e-05
39015,80,5.3441556e-05
39015,81,8.230414e-05
39015,82,5.4330496e-05
39015,83,6.057371e-05
39015,84,4.4687287e-05
39015,85,1.597921e-05
39015,86,1.4007068e-05
39015,87,1.3603361e-05
39015,88,2.1040032e-05
39015,89,1.7699975e-05
39015,90,2.1734033e-05
39015,91,1.1061848e-05
39015,92,1.1343029e-05
39015,93,9.101762e-06
39015,94,7.816614e-06
39015,95,5.6337785e-06
39015,96,4.2425972e-06
39015,97,3.816806e-06
39015,98,3.4163425e-06
39015,99,3.4945272e-06
39015,100,3.2658377e-06
39015,101,3.8703242e-06
39015,102,3.442518e-06
39015,103,6.2818403e-06
39015,104,1.6677724e-05
39015,105,1.8520494e-05
39015,106,5.000618e-05
39015,107,0.00062140415
39015,108,0.0013006974
39015,109,0.0026815056
39015,110,0.0039847186
39015,111,0.0036083732
39015,112,0.003442993
39015,113,0.0028345722
39015,114,0.0023351542
39015,115,0.0011480715
39015,116,0.0011790904
39015,117,0.00077263743
39015,118,0.00057204877
39015,119,0.0005011702
39015,120,0.001058872
39015,121,0.0010200574
39015,122,0.0009039694
39015,123,0.0012415223
39015,124,0.0011277391
39015,125,0.001384357
39015,126,0.0015412209
39015,127,0.0014018193
39015,128,0.0013523996
39015,129,0.0008956761
39015,130,0.00076737447
39015,131,0.00060062873
39015,132,0.0005884289
39015,133,0.0004737002
39015,134,0.0005292632
39015,135,0.00049364544
39015,136,0.00047786228
39015,137,0.00058633083
39015,138,0.00021203699
39015,139,0.0001446496
39015,140,0.00012935695
39015,141,0.00012740464
39015,142,0.00018047391
39015,143,0.00015926542
39015,144,0.00017478829
39015,145,0.00021750023
39015,146,0.0002476917
39015,147,0.00012473005
39015,148,7.011798e-05
39015,149,6.490217e-05
39015,150,6.466157e-05
39015,151,6.764926e-05
39015,152,8.190706e-05
39015,153,4.981298e-05
39015,154,5.8699545e-05
39015,155,5.0328246e-05
39015,156,3.232474e-05
39015,157,3.339668e-05
39015,158,2.0620215e-05
39015,159,1.4691475e-05
39015,160,9.169026e-06
39015,161,8.3965915e-06
39015,162,2.0497202e-05
39015,163,8.021187e-06
39015,164,8.986371e-06
39015,165,5.272097e-06
39015,166,1.1154899e-05
39015,167,6.7766177e-06
39015,168,5.7051298e-06
39015,169,3.0183155e-06
39015,170,4.593445e-06
39015,171,3.9788983e-06
39015,172,6.5392333e-06
39015,173,4.656662e-06
39015,174,3.5955104e-06
39015,175,9.0713565e-06
39015,176,1.0803681e-05
39015,177,2.4435161e-05
39015,178,3.0971903e-05
39015,179,3.2944066e-05
39015,180,2.682852e-05
39015,181,2.7831613e-05
39015,182,2.3182747e-05
39015,183,2.1535101e-05
39015,184,1.4281923e-05
39015,185,8.152485e-06
39015,186,1.8861538e-05
39015,187,4.361125e-06
39015,188,4.1103813e-06
39015,189,2.2395714e-06
39015,190,1.5124087e-06
39015,191,1.0397586e-06
39015,192,1.1894143e-06
39015,193,2.4796373e-06
39015,194,2.634054e-05
39015,195,2.947156e-05
39015,196,2.8936704e-05
39015,197,3.4986104e-05
39015,198,1.0824144e-05
39015,199,1.395006e-05
39015,200,1.990952e-05
39015,201,3.8208793e-05
39015,202,4.0219988e-05
39015,203,6.173901e-05
39015,204,5.4532855e-05
39015,205,5.1825577e-05
39015,206,5.2769356e-05
39015,207,3.0661173e-05
39015,208,3.5744077e-05
39015,209,3.9468374e-05
39015,210,2.8798793e-05
39015,211,2.43127e-05
39015,212,2.9487615e-05
39015,213,9.606166e-06
39015,214,1.3926138e-05
39015,215,1.9577872e-05
39019,73,0.32214752
39019,74,0.3192044
39019,75,0.32187563
39019,76,0.31417978
39019,77,0.30975178
39019,78,0.30579883
39019,79,0.26061696
39019,80,0.26645806
39019,81,0.26480922
39019,82,0.25016227
39019,83,0.23853795
39019,84,0.23098111
39019,85,0.22658943
39019,86,0.22550222
39019,87,0.21762727
39019,88,0.20929596
39019,89,0.2043959
39019,90,0.18594012
39019,91,0.18128046
39019,92,0.14950927
39019,93,0.14003482
39019,94,0.13346153
39019,95,0.124594115
39019,96,0.12187593
39019,97,0.12222044
39019,98,0.12421038
39019,99,0.12497098
39019,100,0.12363846
39019,101,0.1272036
39019,102,0.11615666
39019,103,0.11201345
39019,104,0.10976213
39019,105,0.10728853
39019,106,0.10777823
39019,107,0.104860835
39019,108,0.105721116
39019,109,0.10050308
39019,110,0.10144473
39019,111,0.09494615
39019,112,0.09424972
39019,113,0.07444777
39019,114,0.07305465
39019,115,0.06669192
39019,116,0.055968206
39019,117,0.05340569
39019,118,0.040451497
39019,119,0.036679503
39019,120,0.03395255
39019,121,0.029872023
39019,122,0.028706193
39019,123,0.028495552
39019,124,0.028422525
39019,125,0.032214247
39019,126,0.033812508
39019,127,0.032837246
39019,128,0.03237668
39019,129,0.037042383
39019,130,0.03569895
39019,131,0.035502516
39019,132,0.03290449
39019,133,0.033132758
39019,134,0.029729584
39019,135,0.02621047
39019,136,0.025269324
39019,137,0.024234513
39019,138,0.022656377
39019,139,0.021959351
39019,140,0.016296422
39019,141,0.015963625
39019,142,0.014721173
39019,143,0.014200563
39019,144,0.011677042
39019,145,0.011415701
39019,146,0.010838349
39019,147,0.010628111
39019,148,0.0070032496
39019,149,0.0076088854
39019,150,0.006319675
39019,151,0.0063764444
39019,152,0.0067294794
39019,153,0.007575505
39019,154,0.0065215644
39019,155,0.006793129
39019,156,0.006049741
39019,157,0.0057591693
39019,158,0.005817349
39019,159,0.005814382
39019,160,0.0058847363
39019,161,0.0053570066
39019,162,0.0054350416
39019,163,0.0043682056
39019,164,0.0037046168
39019,165,0.003174994
39019,166,0.003147877
39019,167,0.00285451
39019,168,0.0023316669
39019,169,0.002133557
39019,170,0.0015093643
39019,171,0.001078605
39019,172,0.0011896524
39019,173,0.0011950491
39019,174,0.0011547719
39019,175,0.0010220489
39019,176,0.0010118455
39019,177,0.0010077988
39019,178,0.001162623
39019,179,0.001573274
39019,180,0.00066571723
39019,181,0.0009531786
39019,182,0.0009064314
39019,183,0.00063943106
39019,184,0.0006604515
39019,185,0.00054714544
39019,186,0.0003458296
39019,187,0.00019725329
39019,188,9.7452095e-05
39019,189,6.2546445e-05
39019,190,8.105212e-05
39019,191,8.234657e-05
39019,192,7.5412485e-05
39019,193,6.380029e-05
39019,194,5.423168e-05
39019,195,4.3289976e-05
39019,196,6.474617e-05
39019,197,6.503114e-05
39019,198,5.307492e-05
39019,199,7.091961e-05
39019,200,9.8359495e-05
39019,201,0.00018198078
39019,202,0.00020411817
39019,203,0.00019601028
39019,204,0.00014180168
39019,205,0.00015564139
39019,206,0.00016415979
39019,207,0.0001802387
39019,208,0.00015518036
39019,209,0.00013188388
39019,210,8.858655e-05
39019,211,5.645282e-05
39019,212,3.5927304e-05
39019,213,4.1261508e-05
39019,214,2.9480667e-05
39019,215,4.9217713e-05
39021,73,0.11599704
39021,74,0.10956293
39021,75,0.108196504
39021,76,0.10798816
39021,77,0.096061796
39021,78,0.09634411
39021,79,0.09527819
39021,80,0.09705972
39021,81,0.08158302
39021,82,0.06938236
39021,83,0.062133525
39021,84,0.061232194
39021,85,0.061302774
39021,86,0.044586472
39021,87,0.04171916
39021,88,0.037929982
39021,89,0.030363398
39021,90,0.02660608
39021,91,0.01921608
39021,92,0.014496518
39021,93,0.011266923
39021,94,0.010947749
39021,95,0.00781665
39021,96,0.0077704336
39021,97,0.007776707
39021,98,0.0070846826
39021,99,0.0070031537
39021,100,0.00622811
39021,101,0.006444658
39021,102,0.006428985
39021,103,0.00654132
39021,104,0.0072956723
39021,105,0.0067054746
39021,106,0.0072770407
39021,107,0.007154629
39021,108,0.0065103862
39021,109,0.007068096
39021,110,0.010189194
39021,111,0.010050876
39021,112,0.007821692
39021,113,0.007955345
39021,114,0.005647885
39021,115,0.0054993974
39021,116,0.00411274
39021,117,0.004083785
39021,118,0.0039820634
39021,119,0.004206499
39021,120,0.004460904
39021,121,0.0043445234
39021,122,0.0060016257
39021,123,0.0044304985
39021,124,0.004428029
39021,125,0.004297878
39021,126,0.0034486563
39021,127,0.0038324748
39021,128,0.0036738263
39021,129,0.0041263136
39021,130,0.0039729327
39021,131,0.0035048435
39021,132,0.0030444942
39021,133,0.0023546994
39021,134,0.0025014759
39021,135,0.0017794967
39021,136,0.001709016
39021,137,0.0018660033
39021,138,0.0021424787
39021,139,0.0018874718
39021,140,0.001808947
39021,141,0.0018359855
39021,142,0.0014842629
39021,143,0.001362558
39021,144,0.0011604271
39021,145,0.0013009614
39021,146,0.0011603431
39021,147,0.0010488249
39021,148,0.0009805694
39021,149,0.0009788313
39021,150,0.0011457118
39021,151,0.0010400148
39021,152,0.0008259256
39021,153,0.00095394015
39021,154,0.0008245677
39021,155,0.00078815303
39021,156,0.000695514
39021,157,0.0006847794
39021,158,0.000686444
39021,159,0.00072764733
39021,160,0.001279104
39021,161,0.0006455755
39021,162,0.000563334
39021,163,0.00049070985
39021,164,0.00044560662
39021,165,0.0004366687
39021,166,0.00033185695
39021,167,0.00022977799
39021,168,0.00020303381
39021,169,0.00018556055
39021,170,9.6340584e-05
39021,171,0.000106968524
39021,172,9.2513255e-05
39021,173,0.00012199768
39021,174,0.00012725286
39021,175,0.00016188504
39021,176,0.00018091199
39021,177,0.0002114281
39021,178,0.00020885261
39021,179,0.00020108033
39021,180,0.00019583145
39021,181,0.00018580521
39021,182,0.00022170154
39021,183,0.0002217569
39021,184,0.00020027786
39021,185,0.00017393484
39021,186,0.00013405595
39021,187,0.00010693044
39021,188,8.337602e-05
39021,189,7.593861e-05
39021,190,8.151479e-05
39021,191,8.2235485e-05
39021,192,7.0245995e-05
39021,193,6.469397e-05
39021,194,6.7636036e-05
39021,195,7.098166e-05
39021,196,7.009281e-05
39021,197,7.967836e-05
39021,198,8.8290275e-05
39021,199,0.00010164265
39021,200,0.0001219994
39021,201,0.00017745473
39021,202,0.00018026396
39021,203,0.00016596497
39021,204,0.00015848866
39021,205,0.00013621185
39021,206,0.00014484374
39021,207,9.699918e-05
39021,208,9.895306e-05
39021,209,0.0001218859
39021,210,9.941697e-05
39021,211,3.16445e-05
39021,212,3.4263216e-05
39021,213,2.6292873e-05
39021,214,1.8595085e-05
39021,215,1.687407e-05
39041,73,0.065135315
39041,74,0.061069448
39041,75,0.059982587
39041,76,0.06100629
39041,77,0.057753235
39041,78,0.058416616
39041,79,0.05205484
39041,80,0.053063218
39041,81,0.052240796
39041,82,0.045514826
39041,83,0.044998504
39041,84,0.04059409
39041,85,0.039886605
39041,86,0.035795234
39041,87,0.032465585
39041,88,0.027118782
39041,89,0.022488778
39041,90,0.021447606
39041,91,0.019590296
39041,92,0.01589202
39041,93,0.015031731
39041,94,0.013321111
39041,95,0.013605226
39041,96,0.01345467
39041,97,0.013712811
39041,98,0.0108827455
39041,99,0.010620234
39041,100,0.009610327
39041,101,0.009620452
39041,102,0.009709907
39041,103,0.009679445
39041,104,0.00882724
39041,105,0.009159947
39041,106,0.009293355
39041,107,0.007861682
39041,108,0.0085816
39041,109,0.009122144
39041,110,0.009120619
39041,111,0.009655465
39041,112,0.010402697
39041,113,0.009766397
39041,114,0.009079965
39041,115,0.008355906
39041,116,0.007840934
39041,117,0.006607274
39041,118,0.006453007
39041,119,0.0058356426
39041,120,0.006929842
39041,121,0.0055095567
39041,122,0.0056310394
39041,123,0.0063035903
39041,124,0.0056801965
39041,125,0.0057421494
39041,126,0.0058084424
39041,127,0.00579161
39041,128,0.005422723
39041,129,0.0062923715
39041,130,0.00557593
39041,131,0.0052946466
39041,132,0.0051156976
39041,133,0.0048868097
39041,134,0.0039078062
39041,135,0.0030785322
39041,136,0.0028834583
39041,137,0.0026146823
39041,138,0.002165055
39041,139,0.0019895853
39041,140,0.0021125465
39041,141,0.0019473025
39041,142,0.0016907898
39041,143,0.0016023859
39041,144,0.0015184702
39041,145,0.0013793447
39041,146,0.0012896683
39041,147,0.0011325657
39041,148,0.00089672895
39041,149,0.0008866405
39041,150,0.00092334015
39041,151,0.00079569774
39041,152,0.0006262013
39041,153,0.0006309721
39041,154,0.0006384718
39041,155,0.0006167677
39041,156,0.000654949
39041,157,0.00064992247
39041,158,0.00064229657
39041,159,0.00055156025
39041,160,0.00041322267
39041,161,0.0003393863
39041,162,0.00032918135
39041,163,0.00024653788
39041,164,0.00020400005
39041,165,0.0001739655
39041,166,0.00012255531
39041,167,6.992736e-05
39041,168,7.4111056e-05
39041,169,9.885436e-05
39041,170,5.011237e-05
39041,171,5.7181984e-05
39041,172,4.0428677e-05
39041,173,4.6985668e-05
39041,174,5.689646e-05
39041,175,7.4229945e-05
39041,176,0.000105072606
39041,177,0.0001447133
39041,178,0.00018412221
39041,179,0.00018543853
39041,180,0.0002727221
39041,181,0.00022311225
39041,182,0.00016894436
39041,183,0.00017236004
39041,184,0.00013000354
39041,185,0.00011087472
39041,186,9.72751e-05
39041,187,6.120576e-05
39041,188,3.847714e-05
39041,189,3.1799853e-05
39041,190,3.3883607e-05
39041,191,3.5537152e-05
39041,192,1.6309055e-05
39041,193,1.5141001e-05
39041,194,1.7868619e-05
39041,195,2.5092751e-05
39041,196,2.5641195e-05
39041,197,3.5914712e-05
39041,198,3.148736e-05
39041,199,4.435022e-05
39041,200,5.4582055e-05
39041,201,0.00010142827
39041,202,0.00012575428
39041,203,0.00012917609
39041,204,0.00011287549
39041,205,0.00011477178
39041,206,0.000117778414
39041,207,9.545107e-05
39041,208,8.349726e-05
39041,209,5.3108233e-05
39041,210,5.363109e-05
39041,211,3.3022017e-05
39041,212,4.5667446e-05
39041,213,2.327528e-05
39041,214,3.639283e-05
39041,215,1.338506e-05
39043,73,0.03140762
39043,74,0.03055001
39043,75,0.028532919
39043,76,0.027743021
39043,77,0.027130332
39043,78,0.024969973
39043,79,0.026099645
39043,80,0.021640155
39043,81,0.020520465
39043,82,0.020495707
39043,83,0.01723409
39043,84,0.015991548
39043,85,0.014466448
39043,86,0.01167851
39043,87,0.010938277
39043,88,0.009290696
39043,89,0.009972066
39043,90,0.00941582
39043,91,0.00961211
39043,92,0.008112348
39043,93,0.0066545876
39043,94,0.0059810802
39043,95,0.0057308376
39043,96,0.0059569306
39043,97,0.005216925
39043,98,0.0053977296
39043,99,0.0054695336
39043,100,0.0052614096
39043,101,0.0053687254
39043,102,0.005021756
39043,103,0.0044292943
39043,104,0.004304619
39043,105,0.0041492567
39043,106,0.0039281473
39043,107,0.0033835298
39043,108,0.0025791614
39043,109,0.0024056775
39043,110,0.0021476229
39043,111,0.0021837333
39043,112,0.0025761453
39043,113,0.0022327348
39043,114,0.0022362014
39043,115,0.0018651324
39043,116,0.0019842426
39043,117,0.0017786702
39043,118,0.0013572478
39043,119,0.0016032229
39043,120,0.0021738089
39043,121,0.0022938997
39043,122,0.0015810399
39043,123,0.0025847852
39043,124,0.0026298342
39043,125,0.0031090647
39043,126,0.0020725238
39043,127,0.0021413916
39043,128,0.0020714097
39043,129,0.0017221345
39043,130,0.0016345507
39043,131,0.0016993204
39043,132,0.0013725748
39043,133,0.0013267341
39043,134,0.0010782174
39043,135,0.0009491039
39043,136,0.00088249444
39043,137,0.0007848027
39043,138,0.0008196696
39043,139,0.00068121334
39043,140,0.00054954353
39043,141,0.00046308426
39043,142,0.00050644274
39043,143,0.00041478753
39043,144,0.00023686777
39043,145,0.00023006645
39043,146,0.00016658736
39043,147,0.0001576533
39043,148,0.00015959788
39043,149,0.00020339803
39043,150,0.00015891308
39043,151,0.00018732464
39043,152,0.000256025
39043,153,0.00019749741
39043,154,0.00021516926
39043,155,0.00016050617
39043,156,0.00015198294
39043,157,0.00013459219
39043,158,0.00018315134
39043,159,0.00019341077
39043,160,0.00021509643
39043,161,0.00020064085
39043,162,0.00011206772
39043,163,7.339034e-05
39043,164,6.3134496e-05
39043,165,7.764854e-05
39043,166,8.396659e-05
39043,167,3.059404e-05
39043,168,1.6985166e-05
39043,169,2.453629e-05
39043,170,2.5788459e-05
39043,171,1.335399e-05
39043,172,1.0104245e-05
39043,173,5.9798717e-06
39043,174,7.245811e-06
39043,175,1.6271932e-05
39043,176,1.750076e-05
39043,177,4.0742776e-05
39043,178,5.167485e-05
39043,179,5.5791745e-05
39043,180,4.009388e-05
39043,181,3.6901034e-05
39043,182,1.6802112e-05
39043,183,1.2829347e-05
39043,184,7.71886e-06
39043,185,3.8815856e-06
39043,186,3.6178074e-06
39043,187,4.2543047e-07
39043,188,0.0
39043,189,0.0
39043,190,0.0
39043,191,0.0
39043,192,0.0
39043,193,0.0
39043,194,0.0
39043,195,0.0
39043,196,0.0
39043,197,0.0
39043,198,0.0
39043,199,0.0
39043,200,1.975391e-06
39043,201,1.2447736e-05
39043,202,1.669433e-05
39043,203,1.7291752e-05
39043,204,1.608433e-05
39043,205,1.5697395e-05
39043,206,1.9445648e-05
39043,207,1.7033877e-05
39043,208,2.4393248e-06
39043,209,1.6900996e-06
39043,210,2.0188174e-06
39043,211,2.6793723e-06
39043,212,9.626468e-07
39043,213,4.436099e-07
39043,214,2.0326013e-07
39043,215,2.0790858e-09
39047,73,0.008214861
39047,74,0.00795573
39047,75,0.007358632
39047,76,0.007173222
39047,77,0.0077339034
39047,78,0.0072869705
39047,79,0.006559701
39047,80,0.0056677745
39047,81,0.0043382724
39047,82,0.0043373317
39047,83,0.0044645034
39047,84,0.0042388043
39047,85,0.0038801858
39047,86,0.0036014738
39047,87,0.003291953
39047,88,0.0029814497
39047,89,0.0021353539
39047,90,0.002071222
39047,91,0.0019457575
39047,92,0.0019216738
39047,93,0.0017612354
39047,94,0.0013180438
39047,95,0.0012481932
39047,96,0.0011611488
39047,97,0.0011192248
39047,98,0.0009701806
39047,99,0.0008624732
39047,100,0.00073864916
39047,101,0.0007278048
39047,102,0.00069646677
39047,103,0.0006736369
39047,104,0.0007180746
39047,105,0.00070359727
39047,106,0.0008886663
39047,107,0.0005615386
39047,108,0.0011933396
39047,109,0.0031831043
39047,110,0.0047025084
39047,111,0.004642077
39047,112,0.0043678037
39047,113,0.0064606713
39047,114,0.0042834994
39047,115,0.0033245152
39047,116,0.002092948
39047,117,0.0008037533
39047,118,0.00072646554
39047,119,0.0012364648
39047,120,0.0006650365
39047,121,0.0011485241
39047,122,0.0007765477
39047,123,0.0006236419
39047,124,0.00092018046
39047,125,0.0028788098
39047,126,0.0041651893
39047,127,0.002846993
39047,128,0.0032031208
39047,129,0.0029688065
39047,130,0.0029207347
39047,131,0.0023863865
39047,132,0.0017547149
39047,133,0.002089559
39047,134,0.0014977425
39047,135,0.0013821479
39047,136,0.0010399766
39047,137,0.0011179683
39047,138,0.0006581514
39047,139,0.0005827907
39047,140,0.0006162362
39047,141,0.0008161044
39047,142,0.0005749316
39047,143,0.00044487976
39047,144,0.00047459954
39047,145,0.0006141152
39047,146,0.00055990694
39047,147,0.00038084213
39047,148,0.00025279363
39047,149,0.00017943591
39047,150,0.00027314495
39047,151,0.00025469402
39047,152,0.00028856416
39047,153,0.00038738412
39047,154,0.0002481977
39047,155,0.00021360183
39047,156,0.0001658105
39047,157,0.00016996887
39047,158,0.00017615528
39047,159,0.00014764298
39047,160,0.000115533476
39047,161,5.451472e-05
39047,162,6.566315e-05
39047,163,4.4111428e-05
39047,164,2.4936671e-05
39047,165,1.6782404e-05
39047,166,3.1297277e-05
39047,167,2.6957565e-05
39047,168,1.0082179e-05
39047,169,1.2257463e-05
39047,170,7.2183884e-06
39047,171,7.409369e-06
39047,172,3.7355971e-06
39047,173,8.2439765e-06
39047,174,2.091947e-05
39047,175,2.2096745e-05
39047,176,2.8236358e-05
39047,177,6.343724e-05
39047,178,8.439344e-05
39047,179,7.3814066e-05
39047,180,7.1800525e-05
39047,181,8.5852735e-05
39047,182,7.395873e-05
39047,183,0.000113698974
39047,184,5.285508e-05
39047,185,4.0417952e-05
39047,186,2.3317107e-05
39047,187,9.323091e-06
39047,188,9.305636e-06
39047,189,6.221824e-06
39047,190,9.903462e-06
39047,191,5.8392648e-06
39047,192,0.0001113149
39047,193,1.1008034e-05
39047,194,1.0083245e-05
39047,195,1.33586e-05
39047,196,1.873765e-05
39047,197,1.2305626e-05
39047,198,1.40527445e-05
39047,199,2.3690482e-05
39047,200,3.1885225e-05
39047,201,3.6912385e-05
39047,202,5.015378e-05
39047,203,4.8901493e-05
39047,204,6.976725e-05
39047,205,8.3453335e-05
39047,206,6.710064e-05
39047,207,7.185239e-05
39047,208,5.920263e-05
39047,209,4.372131e-05
39047,210,3.4371693e-05
39047,211,1.858464e-05
39047,212,1.687871e-05
39047,213,1.1927438e-05
39047,214,1.3731372e-05
39047,215,8.398874e-06
39057,73,0.028314289
39057,74,0.027188046
39057,75,0.025902914
39057,76,0.025279284
39057,77,0.02150666
39057,78,0.020593068
39057,79,0.017478168
39057,80,0.0179466
39057,81,0.014803672
39057,82,0.012690868
39057,83,0.011843264
39057,84,0.010471002
39057,85,0.008571857
39057,86,0.00821913
39057,87,0.007852078
39057,88,0.005998729
39057,89,0.0061149425
39057,90,0.006246085
39057,91,0.00556821
39057,92,0.0053084563
39057,93,0.005384327
39057,94,0.0052069654
39057,95,0.00482631
39057,96,0.0050624483
39057,97,0.004568586
39057,98,0.0043675844
39057,99,0.0036734366
39057,100,0.0027332094
39057,101,0.0028054775
39057,102,0.0026344967
39057,103,0.002523657
39057,104,0.0022527205
39057,105,0.0022100208
39057,106,0.0024492124
39057,107,0.0026463459
39057,108,0.0038415683
39057,109,0.0044108666
39057,110,0.006113216
39057,111,0.005469203
39057,112,0.0047209095
39057,113,0.00530967
39057,114,0.005444897
39057,115,0.0049542654
39057,116,0.003916859
39057,117,0.0037340461
39057,118,0.002625551
39057,119,0.0026317718
39057,120,0.002224289
39057,121,0.0024229062
39057,122,0.0029058224
39057,123,0.0026482502
39057,124,0.00322346
39057,125,0.0028128969
39057,126,0.0027051962
39057,127,0.0030790325
39057,128,0.00316015
39057,129,0.0029480525
39057,130,0.003030081
39057,131,0.0027903062
39057,132,0.0024017459
39057,133,0.0020865991
39057,134,0.0024319184
39057,135,0.0015644429
39057,136,0.0012325123
39057,137,0.00092298747
39057,138,0.00096099987
39057,139,0.00075351214
39057,140,0.00079683657
39057,141,0.00090392574
39057,142,0.00073362055
39057,143,0.00070276944
39057,144,0.0006156404
39057,145,0.00054856454
39057,146,0.0003124835
39057,147,0.00022643218
39057,148,0.00021695792
39057,149,0.00016652094
39057,150,0.0001029535
39057,151,0.00014359702
39057,152,0.0001817582
39057,153,0.00019914759
39057,154,0.00025646258
39057,155,0.00022219901
39057,156,0.00016521511
39057,157,0.00015069467
39057,158,0.00016623852
39057,159,0.00015666292
39057,160,0.00012063851
39057,161,7.7000324e-05
39057,162,9.502817e-05
39057,163,7.544913e-05
39057,164,4.68811e-05
39057,165,4.719312e-05
39057,166,2.058624e-05
39057,167,2.1536967e-05
39057,168,2.815606e-05
39057,169,1.9410998e-05
39057,170,7.3714587e-06
39057,171,1.115524e-05
39057,172,6.155076e-06
39057,173,1.1205308e-05
39057,174,8.861947e-06
39057,175,2.4031171e-05
39057,176,4.08379e-05
39057,177,6.270214e-05
39057,178,7.4601805e-05
39057,179,5.7505622e-05
39057,180,6.928177e-05
39057,181,5.7474263e-05
39057,182,7.675711e-05
39057,183,5.9461134e-05
39057,184,6.433186e-05
39057,185,5.0431798e-05
39057,186,2.4938341e-05
39057,187,2.2827759e-05
39057,188,1.2596016e-05
39057,189,7.0806436e-06
39057,190,5.9387567e-06
39057,191,2.6384764e-06
39057,192,2.8988003e-07
39057,193,0.0
39057,194,6.4028974e-08
39057,195,2.3440035e-07
39057,196,7.9492844e-07
39057,197,2.715511e-07
39057,198,3.3978614e-07
39057,199,1.1637034e-06
39057,200,7.509886e-06
39057,201,1.48373765e-05
39057,202,3.1948784e-05
39057,203,3.5694356e-05
39057,204,3.7018726e-05
39057,205,3.291948e-05
39057,206,1.9804891e-05
39057,207,1.855729e-05
39057,208,1.9212666e-05
39057,209,8.967973e-06
39057,210,1.8254332e-05
39057,211,1.3144495e-05
39057,212,4.358533e-06
39057,213,1.3004677e-06
39057,214,3.0215083e-06
39057,215,6.9624806e-10
39067,73,0.22619882
39067,74,0.22188152
39067,75,0.22304082
39067,76,0.21605718
39067,77,0.22424513
39067,78,0.21619879
39067,79,0.21547222
39067,80,0.20687482
39067,81,0.20170957
39067,82,0.19668603
39067,83,0.18278082
39067,84,0.16842787
39067,85,0.16117515
39067,86,0.16359167
39067,87,0.16341741
39067,88,0.146837
39067,89,0.1463416
39067,90,0.14857584
39067,91,0.14230298
39067,92,0.10551828
39067,93,0.1048211
39067,94,0.08744634
39067,95,0.08766287
39067,96,0.09314185
39067,97,0.09704576
39067,98,0.078576475
39067,99,0.07811276
39067,100,0.07670135
39067,101,0.07377932
39067,102,0.07831236
39067,103,0.066608675
39067,104,0.062467817
39067,105,0.05619064
39067,106,0.06317359
39067,107,0.052882187
39067,108,0.051697467
39067,109,0.05044512
39067,110,0.04661128
39067,111,0.04452157
39067,112,0.03443359
39067,113,0.027892463
39067,114,0.029287007
39067,115,0.026761737
39067,116,0.0215517
39067,117,0.0212297
39067,118,0.019982632
39067,119,0.01996168
39067,120,0.020314608
39067,121,0.02053274
39067,122,0.019964706
39067,123,0.020562243
39067,124,0.020450464
39067,125,0.026791139
39067,126,0.029470703
39067,127,0.031531412
39067,128,0.030714586
39067,129,0.028795697
39067,130,0.025194583
39067,131,0.026096655
39067,132,0.023566969
39067,133,0.017773654
39067,134,0.01615033
39067,135,0.010179283
39067,136,0.009408465
39067,137,0.007279573
39067,138,0.0063623874
39067,139,0.0054983743
39067,140,0.0065750713
39067,141,0.0055136983
39067,142,0.0064469036
39067,143,0.0069655585
39067,144,0.006494655
39067,145,0.0069198823
39067,146,0.005788245
39067,147,0.005793425
39067,148,0.00525593
39067,149,0.0053947745
39067,150,0.0047088643
39067,151,0.0036076563
39067,152,0.00323536
39067,153,0.002539069
39067,154,0.002428084
39067,155,0.002894598
39067,156,0.0020596446
39067,157,0.0016748306
39067,158,0.0016383842
39067,159,0.0013476954
39067,160,0.0011359398
39067,161,0.00090854714
39067,162,0.00088964327
39067,163,0.0006913026
39067,164,0.0005374972
39067,165,0.0003855258
39067,166,0.00041884862
39067,167,0.00022854582
39067,168,0.0002565887
39067,169,0.00020432333
39067,170,0.00015773153
39067,171,0.00014780686
39067,172,0.00013846063
39067,173,0.00010089039
39067,174,0.00010630522
39067,175,0.00012334158
39067,176,0.00017551555
39067,177,0.00025181336
39067,178,0.00041927162
39067,179,0.0004830094
39067,180,0.00032240862
39067,181,0.00045210295
39067,182,0.00051472156
39067,183,0.00020273981
39067,184,0.00065567804
39067,185,0.00010164209
39067,186,0.00010475079
39067,187,5.233067e-05
39067,188,4.041161e-05
39067,189,1.3335256e-05
39067,190,1.6032562e-05
39067,191,4.8648544e-06
39067,192,1.3673157e-05
39067,193,1.0868471e-05
39067,194,1.3865824e-05
39067,195,1.9737445e-05
39067,196,1.5388094e-05
39067,197,1.2933709e-05
39067,198,9.323677e-06
39067,199,1.4582152e-05
39067,200,2.544783e-05
39067,201,7.072626e-05
39067,202,0.000206859
39067,203,0.00016286275
39067,204,8.5326225e-05
39067,205,9.2983886e-05
39067,206,0.000104842315
39067,207,7.6367454e-05
39067,208,6.633195e-05
39067,209,4.0937703e-05
39067,210,3.1349697e-05
39067,211,5.6340155e-06
39067,212,4.3922532e-06
39067,213,6.5834465e-06
39067,214,4.5660354e-06
39067,215,3.9276547e-06
39071,73,0.00040365438
39071,74,0.00033241944
39071,75,0.0002217872
39071,76,0.00014184865
39071,77,0.000116154275
39071,78,9.542549e-05
39071,79,0.00010801732
39071,80,0.00014423211
39071,81,0.00015586565
39071,82,0.00014503919
39071,83,0.00026930048
39071,84,0.00025986898
39071,85,0.00017503976
39071,86,0.00014233676
39071,87,8.762462e-05
39071,88,4.637406e-05
39071,89,3.5512257e-05
39071,90,4.1834854e-05
39071,91,4.3269818e-05
39071,92,1.7341848e-05
39071,93,1.3744237e-05
39071,94,1.2664319e-05
39071,95,1.062443e-05
39071,96,1.1663311e-05
39071,97,8.960152e-06
39071,98,1.0665539e-05
39071,99,9.5111145e-06
39071,100,1.29927885e-05
39071,101,1.5522255e-05
39071,102,1.01410415e-05
39071,103,1.7728267e-05
39071,104,2.1719108e-05
39071,105,7.9150544e-05
39071,106,6.42645e-05
39071,107,8.795826e-05
39071,108,0.0006657072
39071,109,0.0027107375
39071,110,0.004626761
39071,111,0.0045817173
39071,112,0.004247724
39071,113,0.0039157984
39071,114,0.0030835962
39071,115,0.0027392397
39071,116,0.0020484985
39071,117,0.0006256772
39071,118,0.0005775974
39071,119,0.00054585363
39071,120,0.0005194616
39071,121,0.0007174683
39071,122,0.0006918135
39071,123,0.0014991123
39071,124,0.00090333
39071,125,0.0011575862
39071,126,0.0011108873
39071,127,0.0012882088
39071,128,0.0011734153
39071,129,0.000574257
39071,130,0.00043386687
39071,131,0.00026609687
39071,132,0.00015943233
39071,133,0.00010103477
39071,134,0.00025414018
39071,135,3.34592e-05
39071,136,0.00018386696
39071,137,6.929913e-05
39071,138,4.0275994e-05
39071,139,1.4401732e-05
39071,140,1.7620702e-06
39071,141,2.5109171e-05
39071,142,2.939067e-06
39071,143,7.992964e-06
39071,144,0.0
39071,145,3.4812913e-07
39071,146,8.424337e-07
39071,147,2.985169e-06
39071,148,8.9096875e-06
39071,149,6.037052e-07
39071,150,9.289904e-06
39071,151,1.9037114e-05
39071,152,1.8042689e-05
39071,153,2.7238913e-05
39071,154,1.63641e-05
39071,155,1.7474764e-05
39071,156,9.268217e-06
39071,157,8.873154e-06
39071,158,1.9932165e-06
39071,159,7.713422e-06
39071,160,4.165155e-06
39071,161,5.020943e-06
39071,162,1.752638e-05
39071,163,3.3993897e-06
39071,164,0.0
39071,165,0.0
39071,166,0.0
39071,167,0.0
39071,168,1.8931482e-06
39071,169,7.1940934e-07
39071,170,5.8014393e-07
39071,171,1.9899712e-06
39071,172,0.0
39071,173,4.9910316e-09
39071,174,9.8863104e-08
39071,175,2.5330846e-06
39071,176,6.0162715e-06
39071,177,1.2498767e-05
39071,178,9.8194405e-06
39071,179,1.1054439e-05
39071,180,8.431961e-06
39071,181,2.0573523e-05
39071,182,7.3315045e-06
39071,183,9.815977e-06
39071,184,8.799279e-06
39071,185,6.70532e-06
39071,186,8.566877e-06
39071,187,4.1890853e-06
39071,188,4.0927525e-06
39071,189,1.4190198e-06
39071,190,7.669795e-07
39071,191,3.180552e-07
39071,192,2.0450635e-07
39071,193,3.165795e-07
39071,194,3.363457e-06
39071,195,1.918519e-06
39071,196,5.2244172e-06
39071,197,1.0670007e-06
39071,198,1.5295449e-06
39071,199,3.6893375e-06
39071,200,4.3597083e-06
39071,201,1.3112805e-05
39071,202,1.9145584e-05
39071,203,1.9246276e-05
39071,204,2.3965134e-05
39071,205,2.4778521e-05
39071,206,1.682527e-05
39071,207,1.684834e-05
39071,208,9.753156e-06
39071,209,8.750267e-06
39071,210,7.4337054e-06
39071,211,1.1096622e-05
39071,212,3.2828798e-06
39071,213,2.5251318e-06
39071,214,2.5515403e-06
39071,215,6.318325e-07
39079,73,0.0054436657
39079,74,0.0050529703
39079,75,0.0045033335
39079,76,0.0045316196
39079,77,0.00424545
39079,78,0.003384609
39079,79,0.003101248
39079,80,0.0031271349
39079,81,0.0035171476
39079,82,0.0027207334
39079,83,0.002933404
39079,84,0.0024807793
39079,85,0.002363159
39079,86,0.0025448764
39079,87,0.0019206007
39079,88,0.0013728923
39079,89,0.0012961125
39079,90,0.0014224222
39079,91,0.0011382491
39079,92,0.0009800196
39079,93,0.00086842757
39079,94,0.00071808434
39079,95,0.0006023237
39079,96,0.0006204818
39079,97,0.0005110612
39079,98,0.0004749066
39079,99,0.00037028265
39079,100,0.00026447684
39079,101,0.00023261356
39079,102,0.00026616192
39079,103,0.00025898305
39079,104,0.00026152463
39079,105,0.0002552457
39079,106,0.00027857212
39079,107,0.0004937344
39079,108,0.00036487935
39079,109,0.0006027534
39079,110,0.0009060647
39079,111,0.0014798467
39079,112,0.0013824803
39079,113,0.001973893
39079,114,0.0016826213
39079,115,0.0010895518
39079,116,0.003550403
39079,117,0.0017208137
39079,118,0.001415919
39079,119,0.001108745
39079,120,0.0010293794
39079,121,0.0006708299
39079,122,0.001142809
39079,123,0.0012676764
39079,124,0.0011955131
39079,125,0.0010323842
39079,126,0.0014796652
39079,127,0.0020155145
39079,128,0.0017035409
39079,129,0.002064834
39079,130,0.0016771975
39079,131,0.0013813461
39079,132,0.0011589656
39079,133,0.0010019937
39079,134,0.0011205457
39079,135,0.0013331072
39079,136,0.0015832515
39079,137,0.0012497794
39079,138,0.00074334705
39079,139,0.0009773454
39079,140,0.0005503108
39079,141,0.00060606125
39079,142,0.0006275988
39079,143,0.0006949305
39079,144,0.00065708486
39079,145,0.0004779992
39079,146,0.0005913064
39079,147,0.0006343941
39079,148,0.000802796
39079,149,0.0007643805
39079,150,0.00053295214
39079,151,0.0003708388
39079,152,0.00045879663
39079,153,0.00056450284
39079,154,0.00053421495
39079,155,0.00048194377
39079,156,0.0007142889
39079,157,0.0007054501
39079,158,0.0005905862
39079,159,0.00041521722
39079,160,0.0005286657
39079,161,0.0003505215
39079,162,0.00020850838
39079,163,0.000121012316
39079,164,5.8872956e-05
39079,165,7.810387e-05
39079,166,7.266256e-05
39079,167,6.603209e-05
39079,168,7.103713e-05
39079,169,3.5647932e-05
39079,170,2.1091464e-05
39079,171,2.501486e-05
39079,172,1.9814172e-05
39079,173,2.4326877e-05
39079,174,3.0773255e-05
39079,175,3.567774e-05
39079,176,5.3025422e-05
39079,177,7.509017e-05
39079,178,9.1440226e-05
39079,179,0.00010087367
39079,180,8.3515064e-05
39079,181,6.7736946e-05
39079,182,0.00013734447
39079,183,7.682744e-05
39079,184,0.00012661844
39079,185,4.488581e-05
39079,186,2.9265966e-05
39079,187,1.5448231e-05
39079,188,1.1458364e-05
39079,189,8.923677e-06
39079,190,6.9903685e-06
39079,191,6.0574807e-06
39079,192,5.7789425e-06
39079,193,7.750049e-07
39079,194,1.3533064e-06
39079,195,5.209513e-06
39079,196,3.7563348e-06
39079,197,4.5584457e-06
39079,198,3.6902834e-06
39079,199,5.8760575e-06
39079,200,1.7347204e-05
39079,201,4.4744564e-05
39079,202,4.9235343e-05
39079,203,6.798349e-05
39079,204,5.663217e-05
39079,205,6.43766e-05
39079,206,7.156626e-05
39079,207,7.9505735e-05
39079,208,7.068221e-05
39079,209,8.173271e-05
39079,210,6.0069477e-05
39079,211,4.624096e-05
39079,212,2.7511986e-05
39079,213,1.664781e-05
39079,214,9.165299e-06
39079,215,2.4500207e-06
39083,73,0.23971604
39083,74,0.22261113
39083,75,0.21890172
39083,76,0.21011
39083,77,0.20949525
39083,78,0.21005596
39083,79,0.21187735
39083,80,0.22058411
39083,81,0.22405538
39083,82,0.19541453
39083,83,0.18416703
39083,84,0.18113929
39083,85,0.1777728
39083,86,0.17437443
39083,87,0.16567184
39083,88,0.15387823
39083,89,0.15636772
39083,90,0.15374291
39083,91,0.11306074
39083,92,0.097231135
39083,93,0.0959102
39083,94,0.081598245
39083,95,0.07847883
39083,96,0.07172717
39083,97,0.05935213
39083,98,0.05868031
39083,99,0.05598731
39083,100,0.057155624
39083,101,0.05246143
39083,102,0.04688398
39083,103,0.044496484
39083,104,0.044830553
39083,105,0.040074535
39083,106,0.0407657
39083,107,0.046702303
39083,108,0.06786574
39083,109,0.069603205
39083,110,0.065995045
39083,111,0.065977424
39083,112,0.06313384
39083,113,0.057526685
39083,114,0.061065905
39083,115,0.04860688
39083,116,0.045694474
39083,117,0.04417247
39083,118,0.04149425
39083,119,0.041359995
39083,120,0.041745864
39083,121,0.041274197
39083,122,0.040597063
39083,123,0.047693178
39083,124,0.044866666
39083,125,0.05426242
39083,126,0.047301758
39083,127,0.046890277
39083,128,0.037929107
39083,129,0.036655355
39083,130,0.03739844
39083,131,0.03518775
39083,132,0.024884036
39083,133,0.024368301
39083,134,0.017432502
39083,135,0.01392368
39083,136,0.009811827
39083,137,0.008978097
39083,138,0.007588136
39083,139,0.0067141727
39083,140,0.0053369873
39083,141,0.00496521
39083,142,0.0043811738
39083,143,0.004527874
39083,144,0.0042666285
39083,145,0.0040898323
39083,146,0.0037075535
39083,147,0.0037274184
39083,148,0.003972093
39083,149,0.003475102
39083,150,0.0032883903
39083,151,0.0030600624
39083,152,0.0028463209
39083,153,0.0027576273
39083,154,0.0022370324
39083,155,0.0017869524
39083,156,0.001597046
39083,157,0.0016733268
39083,158,0.0015994591
39083,159,0.0012454235
39083,160,0.0011898371
39083,161,0.0011013962
39083,162,0.0010660207
39083,163,0.00068886497
39083,164,0.00057858624
39083,165,0.00043918713
39083,166,0.00044751848
39083,167,0.00041070118
39083,168,0.00038802242
39083,169,0.00037905495
39083,170,0.00039520406
39083,171,0.0003326524
39083,172,0.00024537128
39083,173,0.0002075471
39083,174,0.00021352539
39083,175,0.0002622719
39083,176,0.00031129218
39083,177,0.00028621222
39083,178,0.0003124368
39083,179,0.00033069216
39083,180,0.0002092894
39083,181,0.0001829814
39083,182,0.00019296708
39083,183,0.00015063795
39083,184,0.00011763982
39083,185,9.922677e-05
39083,186,8.1519865e-05
39083,187,4.3465865e-05
39083,188,5.2137013e-05
39083,189,3.604441e-05
39083,190,3.755581e-05
39083,191,3.955868e-05
39083,192,3.8420276e-05
39083,193,2.757645e-05
39083,194,3.8201637e-05
39083,195,4.3457127e-05
39083,196,3.7979455e-05
39083,197,4.917408e-05
39083,198,4.738377e-05
39083,199,7.153242e-05
39083,200,9.2552815e-05
39083,201,0.00013903162
39083,202,0.00020223399
39083,203,0.00021901875
39083,204,0.00022094676
39083,205,0.0001761442
39083,206,0.0001860241
39083,207,0.00011385694
39083,208,9.774714e-05
39083,209,6.574906e-05
39083,210,6.006693e-05
39083,211,3.7267026e-05
39083,212,3.011346e-05
39083,213,1.3959561e-05
39083,214,1.7839695e-05
39083,215,9.1763395e-06
42001,73,0.0057020057
42001,74,0.005056715
42001,75,0.004788762
42001,76,0.0032219817
42001,77,0.0023194526
42001,78,0.0019370593
42001,79,0.0018993787
42001,80,0.002341121
42001,81,0.00231654
42001,82,0.001707923
42001,83,0.0017171392
42001,84,0.0016744705
42001,85,0.0017409765
42001,86,0.0011272951
42001,87,0.001148328
42001,88,0.0008032964
42001,89,0.0013361064
42001,90,0.0013894443
42001,91,0.00057522376
42001,92,0.00053837086
42001,93,0.00045896086
42001,94,0.00023095978
42001,95,0.000170208
42001,96,0.00020939644
42001,97,0.0001810723
42001,98,0.00011214137
42001,99,0.00013859216
42001,100,0.00015434767
42001,101,0.00017208929
42001,102,0.00014878632
42001,103,0.00023308568
42001,104,6.697656e-05
42001,105,9.560543e-05
42001,106,5.7478097e-05
42001,107,0.0001086973
42001,108,0.0001260221
42001,109,6.930405e-05
42001,110,0.00013089339
42001,111,0.000117722164
42001,112,6.257046e-05
42001,113,4.989468e-05
42001,114,7.4731564e-05
42001,115,7.23556e-05
42001,116,3.0283745e-05
42001,117,4.1032574e-05
42001,118,1.0775495e-05
42001,119,0.0
42001,120,0.0
42001,121,0.0
42001,122,0.0
42001,123,1.2087252e-05
42001,124,0.0
42001,125,5.1774754e-05
42001,126,2.8404835e-05
42001,127,4.392337e-05
42001,128,5.0509057e-05
42001,129,5.4351916e-05
42001,130,8.555258e-05
42001,131,0.0001485635
42001,132,0.00077086815
42001,133,0.00049844023
42001,134,0.00081196165
42001,135,0.0007182428
42001,136,0.000417464
42001,137,0.00063297997
42001,138,0.00029435012
42001,139,0.0009106298
42001,140,0.0065865866
42001,141,0.010369946
42001,142,0.0070585986
42001,143,0.0063610706
42001,144,0.005238834
42001,145,0.0038722425
42001,146,0.002818138
42001,147,0.0030208426
42001,148,0.0034337104
42001,149,0.002961904
42001,150,0.0022704997
42001,151,0.0023185483
42001,152,0.002404643
42001,153,0.0017597558
42001,154,0.0017332799
42001,155,0.0015515302
42001,156,0.0013002246
42001,157,0.0011111842
42001,158,0.0010631144
42001,159,0.0005205962
42001,160,0.0004612726
42001,161,0.0005410865
42001,162,0.00048415098
42001,163,0.00046972625
42001,164,0.00030356657
42001,165,0.00012929566
42001,166,0.0001503812
42001,167,0.00020327033
42001,168,0.00014465488
42001,169,7.08471e-05
42001,170,9.75608e-05
42001,171,0.00013518635
42001,172,0.00015121055
42001,173,0.000114128125
42001,174,0.00017318311
42001,175,0.00020789399
42001,176,0.00023333401
42001,177,0.00015063427
42001,178,0.00017264088
42001,179,0.00021611883
42001,180,0.00018679396
42001,181,0.00012257851
42001,182,0.00010792273
42001,183,8.23033e-05
42001,184,0.00019120921
42001,185,5.5251843e-05
42001,186,6.9159156e-05
42001,187,3.490874e-05
42001,188,2.3428958e-05
42001,189,1.8258372e-05
42001,190,2.4136933e-05
42001,191,4.181524e-05
42001,192,4.054706e-05
42001,193,2.9208955e-05
42001,194,4.8543945e-05
42001,195,5.278455e-05
42001,196,4.4546137e-05
42001,197,3.731344e-05
42001,198,3.8323175e-05
42001,199,3.56523e-05
42001,200,4.7047444e-05
42001,201,9.374841e-05
42001,202,0.00011139503
42001,203,0.00010929073
42001,204,9.263408e-05
42001,205,8.64401e-05
42001,206,9.237989e-05
42001,207,6.424632e-05
42001,208,5.786979e-05
42001,209,5.5490273e-05
42001,210,4.1215277e-05
42001,211,3.410898e-05
42001,212,2.5974998e-05
42001,213,1.9198225e-05
42001,214,2.0983749e-05
42001,215,9.617211e-06
42003,73,0.14414346
42003,74,0.14483286
42003,75,0.13934371
42003,76,0.14115788
42003,77,0.12576164
42003,78,0.12841791
42003,79,0.12794627
42003,80,0.12780096
42003,81,0.12890793
42003,82,0.11923867
42003,83,0.110796966
42003,84,0.10439821
42003,85,0.10595228
42003,86,0.10429842
42003,87,0.08426638
42003,88,0.08547591
42003,89,0.07421544
42003,90,0.068724416
42003,91,0.059117254
42003,92,0.051739298
42003,93,0.04954581
42003,94,0.04794722
42003,95,0.04345318
42003,96,0.043338805
42003,97,0.04102828
42003,98,0.041064218
42003,99,0.038928166
42003,100,0.03810532
42003,101,0.037003223
42003,102,0.033578552
42003,103,0.033807755
42003,104,0.03278807
42003,105,0.031115506
42003,106,0.031380024
42003,107,0.030035917
42003,108,0.02893612
42003,109,0.026785573
42003,110,0.026502889
42003,111,0.025568614
42003,112,0.027532984
42003,113,0.02722011
42003,114,0.023170438
42003,115,0.022330578
42003,116,0.018328398
42003,117,0.0181211
42003,118,0.016204586
42003,119,0.016283391
42003,120,0.014024782
42003,121,0.01304813
42003,122,0.012463346
42003,123,0.011809456
42003,124,0.011629397
42003,125,0.009903975
42003,126,0.00861321
42003,127,0.009840459
42003,128,0.011239835
42003,129,0.008994043
42003,130,0.008856032
42003,131,0.010002102
42003,132,0.008003718
42003,133,0.0062716817
42003,134,0.0075698565
42003,135,0.006308954
42003,136,0.0057550245
42003,137,0.0065346067
42003,138,0.0056073633
42003,139,0.004202377
42003,140,0.0046263747
42003,141,0.0035300942
42003,142,0.0038506023
42003,143,0.003346428
42003,144,0.0030519348
42003,145,0.0026985083
42003,146,0.0026420334
42003,147,0.0024891947
42003,148,0.0021885163
42003,149,0.001827269
42003,150,0.0020019538
42003,151,0.0019289944
42003,152,0.0018725421
42003,153,0.0027289074
42003,154,0.002264778
42003,155,0.0021421404
42003,156,0.0021606411
42003,157,0.0018915159
42003,158,0.0017544721
42003,159,0.0014213108
42003,160,0.0012869267
42003,161,0.0009642793
42003,162,0.0007518194
42003,163,0.00037886386
42003,164,0.00036686962
42003,165,0.00021161238
42003,166,0.00018611782
42003,167,0.00016127214
42003,168,0.00017009345
42003,169,0.00015527307
42003,170,0.00014884172
42003,171,0.00012596132
42003,172,0.00013135068
42003,173,0.000103683815
42003,174,0.00010870357
42003,175,0.00015473364
42003,176,0.00035352004
42003,177,0.0005785534
42003,178,0.0005418612
42003,179,0.00051446114
42003,180,0.0004389784
42003,181,0.00033174065
42003,182,0.00032089048
42003,183,0.00020051863
42003,184,0.00017935768
42003,185,0.00015444304
42003,186,0.00011122907
42003,187,5.1605944e-05
42003,188,4.905619e-05
42003,189,3.8192884e-05
42003,190,4.962635e-05
42003,191,4.8790127e-05
42003,192,5.1061746e-05
42003,193,5.1958028e-05
42003,194,4.522404e-05
42003,195,4.744795e-05
42003,196,5.021292e-05
42003,197,5.7549707e-05
42003,198,5.242854e-05
42003,199,8.34654e-05
42003,200,0.0001277669
42003,201,0.00021313828
42003,202,0.00022410684
42003,203,0.00023973333
42003,204,0.00030200274
42003,205,0.0002957626
42003,206,0.0005187998
42003,207,0.0004455817
42003,208,0.00045984707
42003,209,0.0002922105
42003,210,0.00030911426
42003,211,0.00015613023
42003,212,5.2951636e-05
42003,213,5.0712442e-05
42003,214,5.8397538e-05
42003,215,3.0199802e-05
42011,73,6.293902e-05
42011,74,5.643408e-05
42011,75,2.8929591e-05
42011,76,3.1000836e-05
42011,77,1.0773615e-05
42011,78,0.0
42011,79,0.0002001572
42011,80,0.00033282643
42011,81,0.0016337282
42011,82,0.002155338
42011,83,0.002103538
42011,84,0.0033822758
42011,85,0.0019728618
42011,86,0.0022341423
42011,87,0.002278196
42011,88,0.0015475636
42011,89,0.00045953644
42011,90,0.00036054055
42011,91,0.00017985672
42011,92,0.00010751151
42011,93,7.9376834e-05
42011,94,6.759212e-05
42011,95,7.163766e-05
42011,96,4.764241e-05
42011,97,4.571209e-05
42011,98,3.8994807e-05
42011,99,6.401252e-05
42011,100,4.691542e-05
42011,101,6.2586434e-05
42011,102,6.2690306e-05
42011,103,0.00011290125
42011,104,6.1692364e-05
42011,105,6.813835e-05
42011,106,6.540269e-05
42011,107,6.492053e-05
42011,108,9.806568e-05
42011,109,9.919348e-05
42011,110,9.539212e-05
42011,111,0.00012126051
42011,112,9.434068e-05
42011,113,7.008428e-05
42011,114,5.9142887e-05
42011,115,3.5664933e-05
42011,116,3.1933047e-05
42011,117,2.5216326e-05
42011,118,3.5679663e-05
42011,119,3.7973095e-05
42011,120,4.359734e-05
42011,121,4.5084762e-05
42011,122,5.153558e-05
42011,123,2.454399e-05
42011,124,9.294372e-06
42011,125,2.3925428e-05
42011,126,3.2273027e-05
42011,127,4.8060992e-05
42011,128,3.1825413e-05
42011,129,6.025186e-05
42011,130,0.0014700238
42011,131,0.001341212
42011,132,0.0012950224
42011,133,0.0013782183
42011,134,0.001003319
42011,135,0.001216159
42011,136,0.0016133604
42011,137,0.0014688291
42011,138,0.0011156199
42011,139,0.0009014712
42011,140,0.0009854637
42011,141,0.0026361684
42011,142,0.0068065245
42011,143,0.0097231725
42011,144,0.0076414593
42011,145,0.0074739945
42011,146,0.0063853012
42011,147,0.0057571987
42011,148,0.005555514
42011,149,0.004443971
42011,150,0.0049364846
42011,151,0.0035366009
42011,152,0.0043418445
42011,153,0.002987786
42011,154,0.003151207
42011,155,0.0030588086
42011,156,0.0028822527
42011,157,0.0026332429
42011,158,0.0027319288
42011,159,0.002246639
42011,160,0.0018810142
42011,161,0.002139587
42011,162,0.0015029062
42011,163,0.0015692654
42011,164,0.0011531424
42011,165,0.0010352364
42011,166,0.00067609217
42011,167,0.0005442276
42011,168,0.00027424868
42011,169,0.00020761536
42011,170,0.00018150109
42011,171,0.00019548564
42011,172,0.00028456005
42011,173,0.00014911713
42011,174,0.00014429519
42011,175,0.00017134087
42011,176,0.00021680519
42011,177,0.00020978271
42011,178,0.00026372256
42011,179,0.00023992494
42011,180,0.00023968295
42011,181,0.00029705916
42011,182,0.00023673632
42011,183,0.00020644524
42011,184,0.00025597343
42011,185,0.0002153068
42011,186,0.0001677359
42011,187,0.000109133194
42011,188,5.4488395e-05
42011,189,6.0129918e-05
42011,190,5.2722036e-05
42011,191,4.2979715e-05
42011,192,1.9707173e-05
42011,193,1.8440904e-05
42011,194,1.1149557e-05
42011,195,1.5727808e-05
42011,196,1.3665516e-05
42011,197,1.497258e-05
42011,198,1.607494e-05
42011,199,2.8358692e-05
42011,200,3.4389028e-05
42011,201,6.337327e-05
42011,202,8.9112866e-05
42011,203,8.163102e-05
42011,204,5.9450907e-05
42011,205,6.057769e-05
42011,206,5.1559517e-05
42011,207,3.0861716e-05
42011,208,2.191419e-05
42011,209,2.1471893e-05
42011,210,3.5835383e-05
42011,211,2.4998322e-05
42011,212,2.2888524e-05
42011,213,2.6719624e-06
42011,214,2.1250723e-06
42011,215,2.6914615e-06
42017,73,7.047181e-05
42017,74,6.309888e-05
42017,75,0.00011123031
42017,76,6.808025e-05
42017,77,3.5145076e-05
42017,78,6.197452e-05
42017,79,6.454296e-05
42017,80,4.5329456e-05
42017,81,0.00026951625
42017,82,0.00025572197
42017,83,0.0003560899
42017,84,0.00040553638
42017,85,0.0006334886
42017,86,0.00032958688
42017,87,0.00028008618
42017,88,0.00053474715
42017,89,0.00056868495
42017,90,0.00041632968
42017,91,0.00016572728
42017,92,5.5133198e-05
42017,93,0.000119822806
42017,94,0.000106280735
42017,95,5.146151e-05
42017,96,6.5822045e-05
42017,97,5.441225e-05
42017,98,3.022889e-05
42017,99,1.6238739e-05
42017,100,2.2172439e-05
42017,101,2.8730197e-05
42017,102,1.7824646e-05
42017,103,2.8893686e-05
42017,104,4.5633547e-05
42017,105,5.2457493e-05
42017,106,7.1144554e-05
42017,107,8.803041e-05
42017,108,8.76491e-05
42017,109,7.1906376e-05
42017,110,0.00013479534
42017,111,8.9069e-05
42017,112,0.0001067684
42017,113,9.105164e-05
42017,114,4.1472038e-05
42017,115,5.1114042e-05
42017,116,2.939072e-05
42017,117,5.752299e-05
42017,118,5.8968093e-05
42017,119,5.5531375e-05
42017,120,1.9232362e-05
42017,121,1.0074589e-05
42017,122,2.4310418e-06
42017,123,1.28355805e-05
42017,124,2.0185455e-05
42017,125,5.0737002e-05
42017,126,4.9224975e-05
42017,127,0.00017579192
42017,128,0.00026513706
42017,129,0.00019048635
42017,130,0.00022825449
42017,131,0.00027751084
42017,132,0.0006654115
42017,133,0.00182515
42017,134,0.00039276236
42017,135,0.00019092007
42017,136,0.0004443003
42017,137,0.00039097274
42017,138,0.0005379865
42017,139,0.00051036937
42017,140,0.00043921868
42017,141,0.0008889572
42017,142,0.001978648
42017,143,0.0072637643
42017,144,0.014596377
42017,145,0.014213008
42017,146,0.014390808
42017,147,0.013535593
42017,148,0.013014912
42017,149,0.011804481
42017,150,0.010310355
42017,151,0.010515082
42017,152,0.009804672
42017,153,0.009131526
42017,154,0.0069488464
42017,155,0.006816822
42017,156,0.006331056
42017,157,0.0046161357
42017,158,0.0038720863
42017,159,0.0034969104
42017,160,0.002179885
42017,161,0.0023816985
42017,162,0.0019110901
42017,163,0.0018872368
42017,164,0.0016318477
42017,165,0.0016255514
42017,166,0.0015260708
42017,167,0.0014700992
42017,168,0.00075198396
42017,169,0.00079816097
42017,170,0.00080111914
42017,171,0.00067149766
42017,172,0.00060275703
42017,173,0.00048609494
42017,174,0.00040263735
42017,175,0.00051236496
42017,176,0.0006333163
42017,177,0.00063828565
42017,178,0.00067112356
42017,179,0.00062654214
42017,180,0.0007678793
42017,181,0.0008549426
42017,182,0.00085379835
42017,183,0.00055975304
42017,184,0.00039911654
42017,185,0.00042329927
42017,186,0.00044747224
42017,187,0.00032278252
42017,188,0.00025365438
42017,189,0.00023880947
42017,190,0.0002362756
42017,191,0.00018623147
42017,192,0.0001892112
42017,193,0.00016974707
42017,194,0.00017234232
42017,195,0.00016728193
42017,196,0.00017603465
42017,197,0.00014121583
42017,198,0.00015221129
42017,199,0.00019991868
42017,200,0.0002091031
42017,201,0.00023036232
42017,202,0.0002259664
42017,203,0.00018655941
42017,204,0.00018671517
42017,205,0.00022071858
42017,206,0.00021652678
42017,207,0.00053555996
42017,208,0.00056380115
42017,209,0.00061657693
42017,210,0.00056408835
42017,211,0.0004990941
42017,212,0.0004409521
42017,213,0.00039070158
42017,214,0.00041759806
42017,215,0.0004008096
42037,73,0.00045038827
42037,74,0.00031924297
42037,75,0.00020656492
42037,76,0.00012904717
42037,77,0.0007618566
42037,78,0.0014347349
42037,79,0.0024286038
42037,80,0.0021682358
42037,81,0.0020267577
42037,82,0.0014428127
42037,83,0.0011628309
42037,84,0.0018552042
42037,85,0.0011731369
42037,86,0.0008114757
42037,87,0.0008291249
42037,88,0.0006847683
42037,89,0.00031426095
42037,90,0.00017502028
42037,91,9.503588e-05
42037,92,3.9665876e-05
42037,93,0.0
42037,94,0.0
42037,95,0.0
42037,96,0.0
42037,97,0.0
42037,98,0.0
42037,99,0.0
42037,100,0.0
42037,101,0.0
42037,102,0.0
42037,103,0.0
42037,104,0.0
42037,105,0.0
42037,106,0.0
42037,107,1.6548324e-07
42037,108,6.2550475e-06
42037,109,3.371697e-05
42037,110,9.868082e-06
42037,111,1.3607875e-05
42037,112,1.1109979e-05
42037,113,2.0368478e-05
42037,114,2.0153215e-05
42037,115,1.7908013e-05
42037,116,1.966011e-05
42037,117,1.0789005e-05
42037,118,1.2474456e-05
42037,119,6.53251e-05
42037,120,3.642235e-05
42037,121,3.6425285e-05
42037,122,0.00019528407
42037,123,7.4266376e-05
42037,124,4.518346e-05
42037,125,2.9987124e-05
42037,126,8.9249064e-05
42037,127,7.511604e-05
42037,128,2.2622431e-05
42037,129,0.00031700678
42037,130,0.0004606039
42037,131,0.0005521339
42037,132,0.0004940888
42037,133,0.0007693587
42037,134,0.00057430885
42037,135,0.00046614307
42037,136,0.0006847309
42037,137,0.00033086634
42037,138,0.00041733606
42037,139,0.0006780378
42037,140,0.0024516394
42037,141,0.0027565842
42037,142,0.0054849344
42037,143,0.005590463
42037,144,0.006540173
42037,145,0.006776118
42037,146,0.006317904
42037,147,0.005432029
42037,148,0.004979921
42037,149,0.004120861
42037,150,0.0037391845
42037,151,0.0033873674
42037,152,0.0032459558
42037,153,0.0034209304
42037,154,0.003248029
42037,155,0.0025439262
42037,156,0.0027551586
42037,157,0.0023925044
42037,158,0.002391213
42037,159,0.0021411402
42037,160,0.0023452358
42037,161,0.0017856571
42037,162,0.0013495091
42037,163,0.0015739707
42037,164,0.0016733722
42037,165,0.0005151463
42037,166,0.00028260992
42037,167,0.0001265369
42037,168,0.00015041721
42037,169,2.415626e-05
42037,170,2.5484808e-06
42037,171,2.2821598e-06
42037,172,7.56994e-07
42037,173,1.3524076e-05
42037,174,9.794948e-06
42037,175,1.2295322e-05
42037,176,3.9042992e-05
42037,177,1.8754667e-05
42037,178,8.1334e-05
42037,179,6.744356e-05
42037,180,7.2252304e-05
42037,181,6.9734335e-05
42037,182,5.715362e-05
42037,183,6.9260386e-05
42037,184,4.081841e-05
42037,185,4.762055e-05
42037,186,3.0182704e-05
42037,187,2.3050625e-05
42037,188,3.891263e-06
42037,189,2.8998813e-06
42037,190,3.0872482e-06
42037,191,5.2547007e-06
42037,192,2.0120117e-06
42037,193,1.6150386e-06
42037,194,1.0574364e-06
42037,195,3.881426e-06
42037,196,4.2267015e-06
42037,197,3.8208204e-06
42037,198,3.6366098e-06
42037,199,5.362569e-06
42037,200,4.5817856e-06
42037,201,1.491443e-05
42037,202,2.9863078e-05
42037,203,1.6336184e-05
42037,204,1.5526295e-05
42037,205,1.4300373e-05
42037,206,2.2314405e-06
42037,207,1.3018064e-05
42037,208,1.1102337e-05
42037,209,4.939017e-06
42037,210,3.3209012e-06
42037,211,1.7638075e-06
42037,212,4.9309375e-07
42037,213,2.607296e-08
42037,214,2.4942183e-08
42037,215,0.0
42071,73,0.0002667964
42071,74,0.00036366566
42071,75,0.00035716261
42071,76,0.00027781393
42071,77,0.00019467782
42071,78,0.00012943208
42071,79,0.0004997091
42071,80,0.0004956896
42071,81,0.0010327345
42071,82,0.0014337267
42071,83,0.0010792089
42071,84,0.002103677
42071,85,0.0014750168
42071,86,0.0010473535
42071,87,0.00098421
42071,88,0.0009501517
42071,89,0.00040987
42071,90,0.00042424782
42071,91,0.00020688299
42071,92,0.0003192915
42071,93,0.00012148078
42071,94,0.00011551384
42071,95,9.885612e-05
42071,96,0.00015593368
42071,97,0.00014472114
42071,98,0.00012821394
42071,99,0.00010250535
42071,100,0.00013620603
42071,101,0.00011112684
42071,102,0.0001640544
42071,103,0.00018694617
42071,104,0.00014836475
42071,105,0.00017186301
42071,106,0.00033174668
42071,107,0.00013075731
42071,108,0.00010803987
42071,109,0.000173645
42071,110,0.00014159834
42071,111,0.00010541268
42071,112,0.00017923013
42071,113,0.00017038494
42071,114,0.00017988122
42071,115,0.00016315625
42071,116,0.00017910197
42071,117,0.00012492455
42071,118,0.00013303201
42071,119,0.00018372499
42071,120,9.806732e-05
42071,121,0.00038694555
42071,122,0.0004619752
42071,123,0.00043938085
42071,124,0.00051852537
42071,125,0.00046701092
42071,126,0.00047421746
42071,127,0.0005327722
42071,128,0.0005915617
42071,129,0.0004413071
42071,130,0.00029080446
42071,131,0.0005254773
42071,132,0.0006712576
42071,133,0.0011839053
42071,134,0.0011029983
42071,135,0.0010861915
42071,136,0.00080349966
42071,137,0.0013480685
42071,138,0.0006598366
42071,139,0.0009894451
42071,140,0.001495719
42071,141,0.014600681
42071,142,0.014832241
42071,143,0.015700964
42071,144,0.016275782
42071,145,0.014514894
42071,146,0.012528538
42071,147,0.009133908
42071,148,0.009046797
42071,149,0.00731736
42071,150,0.006801995
42071,151,0.007643605
42071,152,0.0061683976
42071,153,0.0049756914
42071,154,0.0051720375
42071,155,0.004473986
42071,156,0.004582138
42071,157,0.0030406965
42071,158,0.003515886
42071,159,0.0029702967
42071,160,0.0031820426
42071,161,0.0029752501
42071,162,0.00278151
42071,163,0.0025097646
42071,164,0.0023514745
42071,165,0.0009785414
42071,166,0.00027974462
42071,167,0.00032678928
42071,168,0.00012137871
42071,169,0.00014180601
42071,170,0.00015463373
42071,171,0.00012987708
42071,172,8.064698e-05
42071,173,8.6911816e-05
42071,174,6.6781e-05
42071,175,9.4873634e-05
42071,176,9.834473e-05
42071,177,0.0001182921
42071,178,0.00021110586
42071,179,0.00018670448
42071,180,0.00022136653
42071,181,0.00021355541
42071,182,0.00018521666
42071,183,0.00014328962
42071,184,0.000113193884
42071,185,0.0001364251
42071,186,0.00010293257
42071,187,7.476915e-05
42071,188,4.3890068e-05
42071,189,4.7219248e-05
42071,190,4.3948734e-05
42071,191,4.4951514e-05
42071,192,3.4892186e-05
42071,193,4.0610998e-05
42071,194,8.392436e-06
42071,195,7.0394885e-06
42071,196,1.0344829e-05
42071,197,1.4158408e-05
42071,198,1.3833525e-05
42071,199,1.837711e-05
42071,200,3.3055487e-05
42071,201,7.627358e-05
42071,202,7.744197e-05
42071,203,4.7029484e-05
42071,204,4.082257e-05
42071,205,4.3966593e-05
42071,206,3.8728715e-05
42071,207,2.4321338e-05
42071,208,1.0865478e-05
42071,209,2.0448917e-05
42071,210,1.405495e-05
42071,211,6.5167374e-06
42071,212,2.9488544e-06
42071,213,1.2726844e-06
42071,214,2.1355897e-06
42071,215,4.848393e-06
42073,73,0.05351389
42073,74,0.04673265
42073,75,0.047096886
42073,76,0.03978293
42073,77,0.040638834
42073,78,0.03793113
42073,79,0.034873802
42073,80,0.03534345
42073,81,0.0324517
42073,82,0.032153282
42073,83,0.028158674
42073,84,0.024226358
42073,85,0.023786884
42073,86,0.021682627
42073,87,0.01645309
42073,88,0.01472482
42073,89,0.013941365
42073,90,0.012805901
42073,91,0.010583244
42073,92,0.010417265
42073,93,0.0104512265
42073,94,0.008507442
42073,95,0.0080043515
42073,96,0.007790679
42073,97,0.006589793
42073,98,0.0062852306
42073,99,0.0064214873
42073,100,0.006188585
42073,101,0.006171859
42073,102,0.006304286
42073,103,0.006198879
42073,104,0.006309688
42073,105,0.0057368786
42073,106,0.005423155
42073,107,0.00475388
42073,108,0.0045557325
42073,109,0.003873022
42073,110,0.0037844
42073,111,0.0039787805
42073,112,0.003401318
42073,113,0.002679635
42073,114,0.002473661
42073,115,0.002225059
42073,116,0.0021106575
42073,117,0.0022344885
42073,118,0.0018085297
42073,119,0.001523286
42073,120,0.0013130717
42073,121,0.0012865305
42073,122,0.0013845039
42073,123,0.001328093
42073,124,0.0013914958
42073,125,0.0012202315
42073,126,0.00084743457
42073,127,0.0018285929
42073,128,0.0029127656
42073,129,0.0023325558
42073,130,0.002064248
42073,131,0.0023545905
42073,132,0.0023657475
42073,133,0.0018720037
42073,134,0.001656108
42073,135,0.0013472326
42073,136,0.001030331
42073,137,0.0012719971
42073,138,0.0009987468
42073,139,0.0012775629
42073,140,0.0013035374
42073,141,0.00087285286
42073,142,0.0007893695
42073,143,0.00085287134
42073,144,0.0007346922
42073,145,0.00044533363
42073,146,0.0005850585
42073,147,0.0004408193
42073,148,0.00049173227
42073,149,0.0004473858
42073,150,0.00029381667
42073,151,0.00032100346
42073,152,0.00040309195
42073,153,0.00036198995
42073,154,0.00070545106
42073,155,0.00061076693
42073,156,0.00052583724
42073,157,0.00037180667
42073,158,0.00036862746
42073,159,0.0002678476
42073,160,0.000278862
42073,161,0.00031761584
42073,162,0.00021130839
42073,163,0.00014857421
42073,164,0.00012981343
42073,165,6.1124345e-05
42073,166,7.6464254e-05
42073,167,9.989776e-05
42073,168,9.671428e-05
42073,169,8.737767e-05
42073,170,0.00014482682
42073,171,0.00011576926
42073,172,5.932995e-05
42073,173,3.9157454e-05
42073,174,4.8774327e-05
42073,175,6.555022e-05
42073,176,0.00012916533
42073,177,0.00016613815
42073,178,0.0020482913
42073,179,0.0017498941
42073,180,0.002584098
42073,181,0.00027703826
42073,182,0.00014026745
42073,183,0.000109333065
42073,184,8.014338e-05
42073,185,7.5764045e-05
42073,186,5.1684125e-05
42073,187,4.7179277e-05
42073,188,2.1504737e-05
42073,189,4.5905044e-06
42073,190,1.124607e-05
42073,191,3.0324175e-06
42073,192,2.0341704e-06
42073,193,1.1207629e-06
42073,194,4.5182123e-06
42073,195,8.8844e-07
42073,196,1.2181149e-06
42073,197,2.154959e-06
42073,198,3.55688e-05
42073,199,4.8187514e-05
42073,200,0.0001483828
42073,201,0.00014109725
42073,202,0.00016147383
42073,203,0.00016979095
42073,204,0.00017737909
42073,205,0.00024658538
42073,206,0.00017018993
42073,207,9.029364e-05
42073,208,8.4679916e-05
42073,209,8.980406e-05
42073,210,9.439064e-05
42073,211,5.4830354e-05
42073,212,5.6679106e-05
42073,213,5.8206824e-05
42073,214,5.7331366e-05
42073,215,5.4030825e-05
42087,73,0.011616339
42087,74,0.008324041
42087,75,0.008515361
42087,76,0.008026433
42087,77,0.010403024
42087,78,0.010678909
42087,79,0.010307891
42087,80,0.01303852
42087,81,0.0133835655
42087,82,0.014924906
42087,83,0.010992916
42087,84,0.012645072
42087,85,0.010998393
42087,86,0.010556781
42087,87,0.007737585
42087,88,0.007728373
42087,89,0.006142492
42087,90,0.00550667
42087,91,0.0039219465
42087,92,0.0016920072
42087,93,0.0015498846
42087,94,0.0007966756
42087,95,0.000710672
42087,96,0.00061193004
42087,97,0.0005436306
42087,98,0.0005369795
42087,99,0.0004160908
42087,100,0.00027634145
42087,101,6.85436e-05
42087,102,4.003592e-05
42087,103,8.709591e-05
42087,104,9.338188e-05
42087,105,0.00014028675
42087,106,0.00024578467
42087,107,0.00026624402
42087,108,0.0002687718
42087,109,0.00025613452
42087,110,0.00018695099
42087,111,0.0002867019
42087,112,0.00026381566
42087,113,0.00017870899
42087,114,0.00014458365
42087,115,9.317067e-05
42087,116,5.2517604e-05
42087,117,4.647916e-05
42087,118,1.3662437e-05
42087,119,5.117849e-06
42087,120,0.0
42087,121,0.0
42087,122,0.0
42087,123,0.0
42087,124,0.0
42087,125,0.0
42087,126,0.0
42087,127,0.0
42087,128,3.9131268e-05
42087,129,3.3901193e-05
42087,130,0.00033656842
42087,131,0.00013352126
42087,132,0.0009061094
42087,133,0.00052897295
42087,134,0.00040008166
42087,135,0.0005320814
42087,136,0.00083146006
42087,137,0.001376401
42087,138,0.001507598
42087,139,0.0016460919
42087,140,0.002585747
42087,141,0.0064120516
42087,142,0.008118589
42087,143,0.010792487
42087,144,0.010196193
42087,145,0.009204793
42087,146,0.010496374
42087,147,0.008955928
42087,148,0.0067153424
42087,149,0.0049270205
42087,150,0.004001387
42087,151,0.0034854875
42087,152,0.0042555104
42087,153,0.004428618
42087,154,0.0049127485
42087,155,0.0033062093
42087,156,0.0037033176
42087,157,0.0033793016
42087,158,0.0021483803
42087,159,0.0015933588
42087,160,0.0015905243
42087,161,0.001462358
42087,162,0.0012341301
42087,163,0.0012194433
42087,164,0.00094891735
42087,165,0.00035083556
42087,166,0.00018892073
42087,167,0.00015825185
42087,168,4.8342617e-06
42087,169,3.191315e-06
42087,170,9.61841e-07
42087,171,5.198513e-06
42087,172,1.9768215e-05
42087,173,2.2824011e-05
42087,174,1.2043711e-05
42087,175,3.4472614e-05
42087,176,2.8348284e-05
42087,177,4.8994156e-05
42087,178,7.362377e-05
42087,179,0.00013108147
42087,180,0.00015729586
42087,181,0.00014452402
42087,182,0.00013062006
42087,183,0.0001126795
42087,184,0.00013592733
42087,185,6.534469e-05
42087,186,3.352525e-05
42087,187,3.0485694e-06
42087,188,1.27173835e-05
42087,189,1.4403221e-07
42087,190,3.2884961e-06
42087,191,2.2385696e-07
42087,192,1.2606807e-06
42087,193,8.07364e-06
42087,194,4.622039e-06
42087,195,1.9063785e-06
42087,196,0.0
42087,197,6.4940156e-07
42087,198,3.4184875e-06
42087,199,9.809213e-06
42087,200,7.978668e-06
42087,201,4.2218464e-05
42087,202,4.7099194e-05
42087,203,5.1114763e-05
42087,204,4.833385e-05
42087,205,5.0123195e-05
42087,206,8.245586e-05
42087,207,0.00010915489
42087,208,7.278339e-05
42087,209,8.681701e-05
42087,210,4.1608073e-05
42087,211,1.42156305e-05
42087,212,1.0980484e-05
42087,213,6.186689e-06
42087,214,0.00027790002
42087,215,0.00026872868
42093,73,0.00012842026
42093,74,0.00011276709
42093,75,0.00016362859
42093,76,0.00013251526
42093,77,0.0001523947
42093,78,0.00013786023
42093,79,0.0003017125
42093,80,0.00023514118
42093,81,0.00043208787
42093,82,0.001018058
42093,83,0.0041926745
42093,84,0.002412941
42093,85,0.0030974387
42093,86,0.0020497718
42093,87,0.0014609079
42093,88,0.0005968828
42093,89,0.00030592998
42093,90,8.561142e-05
42093,91,6.1033526e-05
42093,92,5.1207844e-06
42093,93,1.8643548e-06
42093,94,4.2992983e-06
42093,95,2.949502e-07
42093,96,0.0
42093,97,0.0
42093,98,0.0
42093,99,0.0
42093,100,0.0
42093,101,0.0
42093,102,0.0
42093,103,0.0
42093,104,0.0
42093,105,0.0
42093,106,0.0
42093,107,1.2468257e-07
42093,108,2.264014e-05
42093,109,0.00011062688
42093,110,6.312936e-05
42093,111,0.00030530765
42093,112,0.0002686473
42093,113,0.00031082038
42093,114,0.00012251378
42093,115,0.00021014578
42093,116,9.819993e-05
42093,117,0.00017517006
42093,118,0.00015851561
42093,119,0.00019884181
42093,120,0.00010606372
42093,121,0.0001492861
42093,122,0.00045903915
42093,123,0.00039073735
42093,124,0.00010424846
42093,125,7.656941e-05
42093,126,0.000103716804
42093,127,0.0001406205
42093,128,0.0004589879
42093,129,0.00049397623
42093,130,0.0004896609
42093,131,0.0005593374
42093,132,0.00067509164
42093,133,0.0011704857
42093,134,0.001233592
42093,135,0.0006741359
42093,136,0.0006098633
42093,137,0.00059083285
42093,138,0.00048112785
42093,139,0.0014579594
42093,140,0.0015313877
42093,141,0.0010413646
42093,142,0.00082261435
42093,143,0.000439449
42093,144,0.00062115403
42093,145,0.000781849
42093,146,0.00034137565
42093,147,0.00018216188
42093,148,8.8059925e-05
42093,149,2.1025537e-05
42093,150,2.4793455e-05
42093,151,0.0
42093,152,0.0
42093,153,0.0
42093,154,0.0
42093,155,0.0
42093,156,0.0
42093,157,0.0
42093,158,6.9856146e-06
42093,159,1.3878201e-07
42093,160,2.4908017e-08
42093,161,0.0
42093,162,0.0
42093,163,0.0
42093,164,0.0
42093,165,0.0
42093,166,0.0
42093,167,0.0
42093,168,0.0
42093,169,0.0
42093,170,0.0
42093,171,0.0
42093,172,0.0
42093,173,0.0
42093,174,0.0
42093,175,0.0
42093,176,0.0
42093,177,1.3891199e-07
42093,178,2.5748524e-05
42093,179,3.7537714e-06
42093,180,0.0
42093,181,5.2684667e-05
42093,182,1.1129408e-05
42093,183,0.0
42093,184,0.0
42093,185,0.0
42093,186,4.115719e-10
42093,187,2.5777691e-08
42093,188,0.0
42093,189,0.0
42093,190,0.0
42093,191,0.0
42093,192,0.0
42093,193,0.0
42093,194,0.0
42093,195,0.0
42093,196,0.0
42093,197,0.0
42093,198,0.0
42093,199,0.0
42093,200,0.0
42093,201,3.6237435e-07
42093,202,2.5969005e-06
42093,203,2.9314315e-06
42093,204,2.6288799e-06
42093,205,9.123745e-06
42093,206,7.540481e-07
42093,207,5.1983406e-08
42093,208,0.0
42093,209,2.4887856e-07
42093,210,2.5734262e-06
42093,211,4.2892907e-06
42093,212,6.6975736e-06
42093,213,9.613981e-06
42093,214,9.17307e-06
42093,215,4.8891084e-06
42099,73,0.0006890333
42099,74,0.00082418066
42099,75,0.0007399418
42099,76,0.00038475855
42099,77,0.00058460305
42099,78,0.00052504876
42099,79,0.000546735
42099,80,0.0006150016
42099,81,0.00093329337
42099,82,0.0006098028
42099,83,0.00030610053
42099,84,0.00029563674
42099,85,0.0002799969
42099,86,0.00027379187
42099,87,0.00020773245
42099,88,0.00025441434
42099,89,0.00012456998
42099,90,7.607958e-05
42099,91,2.8745235e-05
42099,92,2.1499029e-05
42099,93,5.4810066e-06
42099,94,4.0744367e-06
42099,95,7.483521e-07
42099,96,4.51818e-06
42099,97,1.5596851e-06
42099,98,0.0
42099,99,0.0
42099,100,0.0
42099,101,0.0
42099,102,0.0
42099,103,0.0
42099,104,0.0
42099,105,4.535518e-06
42099,106,7.5802986e-06
42099,107,4.496467e-05
42099,108,5.089402e-05
42099,109,5.2305833e-05
42099,110,4.3375505e-05
42099,111,3.390057e-05
42099,112,4.3515614e-05
42099,113,6.008089e-05
42099,114,1.8119095e-05
42099,115,1.6933653e-05
42099,116,7.3786036e-06
42099,117,3.7942016e-06
42099,118,4.8877723e-07
42099,119,0.0
42099,120,0.0
42099,121,0.0
42099,122,3.056844e-07
42099,123,0.0
42099,124,0.0
42099,125,0.0
42099,126,0.0
42099,127,0.0
42099,128,1.7507944e-06
42099,129,2.4039464e-06
42099,130,1.5690957e-05
42099,131,2.1818776e-05
42099,132,4.985089e-05
42099,133,8.5927895e-05
42099,134,0.00012051626
42099,135,5.688637e-05
42099,136,7.862083e-05
42099,137,0.00015090664
42099,138,0.00037731265
42099,139,0.000532551
42099,140,0.0020803842
42099,141,0.003589719
42099,142,0.0043547503
42099,143,0.004249849
42099,144,0.00391989
42099,145,0.0038321705
42099,146,0.003108526
42099,147,0.0032458873
42099,148,0.0028061906
42099,149,0.0026270882
42099,150,0.0023816235
42099,151,0.0018188461
42099,152,0.0018558898
42099,153,0.0012208705
42099,154,0.001134447
42099,155,0.0011295265
42099,156,0.0010576549
42099,157,0.0008275042
42099,158,0.0006465053
42099,159,0.00037178397
42099,160,0.00024095831
42099,161,0.00017921666
42099,162,0.00011693452
42099,163,0.0001648022
42099,164,2.3840463e-05
42099,165,0.0
42099,166,0.0
42099,167,9.240294e-06
42099,168,3.1787857e-07
42099,169,5.2014057e-06
42099,170,0.0
42099,171,9.552386e-07
42099,172,3.7553277e-06
42099,173,4.6264217e-06
42099,174,3.259446e-06
42099,175,2.7162166e-06
42099,176,2.3333248e-06
42099,177,2.5679843e-05
42099,178,3.2335287e-05
42099,179,3.2513686e-05
42099,180,3.5286244e-05
42099,181,3.034815e-05
42099,182,7.0017195e-06
42099,183,3.5040882e-06
42099,184,1.3198886e-05
42099,185,1.0081339e-05
42099,186,4.0486684e-06
42099,187,3.1941997e-07
42099,188,0.0
42099,189,0.0
42099,190,0.0
42099,191,4.388218e-08
42099,192,0.0
42099,193,0.0
42099,194,0.0
42099,195,0.0
42099,196,0.0
42099,197,0.0
42099,198,0.0
42099,199,6.258936e-07
42099,200,2.6580403e-06
42099,201,1.3191087e-05
42099,202,1.0582252e-05
42099,203,2.3226277e-05
42099,204,2.0222544e-05
42099,205,1.5908498e-05
42099,206,9.723152e-06
42099,207,1.3710917e-05
42099,208,7.773605e-06
42099,209,3.4998566e-06
42099,210,5.2627556e-06
42099,211,2.8743523e-07
42099,212,9.358744e-07
42099,213,1.3940047e-06
42099,214,1.1683864e-05
42099,215,3.7086141e-07
42105,73,0.0014604065
42105,74,0.001394373
42105,75,0.0017112528
42105,76,0.0031432163
42105,77,0.004206872
42105,78,0.004500656
42105,79,0.006706773
42105,80,0.0074592736
42105,81,0.006907419
42105,82,0.0075431275
42105,83,0.0066450182
42105,84,0.0054505235
42105,85,0.0056921667
42105,86,0.0027508822
42105,87,0.0020560806
42105,88,0.0020031068
42105,89,0.0021045376
42105,90,0.0012545155
42105,91,0.00051533437
42105,92,0.00031496823
42105,93,0.00021310894
42105,94,0.000105580555
42105,95,0.00013457908
42105,96,0.00013837156
42105,97,5.8777954e-05
42105,98,4.2819065e-05
42105,99,0.00036902493
42105,100,0.00035177986
42105,101,0.00018782144
42105,102,0.00029067486
42105,103,5.6423643e-05
42105,104,0.0001113579
42105,105,0.00015585302
42105,106,0.0004086004
42105,107,0.0023937176
42105,108,0.0021918647
42105,109,0.004911463
42105,110,0.0076189945
42105,111,0.006773283
42105,112,0.00902588
42105,113,0.0101958765
42105,114,0.007987816
42105,115,0.006759705
42105,116,0.008341408
42105,117,0.009406962
42105,118,0.012888593
42105,119,0.011574712
42105,120,0.012413749
42105,121,0.011252955
42105,122,0.012675109
42105,123,0.010641217
42105,124,0.006773831
42105,125,0.006867927
42105,126,0.006044102
42105,127,0.009535903
42105,128,0.012844252
42105,129,0.011343584
42105,130,0.01243286
42105,131,0.010518922
42105,132,0.006662105
42105,133,0.006441205
42105,134,0.0057878685
42105,135,0.006404044
42105,136,0.0059106513
42105,137,0.004258293
42105,138,0.004731341
42105,139,0.0041035903
42105,140,0.0041567674
42105,141,0.0030917025
42105,142,0.0013523292
42105,143,0.0022043355
42105,144,0.0035611524
42105,145,0.0037955283
42105,146,0.0030719864
42105,147,0.002859103
42105,148,0.0040993188
42105,149,0.0035335098
42105,150,0.004287461
42105,151,0.0024436533
42105,152,0.0031490137
42105,153,0.0037623837
42105,154,0.0035966558
42105,155,0.0024345587
42105,156,0.0021369595
42105,157,0.0019389873
42105,158,0.0014134599
42105,159,0.0013694863
42105,160,0.001415676
42105,161,0.00077467837
42105,162,0.001227897
42105,163,0.00077321636
42105,164,0.00095333956
42105,165,0.0008291811
42105,166,0.00086393335
42105,167,0.0006287005
42105,168,0.0006690337
42105,169,0.0003124719
42105,170,0.0002118511
42105,171,0.0002020345
42105,172,0.00014805491
42105,173,0.0001643024
42105,174,0.00012733453
42105,175,0.00035285152
42105,176,0.0005876942
42105,177,0.0006955386
42105,178,0.000855899
42105,179,0.00094824925
42105,180,0.00087130466
42105,181,0.0007619455
42105,182,0.0004607294
42105,183,0.00038215492
42105,184,0.00030528338
42105,185,0.0002564154
42105,186,0.00027085628
42105,187,0.00026143223
42105,188,0.00016844377
42105,189,0.00014227135
42105,190,0.00015777326
42105,191,0.0001484503
42105,192,0.0001268561
42105,193,9.541579e-05
42105,194,6.886114e-05
42105,195,6.8629095e-05
42105,196,6.33943e-05
42105,197,3.09844e-05
42105,198,5.7947695e-05
42105,199,5.6158617e-05
42105,200,9.123179e-05
42105,201,0.00014520591
42105,202,0.00021911149
42105,203,0.00016596337
42105,204,0.00021619149
42105,205,0.00024348173
42105,206,6.5893786e-05
42105,207,3.2128755e-05
42105,208,1.9729004e-08
42105,209,0.0
42105,210,1.5883994e-05
42105,211,8.611667e-06
42105,212,8.0528e-06
42105,213,8.56774e-06
42105,214,1.5443587e-05
42105,215,3.9307877e-05
42107,73,4.0837473e-05
42107,74,5.0579256e-05
42107,75,6.577929e-06
42107,76,0.0
42107,77,0.0
42107,78,0.0
42107,79,0.0
42107,80,7.960767e-06
42107,81,0.00016586794
42107,82,0.00020249443
42107,83,0.00026548305
42107,84,0.00024647085
42107,85,0.00023798732
42107,86,0.00015254259
42107,87,9.871788e-05
42107,88,3.9303486e-05
42107,89,1.7033082e-05
42107,90,1.1671655e-05
42107,91,0.0
42107,92,0.0
42107,93,0.0
42107,94,0.0
42107,95,0.0
42107,96,0.0
42107,97,0.0
42107,98,0.0
42107,99,0.0
42107,100,0.0
42107,101,0.0
42107,102,0.0
42107,103,0.0
42107,104,0.0
42107,105,0.0
42107,106,0.0
42107,107,0.0
42107,108,0.0
42107,109,8.863256e-06
42107,110,0.0
42107,111,0.0
42107,112,1.1774647e-06
42107,113,1.4726205e-06
42107,114,1.3052131e-06
42107,115,9.181771e-06
42107,116,3.763394e-06
42107,117,4.3446917e-06
42107,118,5.357458e-06
42107,119,6.5941576e-06
42107,120,8.1761e-06
42107,121,2.5544682e-06
42107,122,9.27046e-05
42107,123,4.8902577e-05
42107,124,0.00010379814
42107,125,0.00038679116
42107,126,0.0005949995
42107,127,0.0007207647
42107,128,0.00048313025
42107,129,0.0006451312
42107,130,0.0003744269
42107,131,0.00046031922
42107,132,0.00061034976
42107,133,6.0644208e-05
42107,134,0.00019162011
42107,135,0.0002476144
42107,136,0.00021649798
42107,137,0.00018736627
42107,138,0.00018522286
42107,139,0.00031952298
42107,140,5.5567994e-05
42107,141,0.0032276849
42107,142,0.0065338216
42107,143,0.004650561
42107,144,0.0052136597
42107,145,0.005462777
42107,146,0.0042940807
42107,147,0.003793497
42107,148,0.0040844604
42107,149,0.002693805
42107,150,0.0024351156
42107,151,0.0018402352
42107,152,0.0015790556
42107,153,0.0016016148
42107,154,0.0014761739
42107,155,0.0013050234
42107,156,0.0012223192
42107,157,0.0010332295
42107,158,0.00093170756
42107,159,0.00088620954
42107,160,0.0007490382
42107,161,0.0004748941
42107,162,0.0005019647
42107,163,0.0004604344
42107,164,0.00048395238
42107,165,0.00046279925
42107,166,0.00022014111
42107,167,0.00014736905
42107,168,0.00016499116
42107,169,5.9949904e-05
42107,170,5.8864967e-05
42107,171,3.8038514e-05
42107,172,5.1002797e-05
42107,173,7.120023e-05
42107,174,7.219878e-05
42107,175,7.8364144e-05
42107,176,4.602822e-05
42107,177,4.038363e-05
42107,178,5.8233883e-05
42107,179,5.079924e-05
42107,180,4.7002628e-05
42107,181,4.5601864e-05
42107,182,3.4586465e-05
42107,183,3.002558e-05
42107,184,1.5373673e-05
42107,185,2.0271105e-05
42107,186,1.1711795e-05
42107,187,3.9938764e-06
42107,188,1.1849603e-06
42107,189,9.3050676e-07
42107,190,2.4275184e-07
42107,191,6.9935666e-08
42107,192,1.927028e-05
42107,193,1.480342e-06
42107,194,0.0
42107,195,3.0133963e-06
42107,196,4.509945e-07
42107,197,1.552476e-07
42107,198,1.16590854e-07
42107,199,1.2808854e-06
42107,200,8.108848e-06
42107,201,1.0021552e-05
42107,202,2.5428115e-05
42107,203,2.2901067e-05
42107,204,2.2134964e-05
42107,205,1.0897313e-05
42107,206,6.4580477e-06
42107,207,1.5320661e-06
42107,208,0.0
42107,209,6.215688e-07
42107,210,1.4425871e-06
42107,211,1.3813984e-06
42107,212,1.8015302e-06
42107,213,1.2888388e-06
42107,214,0.0
42107,215,4.6635634e-07
42111,73,0.027151724
42111,74,0.025171505
42111,75,0.02180749
42111,76,0.02032428
42111,77,0.01925012
42111,78,0.018732907
42111,79,0.017336832
42111,80,0.018459931
42111,81,0.015801644
42111,82,0.014918946
42111,83,0.013653638
42111,84,0.013049765
42111,85,0.012521581
42111,86,0.010706881
42111,87,0.009304617
42111,88,0.00951572
42111,89,0.00784497
42111,90,0.0071486835
42111,91,0.004377815
42111,92,0.0040678927
42111,93,0.003339388
42111,94,0.003145085
42111,95,0.0032287906
42111,96,0.0024011317
42111,97,0.0020385713
42111,98,0.0021521416
42111,99,0.0016195935
42111,100,0.0019015977
42111,101,0.0018120595
42111,102,0.0017556255
42111,103,0.00115682
42111,104,0.0009838679
42111,105,0.00085957826
42111,106,0.0012829048
42111,107,0.0017096383
42111,108,0.0011430406
42111,109,0.0010916555
42111,110,0.0014635085
42111,111,0.0021319909
42111,112,0.0019733617
42111,113,0.0026489347
42111,114,0.0023708702
42111,115,0.0023114264
42111,116,0.00091208605
42111,117,0.000861617
42111,118,0.0010801728
42111,119,0.00086911063
42111,120,0.0009301506
42111,121,0.00094714406
42111,122,0.00096477073
42111,123,0.00034693588
42111,124,0.00031770757
42111,125,0.00029714295
42111,126,0.00027696963
42111,127,0.0003063398
42111,128,0.00020377143
42111,129,0.0001897517
42111,130,0.00047165595
42111,131,0.0002217797
42111,132,0.0003719798
42111,133,0.00026176876
42111,134,0.00030258115
42111,135,0.00019215772
42111,136,0.00029322508
42111,137,0.00024466176
42111,138,0.0005244984
42111,139,0.00060069235
42111,140,0.000537806
42111,141,0.00032721597
42111,142,0.000627648
42111,143,0.0008400095
42111,144,0.0013377432
42111,145,0.0012375639
42111,146,0.001219761
42111,147,0.0010476457
42111,148,0.0009062586
42111,149,0.001057397
42111,150,0.0008331031
42111,151,0.0006433758
42111,152,0.0005498522
42111,153,0.0005579863
42111,154,0.00085344596
42111,155,0.0008314024
42111,156,0.00089102343
42111,157,0.0008418884
42111,158,0.0006538892
42111,159,0.0005964871
42111,160,0.0004243986
42111,161,0.0005016037
42111,162,0.00050837506
42111,163,0.00046020438
42111,164,0.00034654388
42111,165,0.00028111046
42111,166,0.0004469662
42111,167,0.00041308138
42111,168,0.00043056742
42111,169,0.00036742847
42111,170,0.00011684905
42111,171,7.6888486e-05
42111,172,8.1225975e-05
42111,173,6.0389364e-05
42111,174,5.174141e-05
42111,175,6.741599e-05
42111,176,0.00010307857
42111,177,0.00020012366
42111,178,0.00014208778
42111,179,0.00016576699
42111,180,0.00031401942
42111,181,0.00033819032
42111,182,0.00016720066
42111,183,0.00013053352
42111,184,6.2683386e-05
42111,185,4.0731626e-05
42111,186,4.647686e-05
42111,187,1.6080883e-05
42111,188,1.8624687e-05
42111,189,1.7881663e-05
42111,190,9.93966e-06
42111,191,1.3795738e-05
42111,192,1.9417104e-05
42111,193,4.3184227e-05
42111,194,4.722516e-05
42111,195,4.9760285e-05
42111,196,5.061854e-05
42111,197,6.0465107e-05
42111,198,7.025246e-05
42111,199,0.00011013958
42111,200,0.00016787306
42111,201,0.00017477921
42111,202,0.00020141562
42111,203,0.00013558978
42111,204,9.8365956e-05
42111,205,8.861991e-05
42111,206,7.044782e-05
42111,207,7.889502e-05
42111,208,5.0746537e-05
42111,209,2.0802852e-05
42111,210,1.3177106e-05
42111,211,3.33163e-06
42111,212,6.1955584e-06
42111,213,4.7608723e-06
42111,214,3.27966e-06
42111,215,8.0013e-06
42117,73,0.00048549497
42117,74,0.0007713915
42117,75,0.0008105105
42117,76,0.0010985893
42117,77,0.00082191796
42117,78,0.0008581694
42117,79,0.00073222374
42117,80,0.0010225751
42117,81,0.0013674241
42117,82,0.0028186236
42117,83,0.002485866
42117,84,0.0035755285
42117,85,0.0020328274
42117,86,0.0010968038
42117,87,0.0007693197
42117,88,0.00089258904
42117,89,0.000630787
42117,90,0.0006620852
42117,91,0.00017821386
42117,92,0.00020730168
42117,93,7.081435e-05
42117,94,5.7599646e-05
42117,95,5.3777003e-05
42117,96,3.4868157e-05
42117,97,4.1893665e-05
42117,98,3.8607675e-05
42117,99,3.9625596e-05
42117,100,8.484225e-05
42117,101,9.6490985e-05
42117,102,6.920204e-05
42117,103,4.5726196e-05
42117,104,3.8608378e-05
42117,105,4.6369303e-05
42117,106,0.000110045345
42117,107,0.0003706263
42117,108,0.0014016316
42117,109,0.0024814925
42117,110,0.0058310046
42117,111,0.0066121453
42117,112,0.0056653908
42117,113,0.0068982895
42117,114,0.00835417
42117,115,0.008143687
42117,116,0.011383574
42117,117,0.010583111
42117,118,0.010768145
42117,119,0.011769766
42117,120,0.009944919
42117,121,0.0071747117
42117,122,0.007265981
42117,123,0.0067565655
42117,124,0.0028136785
42117,125,0.002656085
42117,126,0.002061236
42117,127,0.002732161
42117,128,0.0034114514
42117,129,0.0031100784
42117,130,0.004910519
42117,131,0.0050230306
42117,132,0.006073228
42117,133,0.004785169
42117,134,0.004554189
42117,135,0.0026578854
42117,136,0.0018375996
42117,137,0.00076875556
42117,138,0.0013311858
42117,139,0.0007142882
42117,140,0.00054815144
42117,141,0.0011347223
42117,142,0.0010413921
42117,143,0.002916709
42117,144,0.0026934077
42117,145,0.002816674
42117,146,0.0030874116
42117,147,0.0027794314
42117,148,0.0027434295
42117,149,0.0023792956
42117,150,0.0020480617
42117,151,0.0018803822
42117,152,0.0017218748
42117,153,0.0015208725
42117,154,0.0015433528
42117,155,0.0013665922
42117,156,0.0010766542
42117,157,0.0011569308
42117,158,0.0010818347
42117,159,0.00067964173
42117,160,0.00045367124
42117,161,0.0003788501
42117,162,0.00012499387
42117,163,0.00019377143
42117,164,0.00033010554
42117,165,0.00017142044
42117,166,0.00015529974
42117,167,0.00014747957
42117,168,0.000121900586
42117,169,0.00013254701
42117,170,4.2608568e-05
42117,171,4.079198e-05
42117,172,0.00014865775
42117,173,0.00010535813
42117,174,7.812173e-05
42117,175,0.00012683595
42117,176,0.0004112543
42117,177,0.0004892534
42117,178,0.00055929256
42117,179,0.00061688886
42117,180,0.00039407963
42117,181,0.00032926517
42117,182,0.00027743593
42117,183,0.00012035343
42117,184,7.966392e-05
42117,185,3.557597e-05
42117,186,5.6607885e-05
42117,187,7.8492296e-05
42117,188,4.3928572e-05
42117,189,2.665528e-05
42117,190,4.107218e-05
42117,191,4.0258874e-05
42117,192,5.1005096e-05
42117,193,8.921998e-05
42117,194,0.000120098055
42117,195,5.7911308e-05
42117,196,0.00010423501
42117,197,6.7741945e-05
42117,198,7.685283e-05
42117,199,4.3254364e-05
42117,200,6.102358e-05
42117,201,0.00015230964
42117,202,0.00019327785
42117,203,0.00024236563
42117,204,0.00023460289
42117,205,9.5594834e-05
42117,206,0.00012157078
42117,207,5.1154653e-05
42117,208,3.980905e-05
42117,209,7.9465746e-05
42117,210,9.860723e-05
42117,211,6.527731e-05
42117,212,6.821365e-05
42117,213,5.6922898e-05
42117,214,0.00013379646
42117,215,0.00014236744
42123,73,0.15409447
42123,74,0.1663837
42123,75,0.16669467
42123,76,0.178518
42123,77,0.17938267
42123,78,0.17191114
42123,79,0.17601465
42123,80,0.16719915
42123,81,0.12516163
42123,82,0.12441995
42123,83,0.09462344
42123,84,0.090571076
42123,85,0.08205557
42123,86,0.07942421
42123,87,0.069025375
42123,88,0.061264712
42123,89,0.04941905
42123,90,0.042904127
42123,91,0.03435262
42123,92,0.023834355
42123,93,0.020824231
42123,94,0.019083193
42123,95,0.018145101
42123,96,0.016621156
42123,97,0.015255287
42123,98,0.014083371
42123,99,0.014218956
42123,100,0.013269779
42123,101,0.013341622
42123,102,0.012430796
42123,103,0.011840357
42123,104,0.0115348995
42123,105,0.01207932
42123,106,0.011451137
42123,107,0.011093405
42123,108,0.011764828
42123,109,0.011388731
42123,110,0.012585297
42123,111,0.0114683695
42123,112,0.013091706
42123,113,0.016904276
42123,114,0.019011354
42123,115,0.024274202
42123,116,0.018863207
42123,117,0.019330807
42123,118,0.018322386
42123,119,0.018005803
42123,120,0.0204187
42123,121,0.014176819
42123,122,0.016592244
42123,123,0.014139439
42123,124,0.011956141
42123,125,0.012075878
42123,126,0.011233297
42123,127,0.010981161
42123,128,0.009577379
42123,129,0.011041718
42123,130,0.008533906
42123,131,0.007247335
42123,132,0.008707749
42123,133,0.00649359
42123,134,0.0054399413
42123,135,0.0052669873
42123,136,0.0047642905
42123,137,0.004068542
42123,138,0.0030523567
42123,139,0.0030606708
42123,140,0.0020035217
42123,141,0.001514567
42123,142,0.0017639493
42123,143,0.0025409253
42123,144,0.0014554356
42123,145,0.0011831522
42123,146,0.0007204119
42123,147,0.00067548204
42123,148,0.0007203357
42123,149,0.0005166929
42123,150,0.0006044971
42123,151,0.0009832274
42123,152,0.0011192898
42123,153,0.0008777647
42123,154,0.0010656249
42123,155,0.0009306191
42123,156,0.0010408014
42123,157,0.0010773344
42123,158,0.0010582488
42123,159,0.0008728993
42123,160,0.0009284719
42123,161,0.0009872632
42123,162,0.0010715369
42123,163,0.0007754114
42123,164,0.00041337285
42123,165,0.00039699138
42123,166,0.00020819648
42123,167,0.00019243661
42123,168,8.7498884e-05
42123,169,9.0723945e-05
42123,170,0.00014443367
42123,171,0.00018445829
42123,172,0.0003281505
42123,173,0.0003121646
42123,174,0.0007386994
42123,175,0.00020119325
42123,176,0.00068544113
42123,177,0.00061961095
42123,178,0.0009248554
42123,179,0.00091184117
42123,180,0.0011115439
42123,181,0.0010534052
42123,182,0.0009687684
42123,183,0.0021269138
42123,184,0.0010187608
42123,185,0.00081294344
42123,186,0.0006706478
42123,187,0.000545828
42123,188,0.00035252003
42123,189,0.00039591154
42123,190,0.00020298165
42123,191,0.00018117913
42123,192,0.00019282442
42123,193,0.00025204942
42123,194,0.00021242695
42123,195,0.00022896992
42123,196,0.00018438448
42123,197,0.00022857299
42123,198,0.00013840724
42123,199,0.00022595968
42123,200,0.0003358036
42123,201,0.0003749224
42123,202,0.0006041154
42123,203,0.00042608782
42123,204,0.00047468534
42123,205,0.00020421064
42123,206,0.00027153973
42123,207,0.00012558133
42123,208,0.000100144905
42123,209,0.00013524505
42123,210,6.561524e-05
42123,211,8.066272e-05
42123,212,4.3876793e-05
42123,213,1.6830798e-05
42123,214,1.8665114e-05
42123,215,0.0002177427
54001,73,0.026430536
54001,74,0.02652724
54001,75,0.024124317
54001,76,0.018875739
54001,77,0.012439544
54001,78,0.012621696
54001,79,0.010994104
54001,80,0.008647062
54001,81,0.008017221
54001,82,0.0063846405
54001,83,0.0058957096
54001,84,0.0049042315
54001,85,0.005171135
54001,86,0.004496813
54001,87,0.005590667
54001,88,0.0046337554
54001,89,0.004553117
54001,90,0.002790086
54001,91,0.00055501
54001,92,0.00023787918
54001,93,0.00021663871
54001,94,0.00014073843
54001,95,0.00013678147
54001,96,9.437138e-05
54001,97,0.00023266645
54001,98,0.00013644944
54001,99,0.00017915019
54001,100,0.00014218123
54001,101,0.00017883364
54001,102,0.00032529852
54001,103,0.00030993758
54001,104,0.000603598
54001,105,0.00064657215
54001,106,0.00060491276
54001,107,0.0006725986
54001,108,0.00065286685
54001,109,0.00074771635
54001,110,0.0008542384
54001,111,0.0009834924
54001,112,0.0012064296
54001,113,0.0012361455
54001,114,0.002123821
54001,115,0.0020124016
54001,116,0.0016472365
54001,117,0.0021343667
54001,118,0.0036330684
54001,119,0.0031206778
54001,120,0.0036799398
54001,121,0.00347927
54001,122,0.0027165445
54001,123,0.0029215228
54001,124,0.002661595
54001,125,0.003365455
54001,126,0.0029639008
54001,127,0.002127651
54001,128,0.005125611
54001,129,0.002590554
54001,130,0.0017345742
54001,131,0.001354789
54001,132,0.0013729461
54001,133,0.0005239906
54001,134,0.00087435264
54001,135,0.0006971402
54001,136,0.00080269907
54001,137,0.00069747394
54001,138,0.00038395086
54001,139,0.00022145308
54001,140,0.0006469523
54001,141,0.0009933438
54001,142,0.0010515986
54001,143,0.0010270124
54001,144,0.0007054575
54001,145,0.0007037982
54001,146,0.0006242943
54001,147,0.00065258436
54001,148,0.00079276384
54001,149,0.0005698278
54001,150,0.00037774572
54001,151,0.00046979883
54001,152,0.00079326896
54001,153,0.00128275
54001,154,0.0012216006
54001,155,0.0013084464
54001,156,0.0009703023
54001,157,0.0014412849
54001,158,0.00088770594
54001,159,0.0009673424
54001,160,0.0009270853
54001,161,0.0008379794
54001,162,0.00090557715
54001,163,0.0005551572
54001,164,0.00056940113
54001,165,0.0005006545
54001,166,0.0005493351
54001,167,0.0006634063
54001,168,0.00039320465
54001,169,0.00039457192
54001,170,0.00024312703
54001,171,0.00022089233
54001,172,0.00018906564
54001,173,0.00017051169
54001,174,0.00017991774
54001,175,0.00015326678
54001,176,0.0001676694
54001,177,0.00055748847
54001,178,0.0001985332
54001,179,0.000118196695
54001,180,8.698563e-05
54001,181,9.326294e-05
54001,182,0.00012026129
54001,183,0.00013045988
54001,184,0.00012470766
54001,185,0.0001218982
54001,186,0.00019349394
54001,187,0.00022400744
54001,188,0.00013578332
54001,189,9.3430324e-05
54001,190,6.81123e-05
54001,191,8.31878e-05
54001,192,4.4355085e-05
54001,193,3.863528e-05
54001,194,2.0402786e-05
54001,195,3.9692834e-05
54001,196,4.6310135e-05
54001,197,5.378453e-05
54001,198,5.1401355e-05
54001,199,4.7602804e-05
54001,200,0.00013384965
54001,201,0.00016577654
54001,202,0.00016258935
54001,203,0.00018561323
54001,204,0.00016222535
54001,205,2.753947e-05
54001,206,1.590345e-05
54001,207,7.488677e-06
54001,208,0.0
54001,209,0.0
54001,210,3.5822325e-07
54001,211,0.0
54001,212,0.0
54001,213,0.0
54001,214,0.0
54001,215,0.0
54003,73,0.00066990755
54003,74,0.0012564368
54003,75,0.00073465303
54003,76,0.0008942225
54003,77,0.00093394524
54003,78,0.0014342488
54003,79,0.00093773607
54003,80,0.00095746457
54003,81,0.0008519699
54003,82,0.000856928
54003,83,0.0002323331
54003,84,0.00023257355
54003,85,0.00031322354
54003,86,0.00042110807
54003,87,0.0002537066
54003,88,0.00023305224
54003,89,0.00011732976
54003,90,7.2459356e-05
54003,91,2.6953567e-05
54003,92,2.4099354e-05
54003,93,2.1548223e-05
54003,94,2.6825963e-05
54003,95,9.952782e-05
54003,96,0.00014175763
54003,97,0.00012667726
54003,98,0.00026839445
54003,99,0.00012218255
54003,100,0.00020710318
54003,101,0.00030560163
54003,102,0.0001367393
54003,103,0.0001968696
54003,104,2.9483235e-05
54003,105,4.951353e-05
54003,106,5.9213435e-05
54003,107,8.514351e-05
54003,108,7.680219e-05
54003,109,7.5334785e-05
54003,110,7.238844e-05
54003,111,6.2789375e-05
54003,112,3.562266e-05
54003,113,2.2735321e-05
54003,114,2.6468177e-05
54003,115,1.38299265e-05
54003,116,2.9154369e-06
54003,117,3.576865e-07
54003,118,2.5860894e-07
54003,119,0.0
54003,120,0.0
54003,121,4.4832345e-07
54003,122,3.8982394e-06
54003,123,2.243385e-05
54003,124,2.8682194e-05
54003,125,9.585949e-06
54003,126,6.7308676e-05
54003,127,3.041978e-05
54003,128,1.8742787e-05
54003,129,0.0
54003,130,0.0
54003,131,3.000185e-06
54003,132,0.00012906833
54003,133,0.00016983066
54003,134,1.735884e-05
54003,135,0.0
54003,136,9.32116e-07
54003,137,2.040361e-05
54003,138,0.0004708525
54003,139,0.0010373766
54003,140,0.0023723699
54003,141,0.0019355466
54003,142,0.0009193931
54003,143,0.001710758
54003,144,0.0017615103
54003,145,0.0016145912
54003,146,0.0012328526
54003,147,0.0012920419
54003,148,0.0014844503
54003,149,0.0008663684
54003,150,0.0007828123
54003,151,0.00050948345
54003,152,0.00053514633
54003,153,0.00072171143
54003,154,0.00044910406
54003,155,0.00044182353
54003,156,0.00078267953
54003,157,0.0005261675
54003,158,0.00041155692
54003,159,0.00044286196
54003,160,0.0003425669
54003,161,0.00024806586
54003,162,0.0001892431
54003,163,6.648986e-05
54003,164,1.4562403e-05
54003,165,1.096496e-05
54003,166,1.8705903e-05
54003,167,1.0201093e-05
54003,168,1.3781826e-05
54003,169,2.0543153e-05
54003,170,1.1522944e-05
54003,171,8.604562e-06
54003,172,2.2978286e-06
54003,173,9.777065e-06
54003,174,3.3020053e-05
54003,175,2.3672257e-05
54003,176,3.7528163e-05
54003,177,0.00013330042
54003,178,0.00017561532
54003,179,0.00025557177
54003,180,0.00011014789
54003,181,6.188947e-05
54003,182,0.00012626573
54003,183,4.930837e-05
54003,184,0.00010314212
54003,185,1.952135e-05
54003,186,1.29441005e-05
54003,187,2.7279013e-05
54003,188,1.45563e-05
54003,189,1.3107226e-05
54003,190,1.6855909e-05
54003,191,3.0538104e-05
54003,192,2.00446e-05
54003,193,1.3395165e-05
54003,194,1.05545205e-05
54003,195,0.00011280103
54003,196,0.00012066577
54003,197,0.00013866661
54003,198,0.00013826488
54003,199,0.0002008361
54003,200,7.748149e-05
54003,201,9.1809314e-05
54003,202,0.00011103477
54003,203,0.0001307392
54003,204,0.00012547868
54003,205,0.00010551672
54003,206,0.000111684814
54003,207,2.0030755e-05
54003,208,6.246092e-05
54003,209,0.00071951107
54003,210,0.00082037447
54003,211,0.0009886606
54003,212,0.0006575842
54003,213,0.00069772487
54003,214,0.0009849456
54003,215,0.0009497253
54005,73,5.783164e-05
54005,74,3.723577e-05
54005,75,4.285311e-05
54005,76,1.8694939e-06
54005,77,1.3081647e-05
54005,78,3.6067993e-06
54005,79,2.2689494e-05
54005,80,4.2444048e-05
54005,81,7.7931676e-05
54005,82,0.0004082309
54005,83,0.0001403629
54005,84,0.00019693247
54005,85,0.00010816742
54005,86,5.960652e-05
54005,87,6.5593995e-05
54005,88,3.9634226e-05
54005,89,3.267322e-05
54005,90,4.7399957e-05
54005,91,1.1776125e-05
54005,92,1.4200723e-05
54005,93,7.159109e-06
54005,94,7.8400404e-07
54005,95,3.5252183e-06
54005,96,0.0
54005,97,2.7677922e-06
54005,98,4.992664e-07
54005,99,0.0
54005,100,0.0
54005,101,0.0
54005,102,0.0
54005,103,2.3359062e-06
54005,104,7.5169764e-06
54005,105,2.0425934e-05
54005,106,4.111047e-05
54005,107,0.00013562554
54005,108,7.574485e-05
54005,109,0.00031799258
54005,110,0.0014001874
54005,111,0.002446329
54005,112,0.0028790124
54005,113,0.004306439
54005,114,0.0017976708
54005,115,0.0012685809
54005,116,0.00092352834
54005,117,0.0008985505
54005,118,0.000776738
54005,119,0.0005672106
54005,120,0.00066368876
54005,121,0.00056094734
54005,122,0.00066649093
54005,123,0.0005805332
54005,124,0.00083488645
54005,125,0.0014501456
54005,126,0.009191757
54005,127,0.0044587855
54005,128,0.0041607185
54005,129,0.0030969456
54005,130,0.0032333655
54005,131,0.0036005198
54005,132,0.0033981816
54005,133,0.0032326924
54005,134,0.0028183677
54005,135,0.0007078898
54005,136,0.0012172284
54005,137,0.0031910697
54005,138,0.007050701
54005,139,0.015535368
54005,140,0.013948691
54005,141,0.013245075
54005,142,0.014829661
54005,143,0.014821834
54005,144,0.015480367
54005,145,0.015457808
54005,146,0.016703391
54005,147,0.016808499
54005,148,0.018567568
54005,149,0.018967547
54005,150,0.016572893
54005,151,0.020355849
54005,152,0.021380972
54005,153,0.01730637
54005,154,0.016412823
54005,155,0.015609298
54005,156,0.013108133
54005,157,0.010571388
54005,158,0.0110657625
54005,159,0.010929976
54005,160,0.008596821
54005,161,0.0040307716
54005,162,0.0037874673
54005,163,0.0033634666
54005,164,0.0025069301
54005,165,0.0013412742
54005,166,0.0015701448
54005,167,0.0014600364
54005,168,0.0012633872
54005,169,0.0011228439
54005,170,0.0010588536
54005,171,0.00054840476
54005,172,0.0004739446
54005,173,0.0005156631
54005,174,0.00046084242
54005,175,0.0006205929
54005,176,0.00073480036
54005,177,0.0007271107
54005,178,0.00089430047
54005,179,0.00091426773
54005,180,0.00091150246
54005,181,0.000697003
54005,182,0.000704868
54005,183,0.00050842814
54005,184,0.00024048677
54005,185,0.00022577078
54005,186,0.00019278507
54005,187,0.00012668873
54005,188,9.66795e-05
54005,189,0.0004363763
54005,190,0.0002714943
54005,191,0.00022373282
54005,192,0.0001981764
54005,193,0.0001848335
54005,194,0.00017308032
54005,195,0.00016496817
54005,196,0.00018845848
54005,197,0.00016624827
54005,198,0.00016290125
54005,199,0.0002360336
54005,200,0.00024985403
54005,201,0.00042004682
54005,202,0.0003882153
54005,203,0.00022275357
54005,204,0.00015373627
54005,205,9.5835996e-05
54005,206,0.00013588993
54005,207,5.4734304e-05
54005,208,8.701053e-05
54005,209,6.53119e-05
54005,210,7.164162e-05
54005,211,1.5808466e-05
54005,212,1.1972522e-05
54005,213,1.7540984e-05
54005,214,4.892107e-07
54005,215,6.9743774e-06
54011,73,0.00052791135
54011,74,0.00020063842
54011,75,0.000228679
54011,76,0.00025137942
54011,77,0.0004509716
54011,78,0.000117454474
54011,79,0.00016752777
54011,80,0.00021036336
54011,81,0.00025052176
54011,82,0.00019922042
54011,83,0.00016448517
54011,84,0.00016937676
54011,85,0.00015347404
54011,86,0.00010502373
54011,87,6.5366134e-05
54011,88,4.5342444e-05
54011,89,7.1523515e-05
54011,90,5.8280224e-05
54011,91,4.782041e-05
54011,92,4.804543e-05
54011,93,2.8042698e-05
54011,94,4.1973333e-05
54011,95,2.867651e-05
54011,96,1.8497213e-08
54011,97,1.4917504e-07
54011,98,0.0
54011,99,0.0
54011,100,0.0
54011,101,0.0
54011,102,3.5567516e-06
54011,103,0.0
54011,104,8.153209e-07
54011,105,3.4137902e-05
54011,106,9.436896e-05
54011,107,0.00053158664
54011,108,0.0011327525
54011,109,0.0018341787
54011,110,0.0014812092
54011,111,0.001611597
54011,112,0.0017332579
54011,113,0.0017219766
54011,114,0.001362514
54011,115,0.0010508181
54011,116,0.001152747
54011,117,0.00064478186
54011,118,0.0005662289
54011,119,0.0005054003
54011,120,0.00039364735
54011,121,0.00025104292
54011,122,0.00070529594
54011,123,0.0006031298
54011,124,0.0003891667
54011,125,0.0005467014
54011,126,0.0008752835
54011,127,0.0008628646
54011,128,0.0011202282
54011,129,0.0015494871
54011,130,0.0016518664
54011,131,0.0013684989
54011,132,0.0014751933
54011,133,0.0014743538
54011,134,0.001026088
54011,135,0.00084714807
54011,136,0.0007979639
54011,137,0.0017140585
54011,138,0.0015863997
54011,139,0.0034478775
54011,140,0.002755089
54011,141,0.003196658
54011,142,0.003835456
54011,143,0.0037408725
54011,144,0.003210028
54011,145,0.0030710837
54011,146,0.002683977
54011,147,0.0020454363
54011,148,0.0020462945
54011,149,0.0019940208
54011,150,0.0012426017
54011,151,0.0011903456
54011,152,0.0020165232
54011,153,0.0011929206
54011,154,0.0010354733
54011,155,0.0011075116
54011,156,0.0012341191
54011,157,0.0010673559
54011,158,0.0009579594
54011,159,0.00044779468
54011,160,0.0007147702
54011,161,0.0005359714
54011,162,0.000278779
54011,163,0.00030944071
54011,164,0.00018219014
54011,165,0.0001764014
54011,166,0.00013778516
54011,167,0.0001458008
54011,168,9.220157e-05
54011,169,0.000107398824
54011,170,7.449031e-05
54011,171,9.56752e-05
54011,172,5.5717635e-05
54011,173,5.4583907e-05
54011,174,2.7370714e-05
54011,175,3.707908e-05
54011,176,4.1793704e-05
54011,177,4.2010117e-05
54011,178,4.4883956e-05
54011,179,5.776859e-05
54011,180,6.0848248e-05
54011,181,3.9600127e-05
54011,182,3.9113653e-05
54011,183,1.00099e-05
54011,184,4.7772093e-05
54011,185,2.0633153e-05
54011,186,1.4325213e-05
54011,187,6.8629784e-06
54011,188,7.151984e-06
54011,189,5.6859863e-06
54011,190,4.80317e-06
54011,191,1.4814907e-06
54011,192,3.15855e-06
54011,193,6.795893e-06
54011,194,5.8787327e-06
54011,195,3.9514875e-06
54011,196,5.3058966e-06
54011,197,1.0774717e-05
54011,198,6.0607017e-06
54011,199,9.170422e-06
54011,200,1.9613315e-05
54011,201,3.6624184e-05
54011,202,3.2645734e-05
54011,203,5.9725728e-05
54011,204,5.1550578e-05
54011,205,4.9203863e-05
54011,206,3.8540795e-05
54011,207,5.451708e-05
54011,208,7.465322e-05
54011,209,8.136791e-05
54011,210,7.258466e-05
54011,211,3.233201e-05
54011,212,2.2265413e-05
54011,213,3.0580777e-05
54011,214,2.6539752e-05
54011,215,1.0938277e-05
54017,73,0.026680531
54017,74,0.020017374
54017,75,0.020581461
54017,76,0.020248102
54017,77,0.019145021
54017,78,0.016354451
54017,79,0.015162369
54017,80,0.014855375
54017,81,0.014334705
54017,82,0.012388015
54017,83,0.009596739
54017,84,0.0088633215
54017,85,0.007408
54017,86,0.0067184907
54017,87,0.006183164
54017,88,0.004785828
54017,89,0.002136698
54017,90,0.0013852594
54017,91,0.00060471386
54017,92,0.0006291478
54017,93,0.0006118897
54017,94,0.00060439407
54017,95,0.0005161869
54017,96,0.000334006
54017,97,0.00032664646
54017,98,0.0003442463
54017,99,4.713953e-05
54017,100,4.9484403e-05
54017,101,0.00012908474
54017,102,0.00012846851
54017,103,9.789509e-05
54017,104,0.00017666382
54017,105,0.00046625768
54017,106,0.00064054097
54017,107,0.0005901645
54017,108,0.0010506974
54017,109,0.0013239981
54017,110,0.0021304113
54017,111,0.00247453
54017,112,0.0040043737
54017,113,0.004424716
54017,114,0.0053414362
54017,115,0.0046996744
54017,116,0.0034536205
54017,117,0.003447202
54017,118,0.0026805562
54017,119,0.0027015072
54017,120,0.0031855307
54017,121,0.002594316
54017,122,0.0022696685
54017,123,0.0032061532
54017,124,0.0029705714
54017,125,0.003901708
54017,126,0.005406485
54017,127,0.0061515393
54017,128,0.006277259
54017,129,0.007480931
54017,130,0.009525582
54017,131,0.011658583
54017,132,0.00923276
54017,133,0.0089552505
54017,134,0.0077022966
54017,135,0.0067199077
54017,136,0.009723489
54017,137,0.006198986
54017,138,0.013113316
54017,139,0.030185582
54017,140,0.06034748
54017,141,0.074991144
54017,142,0.077006005
54017,143,0.08738743
54017,144,0.083218314
54017,145,0.08248528
54017,146,0.07837684
54017,147,0.07944519
54017,148,0.07340952
54017,149,0.072206914
54017,150,0.059163842
54017,151,0.05709233
54017,152,0.05018103
54017,153,0.03998255
54017,154,0.043582316
54017,155,0.0367162
54017,156,0.043503616
54017,157,0.03555771
54017,158,0.03884805
54017,159,0.03459235
54017,160,0.033305734
54017,161,0.033576563
54017,162,0.019730285
54017,163,0.011895469
54017,164,0.010017948
54017,165,0.0071880226
54017,166,0.0051548732
54017,167,0.007261527
54017,168,0.0037626687
54017,169,0.0034587046
54017,170,0.0029758508
54017,171,0.0028747872
54017,172,0.003162576
54017,173,0.0026374948
54017,174,0.002966082
54017,175,0.003326882
54017,176,0.0030042324
54017,177,0.002499441
54017,178,0.0017821356
54017,179,0.0016031456
54017,180,0.0018269221
54017,181,0.0029353916
54017,182,0.0030037689
54017,183,0.002620438
54017,184,0.0025152436
54017,185,0.00091966556
54017,186,0.0012545728
54017,187,0.00017861015
54017,188,0.0001766906
54017,189,0.00014762729
54017,190,0.0001678136
54017,191,0.00014379495
54017,192,0.0001396355
54017,193,0.00015768751
54017,194,0.00014222665
54017,195,0.00016488259
54017,196,0.0001805554
54017,197,0.00014848987
54017,198,0.00013069597
54017,199,0.00029408289
54017,200,0.00076729554
54017,201,0.0011046145
54017,202,0.00073818373
54017,203,0.00084340095
54017,204,0.001304754
54017,205,0.00037238153
54017,206,0.00046936382
54017,207,0.00042879643
54017,208,0.00038283409
54017,209,0.00018384359
54017,210,0.00025553795
54017,211,0.000102054335
54017,212,8.625933e-05
54017,213,3.4887722e-05
54017,214,2.0044992e-05
54017,215,3.1537213e-05
54021,73,0.0020490107
54021,74,0.0024032358
54021,75,0.0021369641
54021,76,0.0024214692
54021,77,0.002776722
54021,78,0.0027918895
54021,79,0.0025890958
54021,80,0.002147363
54021,81,0.0025320044
54021,82,0.0029276072
54021,83,0.0030591842
54021,84,0.002620328
54021,85,0.0020900196
54021,86,0.001752811
54021,87,0.0012899998
54021,88,0.0007374576
54021,89,0.00067772286
54021,90,0.00039064148
54021,91,0.00027008337
54021,92,0.00021429476
54021,93,8.957264e-05
54021,94,0.000104707426
54021,95,9.139588e-05
54021,96,8.570317e-05
54021,97,8.0120015e-05
54021,98,0.0
54021,99,2.6317803e-06
54021,100,2.3758094e-08
54021,101,2.2190186e-06
54021,102,2.46133e-07
54021,103,5.0651e-08
54021,104,0.0
54021,105,0.0
54021,106,0.0
54021,107,0.0
54021,108,0.0
54021,109,0.0
54021,110,1.609689e-05
54021,111,0.0007563538
54021,112,0.0018198264
54021,113,0.0027589444
54021,114,0.0034333004
54021,115,0.002943454
54021,116,0.0017029099
54021,117,0.0015873165
54021,118,0.0013651417
54021,119,0.001073341
54021,120,0.001182644
54021,121,0.00084529584
54021,122,0.0007119771
54021,123,0.00072371966
54021,124,0.0005711039
54021,125,0.00089788996
54021,126,0.002415916
54021,127,0.0030946292
54021,128,0.0024284716
54021,129,0.0021774168
54021,130,0.0024658341
54021,131,0.0039939196
54021,132,0.0040377253
54021,133,0.0064869677
54021,134,0.008201931
54021,135,0.0054892935
54021,136,0.006230421
54021,137,0.0046678716
54021,138,0.007977855
54021,139,0.014799838
54021,140,0.048514675
54021,141,0.05901326
54021,142,0.053542897
54021,143,0.07368326
54021,144,0.060486432
54021,145,0.06617909
54021,146,0.060661383
54021,147,0.055744704
54021,148,0.043414857
54021,149,0.05842055
54021,150,0.061946165
54021,151,0.059076328
54021,152,0.05129046
54021,153,0.04114656
54021,154,0.04801785
54021,155,0.03928406
54021,156,0.038523767
54021,157,0.039348096
54021,158,0.03424145
54021,159,0.028608032
54021,160,0.023582764
54021,161,0.024189346
54021,162,0.012707321
54021,163,0.009298417
54021,164,0.0087843
54021,165,0.006367472
54021,166,0.0033242381
54021,167,0.0029332954
54021,168,0.002893008
54021,169,0.00290643
54021,170,0.0024836613
54021,171,0.002237862
54021,172,0.0023579434
54021,173,0.0021926814
54021,174,0.0023241246
54021,175,0.0023150428
54021,176,0.0025020374
54021,177,0.002573639
54021,178,0.0008421523
54021,179,0.0010479821
54021,180,0.0014139031
54021,181,0.002758863
54021,182,0.0028340106
54021,183,0.0024360786
54021,184,0.0009207833
54021,185,0.0008561294
54021,186,0.0017039583
54021,187,0.000315583
54021,188,0.00021009074
54021,189,0.00022077284
54021,190,0.00016313125
54021,191,0.00022053534
54021,192,0.00022023094
54021,193,4.7162794e-05
54021,194,6.765321e-05
54021,195,4.766035e-05
54021,196,1.6370117e-05
54021,197,2.411583e-05
54021,198,2.860691e-05
54021,199,3.4198638e-05
54021,200,0.00072710466
54021,201,0.00023531278
54021,202,0.00034787727
54021,203,0.00033663088
54021,204,0.0014884656
54021,205,0.00016682422
54021,206,0.00022725062
54021,207,0.00037188432
54021,208,0.0002535009
54021,209,0.00015417005
54021,210,0.00026697243
54021,211,0.000123849
54021,212,3.8711583e-05
54021,213,2.4441855e-05
54021,214,1.579507e-05
54021,215,6.4104047e-06
54049,73,0.007141358
54049,74,0.0061688917
54049,75,0.006577485
54049,76,0.005993999
54049,77,0.0056167603
54049,78,0.0044741766
54049,79,0.004463261
54049,80,0.004074755
54049,81,0.003942263
54049,82,0.0038503124
54049,83,0.0034752097
54049,84,0.0027663936
54049,85,0.0024846168
54049,86,0.002258044
54049,87,0.0019563327
54049,88,0.0014229771
54049,89,0.0012788863
54049,90,0.00085009803
54049,91,0.0004699235
54049,92,0.00032531304
54049,93,0.0003454719
54049,94,0.0003158708
54049,95,0.00027010136
54049,96,0.00020471585
54049,97,0.00015456881
54049,98,0.00020800592
54049,99,0.00015317144
54049,100,6.584073e-05
54049,101,6.298793e-05
54049,102,6.8503854e-05
54049,103,8.0602746e-05
54049,104,8.826453e-05
54049,105,0.0001226725
54049,106,0.00020461435
54049,107,0.0004930159
54049,108,0.0005435319
54049,109,0.00075138104
54049,110,0.0010034663
54049,111,0.0013448413
54049,112,0.0016130725
54049,113,0.0015841182
54049,114,0.001629682
54049,115,0.0015402725
54049,116,0.00086934556
54049,117,0.0007061809
54049,118,0.0007519998
54049,119,0.00081160513
54049,120,0.0005934396
54049,121,0.0008131931
54049,122,0.000902408
54049,123,0.00085764105
54049,124,0.00061471894
54049,125,0.0007602115
54049,126,0.000726054
54049,127,0.0010724439
54049,128,0.0009655965
54049,129,0.0008253969
54049,130,0.0008210169
54049,131,0.0007871014
54049,132,0.0005761301
54049,133,0.0006029372
54049,134,0.000539473
54049,135,0.000373763
54049,136,0.0001814841
54049,137,0.0001646974
54049,138,0.00037897503
54049,139,0.0005786717
54049,140,0.0021003264
54049,141,0.0025117053
54049,142,0.0029477088
54049,143,0.002866989
54049,144,0.0027730183
54049,145,0.0034105985
54049,146,0.0032473388
54049,147,0.0030852382
54049,148,0.0042213346
54049,149,0.0029222232
54049,150,0.0030283935
54049,151,0.0028304278
54049,152,0.003818988
54049,153,0.0035484682
54049,154,0.004033085
54049,155,0.0041862633
54049,156,0.0042256806
54049,157,0.0029954351
54049,158,0.0028663345
54049,159,0.002103817
54049,160,0.0016955003
54049,161,0.0016239564
54049,162,0.0011730274
54049,163,0.0009155344
54049,164,0.000982689
54049,165,0.00037823032
54049,166,0.00032900498
54049,167,0.00032298762
54049,168,0.00030194357
54049,169,0.000303158
54049,170,0.00027392633
54049,171,0.00020130817
54049,172,0.00018600086
54049,173,0.00023596824
54049,174,0.00026451403
54049,175,0.00018637048
54049,176,0.00022414654
54049,177,0.00020898397
54049,178,0.00020279721
54049,179,0.00018833336
54049,180,0.00018925699
54049,181,0.00025632879
54049,182,0.00038741497
54049,183,0.00029764776
54049,184,0.00012328585
54049,185,0.00013016563
54049,186,0.00013424097
54049,187,3.006784e-05
54049,188,4.0096875e-05
54049,189,3.0992673e-05
54049,190,2.997844e-05
54049,191,2.257605e-05
54049,192,1.8929628e-05
54049,193,1.656942e-05
54049,194,2.2115377e-05
54049,195,2.2899647e-05
54049,196,1.6868022e-05
54049,197,2.2604021e-05
54049,198,2.2763184e-05
54049,199,5.9390783e-05
54049,200,0.00017849742
54049,201,0.00011570275
54049,202,0.00010807879
54049,203,0.00010690727
54049,204,0.00013214417
54049,205,6.464952e-05
54049,206,5.8849848e-05
54049,207,7.921815e-05
54049,208,2.0006615e-05
54049,209,2.81495e-05
54049,210,2.9993076e-05
54049,211,1.4314292e-05
54049,212,7.76944e-06
54049,213,1.1822755e-05
54049,214,3.0360325e-06
54049,215,0.0
54051,73,0.053960923
54051,74,0.056189436
54051,75,0.04843895
54051,76,0.049501587
54051,77,0.04948283
54051,78,0.05011993
54051,79,0.048270073
54051,80,0.049102437
54051,81,0.040729593
54051,82,0.04025473
54051,83,0.035225328
54051,84,0.033385534
54051,85,0.030786272
54051,86,0.025444074
54051,87,0.02065346
54051,88,0.022152191
54051,89,0.016713373
54051,90,0.008631217
54051,91,0.0056987284
54051,92,0.0051929834
54051,93,0.003602242
54051,94,0.0020919016
54051,95,0.0017429651
54051,96,0.001768675
54051,97,0.0017268024
54051,98,0.0020059166
54051,99,0.002034179
54051,100,0.0018628299
54051,101,0.0020584394
54051,102,0.0021236716
54051,103,0.0025440694
54051,104,0.0027314932
54051,105,0.0032038759
54051,106,0.0034330094
54051,107,0.0034277893
54051,108,0.0029552993
54051,109,0.0030236146
54051,110,0.0029551869
54051,111,0.003043225
54051,112,0.004078404
54051,113,0.0031072553
54051,114,0.0065278364
54051,115,0.0053773215
54051,116,0.0048868963
54051,117,0.0042682276
54051,118,0.0039100144
54051,119,0.0034182572
54051,120,0.0042882767
54051,121,0.002998406
54051,122,0.002691288
54051,123,0.0026373675
54051,124,0.0028017554
54051,125,0.002799976
54051,126,0.004295765
54051,127,0.00592799
54051,128,0.004066122
54051,129,0.003559961
54051,130,0.004450479
54051,131,0.0030154686
54051,132,0.0030374008
54051,133,0.002597117
54051,134,0.0020525183
54051,135,0.0024649722
54051,136,0.0021543815
54051,137,0.0025303045
54051,138,0.0023235222
54051,139,0.0030772265
54051,140,0.0061563305
54051,141,0.008608355
54051,142,0.008079331
54051,143,0.0074175773
54051,144,0.00707529
54051,145,0.0072644427
54051,146,0.0066328887
54051,147,0.007561213
54051,148,0.0080736885
54051,149,0.0068428973
54051,150,0.0052056676
54051,151,0.0047382927
54051,152,0.0039175074
54051,153,0.0034082844
54051,154,0.00375054
54051,155,0.0035332325
54051,156,0.00407646
54051,157,0.0035156547
54051,158,0.0029094035
54051,159,0.002938136
54051,160,0.0024309217
54051,161,0.0017800464
54051,162,0.0017328144
54051,163,0.0012267473
54051,164,0.0012572544
54051,165,0.0010354215
54051,166,0.001152462
54051,167,0.0007691072
54051,168,0.0001741263
54051,169,0.00014836583
54051,170,0.00018145413
54051,171,0.00018306174
54051,172,0.00021470168
54051,173,0.00014962543
54051,174,0.00011761556
54051,175,0.00016339845
54051,176,0.00051244313
54051,177,0.00069714227
54051,178,0.00093473174
54051,179,0.0024745588
54051,180,0.0027840966
54051,181,0.0023292752
54051,182,0.0026033046
54051,183,0.0023587428
54051,184,0.0013837508
54051,185,0.0016324618
54051,186,0.0014716854
54051,187,0.0012528438
54051,188,0.0003966854
54051,189,0.00037466263
54051,190,8.728775e-05
54051,191,0.000106754254
54051,192,0.00013340331
54051,193,4.0545037e-05
54051,194,4.5540146e-05
54051,195,3.3911536e-05
54051,196,8.03951e-05
54051,197,9.284567e-05
54051,198,6.159162e-05
54051,199,6.2937615e-05
54051,200,0.00046409105
54051,201,0.00016038412
54051,202,0.0006038793
54051,203,0.00037532675
54051,204,0.00038277908
54051,205,0.00027211854
54051,206,0.0002804172
54051,207,0.00037201363
54051,208,8.909832e-05
54051,209,0.00016771768
54051,210,9.8140874e-05
54051,211,4.626495e-05
54051,212,2.9491397e-05
54051,213,1.1381456e-05
54051,214,1.9203217e-05
54051,215,3.941562e-05
54061,73,0.0011568225
54061,74,0.0012572702
54061,75,0.0011787699
54061,76,0.0010415058
54061,77,0.00078332983
54061,78,0.0007742141
54061,79,0.0007266921
54061,80,0.00043492086
54061,81,0.00055484223
54061,82,0.00061628653
54061,83,0.00054751395
54061,84,0.00044674234
54061,85,0.00055812404
54061,86,0.00036567933
54061,87,0.00027623432
54061,88,0.00024376591
54061,89,0.00021778427
54061,90,0.00019394417
54061,91,0.00014204654
54061,92,0.00010093556
54061,93,5.7558616e-05
54061,94,0.000109484135
54061,95,6.7884794e-05
54061,96,8.5136e-05
54061,97,8.2611354e-05
54061,98,0.00021212717
54061,99,0.00020046611
54061,100,0.00017366101
54061,101,0.00022611921
54061,102,0.00015671398
54061,103,0.00021972472
54061,104,0.00023296288
54061,105,0.00025813226
54061,106,0.0002465118
54061,107,0.0006894912
54061,108,0.0010138832
54061,109,0.001378078
54061,110,0.001754248
54061,111,0.0014585988
54061,112,0.0012499725
54061,113,0.0013533029
54061,114,0.0019560035
54061,115,0.0014602903
54061,116,0.0007710636
54061,117,0.0007505242
54061,118,0.0006540961
54061,119,0.00067802274
54061,120,0.00080048037
54061,121,0.0007606559
54061,122,0.00090196554
54061,123,0.00087233016
54061,124,0.0006664401
54061,125,0.0007627199
54061,126,0.00064596895
54061,127,0.0005947964
54061,128,0.0010664299
54061,129,0.00063975365
54061,130,0.0004484818
54061,131,0.0005120462
54061,132,0.00049787987
54061,133,0.00041135532
54061,134,0.00020560212
54061,135,0.00025136847
54061,136,0.00011594305
54061,137,0.0002602519
54061,138,0.00017101521
54061,139,0.0006721595
54061,140,0.0020243663
54061,141,0.001942344
54061,142,0.0017036482
54061,143,0.0016140074
54061,144,0.0015296572
54061,145,0.001874536
54061,146,0.0022235212
54061,147,0.0020714987
54061,148,0.0018996635
54061,149,0.0021826436
54061,150,0.0021336672
54061,151,0.0020387573
54061,152,0.0032696447
54061,153,0.0036197577
54061,154,0.0033282188
54061,155,0.003335539
54061,156,0.003193459
54061,157,0.0032301142
54061,158,0.0023964634
54061,159,0.0015269911
54061,160,0.0021197845
54061,161,0.0015537533
54061,162,0.001000984
54061,163,0.00070500845
54061,164,0.0005399059
54061,165,0.0002932101
54061,166,0.00022197359
54061,167,0.00031901317
54061,168,0.00022130451
54061,169,0.00014173937
54061,170,9.150514e-05
54061,171,6.725682e-05
54061,172,6.319293e-05
54061,173,4.7201207e-05
54061,174,3.5455458e-05
54061,175,5.8944872e-05
54061,176,5.8608006e-05
54061,177,0.00015666404
54061,178,0.00019422315
54061,179,0.00013702139
54061,180,0.00014415038
54061,181,0.00015303577
54061,182,0.00032344545
54061,183,0.00025904234
54061,184,0.0001338611
54061,185,0.00014394835
54061,186,0.0001250808
54061,187,7.321669e-05
54061,188,6.745243e-05
54061,189,8.354853e-05
54061,190,6.337386e-05
54061,191,6.665681e-05
54061,192,4.5843855e-05
54061,193,3.6956488e-05
54061,194,1.1540299e-05
54061,195,7.121252e-06
54061,196,4.4487374e-06
54061,197,5.645637e-06
54061,198,8.760699e-06
54061,199,1.6767128e-05
54061,200,8.56946e-05
54061,201,0.000107334345
54061,202,6.494623e-05
54061,203,8.036437e-05
54061,204,0.00012186538
54061,205,7.128255e-05
54061,206,5.9221256e-05
54061,207,6.0291208e-05
54061,208,2.4258e-05
54061,209,2.2240665e-05
54061,210,5.4093434e-05
54061,211,2.2818282e-05
54061,212,6.7778847e-06
54061,213,8.1115395e-06
54061,214,6.89366e-06
54061,215,1.8316016e-06
54065,73,0.0012891538
54065,74,0.001555418
54065,75,0.0013743262
54065,76,0.0011094558
54065,77,0.0013497595
54065,78,0.0011798379
54065,79,0.0006919428
54065,80,0.0006096791
54065,81,0.0008088914
54065,82,0.00069846807
54065,83,0.0003950036
54065,84,0.0005680177
54065,85,0.00058453967
54065,86,0.00065010606
54065,87,0.0007735001
54065,88,0.0008814566
54065,89,0.0005995511
54065,90,0.00024467934
54065,91,0.0002349122
54065,92,0.00015592639
54065,93,0.00013382157
54065,94,0.00012134231
54065,95,0.00010811913
54065,96,0.00010953203
54065,97,0.00010080056
54065,98,0.000117033596
54065,99,0.00013348096
54065,100,0.00012656602
54065,101,9.0314235e-05
54065,102,7.614844e-05
54065,103,7.6093784e-05
54065,104,0.00012235827
54065,105,8.5320855e-05
54065,106,0.00011754955
54065,107,7.616661e-05
54065,108,0.00011208935
54065,109,0.00013448896
54065,110,0.00011070695
54065,111,7.547788e-05
54065,112,8.2157654e-05
54065,113,4.2388696e-05
54065,114,5.2412182e-05
54065,115,2.317871e-05
54065,116,1.3006571e-05
54065,117,1.2240612e-05
54065,118,1.4647756e-05
54065,119,3.5028545e-05
54065,120,1.3996794e-05
54065,121,3.089883e-06
54065,122,1.9581481e-05
54065,123,6.036994e-05
54065,124,3.6020523e-05
54065,125,8.338604e-05
54065,126,0.00011024002
54065,127,5.9735856e-05
54065,128,7.353567e-05
54065,129,0.00014316489
54065,130,0.000113677386
54065,131,0.00011749162
54065,132,0.00020754103
54065,133,0.00014821968
54065,134,0.00021538006
54065,135,0.00046779407
54065,136,0.000214792
54065,137,0.00061572355
54065,138,0.0009352677
54065,139,0.0013221381
54065,140,0.0012865573
54065,141,0.0004592063
54065,142,0.0012267112
54065,143,0.0013375285
54065,144,0.0014743304
54065,145,0.00087680673
54065,146,0.000717389
54065,147,0.0009124728
54065,148,0.00081216753
54065,149,0.00091612886
54065,150,0.00035683467
54065,151,0.00034283896
54065,152,0.00028598332
54065,153,0.00027452226
54065,154,0.00018798871
54065,155,0.00023884258
54065,156,0.00027492564
54065,157,0.00015286129
54065,158,9.849421e-05
54065,159,6.8960464e-05
54065,160,4.8890684e-05
54065,161,1.7333308e-05
54065,162,1.838433e-05
54065,163,3.262851e-05
54065,164,0.0
54065,165,1.8937097e-05
54065,166,6.3985544e-06
54065,167,1.3467902e-06
54065,168,1.3292002e-06
54065,169,2.5669049e-06
54065,170,7.989745e-06
54065,171,8.060153e-06
54065,172,1.4205284e-05
54065,173,9.457556e-06
54065,174,1.0856905e-05
54065,175,1.0464873e-05
54065,176,2.5087871e-05
54065,177,3.177299e-05
54065,178,4.624156e-05
54065,179,6.249128e-05
54065,180,8.581762e-05
54065,181,7.789628e-05
54065,182,7.056616e-05
54065,183,3.210391e-05
54065,184,1.5275411e-05
54065,185,4.1426323e-05
54065,186,1.5204338e-05
54065,187,1.31785155e-05
54065,188,0.0
54065,189,0.0
54065,190,0.0
54065,191,2.4036487e-07
54065,192,7.2633804e-07
54065,193,3.0493797e-07
54065,194,4.646623e-07
54065,195,7.992202e-07
54065,196,1.8318483e-08
54065,197,1.0391108e-06
54065,198,5.249561e-06
54065,199,1.4932586e-05
54065,200,1.4027668e-05
54065,201,1.2694402e-05
54065,202,1.4572434e-05
54065,203,2.0446172e-05
54065,204,2.6013502e-05
54065,205,2.1802762e-05
54065,206,3.8018614e-05
54065,207,4.292981e-05
54065,208,1.5985379e-05
54065,209,7.989981e-06
54065,210,1.6323038e-05
54065,211,6.1627793e-06
54065,212,4.8242637e-06
54065,213,1.563062e-06
54065,214,3.453395e-06
54065,215,1.0284502e-09
