fipsCode,hour,osi_pred
18001,73,0.007099202
18001,74,0.007378171
18001,75,0.0065857857
18001,76,0.0060856063
18001,77,0.006010411
18001,78,0.0059592025
18001,79,0.005196467
18001,80,0.004307729
18001,81,0.0038484524
18001,82,0.0031853346
18001,83,0.0028514115
18001,84,0.002793809
18001,85,0.0021242378
18001,86,0.0016487491
18001,87,0.0015452147
18001,88,0.0012670417
18001,89,0.0011060706
18001,90,0.00093242014
18001,91,0.00079974683
18001,92,0.00075835356
18001,93,0.0009443748
18001,94,0.0009513859
18001,95,0.0008775589
18001,96,0.0009687913
18001,97,0.00093340804
18001,98,0.0009611398
18001,99,0.0010457493
18001,100,0.0009976808
18001,101,0.0009470383
18001,102,0.0007997096
18001,103,0.00071940565
18001,104,0.00095327775
18001,105,0.0006870333
18001,106,0.0006013171
18001,107,0.0008903749
18001,108,0.0031590252
18001,109,0.0031175795
18001,110,0.0033419451
18001,111,0.0030245376
18001,112,0.0022384287
18001,113,0.0023838924
18001,114,0.0024665685
18001,115,0.0029636757
18001,116,0.0028600085
18001,117,0.0023205285
18001,118,0.001901573
18001,119,0.0028305626
18001,120,0.0013733058
18001,121,0.0021302646
18001,122,0.005385954
18001,123,0.008229935
18001,124,0.00959916
18001,125,0.010009935
18001,126,0.009531164
18001,127,0.008342293
18001,128,0.0072411615
18001,129,0.005900678
18001,130,0.0045810724
18001,131,0.003515679
18001,132,0.0027967414
18001,133,0.0020527847
18001,134,0.0013137956
18001,135,0.001186835
18001,136,0.00086922414
18001,137,0.0006855792
18001,138,0.00032449444
18001,139,0.0005662641
18001,140,0.0011245185
18001,141,0.0013472975
18001,142,0.0012687295
18001,143,0.00073569454
18001,144,0.0004967038
18001,145,0.00050030847
18001,146,0.0005510654
18001,147,0.00057646335
18001,148,0.0005966237
18001,149,0.00091230276
18001,150,0.0010671163
18001,151,0.0009789726
18001,152,0.0011498033
18001,153,0.0008566227
18001,154,0.00054693996
18001,155,0.00048051577
18001,156,0.00056398095
18001,157,0.0011031223
18001,158,0.0010045454
18001,159,0.0005500392
18001,160,0.00024409135
18001,161,4.105568e-05
18001,162,4.1310588e-05
18001,163,0.0
18001,164,0.0
18001,165,0.00011685987
18001,166,0.0002838709
18001,167,0.00020957967
18001,168,1.02412705e-05
18001,169,5.847653e-05
18001,170,0.00034229635
18001,171,0.0004757144
18001,172,0.00056807935
18001,173,0.0004972203
18001,174,0.00050509593
18001,175,0.0006978067
18001,176,0.00094839593
18001,177,0.00071523583
18001,178,0.00036724014
18001,179,0.00013986249
18001,180,0.0002233082
18001,181,0.00011325359
18001,182,0.00026575982
18001,183,0.00012958844
18001,184,0.0
18001,185,0.00017378113
18001,186,0.00020519397
18001,187,0.00018304527
18001,188,0.00029479165
18001,189,0.00051143346
18001,190,0.0006221823
18001,191,0.0006258979
18001,192,0.0005966238
18001,193,0.00050914806
18001,194,0.00049126166
18001,195,0.0006329981
18001,196,0.00062495156
18001,197,0.00084970414
18001,198,0.0013971878
18001,199,0.0010246079
18001,200,0.0008427238
18001,201,0.00070098246
18001,202,0.0005015258
18001,203,0.00061343017
18001,204,0.0004710253
18001,205,0.00041995646
18001,206,0.00021184643
18001,207,4.5041044e-05
18001,208,6.685118e-05
18001,209,4.8503876e-05
18001,210,0.0
18001,211,0.00040302216
18001,212,0.0007906167
18001,213,0.0005287005
18001,214,0.0003348388
18001,215,0.0003729393
18003,73,0.009460819
18003,74,0.008583098
18003,75,0.00755973
18003,76,0.0074046976
18003,77,0.007839599
18003,78,0.008133981
18003,79,0.007785084
18003,80,0.0076813125
18003,81,0.006798484
18003,82,0.0058978535
18003,83,0.0054350183
18003,84,0.004996001
18003,85,0.004145081
18003,86,0.003356847
18003,87,0.0028544236
18003,88,0.0024878972
18003,89,0.0024074605
18003,90,0.0022737952
18003,91,0.0020718162
18003,92,0.002156835
18003,93,0.002495434
18003,94,0.0023584906
18003,95,0.00165046
18003,96,0.0013576576
18003,97,0.0011403505
18003,98,0.001184301
18003,99,0.0012958245
18003,100,0.0013525109
18003,101,0.0012322322
18003,102,0.0012444456
18003,103,0.0010844853
18003,104,0.001128882
18003,105,0.0010545495
18003,106,0.0008293959
18003,107,0.001100262
18003,108,0.0023581425
18003,109,0.003682407
18003,110,0.0044339574
18003,111,0.0035759734
18003,112,0.0029438843
18003,113,0.0027079554
18003,114,0.0026405617
18003,115,0.0025183763
18003,116,0.001987596
18003,117,0.001807024
18003,118,0.0013977162
18003,119,0.0023907905
18003,120,0.0025861347
18003,121,0.002374146
18003,122,0.0018450987
18003,123,0.002446882
18003,124,0.0028207796
18003,125,0.0029106054
18003,126,0.003111813
18003,127,0.003341954
18003,128,0.0037193163
18003,129,0.003900713
18003,130,0.0036111865
18003,131,0.0027942825
18003,132,0.0023803236
18003,133,0.0019548817
18003,134,0.0015645116
18003,135,0.001171224
18003,136,0.0007054921
18003,137,0.0007386577
18003,138,0.0005900427
18003,139,0.00058425765
18003,140,0.0008391192
18003,141,0.00082265673
18003,142,0.0006719377
18003,143,0.0005058501
18003,144,0.00017546276
18003,145,0.00011197309
18003,146,0.0
18003,147,0.0
18003,148,0.0
18003,149,0.0
18003,150,6.044904e-05
18003,151,4.8717062e-05
18003,152,6.54763e-05
18003,153,0.00016756872
18003,154,0.00030045887
18003,155,0.00043026943
18003,156,0.0005280904
18003,157,0.0006474394
18003,158,0.000512924
18003,159,0.00029774068
18003,160,0.0
18003,161,0.0
18003,162,0.0
18003,163,0.0
18003,164,0.00014560361
18003,165,0.00021012167
18003,166,0.0
18003,167,0.0
18003,168,3.5571455e-05
18003,169,4.666388e-05
18003,170,0.0001478519
18003,171,0.00021441618
18003,172,0.00017552912
18003,173,0.00017884851
18003,174,0.00023525217
18003,175,0.0003064511
18003,176,0.0004677095
18003,177,0.0005467232
18003,178,0.00034474433
18003,179,7.7529156e-05
18003,180,4.222254e-05
18003,181,0.0
18003,182,7.8739526e-05
18003,183,2.9913384e-05
18003,184,0.0
18003,185,0.0
18003,186,0.0
18003,187,5.9532522e-05
18003,188,0.00012889426
18003,189,8.106251e-05
18003,190,0.0002632326
18003,191,0.00027882616
18003,192,0.00039629976
18003,193,0.00031012556
18003,194,0.00029236815
18003,195,0.00047561942
18003,196,0.0007073617
18003,197,0.001575636
18003,198,0.00021920165
18003,199,0.00014886042
18003,200,0.00062456826
18003,201,0.0006009309
18003,202,0.0005001414
18003,203,0.00016916632
18003,204,0.00013937552
18003,205,0.00018765769
18003,206,0.000121183395
18003,207,0.0
18003,208,0.0
18003,209,0.0
18003,210,0.0
18003,211,0.0
18003,212,0.00015846094
18003,213,0.0004280867
18003,214,0.00024231692
18003,215,0.00030507764
18005,73,0.0011131392
18005,74,0.0015127563
18005,75,0.0009800758
18005,76,0.0004519695
18005,77,6.381194e-05
18005,78,0.00018235305
18005,79,0.0005432764
18005,80,0.00035771032
18005,81,0.0003161679
18005,82,0.0003517443
18005,83,0.0005070113
18005,84,0.0005482091
18005,85,0.0003874745
18005,86,0.00024379016
18005,87,0.00018829008
18005,88,0.0
18005,89,0.0
18005,90,0.0
18005,91,5.0542753e-06
18005,92,0.00011654834
18005,93,0.00031036497
18005,94,0.00025016864
18005,95,0.00025461236
18005,96,0.00016822378
18005,97,0.00011673172
18005,98,0.00015398185
18005,99,5.649308e-05
18005,100,0.0001836302
18005,101,0.0002663523
18005,102,0.00036692442
18005,103,0.00017421386
18005,104,0.0
18005,105,0.0
18005,106,0.0
18005,107,0.0014788909
18005,108,0.010089796
18005,109,0.018534612
18005,110,0.022972373
18005,111,0.02434615
18005,112,0.02172494
18005,113,0.017130412
18005,114,0.013855543
18005,115,0.01071036
18005,116,0.007878404
18005,117,0.00602468
18005,118,0.0060612196
18005,119,0.006977292
18005,120,0.008287422
18005,121,0.007035108
18005,122,0.0058309967
18005,123,0.0040832018
18005,124,0.0031175425
18005,125,0.0028693199
18005,126,0.0030572768
18005,127,0.0031101445
18005,128,0.002925959
18005,129,0.00285547
18005,130,0.0027763234
18005,131,0.002510112
18005,132,0.0020162791
18005,133,0.0015767665
18005,134,0.0013371306
18005,135,0.0011944971
18005,136,0.0010645835
18005,137,0.0009790023
18005,138,0.00084596634
18005,139,0.00090228225
18005,140,0.00082434854
18005,141,0.0010253185
18005,142,0.00092625106
18005,143,0.00096276426
18005,144,0.0012097724
18005,145,0.0012279969
18005,146,0.0010943309
18005,147,0.001147047
18005,148,0.0012479421
18005,149,0.0012424294
18005,150,0.00111471
18005,151,0.0010305316
18005,152,0.0011517289
18005,153,0.0011931392
18005,154,0.0009588787
18005,155,0.0007508272
18005,156,0.0007346956
18005,157,0.000621078
18005,158,0.0008120068
18005,159,0.0005026414
18005,160,0.0003245155
18005,161,0.00036536713
18005,162,0.00036060708
18005,163,0.00030491233
18005,164,0.0006002138
18005,165,0.0005131173
18005,166,0.00017917177
18005,167,0.00027460614
18005,168,0.00022989055
18005,169,0.00017705241
18005,170,0.0003727172
18005,171,0.0003576082
18005,172,0.0002802823
18005,173,0.00034493406
18005,174,0.00034774025
18005,175,0.0003313647
18005,176,0.0001768144
18005,177,7.1498354e-05
18005,178,0.0
18005,179,0.0005173014
18005,180,0.00082742254
18005,181,0.00026019712
18005,182,0.0
18005,183,0.00010967493
18005,184,8.1420345e-05
18005,185,7.281383e-05
18005,186,0.00014936109
18005,187,0.0002783084
18005,188,0.0002832504
18005,189,0.00018206716
18005,190,0.00029975493
18005,191,0.00038285332
18005,192,0.00038178443
18005,193,0.0003242193
18005,194,0.0003354923
18005,195,0.00035817426
18005,196,0.00038164516
18005,197,0.00043011864
18005,198,0.00048788625
18005,199,0.0005076997
18005,200,0.0005223435
18005,201,0.0003400324
18005,202,0.00022211591
18005,203,0.00021956065
18005,204,8.7600754e-05
18005,205,0.0
18005,206,0.0
18005,207,0.00017327866
18005,208,3.594895e-05
18005,209,0.0
18005,210,0.0
18005,211,0.00019863328
18005,212,0.00020659188
18005,213,0.00015682718
18005,214,0.0004375146
18005,215,0.00016781151
18007,73,0.0
18007,74,0.0
18007,75,0.000221984
18007,76,0.00064331153
18007,77,0.0009652382
18007,78,0.0004895924
18007,79,4.182458e-06
18007,80,0.0
18007,81,0.00016477743
18007,82,0.00038868646
18007,83,0.0004312746
18007,84,0.00038947462
18007,85,0.00023432949
18007,86,0.0
18007,87,0.0
18007,88,2.466619e-05
18007,89,0.0
18007,90,0.0
18007,91,0.0
18007,92,0.0
18007,93,0.0
18007,94,0.0
18007,95,0.0
18007,96,0.0
18007,97,0.0
18007,98,0.0
18007,99,0.0
18007,100,0.0
18007,101,5.2561165e-05
18007,102,0.00047240872
18007,103,0.0002613624
18007,104,0.00028245666
18007,105,0.00022336304
18007,106,0.0007886831
18007,107,0.00039085466
18007,108,0.0020702619
18007,109,0.002207466
18007,110,0.0016247644
18007,111,0.0033293592
18007,112,0.0047890856
18007,113,0.0059670373
18007,114,0.007835167
18007,115,0.010749358
18007,116,0.0085233245
18007,117,0.0074403863
18007,118,0.008908149
18007,119,0.009388928
18007,120,0.010121159
18007,121,0.00815084
18007,122,0.0067699067
18007,123,0.006218222
18007,124,0.0052123936
18007,125,0.004518906
18007,126,0.0041375062
18007,127,0.0039922344
18007,128,0.0037436844
18007,129,0.0033706736
18007,130,0.0030567404
18007,131,0.0029177514
18007,132,0.0028734026
18007,133,0.002691862
18007,134,0.0027799436
18007,135,0.0026793117
18007,136,0.0022093423
18007,137,0.0016825752
18007,138,0.0010486888
18007,139,0.00044923008
18007,140,0.00051224726
18007,141,0.00045586485
18007,142,0.00022189737
18007,143,0.00064567366
18007,144,0.0009162394
18007,145,0.0005616079
18007,146,0.00053343014
18007,147,0.0009455921
18007,148,0.0011144554
18007,149,0.0015155902
18007,150,0.0019564624
18007,151,0.0019272876
18007,152,0.0017089526
18007,153,0.0015493281
18007,154,0.0018688143
18007,155,0.002189308
18007,156,0.002400232
18007,157,0.0016191606
18007,158,0.0005689096
18007,159,0.000408233
18007,160,0.00036454757
18007,161,0.00037294847
18007,162,0.0002897215
18007,163,0.0007982156
18007,164,0.0010939094
18007,165,0.00046609025
18007,166,0.00011844675
18007,167,0.00011023879
18007,168,0.00036687742
18007,169,0.00053221465
18007,170,0.00059304765
18007,171,0.00015533905
18007,172,0.00070410885
18007,173,0.0012073498
18007,174,0.00090496155
18007,175,0.00011562903
18007,176,0.0013348211
18007,177,0.0037158024
18007,178,0.004666159
18007,179,0.0039021668
18007,180,0.0035434747
18007,181,0.0028504573
18007,182,0.0011916921
18007,183,0.0
18007,184,0.0
18007,185,0.0
18007,186,0.0007021105
18007,187,0.0005986575
18007,188,0.00048094642
18007,189,9.0736256e-05
18007,190,0.000667603
18007,191,0.00083517755
18007,192,0.0010356825
18007,193,0.0010611528
18007,194,0.00080307125
18007,195,0.0006999431
18007,196,0.0005473587
18007,197,0.00056458847
18007,198,0.0004982635
18007,199,0.0009230319
18007,200,0.0007821891
18007,201,0.00040746163
18007,202,0.00029291114
18007,203,0.00061270705
18007,204,0.0006773651
18007,205,0.00014893184
18007,206,0.0
18007,207,0.0
18007,208,0.0
18007,209,0.0
18007,210,0.0
18007,211,0.0
18007,212,0.0
18007,213,1.1004209e-05
18007,214,0.0
18007,215,1.3703903e-05
18011,73,0.0
18011,74,0.00026468575
18011,75,0.00028733214
18011,76,0.00026278774
18011,77,0.00071821094
18011,78,0.0006162701
18011,79,0.00046476364
18011,80,0.00048939826
18011,81,0.00035543324
18011,82,0.00020763636
18011,83,0.00017412424
18011,84,0.0002139902
18011,85,0.00021688202
18011,86,0.00015639306
18011,87,0.00015240471
18011,88,0.000118228396
18011,89,0.000107266904
18011,90,0.00014274915
18011,91,0.00025720597
18011,92,0.00030292114
18011,93,0.00019242287
18011,94,0.000109957655
18011,95,8.597593e-05
18011,96,5.003353e-05
18011,97,6.1930616e-05
18011,98,5.0173603e-05
18011,99,2.2339027e-05
18011,100,0.000113363865
18011,101,0.00019542119
18011,102,0.00027211805
18011,103,0.00025701345
18011,104,0.000455104
18011,105,0.0006540092
18011,106,0.0008421078
18011,107,0.0014877144
18011,108,0.0022591194
18011,109,0.0020851945
18011,110,0.0021318225
18011,111,0.0017754511
18011,112,0.001916216
18011,113,0.0015851043
18011,114,0.001123794
18011,115,0.0012364748
18011,116,0.0012796281
18011,117,0.0015145977
18011,118,0.002462911
18011,119,0.0020535446
18011,120,0.001236566
18011,121,0.002301057
18011,122,0.0026655903
18011,123,0.0028733185
18011,124,0.002817998
18011,125,0.0026878759
18011,126,0.0026666715
18011,127,0.0025837836
18011,128,0.00223415
18011,129,0.0016661175
18011,130,0.001343603
18011,131,0.0011300433
18011,132,0.00090818346
18011,133,0.00070851267
18011,134,0.00040769594
18011,135,0.0003053842
18011,136,0.00013381422
18011,137,2.068599e-05
18011,138,0.0
18011,139,0.0
18011,140,0.0
18011,141,0.0
18011,142,0.0
18011,143,0.0
18011,144,0.0
18011,145,0.0
18011,146,0.0
18011,147,0.00014486571
18011,148,0.0
18011,149,6.113788e-05
18011,150,0.00026239574
18011,151,0.00044035018
18011,152,0.0005676125
18011,153,0.0006468252
18011,154,0.0006782049
18011,155,0.00052509265
18011,156,0.00032409967
18011,157,0.00021785936
18011,158,0.00018298149
18011,159,0.00022661427
18011,160,0.00035835308
18011,161,0.00036064046
18011,162,0.00031049133
18011,163,0.00024772107
18011,164,0.00039379357
18011,165,0.00033725757
18011,166,0.00016804913
18011,167,9.8519726e-05
18011,168,8.599659e-05
18011,169,8.741836e-05
18011,170,0.00010050416
18011,171,0.00011889796
18011,172,0.00019461096
18011,173,0.00025676808
18011,174,0.00030402024
18011,175,0.00029119768
18011,176,0.0
18011,177,0.0
18011,178,0.0
18011,179,0.00030702908
18011,180,0.00040174942
18011,181,0.0
18011,182,0.0
18011,183,0.0
18011,184,0.0
18011,185,0.0
18011,186,0.0
18011,187,0.0
18011,188,0.0
18011,189,9.0027854e-05
18011,190,0.00024831554
18011,191,0.00029646914
18011,192,0.00033379515
18011,193,0.0005045253
18011,194,0.00034758745
18011,195,0.00036012311
18011,196,0.00046525997
18011,197,0.0005658537
18011,198,0.00070544926
18011,199,0.00081508374
18011,200,0.0008550113
18011,201,0.00061724486
18011,202,0.00026789703
18011,203,1.8747449e-05
18011,204,0.0
18011,205,0.0
18011,206,0.0
18011,207,0.0
18011,208,0.0
18011,209,0.0
18011,210,0.0
18011,211,0.00017829021
18011,212,0.00051288726
18011,213,0.0004715566
18011,214,0.0002861605
18011,215,0.00029558598
18015,73,0.0004769684
18015,74,0.0018158054
18015,75,0.0013212794
18015,76,0.0012270089
18015,77,0.0012399661
18015,78,0.0012149834
18015,79,0.0010242006
18015,80,0.0008726605
18015,81,0.00092893624
18015,82,0.0011935955
18015,83,0.0012054455
18015,84,0.0008769423
18015,85,0.00075406616
18015,86,0.0008381017
18015,87,0.00073648937
18015,88,0.0004954779
18015,89,0.0004218616
18015,90,0.00046063322
18015,91,0.0005839284
18015,92,0.00064017676
18015,93,0.0005518184
18015,94,0.0004829033
18015,95,0.0005576352
18015,96,0.0005620929
18015,97,0.00061342516
18015,98,0.0005236854
18015,99,0.0005777633
18015,100,0.00064639864
18015,101,0.0006818089
18015,102,0.0004751879
18015,103,0.00051719276
18015,104,0.00063834817
18015,105,0.0009110341
18015,106,0.0012995661
18015,107,0.001485147
18015,108,0.00159462
18015,109,0.00252148
18015,110,0.0020330853
18015,111,0.0019196634
18015,112,0.0024182932
18015,113,0.0009370026
18015,114,0.0022102003
18015,115,0.0020391976
18015,116,0.0024736405
18015,117,0.0027657894
18015,118,0.0029919299
18015,119,0.00176858
18015,120,0.002331051
18015,121,0.0028272537
18015,122,0.0030419766
18015,123,0.0030602794
18015,124,0.0029923108
18015,125,0.0026646445
18015,126,0.0026096362
18015,127,0.0025581322
18015,128,0.0021338372
18015,129,0.0016684603
18015,130,0.0012275542
18015,131,0.00096347055
18015,132,0.0008802018
18015,133,0.00096271216
18015,134,0.00085971475
18015,135,0.0006874919
18015,136,0.0007630094
18015,137,0.00048283578
18015,138,0.0006003733
18015,139,0.0
18015,140,0.0
18015,141,0.0
18015,142,0.0
18015,143,2.071023e-05
18015,144,0.0
18015,145,6.4478714e-05
18015,146,6.94418e-05
18015,147,0.00012165208
18015,148,0.0
18015,149,0.00019126138
18015,150,0.00042078496
18015,151,0.0007705923
18015,152,0.00082511327
18015,153,0.00077494525
18015,154,0.0005477969
18015,155,0.00053459924
18015,156,0.00048100154
18015,157,0.00044106762
18015,158,0.00033548515
18015,159,0.00017441929
18015,160,0.00010688086
18015,161,0.0002695634
18015,162,0.0003721376
18015,163,0.000332707
18015,164,0.00039241154
18015,165,0.0005147515
18015,166,0.00044377547
18015,167,0.00026749272
18015,168,0.00020582517
18015,169,0.00016308804
18015,170,0.00018594721
18015,171,0.00027148583
18015,172,0.00034309606
18015,173,0.00041554033
18015,174,0.00063126185
18015,175,0.0006293438
18015,176,0.00040556848
18015,177,0.00034313917
18015,178,0.0002646657
18015,179,0.00023999353
18015,180,0.00053705217
18015,181,0.0005678276
18015,182,0.00019729814
18015,183,0.0
18015,184,0.0
18015,185,0.0
18015,186,0.0
18015,187,0.00015514751
18015,188,0.00023331324
18015,189,0.00035313805
18015,190,0.0005853439
18015,191,0.0006699562
18015,192,0.0005853073
18015,193,0.00055981317
18015,194,0.000533127
18015,195,0.00066187524
18015,196,0.00071807095
18015,197,0.0007619784
18015,198,0.00075837673
18015,199,0.0007654933
18015,200,0.0006983751
18015,201,0.00057635905
18015,202,0.0006360813
18015,203,0.0006413182
18015,204,0.0005242342
18015,205,9.623487e-05
18015,206,0.00013848602
18015,207,5.928e-05
18015,208,0.0
18015,209,0.0
18015,210,0.0
18015,211,0.0007646275
18015,212,0.0006870914
18015,213,0.0006993341
18015,214,0.0008602313
18015,215,0.0011260763
18017,73,5.6298577e-05
18017,74,0.0017315699
18017,75,0.002097118
18017,76,0.0018593101
18017,77,0.0015338011
18017,78,0.001927538
18017,79,0.001319006
18017,80,0.0011319732
18017,81,0.0012483535
18017,82,0.001364753
18017,83,0.0012937349
18017,84,0.0012519611
18017,85,0.0011817175
18017,86,0.001169809
18017,87,0.0009840691
18017,88,0.00071553
18017,89,0.00057117036
18017,90,0.0005779682
18017,91,0.0006365436
18017,92,0.00055401464
18017,93,0.0004930167
18017,94,0.00050284347
18017,95,0.0006224312
18017,96,0.00065115927
18017,97,0.00053864793
18017,98,0.0005626442
18017,99,0.0006127435
18017,100,0.0006241821
18017,101,0.0006162505
18017,102,0.0003733647
18017,103,0.00046317955
18017,104,0.00050638855
18017,105,0.0006703194
18017,106,0.0009975815
18017,107,0.0012057048
18017,108,0.001631474
18017,109,0.0024766647
18017,110,0.0018397773
18017,111,0.0014519587
18017,112,0.002243468
18017,113,0.0013822897
18017,114,0.002241508
18017,115,0.0020050541
18017,116,0.0021946908
18017,117,0.0019648308
18017,118,0.002148158
18017,119,0.0005387789
18017,120,0.0
18017,121,0.00118548
18017,122,0.0017368941
18017,123,0.00211531
18017,124,0.0022673367
18017,125,0.0023458772
18017,126,0.0022807247
18017,127,0.002290179
18017,128,0.001966515
18017,129,0.0016046488
18017,130,0.0013102277
18017,131,0.0011560286
18017,132,0.0010176796
18017,133,0.0009783037
18017,134,0.0009056469
18017,135,0.00092054764
18017,136,0.0009787444
18017,137,0.0009016975
18017,138,0.0010461903
18017,139,0.0006788605
18017,140,0.00019981564
18017,141,0.00033072234
18017,142,0.000338584
18017,143,0.0002900658
18017,144,0.00028499603
18017,145,0.00036503535
18017,146,0.00021650514
18017,147,0.00018913447
18017,148,0.00018203656
18017,149,0.0005128108
18017,150,0.00085195637
18017,151,0.0008671693
18017,152,0.00074604986
18017,153,0.0006545051
18017,154,0.0005822055
18017,155,0.00054684357
18017,156,0.0003757183
18017,157,0.00032764912
18017,158,0.00029771845
18017,159,0.0002240763
18017,160,0.00025704264
18017,161,0.0003675898
18017,162,0.00038202005
18017,163,0.00037386257
18017,164,0.00053334376
18017,165,0.0005328661
18017,166,0.0004303962
18017,167,0.00026902993
18017,168,0.00030803343
18017,169,0.0002590575
18017,170,0.00020168563
18017,171,0.00023426692
18017,172,0.0003383275
18017,173,0.0004484777
18017,174,0.0005887848
18017,175,0.00059159956
18017,176,0.000429401
18017,177,0.00028640966
18017,178,0.00022150377
18017,179,0.0003972872
18017,180,0.00053257303
18017,181,0.00078166614
18017,182,0.00040574413
18017,183,0.00018898546
18017,184,0.00013042192
18017,185,0.0
18017,186,0.0
18017,187,0.0
18017,188,0.00022519073
18017,189,0.00043150384
18017,190,0.0006419673
18017,191,0.0006787429
18017,192,0.0005693787
18017,193,0.00056173484
18017,194,0.0005802105
18017,195,0.00077570317
18017,196,0.00081662065
18017,197,0.0007286123
18017,198,0.00054775167
18017,199,0.0006461053
18017,200,0.0004808736
18017,201,0.000565871
18017,202,0.00078850926
18017,203,0.0008417988
18017,204,0.00047668535
18017,205,0.00016802689
18017,206,0.00026625275
18017,207,4.395306e-05
18017,208,0.0
18017,209,0.0
18017,210,0.0
18017,211,0.00052919943
18017,212,0.00078446185
18017,213,0.0009015865
18017,214,0.0010603586
18017,215,0.00093024457
18019,73,0.00049444067
18019,74,0.00088129693
18019,75,0.0003497086
18019,76,0.0
18019,77,0.0
18019,78,0.0
18019,79,0.0003816648
18019,80,0.0005522935
18019,81,0.0004999071
18019,82,0.00039330262
18019,83,0.0006554798
18019,84,0.0006073275
18019,85,0.00035019714
18019,86,0.000119432705
18019,87,0.0
18019,88,0.0
18019,89,0.0
18019,90,0.0
18019,91,0.0
18019,92,0.0
18019,93,0.0
18019,94,0.0
18019,95,0.0
18019,96,0.0
18019,97,0.0
18019,98,0.0
18019,99,4.288117e-05
18019,100,0.00020212015
18019,101,0.00042968174
18019,102,0.00036391674
18019,103,0.00042117716
18019,104,0.00039231835
18019,105,0.00046105275
18019,106,0.0011208982
18019,107,0.0017350746
18019,108,0.00275665
18019,109,0.006282626
18019,110,0.007447698
18019,111,0.0065219505
18019,112,0.0059011965
18019,113,0.0055094725
18019,114,0.0051313783
18019,115,0.004010984
18019,116,0.0026083884
18019,117,0.0025431
18019,118,0.0028225293
18019,119,0.0028681054
18019,120,0.0044273078
18019,121,0.0049829856
18019,122,0.004775165
18019,123,0.004244032
18019,124,0.0035488748
18019,125,0.0031054285
18019,126,0.002713989
18019,127,0.0026350277
18019,128,0.0022939057
18019,129,0.0019077392
18019,130,0.0017844181
18019,131,0.001749133
18019,132,0.0016465108
18019,133,0.0013912438
18019,134,0.0011181632
18019,135,0.0009924129
18019,136,0.000982587
18019,137,0.0007903584
18019,138,0.00078545907
18019,139,0.0007883028
18019,140,0.0005554833
18019,141,0.0005915564
18019,142,0.0007347703
18019,143,0.0007123748
18019,144,0.0007078823
18019,145,0.0008736112
18019,146,0.00080514053
18019,147,0.0009374386
18019,148,0.0011411898
18019,149,0.0011180292
18019,150,0.0011646322
18019,151,0.0012095836
18019,152,0.0009767741
18019,153,0.0010155665
18019,154,0.0009869918
18019,155,0.00066461245
18019,156,0.0004191361
18019,157,0.00038582087
18019,158,0.0004489122
18019,159,0.0006314236
18019,160,0.0006388243
18019,161,0.00044133645
18019,162,0.0003224067
18019,163,0.0003686434
18019,164,0.00015263398
18019,165,0.00021737794
18019,166,0.0
18019,167,0.00014602185
18019,168,0.00022640327
18019,169,0.00015292267
18019,170,9.5205505e-05
18019,171,8.636077e-05
18019,172,0.00016614815
18019,173,0.00015739897
18019,174,0.00026060818
18019,175,0.0004273041
18019,176,0.0004295419
18019,177,0.00044207872
18019,178,0.00038992244
18019,179,0.00039881904
18019,180,0.0005767433
18019,181,0.0005906373
18019,182,9.484629e-05
18019,183,5.6348643e-05
18019,184,0.000113893555
18019,185,0.00015240352
18019,186,0.0
18019,187,0.0
18019,188,0.0
18019,189,0.00014600257
18019,190,0.0002794558
18019,191,0.0003399108
18019,192,0.00019692877
18019,193,0.00029535414
18019,194,0.00020402351
18019,195,0.00012437742
18019,196,0.00013136228
18019,197,0.00016207
18019,198,0.00024313887
18019,199,0.0003285585
18019,200,0.00030589223
18019,201,0.0001865544
18019,202,4.5610665e-05
18019,203,5.3781867e-05
18019,204,0.0
18019,205,0.0
18019,206,0.0
18019,207,0.0
18019,208,0.0
18019,209,0.0
18019,210,0.0
18019,211,0.0
18019,212,0.0
18019,213,0.0
18019,214,4.063169e-05
18019,215,0.0
18021,73,0.0005621973
18021,74,0.00030981758
18021,75,0.0006104119
18021,76,0.00046906213
18021,77,0.0008674073
18021,78,0.0007110497
18021,79,0.0004995801
18021,80,0.00065984664
18021,81,0.0007313317
18021,82,0.00069172896
18021,83,0.0006018746
18021,84,0.0005412729
18021,85,0.00038509708
18021,86,0.00017851412
18021,87,3.9391914e-05
18021,88,0.0
18021,89,0.0
18021,90,3.6974747e-05
18021,91,0.000217851
18021,92,0.0002770724
18021,93,0.00017493167
18021,94,0.00015690902
18021,95,6.3447354e-05
18021,96,0.0001849725
18021,97,0.0001938214
18021,98,0.00018283447
18021,99,0.00028867443
18021,100,0.0002501605
18021,101,0.00029937865
18021,102,0.00032190303
18021,103,0.00028232016
18021,104,0.0006578974
18021,105,0.0014164756
18021,106,0.0037601897
18021,107,0.0079958895
18021,108,0.011415991
18021,109,0.00934685
18021,110,0.011218879
18021,111,0.014213878
18021,112,0.016373837
18021,113,0.018184349
18021,114,0.017863391
18021,115,0.016929574
18021,116,0.015571627
18021,117,0.018476915
18021,118,0.02261343
18021,119,0.025304964
18021,120,0.020694708
18021,121,0.014292935
18021,122,0.0103368275
18021,123,0.00828723
18021,124,0.006772688
18021,125,0.0054863095
18021,126,0.0044294223
18021,127,0.0034044448
18021,128,0.0030137312
18021,129,0.0028544567
18021,130,0.0023968243
18021,131,0.0020299226
18021,132,0.001854672
18021,133,0.0016137755
18021,134,0.001416944
18021,135,0.001242874
18021,136,0.00091496704
18021,137,0.00089906633
18021,138,0.00080082513
18021,139,0.0010087528
18021,140,0.0010667571
18021,141,0.00088462344
18021,142,0.0012703926
18021,143,0.0013762895
18021,144,0.001220167
18021,145,0.0009872777
18021,146,0.0012367184
18021,147,0.001276449
18021,148,0.0011592403
18021,149,0.0009812997
18021,150,0.0012675558
18021,151,0.0014878495
18021,152,0.0015703441
18021,153,0.0014454317
18021,154,0.0013807411
18021,155,0.0011303703
18021,156,0.0007986354
18021,157,0.0005047454
18021,158,0.0002568682
18021,159,0.00015843609
18021,160,0.00021850923
18021,161,0.00051991583
18021,162,0.00082031725
18021,163,0.0007264184
18021,164,0.0005621336
18021,165,0.0006192507
18021,166,0.0005658086
18021,167,0.00042531907
18021,168,0.0002573186
18021,169,0.00036607284
18021,170,0.00035054368
18021,171,0.00034798819
18021,172,0.00039945822
18021,173,0.00047920228
18021,174,0.0006551176
18021,175,0.0007566353
18021,176,0.0006175463
18021,177,0.0005317209
18021,178,0.00075301615
18021,179,0.0014132779
18021,180,0.00078164856
18021,181,0.00038959365
18021,182,0.0
18021,183,0.0
18021,184,0.0
18021,185,9.4479125e-05
18021,186,9.5626114e-05
18021,187,0.0001730591
18021,188,0.00045085966
18021,189,0.00069205853
18021,190,0.0006698808
18021,191,0.00066752406
18021,192,0.0007302854
18021,193,0.0005533311
18021,194,0.0005707881
18021,195,0.00064816733
18021,196,0.0006986592
18021,197,0.0008020564
18021,198,0.00081775506
18021,199,0.00085864344
18021,200,0.0007804799
18021,201,0.0005793584
18021,202,0.0005053067
18021,203,0.0004078436
18021,204,0.000306739
18021,205,0.00015991727
18021,206,0.00017457744
18021,207,0.00031357925
18021,208,0.00048917515
18021,209,0.0
18021,210,0.0
18021,211,0.0
18021,212,0.00020382107
18021,213,0.00028113267
18021,214,0.0006123786
18021,215,0.00031618832
18031,73,0.0042204307
18031,74,0.004774599
18031,75,0.004106208
18031,76,0.0033032764
18031,77,0.0024802808
18031,78,0.0022146706
18031,79,0.0020361678
18031,80,0.0016598146
18031,81,0.0014811425
18031,82,0.0013802664
18031,83,0.001306958
18031,84,0.0012096104
18031,85,0.0010228025
18031,86,0.0007352721
18031,87,0.0007887129
18031,88,0.0006331459
18031,89,0.0006751128
18031,90,0.0007368922
18031,91,0.00081248186
18031,92,0.00094121834
18031,93,0.00092892884
18031,94,0.0008562511
18031,95,0.00086558796
18031,96,0.0010532964
18031,97,0.0009409163
18031,98,0.000624641
18031,99,0.0003812468
18031,100,0.00041027885
18031,101,0.0004538693
18031,102,0.0005322321
18031,103,0.0005719352
18031,104,0.00012745976
18031,105,0.0
18031,106,0.0
18031,107,0.0020035326
18031,108,0.0063579096
18031,109,0.010565043
18031,110,0.012767173
18031,111,0.014276737
18031,112,0.014667831
18031,113,0.012917502
18031,114,0.01167905
18031,115,0.010798492
18031,116,0.008960148
18031,117,0.006517131
18031,118,0.0059370045
18031,119,0.0054144305
18031,120,0.0059222253
18031,121,0.005884456
18031,122,0.004761736
18031,123,0.0039101886
18031,124,0.0029557003
18031,125,0.0026313523
18031,126,0.0026330375
18031,127,0.0026389332
18031,128,0.002345565
18031,129,0.0017901813
18031,130,0.0013720017
18031,131,0.0011012971
18031,132,0.0008189851
18031,133,0.0008851692
18031,134,0.00094720756
18031,135,0.0010270918
18031,136,0.0008540845
18031,137,0.00071799284
18031,138,0.0006746288
18031,139,0.0009699219
18031,140,0.0006034857
18031,141,0.00079015456
18031,142,0.00084555504
18031,143,0.0011112038
18031,144,0.0010904532
18031,145,0.0012168643
18031,146,0.001220078
18031,147,0.0011224847
18031,148,0.001011289
18031,149,0.0010457251
18031,150,0.00089823303
18031,151,0.0008218136
18031,152,0.0009917811
18031,153,0.0010488835
18031,154,0.0008139175
18031,155,0.0006642314
18031,156,0.00046671927
18031,157,0.00030172805
18031,158,0.0005445026
18031,159,0.0005677382
18031,160,0.00037911613
18031,161,0.00012773137
18031,162,7.7333054e-05
18031,163,7.6684555e-05
18031,164,0.00036824227
18031,165,0.00045522492
18031,166,0.0004776756
18031,167,0.00034895222
18031,168,0.00031932374
18031,169,0.00032715636
18031,170,0.00029653768
18031,171,0.00021996835
18031,172,0.00031142295
18031,173,0.00031746883
18031,174,0.00024193207
18031,175,0.00037163554
18031,176,0.00036276877
18031,177,2.3064811e-05
18031,178,0.0
18031,179,0.00036696988
18031,180,0.0012641475
18031,181,0.0009448121
18031,182,0.00017237404
18031,183,1.9331773e-07
18031,184,0.0001884999
18031,185,0.00033850473
18031,186,0.00040861627
18031,187,0.000322421
18031,188,0.00019974908
18031,189,0.00014349024
18031,190,0.0002371492
18031,191,0.00031751452
18031,192,0.0002600479
18031,193,0.000271556
18031,194,0.0003369667
18031,195,0.0004117602
18031,196,0.00043735583
18031,197,0.00043722292
18031,198,0.00050705747
18031,199,0.0005876343
18031,200,0.00045260746
18031,201,0.00031017582
18031,202,0.00025288723
18031,203,0.00028358935
18031,204,0.00011318008
18031,205,0.0
18031,206,0.0
18031,207,0.0001037987
18031,208,0.0
18031,209,0.0
18031,210,0.0
18031,211,0.00011769254
18031,212,0.00014809828
18031,213,0.00013080538
18031,214,0.00028993248
18031,215,0.00030538716
18049,73,0.0010902731
18049,74,0.001596225
18049,75,0.0021626968
18049,76,0.002704088
18049,77,0.0027386523
18049,78,0.002426036
18049,79,0.0017374229
18049,80,0.0016989954
18049,81,0.0017509182
18049,82,0.0017424237
18049,83,0.0015718656
18049,84,0.0013404028
18049,85,0.0009405037
18049,86,0.0008857018
18049,87,0.0008184894
18049,88,0.00075575017
18049,89,0.00059425016
18049,90,0.0005778694
18049,91,0.0004705419
18049,92,0.0005102541
18049,93,0.0004915082
18049,94,0.0005267763
18049,95,0.0005706386
18049,96,0.00055692554
18049,97,0.0005423983
18049,98,0.0005684938
18049,99,0.0005867688
18049,100,0.0005839827
18049,101,0.0006418532
18049,102,0.00056909205
18049,103,0.0005870817
18049,104,0.00067228137
18049,105,0.00077314116
18049,106,0.0009627562
18049,107,0.00091884186
18049,108,0.0010208944
18049,109,0.0015176499
18049,110,0.0015893314
18049,111,0.0016667078
18049,112,0.0026822917
18049,113,0.0026625916
18049,114,0.002500287
18049,115,0.0022251767
18049,116,0.0021439667
18049,117,0.0021442221
18049,118,0.0025110124
18049,119,0.00266762
18049,120,0.0013670288
18049,121,0.0014617825
18049,122,0.0015130137
18049,123,0.0014814021
18049,124,0.0015955392
18049,125,0.0017468536
18049,126,0.0017318433
18049,127,0.001762536
18049,128,0.0015909739
18049,129,0.0014495795
18049,130,0.0012847263
18049,131,0.0012347364
18049,132,0.0010749993
18049,133,0.0008511522
18049,134,0.00077766296
18049,135,0.0009415921
18049,136,0.0010874877
18049,137,0.00101584
18049,138,0.0010665772
18049,139,0.0009813162
18049,140,0.0007739091
18049,141,0.0006756818
18049,142,0.000714343
18049,143,0.0006335469
18049,144,0.00065588177
18049,145,0.0008511746
18049,146,0.00097304006
18049,147,0.0011001994
18049,148,0.0012767095
18049,149,0.001419017
18049,150,0.001535834
18049,151,0.0013319413
18049,152,0.0015237902
18049,153,0.0020427972
18049,154,0.0025058326
18049,155,0.002765099
18049,156,0.0024850774
18049,157,0.0015785386
18049,158,0.00076027133
18049,159,0.0002065899
18049,160,0.00014033179
18049,161,0.00030864874
18049,162,0.0004330659
18049,163,0.00066453853
18049,164,0.0008312104
18049,165,0.0006974459
18049,166,0.0004928106
18049,167,0.00041049023
18049,168,0.00044593256
18049,169,0.0005004243
18049,170,0.0004779293
18049,171,0.0004649647
18049,172,0.00043457805
18049,173,0.0004552869
18049,174,0.0006909404
18049,175,0.0006624574
18049,176,0.0007157292
18049,177,0.0006786567
18049,178,0.0006549122
18049,179,0.00053902523
18049,180,0.0006893524
18049,181,0.0006762282
18049,182,0.00044174254
18049,183,0.00030095558
18049,184,0.00012532393
18049,185,0.00014332672
18049,186,7.588923e-05
18049,187,0.0003185155
18049,188,0.00036176245
18049,189,0.0004804842
18049,190,0.0005875403
18049,191,0.0005875349
18049,192,0.00036380131
18049,193,0.00029379092
18049,194,0.000347593
18049,195,0.00045900742
18049,196,0.00062874646
18049,197,0.0005020911
18049,198,0.00064642006
18049,199,0.00028446416
18049,200,0.00026953916
18049,201,0.000558341
18049,202,0.0006333039
18049,203,0.00065833755
18049,204,0.00046541053
18049,205,0.00039142708
18049,206,0.00020725607
18049,207,0.0
18049,208,0.0
18049,209,0.0
18049,210,0.0
18049,211,0.0005926439
18049,212,0.000497787
18049,213,0.00053646584
18049,214,0.00055994926
18049,215,0.00058281585
18053,73,0.0129494965
18053,74,0.011737661
18053,75,0.01077434
18053,76,0.010200322
18053,77,0.00968034
18053,78,0.008856512
18053,79,0.0074837
18053,80,0.0066157063
18053,81,0.006158876
18053,82,0.0058748038
18053,83,0.0052447277
18053,84,0.0045891427
18053,85,0.0042366865
18053,86,0.0039509935
18053,87,0.0035778834
18053,88,0.003140936
18053,89,0.0028404985
18053,90,0.0026511308
18053,91,0.002295172
18053,92,0.0020045273
18053,93,0.0018831778
18053,94,0.0016467501
18053,95,0.0015324418
18053,96,0.0014537466
18053,97,0.0012358702
18053,98,0.0011990851
18053,99,0.0011310325
18053,100,0.0011386601
18053,101,0.0011725011
18053,102,0.0011465626
18053,103,0.0013216786
18053,104,0.001086153
18053,105,0.0010047343
18053,106,0.0014444125
18053,107,0.0022481338
18053,108,0.0034030743
18053,109,0.003815389
18053,110,0.0031970008
18053,111,0.002269032
18053,112,0.0020611738
18053,113,0.0022520856
18053,114,0.001892413
18053,115,0.0019143601
18053,116,0.0016101869
18053,117,0.001726406
18053,118,0.002358586
18053,119,0.002524648
18053,120,0.00180753
18053,121,0.0013385345
18053,122,0.002538757
18053,123,0.0032385169
18053,124,0.0033610954
18053,125,0.0033917536
18053,126,0.0033648787
18053,127,0.0031928625
18053,128,0.0027794847
18053,129,0.0021445497
18053,130,0.0015497643
18053,131,0.0015304376
18053,132,0.0013163734
18053,133,0.0010565928
18053,134,0.00092287204
18053,135,0.0007395244
18053,136,0.00084616186
18053,137,0.0006242788
18053,138,0.0005275504
18053,139,0.0004988903
18053,140,0.000501432
18053,141,0.0003633809
18053,142,0.00030478754
18053,143,0.00018124163
18053,144,0.0
18053,145,0.00013418
18053,146,0.00010229886
18053,147,0.00022701462
18053,148,0.00017711958
18053,149,0.00040329772
18053,150,0.00058894156
18053,151,0.0008380967
18053,152,0.00072482706
18053,153,0.00050678215
18053,154,0.0003972451
18053,155,0.0003639702
18053,156,0.00029718777
18053,157,0.00027899942
18053,158,0.00019516924
18053,159,0.00029682956
18053,160,0.00019444266
18053,161,0.00015464207
18053,162,0.00015073002
18053,163,9.004255e-05
18053,164,0.00030430217
18053,165,0.00034655113
18053,166,0.00033889432
18053,167,0.00019751907
18053,168,0.0002808237
18053,169,0.0002589349
18053,170,0.0002679332
18053,171,0.00021871328
18053,172,0.0002494323
18053,173,0.0002605764
18053,174,0.00031268955
18053,175,0.00040151755
18053,176,0.00042126258
18053,177,8.100371e-05
18053,178,2.9890538e-05
18053,179,0.00031917513
18053,180,0.00035372912
18053,181,0.00026048563
18053,182,5.4197906e-05
18053,183,0.0
18053,184,0.0
18053,185,0.0
18053,186,2.0312667e-05
18053,187,9.923558e-05
18053,188,0.00019001444
18053,189,0.0001905936
18053,190,0.00034114718
18053,191,0.00045136255
18053,192,0.00040367024
18053,193,0.00034564256
18053,194,0.00022896132
18053,195,0.00020125449
18053,196,0.00035970806
18053,197,0.00033397318
18053,198,0.00054581003
18053,199,0.0006682312
18053,200,0.00061969104
18053,201,0.0004314844
18053,202,0.00040646075
18053,203,0.00042426746
18053,204,0.00029418388
18053,205,0.00014089704
18053,206,0.0003081586
18053,207,6.526033e-05
18053,208,0.0
18053,209,0.0
18053,210,0.0
18053,211,0.00017520368
18053,212,0.00020907262
18053,213,0.00025837898
18053,214,0.0004081257
18053,215,0.00044606524
18055,73,0.00069895486
18055,74,0.00036684473
18055,75,0.0
18055,76,0.0
18055,77,9.308219e-05
18055,78,0.0005424486
18055,79,0.0007065156
18055,80,0.00078256277
18055,81,0.0007946382
18055,82,0.0006195279
18055,83,0.00047017366
18055,84,0.00032538373
18055,85,0.00016508064
18055,86,0.0
18055,87,0.0
18055,88,0.0
18055,89,0.0
18055,90,0.0
18055,91,0.0
18055,92,0.0
18055,93,0.0
18055,94,7.4601376e-05
18055,95,6.89427e-05
18055,96,3.289461e-05
18055,97,0.0
18055,98,0.0
18055,99,0.0
18055,100,0.0
18055,101,0.0
18055,102,0.0
18055,103,0.0
18055,104,0.0
18055,105,0.0005139717
18055,106,0.0025267056
18055,107,0.009844381
18055,108,0.016692786
18055,109,0.018058885
18055,110,0.021351539
18055,111,0.021604957
18055,112,0.018534021
18055,113,0.016807294
18055,114,0.014618136
18055,115,0.013289414
18055,116,0.012721771
18055,117,0.012606188
18055,118,0.01643115
18055,119,0.022995811
18055,120,0.01882855
18055,121,0.013431918
18055,122,0.0087750545
18055,123,0.006238286
18055,124,0.005448435
18055,125,0.0047490154
18055,126,0.0041910196
18055,127,0.003747913
18055,128,0.0037795685
18055,129,0.0037557625
18055,130,0.003592588
18055,131,0.0029783025
18055,132,0.0028093639
18055,133,0.0026829634
18055,134,0.0024391208
18055,135,0.0024201488
18055,136,0.002354231
18055,137,0.002204409
18055,138,0.0021178154
18055,139,0.002064436
18055,140,0.0019256627
18055,141,0.0017530118
18055,142,0.0020316357
18055,143,0.0018887444
18055,144,0.0015880252
18055,145,0.0013094945
18055,146,0.0013839997
18055,147,0.0013322986
18055,148,0.0012114821
18055,149,0.0009806317
18055,150,0.00081440294
18055,151,0.000730261
18055,152,0.00077050686
18055,153,0.0008187426
18055,154,0.0008826498
18055,155,0.00077402114
18055,156,0.0006684705
18055,157,0.00033922176
18055,158,5.174299e-05
18055,159,0.00018648664
18055,160,0.00045594198
18055,161,0.0005705635
18055,162,0.0006054594
18055,163,0.0005325198
18055,164,0.00040999454
18055,165,0.00051267724
18055,166,0.00048570495
18055,167,0.0003954482
18055,168,0.00021567204
18055,169,0.0002365309
18055,170,0.000244328
18055,171,9.0350506e-05
18055,172,0.00016288042
18055,173,0.00032607417
18055,174,0.00042103458
18055,175,0.00043286264
18055,176,0.00034357607
18055,177,0.00020061692
18055,178,0.001315418
18055,179,0.0010241681
18055,180,0.00024080604
18055,181,0.00017618557
18055,182,0.00023665896
18055,183,0.0
18055,184,0.0
18055,185,9.5894335e-05
18055,186,0.00019055506
18055,187,0.00017281511
18055,188,0.00037268718
18055,189,0.0005594781
18055,190,0.0006042999
18055,191,0.0006518891
18055,192,0.0006827251
18055,193,0.00073519687
18055,194,0.0005781424
18055,195,0.0006412592
18055,196,0.0006993992
18055,197,0.0007065407
18055,198,0.0007696059
18055,199,0.0008568636
18055,200,0.00077105465
18055,201,0.00041882068
18055,202,0.00037737133
18055,203,0.00037932218
18055,204,0.00010945897
18055,205,0.0
18055,206,0.00024855055
18055,207,0.0001799816
18055,208,0.00031220057
18055,209,0.00014176588
18055,210,0.00021689018
18055,211,0.00012678345
18055,212,0.00018815398
18055,213,0.0002716909
18055,214,0.00040692132
18055,215,0.00040849388
18057,73,0.0015116679
18057,74,0.0005861495
18057,75,0.00045672376
18057,76,0.00077602407
18057,77,0.00079410756
18057,78,0.00058248144
18057,79,0.00064295315
18057,80,0.00071867625
18057,81,0.00033663452
18057,82,6.97879e-05
18057,83,0.0
18057,84,0.0
18057,85,9.761016e-05
18057,86,0.000102118254
18057,87,6.860217e-05
18057,88,0.00014432252
18057,89,8.2514285e-05
18057,90,6.814062e-05
18057,91,7.832249e-05
18057,92,0.00010408084
18057,93,0.0
18057,94,4.069408e-06
18057,95,0.0
18057,96,0.0
18057,97,0.0
18057,98,0.0
18057,99,0.0
18057,100,0.0
18057,101,0.0
18057,102,2.4261475e-05
18057,103,7.804076e-05
18057,104,9.1573e-05
18057,105,0.00020483324
18057,106,0.0005065161
18057,107,0.0012804165
18057,108,0.0018416031
18057,109,0.002278012
18057,110,0.002210512
18057,111,0.0019483091
18057,112,0.0019222714
18057,113,0.0015002668
18057,114,0.0012121409
18057,115,0.0013330992
18057,116,0.001068261
18057,117,0.0013367118
18057,118,0.0018179826
18057,119,0.0014987134
18057,120,0.0011197745
18057,121,0.0012237126
18057,122,0.002107333
18057,123,0.0022612931
18057,124,0.0022437405
18057,125,0.00207394
18057,126,0.0020756118
18057,127,0.0019669584
18057,128,0.0017641556
18057,129,0.0014678997
18057,130,0.0012407538
18057,131,0.0010760755
18057,132,0.0009692204
18057,133,0.00093961274
18057,134,0.0008235822
18057,135,0.00052842335
18057,136,0.00045876723
18057,137,0.00042527
18057,138,6.0655275e-05
18057,139,0.00010811548
18057,140,4.952967e-05
18057,141,0.0
18057,142,1.7827749e-06
18057,143,0.0
18057,144,0.0
18057,145,5.054474e-05
18057,146,1.8704335e-05
18057,147,0.00017148674
18057,148,0.00018181444
18057,149,0.0002815606
18057,150,0.00040002583
18057,151,0.000630813
18057,152,0.0007459237
18057,153,0.00085532846
18057,154,0.0006339576
18057,155,0.0005882605
18057,156,0.00047466892
18057,157,0.00047349828
18057,158,0.00022916278
18057,159,0.00029508473
18057,160,0.00042474447
18057,161,5.7405232e-05
18057,162,9.300213e-05
18057,163,7.181426e-05
18057,164,0.00042023777
18057,165,0.00043595253
18057,166,0.00011981607
18057,167,9.5334646e-05
18057,168,0.000118191245
18057,169,4.240215e-05
18057,170,0.0001666375
18057,171,0.000116706295
18057,172,0.00024369558
18057,173,0.00022132476
18057,174,0.00029301763
18057,175,0.0004086874
18057,176,2.5560856e-05
18057,177,0.0
18057,178,0.0
18057,179,0.0
18057,180,0.0
18057,181,0.0
18057,182,0.0
18057,183,0.0
18057,184,0.0
18057,185,0.0
18057,186,0.0
18057,187,0.0
18057,188,0.0
18057,189,1.4695525e-05
18057,190,0.00026183345
18057,191,0.00035131376
18057,192,0.00019412854
18057,193,0.00029951372
18057,194,0.00035334707
18057,195,0.00028716464
18057,196,0.0004233436
18057,197,0.00033674997
18057,198,0.00033919275
18057,199,0.00034268122
18057,200,0.0005329783
18057,201,0.00037721396
18057,202,0.0002353696
18057,203,0.00018464228
18057,204,5.4790773e-05
18057,205,0.0
18057,206,0.0
18057,207,0.0
18057,208,0.0
18057,209,0.0
18057,210,0.0
18057,211,0.0
18057,212,9.3561604e-05
18057,213,0.00017176906
18057,214,0.0002483056
18057,215,0.00012705763
18063,73,1.5867949e-05
18063,74,0.0010016519
18063,75,0.0007314056
18063,76,0.00020957291
18063,77,0.00065436756
18063,78,0.00058685185
18063,79,0.00023681502
18063,80,2.894779e-05
18063,81,0.0
18063,82,0.0
18063,83,8.070767e-05
18063,84,0.00010729532
18063,85,0.00011959136
18063,86,9.392698e-06
18063,87,4.282077e-05
18063,88,0.0
18063,89,0.0
18063,90,0.0
18063,91,5.218625e-05
18063,92,0.00019777993
18063,93,0.00029438853
18063,94,0.00010767539
18063,95,8.5893465e-05
18063,96,1.5497207e-08
18063,97,9.082298e-05
18063,98,2.0933348e-05
18063,99,0.0
18063,100,0.0
18063,101,4.7445297e-07
18063,102,0.0001403125
18063,103,2.1120111e-05
18063,104,0.00023181716
18063,105,0.00038509787
18063,106,0.00063400157
18063,107,0.0013225926
18063,108,0.0028519677
18063,109,0.0025762883
18063,110,0.0036511018
18063,111,0.003568435
18063,112,0.0034103552
18063,113,0.0031052984
18063,114,0.0024715597
18063,115,0.0021357273
18063,116,0.0017151157
18063,117,0.0018018521
18063,118,0.0034624133
18063,119,0.0029276554
18063,120,0.0019739694
18063,121,0.0023465713
18063,122,0.002215084
18063,123,0.0021396966
18063,124,0.0021829563
18063,125,0.0023194856
18063,126,0.0022277378
18063,127,0.0019734649
18063,128,0.0017951338
18063,129,0.0014416076
18063,130,0.0011237386
18063,131,0.00095835706
18063,132,0.0007540903
18063,133,0.00048731922
18063,134,0.00034275473
18063,135,0.00031766813
18063,136,5.6141816e-05
18063,137,0.0
18063,138,0.0
18063,139,0.00025769553
18063,140,0.00027968187
18063,141,4.8345722e-05
18063,142,3.7596026e-05
18063,143,3.35747e-05
18063,144,8.626342e-05
18063,145,5.9076945e-05
18063,146,0.0003571409
18063,147,0.0004370932
18063,148,0.000382366
18063,149,0.00028003156
18063,150,0.0005165146
18063,151,0.0005007819
18063,152,0.00070156495
18063,153,0.00085875235
18063,154,0.0008644227
18063,155,0.00066221657
18063,156,0.00043508632
18063,157,0.00032858073
18063,158,0.00027605056
18063,159,0.0002560546
18063,160,0.00046849984
18063,161,0.00042624533
18063,162,0.00036876719
18063,163,0.00031618495
18063,164,0.00065369246
18063,165,0.00034600496
18063,166,0.00029254457
18063,167,0.00016160747
18063,168,0.0001427408
18063,169,0.00026226044
18063,170,0.00021318554
18063,171,0.000138942
18063,172,0.00019228399
18063,173,0.00034356254
18063,174,0.00033703345
18063,175,0.00031364858
18063,176,0.0
18063,177,0.0
18063,178,0.0
18063,179,0.00048594433
18063,180,0.00053820293
18063,181,0.00018909195
18063,182,0.0
18063,183,0.0
18063,184,0.0
18063,185,0.0
18063,186,0.0
18063,187,0.0
18063,188,3.74494e-05
18063,189,0.0001267771
18063,190,0.00021370313
18063,191,0.0003364259
18063,192,0.00046558856
18063,193,0.00046200256
18063,194,0.00032477258
18063,195,0.0002768763
18063,196,0.00028022288
18063,197,0.00034941215
18063,198,0.0004775709
18063,199,0.00048237425
18063,200,0.0004727274
18063,201,0.0002461503
18063,202,3.617088e-05
18063,203,0.0
18063,204,0.0
18063,205,0.0
18063,206,0.0
18063,207,0.0
18063,208,0.00014373462
18063,209,6.3755906e-05
18063,210,9.002646e-05
18063,211,6.5434375e-05
18063,212,0.00020042241
18063,213,0.00043665725
18063,214,0.00012786608
18063,215,0.00021546999
18075,73,0.0056639616
18075,74,0.005506797
18075,75,0.0046569933
18075,76,0.004785258
18075,77,0.0047724447
18075,78,0.004077881
18075,79,0.0034083524
18075,80,0.0030338308
18075,81,0.0024555589
18075,82,0.0023778474
18075,83,0.0018839007
18075,84,0.0013420725
18075,85,0.0012489614
18075,86,0.0015180226
18075,87,0.0017347598
18075,88,0.0014141015
18075,89,0.0013368912
18075,90,0.001255946
18075,91,0.00102284
18075,92,0.0008784298
18075,93,0.0009783576
18075,94,0.0009092334
18075,95,0.0007276032
18075,96,0.000729225
18075,97,0.00057771726
18075,98,0.0005714941
18075,99,0.0007185502
18075,100,0.0008436694
18075,101,0.00091308914
18075,102,0.0007605457
18075,103,0.00075486937
18075,104,0.0010254475
18075,105,0.00054090144
18075,106,0.0011053035
18075,107,0.0013125937
18075,108,0.0037269415
18075,109,0.0040594963
18075,110,0.0038318392
18075,111,0.003127624
18075,112,0.002272851
18075,113,0.0026286826
18075,114,0.0026426904
18075,115,0.0033346065
18075,116,0.0043293284
18075,117,0.0046160766
18075,118,0.0053667706
18075,119,0.006731221
18075,120,0.006294212
18075,121,0.007491967
18075,122,0.008552802
18075,123,0.009358223
18075,124,0.009641383
18075,125,0.00935124
18075,126,0.007976553
18075,127,0.006148189
18075,128,0.005297022
18075,129,0.003766223
18075,130,0.002902514
18075,131,0.0028908444
18075,132,0.0024558674
18075,133,0.0020444004
18075,134,0.002007435
18075,135,0.002166322
18075,136,0.0018987429
18075,137,0.0022643877
18075,138,0.0018733112
18075,139,0.001457522
18075,140,0.001609367
18075,141,0.001444831
18075,142,0.0013091096
18075,143,0.00058060867
18075,144,0.00055724545
18075,145,0.0008074655
18075,146,0.0007576013
18075,147,0.0005418696
18075,148,0.0004355059
18075,149,0.0006766699
18075,150,0.0010146825
18075,151,0.0010919222
18075,152,0.0009328643
18075,153,0.00055771845
18075,154,0.0003508542
18075,155,0.00037602126
18075,156,0.0006097718
18075,157,0.0010987294
18075,158,0.00094524794
18075,159,0.00061736006
18075,160,0.00014471491
18075,161,0.0
18075,162,0.0
18075,163,0.0
18075,164,3.631413e-05
18075,165,0.00015216609
18075,166,0.00018139521
18075,167,9.736836e-05
18075,168,0.00014459054
18075,169,0.00030123632
18075,170,0.0004289764
18075,171,0.00033843023
18075,172,0.00039535682
18075,173,0.0004242611
18075,174,0.0005899036
18075,175,0.00087777816
18075,176,0.0009498803
18075,177,0.00060406805
18075,178,0.00016711632
18075,179,0.0
18075,180,0.0
18075,181,0.00037709772
18075,182,0.0004679205
18075,183,0.00021342734
18075,184,6.5394242e-06
18075,185,0.000202023
18075,186,0.0001173534
18075,187,1.7215609e-05
18075,188,0.000113091664
18075,189,0.0003322162
18075,190,0.0004834624
18075,191,0.00045829953
18075,192,0.00034977793
18075,193,0.00028469125
18075,194,0.00039717
18075,195,0.0005462541
18075,196,0.00047729688
18075,197,0.00056203944
18075,198,0.00076707423
18075,199,0.0007989875
18075,200,0.0005794464
18075,201,0.00026001333
18075,202,0.00030885695
18075,203,0.00046875715
18075,204,0.0003303637
18075,205,0.0
18075,206,6.712794e-05
18075,207,0.00017764905
18075,208,0.0
18075,209,0.0
18075,210,0.0
18075,211,0.00041071713
18075,212,0.00070684036
18075,213,0.00056208926
18075,214,0.000278941
18075,215,0.0004651016
18079,73,0.0
18079,74,0.0005876689
18079,75,0.0013539188
18079,76,0.0012108093
18079,77,0.0012628429
18079,78,0.0011342975
18079,79,0.0006830061
18079,80,0.00084000325
18079,81,0.00023825884
18079,82,0.00041417795
18079,83,0.00044585587
18079,84,0.00040949593
18079,85,0.00030583073
18079,86,6.407062e-05
18079,87,3.2316646e-06
18079,88,0.0
18079,89,0.0
18079,90,0.0
18079,91,0.0
18079,92,2.3128887e-05
18079,93,0.00013656128
18079,94,0.0
18079,95,0.0
18079,96,0.0
18079,97,0.0004128179
18079,98,0.0002851506
18079,99,0.00013375263
18079,100,0.00038959502
18079,101,0.0007621873
18079,102,0.0014298557
18079,103,0.00057969394
18079,104,0.0
18079,105,0.0
18079,106,0.0
18079,107,0.0058223587
18079,108,0.029989948
18079,109,0.065480866
18079,110,0.07581682
18079,111,0.05229287
18079,112,0.035273522
18079,113,0.02858797
18079,114,0.022760607
18079,115,0.015676608
18079,116,0.009918859
18079,117,0.00724886
18079,118,0.008156989
18079,119,0.009918441
18079,120,0.012618555
18079,121,0.014032806
18079,122,0.010888203
18079,123,0.009521977
18079,124,0.009308733
18079,125,0.009156736
18079,126,0.008981275
18079,127,0.008120986
18079,128,0.0068882923
18079,129,0.005757053
18079,130,0.0053191115
18079,131,0.0049402644
18079,132,0.004381746
18079,133,0.004060038
18079,134,0.0037475459
18079,135,0.0031484875
18079,136,0.002638491
18079,137,0.0023548568
18079,138,0.002141559
18079,139,0.0020348236
18079,140,0.0017294687
18079,141,0.0020108928
18079,142,0.002209595
18079,143,0.0020166032
18079,144,0.001525701
18079,145,0.0011982685
18079,146,0.0012574084
18079,147,0.0014381527
18079,148,0.0012882123
18079,149,0.0012991071
18079,150,0.0012054873
18079,151,0.0013905386
18079,152,0.0011395833
18079,153,0.0011840519
18079,154,0.0012406161
18079,155,0.0012285677
18079,156,0.001050159
18079,157,0.0009796841
18079,158,0.0008457607
18079,159,0.00087525585
18079,160,0.00086729205
18079,161,0.000669497
18079,162,0.00052065233
18079,163,0.00027502
18079,164,0.00058669446
18079,165,0.00072804117
18079,166,0.0003653441
18079,167,0.00016144553
18079,168,0.00019242028
18079,169,0.00019505958
18079,170,0.00025010167
18079,171,0.00014371912
18079,172,0.00042251826
18079,173,0.00048940093
18079,174,0.00031222423
18079,175,0.00036422312
18079,176,0.00044545124
18079,177,0.00022026339
18079,178,0.000338162
18079,179,0.0011993097
18079,180,0.0017836385
18079,181,0.0008223283
18079,182,0.0004418208
18079,183,0.0006167819
18079,184,0.0009916247
18079,185,0.00049102784
18079,186,0.0006367175
18079,187,0.0005174033
18079,188,0.000507258
18079,189,0.00055612763
18079,190,0.0005444935
18079,191,0.0006325644
18079,192,0.00055011926
18079,193,0.00050901016
18079,194,0.0004872803
18079,195,0.00059042615
18079,196,0.00070190674
18079,197,0.0005567019
18079,198,0.00066296855
18079,199,0.00082171505
18079,200,0.0009188634
18079,201,0.0003901297
18079,202,0.00049000105
18079,203,0.00043931018
18079,204,0.00067715533
18079,205,0.00042275846
18079,206,4.3257973e-05
18079,207,0.00016904781
18079,208,0.00013214667
18079,209,7.879476e-05
18079,210,0.0
18079,211,0.0
18079,212,0.00021636397
18079,213,0.00026708344
18079,214,0.00034329295
18079,215,0.00043130934
18081,73,1.6832153e-05
18081,74,0.0011240434
18081,75,0.00071387476
18081,76,0.0002867954
18081,77,0.00015554766
18081,78,9.0760586e-05
18081,79,0.00021978974
18081,80,0.0
18081,81,0.0
18081,82,0.00013231675
18081,83,0.00022645354
18081,84,0.00023368737
18081,85,0.00011141618
18081,86,6.6776476e-05
18081,87,4.2900443e-05
18081,88,0.0
18081,89,4.865984e-05
18081,90,0.0
18081,91,2.344529e-05
18081,92,9.531498e-05
18081,93,0.00023003439
18081,94,0.00019596
18081,95,0.00017313003
18081,96,1.9248922e-05
18081,97,2.3602843e-05
18081,98,2.2028684e-05
18081,99,1.8174847e-05
18081,100,4.1729807e-05
18081,101,5.136589e-05
18081,102,0.00013862173
18081,103,0.00013001125
18081,104,0.00028918305
18081,105,0.00035565544
18081,106,0.0006976963
18081,107,0.0014005154
18081,108,0.004174885
18081,109,0.005105409
18081,110,0.0063245767
18081,111,0.0064997505
18081,112,0.00610137
18081,113,0.0058361725
18081,114,0.0054082065
18081,115,0.0045627914
18081,116,0.0037164998
18081,117,0.0038873658
18081,118,0.0045668725
18081,119,0.004648934
18081,120,0.0055206586
18081,121,0.004692909
18081,122,0.004005937
18081,123,0.003274209
18081,124,0.0029818544
18081,125,0.0029592554
18081,126,0.0030133796
18081,127,0.0028355166
18081,128,0.0027365098
18081,129,0.002843114
18081,130,0.0025688598
18081,131,0.0022013194
18081,132,0.0018404638
18081,133,0.0014273619
18081,134,0.0011284363
18081,135,0.0009553365
18081,136,0.00078557647
18081,137,0.0005963536
18081,138,0.00052285416
18081,139,0.00039764663
18081,140,0.0003409636
18081,141,0.0004828316
18081,142,0.0004290559
18081,143,0.00014066
18081,144,0.0002609211
18081,145,0.0004378323
18081,146,0.0005636251
18081,147,0.0006167076
18081,148,0.0007932546
18081,149,0.0007771387
18081,150,0.00078473426
18081,151,0.0008169267
18081,152,0.0010209306
18081,153,0.001113376
18081,154,0.000975292
18081,155,0.00084459403
18081,156,0.00069993315
18081,157,0.0005060031
18081,158,0.0007766435
18081,159,0.00044041793
18081,160,0.00042887908
18081,161,0.00030343255
18081,162,0.00029238284
18081,163,0.0002881948
18081,164,0.00046203553
18081,165,0.00057273963
18081,166,0.00021072409
18081,167,0.00031553506
18081,168,0.00037398082
18081,169,0.00036861538
18081,170,0.00031421045
18081,171,0.000459011
18081,172,0.0004219826
18081,173,0.00038734675
18081,174,0.00042882306
18081,175,0.00050587655
18081,176,0.00043165684
18081,177,0.00023281216
18081,178,0.000116765696
18081,179,0.00071815035
18081,180,0.00097654405
18081,181,0.00035441836
18081,182,0.0
18081,183,0.0
18081,184,0.0
18081,185,0.0
18081,186,6.970227e-05
18081,187,0.00026976087
18081,188,0.00035751742
18081,189,0.00029413818
18081,190,0.0004547091
18081,191,0.00061654346
18081,192,0.00052969356
18081,193,0.00043617564
18081,194,0.00043495794
18081,195,0.00046342274
18081,196,0.0004585429
18081,197,0.00044061345
18081,198,0.0004404211
18081,199,0.00041389803
18081,200,0.0003764087
18081,201,0.0002782651
18081,202,2.5801857e-05
18081,203,0.0
18081,204,0.0
18081,205,0.0
18081,206,0.000113156035
18081,207,0.0
18081,208,0.0
18081,209,0.0
18081,210,0.00019739389
18081,211,0.0005110687
18081,212,0.0007685506
18081,213,0.00042881173
18081,214,0.00020601055
18081,215,0.00013076485
18115,73,0.0
18115,74,0.0010565778
18115,75,0.00092720817
18115,76,8.796255e-06
18115,77,0.0
18115,78,0.0
18115,79,0.00011584123
18115,80,0.00033544976
18115,81,0.0005489103
18115,82,0.001006329
18115,83,0.0016807707
18115,84,0.0018398963
18115,85,0.0012066456
18115,86,5.881389e-05
18115,87,0.0
18115,88,0.0
18115,89,0.0
18115,90,0.0
18115,91,0.0
18115,92,0.0
18115,93,0.0
18115,94,0.0
18115,95,0.0
18115,96,0.0
18115,97,8.586089e-05
18115,98,0.0
18115,99,0.0
18115,100,0.0
18115,101,0.00036073368
18115,102,0.00067896344
18115,103,0.00019815842
18115,104,0.0
18115,105,0.0
18115,106,0.0
18115,107,0.0012656961
18115,108,0.0035932574
18115,109,0.0046820496
18115,110,0.00542273
18115,111,0.005461182
18115,112,0.0066757244
18115,113,0.008708306
18115,114,0.012138876
18115,115,0.014049654
18115,116,0.011994482
18115,117,0.008787812
18115,118,0.0062047224
18115,119,0.0045206253
18115,120,0.0018170214
18115,121,0.00434601
18115,122,0.004839072
18115,123,0.0038187369
18115,124,0.0031268962
18115,125,0.0026612093
18115,126,0.002305471
18115,127,0.00134365
18115,128,0.001004403
18115,129,0.0010043591
18115,130,0.0012141868
18115,131,0.002359018
18115,132,0.0030793175
18115,133,0.0035825572
18115,134,0.002926571
18115,135,0.001892175
18115,136,0.001266775
18115,137,0.001334736
18115,138,0.0011259234
18115,139,0.0011128178
18115,140,0.00095149694
18115,141,0.0008558482
18115,142,0.0003858501
18115,143,0.00032722353
18115,144,0.00064456306
18115,145,0.0009006206
18115,146,0.0011525053
18115,147,0.0009290302
18115,148,0.0010464629
18115,149,0.0009827631
18115,150,0.0010241079
18115,151,0.0008104662
18115,152,0.00076746126
18115,153,0.00036775868
18115,154,0.00038266997
18115,155,0.00042576532
18115,156,0.00036772966
18115,157,7.542054e-05
18115,158,1.6485452e-05
18115,159,0.0
18115,160,0.0
18115,161,0.0
18115,162,0.00027252754
18115,163,0.0005387193
18115,164,0.0005772688
18115,165,0.00070078456
18115,166,0.00030080578
18115,167,5.8224796e-05
18115,168,0.00018160323
18115,169,0.00040400703
18115,170,0.0003855175
18115,171,0.0006415993
18115,172,0.00069585326
18115,173,0.0007114253
18115,174,0.0005615407
18115,175,0.00039234836
18115,176,0.00039627415
18115,177,0.00053156
18115,178,0.00056912797
18115,179,0.00038390656
18115,180,0.00022307137
18115,181,0.0006006831
18115,182,0.00031849663
18115,183,0.0
18115,184,0.0
18115,185,0.0
18115,186,0.00042762954
18115,187,0.00075570465
18115,188,0.00047549288
18115,189,0.00029997865
18115,190,0.00057033816
18115,191,0.0007559501
18115,192,0.0005323877
18115,193,0.00044271548
18115,194,0.00050350325
18115,195,0.0006870404
18115,196,0.00066065486
18115,197,0.0005240284
18115,198,0.0005732022
18115,199,0.0006903666
18115,200,0.00071216025
18115,201,0.0005196502
18115,202,0.00025058805
18115,203,0.00019801616
18115,204,7.680635e-05
18115,205,0.0
18115,206,0.0
18115,207,0.0
18115,208,0.0
18115,209,0.0
18115,210,0.0
18115,211,0.0
18115,212,0.00062062015
18115,213,0.0005494251
18115,214,0.00018715778
18115,215,0.00015485565
18119,73,0.0
18119,74,0.0002224797
18119,75,0.0
18119,76,0.0
18119,77,5.7040652e-05
18119,78,0.000342907
18119,79,0.0004892333
18119,80,0.0005694687
18119,81,0.00053247047
18119,82,0.00047121407
18119,83,0.00043525218
18119,84,0.00044197647
18119,85,0.00029595415
18119,86,0.00018357852
18119,87,0.0
18119,88,0.0
18119,89,0.0
18119,90,0.0
18119,91,6.978075e-05
18119,92,9.763777e-05
18119,93,3.7762722e-05
18119,94,2.2895534e-05
18119,95,0.0
18119,96,2.0044645e-05
18119,97,0.0
18119,98,0.0
18119,99,0.0
18119,100,0.0
18119,101,0.0
18119,102,0.0
18119,103,0.0
18119,104,0.0
18119,105,0.0
18119,106,0.004914584
18119,107,0.013700062
18119,108,0.021067506
18119,109,0.018593907
18119,110,0.022550866
18119,111,0.028168805
18119,112,0.032479156
18119,113,0.035690926
18119,114,0.035208236
18119,115,0.03077543
18119,116,0.02587961
18119,117,0.021719066
18119,118,0.023835514
18119,119,0.028270833
18119,120,0.02128465
18119,121,0.012989594
18119,122,0.008498479
18119,123,0.0066819363
18119,124,0.0061595268
18119,125,0.005739712
18119,126,0.0049975826
18119,127,0.004240224
18119,128,0.0042229434
18119,129,0.003909716
18119,130,0.0036282637
18119,131,0.0032327294
18119,132,0.0031063226
18119,133,0.0031003929
18119,134,0.0027736733
18119,135,0.0025738939
18119,136,0.0021231202
18119,137,0.0019106452
18119,138,0.0020311677
18119,139,0.002097848
18119,140,0.0019225973
18119,141,0.001902649
18119,142,0.002141357
18119,143,0.0020009112
18119,144,0.0018813472
18119,145,0.001678843
18119,146,0.0018253517
18119,147,0.0018310292
18119,148,0.0015234086
18119,149,0.0013627852
18119,150,0.0015849882
18119,151,0.001902848
18119,152,0.001790828
18119,153,0.0017427035
18119,154,0.0014846767
18119,155,0.0010480165
18119,156,0.0008085949
18119,157,0.00055707374
18119,158,0.00044610022
18119,159,0.00041844387
18119,160,0.00045552014
18119,161,0.00057419937
18119,162,0.00065912923
18119,163,0.00071337185
18119,164,0.0005443615
18119,165,0.00040699582
18119,166,0.00040881007
18119,167,0.00050708454
18119,168,0.00043138047
18119,169,0.00033556522
18119,170,0.00033908963
18119,171,0.00030707658
18119,172,0.00031491916
18119,173,0.00051103096
18119,174,0.000729906
18119,175,0.00063208013
18119,176,0.00029374578
18119,177,0.00031534195
18119,178,0.0007442824
18119,179,0.0012592684
18119,180,0.0015837398
18119,181,0.002092001
18119,182,0.0013667323
18119,183,0.00041609007
18119,184,0.0
18119,185,0.0
18119,186,0.00013866683
18119,187,0.00058246154
18119,188,0.0007370139
18119,189,0.00068334455
18119,190,0.0005561471
18119,191,0.0006168926
18119,192,0.00078594603
18119,193,0.00079650036
18119,194,0.0005240293
18119,195,0.00058811775
18119,196,0.0006738249
18119,197,0.000803184
18119,198,0.0007962195
18119,199,0.0009118726
18119,200,0.00088534923
18119,201,0.00042740215
18119,202,0.0003820179
18119,203,0.00041492403
18119,204,0.00028990666
18119,205,0.00017897048
18119,206,0.00040470422
18119,207,0.0004110654
18119,208,0.00064520113
18119,209,0.0002678921
18119,210,0.00023854137
18119,211,0.00023552477
18119,212,0.0004952027
18119,213,0.00045475524
18119,214,0.00066943845
18119,215,0.0005112986
39001,73,0.0006127691
39001,74,0.0011940044
39001,75,0.0009801969
39001,76,0.00070737896
39001,77,0.00046707052
39001,78,0.0002520331
39001,79,0.00037386108
39001,80,0.00042681218
39001,81,0.00016271135
39001,82,2.1893482e-05
39001,83,0.0
39001,84,0.0
39001,85,9.971599e-05
39001,86,0.0004837529
39001,87,0.00079442747
39001,88,0.00013484676
39001,89,0.0
39001,90,0.0
39001,91,0.001194677
39001,92,0.002155769
39001,93,0.002318739
39001,94,0.0012212298
39001,95,2.8135975e-05
39001,96,0.0
39001,97,0.00038982969
39001,98,0.00064285495
39001,99,0.0006449943
39001,100,0.00041964452
39001,101,0.00036619286
39001,102,0.00039828997
39001,103,0.00059882563
39001,104,0.0006057005
39001,105,0.0004251319
39001,106,0.0004807788
39001,107,0.0005546689
39001,108,0.00095651596
39001,109,0.0027614313
39001,110,0.003497637
39001,111,0.0037900638
39001,112,0.0043942626
39001,113,0.0037892165
39001,114,0.0031860182
39001,115,0.0039334227
39001,116,0.0049634413
39001,117,0.005487904
39001,118,0.00489971
39001,119,0.0040846555
39001,120,0.0030966261
39001,121,0.00224734
39001,122,0.0024493046
39001,123,0.0018798093
39001,124,1.9870598e-05
39001,125,0.0014009655
39001,126,0.0032835158
39001,127,0.0035215402
39001,128,0.0035062798
39001,129,0.00299294
39001,130,0.0026807257
39001,131,0.0023733752
39001,132,0.002322913
39001,133,0.001988358
39001,134,0.0015757284
39001,135,0.0013083405
39001,136,0.0011793673
39001,137,0.0018201602
39001,138,0.0012442734
39001,139,0.0014954736
39001,140,0.0013457205
39001,141,0.0012531732
39001,142,0.0010194498
39001,143,0.0009118369
39001,144,0.00096378947
39001,145,0.00093829894
39001,146,0.00064073387
39001,147,0.0005914913
39001,148,0.00067266583
39001,149,0.00083450816
39001,150,0.00094400725
39001,151,0.0009857728
39001,152,0.0009361815
39001,153,0.0009317359
39001,154,0.00063153444
39001,155,0.0005379834
39001,156,0.00056981604
39001,157,0.0005206456
39001,158,0.0004869129
39001,159,0.0004729265
39001,160,0.0006101845
39001,161,0.00051854295
39001,162,0.00045382063
39001,163,0.00037829916
39001,164,7.0938666e-05
39001,165,0.00014117222
39001,166,0.0004376644
39001,167,0.00012401561
39001,168,3.512005e-05
39001,169,0.00013874848
39001,170,0.00035146732
39001,171,0.00025405965
39001,172,0.00028457303
39001,173,0.00045632583
39001,174,0.0005763771
39001,175,0.00065271556
39001,176,0.00063271343
39001,177,0.00049654505
39001,178,0.000405945
39001,179,0.00040780407
39001,180,0.00040118795
39001,181,0.00011450152
39001,182,1.941522e-05
39001,183,6.665846e-05
39001,184,0.0
39001,185,1.7804901e-05
39001,186,0.00016439774
39001,187,3.3064287e-05
39001,188,0.00023854575
39001,189,0.00021320501
39001,190,0.00040930073
39001,191,0.00043540896
39001,192,0.00034480792
39001,193,0.0003667889
39001,194,0.00032883685
39001,195,0.00030173064
39001,196,0.00034495592
39001,197,0.0004794745
39001,198,0.0005029052
39001,199,0.00066490076
39001,200,0.00055504043
39001,201,0.00072858453
39001,202,0.0005886936
39001,203,0.00028500916
39001,204,1.3541976e-05
39001,205,0.0003294285
39001,206,0.0
39001,207,0.0
39001,208,0.00016907434
39001,209,0.00012768268
39001,210,0.0
39001,211,0.0
39001,212,0.0
39001,213,0.00019385954
39001,214,0.0003552274
39001,215,0.00030825238
39003,73,0.041967824
39003,74,0.03913799
39003,75,0.037534934
39003,76,0.037161313
39003,77,0.03698952
39003,78,0.03590517
39003,79,0.034098998
39003,80,0.032066748
39003,81,0.029931752
39003,82,0.027676726
39003,83,0.024171794
39003,84,0.020979898
39003,85,0.018211724
39003,86,0.01668426
39003,87,0.014939189
39003,88,0.013422767
39003,89,0.011890257
39003,90,0.01062659
39003,91,0.009513528
39003,92,0.008616624
39003,93,0.007900895
39003,94,0.007027528
39003,95,0.0063115414
39003,96,0.0057253176
39003,97,0.0052559692
39003,98,0.0047444557
39003,99,0.0043037357
39003,100,0.004162803
39003,101,0.004110357
39003,102,0.004370043
39003,103,0.004233826
39003,104,0.00383257
39003,105,0.0034453317
39003,106,0.00348593
39003,107,0.003521932
39003,108,0.0037125126
39003,109,0.0042720903
39003,110,0.004490669
39003,111,0.0042564883
39003,112,0.0034742379
39003,113,0.0030392096
39003,114,0.0033031907
39003,115,0.0026059896
39003,116,0.002663956
39003,117,0.0018184666
39003,118,0.00125383
39003,119,0.0012251398
39003,120,0.0016069975
39003,121,0.0016673808
39003,122,0.0025018314
39003,123,0.0022366794
39003,124,0.0019707966
39003,125,0.0021366526
39003,126,0.002295953
39003,127,0.0019871707
39003,128,0.0023204666
39003,129,0.0024807386
39003,130,0.0022336752
39003,131,0.0018499343
39003,132,0.0015372701
39003,133,0.0016961312
39003,134,0.001491823
39003,135,0.0012921644
39003,136,0.0012212499
39003,137,0.0011830706
39003,138,0.0011017245
39003,139,0.0013040304
39003,140,0.0010677702
39003,141,0.0008122754
39003,142,0.00073904515
39003,143,0.00064753107
39003,144,0.0005893596
39003,145,0.0005125616
39003,146,0.00036807358
39003,147,0.00017804524
39003,148,0.00017230966
39003,149,0.0002967465
39003,150,0.00047429203
39003,151,0.00075160287
39003,152,0.0009779816
39003,153,0.00039253014
39003,154,2.8718909e-05
39003,155,0.00014407854
39003,156,0.00044202388
39003,157,0.0003931111
39003,158,0.0002839124
39003,159,0.00015116135
39003,160,7.894834e-05
39003,161,0.00018237015
39003,162,8.4227126e-05
39003,163,0.0
39003,164,0.0
39003,165,7.361611e-05
39003,166,0.0001833123
39003,167,5.0475992e-05
39003,168,0.0
39003,169,6.292462e-05
39003,170,4.1164556e-05
39003,171,0.00011505127
39003,172,0.00014333964
39003,173,0.00014199714
39003,174,8.752167e-05
39003,175,8.3867315e-05
39003,176,0.0
39003,177,0.0
39003,178,0.0
39003,179,0.0
39003,180,0.0
39003,181,0.0
39003,182,0.0
39003,183,0.0
39003,184,0.0
39003,185,0.0
39003,186,0.0
39003,187,6.930669e-05
39003,188,0.00020519653
39003,189,0.00015927792
39003,190,9.3831615e-05
39003,191,0.00018193662
39003,192,0.00015990337
39003,193,8.927405e-05
39003,194,5.2637657e-05
39003,195,0.00015910408
39003,196,0.00029540577
39003,197,0.00027397453
39003,198,0.00027397712
39003,199,0.00021878064
39003,200,0.00035226106
39003,201,0.0005065449
39003,202,0.0003166169
39003,203,0.0003381117
39003,204,0.0
39003,205,2.1357338e-05
39003,206,0.0
39003,207,0.00013712049
39003,208,4.194995e-05
39003,209,0.0
39003,210,1.1733175e-05
39003,211,0.00015288134
39003,212,0.0003638784
39003,213,0.00045981008
39003,214,0.00033621967
39003,215,0.00012707809
39005,73,0.12073642
39005,74,0.08757825
39005,75,0.075294234
39005,76,0.07200508
39005,77,0.07026041
39005,78,0.06801676
39005,79,0.06336183
39005,80,0.05542147
39005,81,0.045918975
39005,82,0.037782803
39005,83,0.031740226
39005,84,0.027327202
39005,85,0.02366829
39005,86,0.021557124
39005,87,0.018829184
39005,88,0.017097343
39005,89,0.0152513925
39005,90,0.0142465625
39005,91,0.012972765
39005,92,0.0119593255
39005,93,0.011140852
39005,94,0.0099577205
39005,95,0.009786379
39005,96,0.00915751
39005,97,0.0079797385
39005,98,0.0070413738
39005,99,0.006380145
39005,100,0.006105713
39005,101,0.005928216
39005,102,0.006162503
39005,103,0.0059005455
39005,104,0.005629978
39005,105,0.0052768383
39005,106,0.0047233906
39005,107,0.005869719
39005,108,0.006367864
39005,109,0.008180183
39005,110,0.009997174
39005,111,0.0101799015
39005,112,0.013263773
39005,113,0.013419482
39005,114,0.010931589
39005,115,0.007707799
39005,116,0.004671235
39005,117,0.004581441
39005,118,0.003969342
39005,119,0.0033371553
39005,120,0.0022478716
39005,121,0.002660089
39005,122,0.003010883
39005,123,0.0055254535
39005,124,0.006865602
39005,125,0.0063327
39005,126,0.0074958564
39005,127,0.011277718
39005,128,0.016258607
39005,129,0.01743816
39005,130,0.01423026
39005,131,0.010775565
39005,132,0.008929653
39005,133,0.0067697745
39005,134,0.004903998
39005,135,0.0043771807
39005,136,0.003849796
39005,137,0.00308981
39005,138,0.0016743488
39005,139,0.0014364733
39005,140,0.0012647393
39005,141,0.0013099894
39005,142,0.0017253697
39005,143,0.0016641574
39005,144,0.001593235
39005,145,0.001709994
39005,146,0.0017155915
39005,147,0.0020128412
39005,148,0.0020727133
39005,149,0.0022086701
39005,150,0.002460388
39005,151,0.0028002425
39005,152,0.0028209444
39005,153,0.002703989
39005,154,0.0028261181
39005,155,0.0026853073
39005,156,0.002736522
39005,157,0.0026316317
39005,158,0.0022238023
39005,159,0.0019488292
39005,160,0.0016699352
39005,161,0.0018052984
39005,162,0.0012976816
39005,163,0.0010699404
39005,164,0.0009180904
39005,165,0.00095603324
39005,166,0.0009741951
39005,167,0.0009524915
39005,168,0.0010946498
39005,169,0.0012646292
39005,170,0.0010932565
39005,171,0.00080339494
39005,172,0.0007071545
39005,173,0.0007357427
39005,174,0.00075756526
39005,175,0.00066432514
39005,176,0.0005369878
39005,177,0.0005979389
39005,178,0.0006444478
39005,179,0.0005183065
39005,180,0.00051855645
39005,181,0.0002794089
39005,182,0.0001587379
39005,183,0.00019857148
39005,184,0.00014775713
39005,185,0.00015690445
39005,186,0.000106610656
39005,187,1.7055869e-05
39005,188,0.00015859425
39005,189,1.5553434e-05
39005,190,0.00013220687
39005,191,0.00011648674
39005,192,9.301305e-05
39005,193,0.00013400098
39005,194,0.00013421715
39005,195,0.00021421412
39005,196,0.0004962053
39005,197,0.0005944228
39005,198,0.00061920384
39005,199,0.00048307478
39005,200,0.00060755195
39005,201,0.0006598864
39005,202,0.0009205106
39005,203,0.0009784284
39005,204,0.0008651904
39005,205,0.00052012445
39005,206,0.00059384684
39005,207,0.0005853778
39005,208,0.0006053068
39005,209,0.0005724029
39005,210,0.00054983003
39005,211,0.00033043552
39005,212,0.00048600358
39005,213,0.000645765
39005,214,0.0011151248
39005,215,0.0007557215
39007,73,0.05488112
39007,74,0.059686292
39007,75,0.05817139
39007,76,0.05494062
39007,77,0.051469512
39007,78,0.048691515
39007,79,0.045242917
39007,80,0.041784808
39007,81,0.03881754
39007,82,0.03560117
39007,83,0.032445837
39007,84,0.029802015
39007,85,0.027283452
39007,86,0.02528339
39007,87,0.023607878
39007,88,0.021882296
39007,89,0.019842
39007,90,0.017815927
39007,91,0.016395789
39007,92,0.015130059
39007,93,0.014057833
39007,94,0.012827563
39007,95,0.011782663
39007,96,0.011148342
39007,97,0.010829627
39007,98,0.010229491
39007,99,0.009912132
39007,100,0.009772098
39007,101,0.009989736
39007,102,0.009870138
39007,103,0.010025772
39007,104,0.009536749
39007,105,0.008966782
39007,106,0.009088295
39007,107,0.009572639
39007,108,0.008505772
39007,109,0.0069985334
39007,110,0.006876467
39007,111,0.007561881
39007,112,0.011791331
39007,113,0.010575971
39007,114,0.010416015
39007,115,0.011853189
39007,116,0.013873986
39007,117,0.016669404
39007,118,0.017423201
39007,119,0.017841132
39007,120,0.017464412
39007,121,0.0158796
39007,122,0.014451785
39007,123,0.013482808
39007,124,0.012706033
39007,125,0.011849343
39007,126,0.011884756
39007,127,0.011837954
39007,128,0.010120917
39007,129,0.009175294
39007,130,0.008718866
39007,131,0.007885236
39007,132,0.006979053
39007,133,0.0064930897
39007,134,0.00558767
39007,135,0.0041781142
39007,136,0.0038020376
39007,137,0.0033805522
39007,138,0.002807578
39007,139,0.0030965493
39007,140,0.0033932773
39007,141,0.003050219
39007,142,0.0026012997
39007,143,0.0024727026
39007,144,0.0022683472
39007,145,0.0021299988
39007,146,0.0013191934
39007,147,0.0010311248
39007,148,0.00080118957
39007,149,0.0005194473
39007,150,0.00046536882
39007,151,0.00061125937
39007,152,0.0007373986
39007,153,0.0009094218
39007,154,0.0011660337
39007,155,0.0012311476
39007,156,0.0011055729
39007,157,0.0008483842
39007,158,0.0005500873
39007,159,0.0005256309
39007,160,0.00044201274
39007,161,0.00027970373
39007,162,0.00032208962
39007,163,0.0002949808
39007,164,0.00020422837
39007,165,1.7793973e-06
39007,166,0.00013814529
39007,167,0.00032190979
39007,168,0.00049695536
39007,169,0.0005961114
39007,170,0.00040763337
39007,171,0.00019121588
39007,172,0.00027297795
39007,173,0.0001747342
39007,174,3.5822588e-05
39007,175,6.95463e-05
39007,176,8.235077e-05
39007,177,0.000102025464
39007,178,8.138676e-05
39007,179,0.0
39007,180,0.0
39007,181,0.0
39007,182,0.0
39007,183,0.0
39007,184,0.0
39007,185,0.0
39007,186,0.0
39007,187,0.0
39007,188,0.00017424842
39007,189,0.00013225038
39007,190,0.0
39007,191,0.0
39007,192,0.0
39007,193,0.0
39007,194,0.0
39007,195,0.0
39007,196,0.0
39007,197,0.0
39007,198,0.00017938456
39007,199,0.00025838992
39007,200,0.0002932143
39007,201,0.00019525648
39007,202,0.00017101844
39007,203,0.0004329119
39007,204,0.00049022195
39007,205,0.0005078636
39007,206,0.00040327568
39007,207,2.6129286e-05
39007,208,0.0005236115
39007,209,0.00018997869
39007,210,4.3434895e-05
39007,211,0.0
39007,212,0.00030471245
39007,213,0.0
39007,214,0.00018370828
39007,215,0.00034251114
39009,73,0.00620939
39009,74,0.0049610916
39009,75,0.0052193995
39009,76,0.0059997244
39009,77,0.0059878137
39009,78,0.005536656
39009,79,0.0049210954
39009,80,0.0044492423
39009,81,0.004146177
39009,82,0.0040036575
39009,83,0.0031127003
39009,84,0.0023393075
39009,85,0.0019931174
39009,86,0.002769843
39009,87,0.002813811
39009,88,0.002485501
39009,89,0.0021583259
39009,90,0.0014043321
39009,91,0.0010718993
39009,92,0.0010091293
39009,93,0.00065898476
39009,94,0.000610652
39009,95,0.00037363093
39009,96,0.00014284055
39009,97,0.00021254519
39009,98,0.00027548592
39009,99,0.00042329985
39009,100,0.00069409015
39009,101,0.0010622081
39009,102,0.0011551453
39009,103,0.0011467475
39009,104,0.00093592325
39009,105,0.00032783687
39009,106,7.341981e-05
39009,107,0.000554716
39009,108,0.0005205844
39009,109,0.0010245075
39009,110,0.0020331126
39009,111,0.0022683342
39009,112,0.0026388275
39009,113,0.0039265393
39009,114,0.004901361
39009,115,0.0048553506
39009,116,0.0045767934
39009,117,0.005676653
39009,118,0.0055135516
39009,119,0.0048736725
39009,120,0.004604282
39009,121,0.0036616602
39009,122,0.0027149776
39009,123,0.001788085
39009,124,0.0020655007
39009,125,0.0033960107
39009,126,0.004027645
39009,127,0.004178283
39009,128,0.0041429605
39009,129,0.003775947
39009,130,0.0033946347
39009,131,0.002982575
39009,132,0.0024875372
39009,133,0.0019561443
39009,134,0.0016996689
39009,135,0.0017225166
39009,136,0.0022779626
39009,137,0.003836936
39009,138,0.005938766
39009,139,0.0071585686
39009,140,0.006566522
39009,141,0.0057264823
39009,142,0.005427725
39009,143,0.0049043493
39009,144,0.004153136
39009,145,0.003189646
39009,146,0.0023509345
39009,147,0.0022865206
39009,148,0.0022730087
39009,149,0.0022656845
39009,150,0.0021750296
39009,151,0.0021192639
39009,152,0.0018546013
39009,153,0.0015528039
39009,154,0.001533492
39009,155,0.0015248527
39009,156,0.0011636576
39009,157,0.00084043085
39009,158,0.0006405171
39009,159,0.00056310097
39009,160,0.00054398674
39009,161,0.0007427792
39009,162,0.0008756936
39009,163,0.00056978146
39009,164,0.00034405547
39009,165,0.00033678632
39009,166,0.0003112658
39009,167,0.0002017802
39009,168,0.00023486793
39009,169,0.00052227994
39009,170,0.00012846272
39009,171,0.00016975681
39009,172,0.0
39009,173,0.0
39009,174,2.9695828e-05
39009,175,3.106892e-05
39009,176,0.00011748135
39009,177,0.00061795354
39009,178,0.0009815814
39009,179,0.00079057296
39009,180,0.0002987359
39009,181,2.0738045e-05
39009,182,0.0
39009,183,6.290754e-05
39009,184,6.704906e-05
39009,185,0.0
39009,186,0.0
39009,187,0.0
39009,188,0.0
39009,189,0.0
39009,190,0.0
39009,191,0.0
39009,192,1.5445748e-05
39009,193,8.460204e-05
39009,194,9.426494e-05
39009,195,0.00016863803
39009,196,0.00021170238
39009,197,0.00016988954
39009,198,0.00026887277
39009,199,0.00035664422
39009,200,0.0004987458
39009,201,0.00042419593
39009,202,0.00033743065
39009,203,0.00012395481
39009,204,0.00011899312
39009,205,3.7751794e-05
39009,206,0.0002299563
39009,207,0.00020891508
39009,208,1.6593933e-06
39009,209,0.0
39009,210,0.0
39009,211,0.0
39009,212,0.0
39009,213,1.3945301e-05
39009,214,8.130312e-05
39009,215,0.00050008594
39011,73,0.026997318
39011,74,0.022741746
39011,75,0.023133002
39011,76,0.02469407
39011,77,0.026701976
39011,78,0.027194988
39011,79,0.02728464
39011,80,0.027177297
39011,81,0.027931955
39011,82,0.0282346
39011,83,0.026614975
39011,84,0.022906162
39011,85,0.0225208
39011,86,0.02259166
39011,87,0.023660747
39011,88,0.025835287
39011,89,0.025653092
39011,90,0.02331175
39011,91,0.019032527
39011,92,0.015032641
39011,93,0.012677871
39011,94,0.010911082
39011,95,0.009667206
39011,96,0.008886841
39011,97,0.008153167
39011,98,0.007328301
39011,99,0.0067248535
39011,100,0.006649588
39011,101,0.006761058
39011,102,0.006548373
39011,103,0.0063418024
39011,104,0.005931193
39011,105,0.0057235654
39011,106,0.0057288026
39011,107,0.0054315017
39011,108,0.0056790966
39011,109,0.0064508766
39011,110,0.006965854
39011,111,0.0069766706
39011,112,0.006189553
39011,113,0.0058563813
39011,114,0.00596048
39011,115,0.005487794
39011,116,0.0052119964
39011,117,0.004418006
39011,118,0.0036338314
39011,119,0.0035161194
39011,120,0.003983053
39011,121,0.0035633182
39011,122,0.0045910296
39011,123,0.0048714066
39011,124,0.0047482927
39011,125,0.004530101
39011,126,0.004287456
39011,127,0.0035674653
39011,128,0.0035065059
39011,129,0.0032299324
39011,130,0.0027816733
39011,131,0.0025428832
39011,132,0.0023407058
39011,133,0.0026484374
39011,134,0.0023550289
39011,135,0.0020968101
39011,136,0.0019520855
39011,137,0.0018225462
39011,138,0.0018614559
39011,139,0.002019871
39011,140,0.0020772337
39011,141,0.0018280562
39011,142,0.0015954225
39011,143,0.0015616072
39011,144,0.0017125688
39011,145,0.001563818
39011,146,0.0017081519
39011,147,0.0014730756
39011,148,0.0011965667
39011,149,0.0012250625
39011,150,0.0012926763
39011,151,0.0015286441
39011,152,0.0021196494
39011,153,0.00235564
39011,154,0.002378272
39011,155,0.0017395031
39011,156,0.0010989797
39011,157,0.0012960965
39011,158,0.0014559046
39011,159,0.0017134376
39011,160,0.0014543415
39011,161,0.0013091634
39011,162,0.0009957651
39011,163,0.00086204894
39011,164,0.0006205745
39011,165,0.0005628717
39011,166,0.000556978
39011,167,0.0007980317
39011,168,0.0005343199
39011,169,0.0002871134
39011,170,0.00025839626
39011,171,0.00050210755
39011,172,0.00087157375
39011,173,0.00082611776
39011,174,0.0007345977
39011,175,0.000975368
39011,176,0.0014305465
39011,177,0.0016526906
39011,178,0.0015461089
39011,179,0.0011725991
39011,180,0.0006606299
39011,181,0.00032529133
39011,182,0.00033370475
39011,183,0.0005519764
39011,184,0.00015040635
39011,185,5.091449e-05
39011,186,0.0001714746
39011,187,0.00026178698
39011,188,0.00032778186
39011,189,0.00023248514
39011,190,0.00033976714
39011,191,0.0003432371
39011,192,0.0003552115
39011,193,0.00033465904
39011,194,0.00032060902
39011,195,0.0005341631
39011,196,0.00066767336
39011,197,0.0006689141
39011,198,0.0009790477
39011,199,0.0007678316
39011,200,0.0005356739
39011,201,0.00067449926
39011,202,0.00054678717
39011,203,0.00077384914
39011,204,0.00046740135
39011,205,0.00014054617
39011,206,0.0
39011,207,0.0
39011,208,0.00024326802
39011,209,0.00033990742
39011,210,0.00012700916
39011,211,0.00025068203
39011,212,0.00035465878
39011,213,0.00013784766
39011,214,0.00030290047
39011,215,0.00030151664
39013,73,0.12787528
39013,74,0.114836924
39013,75,0.1189688
39013,76,0.12290458
39013,77,0.124033615
39013,78,0.124548696
39013,79,0.12589255
39013,80,0.12480059
39013,81,0.121788174
39013,82,0.11814334
39013,83,0.11287712
39013,84,0.1064935
39013,85,0.10045899
39013,86,0.0961753
39013,87,0.09381198
39013,88,0.09277728
39013,89,0.09103079
39013,90,0.089331076
39013,91,0.08300351
39013,92,0.07469153
39013,93,0.0698592
39013,94,0.06673836
39013,95,0.06440256
39013,96,0.06304822
39013,97,0.06203673
39013,98,0.061340634
39013,99,0.06083673
39013,100,0.059864737
39013,101,0.059632707
39013,102,0.059495166
39013,103,0.057906985
39013,104,0.056691647
39013,105,0.05245325
39013,106,0.04988964
39013,107,0.052004896
39013,108,0.052152857
39013,109,0.04753263
39013,110,0.04294415
39013,111,0.035437766
39013,112,0.02865218
39013,113,0.025731267
39013,114,0.023934137
39013,115,0.020779626
39013,116,0.017825622
39013,117,0.016569113
39013,118,0.01655125
39013,119,0.016229559
39013,120,0.016052665
39013,121,0.01643577
39013,122,0.01681936
39013,123,0.016684264
39013,124,0.016149307
39013,125,0.015795527
39013,126,0.016796662
39013,127,0.016759625
39013,128,0.015709652
39013,129,0.016049422
39013,130,0.015970662
39013,131,0.018862156
39013,132,0.016913632
39013,133,0.012278341
39013,134,0.009131584
39013,135,0.006880822
39013,136,0.00511018
39013,137,0.0042228196
39013,138,0.0044080685
39013,139,0.005015269
39013,140,0.0052433773
39013,141,0.0047546877
39013,142,0.0040571024
39013,143,0.0036135127
39013,144,0.0035341808
39013,145,0.0032983227
39013,146,0.002555262
39013,147,0.002381497
39013,148,0.002458387
39013,149,0.0024914152
39013,150,0.00259173
39013,151,0.0028314758
39013,152,0.002483828
39013,153,0.0020377757
39013,154,0.0018375914
39013,155,0.0017715709
39013,156,0.0016775471
39013,157,0.0016259635
39013,158,0.0013595367
39013,159,0.0013650273
39013,160,0.0013405808
39013,161,0.0011915457
39013,162,0.0011984726
39013,163,0.0010239236
39013,164,0.00042179125
39013,165,0.0003188914
39013,166,0.00042925298
39013,167,0.00048418343
39013,168,0.00036831183
39013,169,0.00028117636
39013,170,0.0005399869
39013,171,0.0005872325
39013,172,0.00055176276
39013,173,0.00035239517
39013,174,0.00023402432
39013,175,0.00021364569
39013,176,0.00021653256
39013,177,0.00031015713
39013,178,0.0005682174
39013,179,0.00053729
39013,180,0.0004368238
39013,181,0.00025716366
39013,182,0.00032891554
39013,183,0.00034760017
39013,184,0.00035113055
39013,185,0.00032483262
39013,186,0.00016817173
39013,187,0.00010733207
39013,188,0.0
39013,189,0.0
39013,190,0.0
39013,191,4.5690536e-05
39013,192,0.00029046336
39013,193,0.000268625
39013,194,0.00038553477
39013,195,0.0002973471
39013,196,0.00027847727
39013,197,0.00038695792
39013,198,0.0005243518
39013,199,0.0004908635
39013,200,0.00053230504
39013,201,0.0004891126
39013,202,0.0006041753
39013,203,0.00049277005
39013,204,0.000589117
39013,205,0.000352058
39013,206,0.0002942145
39013,207,0.00026268422
39013,208,0.00012569765
39013,209,0.0
39013,210,9.869893e-05
39013,211,3.4138364e-05
39013,212,0.0
39013,213,2.2717517e-05
39013,214,0.0
39013,215,0.00014200469
39015,73,0.0011719338
39015,74,0.0012272787
39015,75,0.0009310213
39015,76,0.0008991327
39015,77,0.0006067763
39015,78,0.00047287464
39015,79,0.0004612927
39015,80,0.0006284344
39015,81,0.0005724046
39015,82,0.00023389497
39015,83,0.0
39015,84,0.0
39015,85,6.843349e-05
39015,86,7.2974166e-05
39015,87,0.00016761958
39015,88,0.00033693213
39015,89,0.000320491
39015,90,0.00047291498
39015,91,0.0007513115
39015,92,0.00089164043
39015,93,0.00093404274
39015,94,0.00048231572
39015,95,0.0
39015,96,0.0
39015,97,5.450507e-05
39015,98,0.00026764532
39015,99,0.0003358079
39015,100,0.00044993084
39015,101,0.0005537196
39015,102,0.00064136746
39015,103,0.00079108594
39015,104,0.0007978904
39015,105,0.0005644061
39015,106,0.0008901273
39015,107,0.0012468144
39015,108,0.002432818
39015,109,0.004233908
39015,110,0.0052429084
39015,111,0.0051254933
39015,112,0.004389504
39015,113,0.0034505595
39015,114,0.0027238836
39015,115,0.00268104
39015,116,0.0031369007
39015,117,0.0034155385
39015,118,0.0027402733
39015,119,0.002154285
39015,120,0.0017560693
39015,121,0.0020883905
39015,122,0.002418382
39015,123,0.0026140967
39015,124,0.00233038
39015,125,0.003018192
39015,126,0.0034526978
39015,127,0.003174938
39015,128,0.003099046
39015,129,0.0028144112
39015,130,0.0025277094
39015,131,0.0020811998
39015,132,0.0019577737
39015,133,0.0018860034
39015,134,0.0015545717
39015,135,0.0012972674
39015,136,0.0015124317
39015,137,0.0018985462
39015,138,0.0014688188
39015,139,0.0016876562
39015,140,0.0013286959
39015,141,0.0012098989
39015,142,0.0010565424
39015,143,0.00081447244
39015,144,0.0009977478
39015,145,0.0007884709
39015,146,0.0004452008
39015,147,0.00050338445
39015,148,0.0006278553
39015,149,0.0007444165
39015,150,0.0006601948
39015,151,0.0008047495
39015,152,0.00070310925
39015,153,0.0002919952
39015,154,5.9855975e-05
39015,155,0.00014647603
39015,156,0.0004826353
39015,157,0.0005686051
39015,158,0.0004890394
39015,159,0.00040709416
39015,160,0.00042655368
39015,161,0.00035979014
39015,162,0.00040137905
39015,163,0.00033722442
39015,164,7.990241e-05
39015,165,0.00017704388
39015,166,0.00018768766
39015,167,0.00024101794
39015,168,0.00022237859
39015,169,0.00017975748
39015,170,9.531994e-05
39015,171,0.0002545321
39015,172,0.00027829906
39015,173,0.00027014138
39015,174,0.0003482775
39015,175,0.00045378547
39015,176,0.00042731862
39015,177,0.0004890752
39015,178,0.00036577045
39015,179,0.00039691984
39015,180,0.00021455844
39015,181,7.433216e-05
39015,182,0.00011070471
39015,183,6.1898034e-05
39015,184,0.0
39015,185,0.0
39015,186,0.00012518823
39015,187,9.645005e-05
39015,188,0.0002542915
39015,189,0.00015123725
39015,190,0.0002573238
39015,191,0.0003154705
39015,192,0.000285695
39015,193,0.00036808092
39015,194,0.00030201278
39015,195,0.0002472939
39015,196,0.00017533719
39015,197,0.00021338364
39015,198,0.00033146518
39015,199,0.00046391904
39015,200,0.00045247973
39015,201,0.00051445444
39015,202,0.00031556268
39015,203,0.00014759104
39015,204,0.0
39015,205,0.0
39015,206,0.0
39015,207,0.0
39015,208,0.0
39015,209,0.0
39015,210,0.0
39015,211,4.037678e-05
39015,212,0.0
39015,213,1.2908578e-05
39015,214,0.00025214592
39015,215,0.00012657483
39019,73,0.34831756
39019,74,0.35946167
39019,75,0.35600734
39019,76,0.34725988
39019,77,0.33453318
39019,78,0.32197285
39019,79,0.30768618
39019,80,0.2936269
39019,81,0.27820563
39019,82,0.2641847
39019,83,0.25148314
39019,84,0.2436058
39019,85,0.237567
39019,86,0.22938749
39019,87,0.2202796
39019,88,0.2100276
39019,89,0.2036789
39019,90,0.19623716
39019,91,0.18594778
39019,92,0.17911415
39019,93,0.17097273
39019,94,0.16296312
39019,95,0.15417601
39019,96,0.14515792
39019,97,0.13856071
39019,98,0.13436466
39019,99,0.13303079
39019,100,0.13417736
39019,101,0.13420467
39019,102,0.13200246
39019,103,0.13064127
39019,104,0.12768365
39019,105,0.12465225
39019,106,0.1189988
39019,107,0.110379435
39019,108,0.10284124
39019,109,0.09655965
39019,110,0.09591948
39019,111,0.0915751
39019,112,0.0849879
39019,113,0.07877026
39019,114,0.073829554
39019,115,0.06740333
39019,116,0.059895538
39019,117,0.05434236
39019,118,0.05121336
39019,119,0.048563328
39019,120,0.04567946
39019,121,0.043056816
39019,122,0.0411302
39019,123,0.03921275
39019,124,0.03801704
39019,125,0.039020903
39019,126,0.040768452
39019,127,0.041850105
39019,128,0.04244851
39019,129,0.048313294
39019,130,0.049639564
39019,131,0.04801198
39019,132,0.04384988
39019,133,0.03898512
39019,134,0.034905568
39019,135,0.030934174
39019,136,0.027579896
39019,137,0.02374585
39019,138,0.020654451
39019,139,0.018608062
39019,140,0.016991915
39019,141,0.014507898
39019,142,0.013333309
39019,143,0.012846918
39019,144,0.012010269
39019,145,0.011680101
39019,146,0.011185913
39019,147,0.010870775
39019,148,0.010950369
39019,149,0.010690869
39019,150,0.009929709
39019,151,0.009624721
39019,152,0.010283482
39019,153,0.01020501
39019,154,0.009671692
39019,155,0.009198664
39019,156,0.00858531
39019,157,0.007907093
39019,158,0.007084203
39019,159,0.0063418504
39019,160,0.005545459
39019,161,0.0051647
39019,162,0.004763378
39019,163,0.004291545
39019,164,0.0036161495
39019,165,0.0030021565
39019,166,0.0028233444
39019,167,0.0028612383
39019,168,0.0027871558
39019,169,0.0027470877
39019,170,0.0022387558
39019,171,0.0020492251
39019,172,0.0018975729
39019,173,0.0018222706
39019,174,0.0016915922
39019,175,0.0015913327
39019,176,0.0014295944
39019,177,0.0013645847
39019,178,0.0016790153
39019,179,0.001377082
39019,180,0.000979148
39019,181,0.00096586824
39019,182,0.0009713149
39019,183,0.00086748204
39019,184,0.00066794455
39019,185,0.0006073813
39019,186,0.0004673006
39019,187,0.0002654282
39019,188,0.00021086534
39019,189,6.818712e-05
39019,190,0.0002596736
39019,191,0.00037355066
39019,192,0.00029889206
39019,193,0.0006298369
39019,194,0.00061343017
39019,195,0.0004510788
39019,196,0.00047750492
39019,197,0.0009429868
39019,198,0.0008848741
39019,199,0.00081647455
39019,200,0.00093837344
39019,201,0.0011961382
39019,202,0.0009686271
39019,203,0.00085132814
39019,204,0.0010426688
39019,205,0.0008253279
39019,206,0.0008083149
39019,207,0.0006390975
39019,208,0.00026066005
39019,209,0.000183629
39019,210,0.00034712357
39019,211,0.0
39019,212,0.00014149169
39019,213,0.00014632662
39019,214,0.000751042
39019,215,0.0011605402
39021,73,0.099580266
39021,74,0.08935628
39021,75,0.08375277
39021,76,0.080829576
39021,77,0.07961555
39021,78,0.07572229
39021,79,0.070052885
39021,80,0.063936085
39021,81,0.05595777
39021,82,0.047523655
39021,83,0.03489506
39021,84,0.027944386
39021,85,0.0231497
39021,86,0.020866921
39021,87,0.018423192
39021,88,0.0150570115
39021,89,0.012650408
39021,90,0.011426311
39021,91,0.0102007175
39021,92,0.00926946
39021,93,0.00843207
39021,94,0.0074644755
39021,95,0.0068227933
39021,96,0.0062701013
39021,97,0.005823061
39021,98,0.005399061
39021,99,0.0051683253
39021,100,0.0051438482
39021,101,0.0051359017
39021,102,0.0052014226
39021,103,0.005651334
39021,104,0.0057954113
39021,105,0.00634592
39021,106,0.006505869
39021,107,0.005945471
39021,108,0.0060644243
39021,109,0.006501091
39021,110,0.0093409605
39021,111,0.011210366
39021,112,0.010275343
39021,113,0.010033213
39021,114,0.009381582
39021,115,0.007906315
39021,116,0.0054339194
39021,117,0.0042182687
39021,118,0.0029135302
39021,119,0.0023204798
39021,120,0.002169174
39021,121,0.0025260886
39021,122,0.0029947842
39021,123,0.0030814002
39021,124,0.003097993
39021,125,0.0047532637
39021,126,0.0064182268
39021,127,0.007493394
39021,128,0.006189715
39021,129,0.0046740547
39021,130,0.0036330651
39021,131,0.002777152
39021,132,0.0024466612
39021,133,0.0024666279
39021,134,0.0020982875
39021,135,0.0015775912
39021,136,0.00127041
39021,137,0.0013010259
39021,138,0.0013734229
39021,139,0.0013581886
39021,140,0.0008635196
39021,141,0.0005760515
39021,142,0.00048812866
39021,143,0.00035786015
39021,144,0.0002626149
39021,145,0.00015729188
39021,146,0.0
39021,147,0.0
39021,148,0.0
39021,149,0.0
39021,150,2.7575095e-05
39021,151,0.00031812311
39021,152,0.000501226
39021,153,0.0003852284
39021,154,0.00030290743
39021,155,0.0002769518
39021,156,0.00047460853
39021,157,0.0003122425
39021,158,0.00018533686
39021,159,0.00020265003
39021,160,0.00016010384
39021,161,8.274515e-05
39021,162,0.0001264735
39021,163,0.0
39021,164,0.0
39021,165,0.0
39021,166,1.588603e-05
39021,167,2.197981e-05
39021,168,0.0
39021,169,0.0
39021,170,0.0
39021,171,0.00016915282
39021,172,0.00021898648
39021,173,0.000328507
39021,174,0.000489202
39021,175,0.00048603135
39021,176,0.00025678854
39021,177,0.0
39021,178,0.0
39021,179,0.0
39021,180,0.0
39021,181,0.0
39021,182,0.00028010726
39021,183,0.00028995474
39021,184,0.0
39021,185,0.0
39021,186,8.5736916e-05
39021,187,0.0
39021,188,0.0
39021,189,0.0
39021,190,8.062363e-05
39021,191,0.00021860302
39021,192,0.00030480305
39021,193,0.00019868651
39021,194,0.00023154894
39021,195,0.0003338923
39021,196,0.00042040943
39021,197,0.0005394731
39021,198,0.0005485739
39021,199,0.0006130181
39021,200,0.00054505287
39021,201,0.0005618529
39021,202,0.0004003024
39021,203,0.00038699628
39021,204,0.00026674292
39021,205,0.00012344976
39021,206,0.00013127287
39021,207,0.00030976036
39021,208,0.00024364232
39021,209,0.0
39021,210,0.0
39021,211,0.0
39021,212,0.0
39021,213,3.8824874e-05
39021,214,0.00037928642
39021,215,0.00051692827
39041,73,0.07420532
39041,74,0.06844758
39041,75,0.06744163
39041,76,0.066528074
39041,77,0.06595788
39041,78,0.06495139
39041,79,0.06400766
39041,80,0.061164703
39041,81,0.059549555
39041,82,0.057299916
39041,83,0.05450808
39041,84,0.05119789
39041,85,0.047702387
39041,86,0.04458786
39041,87,0.04140553
39041,88,0.03822655
39041,89,0.035309464
39041,90,0.031954203
39041,91,0.028569134
39041,92,0.025020905
39041,93,0.022500955
39041,94,0.020305958
39041,95,0.018212283
39041,96,0.016586417
39041,97,0.015654353
39041,98,0.014682245
39041,99,0.013869123
39041,100,0.013506137
39041,101,0.013281253
39041,102,0.013052421
39041,103,0.012770542
39041,104,0.012737003
39041,105,0.011992839
39041,106,0.010878406
39041,107,0.010630002
39041,108,0.010624937
39041,109,0.010413045
39041,110,0.010570496
39041,111,0.010473833
39041,112,0.010002991
39041,113,0.008327229
39041,114,0.007254332
39041,115,0.005381078
39041,116,0.0045219604
39041,117,0.0045807627
39041,118,0.0047561023
39041,119,0.0046242564
39041,120,0.0043194694
39041,121,0.004203287
39041,122,0.0048805377
39041,123,0.005600586
39041,124,0.005177419
39041,125,0.0052163713
39041,126,0.005433772
39041,127,0.0053404244
39041,128,0.0049958946
39041,129,0.0049343873
39041,130,0.004673952
39041,131,0.00455081
39041,132,0.004371182
39041,133,0.0039708884
39041,134,0.0036387346
39041,135,0.003153006
39041,136,0.0029995597
39041,137,0.0034788442
39041,138,0.0033095854
39041,139,0.0031940704
39041,140,0.0027899148
39041,141,0.0024804415
39041,142,0.0022448916
39041,143,0.002457142
39041,144,0.0022411514
39041,145,0.002019347
39041,146,0.0018432857
39041,147,0.001700397
39041,148,0.0014498293
39041,149,0.0015072967
39041,150,0.0015592508
39041,151,0.0016389437
39041,152,0.0016005243
39041,153,0.0016704148
39041,154,0.0017026738
39041,155,0.0016637443
39041,156,0.001415621
39041,157,0.001285992
39041,158,0.0010325575
39041,159,0.00085511187
39041,160,0.0009756572
39041,161,0.0008594072
39041,162,0.0006352023
39041,163,0.0004071033
39041,164,0.00041008354
39041,165,0.0005051054
39041,166,0.00036999048
39041,167,9.2947885e-05
39041,168,0.00012312928
39041,169,0.0003603971
39041,170,0.00052368245
39041,171,0.00039824785
39041,172,0.00034884812
39041,173,0.00034442407
39041,174,0.00043755394
39041,175,0.0005538024
39041,176,0.000540937
39041,177,0.00041195075
39041,178,0.00029918333
39041,179,0.00028691412
39041,180,0.00022491434
39041,181,0.0002078096
39041,182,3.9387145e-05
39041,183,4.604677e-05
39041,184,5.524377e-05
39041,185,0.000258166
39041,186,0.00024896165
39041,187,0.00018528858
39041,188,0.00016778788
39041,189,8.3111925e-05
39041,190,0.00011461437
39041,191,0.0
39041,192,0.0
39041,193,0.0
39041,194,0.0
39041,195,0.00015823245
39041,196,0.00041857464
39041,197,0.0005369645
39041,198,0.00058398943
39041,199,0.0006461718
39041,200,0.0008191987
39041,201,0.0007524091
39041,202,0.0006987391
39041,203,0.00060324353
39041,204,0.0005460072
39041,205,0.00035416704
39041,206,0.00044897755
39041,207,0.00034721612
39041,208,0.00029585103
39041,209,8.371632e-05
39041,210,0.0
39041,211,4.1160783e-05
39041,212,8.541087e-05
39041,213,0.0004413718
39041,214,0.0004138269
39041,215,0.0001383565
39043,73,0.027867375
39043,74,0.027562056
39043,75,0.026042309
39043,76,0.024581822
39043,77,0.02405801
39043,78,0.02373731
39043,79,0.023344142
39043,80,0.022550466
39043,81,0.021666238
39043,82,0.02071265
39043,83,0.019535871
39043,84,0.018085409
39043,85,0.016484661
39043,86,0.014652462
39043,87,0.013117952
39043,88,0.012314209
39043,89,0.011800714
39043,90,0.011141736
39043,91,0.010178302
39043,92,0.009318197
39043,93,0.008462947
39043,94,0.007589512
39043,95,0.0070762928
39043,96,0.0066451435
39043,97,0.0062355334
39043,98,0.0058736056
39043,99,0.005564398
39043,100,0.005418366
39043,101,0.0053880233
39043,102,0.005169859
39043,103,0.00466501
39043,104,0.0043719527
39043,105,0.0040945914
39043,106,0.0036841533
39043,107,0.003668178
39043,108,0.003997863
39043,109,0.0045911274
39043,110,0.0049382066
39043,111,0.003805813
39043,112,0.0036576774
39043,113,0.0034005216
39043,114,0.0027947947
39043,115,0.0021049613
39043,116,0.0017328088
39043,117,0.0017214657
39043,118,0.0014900072
39043,119,0.0011500138
39043,120,0.0011080368
39043,121,0.0013504864
39043,122,0.0018723202
39043,123,0.002843374
39043,124,0.0024823933
39043,125,0.0029862418
39043,126,0.003401092
39043,127,0.00420594
39043,128,0.004078144
39043,129,0.003955571
39043,130,0.003954344
39043,131,0.0034924874
39043,132,0.0031034485
39043,133,0.0024262131
39043,134,0.002190076
39043,135,0.0018279676
39043,136,0.0018669282
39043,137,0.0013887841
39043,138,0.0013976716
39043,139,0.0013108135
39043,140,0.001097849
39043,141,0.001231172
39043,142,0.0013053768
39043,143,0.00072142325
39043,144,0.000492417
39043,145,0.00025961618
39043,146,7.559001e-05
39043,147,4.9424172e-05
39043,148,0.000115005176
39043,149,0.00022834758
39043,150,0.00029882154
39043,151,0.0003023843
39043,152,0.00026841223
39043,153,0.00035986942
39043,154,0.0004813679
39043,155,0.00050228357
39043,156,0.00053518673
39043,157,0.0004525155
39043,158,0.00033259988
39043,159,0.0003419602
39043,160,0.0003157254
39043,161,0.00040939767
39043,162,0.00033860843
39043,163,0.0003667311
39043,164,0.00028104684
39043,165,0.00016798655
39043,166,0.00011089225
39043,167,0.0001481545
39043,168,0.0001627022
39043,169,0.00016808053
39043,170,3.303647e-05
39043,171,0.0
39043,172,2.2291939e-05
39043,173,0.00013863842
39043,174,0.0002030472
39043,175,0.00020245412
39043,176,0.00017279327
39043,177,0.00015579145
39043,178,9.816726e-05
39043,179,6.104549e-05
39043,180,0.0
39043,181,0.0
39043,182,0.0
39043,183,0.0
39043,184,0.0
39043,185,0.0
39043,186,0.0
39043,187,4.6012996e-05
39043,188,0.00018458327
39043,189,0.00013435225
39043,190,0.00013760607
39043,191,9.4023744e-05
39043,192,7.3010524e-05
39043,193,4.507681e-05
39043,194,9.160836e-05
39043,195,7.2063005e-05
39043,196,0.00019582034
39043,197,0.00023491203
39043,198,0.00022759735
39043,199,0.00024826944
39043,200,0.00038840593
39043,201,0.0005005692
39043,202,0.0004574414
39043,203,0.0004031843
39043,204,0.00035233737
39043,205,0.00039176625
39043,206,0.0002860125
39043,207,9.813209e-05
39043,208,9.163499e-05
39043,209,0.00010903259
39043,210,0.0
39043,211,8.873205e-05
39043,212,0.000210645
39043,213,0.00036867798
39043,214,0.00029662013
39043,215,0.00031238774
39047,73,0.008186512
39047,74,0.007983108
39047,75,0.008356199
39047,76,0.008698647
39047,77,0.008465067
39047,78,0.007984228
39047,79,0.00739672
39047,80,0.0069333822
39047,81,0.006173842
39047,82,0.005417125
39047,83,0.0044551594
39047,84,0.004251257
39047,85,0.004176833
39047,86,0.004368563
39047,87,0.004700949
39047,88,0.0050083804
39047,89,0.0048932103
39047,90,0.0039911913
39047,91,0.0029864283
39047,92,0.002197212
39047,93,0.001886081
39047,94,0.0016866337
39047,95,0.0016371097
39047,96,0.0015372948
39047,97,0.0015924185
39047,98,0.0014829375
39047,99,0.0014370286
39047,100,0.0014115565
39047,101,0.0012666286
39047,102,0.0012647514
39047,103,0.0012947463
39047,104,0.0014067956
39047,105,0.00097306544
39047,106,0.00059730996
39047,107,0.0006518105
39047,108,0.001537976
39047,109,0.0023446048
39047,110,0.004808946
39047,111,0.006894565
39047,112,0.0071274024
39047,113,0.0067458455
39047,114,0.0052487473
39047,115,0.00424776
39047,116,0.0038178826
39047,117,0.0048794434
39047,118,0.0044959793
39047,119,0.0035028032
39047,120,0.0023190621
39047,121,0.0018748363
39047,122,0.0017230241
39047,123,0.0017599964
39047,124,0.0010518604
39047,125,0.0020919645
39047,126,0.0029354955
39047,127,0.0030868375
39047,128,0.0029168543
39047,129,0.00211498
39047,130,0.0016779894
39047,131,0.001535684
39047,132,0.002017353
39047,133,0.002243959
39047,134,0.002155466
39047,135,0.0017610379
39047,136,0.0016925042
39047,137,0.002438847
39047,138,0.0030122676
39047,139,0.002798127
39047,140,0.0019694231
39047,141,0.0011331642
39047,142,0.0008104682
39047,143,0.00091566704
39047,144,0.0007210895
39047,145,0.0006968196
39047,146,0.0005238853
39047,147,0.00034135717
39047,148,0.0006000966
39047,149,0.00052903354
39047,150,0.0005256019
39047,151,0.0007557877
39047,152,0.00093959307
39047,153,0.00073031546
39047,154,0.0006587643
39047,155,0.00058248115
39047,156,0.00054481527
39047,157,0.000540849
39047,158,0.00040344615
39047,159,0.00021876096
39047,160,0.00027436495
39047,161,0.00023327688
39047,162,0.00012768566
39047,163,0.0
39047,164,0.0
39047,165,0.0
39047,166,0.0
39047,167,0.0
39047,168,0.0
39047,169,0.0
39047,170,0.0
39047,171,0.0
39047,172,0.0
39047,173,0.0
39047,174,0.0
39047,175,0.00023444275
39047,176,0.00022333502
39047,177,0.0003120945
39047,178,0.00046108585
39047,179,0.00034840227
39047,180,0.0
39047,181,0.0
39047,182,0.0
39047,183,0.00012483975
39047,184,0.00023564676
39047,185,0.0
39047,186,0.0
39047,187,0.0
39047,188,0.0
39047,189,0.0
39047,190,0.0
39047,191,0.0
39047,192,0.0
39047,193,0.0
39047,194,0.0
39047,195,2.3283363e-05
39047,196,0.0001613601
39047,197,0.00034399788
39047,198,0.0003342388
39047,199,0.00038475395
39047,200,0.0003511254
39047,201,0.00025983056
39047,202,9.5746116e-05
39047,203,0.0
39047,204,0.0
39047,205,0.0
39047,206,0.0
39047,207,0.0
39047,208,0.000117448166
39047,209,0.0
39047,210,0.0
39047,211,0.0
39047,212,0.0
39047,213,0.0
39047,214,0.0
39047,215,0.0
39057,73,0.031296007
39057,74,0.02215583
39057,75,0.021708898
39057,76,0.021825034
39057,77,0.021773128
39057,78,0.021258896
39057,79,0.020283129
39057,80,0.019294858
39057,81,0.017882623
39057,82,0.016507491
39057,83,0.014381915
39057,84,0.0131157525
39057,85,0.012061653
39057,86,0.011437175
39057,87,0.010772041
39057,88,0.009930584
39057,89,0.008483531
39057,90,0.006952546
39057,91,0.005830434
39057,92,0.0051416517
39057,93,0.004673226
39057,94,0.004081955
39057,95,0.0035653189
39057,96,0.0033862304
39057,97,0.0031350795
39057,98,0.0028391203
39057,99,0.0025099493
39057,100,0.0024201786
39057,101,0.0024821148
39057,102,0.0024809695
39057,103,0.0026571953
39057,104,0.002754223
39057,105,0.0026411104
39057,106,0.002461404
39057,107,0.0025902188
39057,108,0.0030309344
39057,109,0.0032920209
39057,110,0.004418762
39057,111,0.004365587
39057,112,0.004016548
39057,113,0.0036693267
39057,114,0.003020579
39057,115,0.002769691
39057,116,0.0018802435
39057,117,0.0018732772
39057,118,0.001961015
39057,119,0.0017685521
39057,120,0.001661678
39057,121,0.0020598317
39057,122,0.0025559948
39057,123,0.0019936324
39057,124,0.0021854981
39057,125,0.0027924178
39057,126,0.0027032115
39057,127,0.0024833607
39057,128,0.002543361
39057,129,0.0025829258
39057,130,0.0023872538
39057,131,0.0021695083
39057,132,0.0022324577
39057,133,0.0020905428
39057,134,0.0019267786
39057,135,0.0019080464
39057,136,0.0019785105
39057,137,0.0019655407
39057,138,0.0019177963
39057,139,0.0019819732
39057,140,0.0016576274
39057,141,0.0013302253
39057,142,0.0011050162
39057,143,0.0009246472
39057,144,0.00088806154
39057,145,0.0007411776
39057,146,0.00058045646
39057,147,0.00043914677
39057,148,0.0005370436
39057,149,0.0005195711
39057,150,0.0004429674
39057,151,0.00065481686
39057,152,0.0007792735
39057,153,0.00076009176
39057,154,0.0007905652
39057,155,0.0007298448
39057,156,0.00073462346
39057,157,0.00079280173
39057,158,0.00069415127
39057,159,0.0006257532
39057,160,0.0006169583
39057,161,0.0005430794
39057,162,0.0004237209
39057,163,0.00028369267
39057,164,0.0004127441
39057,165,0.00034140606
39057,166,0.00021496156
39057,167,0.00028065123
39057,168,0.00027772048
39057,169,0.0
39057,170,0.00018439055
39057,171,0.00032610475
39057,172,0.0003833546
39057,173,0.00037958086
39057,174,0.00044540624
39057,175,0.0005201465
39057,176,0.0004166889
39057,177,0.00026966532
39057,178,9.757678e-05
39057,179,1.9296607e-05
39057,180,1.8217364e-05
39057,181,9.6438926e-05
39057,182,2.6673477e-05
39057,183,5.962908e-05
39057,184,0.0
39057,185,1.1469721e-05
39057,186,0.00023551464
39057,187,0.00015655199
39057,188,9.13626e-05
39057,189,1.9919276e-05
39057,190,2.6986401e-05
39057,191,6.3166415e-05
39057,192,8.9331465e-05
39057,193,0.00020135561
39057,194,0.00028404215
39057,195,0.00034642636
39057,196,0.00039685506
39057,197,0.00046463253
39057,198,0.00041900575
39057,199,0.0004329578
39057,200,0.00048461795
39057,201,0.0005488563
39057,202,0.00041140814
39057,203,0.0002424393
39057,204,0.00022076727
39057,205,0.00022947331
39057,206,0.00017166218
39057,207,0.00043135346
39057,208,0.0002483968
39057,209,0.0
39057,210,0.0
39057,211,2.410074e-05
39057,212,0.0003337888
39057,213,0.00014163613
39057,214,0.00017080108
39057,215,0.00013038456
39067,73,0.24993575
39067,74,0.24769236
39067,75,0.24361877
39067,76,0.2461281
39067,77,0.24899086
39067,78,0.2510286
39067,79,0.24948876
39067,80,0.24274233
39067,81,0.22885056
39067,82,0.21159467
39067,83,0.19892524
39067,84,0.19004364
39067,85,0.18254572
39067,86,0.17350736
39067,87,0.16241327
39067,88,0.15136749
39067,89,0.13957596
39067,90,0.12747389
39067,91,0.11079196
39067,92,0.09618685
39067,93,0.089294404
39067,94,0.0860435
39067,95,0.08402315
39067,96,0.08399726
39067,97,0.08409562
39067,98,0.082964994
39067,99,0.08189202
39067,100,0.08069226
39067,101,0.07931923
39067,102,0.07727522
39067,103,0.0743803
39067,104,0.0700547
39067,105,0.06428633
39067,106,0.055999514
39067,107,0.052460946
39067,108,0.04949459
39067,109,0.045315806
39067,110,0.04579971
39067,111,0.0423044
39067,112,0.03669782
39067,113,0.035228085
39067,114,0.036709882
39067,115,0.033998758
39067,116,0.028375713
39067,117,0.023564294
39067,118,0.021391029
39067,119,0.01945962
39067,120,0.01853221
39067,121,0.017950417
39067,122,0.017185
39067,123,0.016036695
39067,124,0.015194741
39067,125,0.016678577
39067,126,0.0174365
39067,127,0.018160157
39067,128,0.018692775
39067,129,0.021313546
39067,130,0.02166817
39067,131,0.021449445
39067,132,0.0180465
39067,133,0.014829283
39067,134,0.012476835
39067,135,0.010721908
39067,136,0.008190324
39067,137,0.005084176
39067,138,0.0036443607
39067,139,0.0028134314
39067,140,0.0028992188
39067,141,0.0027089068
39067,142,0.001913859
39067,143,0.0015650577
39067,144,0.0016222121
39067,145,0.0013319154
39067,146,0.0008249462
39067,147,0.0009210047
39067,148,0.0012958924
39067,149,0.001293156
39067,150,0.0013104347
39067,151,0.001988231
39067,152,0.0025208583
39067,153,0.0023651267
39067,154,0.0027025759
39067,155,0.0023538815
39067,156,0.0023143636
39067,157,0.002068709
39067,158,0.0012333296
39067,159,0.001055975
39067,160,0.00092594797
39067,161,0.0010292091
39067,162,0.0011784908
39067,163,0.0009855932
39067,164,0.00036692995
39067,165,0.00038823765
39067,166,0.00020654679
39067,167,0.0004961246
39067,168,0.0004947621
39067,169,0.0007303391
39067,170,0.00055230665
39067,171,0.0006205382
39067,172,0.0006965214
39067,173,0.00050510303
39067,174,0.00041522307
39067,175,0.00030522942
39067,176,0.00030147136
39067,177,0.00029399057
39067,178,0.0007453495
39067,179,0.0004087931
39067,180,0.00015877406
39067,181,0.00014123142
39067,182,0.00032111228
39067,183,0.00027523795
39067,184,0.00013030131
39067,185,5.331695e-05
39067,186,0.0
39067,187,0.0
39067,188,0.0
39067,189,0.0
39067,190,0.0
39067,191,0.00015058617
39067,192,0.00018895307
39067,193,0.00016196906
39067,194,0.00023633281
39067,195,5.2065454e-05
39067,196,5.515039e-05
39067,197,0.00052101334
39067,198,0.0004741329
39067,199,0.0004115832
39067,200,0.00039258343
39067,201,0.0004574549
39067,202,0.00059054454
39067,203,0.0004959289
39067,204,0.00063548126
39067,205,0.0005008858
39067,206,0.00048617084
39067,207,0.00012745004
39067,208,1.8360814e-05
39067,209,0.0
39067,210,0.0
39067,211,0.0
39067,212,0.0
39067,213,0.00013304115
39067,214,0.00025780103
39067,215,0.0003986911
39071,73,0.00067606306
39071,74,0.0014118481
39071,75,0.0013921498
39071,76,0.0017246879
39071,77,0.0018709276
39071,78,0.0018424738
39071,79,0.0017094142
39071,80,0.0017444575
39071,81,0.0015806168
39071,82,0.001345855
39071,83,0.0010428494
39071,84,0.0009079247
39071,85,0.0009620532
39071,86,0.00083910703
39071,87,0.0006543392
39071,88,0.0008731258
39071,89,0.000976769
39071,90,0.001080389
39071,91,0.0013116518
39071,92,0.001252153
39071,93,0.0009452006
39071,94,0.0004089862
39071,95,0.00032084703
39071,96,0.00042272388
39071,97,0.0006212763
39071,98,0.0008186368
39071,99,0.0007344284
39071,100,0.0006335256
39071,101,0.00054956775
39071,102,0.00065633917
39071,103,0.00067703566
39071,104,0.00049365184
39071,105,6.268859e-05
39071,106,0.0011909318
39071,107,0.0014456233
39071,108,0.0019269676
39071,109,0.003531042
39071,110,0.0056884987
39071,111,0.00610687
39071,112,0.005980368
39071,113,0.0049177627
39071,114,0.0039270106
39071,115,0.004144942
39071,116,0.004580563
39071,117,0.0062982505
39071,118,0.005566044
39071,119,0.0046703652
39071,120,0.0032980908
39071,121,0.00295266
39071,122,0.0032788636
39071,123,0.0028308562
39071,124,0.0022308289
39071,125,0.0026891443
39071,126,0.0033903793
39071,127,0.0031647957
39071,128,0.0031128826
39071,129,0.0026533902
39071,130,0.0022237857
39071,131,0.0017683632
39071,132,0.0018353355
39071,133,0.0017199856
39071,134,0.0014220327
39071,135,0.0012811087
39071,136,0.0014481501
39071,137,0.0024254664
39071,138,0.002564195
39071,139,0.0022857585
39071,140,0.0019371362
39071,141,0.001555446
39071,142,0.0014202386
39071,143,0.0011858392
39071,144,0.0011652356
39071,145,0.0011502894
39071,146,0.0008806435
39071,147,0.0007414323
39071,148,0.0008275419
39071,149,0.00070895394
39071,150,0.00070233585
39071,151,0.0009954226
39071,152,0.0009743335
39071,153,0.00062865653
39071,154,0.00039833706
39071,155,0.00027129412
39071,156,0.0005710586
39071,157,0.0008628116
39071,158,0.00094914815
39071,159,0.0008229015
39071,160,0.0007756797
39071,161,0.0007742385
39071,162,0.0007478332
39071,163,0.0006616946
39071,164,0.0004583621
39071,165,0.00029263654
39071,166,0.00039913555
39071,167,0.0002351276
39071,168,0.00035300988
39071,169,0.0
39071,170,8.99158e-05
39071,171,0.00012319148
39071,172,0.00018556118
39071,173,0.00021469136
39071,174,0.0003612695
39071,175,0.00048615574
39071,176,0.00052080036
39071,177,0.000635972
39071,178,0.0005696039
39071,179,0.00035808902
39071,180,6.5492786e-05
39071,181,0.0
39071,182,0.0
39071,183,0.0
39071,184,0.00018376828
39071,185,3.7442445e-05
39071,186,0.00012423316
39071,187,5.353848e-05
39071,188,0.0001771315
39071,189,0.0002502354
39071,190,0.00041404503
39071,191,0.00040923018
39071,192,0.0003267898
39071,193,0.00037224294
39071,194,0.0003302757
39071,195,0.00034953098
39071,196,0.00038113017
39071,197,0.00031052213
39071,198,0.00030902028
39071,199,0.0004883035
39071,200,0.0005332597
39071,201,0.00055167155
39071,202,0.0004376177
39071,203,0.00025937497
39071,204,0.00013359447
39071,205,1.6587575e-05
39071,206,1.1095802e-05
39071,207,0.00015292763
39071,208,0.00010051112
39071,209,0.0
39071,210,0.0
39071,211,7.002095e-05
39071,212,5.8169564e-05
39071,213,0.00024286666
39071,214,0.0003857277
39071,215,0.00038392266
39079,73,0.006862504
39079,74,0.006275832
39079,75,0.007056663
39079,76,0.007264052
39079,77,0.0068510487
39079,78,0.0056928545
39079,79,0.004399353
39079,80,0.0038170423
39079,81,0.0038294634
39079,82,0.0033432723
39079,83,0.003152745
39079,84,0.0027753362
39079,85,0.0023164218
39079,86,0.0027321854
39079,87,0.0024976307
39079,88,0.0026718157
39079,89,0.001752572
39079,90,0.0011119745
39079,91,0.001006215
39079,92,0.0011102221
39079,93,0.0010180227
39079,94,0.0011875663
39079,95,0.00088330894
39079,96,0.00051559624
39079,97,0.0005350401
39079,98,0.0008278177
39079,99,0.0011568923
39079,100,0.0010604296
39079,101,0.0009489838
39079,102,0.001117837
39079,103,0.0009178551
39079,104,0.00041832606
39079,105,0.0
39079,106,0.0011173118
39079,107,0.0016699112
39079,108,0.0014300701
39079,109,0.0006072208
39079,110,0.00050548895
39079,111,0.00039093714
39079,112,0.0022341541
39079,113,0.0031418335
39079,114,0.004298681
39079,115,0.004863253
39079,116,0.0056732716
39079,117,0.0061241477
39079,118,0.0063980906
39079,119,0.005996807
39079,120,0.0046025263
39079,121,0.0025536304
39079,122,0.0014084632
39079,123,0.0012966496
39079,124,0.001259413
39079,125,0.0004115997
39079,126,0.0022211976
39079,127,0.0036014447
39079,128,0.0038647375
39079,129,0.0036214688
39079,130,0.0030062106
39079,131,0.0025580302
39079,132,0.0023276948
39079,133,0.001939109
39079,134,0.0017834514
39079,135,0.0017246418
39079,136,0.001591619
39079,137,0.0017592794
39079,138,0.0017593455
39079,139,0.0024815304
39079,140,0.002198714
39079,141,0.0019550212
39079,142,0.0016622602
39079,143,0.0014002899
39079,144,0.0012536484
39079,145,0.0011002641
39079,146,0.0008254161
39079,147,0.0008032695
39079,148,0.00078601716
39079,149,0.0008998563
39079,150,0.0011552804
39079,151,0.0012811439
39079,152,0.0011578529
39079,153,0.00056457915
39079,154,0.00038757344
39079,155,0.0003036072
39079,156,0.0002494196
39079,157,0.00024959585
39079,158,0.0001685361
39079,159,0.00021044433
39079,160,0.00027550996
39079,161,0.0003873561
39079,162,0.0004371552
39079,163,0.00025191685
39079,164,0.000118506745
39079,165,0.0
39079,166,0.0005297724
39079,167,3.8789512e-05
39079,168,0.0001141274
39079,169,0.0
39079,170,0.0
39079,171,0.0
39079,172,0.0
39079,173,2.0267367e-05
39079,174,0.00011583786
39079,175,0.0002790445
39079,176,0.00033432303
39079,177,0.00038141012
39079,178,0.0004902941
39079,179,0.00031640034
39079,180,0.00019928614
39079,181,0.00021843096
39079,182,5.348245e-05
39079,183,2.5690793e-05
39079,184,7.437865e-05
39079,185,0.0
39079,186,0.0
39079,187,0.0
39079,188,0.0
39079,189,3.462712e-05
39079,190,0.0
39079,191,0.0
39079,192,0.0
39079,193,8.086741e-05
39079,194,0.00014909248
39079,195,0.00020894328
39079,196,0.0002472671
39079,197,0.00027315022
39079,198,0.0004377522
39079,199,0.00054300326
39079,200,0.0005267741
39079,201,0.00046227116
39079,202,0.0003088226
39079,203,0.00021347821
39079,204,0.00013934314
39079,205,4.3201446e-05
39079,206,0.0
39079,207,9.696524e-05
39079,208,0.00015829781
39079,209,2.5101304e-05
39079,210,0.0
39079,211,0.0
39079,212,0.0
39079,213,0.0
39079,214,0.00034101744
39079,215,0.0002475194
39083,73,0.24005929
39083,74,0.23231341
39083,75,0.22634588
39083,76,0.22308083
39083,77,0.22159167
39083,78,0.21976538
39083,79,0.22289246
39083,80,0.2231376
39083,81,0.22056839
39083,82,0.2141436
39083,83,0.20739019
39083,84,0.20423162
39083,85,0.20001471
39083,86,0.19563293
39083,87,0.1929862
39083,88,0.18729736
39083,89,0.17825761
39083,90,0.1704744
39083,91,0.15632586
39083,92,0.13886896
39083,93,0.12600444
39083,94,0.11619999
39083,95,0.109575145
39083,96,0.10285322
39083,97,0.09666789
39083,98,0.09157743
39083,99,0.08841048
39083,100,0.087456055
39083,101,0.08870946
39083,102,0.09161153
39083,103,0.09456597
39083,104,0.09609359
39083,105,0.09338051
39083,106,0.086184055
39083,107,0.07888754
39083,108,0.06999939
39083,109,0.06389449
39083,110,0.060778487
39083,111,0.058855426
39083,112,0.057773832
39083,113,0.054001655
39083,114,0.048206717
39083,115,0.041117433
39083,116,0.034301452
39083,117,0.031649362
39083,118,0.03058913
39083,119,0.03056879
39083,120,0.029166453
39083,121,0.02861646
39083,122,0.027740208
39083,123,0.029037178
39083,124,0.031244276
39083,125,0.030883051
39083,126,0.031763975
39083,127,0.03482977
39083,128,0.042553913
39083,129,0.043550935
39083,130,0.035806485
39083,131,0.028821621
39083,132,0.026473887
39083,133,0.023617566
39083,134,0.020072935
39083,135,0.018724667
39083,136,0.015874162
39083,137,0.013134061
39083,138,0.011305991
39083,139,0.010648242
39083,140,0.010109978
39083,141,0.009634178
39083,142,0.008776523
39083,143,0.008204014
39083,144,0.0077402066
39083,145,0.0072328425
39083,146,0.0067938836
39083,147,0.006318105
39083,148,0.006010229
39083,149,0.0056894654
39083,150,0.0056814905
39083,151,0.0057068574
39083,152,0.0051872404
39083,153,0.0050214813
39083,154,0.005013057
39083,155,0.0046496238
39083,156,0.0042207646
39083,157,0.0038795844
39083,158,0.003369551
39083,159,0.002872455
39083,160,0.0025680938
39083,161,0.0022538959
39083,162,0.0019104098
39083,163,0.0016217184
39083,164,0.0013003738
39083,165,0.0008398247
39083,166,0.0004153496
39083,167,0.00042069316
39083,168,0.00052009744
39083,169,0.00060689286
39083,170,0.0006093099
39083,171,0.00041266502
39083,172,0.0006140631
39083,173,0.0007603934
39083,174,0.0008451255
39083,175,0.0007869764
39083,176,0.0007644612
39083,177,0.00091704464
39083,178,0.00094377407
39083,179,0.0007923564
39083,180,0.0006517097
39083,181,0.00043727498
39083,182,0.00030031323
39083,183,0.00040423035
39083,184,0.0004322787
39083,185,0.00041443287
39083,186,0.00029279807
39083,187,0.0001793911
39083,188,6.7862275e-05
39083,189,0.0
39083,190,8.293092e-05
39083,191,0.00017485202
39083,192,0.00020426273
39083,193,0.00015780568
39083,194,0.00026049235
39083,195,0.00043309588
39083,196,0.0007026156
39083,197,0.00083877647
39083,198,0.000998152
39083,199,0.0009588802
39083,200,0.0011755324
39083,201,0.0012242827
39083,202,0.0010658428
39083,203,0.0011343402
39083,204,0.0008068285
39083,205,0.0003236733
39083,206,0.00044922173
39083,207,0.00044308443
39083,208,0.0005852799
39083,209,0.00042013664
39083,210,2.618889e-05
39083,211,0.0
39083,212,0.0
39083,213,0.00019992868
39083,214,0.00084371684
39083,215,0.00059402926
42001,73,0.0044409283
42001,74,0.0031605735
42001,75,0.0038758374
42001,76,0.004206172
42001,77,0.003928614
42001,78,0.0037127496
42001,79,0.0037794532
42001,80,0.0043798494
42001,81,0.0049825604
42001,82,0.0054021482
42001,83,0.00566423
42001,84,0.005378029
42001,85,0.004494221
42001,86,0.0035122307
42001,87,0.002342111
42001,88,0.0016926257
42001,89,0.001323058
42001,90,0.0011393722
42001,91,0.00072490034
42001,92,0.0005390368
42001,93,0.0001628389
42001,94,0.0
42001,95,0.0
42001,96,0.0
42001,97,0.0
42001,98,0.0
42001,99,0.0
42001,100,0.0
42001,101,9.5874075e-06
42001,102,0.00011133988
42001,103,0.00018169006
42001,104,0.0005811468
42001,105,0.0
42001,106,0.0
42001,107,0.0
42001,108,0.0
42001,109,0.0
42001,110,0.0
42001,111,0.0
42001,112,0.0
42001,113,0.0
42001,114,0.0
42001,115,0.0
42001,116,0.0
42001,117,0.0
42001,118,0.0
42001,119,0.0
42001,120,0.0
42001,121,0.0
42001,122,0.0
42001,123,0.0
42001,124,0.0
42001,125,0.0
42001,126,0.0
42001,127,0.00042635947
42001,128,0.00049381127
42001,129,0.00016703844
42001,130,1.1616548e-05
42001,131,0.0
42001,132,0.0
42001,133,0.0
42001,134,0.0
42001,135,0.0
42001,136,0.0
42001,137,0.0
42001,138,0.00011919062
42001,139,0.00078243815
42001,140,0.0011192118
42001,141,0.0018081336
42001,142,0.0028786305
42001,143,0.006322854
42001,144,0.009141254
42001,145,0.009931204
42001,146,0.009239876
42001,147,0.008237923
42001,148,0.008245266
42001,149,0.0074686096
42001,150,0.0064758183
42001,151,0.0055985786
42001,152,0.0044630626
42001,153,0.0038065135
42001,154,0.0032543328
42001,155,0.002990486
42001,156,0.0025400093
42001,157,0.0017933936
42001,158,0.0012880252
42001,159,0.00073001604
42001,160,0.00069504225
42001,161,0.00065976044
42001,162,0.0004359011
42001,163,0.00068014115
42001,164,0.0013166367
42001,165,0.0011397626
42001,166,0.0007119292
42001,167,0.00046362568
42001,168,0.00020636579
42001,169,0.00011474769
42001,170,3.1964978e-06
42001,171,3.4654735e-05
42001,172,0.0001420023
42001,173,0.0001363654
42001,174,0.000106938285
42001,175,4.433751e-05
42001,176,0.00015632977
42001,177,8.172572e-05
42001,178,0.0
42001,179,0.0
42001,180,0.0
42001,181,0.0
42001,182,0.0
42001,183,0.0
42001,184,0.0
42001,185,0.0
42001,186,0.0
42001,187,0.0
42001,188,0.0
42001,189,0.0
42001,190,0.0
42001,191,0.0
42001,192,0.0
42001,193,0.0
42001,194,0.0
42001,195,0.0
42001,196,0.0
42001,197,0.0
42001,198,0.0
42001,199,0.0
42001,200,0.0
42001,201,0.0
42001,202,0.0
42001,203,0.0
42001,204,0.0
42001,205,0.0
42001,206,0.0
42001,207,0.0
42001,208,0.0
42001,209,0.0
42001,210,0.0
42001,211,0.0
42001,212,0.0
42001,213,0.0
42001,214,0.0
42001,215,0.0
42003,73,0.13287792
42003,74,0.12118478
42003,75,0.11447383
42003,76,0.11224423
42003,77,0.11021518
42003,78,0.107340164
42003,79,0.10315354
42003,80,0.099793695
42003,81,0.09509997
42003,82,0.0889159
42003,83,0.08293915
42003,84,0.07639867
42003,85,0.07032803
42003,86,0.06493261
42003,87,0.059732817
42003,88,0.054198433
42003,89,0.049238343
42003,90,0.04498219
42003,91,0.03882819
42003,92,0.032564927
42003,93,0.029443922
42003,94,0.026995642
42003,95,0.024376571
42003,96,0.022705719
42003,97,0.021139113
42003,98,0.020191083
42003,99,0.019565292
42003,100,0.019240536
42003,101,0.0184625
42003,102,0.018070634
42003,103,0.01783339
42003,104,0.016929189
42003,105,0.01589341
42003,106,0.01549461
42003,107,0.014802008
42003,108,0.01426658
42003,109,0.014046431
42003,110,0.013825197
42003,111,0.013813982
42003,112,0.014369878
42003,113,0.014908441
42003,114,0.014656037
42003,115,0.01381361
42003,116,0.012974747
42003,117,0.011917168
42003,118,0.011115389
42003,119,0.010859823
42003,120,0.0111172795
42003,121,0.011229319
42003,122,0.0110996915
42003,123,0.01065361
42003,124,0.010417245
42003,125,0.010234934
42003,126,0.010077818
42003,127,0.010690104
42003,128,0.012389072
42003,129,0.011907522
42003,130,0.011239382
42003,131,0.010542904
42003,132,0.01007202
42003,133,0.009777577
42003,134,0.009699901
42003,135,0.009257978
42003,136,0.008323645
42003,137,0.008149672
42003,138,0.007614325
42003,139,0.0056808395
42003,140,0.0055089025
42003,141,0.00479889
42003,142,0.004051092
42003,143,0.004283962
42003,144,0.0041813254
42003,145,0.0038437643
42003,146,0.0035125194
42003,147,0.0031796559
42003,148,0.0028895282
42003,149,0.0027457287
42003,150,0.0025213754
42003,151,0.0033871355
42003,152,0.0030854654
42003,153,0.0024665273
42003,154,0.0025727442
42003,155,0.0025489079
42003,156,0.0024929238
42003,157,0.0023640997
42003,158,0.0023284145
42003,159,0.0022290421
42003,160,0.0020425457
42003,161,0.0015447981
42003,162,0.00089488336
42003,163,0.00077729725
42003,164,0.00058481813
42003,165,0.0005470489
42003,166,0.00021485527
42003,167,0.00037923295
42003,168,0.0004753987
42003,169,0.0005279275
42003,170,0.00019173244
42003,171,0.000202383
42003,172,0.00038945852
42003,173,0.00074490526
42003,174,0.00041153838
42003,175,0.0003261742
42003,176,0.0004671985
42003,177,0.0005025561
42003,178,0.0008150121
42003,179,0.0003442484
42003,180,0.0005088685
42003,181,4.717549e-05
42003,182,0.00031888502
42003,183,0.0
42003,184,0.0
42003,185,0.0
42003,186,0.0
42003,187,0.0
42003,188,0.0
42003,189,0.0
42003,190,0.0
42003,191,0.0
42003,192,0.0
42003,193,0.0
42003,194,0.0
42003,195,0.0
42003,196,2.8495193e-05
42003,197,0.00014546633
42003,198,0.00032498222
42003,199,0.0003546224
42003,200,0.0004830742
42003,201,0.0004996902
42003,202,0.00034836848
42003,203,0.0
42003,204,0.00010436515
42003,205,0.00027529142
42003,206,0.0
42003,207,0.0
42003,208,0.0
42003,209,0.0
42003,210,0.0
42003,211,8.4217194e-05
42003,212,0.0
42003,213,0.0
42003,214,0.0
42003,215,0.0
42011,73,0.0
42011,74,0.0
42011,75,0.0
42011,76,0.00011199852
42011,77,0.00039839584
42011,78,0.0005486542
42011,79,0.00029130222
42011,80,0.0001723519
42011,81,3.6174853e-05
42011,82,8.557837e-06
42011,83,0.0
42011,84,0.0
42011,85,0.0
42011,86,0.0
42011,87,0.0
42011,88,0.0
42011,89,0.0
42011,90,0.0
42011,91,0.0
42011,92,0.0
42011,93,0.0
42011,94,0.0
42011,95,0.0
42011,96,0.0
42011,97,0.0
42011,98,0.0
42011,99,0.0
42011,100,0.0
42011,101,0.0
42011,102,0.0
42011,103,0.00034515696
42011,104,0.0003626301
42011,105,0.00016329566
42011,106,0.0
42011,107,0.0
42011,108,0.0
42011,109,0.0
42011,110,0.0
42011,111,3.276805e-05
42011,112,0.0
42011,113,0.0
42011,114,0.0001729705
42011,115,0.00045027386
42011,116,0.00031700908
42011,117,0.00037089645
42011,118,0.000322602
42011,119,0.0005072385
42011,120,0.00020883867
42011,121,0.0002756069
42011,122,0.0004817593
42011,123,0.00028457204
42011,124,0.00041849315
42011,125,0.00034831482
42011,126,0.00026812276
42011,127,0.00018863022
42011,128,0.00022658387
42011,129,0.00025285364
42011,130,0.0
42011,131,0.0018259789
42011,132,0.0021144275
42011,133,0.0014404244
42011,134,0.00047306757
42011,135,0.0
42011,136,0.0
42011,137,0.0
42011,138,0.0
42011,139,0.0
42011,140,0.00039579172
42011,141,0.0034645114
42011,142,0.007442089
42011,143,0.009779231
42011,144,0.009996093
42011,145,0.010640559
42011,146,0.01078437
42011,147,0.01119948
42011,148,0.012027937
42011,149,0.011567365
42011,150,0.010848051
42011,151,0.009305355
42011,152,0.008495387
42011,153,0.0074864025
42011,154,0.0066746264
42011,155,0.005658692
42011,156,0.004795693
42011,157,0.0040650032
42011,158,0.0031740614
42011,159,0.0025562774
42011,160,0.0021427863
42011,161,0.0016417108
42011,162,0.0013233008
42011,163,0.0012939727
42011,164,0.0010562154
42011,165,0.0009167167
42011,166,0.00068045733
42011,167,0.0005081588
42011,168,0.0005822917
42011,169,0.00039055807
42011,170,0.0004287964
42011,171,0.0006105963
42011,172,0.0004570085
42011,173,0.00035897573
42011,174,0.0005999517
42011,175,0.00075385533
42011,176,0.0010092744
42011,177,0.0012258103
42011,178,0.0010824283
42011,179,0.0005600752
42011,180,0.00020295003
42011,181,0.0004674391
42011,182,0.00039372643
42011,183,0.0
42011,184,0.0
42011,185,0.0
42011,186,0.0
42011,187,0.0001460278
42011,188,0.00011443357
42011,189,0.0
42011,190,0.0
42011,191,0.0
42011,192,0.0
42011,193,0.0
42011,194,0.0
42011,195,0.0
42011,196,0.0
42011,197,0.0
42011,198,0.0
42011,199,7.681707e-05
42011,200,2.130131e-05
42011,201,8.64325e-05
42011,202,6.416857e-05
42011,203,2.7178925e-05
42011,204,0.0
42011,205,0.0
42011,206,0.0
42011,207,0.0
42011,208,0.0
42011,209,0.0
42011,210,0.0
42011,211,0.0002742354
42011,212,0.0
42011,213,0.000105816915
42011,214,0.0001962904
42011,215,3.153344e-05
42017,73,0.0008254876
42017,74,0.0
42017,75,0.000353733
42017,76,0.0011310941
42017,77,0.0016854572
42017,78,0.0016221292
42017,79,0.0018525117
42017,80,0.0012274786
42017,81,0.000505505
42017,82,9.949277e-05
42017,83,0.0
42017,84,0.0
42017,85,0.0
42017,86,0.0
42017,87,0.0
42017,88,0.0
42017,89,0.0
42017,90,0.0
42017,91,0.0
42017,92,0.0
42017,93,0.0
42017,94,0.0
42017,95,0.0
42017,96,0.0
42017,97,0.0
42017,98,0.0
42017,99,0.0
42017,100,0.0
42017,101,3.3630728e-05
42017,102,0.00014856398
42017,103,0.00024269363
42017,104,0.0009116993
42017,105,0.00014599662
42017,106,0.00016185641
42017,107,0.0
42017,108,0.00019194723
42017,109,0.0001979653
42017,110,0.00019485533
42017,111,0.00027640144
42017,112,0.00041231554
42017,113,0.00043608845
42017,114,0.00031537414
42017,115,0.0002322934
42017,116,0.0003646475
42017,117,0.00019114872
42017,118,0.0002556779
42017,119,0.0002611635
42017,120,0.00025677503
42017,121,0.0003532638
42017,122,0.0004062875
42017,123,0.00029642344
42017,124,0.00047178048
42017,125,0.0007161232
42017,126,0.00061590073
42017,127,0.0005814908
42017,128,0.00038755735
42017,129,0.00020757219
42017,130,5.652169e-05
42017,131,9.924769e-06
42017,132,0.0
42017,133,0.0
42017,134,0.00022966822
42017,135,0.00019475221
42017,136,0.0
42017,137,0.0
42017,138,0.0
42017,139,2.4801691e-05
42017,140,0.00031307776
42017,141,0.002242928
42017,142,0.005971956
42017,143,0.014626947
42017,144,0.022998553
42017,145,0.021905031
42017,146,0.02222182
42017,147,0.020288017
42017,148,0.018107437
42017,149,0.016631572
42017,150,0.014452804
42017,151,0.012770796
42017,152,0.011467295
42017,153,0.010517901
42017,154,0.009332111
42017,155,0.007989442
42017,156,0.0071115214
42017,157,0.006106755
42017,158,0.0050026136
42017,159,0.003953605
42017,160,0.00336625
42017,161,0.0032997234
42017,162,0.002839149
42017,163,0.0023517485
42017,164,0.0021082568
42017,165,0.0019107355
42017,166,0.0016904897
42017,167,0.0015208159
42017,168,0.0013686301
42017,169,0.0012211442
42017,170,0.0013015677
42017,171,0.0014540564
42017,172,0.0014894104
42017,173,0.0013945396
42017,174,0.0012483456
42017,175,0.0014104242
42017,176,0.0015328302
42017,177,0.0014779813
42017,178,0.0013471694
42017,179,0.0016301647
42017,180,0.0012318664
42017,181,0.00051775575
42017,182,0.00069721637
42017,183,0.000849744
42017,184,0.00043103634
42017,185,0.0004461962
42017,186,0.00042484503
42017,187,0.00036638897
42017,188,0.00041154522
42017,189,5.031387e-05
42017,190,0.000336834
42017,191,0.0003534146
42017,192,0.00023571968
42017,193,0.00038787027
42017,194,0.00027460017
42017,195,0.00031027236
42017,196,0.0003415358
42017,197,0.00044682223
42017,198,0.0005902374
42017,199,0.0006280623
42017,200,0.0005952935
42017,201,0.0007843443
42017,202,0.00062562426
42017,203,0.00047860443
42017,204,0.0004879417
42017,205,0.00064621447
42017,206,0.0002906084
42017,207,0.00023271522
42017,208,0.00011948287
42017,209,0.00024410209
42017,210,7.0115326e-05
42017,211,2.5562445e-06
42017,212,8.3997445e-05
42017,213,0.00016233981
42017,214,0.00047964216
42017,215,0.000401846
42037,73,0.0028514317
42037,74,0.002240733
42037,75,0.0018746466
42037,76,0.0014700199
42037,77,0.0
42037,78,0.0
42037,79,0.0
42037,80,0.00035905023
42037,81,0.0015567921
42037,82,0.0014437119
42037,83,0.001510543
42037,84,0.0015989977
42037,85,0.0011228748
42037,86,0.0007839584
42037,87,0.0
42037,88,0.0
42037,89,0.0
42037,90,0.0
42037,91,0.0
42037,92,0.0
42037,93,4.5674442e-05
42037,94,0.0
42037,95,0.0
42037,96,0.0
42037,97,0.0
42037,98,0.0
42037,99,0.0
42037,100,0.0
42037,101,0.0
42037,102,0.0
42037,103,0.0
42037,104,1.5762449e-05
42037,105,0.0
42037,106,0.0
42037,107,1.5324553e-05
42037,108,0.0003148363
42037,109,0.000504059
42037,110,0.00028892697
42037,111,0.00014830072
42037,112,5.1078e-05
42037,113,0.00039704042
42037,114,0.0006371502
42037,115,0.0009331759
42037,116,0.0016961674
42037,117,0.0021456473
42037,118,0.0022788958
42037,119,0.0025138059
42037,120,0.0024825055
42037,121,0.0025439924
42037,122,0.0024898378
42037,123,0.0025290132
42037,124,0.003023487
42037,125,0.0031879055
42037,126,0.0025115488
42037,127,0.0022368466
42037,128,0.0016448499
42037,129,0.0019230306
42037,130,0.0020918502
42037,131,0.0019844181
42037,132,0.0016096547
42037,133,0.00086765806
42037,134,0.00082021387
42037,135,0.00065963645
42037,136,0.00038606225
42037,137,0.00067276775
42037,138,0.0014221123
42037,139,0.00244796
42037,140,0.0059760124
42037,141,0.010204457
42037,142,0.010644435
42037,143,0.011861977
42037,144,0.013188933
42037,145,0.013223235
42037,146,0.010720584
42037,147,0.007822495
42037,148,0.006581986
42037,149,0.0060511655
42037,150,0.005806197
42037,151,0.0049463725
42037,152,0.00447456
42037,153,0.0042613437
42037,154,0.004022965
42037,155,0.0032561598
42037,156,0.0025955467
42037,157,0.0023938448
42037,158,0.0021547312
42037,159,0.001847291
42037,160,0.0013746471
42037,161,0.0011444474
42037,162,0.0010973578
42037,163,0.0011714685
42037,164,0.0010179704
42037,165,0.0010351724
42037,166,0.0008800089
42037,167,0.00070921634
42037,168,0.00045643788
42037,169,0.00029723227
42037,170,0.0003387787
42037,171,0.00028725347
42037,172,0.00032972754
42037,173,0.00064074836
42037,174,0.0006960102
42037,175,0.00044307928
42037,176,0.00033774634
42037,177,0.0007205045
42037,178,0.00084386824
42037,179,0.00045578618
42037,180,0.00030840875
42037,181,0.00035856824
42037,182,0.00013316105
42037,183,0.0
42037,184,0.0
42037,185,0.0
42037,186,9.355009e-05
42037,187,0.00024368466
42037,188,0.00015058537
42037,189,6.6049695e-05
42037,190,0.0
42037,191,0.00011094709
42037,192,3.5730005e-05
42037,193,0.0
42037,194,0.0
42037,195,3.654619e-05
42037,196,0.00014880161
42037,197,0.0002322344
42037,198,0.00020626346
42037,199,0.00018660883
42037,200,0.00021282097
42037,201,0.00020256004
42037,202,6.1452985e-05
42037,203,5.9483053e-05
42037,204,0.0002365307
42037,205,0.00022940358
42037,206,0.00016149461
42037,207,0.00011628747
42037,208,8.52106e-05
42037,209,0.00015222351
42037,210,0.00018278757
42037,211,0.00038052062
42037,212,0.00039190828
42037,213,0.0006405147
42037,214,0.0005349682
42037,215,0.00025999048
42071,73,0.0
42071,74,0.0
42071,75,0.0
42071,76,0.0
42071,77,0.0001960963
42071,78,7.0872105e-05
42071,79,0.0003623895
42071,80,0.00038047094
42071,81,0.00029874305
42071,82,0.00045345825
42071,83,0.00010414292
42071,84,5.826036e-05
42071,85,0.0
42071,86,0.0
42071,87,0.0
42071,88,0.0
42071,89,0.0
42071,90,0.0
42071,91,0.0
42071,92,0.0
42071,93,0.0
42071,94,0.0
42071,95,0.0
42071,96,0.0
42071,97,0.0
42071,98,0.0
42071,99,0.0
42071,100,0.0
42071,101,0.0
42071,102,0.0
42071,103,4.487475e-05
42071,104,0.00022550783
42071,105,0.00010510544
42071,106,0.0
42071,107,0.0
42071,108,0.0
42071,109,0.0
42071,110,0.0
42071,111,0.0
42071,112,0.0
42071,113,0.0
42071,114,0.0
42071,115,3.0938583e-05
42071,116,0.0
42071,117,6.95773e-05
42071,118,0.00011467595
42071,119,5.6469642e-05
42071,120,7.013639e-05
42071,121,0.00044982176
42071,122,0.000585949
42071,123,0.00039293527
42071,124,0.00040266555
42071,125,0.00046597642
42071,126,0.0003543858
42071,127,0.00020739337
42071,128,0.0002663807
42071,129,0.00011304061
42071,130,7.961611e-05
42071,131,0.0003657623
42071,132,0.0005724573
42071,133,0.0006210395
42071,134,0.0003879251
42071,135,0.0
42071,136,0.0
42071,137,3.0488372e-05
42071,138,0.00028476893
42071,139,0.00067994377
42071,140,0.0018958497
42071,141,0.00728458
42071,142,0.013777176
42071,143,0.014480685
42071,144,0.017053671
42071,145,0.01642176
42071,146,0.015035477
42071,147,0.014578112
42071,148,0.01414369
42071,149,0.014443184
42071,150,0.014390141
42071,151,0.013109538
42071,152,0.011597205
42071,153,0.009679208
42071,154,0.007987481
42071,155,0.006847064
42071,156,0.005652285
42071,157,0.0046349242
42071,158,0.0039540282
42071,159,0.00345329
42071,160,0.0028581442
42071,161,0.0023009896
42071,162,0.0017763706
42071,163,0.0015844994
42071,164,0.0011703672
42071,165,0.0012738146
42071,166,0.0010746849
42071,167,0.0009257052
42071,168,0.0008208475
42071,169,0.0005658762
42071,170,0.00034572082
42071,171,0.00040197294
42071,172,0.00052432576
42071,173,0.0007698243
42071,174,0.00081762945
42071,175,0.00096246874
42071,176,0.00075421116
42071,177,0.00040410954
42071,178,0.0009237917
42071,179,0.00037534238
42071,180,0.00023762086
42071,181,0.00036025702
42071,182,0.00049604377
42071,183,0.00011878927
42071,184,0.0
42071,185,0.0
42071,186,0.0
42071,187,0.00012562712
42071,188,9.924769e-05
42071,189,0.00014964481
42071,190,1.20333825e-05
42071,191,0.0
42071,192,1.4142394e-05
42071,193,0.0
42071,194,4.863918e-05
42071,195,0.0
42071,196,0.0
42071,197,0.0
42071,198,0.0
42071,199,7.3671734e-05
42071,200,6.717781e-05
42071,201,6.345312e-06
42071,202,4.274249e-05
42071,203,0.0
42071,204,0.0
42071,205,0.0
42071,206,0.0
42071,207,0.0
42071,208,0.0
42071,209,0.0
42071,210,6.413738e-05
42071,211,0.00026454052
42071,212,0.0
42071,213,0.0002068315
42071,214,0.00010546148
42071,215,1.4593601e-05
42073,73,0.038247522
42073,74,0.038643192
42073,75,0.03902371
42073,76,0.03961715
42073,77,0.039097764
42073,78,0.038076133
42073,79,0.037122868
42073,80,0.03570917
42073,81,0.034212176
42073,82,0.031615734
42073,83,0.029351598
42073,84,0.027432587
42073,85,0.024845168
42073,86,0.022296287
42073,87,0.020221904
42073,88,0.018143259
42073,89,0.015890336
42073,90,0.013450719
42073,91,0.0108988825
42073,92,0.009506796
42073,93,0.008421775
42073,94,0.00718369
42073,95,0.006272333
42073,96,0.0057970476
42073,97,0.0054656845
42073,98,0.005185408
42073,99,0.005030658
42073,100,0.00479323
42073,101,0.0045908373
42073,102,0.0044210874
42073,103,0.004497548
42073,104,0.004240253
42073,105,0.0040151845
42073,106,0.004104619
42073,107,0.0037100187
42073,108,0.002946985
42073,109,0.0025145519
42073,110,0.0029099425
42073,111,0.0032518934
42073,112,0.0037346426
42073,113,0.004824238
42073,114,0.0057242145
42073,115,0.0061443937
42073,116,0.0061863274
42073,117,0.006753076
42073,118,0.0067271926
42073,119,0.0063709146
42073,120,0.005534515
42073,121,0.0047835647
42073,122,0.004247965
42073,123,0.003941364
42073,124,0.0036351262
42073,125,0.003396604
42073,126,0.0033850535
42073,127,0.003927034
42073,128,0.0043613235
42073,129,0.0049950466
42073,130,0.0053610858
42073,131,0.0051166434
42073,132,0.0042136707
42073,133,0.0039922
42073,134,0.0037345425
42073,135,0.0031204934
42073,136,0.0023204777
42073,137,0.001882485
42073,138,0.0019637102
42073,139,0.0020330173
42073,140,0.0027167008
42073,141,0.0028452924
42073,142,0.0029574684
42073,143,0.00307748
42073,144,0.0030539415
42073,145,0.0025142538
42073,146,0.0019699438
42073,147,0.0014784127
42073,148,0.0011105561
42073,149,0.0009773707
42073,150,0.00072801975
42073,151,0.0005411627
42073,152,0.00056003465
42073,153,0.0008195705
42073,154,0.0008610806
42073,155,0.00074582244
42073,156,0.0008189658
42073,157,0.00066814007
42073,158,0.0003740315
42073,159,0.00022490999
42073,160,6.674389e-05
42073,161,0.0
42073,162,0.000104807215
42073,163,2.3203094e-05
42073,164,0.0
42073,165,0.0
42073,166,0.0
42073,167,0.0
42073,168,9.675424e-06
42073,169,0.0
42073,170,0.0
42073,171,0.0
42073,172,0.0
42073,173,0.0
42073,174,0.0
42073,175,0.0
42073,176,0.0
42073,177,0.0
42073,178,0.0
42073,179,0.0
42073,180,0.0
42073,181,0.0
42073,182,0.0
42073,183,0.0
42073,184,0.0
42073,185,0.0
42073,186,0.0
42073,187,0.0
42073,188,0.0
42073,189,0.0
42073,190,0.0
42073,191,0.0
42073,192,0.0
42073,193,0.0
42073,194,0.0
42073,195,0.0
42073,196,0.0
42073,197,0.0
42073,198,0.0
42073,199,0.0
42073,200,6.9755915e-05
42073,201,0.0
42073,202,0.0
42073,203,0.0
42073,204,0.0
42073,205,0.0
42073,206,0.0
42073,207,0.0
42073,208,0.0
42073,209,0.0
42073,210,0.0
42073,211,0.0
42073,212,0.0
42073,213,0.0
42073,214,0.0
42073,215,0.0
42087,73,0.043830052
42087,74,0.02227853
42087,75,0.0102901785
42087,76,0.005630159
42087,77,0.005543454
42087,78,0.0050989767
42087,79,0.004224969
42087,80,0.0037931523
42087,81,0.0035585985
42087,82,0.0028253857
42087,83,0.0023391908
42087,84,0.001978418
42087,85,0.0013777874
42087,86,0.0013215595
42087,87,0.0009153249
42087,88,0.0006843438
42087,89,0.0007282147
42087,90,0.0006619662
42087,91,0.00036074032
42087,92,0.0008025088
42087,93,0.0003502494
42087,94,0.0003573948
42087,95,0.0
42087,96,0.0
42087,97,0.0
42087,98,0.0
42087,99,0.0
42087,100,9.689589e-05
42087,101,0.00013751785
42087,102,0.00011695981
42087,103,0.000259733
42087,104,0.00018793126
42087,105,0.0
42087,106,0.0
42087,107,0.0
42087,108,0.00014468511
42087,109,0.0003186496
42087,110,0.00014322142
42087,111,0.00027587137
42087,112,0.00024894078
42087,113,0.00024415334
42087,114,0.00036644895
42087,115,0.0005306376
42087,116,0.00047664822
42087,117,0.00033562182
42087,118,0.0005413439
42087,119,0.0007412675
42087,120,0.0007868097
42087,121,0.00035364766
42087,122,0.0
42087,123,0.0
42087,124,0.0
42087,125,0.00015525777
42087,126,0.00044668894
42087,127,0.00064307754
42087,128,0.0012304977
42087,129,0.0014067038
42087,130,0.001652804
42087,131,0.0017960493
42087,132,0.0015976941
42087,133,0.0012787586
42087,134,5.0079427e-05
42087,135,0.00053479837
42087,136,0.00072646013
42087,137,0.0012092385
42087,138,0.0014586442
42087,139,0.0021851002
42087,140,0.0032273897
42087,141,0.004146918
42087,142,0.0078104855
42087,143,0.007625377
42087,144,0.006367085
42087,145,0.004793688
42087,146,0.00431599
42087,147,0.004184754
42087,148,0.003765448
42087,149,0.003311219
42087,150,0.0028634665
42087,151,0.0026723603
42087,152,0.0025847126
42087,153,0.0029415747
42087,154,0.0028688607
42087,155,0.0021876805
42087,156,0.0019123034
42087,157,0.0023198067
42087,158,0.0026269236
42087,159,0.002697151
42087,160,0.0023328334
42087,161,0.0019726623
42087,162,0.0014861089
42087,163,0.0011813024
42087,164,0.0009753871
42087,165,0.0004908156
42087,166,0.0002593102
42087,167,0.00022662639
42087,168,6.0972372e-05
42087,169,0.00019173125
42087,170,0.00033976394
42087,171,0.0004649015
42087,172,0.0008189336
42087,173,0.0010994282
42087,174,0.00067108986
42087,175,0.0007961092
42087,176,0.0011909244
42087,177,0.0014898985
42087,178,0.0015394415
42087,179,0.0012668838
42087,180,0.0006606666
42087,181,0.00054383394
42087,182,0.0005076319
42087,183,0.00071568583
42087,184,0.00043360633
42087,185,0.0
42087,186,0.0
42087,187,3.5623907e-05
42087,188,0.0
42087,189,0.00021592417
42087,190,0.0003293866
42087,191,0.0
42087,192,0.0
42087,193,0.0
42087,194,0.0
42087,195,0.0003358863
42087,196,9.3473594e-05
42087,197,0.00039269845
42087,198,0.00053489045
42087,199,0.0005545972
42087,200,0.0006590679
42087,201,0.00094575505
42087,202,0.001078615
42087,203,0.00046852152
42087,204,0.00048604567
42087,205,0.00031851727
42087,206,0.0002133733
42087,207,0.00041893165
42087,208,0.000571177
42087,209,0.00044805507
42087,210,0.0
42087,211,0.0
42087,212,0.00010103126
42087,213,0.00050691265
42087,214,0.0004947336
42087,215,4.236996e-05
42093,73,0.0
42093,74,0.0
42093,75,0.0
42093,76,0.0
42093,77,0.0035243735
42093,78,0.014944769
42093,79,0.032581806
42093,80,0.048912708
42093,81,0.05310638
42093,82,0.04124273
42093,83,0.026587946
42093,84,0.020956859
42093,85,0.018064756
42093,86,0.0125585245
42093,87,0.0072714044
42093,88,0.0044097877
42093,89,0.0038437524
42093,90,0.0029585161
42093,91,0.0019419842
42093,92,0.0011099203
42093,93,0.0008462381
42093,94,0.00045105757
42093,95,5.5399934e-05
42093,96,0.0
42093,97,0.0
42093,98,0.0
42093,99,0.0
42093,100,0.0
42093,101,0.0
42093,102,0.0
42093,103,0.0
42093,104,6.899605e-05
42093,105,0.0
42093,106,9.827852e-05
42093,107,0.0004816127
42093,108,0.0006831253
42093,109,0.0006802221
42093,110,0.00039350212
42093,111,0.00018729708
42093,112,0.0
42093,113,1.9228457e-06
42093,114,0.0003123504
42093,115,0.00041546245
42093,116,0.00048585792
42093,117,0.0005426552
42093,118,0.0005953558
42093,119,0.0006248929
42093,120,0.0006331495
42093,121,0.0006186968
42093,122,0.0005524437
42093,123,0.0004885008
42093,124,0.0005729854
42093,125,0.0007458699
42093,126,0.00082098524
42093,127,0.0009566332
42093,128,0.0008033264
42093,129,0.0012697936
42093,130,0.0017975797
42093,131,0.0016684282
42093,132,0.0016478444
42093,133,0.0016845011
42093,134,0.001415835
42093,135,0.0013522222
42093,136,0.0011594575
42093,137,0.001283121
42093,138,0.0016600366
42093,139,0.003984557
42093,140,0.0058726245
42093,141,0.007190837
42093,142,0.0073762685
42093,143,0.007412467
42093,144,0.0071805213
42093,145,0.0063453345
42093,146,0.004373419
42093,147,0.0026641423
42093,148,0.0023316992
42093,149,0.002298905
42093,150,0.0021136953
42093,151,0.0016345157
42093,152,0.001708092
42093,153,0.0018880875
42093,154,0.0019599767
42093,155,0.0013177822
42093,156,0.0006617093
42093,157,0.0005287293
42093,158,0.00055589614
42093,159,0.0005637451
42093,160,0.00029041807
42093,161,0.00013259212
42093,162,0.000374433
42093,163,0.00054213224
42093,164,0.00043913245
42093,165,0.0005047005
42093,166,0.0005251938
42093,167,0.00035848736
42093,168,0.00031977755
42093,169,0.0001832197
42093,170,0.00014390727
42093,171,0.000116254494
42093,172,0.00028020778
42093,173,0.00040016114
42093,174,0.00038750647
42093,175,0.00016286016
42093,176,0.0
42093,177,0.0003434783
42093,178,0.0004429869
42093,179,3.072222e-05
42093,180,0.0
42093,181,0.0
42093,182,3.9859615e-06
42093,183,4.9431525e-05
42093,184,4.4498644e-05
42093,185,0.0
42093,186,0.0
42093,187,0.00014794071
42093,188,4.1287145e-05
42093,189,0.00011453569
42093,190,3.592968e-05
42093,191,0.0
42093,192,0.0
42093,193,0.0
42093,194,0.0
42093,195,7.534504e-05
42093,196,9.578307e-05
42093,197,4.9265822e-05
42093,198,0.0
42093,199,0.0
42093,200,0.0
42093,201,0.0
42093,202,1.7662843e-06
42093,203,5.206684e-05
42093,204,0.00021450699
42093,205,0.00014753778
42093,206,5.2090087e-05
42093,207,2.3118853e-05
42093,208,0.0
42093,209,2.2078355e-05
42093,210,0.00019245068
42093,211,0.00042759438
42093,212,0.00035991747
42093,213,0.00020526409
42093,214,0.00026209434
42093,215,0.0002802062
42099,73,0.002490356
42099,74,0.00040463518
42099,75,0.0
42099,76,0.0
42099,77,0.0
42099,78,0.00094982865
42099,79,0.0011327725
42099,80,0.0012709702
42099,81,0.0011411589
42099,82,0.0011950294
42099,83,0.00089227944
42099,84,0.0005705279
42099,85,0.00030477464
42099,86,0.0
42099,87,0.0
42099,88,0.0
42099,89,0.0
42099,90,0.0
42099,91,5.9159003e-05
42099,92,2.6075046e-05
42099,93,6.5850414e-05
42099,94,0.0
42099,95,0.0
42099,96,2.3693245e-05
42099,97,0.0
42099,98,0.0
42099,99,0.0
42099,100,0.0
42099,101,0.0
42099,102,0.0
42099,103,0.0
42099,104,0.0
42099,105,0.0
42099,106,0.0
42099,107,0.0
42099,108,0.0
42099,109,0.0
42099,110,0.0
42099,111,0.0
42099,112,0.0
42099,113,0.0
42099,114,1.9203424e-05
42099,115,7.593075e-05
42099,116,0.0001387322
42099,117,0.00021713754
42099,118,0.0001278001
42099,119,0.000112968686
42099,120,3.881256e-06
42099,121,9.402017e-05
42099,122,0.0
42099,123,0.0
42099,124,8.757472e-05
42099,125,0.0003023702
42099,126,0.00020503164
42099,127,0.0004236583
42099,128,0.0005660598
42099,129,0.0005686913
42099,130,0.0005325737
42099,131,0.0004964169
42099,132,0.0004669999
42099,133,0.0005694792
42099,134,0.00028761567
42099,135,0.0
42099,136,0.0
42099,137,4.479309e-05
42099,138,0.00055140315
42099,139,0.00089781464
42099,140,0.0017969351
42099,141,0.0023027055
42099,142,0.005319346
42099,143,0.008029626
42099,144,0.0088813845
42099,145,0.008677654
42099,146,0.0065932735
42099,147,0.005434596
42099,148,0.004281156
42099,149,0.003440497
42099,150,0.002838252
42099,151,0.0025064773
42099,152,0.002322856
42099,153,0.0021809589
42099,154,0.0019812663
42099,155,0.001589023
42099,156,0.0012056627
42099,157,0.0011688459
42099,158,0.0011277724
42099,159,0.0009714091
42099,160,0.0006910741
42099,161,0.0004175715
42099,162,0.000587311
42099,163,0.00050824997
42099,164,0.00032345337
42099,165,0.0001574409
42099,166,0.00021915416
42099,167,0.00017582497
42099,168,9.241899e-06
42099,169,0.0
42099,170,0.0
42099,171,0.0
42099,172,0.000110001165
42099,173,0.00026137888
42099,174,0.00015438636
42099,175,0.00028456212
42099,176,0.00038529496
42099,177,0.0004882433
42099,178,0.0006012575
42099,179,0.00038795054
42099,180,0.00016854366
42099,181,0.0
42099,182,0.0
42099,183,0.0
42099,184,0.0
42099,185,0.0
42099,186,0.0
42099,187,0.0
42099,188,0.0
42099,189,0.0
42099,190,0.0
42099,191,0.0
42099,192,4.6278634e-05
42099,193,0.0
42099,194,0.0
42099,195,0.0
42099,196,0.0
42099,197,0.0
42099,198,0.0
42099,199,0.0
42099,200,0.0
42099,201,0.0
42099,202,0.00010415216
42099,203,0.0
42099,204,0.0
42099,205,0.0
42099,206,0.0
42099,207,0.0
42099,208,0.0
42099,209,0.0
42099,210,7.953882e-05
42099,211,0.00010602553
42099,212,7.207314e-05
42099,213,0.0
42099,214,0.0
42099,215,0.0
42105,73,0.0018503634
42105,74,0.0034806523
42105,75,0.005010788
42105,76,0.0044892184
42105,77,0.00609489
42105,78,0.00703058
42105,79,0.0071782703
42105,80,0.0072245644
42105,81,0.0067813806
42105,82,0.0054606516
42105,83,0.00433751
42105,84,0.003246237
42105,85,0.0022884153
42105,86,0.0015519448
42105,87,0.00087061024
42105,88,0.00037012945
42105,89,0.00015186887
42105,90,0.00010758062
42105,91,0.0
42105,92,0.0
42105,93,0.0
42105,94,0.0
42105,95,0.0
42105,96,0.0
42105,97,0.0
42105,98,4.729092e-05
42105,99,0.00073798577
42105,100,0.00054553547
42105,101,0.0
42105,102,0.0
42105,103,0.0
42105,104,0.00018510302
42105,105,0.0010242775
42105,106,0.0033552148
42105,107,0.006340006
42105,108,0.009619505
42105,109,0.0104878815
42105,110,0.010947876
42105,111,0.012853017
42105,112,0.015314535
42105,113,0.017500024
42105,114,0.018845998
42105,115,0.015288663
42105,116,0.013163337
42105,117,0.011542636
42105,118,0.010821291
42105,119,0.009971702
42105,120,0.0080240015
42105,121,0.00636349
42105,122,0.0047374526
42105,123,0.0033772532
42105,124,0.0024583696
42105,125,0.0018806527
42105,126,0.0014831874
42105,127,0.0014613606
42105,128,0.0014571078
42105,129,0.0017102857
42105,130,0.0020624828
42105,131,0.0019484257
42105,132,0.0011445442
42105,133,0.00011153936
42105,134,0.0
42105,135,0.0
42105,136,0.0
42105,137,0.0
42105,138,0.0
42105,139,0.0
42105,140,0.0
42105,141,0.0
42105,142,0.0
42105,143,0.0
42105,144,0.0
42105,145,0.0
42105,146,0.000117197334
42105,147,0.0005810858
42105,148,0.00069000846
42105,149,0.0005159284
42105,150,0.0005614706
42105,151,0.0009057075
42105,152,0.0009967091
42105,153,0.0009241423
42105,154,0.00067094923
42105,155,0.00055741577
42105,156,0.00028004913
42105,157,4.755119e-05
42105,158,0.0
42105,159,0.00012368501
42105,160,0.0003252258
42105,161,0.00025806666
42105,162,0.0
42105,163,0.0
42105,164,0.0
42105,165,0.0
42105,166,0.0
42105,167,0.0
42105,168,0.0
42105,169,0.0
42105,170,9.45131e-07
42105,171,0.0
42105,172,0.0
42105,173,0.0
42105,174,0.00021489599
42105,175,0.0001692305
42105,176,0.0002089723
42105,177,0.00022912344
42105,178,0.00029103635
42105,179,0.00026922204
42105,180,0.00031226597
42105,181,0.0002678015
42105,182,0.0
42105,183,0.0
42105,184,0.0
42105,185,0.0
42105,186,0.0
42105,187,0.0
42105,188,0.0
42105,189,0.0
42105,190,0.0
42105,191,0.0
42105,192,0.0
42105,193,0.0
42105,194,0.0
42105,195,0.0
42105,196,0.0
42105,197,0.0
42105,198,0.0
42105,199,4.2136908e-05
42105,200,9.2061164e-05
42105,201,0.0003071809
42105,202,0.00037593007
42105,203,0.00026620607
42105,204,0.00022369444
42105,205,0.0001425463
42105,206,7.147869e-05
42105,207,0.0
42105,208,0.000103257495
42105,209,6.5050124e-05
42105,210,0.0
42105,211,0.0
42105,212,0.00034545345
42105,213,0.00054721057
42105,214,0.0005240017
42105,215,0.000118899945
42107,73,0.0016128655
42107,74,0.00022775233
42107,75,3.1419397e-05
42107,76,0.00042565388
42107,77,0.0005435446
42107,78,0.00037425826
42107,79,0.0
42107,80,0.0
42107,81,0.0
42107,82,0.0
42107,83,0.0
42107,84,0.0
42107,85,0.0
42107,86,0.0
42107,87,0.0
42107,88,0.0
42107,89,0.0
42107,90,0.0
42107,91,0.0
42107,92,1.1590322e-05
42107,93,0.0
42107,94,0.0
42107,95,0.0
42107,96,0.0
42107,97,0.0
42107,98,0.0
42107,99,0.0
42107,100,0.0
42107,101,0.0
42107,102,4.8670372e-05
42107,103,0.00031365675
42107,104,0.00041838246
42107,105,0.00036978585
42107,106,0.00028452137
42107,107,0.0005877604
42107,108,0.000635643
42107,109,0.00067165546
42107,110,0.0005263145
42107,111,0.00067231536
42107,112,0.0007034086
42107,113,0.0006203534
42107,114,0.00070056954
42107,115,0.0010494775
42107,116,0.0014289485
42107,117,0.0016906755
42107,118,0.0017102606
42107,119,0.0017546272
42107,120,0.0017372434
42107,121,0.0018219225
42107,122,0.0017202895
42107,123,0.0013838379
42107,124,0.0013024431
42107,125,0.0010267076
42107,126,0.00091715663
42107,127,0.0011773062
42107,128,0.0009223145
42107,129,0.0007559601
42107,130,0.00073410093
42107,131,0.0014812287
42107,132,0.0012726719
42107,133,0.00081725157
42107,134,0.0013198084
42107,135,0.0010525105
42107,136,0.00087882794
42107,137,0.0012993157
42107,138,0.0022887539
42107,139,0.0038927794
42107,140,0.0076153604
42107,141,0.018118827
42107,142,0.024138086
42107,143,0.022891155
42107,144,0.025748441
42107,145,0.027148692
42107,146,0.024035936
42107,147,0.01891789
42107,148,0.016178746
42107,149,0.014153041
42107,150,0.012939388
42107,151,0.010967336
42107,152,0.009325328
42107,153,0.008363854
42107,154,0.00747461
42107,155,0.0063722306
42107,156,0.0052996064
42107,157,0.004715061
42107,158,0.00399479
42107,159,0.0032096228
42107,160,0.0025258616
42107,161,0.0020487562
42107,162,0.0018440724
42107,163,0.0016460931
42107,164,0.0012766089
42107,165,0.0010441593
42107,166,0.000849574
42107,167,0.0007014251
42107,168,0.0005998887
42107,169,0.0005135262
42107,170,0.00061832805
42107,171,0.00057478325
42107,172,0.0005032249
42107,173,0.000517375
42107,174,0.0005181369
42107,175,0.0004021299
42107,176,0.00097351946
42107,177,0.0011380686
42107,178,0.00078522327
42107,179,0.00056367577
42107,180,0.00025254407
42107,181,0.00013862213
42107,182,0.00023626784
42107,183,0.0
42107,184,3.363351e-05
42107,185,0.0
42107,186,0.000102959675
42107,187,0.00025180064
42107,188,0.00019275448
42107,189,0.0
42107,190,0.0
42107,191,0.0
42107,192,0.0
42107,193,0.0
42107,194,0.0
42107,195,2.4009545e-05
42107,196,0.000115221934
42107,197,0.00015020251
42107,198,0.00021360556
42107,199,0.0002593422
42107,200,0.00017357171
42107,201,9.059846e-05
42107,202,8.835972e-05
42107,203,7.6016186e-05
42107,204,8.785923e-05
42107,205,0.0
42107,206,0.0
42107,207,0.0
42107,208,0.0
42107,209,8.755227e-05
42107,210,8.4087056e-05
42107,211,0.00037064194
42107,212,0.00023505888
42107,213,0.00042363445
42107,214,0.00048360508
42107,215,0.00029742002
42111,73,0.022402084
42111,74,0.02082793
42111,75,0.020540552
42111,76,0.019778805
42111,77,0.019024307
42111,78,0.018161317
42111,79,0.016930427
42111,80,0.015605626
42111,81,0.01468987
42111,82,0.013749663
42111,83,0.0126670385
42111,84,0.011705658
42111,85,0.010759126
42111,86,0.009907073
42111,87,0.008695576
42111,88,0.007447936
42111,89,0.006251263
42111,90,0.005090844
42111,91,0.0038925335
42111,92,0.0025759863
42111,93,0.0016086443
42111,94,0.0013342373
42111,95,0.0013485925
42111,96,0.0009802405
42111,97,0.0010064328
42111,98,0.0009361255
42111,99,0.0008170184
42111,100,0.0006547716
42111,101,0.0010116147
42111,102,0.00095680595
42111,103,0.0010348425
42111,104,0.001030049
42111,105,0.0014040445
42111,106,0.0014740685
42111,107,0.0013263209
42111,108,0.0012834545
42111,109,0.0018380163
42111,110,0.0026336545
42111,111,0.0043719355
42111,112,0.004988179
42111,113,0.0037166611
42111,114,0.0027516747
42111,115,0.0016779292
42111,116,0.0009743177
42111,117,0.000938819
42111,118,0.0009912881
42111,119,0.0009086946
42111,120,0.0008586228
42111,121,0.00078235386
42111,122,0.0005642702
42111,123,0.00031181655
42111,124,0.0002824088
42111,125,0.00015614768
42111,126,0.0
42111,127,2.8659902e-06
42111,128,0.00017160396
42111,129,0.00039265156
42111,130,0.0004954175
42111,131,0.00034350593
42111,132,0.000113288566
42111,133,0.00017889618
42111,134,0.00078329205
42111,135,0.0010978077
42111,136,0.0013922506
42111,137,0.0014268068
42111,138,0.0013685364
42111,139,0.000947327
42111,140,0.0019993673
42111,141,0.0029787617
42111,142,0.004120544
42111,143,0.0038678239
42111,144,0.0029606714
42111,145,0.0025110405
42111,146,0.0021130152
42111,147,0.0016585396
42111,148,0.0011674518
42111,149,0.000896991
42111,150,0.00069470674
42111,151,0.0005558433
42111,152,0.00045685965
42111,153,0.0010049576
42111,154,0.001063437
42111,155,0.00080572313
42111,156,0.0
42111,157,0.0
42111,158,0.000104964376
42111,159,0.00034058053
42111,160,0.00036739427
42111,161,0.00021290005
42111,162,0.0
42111,163,0.0
42111,164,0.0
42111,165,0.0
42111,166,0.0
42111,167,0.0
42111,168,0.0
42111,169,0.0
42111,170,0.0
42111,171,0.0
42111,172,0.0
42111,173,0.0
42111,174,0.0
42111,175,0.0
42111,176,0.0
42111,177,5.3514243e-05
42111,178,0.0
42111,179,0.0
42111,180,0.0
42111,181,0.0
42111,182,0.0
42111,183,0.0
42111,184,0.0
42111,185,0.0
42111,186,0.0
42111,187,0.0
42111,188,0.0
42111,189,0.0
42111,190,0.0
42111,191,0.0
42111,192,0.0
42111,193,0.0
42111,194,0.0
42111,195,0.0
42111,196,0.0
42111,197,0.0
42111,198,0.0
42111,199,0.0
42111,200,0.0
42111,201,0.0
42111,202,0.0
42111,203,0.0
42111,204,0.0
42111,205,0.0
42111,206,0.0
42111,207,0.0
42111,208,0.0
42111,209,0.0
42111,210,0.0
42111,211,2.0504594e-05
42111,212,5.9747897e-05
42111,213,0.00013420284
42111,214,0.0
42111,215,0.0
42117,73,0.0014206346
42117,74,0.00023155531
42117,75,0.0005719477
42117,76,0.0008666132
42117,77,0.0018143697
42117,78,0.0025761172
42117,79,0.0036801875
42117,80,0.0050178003
42117,81,0.006256759
42117,82,0.0059985663
42117,83,0.004635124
42117,84,0.0032072845
42117,85,0.0019154422
42117,86,0.0014185742
42117,87,0.0006023578
42117,88,0.00020306646
42117,89,0.00032905777
42117,90,0.0005573519
42117,91,0.000194214
42117,92,4.95857e-05
42117,93,9.28104e-06
42117,94,1.5463431e-06
42117,95,0.0
42117,96,7.2932446e-05
42117,97,0.0
42117,98,0.0
42117,99,0.0
42117,100,0.00042506575
42117,101,0.0
42117,102,0.0
42117,103,0.0
42117,104,0.0
42117,105,0.0
42117,106,0.00010132909
42117,107,0.0009057149
42117,108,0.0011517465
42117,109,0.0015967925
42117,110,0.001642266
42117,111,0.0022527208
42117,112,0.0018590804
42117,113,0.0020023445
42117,114,0.0021965927
42117,115,0.0019825445
42117,116,0.0021162585
42117,117,0.0025112089
42117,118,0.003051723
42117,119,0.0038044723
42117,120,0.003998726
42117,121,0.0037416578
42117,122,0.003433152
42117,123,0.0033034065
42117,124,0.003180736
42117,125,0.0031303144
42117,126,0.0030705524
42117,127,0.003339162
42117,128,0.0036747446
42117,129,0.0040600603
42117,130,0.00466414
42117,131,0.005767501
42117,132,0.0063870465
42117,133,0.0045198407
42117,134,0.0028566397
42117,135,0.0014916575
42117,136,0.0009477945
42117,137,0.00095574744
42117,138,0.0016643453
42117,139,0.00036114096
42117,140,0.001197272
42117,141,0.0027012315
42117,142,0.0039020148
42117,143,0.005269721
42117,144,0.004504141
42117,145,0.0033681393
42117,146,0.002283657
42117,147,0.0018928327
42117,148,0.001769584
42117,149,0.0017198091
42117,150,0.0018892236
42117,151,0.0018718541
42117,152,0.0016952773
42117,153,0.0015195943
42117,154,0.0015037863
42117,155,0.001301928
42117,156,0.00093419605
42117,157,0.00077919656
42117,158,0.00064699183
42117,159,0.0006944757
42117,160,0.00059682876
42117,161,0.00047087748
42117,162,0.00040252865
42117,163,0.00037580312
42117,164,2.3251176e-05
42117,165,0.0
42117,166,0.0
42117,167,0.0
42117,168,0.0
42117,169,2.9069382e-05
42117,170,2.384742e-05
42117,171,8.596897e-05
42117,172,0.00015065492
42117,173,0.00018434247
42117,174,0.00015051881
42117,175,0.00015098591
42117,176,0.0003768025
42117,177,0.00029248913
42117,178,0.00030913393
42117,179,0.00049486774
42117,180,0.0005744495
42117,181,0.00018525541
42117,182,0.0
42117,183,0.0
42117,184,0.0
42117,185,0.00015434246
42117,186,0.00015828351
42117,187,2.8576453e-05
42117,188,0.0
42117,189,0.0
42117,190,0.0
42117,191,4.0944815e-05
42117,192,1.278758e-05
42117,193,0.0
42117,194,0.0
42117,195,0.0
42117,196,1.37319175e-05
42117,197,0.0
42117,198,0.0
42117,199,3.44342e-05
42117,200,0.00013085704
42117,201,0.00014810343
42117,202,0.00012380183
42117,203,9.557406e-05
42117,204,0.00026132484
42117,205,0.00034926474
42117,206,0.00011407237
42117,207,0.00012263
42117,208,0.00021970928
42117,209,0.00014338116
42117,210,0.00015328467
42117,211,0.00025645355
42117,212,0.00046028892
42117,213,0.000712119
42117,214,0.00055926264
42117,215,0.00032229704
42123,73,0.16383009
42123,74,0.34775242
42123,75,0.39887446
42123,76,0.40065166
42123,77,0.3974921
42123,78,0.39278468
42123,79,0.38503978
42123,80,0.37081873
42123,81,0.34747133
42123,82,0.3161648
42123,83,0.28609467
42123,84,0.25871152
42123,85,0.23283216
42123,86,0.21075699
42123,87,0.18796869
42123,88,0.16008799
42123,89,0.13082476
42123,90,0.103134155
42123,91,0.079270035
42123,92,0.061095987
42123,93,0.046987228
42123,94,0.036424886
42123,95,0.029121215
42123,96,0.02395819
42123,97,0.020675428
42123,98,0.018947778
42123,99,0.018675273
42123,100,0.017977566
42123,101,0.016530009
42123,102,0.015081581
42123,103,0.014032499
42123,104,0.012798934
42123,105,0.011519564
42123,106,0.01065915
42123,107,0.011053022
42123,108,0.012001983
42123,109,0.013938917
42123,110,0.0148363495
42123,111,0.015152439
42123,112,0.0177066
42123,113,0.02293391
42123,114,0.03148247
42123,115,0.037855458
42123,116,0.040969554
42123,117,0.040120818
42123,118,0.035787836
42123,119,0.030592613
42123,120,0.025742264
42123,121,0.022100084
42123,122,0.018923702
42123,123,0.01613698
42123,124,0.013552999
42123,125,0.011752664
42123,126,0.010491886
42123,127,0.0092668915
42123,128,0.008565759
42123,129,0.0079564
42123,130,0.0067759533
42123,131,0.0056113233
42123,132,0.0051584896
42123,133,0.0047352714
42123,134,0.00456088
42123,135,0.004438765
42123,136,0.0038735226
42123,137,0.0035023203
42123,138,0.0039268862
42123,139,0.0046983934
42123,140,0.003567948
42123,141,0.0027792105
42123,142,0.0024799558
42123,143,0.0016896618
42123,144,0.0014426728
42123,145,0.0013369228
42123,146,0.0016706894
42123,147,0.0014301044
42123,148,0.00091069547
42123,149,0.0006697005
42123,150,0.00071258895
42123,151,0.00088085176
42123,152,0.00089841394
42123,153,0.00093636964
42123,154,0.000875187
42123,155,0.000909996
42123,156,0.0010717633
42123,157,0.00084923604
42123,158,0.0005379932
42123,159,0.00012510478
42123,160,0.00019203663
42123,161,0.00018434426
42123,162,6.593486e-05
42123,163,0.0
42123,164,0.0
42123,165,0.0
42123,166,0.0
42123,167,0.0
42123,168,0.0
42123,169,0.0
42123,170,0.0
42123,171,2.0731091e-05
42123,172,0.0
42123,173,0.00010066171
42123,174,0.0
42123,175,0.0
42123,176,1.2573997e-05
42123,177,3.0417244e-05
42123,178,0.0
42123,179,0.0
42123,180,0.0
42123,181,0.0
42123,182,0.0
42123,183,0.0
42123,184,0.0
42123,185,0.0
42123,186,0.0
42123,187,0.0
42123,188,0.0
42123,189,0.0
42123,190,0.0
42123,191,0.0
42123,192,0.0
42123,193,0.0
42123,194,0.0
42123,195,0.0
42123,196,0.0
42123,197,0.0
42123,198,0.0
42123,199,0.000111142595
42123,200,0.00028191844
42123,201,0.00018581867
42123,202,6.7139066e-05
42123,203,2.4457377e-05
42123,204,0.00011106034
42123,205,0.00032437724
42123,206,0.00018618962
42123,207,5.7891808e-05
42123,208,0.0
42123,209,0.0
42123,210,0.0
42123,211,0.0
42123,212,0.0
42123,213,0.00020570376
42123,214,7.3934396e-05
42123,215,0.00011268814
54001,73,0.02339666
54001,74,0.021309577
54001,75,0.018518137
54001,76,0.016887598
54001,77,0.016536009
54001,78,0.016429482
54001,79,0.015692478
54001,80,0.014113623
54001,81,0.012681349
54001,82,0.011401197
54001,83,0.010392636
54001,84,0.009341534
54001,85,0.007986482
54001,86,0.006602393
54001,87,0.0054113227
54001,88,0.0044644126
54001,89,0.0038904771
54001,90,0.003110446
54001,91,0.0025548395
54001,92,0.0027812782
54001,93,0.0018697305
54001,94,0.0015341667
54001,95,0.0009767689
54001,96,0.0011398676
54001,97,0.001444726
54001,98,0.0012824534
54001,99,0.0009822544
54001,100,0.00045851927
54001,101,0.00068086886
54001,102,0.0008925956
54001,103,0.0010725113
54001,104,0.0011450794
54001,105,0.0008625889
54001,106,0.0007585416
54001,107,0.0010244203
54001,108,0.0010194057
54001,109,0.0009287808
54001,110,0.0013067632
54001,111,0.0015493982
54001,112,0.0009889218
54001,113,0.0010553541
54001,114,0.0010960377
54001,115,0.0007272679
54001,116,0.0007500017
54001,117,0.0007123927
54001,118,0.0008334566
54001,119,0.00072322274
54001,120,0.0008419512
54001,121,0.00068527256
54001,122,0.0003926303
54001,123,0.00020854949
54001,124,8.9749294e-05
54001,125,0.0
54001,126,0.00014820139
54001,127,0.0015687336
54001,128,0.0022723125
54001,129,0.0014475487
54001,130,0.00027494133
54001,131,5.7238736e-05
54001,132,0.00077139685
54001,133,0.0009220943
54001,134,0.0011797532
54001,135,0.0010709617
54001,136,0.00094148435
54001,137,0.0002030468
54001,138,0.0
54001,139,0.0
54001,140,0.0
54001,141,0.0012032562
54001,142,0.0023417631
54001,143,0.0029478874
54001,144,0.0024608837
54001,145,0.0020692765
54001,146,0.0010275579
54001,147,0.00054294267
54001,148,5.4670774e-05
54001,149,0.0004279701
54001,150,0.0009613252
54001,151,0.00086973375
54001,152,0.0010794674
54001,153,0.001570551
54001,154,0.0016885042
54001,155,0.0014400204
54001,156,0.001490116
54001,157,0.0015408918
54001,158,0.002110929
54001,159,0.0017768783
54001,160,0.0011870489
54001,161,0.0009720435
54001,162,0.00083856104
54001,163,0.0006792933
54001,164,0.00058176916
54001,165,0.0005790512
54001,166,0.00045253235
54001,167,0.00031182944
54001,168,0.00056528824
54001,169,0.0006996975
54001,170,0.0005617239
54001,171,0.0010457654
54001,172,0.00086503546
54001,173,0.00073214323
54001,174,0.00089365314
54001,175,0.000896504
54001,176,0.00042136235
54001,177,0.00039665977
54001,178,0.0004362933
54001,179,0.00031187257
54001,180,0.0001899618
54001,181,0.00038307745
54001,182,0.0006263403
54001,183,0.00021685979
54001,184,0.00011164586
54001,185,0.0
54001,186,0.0
54001,187,0.0
54001,188,0.0
54001,189,0.0
54001,190,0.0003838128
54001,191,0.00033186853
54001,192,0.00039328157
54001,193,0.0
54001,194,0.00016955058
54001,195,0.0003109312
54001,196,0.00040453236
54001,197,0.0004554091
54001,198,0.0004441287
54001,199,0.00064209336
54001,200,0.001051217
54001,201,0.0002565833
54001,202,3.931979e-05
54001,203,0.0002654483
54001,204,0.0007022484
54001,205,0.0007954538
54001,206,0.00052726903
54001,207,0.0003347679
54001,208,0.0
54001,209,0.0
54001,210,0.0
54001,211,0.0
54001,212,0.0
54001,213,8.2249644e-05
54001,214,8.999507e-05
54001,215,0.00027633808
54003,73,0.0
54003,74,0.000468976
54003,75,0.0
54003,76,0.0
54003,77,0.0
54003,78,0.0
54003,79,0.0
54003,80,0.00013094922
54003,81,0.00032363296
54003,82,0.00023769459
54003,83,0.00023431817
54003,84,7.779142e-05
54003,85,0.0
54003,86,0.0
54003,87,0.0
54003,88,0.0
54003,89,0.0
54003,90,0.0
54003,91,8.2842904e-05
54003,92,0.0
54003,93,0.0
54003,94,0.0
54003,95,0.0
54003,96,0.0
54003,97,1.6399423e-05
54003,98,0.00030439874
54003,99,0.0
54003,100,0.0
54003,101,1.2255907e-05
54003,102,1.38517225e-05
54003,103,0.0
54003,104,0.0
54003,105,0.0
54003,106,0.0
54003,107,0.0
54003,108,7.2922307e-06
54003,109,0.00018155774
54003,110,0.00019635519
54003,111,0.0
54003,112,0.0
54003,113,0.0
54003,114,3.6213594e-05
54003,115,0.0
54003,116,3.8541555e-05
54003,117,0.0
54003,118,0.0
54003,119,0.0
54003,120,0.0
54003,121,0.0
54003,122,9.9786324e-05
54003,123,1.4950832e-05
54003,124,0.00013461491
54003,125,0.00020895124
54003,126,2.4328034e-05
54003,127,0.00018032611
54003,128,0.00022449493
54003,129,0.000471435
54003,130,0.0007034298
54003,131,0.0012424445
54003,132,0.001671897
54003,133,0.00061909703
54003,134,0.00025226056
54003,135,0.0008976398
54003,136,0.00068774284
54003,137,0.0009905858
54003,138,0.00020187
54003,139,0.0
54003,140,0.0
54003,141,0.0
54003,142,0.0
54003,143,0.0
54003,144,0.0
54003,145,0.0
54003,146,0.0
54003,147,0.0
54003,148,0.0
54003,149,0.0
54003,150,0.0
54003,151,0.0
54003,152,0.0
54003,153,0.0
54003,154,0.0
54003,155,0.0
54003,156,0.0
54003,157,0.0
54003,158,0.0
54003,159,0.0
54003,160,0.0
54003,161,0.0
54003,162,0.0
54003,163,0.0
54003,164,0.0
54003,165,0.0
54003,166,0.0
54003,167,0.0
54003,168,0.0
54003,169,0.0
54003,170,0.0
54003,171,0.00026414194
54003,172,4.4646462e-05
54003,173,0.0
54003,174,0.0
54003,175,3.7572187e-05
54003,176,0.0007407835
54003,177,0.0
54003,178,0.0
54003,179,0.0
54003,180,0.0
54003,181,0.0
54003,182,0.0
54003,183,0.0
54003,184,0.0
54003,185,0.0
54003,186,0.0
54003,187,0.0
54003,188,0.0
54003,189,0.0
54003,190,0.0
54003,191,0.0
54003,192,0.0
54003,193,0.0
54003,194,0.0
54003,195,0.0
54003,196,0.0
54003,197,0.0
54003,198,0.0
54003,199,0.0
54003,200,0.0
54003,201,0.0
54003,202,0.0
54003,203,0.0
54003,204,0.0
54003,205,0.0
54003,206,0.0
54003,207,0.0
54003,208,0.00028791546
54003,209,0.0005303399
54003,210,0.0003597915
54003,211,0.00020662746
54003,212,3.6102134e-05
54003,213,0.0
54003,214,3.0618507e-05
54003,215,0.0
54005,73,0.0
54005,74,0.0
54005,75,2.4869043e-05
54005,76,1.758178e-05
54005,77,3.9835768e-07
54005,78,0.00011027038
54005,79,0.00039881645
54005,80,0.00062892
54005,81,0.00018798471
54005,82,0.0
54005,83,0.0
54005,84,0.0
54005,85,0.0
54005,86,0.0
54005,87,5.4283937e-06
54005,88,0.0004679666
54005,89,0.0004480471
54005,90,0.0
54005,91,0.0
54005,92,9.9714205e-05
54005,93,0.00013237874
54005,94,0.0
54005,95,0.0
54005,96,0.0
54005,97,0.00024902026
54005,98,0.0004194504
54005,99,0.0005342265
54005,100,0.00046570122
54005,101,0.00030811012
54005,102,0.00046314579
54005,103,0.0005586012
54005,104,0.00014161806
54005,105,0.0
54005,106,0.0
54005,107,0.00023008167
54005,108,0.0002714771
54005,109,0.00060896634
54005,110,0.0007173196
54005,111,0.0011615964
54005,112,0.0012395125
54005,113,0.0017440283
54005,114,0.0019139574
54005,115,0.0022051143
54005,116,0.0019285375
54005,117,0.0015463748
54005,118,0.0011598549
54005,119,0.0011135301
54005,120,0.0009864205
54005,121,0.0009535732
54005,122,0.00077635876
54005,123,0.0004883353
54005,124,0.00064772164
54005,125,0.003468013
54005,126,0.0074832677
54005,127,0.0071944445
54005,128,0.006874438
54005,129,0.008176772
54005,130,0.00944187
54005,131,0.007998853
54005,132,0.0040603913
54005,133,0.0039059785
54005,134,0.004625334
54005,135,0.0033491135
54005,136,0.0020814673
54005,137,0.0066079306
54005,138,0.011941129
54005,139,0.016388316
54005,140,0.017117571
54005,141,0.018228402
54005,142,0.019207973
54005,143,0.01945654
54005,144,0.019119201
54005,145,0.01885738
54005,146,0.017487802
54005,147,0.015794527
54005,148,0.014423281
54005,149,0.013804483
54005,150,0.013689966
54005,151,0.0137797985
54005,152,0.015916258
54005,153,0.017222114
54005,154,0.015480353
54005,155,0.015280854
54005,156,0.015581714
54005,157,0.014126873
54005,158,0.011412015
54005,159,0.0099996505
54005,160,0.007086981
54005,161,0.005685795
54005,162,0.005058685
54005,163,0.0041879807
54005,164,0.0030534652
54005,165,0.0017009405
54005,166,0.0015976444
54005,167,0.001362077
54005,168,0.0015073882
54005,169,0.001646286
54005,170,0.0013894428
54005,171,0.0013228484
54005,172,0.0011319872
54005,173,0.0010662635
54005,174,0.0011573021
54005,175,0.0011988082
54005,176,0.0013026107
54005,177,0.000990555
54005,178,0.00087114255
54005,179,0.001214109
54005,180,0.0010936045
54005,181,0.0010841764
54005,182,0.0012282002
54005,183,0.0006827728
54005,184,0.00065137004
54005,185,0.0006076761
54005,186,0.00044083258
54005,187,0.00036133768
54005,188,0.00033803642
54005,189,0.00023416063
54005,190,0.00015851042
54005,191,1.7729997e-05
54005,192,0.0003385554
54005,193,0.00037041187
54005,194,0.00032266258
54005,195,0.00037719487
54005,196,0.00036705096
54005,197,0.00067891856
54005,198,0.0005062431
54005,199,0.0006338874
54005,200,0.0006835934
54005,201,0.00091872254
54005,202,0.00020441652
54005,203,0.000284969
54005,204,0.00039046805
54005,205,0.0002973654
54005,206,0.00046278315
54005,207,9.794931e-05
54005,208,0.00015097101
54005,209,5.0051807e-05
54005,210,0.0003475048
54005,211,0.00020564874
54005,212,2.5670926e-05
54005,213,0.00013297041
54005,214,0.000103754996
54005,215,0.00013742744
54011,73,0.0
54011,74,0.0
54011,75,0.0
54011,76,0.0
54011,77,0.0
54011,78,0.0
54011,79,0.0
54011,80,0.0
54011,81,0.0
54011,82,0.0
54011,83,0.0
54011,84,0.0
54011,85,0.0
54011,86,0.0
54011,87,0.0
54011,88,0.0
54011,89,0.0
54011,90,0.0
54011,91,0.0
54011,92,0.0
54011,93,0.0
54011,94,0.0
54011,95,0.0
54011,96,0.0
54011,97,0.0
54011,98,2.4318695e-07
54011,99,0.0
54011,100,0.0
54011,101,9.631355e-05
54011,102,0.00022473872
54011,103,0.0003268828
54011,104,0.00018657983
54011,105,0.0
54011,106,0.0
54011,107,0.00056311867
54011,108,0.00021286478
54011,109,0.0005604132
54011,110,0.0007421307
54011,111,0.0008238256
54011,112,0.00097059616
54011,113,0.0012461689
54011,114,0.0010326221
54011,115,0.0013199094
54011,116,0.001236374
54011,117,0.0013955416
54011,118,0.0012394239
54011,119,0.0011384045
54011,120,0.0010326455
54011,121,0.0005738141
54011,122,0.00023138543
54011,123,0.0002012374
54011,124,0.00019906381
54011,125,0.00075069926
54011,126,0.00050787715
54011,127,0.0017366143
54011,128,0.0028264448
54011,129,0.0028729793
54011,130,0.0035250091
54011,131,0.0021199214
54011,132,0.0004954715
54011,133,0.0
54011,134,2.3364822e-05
54011,135,0.00052184245
54011,136,0.0004417823
54011,137,0.00073070417
54011,138,0.00087963365
54011,139,0.0010536083
54011,140,0.0007273334
54011,141,0.0006902868
54011,142,0.0008047777
54011,143,0.0003669718
54011,144,0.00010989915
54011,145,7.754346e-05
54011,146,7.648548e-05
54011,147,0.0
54011,148,0.0
54011,149,7.937868e-05
54011,150,5.6385496e-05
54011,151,0.00017683039
54011,152,0.00014704744
54011,153,0.00066188636
54011,154,0.0008983168
54011,155,0.00042304813
54011,156,4.73994e-05
54011,157,0.00090637954
54011,158,0.001134884
54011,159,0.0007384816
54011,160,0.00041699142
54011,161,0.00021149596
54011,162,0.0
54011,163,0.0
54011,164,0.00023974678
54011,165,0.0
54011,166,5.9687496e-05
54011,167,0.0008263514
54011,168,0.00024686
54011,169,0.0
54011,170,0.0
54011,171,0.00046505887
54011,172,0.0
54011,173,0.0
54011,174,8.506756e-05
54011,175,0.0
54011,176,0.0
54011,177,0.0
54011,178,0.0
54011,179,0.000121531884
54011,180,6.8793095e-05
54011,181,3.2791497e-05
54011,182,0.0
54011,183,0.0
54011,184,0.0
54011,185,0.0
54011,186,0.0
54011,187,0.0
54011,188,0.0
54011,189,0.0
54011,190,0.0
54011,191,0.0
54011,192,0.00024827936
54011,193,0.00025283257
54011,194,0.00015415867
54011,195,0.00015259007
54011,196,3.592352e-05
54011,197,0.0001993688
54011,198,0.00023088357
54011,199,0.0003814568
54011,200,0.0005453257
54011,201,0.00033082764
54011,202,0.0
54011,203,0.0
54011,204,0.0
54011,205,0.0
54011,206,0.0
54011,207,0.0
54011,208,0.0
54011,209,0.0
54011,210,0.0
54011,211,0.0003764568
54011,212,0.000105196836
54011,213,0.00041594845
54011,214,6.601612e-05
54011,215,0.00018842837
54017,73,0.047395382
54017,74,0.059253216
54017,75,0.07533357
54017,76,0.07529665
54017,77,0.054990463
54017,78,0.038719572
54017,79,0.032840673
54017,80,0.029160736
54017,81,0.025925849
54017,82,0.021594746
54017,83,0.018267127
54017,84,0.013708133
54017,85,0.010160628
54017,86,0.007394436
54017,87,0.0063422783
54017,88,0.005240987
54017,89,0.0039510224
54017,90,0.0035549286
54017,91,0.0028573987
54017,92,0.0027182684
54017,93,0.002175994
54017,94,0.0018376715
54017,95,0.00141187
54017,96,0.001113775
54017,97,0.0010886488
54017,98,0.0012878972
54017,99,0.0012544036
54017,100,0.000816648
54017,101,0.0011439481
54017,102,0.001316372
54017,103,0.0011257285
54017,104,0.00095719873
54017,105,0.000910604
54017,106,0.00089464185
54017,107,0.0008715048
54017,108,0.0005508538
54017,109,0.0010398728
54017,110,0.001448149
54017,111,0.0018022134
54017,112,0.0014318117
54017,113,0.0020889803
54017,114,0.002315586
54017,115,0.0021294556
54017,116,0.0017440808
54017,117,0.0011054178
54017,118,0.00088100455
54017,119,0.0006867733
54017,120,0.00055387156
54017,121,0.00040370107
54017,122,0.0003744656
54017,123,0.00026505848
54017,124,0.00030360938
54017,125,0.0002840215
54017,126,0.0011235346
54017,127,0.0021448648
54017,128,0.002771057
54017,129,0.0020719694
54017,130,0.0011174206
54017,131,0.0014314642
54017,132,0.0022413041
54017,133,0.0022314657
54017,134,0.0014126492
54017,135,0.0011168825
54017,136,0.000915849
54017,137,0.0017089279
54017,138,0.0071606855
54017,139,0.016853811
54017,140,0.02265192
54017,141,0.030999668
54017,142,0.037697934
54017,143,0.040379677
54017,144,0.041849237
54017,145,0.04579922
54017,146,0.04515035
54017,147,0.04296715
54017,148,0.04073082
54017,149,0.041122247
54017,150,0.043993454
54017,151,0.04569861
54017,152,0.049576715
54017,153,0.060908202
54017,154,0.07267901
54017,155,0.08586684
54017,156,0.08941112
54017,157,0.085440286
54017,158,0.07039432
54017,159,0.05213963
54017,160,0.03963706
54017,161,0.030584738
54017,162,0.023303248
54017,163,0.017987238
54017,164,0.013916608
54017,165,0.0104160495
54017,166,0.007359884
54017,167,0.006119494
54017,168,0.0063960175
54017,169,0.0061358707
54017,170,0.0049252687
54017,171,0.0037694573
54017,172,0.003923285
54017,173,0.0038705706
54017,174,0.0031354567
54017,175,0.0029264998
54017,176,0.0028094468
54017,177,0.0023674683
54017,178,0.0024168948
54017,179,0.0024510042
54017,180,0.0023300918
54017,181,0.00239885
54017,182,0.0016358775
54017,183,0.0012784204
54017,184,0.0009516856
54017,185,0.000808684
54017,186,0.00077787956
54017,187,0.0001774788
54017,188,0.00038472135
54017,189,0.0003664927
54017,190,0.00058766425
54017,191,0.0005976947
54017,192,0.00060204824
54017,193,0.00053147256
54017,194,0.00031576873
54017,195,0.00030007877
54017,196,0.0005449875
54017,197,0.0005472495
54017,198,0.0006896337
54017,199,0.00094516913
54017,200,0.00089346146
54017,201,0.00035676104
54017,202,0.00017167906
54017,203,0.00059772475
54017,204,0.00077950954
54017,205,0.0004921128
54017,206,0.0001912711
54017,207,0.00023201606
54017,208,0.0
54017,209,3.8229227e-05
54017,210,0.00047410387
54017,211,0.00058362365
54017,212,0.0005622874
54017,213,0.00040123463
54017,214,0.0005445278
54017,215,0.0004049043
54021,73,0.0
54021,74,0.0
54021,75,0.0
54021,76,0.0
54021,77,0.0
54021,78,0.00010748784
54021,79,0.0009707931
54021,80,0.0015510827
54021,81,0.0019168626
54021,82,0.0027757876
54021,83,0.0047301752
54021,84,0.0044537894
54021,85,0.0041533564
54021,86,0.0026184157
54021,87,0.0010141588
54021,88,0.001048795
54021,89,0.00034382034
54021,90,0.0
54021,91,0.000110342306
54021,92,0.0005318524
54021,93,0.00039058249
54021,94,0.0
54021,95,0.0
54021,96,0.0
54021,97,0.0
54021,98,0.00040026446
54021,99,0.0003872794
54021,100,0.0
54021,101,0.0
54021,102,0.0
54021,103,0.0
54021,104,0.0
54021,105,0.0
54021,106,0.0
54021,107,0.0
54021,108,0.0
54021,109,0.00039582152
54021,110,0.0010998998
54021,111,0.0022939479
54021,112,0.0039442955
54021,113,0.0056430595
54021,114,0.005840295
54021,115,0.005316856
54021,116,0.0035589242
54021,117,0.0020365815
54021,118,0.0011349074
54021,119,0.0004993881
54021,120,0.00029974838
54021,121,0.00025692483
54021,122,0.0
54021,123,0.0
54021,124,0.0
54021,125,0.00096074125
54021,126,0.004940635
54021,127,0.009830923
54021,128,0.009002311
54021,129,0.0041745305
54021,130,0.0042001344
54021,131,0.0057336288
54021,132,0.0065891417
54021,133,0.0051011145
54021,134,0.003405718
54021,135,0.0021242274
54021,136,0.0010240005
54021,137,0.00394412
54021,138,0.018921519
54021,139,0.039790884
54021,140,0.060342506
54021,141,0.08562496
54021,142,0.10193762
54021,143,0.10014736
54021,144,0.10071811
54021,145,0.10751857
54021,146,0.09868969
54021,147,0.08501428
54021,148,0.07858366
54021,149,0.076851994
54021,150,0.08095052
54021,151,0.08963008
54021,152,0.101629965
54021,153,0.11675093
54021,154,0.13211636
54021,155,0.13707975
54021,156,0.131561
54021,157,0.12534226
54021,158,0.10519685
54021,159,0.080630176
54021,160,0.068526916
54021,161,0.061527707
54021,162,0.052579857
54021,163,0.045652326
54021,164,0.04031609
54021,165,0.03552216
54021,166,0.030320892
54021,167,0.026393116
54021,168,0.02480301
54021,169,0.024057876
54021,170,0.023543254
54021,171,0.021345226
54021,172,0.019313864
54021,173,0.018712617
54021,174,0.017496437
54021,175,0.01601892
54021,176,0.015090159
54021,177,0.013435726
54021,178,0.010339669
54021,179,0.007366646
54021,180,0.0057279314
54021,181,0.0053334776
54021,182,0.004163088
54021,183,0.0028108803
54021,184,0.0021169565
54021,185,0.00219823
54021,186,0.0020111864
54021,187,0.0011428146
54021,188,0.0011899007
54021,189,0.0013034763
54021,190,0.0013405129
54021,191,0.001255685
54021,192,0.0011448782
54021,193,0.0009636884
54021,194,0.00096001447
54021,195,0.0008806118
54021,196,0.0009777468
54021,197,0.0010029847
54021,198,0.0010825559
54021,199,0.0011552493
54021,200,0.0014249224
54021,201,0.0010390859
54021,202,0.0006111755
54021,203,0.00084714254
54021,204,0.0009450043
54021,205,0.0007533118
54021,206,0.00046958684
54021,207,0.00031308015
54021,208,7.215699e-05
54021,209,8.51047e-05
54021,210,0.00029658337
54021,211,0.00046774308
54021,212,0.00061089895
54021,213,0.0005762805
54021,214,0.00037286323
54021,215,0.000289253
54049,73,0.0063346713
54049,74,0.00583326
54049,75,0.0057083364
54049,76,0.0055377716
54049,77,0.0052789985
54049,78,0.0052054264
54049,79,0.0051469626
54049,80,0.0049502077
54049,81,0.0045452057
54049,82,0.0041699163
54049,83,0.0037116015
54049,84,0.0030562424
54049,85,0.0024701774
54049,86,0.0020621647
54049,87,0.0018064731
54049,88,0.0015656692
54049,89,0.0011852771
54049,90,0.0010770515
54049,91,0.0009498652
54049,92,0.0008261231
54049,93,0.00057957513
54049,94,0.0005136031
54049,95,0.00039715468
54049,96,0.0005302439
54049,97,0.00057999394
54049,98,0.00065458496
54049,99,0.0004117747
54049,100,0.0005667496
54049,101,0.00032651264
54049,102,0.0005669491
54049,103,0.000263258
54049,104,0.00022186736
54049,105,0.00031084797
54049,106,0.0002033039
54049,107,0.00041071195
54049,108,0.000691338
54049,109,0.0011068207
54049,110,0.0016207541
54049,111,0.0015474199
54049,112,0.0013280059
54049,113,0.001764396
54049,114,0.0015772613
54049,115,0.0015255406
54049,116,0.0012043212
54049,117,0.0008799799
54049,118,0.0006225832
54049,119,0.0005495127
54049,120,0.00028427242
54049,121,0.0
54049,122,0.0
54049,123,0.0
54049,124,0.0
54049,125,0.0
54049,126,0.0004736926
54049,127,0.0035102058
54049,128,0.0038054606
54049,129,0.0043958337
54049,130,0.00217168
54049,131,0.001352896
54049,132,0.0019904166
54049,133,0.0026801259
54049,134,0.00214384
54049,135,0.0016717215
54049,136,0.001177612
54049,137,5.60685e-05
54049,138,0.00023347953
54049,139,0.0027391866
54049,140,0.0047546183
54049,141,0.0048941304
54049,142,0.004054068
54049,143,0.003399539
54049,144,0.002870982
54049,145,0.0025847456
54049,146,0.002380442
54049,147,0.0019334437
54049,148,0.0017543678
54049,149,0.002106779
54049,150,0.0019754274
54049,151,0.0018386467
54049,152,0.0015874982
54049,153,0.0019499176
54049,154,0.0026398676
54049,155,0.002651233
54049,156,0.0028063918
54049,157,0.0028676137
54049,158,0.002460562
54049,159,0.002761116
54049,160,0.0028379315
54049,161,0.002429956
54049,162,0.0021519058
54049,163,0.0018960508
54049,164,0.0011902289
54049,165,0.0005092638
54049,166,0.0004358055
54049,167,0.00081571273
54049,168,0.00045070212
54049,169,0.0009766552
54049,170,0.00034321428
54049,171,0.00029417357
54049,172,0.0007228386
54049,173,0.00034413856
54049,174,0.0005019671
54049,175,0.00052745384
54049,176,0.0002069968
54049,177,0.00016283491
54049,178,0.00050628284
54049,179,0.00042468685
54049,180,0.00041289526
54049,181,0.0002917854
54049,182,0.0003463735
54049,183,5.553106e-05
54049,184,0.0
54049,185,0.0
54049,186,0.0
54049,187,0.0
54049,188,0.00011009832
54049,189,0.0
54049,190,0.0
54049,191,0.00017313262
54049,192,0.0003862639
54049,193,0.0
54049,194,0.0
54049,195,0.0
54049,196,0.00012097557
54049,197,0.0001289622
54049,198,0.000108329456
54049,199,0.00046437304
54049,200,0.00037295918
54049,201,0.0002049444
54049,202,0.00033139903
54049,203,0.00036325437
54049,204,0.00057224947
54049,205,0.00037628948
54049,206,0.00043114106
54049,207,0.00026065548
54049,208,0.0
54049,209,0.0
54049,210,0.0001422445
54049,211,0.00013194978
54049,212,0.00020168582
54049,213,0.00012514592
54049,214,4.6584606e-05
54049,215,9.513001e-05
54051,73,0.0512218
54051,74,0.04706093
54051,75,0.04650053
54051,76,0.04612056
54051,77,0.045848638
54051,78,0.046144396
54051,79,0.045945384
54051,80,0.044214357
54051,81,0.04272218
54051,82,0.041945577
54051,83,0.041619334
54051,84,0.040204138
54051,85,0.03694958
54051,86,0.034088362
54051,87,0.03103771
54051,88,0.027056683
54051,89,0.021993436
54051,90,0.017722754
54051,91,0.013276573
54051,92,0.009976965
54051,93,0.007846378
54051,94,0.0063924342
54051,95,0.0051901876
54051,96,0.004159455
54051,97,0.0034344387
54051,98,0.002908791
54051,99,0.0024626271
54051,100,0.0025003862
54051,101,0.0023998832
54051,102,0.0025257068
54051,103,0.0024720768
54051,104,0.0021769674
54051,105,0.0022584004
54051,106,0.0020422966
54051,107,0.00174713
54051,108,0.0016945016
54051,109,0.002559775
54051,110,0.004945247
54051,111,0.006064095
54051,112,0.006684501
54051,113,0.008157405
54051,114,0.009094234
54051,115,0.008028732
54051,116,0.0065505626
54051,117,0.0049998267
54051,118,0.0031456982
54051,119,0.0016985307
54051,120,0.0011169579
54051,121,0.00039362293
54051,122,0.00012909014
54051,123,0.0
54051,124,0.0
54051,125,0.00020556769
54051,126,0.0019442355
54051,127,0.0028241382
54051,128,0.0019413279
54051,129,0.003085555
54051,130,0.0026314494
54051,131,0.00259197
54051,132,0.0028296318
54051,133,0.0025247175
54051,134,0.0017893978
54051,135,0.0014788619
54051,136,0.00095937407
54051,137,0.0007785558
54051,138,0.002355239
54051,139,0.0038315193
54051,140,0.0050964165
54051,141,0.007410689
54051,142,0.009071355
54051,143,0.008890236
54051,144,0.008626933
54051,145,0.00795518
54051,146,0.0068176286
54051,147,0.0057172496
54051,148,0.0048422823
54051,149,0.004767804
54051,150,0.005397745
54051,151,0.0052761054
54051,152,0.0047213826
54051,153,0.0042247716
54051,154,0.004334046
54051,155,0.0036517181
54051,156,0.0028091117
54051,157,0.0019640697
54051,158,0.0016521094
54051,159,0.0015611679
54051,160,0.0011880572
54051,161,0.00070285937
54051,162,0.00045873265
54051,163,0.00047856907
54051,164,0.00017636716
54051,165,0.0
54051,166,0.0
54051,167,0.0
54051,168,0.0
54051,169,0.0
54051,170,6.239712e-05
54051,171,0.0
54051,172,9.53418e-05
54051,173,0.00022482792
54051,174,0.00014476616
54051,175,0.0002223442
54051,176,2.0317435e-05
54051,177,0.0
54051,178,3.7488142e-05
54051,179,0.0
54051,180,0.0
54051,181,0.0
54051,182,0.00014851947
54051,183,5.977253e-05
54051,184,0.0
54051,185,0.0
54051,186,0.0
54051,187,0.0
54051,188,0.0
54051,189,0.0
54051,190,0.0
54051,191,0.000107391075
54051,192,0.00013677677
54051,193,0.0
54051,194,0.0
54051,195,0.0
54051,196,0.0
54051,197,0.0001407228
54051,198,3.2586457e-05
54051,199,0.00028758266
54051,200,0.000500018
54051,201,0.00023968756
54051,202,0.00043462354
54051,203,0.00013556799
54051,204,9.9275305e-05
54051,205,8.7800814e-05
54051,206,0.0
54051,207,0.0
54051,208,0.0
54051,209,0.0
54051,210,0.00020209512
54051,211,0.0
54051,212,0.0
54051,213,0.0
54051,214,0.0
54051,215,7.7508485e-05
54061,73,0.0010888787
54061,74,0.0018772836
54061,75,0.0024857144
54061,76,0.0025099048
54061,77,0.0026250866
54061,78,0.0027985626
54061,79,0.002975597
54061,80,0.0029483307
54061,81,0.002923942
54061,82,0.0027925067
54061,83,0.0026549827
54061,84,0.002225005
54061,85,0.001677776
54061,86,0.0014789365
54061,87,0.0012631522
54061,88,0.0011063879
54061,89,0.0009672134
54061,90,0.0007950727
54061,91,0.0006131675
54061,92,0.00045847654
54061,93,0.00029553613
54061,94,0.00018401524
54061,95,0.00019068122
54061,96,0.00014984886
54061,97,0.00019153634
54061,98,0.00037492174
54061,99,4.5124092e-05
54061,100,0.00025939682
54061,101,0.00018440267
54061,102,0.00035174648
54061,103,0.00019925435
54061,104,0.0003021133
54061,105,0.0002606535
54061,106,0.00030372044
54061,107,0.00033474326
54061,108,0.00060563727
54061,109,0.0009652552
54061,110,0.0012326693
54061,111,0.00139302
54061,112,0.0012292336
54061,113,0.001626852
54061,114,0.0013457494
54061,115,0.0012776814
54061,116,0.0011040582
54061,117,0.0010178047
54061,118,0.0007028965
54061,119,0.0006715548
54061,120,0.0005480959
54061,121,0.00027326305
54061,122,0.00016725442
54061,123,0.0
54061,124,0.0
54061,125,0.0
54061,126,0.000101930695
54061,127,0.0017990022
54061,128,0.0022475894
54061,129,0.0013524442
54061,130,0.0006148839
54061,131,0.00060464605
54061,132,0.0012635444
54061,133,0.0017850936
54061,134,0.0014483028
54061,135,0.0012977418
54061,136,0.0011768574
54061,137,0.0010891719
54061,138,0.0002348409
54061,139,0.0
54061,140,0.0006286488
54061,141,0.0008568186
54061,142,0.0010953526
54061,143,0.0008398511
54061,144,0.00078453176
54061,145,0.0012504482
54061,146,0.001573436
54061,147,0.000825457
54061,148,0.00062688737
54061,149,0.0010506143
54061,150,0.001502591
54061,151,0.0015945637
54061,152,0.00081294
54061,153,0.0007638368
54061,154,0.0013298723
54061,155,0.0016153102
54061,156,0.0014339434
54061,157,0.0013565418
54061,158,0.0014804576
54061,159,0.0012770497
54061,160,0.0010593904
54061,161,0.0007797554
54061,162,0.00072438957
54061,163,0.00084032415
54061,164,0.00019157767
54061,165,0.0
54061,166,5.6969522e-05
54061,167,0.00024294177
54061,168,6.971876e-05
54061,169,5.7673453e-05
54061,170,6.520728e-05
54061,171,0.00012773553
54061,172,7.616798e-05
54061,173,0.0
54061,174,0.00014730454
54061,175,0.00016823223
54061,176,0.0
54061,177,0.0
54061,178,0.00024181465
54061,179,0.00013947964
54061,180,0.000101644204
54061,181,0.0
54061,182,0.0
54061,183,0.0
54061,184,0.0
54061,185,0.0
54061,186,0.0
54061,187,0.0
54061,188,0.0
54061,189,0.0
54061,190,0.0
54061,191,0.0
54061,192,0.00017663003
54061,193,0.0
54061,194,0.0
54061,195,0.0
54061,196,0.0
54061,197,0.0
54061,198,0.0
54061,199,3.111283e-05
54061,200,0.00010022978
54061,201,9.135683e-05
54061,202,0.00020151377
54061,203,0.00016373495
54061,204,0.00030316174
54061,205,0.00016286096
54061,206,0.00021446764
54061,207,0.00014493604
54061,208,0.0
54061,209,0.0
54061,210,0.00017129681
54061,211,0.0
54061,212,4.1792788e-05
54061,213,0.0002619473
54061,214,6.68031e-05
54061,215,0.0003224939
54065,73,0.0
54065,74,0.0
54065,75,0.0016316553
54065,76,0.002207362
54065,77,0.0018909192
54065,78,0.0020817022
54065,79,0.0020686968
54065,80,0.0020742805
54065,81,0.0014890119
54065,82,0.0008762095
54065,83,0.000924382
54065,84,0.0005539736
54065,85,0.0
54065,86,0.0
54065,87,0.0
54065,88,2.3171504e-05
54065,89,6.403903e-05
54065,90,0.00017433206
54065,91,0.0
54065,92,0.0
54065,93,0.0
54065,94,0.0
54065,95,0.0
54065,96,0.0
54065,97,9.69549e-06
54065,98,7.732371e-05
54065,99,0.0
54065,100,0.0
54065,101,0.00033331275
54065,102,0.0
54065,103,0.00011234741
54065,104,0.0
54065,105,0.0
54065,106,0.00010330677
54065,107,0.00020740787
54065,108,0.00040070177
54065,109,7.546862e-05
54065,110,7.610102e-05
54065,111,0.00035922189
54065,112,7.479171e-05
54065,113,0.00018512011
54065,114,0.00025697608
54065,115,0.0003050234
54065,116,0.00025398255
54065,117,0.00019257703
54065,118,0.00025887825
54065,119,0.0003868276
54065,120,0.00039602816
54065,121,0.00040271442
54065,122,0.00045664472
54065,123,0.00045836132
54065,124,0.0008361109
54065,125,0.00091895706
54065,126,0.00054612977
54065,127,0.00090965716
54065,128,0.0010300277
54065,129,0.0012182322
54065,130,0.0010182724
54065,131,0.00092294894
54065,132,0.0007130861
54065,133,0.0006724038
54065,134,0.00040858728
54065,135,0.00024887244
54065,136,0.0007263225
54065,137,0.0011301503
54065,138,0.00024204672
54065,139,4.079342e-05
54065,140,0.00017193616
54065,141,0.0
54065,142,0.0
54065,143,0.0
54065,144,0.0
54065,145,0.0
54065,146,0.0
54065,147,0.0
54065,148,0.0
54065,149,0.00017030776
54065,150,0.00037334365
54065,151,0.0005855019
54065,152,0.0007103703
54065,153,0.0005630541
54065,154,0.0004917982
54065,155,0.00044509768
54065,156,0.00032355756
54065,157,0.0004072507
54065,158,0.00040507992
54065,159,0.00045431702
54065,160,0.00040112287
54065,161,0.00020326742
54065,162,0.0
54065,163,0.0
54065,164,6.870826e-06
54065,165,0.0
54065,166,0.0
54065,167,7.657031e-05
54065,168,0.0
54065,169,0.0
54065,170,0.000206635
54065,171,2.2870105e-05
54065,172,0.0004277569
54065,173,0.00018760124
54065,174,0.00010707319
54065,175,0.0002499213
54065,176,0.00063310825
54065,177,9.960572e-05
54065,178,0.0
54065,179,0.00020049154
54065,180,0.00023443898
54065,181,0.0004676908
54065,182,0.00028047047
54065,183,3.702144e-05
54065,184,0.0
54065,185,0.0
54065,186,0.0001312546
54065,187,0.000120315955
54065,188,0.0
54065,189,0.0
54065,190,0.0
54065,191,2.9072364e-05
54065,192,0.00013167917
54065,193,0.00017127654
54065,194,0.0001920847
54065,195,0.00023992022
54065,196,0.00015300453
54065,197,0.0
54065,198,0.00014738103
54065,199,0.0001430285
54065,200,5.625347e-05
54065,201,0.0
54065,202,0.0
54065,203,0.0
54065,204,0.0
54065,205,0.00010713439
54065,206,0.00024302682
54065,207,0.00029815754
54065,208,0.0005873879
54065,209,0.00039552015
54065,210,0.00048107983
54065,211,0.0011046849
54065,212,0.00066109275
54065,213,0.00052895746
54065,214,0.0004257514
54065,215,0.00038558125
