fipsCode,hour,osi_pred
18001,73,0.003049368
18001,74,0.0040130247
18001,75,0.004359528
18001,76,0.004245542
18001,77,0.004400147
18001,78,0.004993333
18001,79,0.004875369
18001,80,0.004223311
18001,81,0.004824907
18001,82,0.0037349917
18001,83,0.002941489
18001,84,0.00241967
18001,85,0.0020180147
18001,86,0.001555719
18001,87,0.0012132603
18001,88,0.0012602691
18001,89,0.001104868
18001,90,0.0010769157
18001,91,0.00091012334
18001,92,0.0008036212
18001,93,0.00069117284
18001,94,0.0006312986
18001,95,0.0007023493
18001,96,0.00036662008
18001,97,0.00020603904
18001,98,5.503764e-05
18001,99,0.00020145407
18001,100,0.00013506298
18001,101,0.00041814576
18001,102,0.0004310855
18001,103,0.00039256644
18001,104,0.00056574534
18001,105,1.0837564e-05
18001,106,0.0
18001,107,0.0
18001,108,0.0013385256
18001,109,0.0028589328
18001,110,0.004377068
18001,111,0.0051207514
18001,112,0.004450605
18001,113,0.004521668
18001,114,0.004508032
18001,115,0.0046517206
18001,116,0.0048993384
18001,117,0.0041977186
18001,118,0.0037417344
18001,119,0.005594022
18001,120,0.0057038874
18001,121,0.0062079793
18001,122,0.007439458
18001,123,0.008004885
18001,124,0.007456403
18001,125,0.0065290094
18001,126,0.0055120625
18001,127,0.0040436722
18001,128,0.0029554644
18001,129,0.0019755987
18001,130,0.0015507515
18001,131,0.0005986163
18001,132,0.00014298354
18001,133,0.0
18001,134,0.0
18001,135,0.0
18001,136,0.0
18001,137,0.0
18001,138,0.00012705465
18001,139,0.0006512097
18001,140,0.0013049723
18001,141,0.0014576156
18001,142,0.0012299097
18001,143,0.00089232484
18001,144,0.00097030285
18001,145,0.0004958765
18001,146,0.00023800925
18001,147,8.706625e-05
18001,148,6.878903e-05
18001,149,0.00036586955
18001,150,0.0006554476
18001,151,0.0013522283
18001,152,0.0018985057
18001,153,0.0022342866
18001,154,0.0023757226
18001,155,0.002300776
18001,156,0.0021975331
18001,157,0.0018160396
18001,158,0.0015098356
18001,159,0.0012285756
18001,160,0.0011625454
18001,161,0.0011069959
18001,162,0.00086796284
18001,163,0.00080875447
18001,164,0.0009941248
18001,165,0.0015307943
18001,166,0.0017480362
18001,167,0.0015433374
18001,168,0.0015626788
18001,169,0.0011767674
18001,170,0.0015552924
18001,171,0.0017663016
18001,172,0.0017252619
18001,173,0.0015708706
18001,174,0.0015788551
18001,175,0.0017862741
18001,176,0.0017433661
18001,177,0.0016572985
18001,178,0.00092219195
18001,179,0.0008806789
18001,180,0.0007549096
18001,181,0.0003899244
18001,182,0.00017002031
18001,183,0.0
18001,184,0.0
18001,185,0.0
18001,186,0.00023558602
18001,187,0.0005128352
18001,188,0.0015090655
18001,189,0.0021422922
18001,190,0.00221776
18001,191,0.002138871
18001,192,0.0018921478
18001,193,0.0017585488
18001,194,0.0015012611
18001,195,0.0016367583
18001,196,0.0019535548
18001,197,0.0025717588
18001,198,0.0025848446
18001,199,0.0028128894
18001,200,0.0028466063
18001,201,0.0025698033
18001,202,0.0024086197
18001,203,0.0022662252
18001,204,0.0019762784
18001,205,0.001804151
18001,206,0.0015291236
18001,207,0.0011396251
18001,208,0.000873333
18001,209,0.00062507053
18001,210,0.00077972154
18001,211,0.0006058987
18001,212,0.00071211765
18001,213,0.00030131434
18001,214,0.00074093346
18001,215,0.0009697354
18003,73,0.005844016
18003,74,0.007212735
18003,75,0.007793501
18003,76,0.008022199
18003,77,0.008056097
18003,78,0.007999976
18003,79,0.007780247
18003,80,0.007532196
18003,81,0.006191301
18003,82,0.004793066
18003,83,0.004261218
18003,84,0.0036893797
18003,85,0.0033059856
18003,86,0.002965136
18003,87,0.0026137421
18003,88,0.002334877
18003,89,0.001972164
18003,90,0.0016493498
18003,91,0.0013569902
18003,92,0.0010700901
18003,93,0.0037585755
18003,94,0.0005176197
18003,95,0.0011321525
18003,96,0.0012228019
18003,97,0.0010928286
18003,98,0.0009106157
18003,99,0.00087014755
18003,100,0.00091380207
18003,101,0.0009787965
18003,102,0.0012502335
18003,103,0.0012721963
18003,104,0.0015347105
18003,105,0.0013890459
18003,106,0.0009532108
18003,107,0.000746304
18003,108,0.0012378414
18003,109,0.002887765
18003,110,0.004355129
18003,111,0.0036896435
18003,112,0.00303967
18003,113,0.0031578625
18003,114,0.002926797
18003,115,0.002378685
18003,116,0.0020946255
18003,117,0.0014921204
18003,118,0.0012032407
18003,119,0.0022635383
18003,120,0.0019098157
18003,121,0.001008596
18003,122,0.0
18003,123,0.00047740262
18003,124,0.0013558422
18003,125,0.0018421417
18003,126,0.0017568093
18003,127,0.0012475181
18003,128,0.0015585852
18003,129,0.0019422217
18003,130,0.0021452855
18003,131,0.0015142127
18003,132,0.0014259135
18003,133,0.0010527922
18003,134,0.0008102381
18003,135,0.00061664364
18003,136,0.00037246224
18003,137,0.00020478481
18003,138,0.00017723256
18003,139,0.0001387538
18003,140,0.00056241377
18003,141,0.00065721787
18003,142,0.0006139285
18003,143,0.00065113866
18003,144,0.0
18003,145,0.0
18003,146,0.0
18003,147,0.0
18003,148,0.0
18003,149,0.0
18003,150,0.0
18003,151,0.0
18003,152,0.00069880974
18003,153,0.001303379
18003,154,0.0011206188
18003,155,0.0012976037
18003,156,0.00095936976
18003,157,0.0007932911
18003,158,0.00065679004
18003,159,0.0006362875
18003,160,0.00046563163
18003,161,0.0003150993
18003,162,0.00020684356
18003,163,0.0
18003,164,0.0
18003,165,0.0004603301
18003,166,0.000698092
18003,167,0.0008585912
18003,168,0.0008505102
18003,169,0.00074786664
18003,170,0.0008845136
18003,171,0.0010733613
18003,172,0.0009274908
18003,173,0.00078764354
18003,174,0.0006808173
18003,175,0.0005708378
18003,176,0.0007784348
18003,177,0.00052522426
18003,178,0.00042753603
18003,179,3.2912147e-05
18003,180,0.0
18003,181,0.0
18003,182,0.0
18003,183,0.0
18003,184,0.0
18003,185,0.0
18003,186,0.0
18003,187,0.00011612411
18003,188,0.0005763587
18003,189,0.0007037954
18003,190,0.0010640997
18003,191,0.0010089729
18003,192,0.0012459245
18003,193,0.0010737142
18003,194,0.0009964475
18003,195,0.0011012552
18003,196,0.0016814937
18003,197,0.0013902114
18003,198,0.0008084063
18003,199,0.0013242963
18003,200,0.0012554592
18003,201,0.00090141094
18003,202,0.0009626629
18003,203,0.00048582657
18003,204,0.0006446453
18003,205,0.00067405676
18003,206,0.00037873778
18003,207,0.0
18003,208,0.0
18003,209,0.0
18003,210,0.0
18003,211,0.0001619277
18003,212,0.0004667014
18003,213,0.0010991476
18003,214,0.0013599469
18003,215,0.0015816466
18005,73,0.0
18005,74,0.001337979
18005,75,0.0007236949
18005,76,0.00016863043
18005,77,0.0
18005,78,0.0
18005,79,0.0007210092
18005,80,0.0010393676
18005,81,0.0009903978
18005,82,0.0010293315
18005,83,0.0009148272
18005,84,0.0008576634
18005,85,0.0008843275
18005,86,0.0006908141
18005,87,0.00030787304
18005,88,0.00048872724
18005,89,0.0007858358
18005,90,0.0009967623
18005,91,0.00124706
18005,92,0.0012092534
18005,93,0.0012954123
18005,94,0.0013173808
18005,95,0.0012556181
18005,96,0.0012055024
18005,97,0.0011781881
18005,98,0.0009121996
18005,99,0.0009962727
18005,100,0.0010902325
18005,101,0.0012280513
18005,102,0.0013257198
18005,103,0.0013635929
18005,104,0.0011819651
18005,105,0.00095232046
18005,106,0.0017561289
18005,107,0.0045154374
18005,108,0.008474796
18005,109,0.010355573
18005,110,0.009569781
18005,111,0.009460663
18005,112,0.008832457
18005,113,0.007946026
18005,114,0.007388913
18005,115,0.0065935277
18005,116,0.005685497
18005,117,0.0051198453
18005,118,0.006287145
18005,119,0.0077923965
18005,120,0.010211032
18005,121,0.010181994
18005,122,0.009479622
18005,123,0.008342824
18005,124,0.0072865505
18005,125,0.0064256554
18005,126,0.006274333
18005,127,0.0058740485
18005,128,0.0051200865
18005,129,0.0045807282
18005,130,0.004170161
18005,131,0.0037460448
18005,132,0.0028843572
18005,133,0.0020362344
18005,134,0.0013951127
18005,135,0.0016142683
18005,136,0.0016491808
18005,137,0.0015679155
18005,138,0.001439574
18005,139,0.0014144755
18005,140,0.0013056454
18005,141,0.0013229976
18005,142,0.0014234005
18005,143,0.0013331544
18005,144,0.0016725862
18005,145,0.002071333
18005,146,0.0021419288
18005,147,0.0026892275
18005,148,0.0028541216
18005,149,0.002902793
18005,150,0.0027867702
18005,151,0.0024818915
18005,152,0.002129486
18005,153,0.0023218882
18005,154,0.0019944413
18005,155,0.0017979615
18005,156,0.0015855427
18005,157,0.0014403828
18005,158,0.0013937848
18005,159,0.0011702965
18005,160,0.0011001803
18005,161,0.0012104419
18005,162,0.0013968674
18005,163,0.0013314367
18005,164,0.002063013
18005,165,0.0023157634
18005,166,0.0021204602
18005,167,0.0021315622
18005,168,0.0024052865
18005,169,0.0023485373
18005,170,0.002092841
18005,171,0.0020335494
18005,172,0.0021502196
18005,173,0.0022167317
18005,174,0.0024643159
18005,175,0.0025062743
18005,176,0.0019738101
18005,177,0.0020473732
18005,178,0.0021093092
18005,179,0.002388146
18005,180,0.0022272766
18005,181,0.0018709574
18005,182,0.0016031909
18005,183,0.0018264133
18005,184,0.0017022288
18005,185,0.0014748898
18005,186,0.0014273061
18005,187,0.0016378689
18005,188,0.0013792034
18005,189,0.0012256382
18005,190,0.0014023067
18005,191,0.001730944
18005,192,0.0015317687
18005,193,0.0016292047
18005,194,0.0016312007
18005,195,0.0017016046
18005,196,0.0018072403
18005,197,0.001870664
18005,198,0.0020141269
18005,199,0.0021449572
18005,200,0.0021892262
18005,201,0.0020354309
18005,202,0.0019085557
18005,203,0.0017159458
18005,204,0.0018822877
18005,205,0.001675369
18005,206,0.001221186
18005,207,0.001278443
18005,208,0.001209175
18005,209,0.0013763362
18005,210,0.0013585283
18005,211,0.0020059133
18005,212,0.0023910033
18005,213,0.0024508284
18005,214,0.0020832673
18005,215,0.0017187863
18007,73,0.00042463263
18007,74,0.0023068709
18007,75,0.0
18007,76,0.0
18007,77,0.0
18007,78,0.0
18007,79,0.0
18007,80,0.0
18007,81,0.0
18007,82,0.0
18007,83,0.0
18007,84,0.0
18007,85,0.0
18007,86,0.0
18007,87,0.0
18007,88,0.0
18007,89,0.0
18007,90,0.0
18007,91,0.0
18007,92,0.0
18007,93,0.0
18007,94,0.0
18007,95,0.0
18007,96,0.0
18007,97,0.0
18007,98,0.0
18007,99,0.0
18007,100,0.0
18007,101,0.0
18007,102,0.0
18007,103,0.0
18007,104,0.0
18007,105,0.0
18007,106,0.0
18007,107,0.0008600048
18007,108,0.0013380294
18007,109,0.00024232155
18007,110,0.0002223365
18007,111,0.0010100398
18007,112,0.0017275118
18007,113,0.0014445324
18007,114,0.00072447106
18007,115,0.0009408643
18007,116,0.0
18007,117,0.0
18007,118,0.0
18007,119,0.0027796999
18007,120,0.0030647435
18007,121,0.0017982625
18007,122,0.0010878143
18007,123,0.001223456
18007,124,0.0006252128
18007,125,0.00019457901
18007,126,0.00040409167
18007,127,0.0005093436
18007,128,0.00064614514
18007,129,0.0005073021
18007,130,0.0003682904
18007,131,0.00021676412
18007,132,0.0
18007,133,0.0
18007,134,0.0
18007,135,0.0
18007,136,0.0
18007,137,0.0
18007,138,0.0
18007,139,0.0
18007,140,0.0
18007,141,0.0
18007,142,0.0
18007,143,0.0
18007,144,0.0
18007,145,0.0
18007,146,0.0
18007,147,0.0
18007,148,0.0
18007,149,0.0
18007,150,0.00065233966
18007,151,0.0015494563
18007,152,0.0016256736
18007,153,0.0023029274
18007,154,0.002416457
18007,155,0.002768538
18007,156,0.0033524204
18007,157,0.0023968243
18007,158,0.001847719
18007,159,0.0018772606
18007,160,0.0019262087
18007,161,0.0017096277
18007,162,0.0009553512
18007,163,0.0009327111
18007,164,0.0010228036
18007,165,0.00030251258
18007,166,0.0
18007,167,0.0
18007,168,0.0
18007,169,0.0
18007,170,0.0
18007,171,0.0
18007,172,0.00019107605
18007,173,0.001143449
18007,174,0.0008409152
18007,175,7.3474745e-05
18007,176,0.0015428015
18007,177,0.0021893878
18007,178,0.002292543
18007,179,0.0015597492
18007,180,0.00115087
18007,181,0.0007393019
18007,182,0.0005815847
18007,183,0.00015121822
18007,184,0.0
18007,185,0.00047374037
18007,186,0.00054327777
18007,187,0.0
18007,188,0.0
18007,189,0.0
18007,190,0.0004189633
18007,191,0.0
18007,192,0.00010926579
18007,193,2.9720217e-05
18007,194,0.0
18007,195,2.6168625e-05
18007,196,5.2907668e-05
18007,197,0.0
18007,198,0.0
18007,199,0.0
18007,200,0.0
18007,201,0.0
18007,202,0.0
18007,203,8.354535e-06
18007,204,0.00029758655
18007,205,0.0005331944
18007,206,0.0007556592
18007,207,0.0010006655
18007,208,0.001001865
18007,209,0.0007585807
18007,210,0.0007541056
18007,211,0.00019706393
18007,212,0.00019575829
18007,213,0.00017453969
18007,214,0.0
18007,215,0.0
18011,73,0.0
18011,74,0.00036210197
18011,75,0.00092814467
18011,76,0.0
18011,77,0.0
18011,78,0.0
18011,79,0.00020169029
18011,80,0.00012815371
18011,81,0.0
18011,82,4.539341e-06
18011,83,0.00016180471
18011,84,0.0
18011,85,0.0
18011,86,0.0
18011,87,0.0
18011,88,0.0
18011,89,0.0
18011,90,0.0
18011,91,0.0
18011,92,0.0
18011,93,0.0
18011,94,0.0
18011,95,0.0
18011,96,0.0
18011,97,0.0
18011,98,0.0
18011,99,0.0
18011,100,0.0
18011,101,0.0
18011,102,0.0
18011,103,0.0
18011,104,0.0
18011,105,0.0
18011,106,0.0
18011,107,0.0
18011,108,0.00043318805
18011,109,0.00080294436
18011,110,0.001386462
18011,111,0.0016298674
18011,112,0.0022120073
18011,113,0.0018530174
18011,114,0.00094566756
18011,115,0.00089513516
18011,116,0.0011059007
18011,117,0.0012330768
18011,118,0.001734701
18011,119,0.0024055354
18011,120,0.00040450064
18011,121,0.0012981743
18011,122,0.0019019716
18011,123,0.0020075662
18011,124,0.0021638803
18011,125,0.001581158
18011,126,0.0013170241
18011,127,0.0013816766
18011,128,0.0016208749
18011,129,0.0012795897
18011,130,0.0009879873
18011,131,0.0008422407
18011,132,0.0006976428
18011,133,0.0007710566
18011,134,0.0002339314
18011,135,0.00014845644
18011,136,0.00057752704
18011,137,0.00027313898
18011,138,9.027784e-05
18011,139,0.0005238609
18011,140,0.0007389943
18011,141,0.0007269416
18011,142,0.00071080244
18011,143,0.00080647686
18011,144,0.00086534617
18011,145,0.00057347515
18011,146,0.0004932226
18011,147,0.0005327912
18011,148,0.0
18011,149,0.0
18011,150,0.00015112624
18011,151,0.0007308847
18011,152,0.0010700908
18011,153,0.0011737855
18011,154,0.0019737282
18011,155,0.0019761221
18011,156,0.0018415584
18011,157,0.0016718649
18011,158,0.0015712382
18011,159,0.0016108527
18011,160,0.0017228306
18011,161,0.001695318
18011,162,0.0015954805
18011,163,0.0015184385
18011,164,0.0016506969
18011,165,0.0017930454
18011,166,0.0016578601
18011,167,0.001605849
18011,168,0.0019063551
18011,169,0.0019753182
18011,170,0.0015963296
18011,171,0.0015748787
18011,172,0.0015934652
18011,173,0.001326565
18011,174,0.0015166535
18011,175,0.0018382587
18011,176,0.0010057819
18011,177,0.0010206092
18011,178,0.0013598858
18011,179,0.0014471282
18011,180,0.0013741468
18011,181,0.00092345575
18011,182,0.0007522328
18011,183,0.00097620045
18011,184,0.0011915643
18011,185,0.0011221719
18011,186,0.001161379
18011,187,0.00100164
18011,188,0.0014602591
18011,189,0.0016433805
18011,190,0.0018583541
18011,191,0.0016986061
18011,192,0.0017052145
18011,193,0.002090069
18011,194,0.0020998858
18011,195,0.0021166771
18011,196,0.0022665567
18011,197,0.0022615346
18011,198,0.0022658852
18011,199,0.0021673166
18011,200,0.002034394
18011,201,0.001818509
18011,202,0.0015475445
18011,203,0.0012891989
18011,204,0.0008825159
18011,205,0.00074889953
18011,206,0.00042984192
18011,207,0.0004819691
18011,208,0.0007022164
18011,209,0.0005917916
18011,210,0.00093302707
18011,211,0.001385478
18011,212,0.0020250878
18011,213,0.0020649568
18011,214,0.0022164292
18011,215,0.0021556378
18015,73,0.0
18015,74,0.0009183961
18015,75,0.00022833222
18015,76,6.4838474e-05
18015,77,0.0
18015,78,0.0008706661
18015,79,0.0007561487
18015,80,0.00023324823
18015,81,0.0001911295
18015,82,0.0004890715
18015,83,0.000206206
18015,84,0.00053157454
18015,85,0.0005151431
18015,86,0.00025234735
18015,87,0.0002911906
18015,88,0.00036886378
18015,89,0.00026884253
18015,90,0.00043482438
18015,91,0.00081353716
18015,92,0.0008015156
18015,93,0.0005787706
18015,94,0.00037737685
18015,95,0.00013181273
18015,96,0.0
18015,97,0.0
18015,98,0.0
18015,99,0.0
18015,100,0.0
18015,101,0.0
18015,102,0.0
18015,103,0.0
18015,104,0.0
18015,105,0.0
18015,106,0.0
18015,107,0.00012331322
18015,108,0.00032434124
18015,109,0.0013463248
18015,110,0.00069967145
18015,111,0.00096920336
18015,112,0.0016718566
18015,113,0.00049646315
18015,114,0.002242081
18015,115,0.0015257136
18015,116,0.0018079011
18015,117,0.002000866
18015,118,0.0027043608
18015,119,0.0014043701
18015,120,0.0020876515
18015,121,0.0023871302
18015,122,0.002586793
18015,123,0.002439878
18015,124,0.0022573627
18015,125,0.0012850458
18015,126,0.0010337099
18015,127,0.0009899755
18015,128,0.0013416541
18015,129,0.00076156633
18015,130,0.00076327124
18015,131,0.00047727165
18015,132,0.00044982118
18015,133,0.00023294409
18015,134,0.0
18015,135,0.0
18015,136,0.0
18015,137,0.0
18015,138,6.816184e-05
18015,139,0.0
18015,140,0.0
18015,141,0.0
18015,142,3.5054338e-05
18015,143,6.242926e-05
18015,144,0.0
18015,145,0.0
18015,146,0.0
18015,147,0.0
18015,148,6.6011795e-05
18015,149,0.0005633692
18015,150,0.0008800926
18015,151,0.001586236
18015,152,0.0017761462
18015,153,0.0021291568
18015,154,0.0019825487
18015,155,0.002177804
18015,156,0.002244783
18015,157,0.0021643047
18015,158,0.0019925893
18015,159,0.0017275511
18015,160,0.0016932114
18015,161,0.0015056885
18015,162,0.0015170426
18015,163,0.0015804624
18015,164,0.0017462244
18015,165,0.0021012938
18015,166,0.0020087492
18015,167,0.0019714483
18015,168,0.0020493388
18015,169,0.0020428032
18015,170,0.0017649932
18015,171,0.0017125142
18015,172,0.0016581673
18015,173,0.0018059409
18015,174,0.0023546105
18015,175,0.0023831744
18015,176,0.0023285889
18015,177,0.002441053
18015,178,0.0017286037
18015,179,0.0011811843
18015,180,0.0011776823
18015,181,0.0010325572
18015,182,0.0010094476
18015,183,0.0008415177
18015,184,0.0006907357
18015,185,0.00078074896
18015,186,0.00075043953
18015,187,0.00076271273
18015,188,0.0011885869
18015,189,0.0016078525
18015,190,0.001846049
18015,191,0.001808324
18015,192,0.0018352811
18015,193,0.002200511
18015,194,0.00158163
18015,195,0.001507492
18015,196,0.0012216566
18015,197,0.0012317514
18015,198,0.0014025803
18015,199,0.0010005712
18015,200,0.001296296
18015,201,0.0012066868
18015,202,0.0011718712
18015,203,0.0012379602
18015,204,0.001100865
18015,205,0.00087232585
18015,206,0.00080380373
18015,207,0.00068749656
18015,208,0.00083955325
18015,209,0.00070980325
18015,210,0.00093211315
18015,211,0.0018797029
18015,212,0.0021187572
18015,213,0.002167228
18015,214,0.0024874818
18015,215,0.00239164
18017,73,0.0006373464
18017,74,0.0012732212
18017,75,0.00047950743
18017,76,0.00039928276
18017,77,0.0
18017,78,0.00072508754
18017,79,0.00048881455
18017,80,0.00022604401
18017,81,0.00020103698
18017,82,0.00017600074
18017,83,0.00018900707
18017,84,0.00026413635
18017,85,0.00037727025
18017,86,0.0001903289
18017,87,0.0003092546
18017,88,0.0007352384
18017,89,0.00049871637
18017,90,0.00063668063
18017,91,0.0010410545
18017,92,0.0008956575
18017,93,0.00045126828
18017,94,8.363709e-05
18017,95,0.0
18017,96,0.0
18017,97,0.0
18017,98,0.0
18017,99,0.0
18017,100,0.0
18017,101,0.0
18017,102,0.0
18017,103,0.0
18017,104,0.0
18017,105,0.0
18017,106,0.0
18017,107,0.0
18017,108,0.00041559103
18017,109,0.0015472568
18017,110,0.00077726593
18017,111,0.0010095296
18017,112,0.0020236976
18017,113,0.0017439389
18017,114,0.0033702112
18017,115,0.002990636
18017,116,0.0024064195
18017,117,0.0016196462
18017,118,0.0018639427
18017,119,8.2371036e-05
18017,120,5.2427353e-05
18017,121,0.0019767697
18017,122,0.0021619645
18017,123,0.0022737638
18017,124,0.001595002
18017,125,0.0009317541
18017,126,0.00061570597
18017,127,0.0006638018
18017,128,0.00098406
18017,129,0.00026462862
18017,130,0.00016123633
18017,131,0.0
18017,132,0.00026565455
18017,133,0.000387605
18017,134,0.0
18017,135,0.0
18017,136,0.0
18017,137,0.0
18017,138,0.0002811012
18017,139,0.00029532556
18017,140,0.0
18017,141,0.00034560738
18017,142,0.00041698816
18017,143,0.00028850755
18017,144,0.00016223386
18017,145,0.00019475514
18017,146,0.0
18017,147,0.00010943805
18017,148,0.00023677462
18017,149,0.00083461066
18017,150,0.0014693643
18017,151,0.0018552035
18017,152,0.0019475083
18017,153,0.0020530927
18017,154,0.002125842
18017,155,0.00218738
18017,156,0.0020930285
18017,157,0.0019532728
18017,158,0.0017011656
18017,159,0.0012727852
18017,160,0.0012280516
18017,161,0.001116476
18017,162,0.0011578248
18017,163,0.0011061042
18017,164,0.0015652478
18017,165,0.0018943538
18017,166,0.0018760981
18017,167,0.001754504
18017,168,0.0019202097
18017,169,0.0020071482
18017,170,0.0017274644
18017,171,0.0016161139
18017,172,0.00158224
18017,173,0.0018257147
18017,174,0.0021477083
18017,175,0.0022136038
18017,176,0.0021699667
18017,177,0.0021447362
18017,178,0.0019829255
18017,179,0.00152703
18017,180,0.0014832822
18017,181,0.0013406028
18017,182,0.0010932424
18017,183,0.0009563118
18017,184,0.0009322251
18017,185,0.0011423168
18017,186,0.00087094493
18017,187,0.00051464647
18017,188,0.0008544791
18017,189,0.0011655528
18017,190,0.0015607794
18017,191,0.0015076913
18017,192,0.0016710456
18017,193,0.0018945487
18017,194,0.0019091688
18017,195,0.0022289783
18017,196,0.0020305417
18017,197,0.00233291
18017,198,0.0019975835
18017,199,0.002336375
18017,200,0.001718666
18017,201,0.0016271973
18017,202,0.0018229223
18017,203,0.0020664067
18017,204,0.0019250269
18017,205,0.001604167
18017,206,0.0007696737
18017,207,0.00044007078
18017,208,0.0007015048
18017,209,0.0013195217
18017,210,0.0013321255
18017,211,0.0014076111
18017,212,0.0013547427
18017,213,0.0015849036
18017,214,0.0017368199
18017,215,0.0017459977
18019,73,0.0
18019,74,0.0018241656
18019,75,0.0018054742
18019,76,0.00050784845
18019,77,4.435738e-05
18019,78,0.0
18019,79,6.125182e-05
18019,80,0.00019414538
18019,81,9.9695324e-05
18019,82,0.0003331141
18019,83,0.00022908539
18019,84,0.0005088147
18019,85,0.0009824929
18019,86,0.001168
18019,87,0.0009810013
18019,88,0.00084375264
18019,89,0.0007834721
18019,90,0.00015027537
18019,91,0.00029071068
18019,92,0.00036582845
18019,93,0.00029041013
18019,94,0.00025015586
18019,95,0.00035418553
18019,96,0.00051524414
18019,97,0.00052970607
18019,98,0.0005512033
18019,99,0.00055423053
18019,100,0.00060774473
18019,101,0.0007315624
18019,102,0.0007489877
18019,103,0.0008785164
18019,104,0.0009840035
18019,105,0.0017016995
18019,106,0.0029217256
18019,107,0.004129523
18019,108,0.0059767705
18019,109,0.00868732
18019,110,0.009060846
18019,111,0.00839139
18019,112,0.00812625
18019,113,0.007814872
18019,114,0.007387925
18019,115,0.007206299
18019,116,0.006218085
18019,117,0.006120737
18019,118,0.0063864086
18019,119,0.00556556
18019,120,0.0076968237
18019,121,0.007093404
18019,122,0.0061900252
18019,123,0.005966704
18019,124,0.0059174616
18019,125,0.0055372403
18019,126,0.0050566797
18019,127,0.004409789
18019,128,0.003931347
18019,129,0.0033868244
18019,130,0.0030336175
18019,131,0.0029682287
18019,132,0.0025577592
18019,133,0.0018381668
18019,134,0.0015855585
18019,135,0.0015189187
18019,136,0.0016052567
18019,137,0.0014840751
18019,138,0.001809151
18019,139,0.0020492184
18019,140,0.0017223561
18019,141,0.0019429491
18019,142,0.0020872424
18019,143,0.0018866019
18019,144,0.001687258
18019,145,0.0020407557
18019,146,0.0020821781
18019,147,0.0020501264
18019,148,0.0025713476
18019,149,0.002384085
18019,150,0.0024283782
18019,151,0.0024457045
18019,152,0.002579397
18019,153,0.0028674868
18019,154,0.0030623125
18019,155,0.0027210205
18019,156,0.0023641873
18019,157,0.0018913954
18019,158,0.0017077475
18019,159,0.0014910923
18019,160,0.0014038668
18019,161,0.001169389
18019,162,0.0010550899
18019,163,0.0011919728
18019,164,0.001193631
18019,165,0.0009937892
18019,166,0.0010059932
18019,167,0.0012552007
18019,168,0.0016335153
18019,169,0.0017136461
18019,170,0.0019405051
18019,171,0.0019737133
18019,172,0.002045892
18019,173,0.0019670213
18019,174,0.001997443
18019,175,0.0021824646
18019,176,0.0021854993
18019,177,0.0021579964
18019,178,0.001977238
18019,179,0.0021569962
18019,180,0.0022326086
18019,181,0.0020813989
18019,182,0.0017934878
18019,183,0.0015587163
18019,184,0.0015950507
18019,185,0.001903057
18019,186,0.0018719484
18019,187,0.002014219
18019,188,0.0022708783
18019,189,0.0024244897
18019,190,0.0021423502
18019,191,0.002015358
18019,192,0.0016814225
18019,193,0.0018467184
18019,194,0.0017226352
18019,195,0.0016950383
18019,196,0.0017782438
18019,197,0.0018797595
18019,198,0.0019536961
18019,199,0.0020068449
18019,200,0.0019865767
18019,201,0.0018583274
18019,202,0.0017584164
18019,203,0.001690144
18019,204,0.0014828964
18019,205,0.0015775578
18019,206,0.0016325586
18019,207,0.0013797154
18019,208,0.0014276777
18019,209,0.0012783019
18019,210,0.0013596903
18019,211,0.0023373652
18019,212,0.0026226966
18019,213,0.0028271205
18019,214,0.0028632216
18019,215,0.002562784
18021,73,0.00030211126
18021,74,0.0015465581
18021,75,0.0014398528
18021,76,0.0
18021,77,0.00022585326
18021,78,2.6712765e-05
18021,79,0.00029466624
18021,80,0.0005378346
18021,81,0.0007288881
18021,82,0.0009898772
18021,83,0.00087291753
18021,84,0.000870957
18021,85,0.00095422805
18021,86,0.0005523083
18021,87,0.00045804903
18021,88,0.00086013676
18021,89,0.0009809671
18021,90,0.0010040816
18021,91,0.0011660814
18021,92,0.0009978265
18021,93,0.00097346964
18021,94,0.0009806711
18021,95,0.0007972604
18021,96,0.0009862423
18021,97,0.00084789254
18021,98,0.0010169591
18021,99,0.00106033
18021,100,0.0011477906
18021,101,0.0013182
18021,102,0.0015068467
18021,103,0.0018591398
18021,104,0.0021954484
18021,105,0.002274809
18021,106,0.002626041
18021,107,0.004033799
18021,108,0.005619537
18021,109,0.00625737
18021,110,0.0091570355
18021,111,0.010404549
18021,112,0.010760481
18021,113,0.010016885
18021,114,0.009199362
18021,115,0.008380282
18021,116,0.007139483
18021,117,0.007078333
18021,118,0.008947037
18021,119,0.010111678
18021,120,0.011023317
18021,121,0.009810645
18021,122,0.008336443
18021,123,0.007336419
18021,124,0.005748794
18021,125,0.0052356385
18021,126,0.004525216
18021,127,0.0032629527
18021,128,0.003116353
18021,129,0.0032701055
18021,130,0.0030013863
18021,131,0.002669878
18021,132,0.0026205021
18021,133,0.001981343
18021,134,0.0015167843
18021,135,0.0016617571
18021,136,0.0013288058
18021,137,0.0013069133
18021,138,0.001435224
18021,139,0.0015236106
18021,140,0.0012224417
18021,141,0.0012575089
18021,142,0.0017212267
18021,143,0.0019604415
18021,144,0.002008357
18021,145,0.0017345768
18021,146,0.0021287652
18021,147,0.0020478582
18021,148,0.002074467
18021,149,0.0020800703
18021,150,0.0021910975
18021,151,0.002257294
18021,152,0.0022598922
18021,153,0.0021589242
18021,154,0.0022286908
18021,155,0.0020683415
18021,156,0.0017052002
18021,157,0.001454043
18021,158,0.0015187049
18021,159,0.0014064391
18021,160,0.0019738218
18021,161,0.0020395701
18021,162,0.0021210862
18021,163,0.0021655834
18021,164,0.002138193
18021,165,0.0019658685
18021,166,0.0017608925
18021,167,0.0018899137
18021,168,0.002104057
18021,169,0.0020654493
18021,170,0.0019576496
18021,171,0.0018535216
18021,172,0.001808189
18021,173,0.0018569322
18021,174,0.0018863134
18021,175,0.0020166181
18021,176,0.0020702279
18021,177,0.002050877
18021,178,0.0023326254
18021,179,0.0033706608
18021,180,0.0029654778
18021,181,0.0021756454
18021,182,0.0018473583
18021,183,0.0019173193
18021,184,0.0020325347
18021,185,0.0018788929
18021,186,0.001589616
18021,187,0.0014702176
18021,188,0.0019313075
18021,189,0.0019455611
18021,190,0.0020369715
18021,191,0.002647821
18021,192,0.0028471444
18021,193,0.002570346
18021,194,0.0022728469
18021,195,0.0024054926
18021,196,0.0023071384
18021,197,0.0027049053
18021,198,0.0028396603
18021,199,0.0031044486
18021,200,0.0026577648
18021,201,0.0024340264
18021,202,0.0021169104
18021,203,0.001979559
18021,204,0.0018558337
18021,205,0.0016906555
18021,206,0.0017186153
18021,207,0.0018877031
18021,208,0.0016202026
18021,209,0.0012641668
18021,210,0.0014368566
18021,211,0.0018172903
18021,212,0.0021575694
18021,213,0.0023992567
18021,214,0.0022740597
18021,215,0.0018573244
18031,73,0.0041136034
18031,74,0.0047197635
18031,75,0.0035838827
18031,76,0.0025576148
18031,77,0.0013274216
18031,78,0.0013662218
18031,79,0.0020319556
18031,80,0.002070839
18031,81,0.0017634571
18031,82,0.0016775383
18031,83,0.0012402438
18031,84,0.0012268202
18031,85,0.0012041237
18031,86,0.0010472825
18031,87,0.0005454917
18031,88,0.0011386019
18031,89,0.0015218129
18031,90,0.0017120816
18031,91,0.0017447023
18031,92,0.0014215315
18031,93,0.0013579236
18031,94,0.0013124107
18031,95,0.0011794176
18031,96,0.0009764286
18031,97,0.0007858253
18031,98,0.00044391543
18031,99,0.00033482705
18031,100,0.00053508475
18031,101,0.00062507065
18031,102,0.0008102182
18031,103,0.0010999527
18031,104,0.00085739105
18031,105,0.00063658797
18031,106,0.0010100134
18031,107,0.0028078596
18031,108,0.005652626
18031,109,0.0074778777
18031,110,0.0074427873
18031,111,0.007845301
18031,112,0.0074099754
18031,113,0.0066877436
18031,114,0.006583689
18031,115,0.006362856
18031,116,0.0053680055
18031,117,0.0042522387
18031,118,0.0047864066
18031,119,0.0052813236
18031,120,0.0071992846
18031,121,0.0070351027
18031,122,0.0067015793
18031,123,0.007228511
18031,124,0.006560223
18031,125,0.0057053827
18031,126,0.004942319
18031,127,0.004175604
18031,128,0.0031830147
18031,129,0.002754024
18031,130,0.0022187778
18031,131,0.0020748687
18031,132,0.0011799639
18031,133,0.0009546927
18031,134,0.000645572
18031,135,0.0008210506
18031,136,0.0007442821
18031,137,0.00069055567
18031,138,0.0008985144
18031,139,0.0012181997
18031,140,0.0006347703
18031,141,0.0010745481
18031,142,0.0012811337
18031,143,0.0013979931
18031,144,0.0014212941
18031,145,0.0015942408
18031,146,0.0014258628
18031,147,0.0015240865
18031,148,0.0015706398
18031,149,0.0018599508
18031,150,0.0017760204
18031,151,0.0018540649
18031,152,0.00165856
18031,153,0.0016814959
18031,154,0.0012515549
18031,155,0.0013910813
18031,156,0.0012711345
18031,157,0.0010717146
18031,158,0.0010864552
18031,159,0.0011132531
18031,160,0.0010891084
18031,161,0.0011533654
18031,162,0.0013476319
18031,163,0.0012813951
18031,164,0.0019985621
18031,165,0.0023668997
18031,166,0.0023691456
18031,167,0.002131184
18031,168,0.0021302223
18031,169,0.0020816003
18031,170,0.0019531033
18031,171,0.001943752
18031,172,0.0020627084
18031,173,0.0019867057
18031,174,0.001943614
18031,175,0.0022758746
18031,176,0.0023614005
18031,177,0.0019301337
18031,178,0.0020858608
18031,179,0.002339192
18031,180,0.0026921968
18031,181,0.002239327
18031,182,0.001838723
18031,183,0.0015347506
18031,184,0.0016284621
18031,185,0.0016032099
18031,186,0.0017682229
18031,187,0.0020233144
18031,188,0.001595332
18031,189,0.0016980835
18031,190,0.0017154319
18031,191,0.0020970344
18031,192,0.0022298004
18031,193,0.0023995547
18031,194,0.0024148352
18031,195,0.002352739
18031,196,0.0024979494
18031,197,0.002553624
18031,198,0.0025778047
18031,199,0.0024718835
18031,200,0.0023600112
18031,201,0.0021744377
18031,202,0.0019520591
18031,203,0.0017828732
18031,204,0.0017277295
18031,205,0.0018855404
18031,206,0.0013768065
18031,207,0.0014083886
18031,208,0.0013027741
18031,209,0.0015694855
18031,210,0.001960687
18031,211,0.0021033334
18031,212,0.0022093619
18031,213,0.0023335994
18031,214,0.0024406577
18031,215,0.0024415588
18049,73,0.00074167806
18049,74,0.0013435483
18049,75,0.00074810407
18049,76,0.0010782537
18049,77,0.0014703794
18049,78,0.0016619347
18049,79,0.0012740301
18049,80,0.0009864357
18049,81,0.00083456514
18049,82,0.0010818846
18049,83,0.0009824467
18049,84,0.0008936435
18049,85,0.0007833312
18049,86,0.0009524683
18049,87,0.0005688479
18049,88,0.000926945
18049,89,0.00053203927
18049,90,0.0005799702
18049,91,0.00078508275
18049,92,0.0006055487
18049,93,0.00034044767
18049,94,4.782354e-05
18049,95,0.0
18049,96,0.0
18049,97,0.0
18049,98,0.0
18049,99,0.0
18049,100,0.0
18049,101,0.0
18049,102,0.0
18049,103,0.0
18049,104,0.0
18049,105,0.0
18049,106,0.0
18049,107,0.0
18049,108,0.0
18049,109,9.2361915e-05
18049,110,0.00030226304
18049,111,0.0011151811
18049,112,0.002893768
18049,113,0.0031711385
18049,114,0.003540176
18049,115,0.0037368333
18049,116,0.0034587947
18049,117,0.003203852
18049,118,0.0030504325
18049,119,0.0030106052
18049,120,0.002139736
18049,121,0.0024574911
18049,122,0.0023248096
18049,123,0.0026661516
18049,124,0.0018441458
18049,125,0.0014613302
18049,126,0.0011951721
18049,127,0.0010964156
18049,128,0.0010474841
18049,129,0.0011052662
18049,130,0.00087203406
18049,131,0.00055685994
18049,132,0.00084952975
18049,133,0.0013550348
18049,134,0.00096136297
18049,135,0.0007673017
18049,136,0.0006567269
18049,137,0.0007089623
18049,138,0.00081987574
18049,139,0.0011267249
18049,140,0.0013577176
18049,141,0.0016277889
18049,142,0.0018352657
18049,143,0.0016775215
18049,144,0.0017776919
18049,145,0.0018766939
18049,146,0.0019175262
18049,147,0.001966198
18049,148,0.002429828
18049,149,0.0032317564
18049,150,0.0038500738
18049,151,0.0039886595
18049,152,0.004274972
18049,153,0.004413831
18049,154,0.0042453418
18049,155,0.0038878426
18049,156,0.0032028437
18049,157,0.0025781072
18049,158,0.00205157
18049,159,0.0016033293
18049,160,0.0013032572
18049,161,0.0009766578
18049,162,0.00084093655
18049,163,0.0009373616
18049,164,0.001350386
18049,165,0.0015421532
18049,166,0.0015815179
18049,167,0.0015928276
18049,168,0.0017298055
18049,169,0.0018913847
18049,170,0.0017704193
18049,171,0.0017413461
18049,172,0.0017383619
18049,173,0.0018672497
18049,174,0.0021849202
18049,175,0.0020084619
18049,176,0.0023671233
18049,177,0.0022756266
18049,178,0.0022078233
18049,179,0.00179923
18049,180,0.0016597074
18049,181,0.0014587208
18049,182,0.0013048708
18049,183,0.0011327135
18049,184,0.0009652853
18049,185,0.0010808441
18049,186,0.00086976803
18049,187,0.0009348335
18049,188,0.0008973493
18049,189,0.00094730593
18049,190,0.0011187186
18049,191,0.0011410958
18049,192,0.0012213102
18049,193,0.0014614781
18049,194,0.0016003586
18049,195,0.0015716618
18049,196,0.0026293276
18049,197,0.0018240856
18049,198,0.0029574977
18049,199,0.0023939654
18049,200,0.0015615029
18049,201,0.0016564574
18049,202,0.001981739
18049,203,0.0023273856
18049,204,0.0020462228
18049,205,0.0018334021
18049,206,0.001492821
18049,207,0.001274664
18049,208,0.00069565413
18049,209,0.0005424504
18049,210,0.0010066149
18049,211,0.0018867893
18049,212,0.0017225265
18049,213,0.0015004952
18049,214,0.001698054
18049,215,0.0016405658
18053,73,0.013051433
18053,74,0.012660555
18053,75,0.011166499
18053,76,0.010469449
18053,77,0.00984874
18053,78,0.0085263895
18053,79,0.0069330544
18053,80,0.005984041
18053,81,0.0055794325
18053,82,0.005198167
18053,83,0.004652257
18053,84,0.0040352843
18053,85,0.0036379055
18053,86,0.0032994715
18053,87,0.0028720645
18053,88,0.00296139
18053,89,0.0028601023
18053,90,0.0027865472
18053,91,0.002711024
18053,92,0.0025284204
18053,93,0.0022264894
18053,94,0.0020530645
18053,95,0.0018518381
18053,96,0.001575101
18053,97,0.0013652822
18053,98,0.0010804436
18053,99,0.0009841021
18053,100,0.001044679
18053,101,0.0011660679
18053,102,0.0012210658
18053,103,0.0014947556
18053,104,0.0012186549
18053,105,0.0009897705
18053,106,0.00065939245
18053,107,0.00047513645
18053,108,0.0014493901
18053,109,0.0028548362
18053,110,0.003202152
18053,111,0.0026316969
18053,112,0.0029867596
18053,113,0.0032576951
18053,114,0.0021034344
18053,115,0.0019800917
18053,116,0.0009771609
18053,117,0.00077253336
18053,118,0.0017772572
18053,119,0.0013289547
18053,120,0.0
18053,121,0.0
18053,122,0.0
18053,123,0.0008777628
18053,124,0.00093851687
18053,125,0.0010020294
18053,126,0.00066535315
18053,127,0.00060021685
18053,128,0.0005059501
18053,129,0.0006095813
18053,130,0.00019768918
18053,131,0.00010255143
18053,132,0.0
18053,133,0.0
18053,134,0.0
18053,135,0.0
18053,136,0.0
18053,137,0.0
18053,138,0.0
18053,139,0.0
18053,140,0.0
18053,141,0.0
18053,142,0.00018398142
18053,143,3.9147086e-05
18053,144,0.0
18053,145,0.0
18053,146,0.0
18053,147,0.0
18053,148,0.0
18053,149,2.0504345e-05
18053,150,0.00025254546
18053,151,0.00050198083
18053,152,0.0004559504
18053,153,0.0010277975
18053,154,0.0012479177
18053,155,0.0013945369
18053,156,0.0016326027
18053,157,0.0014674843
18053,158,0.0012764287
18053,159,0.0010614184
18053,160,0.0008275707
18053,161,0.00068391254
18053,162,0.0006933327
18053,163,0.0008151095
18053,164,0.0009594226
18053,165,0.0012743797
18053,166,0.0015389599
18053,167,0.0016158326
18053,168,0.0016885495
18053,169,0.0018839709
18053,170,0.0018642853
18053,171,0.0018853898
18053,172,0.0020226312
18053,173,0.0019962706
18053,174,0.0019229682
18053,175,0.0021432631
18053,176,0.002538118
18053,177,0.0021155842
18053,178,0.0020451623
18053,179,0.0018253939
18053,180,0.0012422245
18053,181,0.0009475872
18053,182,0.00087112776
18053,183,0.0006541653
18053,184,0.00070315605
18053,185,0.0007003328
18053,186,0.00061784434
18053,187,0.0006074084
18053,188,0.0009803864
18053,189,0.0010974467
18053,190,0.001274278
18053,191,0.0014253398
18053,192,0.0014978175
18053,193,0.0015572542
18053,194,0.0014523764
18053,195,0.0013274406
18053,196,0.0015895499
18053,197,0.0016683207
18053,198,0.0020953272
18053,199,0.0023094756
18053,200,0.002225811
18053,201,0.0016300656
18053,202,0.0017326432
18053,203,0.0017360179
18053,204,0.0017236776
18053,205,0.0017780518
18053,206,0.0014379792
18053,207,0.00075509556
18053,208,0.0005220617
18053,209,0.0006992788
18053,210,0.0010377512
18053,211,0.0017593217
18053,212,0.00195459
18053,213,0.0019044592
18053,214,0.0020071184
18053,215,0.001901351
18055,73,0.0
18055,74,0.0015078484
18055,75,0.00097496214
18055,76,8.594389e-05
18055,77,2.7603459e-05
18055,78,0.00038868305
18055,79,0.0008024458
18055,80,0.000981977
18055,81,0.0014019358
18055,82,0.0012599216
18055,83,0.0011429155
18055,84,0.0010401843
18055,85,0.0009232771
18055,86,0.00043697323
18055,87,0.00028978175
18055,88,0.00079694204
18055,89,0.0008349929
18055,90,0.0010488874
18055,91,0.0012126332
18055,92,0.0010481826
18055,93,0.00102818
18055,94,0.0010179528
18055,95,0.0010180596
18055,96,0.0011453995
18055,97,0.0010920408
18055,98,0.0012081955
18055,99,0.0012527985
18055,100,0.0012332929
18055,101,0.0013497589
18055,102,0.0015083428
18055,103,0.001883362
18055,104,0.002397532
18055,105,0.003109214
18055,106,0.004430018
18055,107,0.0059908372
18055,108,0.0072974022
18055,109,0.00933214
18055,110,0.011326756
18055,111,0.011643635
18055,112,0.011687014
18055,113,0.011141759
18055,114,0.00969663
18055,115,0.008410252
18055,116,0.007828049
18055,117,0.00725436
18055,118,0.010170848
18055,119,0.012136465
18055,120,0.013727091
18055,121,0.011951024
18055,122,0.010676579
18055,123,0.009617885
18055,124,0.007907553
18055,125,0.0070235515
18055,126,0.006111303
18055,127,0.005160704
18055,128,0.005282722
18055,129,0.0054899007
18055,130,0.0052578705
18055,131,0.004302996
18055,132,0.0041424087
18055,133,0.0035896602
18055,134,0.0029473663
18055,135,0.0027692136
18055,136,0.0026012424
18055,137,0.002327873
18055,138,0.0022396208
18055,139,0.002134378
18055,140,0.0021122734
18055,141,0.0022658408
18055,142,0.0021804469
18055,143,0.0023491716
18055,144,0.0024472356
18055,145,0.0023654317
18055,146,0.0025267634
18055,147,0.0024957766
18055,148,0.0023107834
18055,149,0.0028183851
18055,150,0.0033179584
18055,151,0.0035550736
18055,152,0.0036552951
18055,153,0.0033299753
18055,154,0.002795228
18055,155,0.002304403
18055,156,0.0016963928
18055,157,0.0010524747
18055,158,0.0010361378
18055,159,0.0010262378
18055,160,0.0013959401
18055,161,0.001634484
18055,162,0.00172682
18055,163,0.0018922095
18055,164,0.002357545
18055,165,0.002102223
18055,166,0.0021290325
18055,167,0.002299016
18055,168,0.0023956185
18055,169,0.0022568747
18055,170,0.0022939278
18055,171,0.0021765833
18055,172,0.0021332642
18055,173,0.0021888656
18055,174,0.0021386174
18055,175,0.0021310272
18055,176,0.0021043525
18055,177,0.0021320663
18055,178,0.005646927
18055,179,0.0034648133
18055,180,0.004246482
18055,181,0.005997513
18055,182,0.004169591
18055,183,0.0037629763
18055,184,0.0038190652
18055,185,0.0035315729
18055,186,0.003134111
18055,187,0.0026116911
18055,188,0.0019011057
18055,189,0.0019031871
18055,190,0.0018809714
18055,191,0.0019333881
18055,192,0.0018687702
18055,193,0.0018866638
18055,194,0.0017189586
18055,195,0.0018429293
18055,196,0.0021024244
18055,197,0.00222989
18055,198,0.002339877
18055,199,0.0023302538
18055,200,0.002120354
18055,201,0.0018558509
18055,202,0.0019968294
18055,203,0.0020568874
18055,204,0.0019322444
18055,205,0.0017734631
18055,206,0.0016801096
18055,207,0.0016478795
18055,208,0.0017484202
18055,209,0.0017543281
18055,210,0.0016863002
18055,211,0.0019679344
18055,212,0.00232988
18055,213,0.002559167
18055,214,0.0024219148
18055,215,0.0021452934
18057,73,0.0
18057,74,0.0012420466
18057,75,0.0018442506
18057,76,0.0024376593
18057,77,0.0011079516
18057,78,0.00092320045
18057,79,0.0008991899
18057,80,0.0010656542
18057,81,0.0008531084
18057,82,0.0008655632
18057,83,0.00079259294
18057,84,0.0006528901
18057,85,0.0005274457
18057,86,0.0002534814
18057,87,0.0
18057,88,0.0
18057,89,0.0
18057,90,0.0
18057,91,0.0
18057,92,0.0
18057,93,0.0
18057,94,0.0
18057,95,0.0
18057,96,0.0
18057,97,0.0
18057,98,0.0
18057,99,0.0
18057,100,0.0
18057,101,0.0
18057,102,0.0002013435
18057,103,0.0003164609
18057,104,0.0003632595
18057,105,0.0003628785
18057,106,0.00013587266
18057,107,0.00021327219
18057,108,0.00028212657
18057,109,0.00094922865
18057,110,0.0014697021
18057,111,0.0016253773
18057,112,0.002023109
18057,113,0.0014744289
18057,114,0.0006668625
18057,115,0.00071496883
18057,116,0.00033148483
18057,117,0.0005265391
18057,118,0.0011879045
18057,119,0.00076587783
18057,120,0.0
18057,121,0.0
18057,122,0.0
18057,123,0.0
18057,124,0.00045453335
18057,125,0.00030152762
18057,126,0.00029437238
18057,127,0.00042827232
18057,128,0.00059774815
18057,129,0.00071605836
18057,130,0.00036341234
18057,131,0.00014085814
18057,132,0.0
18057,133,0.0
18057,134,0.0
18057,135,0.0
18057,136,0.0
18057,137,0.0
18057,138,0.0
18057,139,5.814249e-05
18057,140,0.0
18057,141,0.0
18057,142,0.0
18057,143,0.0
18057,144,4.465828e-06
18057,145,9.299363e-05
18057,146,0.0
18057,147,0.0
18057,148,0.0
18057,149,4.1069336e-05
18057,150,0.00012213126
18057,151,0.00066248665
18057,152,0.00045132305
18057,153,0.00063142105
18057,154,0.000958729
18057,155,0.0013551281
18057,156,0.00054688746
18057,157,0.0005790853
18057,158,0.0004151167
18057,159,0.0004889325
18057,160,0.0007436572
18057,161,0.00062647247
18057,162,0.00077670795
18057,163,0.0008668623
18057,164,0.0006968423
18057,165,0.0010032314
18057,166,0.0008744345
18057,167,0.0010217602
18057,168,0.0014559898
18057,169,0.0013859678
18057,170,0.0012890294
18057,171,0.0014326946
18057,172,0.0016168852
18057,173,0.0012901594
18057,174,0.001513767
18057,175,0.0021584264
18057,176,0.0012863495
18057,177,0.0013880861
18057,178,0.0011944051
18057,179,0.00086478685
18057,180,0.0008308625
18057,181,0.0004302829
18057,182,0.00035489415
18057,183,0.00046800997
18057,184,0.00070220226
18057,185,0.00070199004
18057,186,0.0006890791
18057,187,0.0005930227
18057,188,0.0009809188
18057,189,0.0010083906
18057,190,0.001125255
18057,191,0.0012490881
18057,192,0.0011658057
18057,193,0.0013817794
18057,194,0.0013755586
18057,195,0.0013252773
18057,196,0.0014538349
18057,197,0.001364464
18057,198,0.0014989084
18057,199,0.0014793829
18057,200,0.0016657509
18057,201,0.0015103645
18057,202,0.0013406394
18057,203,0.0012403392
18057,204,0.001147748
18057,205,0.0011367076
18057,206,0.0006057213
18057,207,2.8805334e-05
18057,208,0.0
18057,209,0.00011682744
18057,210,0.00043394652
18057,211,0.0012469129
18057,212,0.0021831586
18057,213,0.0021627974
18057,214,0.0022339793
18057,215,0.0020226322
18063,73,0.0
18063,74,0.0010786585
18063,75,0.0012857955
18063,76,0.0
18063,77,0.0
18063,78,0.0
18063,79,2.337267e-05
18063,80,6.9729635e-05
18063,81,0.0
18063,82,0.0
18063,83,0.000117774456
18063,84,3.7435195e-06
18063,85,0.0
18063,86,0.0
18063,87,0.0
18063,88,0.0
18063,89,0.0
18063,90,0.0
18063,91,0.0
18063,92,0.0
18063,93,5.627533e-05
18063,94,1.9116154e-05
18063,95,0.0
18063,96,0.0
18063,97,0.0
18063,98,0.0
18063,99,0.0
18063,100,0.0
18063,101,0.0
18063,102,3.2483338e-05
18063,103,0.00011262979
18063,104,0.00026551783
18063,105,8.885399e-05
18063,106,0.0
18063,107,0.00017493397
18063,108,0.0013100589
18063,109,0.0016503497
18063,110,0.0037060573
18063,111,0.0040667118
18063,112,0.0044439672
18063,113,0.004352416
18063,114,0.0036394445
18063,115,0.0029696187
18063,116,0.0027193988
18063,117,0.002451845
18063,118,0.0039284374
18063,119,0.004530842
18063,120,0.0029580984
18063,121,0.0030396273
18063,122,0.003274364
18063,123,0.0029783533
18063,124,0.0029417598
18063,125,0.0025263492
18063,126,0.0023093396
18063,127,0.0020408428
18063,128,0.0019895888
18063,129,0.0019752497
18063,130,0.0011002044
18063,131,0.0006026628
18063,132,0.00079959177
18063,133,0.00044744436
18063,134,0.0
18063,135,0.00034053993
18063,136,7.500405e-05
18063,137,0.00014983401
18063,138,0.0
18063,139,0.0
18063,140,0.0008972824
18063,141,0.0011196921
18063,142,0.0010177076
18063,143,0.0008666881
18063,144,0.00072330306
18063,145,0.0005964362
18063,146,0.0010703729
18063,147,0.0012337872
18063,148,0.001021765
18063,149,0.0007619696
18063,150,0.00091409887
18063,151,0.0006701026
18063,152,0.00083088793
18063,153,0.0013096347
18063,154,0.0012841463
18063,155,0.0007779002
18063,156,0.0007861203
18063,157,0.0011246528
18063,158,0.0012270602
18063,159,0.0010953599
18063,160,0.0011740754
18063,161,0.0012308961
18063,162,0.0011650682
18063,163,0.0012167939
18063,164,0.0013745117
18063,165,0.0014899361
18063,166,0.0015197252
18063,167,0.0014958176
18063,168,0.0016413506
18063,169,0.0016319966
18063,170,0.0015171979
18063,171,0.001539803
18063,172,0.0015560669
18063,173,0.0012076
18063,174,0.0016622614
18063,175,0.00210023
18063,176,0.0013065507
18063,177,0.0013106496
18063,178,0.0019113851
18063,179,0.00176753
18063,180,0.0013183545
18063,181,0.0008925351
18063,182,0.00072655553
18063,183,0.0008275131
18063,184,0.00072074396
18063,185,0.0008648584
18063,186,0.0009695488
18063,187,0.0009653509
18063,188,0.0013796218
18063,189,0.0015712285
18063,190,0.0017563893
18063,191,0.0018028528
18063,192,0.0017907037
18063,193,0.0018112846
18063,194,0.001689788
18063,195,0.0017897593
18063,196,0.0019006026
18063,197,0.0019122696
18063,198,0.0021321536
18063,199,0.0021999187
18063,200,0.0021196455
18063,201,0.0020065713
18063,202,0.0018030638
18063,203,0.0017566059
18063,204,0.0014726202
18063,205,0.0012003833
18063,206,0.0007308837
18063,207,0.0008247257
18063,208,0.00061396434
18063,209,0.00057218457
18063,210,0.0008667922
18063,211,0.0014888773
18063,212,0.0021689977
18063,213,0.0022102827
18063,214,0.0021725905
18063,215,0.0021984302
18075,73,0.004925363
18075,74,0.005269032
18075,75,0.005536146
18075,76,0.0048470655
18075,77,0.0047419486
18075,78,0.0042650118
18075,79,0.003604041
18075,80,0.0026128562
18075,81,0.00206654
18075,82,0.0022731938
18075,83,0.0024022965
18075,84,0.002049785
18075,85,0.0017906193
18075,86,0.0015504558
18075,87,0.0012960972
18075,88,0.0014613164
18075,89,0.0013217555
18075,90,0.0012810396
18075,91,0.0011556187
18075,92,0.0011988785
18075,93,0.0011051152
18075,94,0.0008903825
18075,95,0.00059906766
18075,96,0.00035481557
18075,97,5.8732876e-05
18075,98,0.0
18075,99,0.0
18075,100,0.0
18075,101,0.0
18075,102,0.0
18075,103,0.0
18075,104,0.00030491367
18075,105,0.0
18075,106,0.00012497182
18075,107,0.00042271928
18075,108,0.0019908499
18075,109,0.002771502
18075,110,0.0030435463
18075,111,0.0030376515
18075,112,0.0024722423
18075,113,0.00305244
18075,114,0.002708718
18075,115,0.002949322
18075,116,0.0027595053
18075,117,0.0015279786
18075,118,0.0010732617
18075,119,0.0023149275
18075,120,0.0014075971
18075,121,0.0030624697
18075,122,0.004251169
18075,123,0.0048842835
18075,124,0.004603213
18075,125,0.0037326417
18075,126,0.003010987
18075,127,0.0022965232
18075,128,0.0015781033
18075,129,0.0009444705
18075,130,0.0007760656
18075,131,0.0003213413
18075,132,0.00043966086
18075,133,5.92423e-05
18075,134,0.0
18075,135,0.00019611702
18075,136,0.00021551257
18075,137,0.0010090246
18075,138,0.00078042015
18075,139,0.0005979571
18075,140,0.00094954675
18075,141,0.0008405883
18075,142,0.00081739435
18075,143,0.0007550829
18075,144,0.0006515991
18075,145,0.00057108264
18075,146,0.00050064235
18075,147,0.0
18075,148,0.0
18075,149,1.8992474e-05
18075,150,0.00029883394
18075,151,0.0007392166
18075,152,0.0014118905
18075,153,0.0017250722
18075,154,0.0016996498
18075,155,0.0019431901
18075,156,0.0021665914
18075,157,0.0018419762
18075,158,0.0015157233
18075,159,0.0012593567
18075,160,0.0011094296
18075,161,0.0010694567
18075,162,0.0010838652
18075,163,0.0012369347
18075,164,0.0013439526
18075,165,0.0019244637
18075,166,0.002244702
18075,167,0.0020828224
18075,168,0.0018857415
18075,169,0.0014576752
18075,170,0.0016909743
18075,171,0.0016394559
18075,172,0.0018333154
18075,173,0.0019580682
18075,174,0.0019209175
18075,175,0.0020013358
18075,176,0.0019445426
18075,177,0.0020298148
18075,178,0.0019099904
18075,179,0.0015098704
18075,180,0.0012258575
18075,181,0.0013548954
18075,182,0.0012462029
18075,183,0.0009867273
18075,184,0.0008727435
18075,185,0.0010952494
18075,186,0.0010908021
18075,187,0.0008742219
18075,188,0.0014167781
18075,189,0.0017286529
18075,190,0.0018676078
18075,191,0.002017303
18075,192,0.002074982
18075,193,0.0019695584
18075,194,0.0019505294
18075,195,0.0022342517
18075,196,0.0025997001
18075,197,0.0027406665
18075,198,0.0028997054
18075,199,0.002756441
18075,200,0.0025341436
18075,201,0.002382068
18075,202,0.0026029525
18075,203,0.0024197705
18075,204,0.0015433414
18075,205,0.0014249058
18075,206,0.001342953
18075,207,0.0013038986
18075,208,0.0009061833
18075,209,0.0007265357
18075,210,0.000858984
18075,211,0.0014148642
18075,212,0.001770376
18075,213,0.0017303745
18075,214,0.0017229408
18075,215,0.0012616132
18079,73,0.0010668376
18079,74,0.0033466136
18079,75,0.0020229765
18079,76,0.00046854216
18079,77,0.0007446295
18079,78,0.0016405928
18079,79,0.0024995466
18079,80,0.0030584899
18079,81,0.0026951637
18079,82,0.002390304
18079,83,0.0020792657
18079,84,0.0016677602
18079,85,0.0014172686
18079,86,0.0010825401
18079,87,0.00025923058
18079,88,0.00020837432
18079,89,0.00042311804
18079,90,0.0007809147
18079,91,0.0009581324
18079,92,0.00062032253
18079,93,0.00057031825
18079,94,0.0005871165
18079,95,0.00060960546
18079,96,0.0008564464
18079,97,0.00093252776
18079,98,0.0004349971
18079,99,0.00032516316
18079,100,0.0007925411
18079,101,0.0013616304
18079,102,0.0016197495
18079,103,0.0020107597
18079,104,0.0020021868
18079,105,0.0015642653
18079,106,0.0028337443
18079,107,0.0073654954
18079,108,0.014764224
18079,109,0.020487856
18079,110,0.01982644
18079,111,0.018133765
18079,112,0.015891451
18079,113,0.013376151
18079,114,0.011581305
18079,115,0.010333273
18079,116,0.008261809
18079,117,0.006928866
18079,118,0.00787169
18079,119,0.009645899
18079,120,0.012543969
18079,121,0.01142418
18079,122,0.012170851
18079,123,0.01132518
18079,124,0.009282626
18079,125,0.0074348683
18079,126,0.0066612894
18079,127,0.006033966
18079,128,0.0052240784
18079,129,0.0042884937
18079,130,0.0040054987
18079,131,0.003960336
18079,132,0.0028076796
18079,133,0.002130315
18079,134,0.002254712
18079,135,0.0020743245
18079,136,0.0017401219
18079,137,0.0015067786
18079,138,0.0011978976
18079,139,0.00082057423
18079,140,0.00060113874
18079,141,0.0009079218
18079,142,0.0011430748
18079,143,0.0013823692
18079,144,0.0014843731
18079,145,0.0016467104
18079,146,0.001875878
18079,147,0.0022037635
18079,148,0.0020158344
18079,149,0.0022616945
18079,150,0.002038895
18079,151,0.0023091282
18079,152,0.0020554806
18079,153,0.0022574866
18079,154,0.0021382961
18079,155,0.002460612
18079,156,0.002425461
18079,157,0.0022732394
18079,158,0.0018007498
18079,159,0.0015788551
18079,160,0.0015576007
18079,161,0.0017974685
18079,162,0.0019630974
18079,163,0.0013848726
18079,164,0.0028370323
18079,165,0.0030576559
18079,166,0.00278612
18079,167,0.0023665822
18079,168,0.0013882668
18079,169,0.0011155953
18079,170,0.001695335
18079,171,0.0016345104
18079,172,0.0016196705
18079,173,0.0015676086
18079,174,0.0014481687
18079,175,0.0016728676
18079,176,0.0023184132
18079,177,0.0025052023
18079,178,0.003059453
18079,179,0.0034021093
18079,180,0.003785584
18079,181,0.0031100998
18079,182,0.0024339857
18079,183,0.0015440392
18079,184,0.001207988
18079,185,0.0012328067
18079,186,0.0017206896
18079,187,0.0020052893
18079,188,0.0014631656
18079,189,0.0017412018
18079,190,0.0021095877
18079,191,0.0023482507
18079,192,0.0023469632
18079,193,0.0023724318
18079,194,0.0020427417
18079,195,0.0021450508
18079,196,0.0025289087
18079,197,0.002691001
18079,198,0.0027490363
18079,199,0.0029495514
18079,200,0.003337507
18079,201,0.0030868233
18079,202,0.0024612867
18079,203,0.0022198248
18079,204,0.0023902436
18079,205,0.002008649
18079,206,0.0019909774
18079,207,0.0024812103
18079,208,0.0025589662
18079,209,0.002318999
18079,210,0.0024235137
18079,211,0.0028015866
18079,212,0.0030339516
18079,213,0.0026423482
18079,214,0.0030746982
18079,215,0.0028709567
18081,73,0.0
18081,74,0.0012703789
18081,75,0.0009998318
18081,76,0.00035020974
18081,77,0.0
18081,78,0.0
18081,79,0.0
18081,80,0.0002285319
18081,81,0.0001467879
18081,82,0.00021340117
18081,83,0.0003328717
18081,84,0.000290905
18081,85,0.00024897084
18081,86,6.443744e-05
18081,87,0.00012140189
18081,88,0.0002988004
18081,89,0.0002586169
18081,90,0.00031372224
18081,91,0.0005449647
18081,92,0.0006458241
18081,93,0.0007535549
18081,94,0.0006680725
18081,95,0.00045148467
18081,96,0.0003554059
18081,97,8.9961395e-05
18081,98,0.00010155052
18081,99,3.5998324e-05
18081,100,0.0001958105
18081,101,0.0002712133
18081,102,0.0003556895
18081,103,0.0004248227
18081,104,0.000379497
18081,105,0.00019257808
18081,106,0.00040777112
18081,107,0.0016021808
18081,108,0.0037718508
18081,109,0.0046660434
18081,110,0.005768506
18081,111,0.00616371
18081,112,0.006227578
18081,113,0.006446175
18081,114,0.0063978927
18081,115,0.005180704
18081,116,0.0046277796
18081,117,0.0046578636
18081,118,0.005599748
18081,119,0.0054369993
18081,120,0.006922156
18081,121,0.007136113
18081,122,0.00682705
18081,123,0.0062325113
18081,124,0.005840826
18081,125,0.0057276315
18081,126,0.0056810556
18081,127,0.0048046005
18081,128,0.0039399387
18081,129,0.0036224194
18081,130,0.0031651761
18081,131,0.002653421
18081,132,0.0025042268
18081,133,0.0018227594
18081,134,0.0010218179
18081,135,0.0012053628
18081,136,0.0013003175
18081,137,0.0013563579
18081,138,0.0017001228
18081,139,0.0015506947
18081,140,0.0014585196
18081,141,0.0018343504
18081,142,0.0016039143
18081,143,0.0013154319
18081,144,0.0013956774
18081,145,0.0016792871
18081,146,0.0017392744
18081,147,0.0019104703
18081,148,0.0021325098
18081,149,0.001949488
18081,150,0.0016746988
18081,151,0.0015534483
18081,152,0.0014826867
18081,153,0.0013481984
18081,154,0.0011576379
18081,155,0.001154786
18081,156,0.0012021621
18081,157,0.0015352354
18081,158,0.0018259203
18081,159,0.0013755021
18081,160,0.0013383378
18081,161,0.0012309869
18081,162,0.0012465346
18081,163,0.0011977325
18081,164,0.0014032733
18081,165,0.0017462086
18081,166,0.0015613628
18081,167,0.0015516488
18081,168,0.0017014538
18081,169,0.0018698889
18081,170,0.0016999339
18081,171,0.0016649849
18081,172,0.001554776
18081,173,0.0013527824
18081,174,0.0015934925
18081,175,0.0014073028
18081,176,0.0015519847
18081,177,0.0014676155
18081,178,0.0014245859
18081,179,0.0017611404
18081,180,0.0012605928
18081,181,0.0008835671
18081,182,0.00074025785
18081,183,0.000803856
18081,184,0.0010155422
18081,185,0.0010883071
18081,186,0.0014901538
18081,187,0.001588359
18081,188,0.0011557571
18081,189,0.0013060699
18081,190,0.0017353316
18081,191,0.0018891006
18081,192,0.0016783668
18081,193,0.0017948783
18081,194,0.0017990227
18081,195,0.0018712175
18081,196,0.0018842923
18081,197,0.0017791545
18081,198,0.0017990868
18081,199,0.0017739469
18081,200,0.0016644214
18081,201,0.0016143888
18081,202,0.0012710525
18081,203,0.0009769812
18081,204,0.001075168
18081,205,0.00088283775
18081,206,0.0004767569
18081,207,0.0005926925
18081,208,0.00037901194
18081,209,0.00061271456
18081,210,0.0007409344
18081,211,0.0013737369
18081,212,0.0019381798
18081,213,0.0017973381
18081,214,0.0018147683
18081,215,0.002005446
18115,73,0.00093641825
18115,74,0.0012228517
18115,75,0.00033150255
18115,76,0.0
18115,77,0.0
18115,78,0.0007423464
18115,79,9.3487695e-05
18115,80,0.00020239317
18115,81,0.0004881716
18115,82,0.0003638174
18115,83,0.00040435986
18115,84,0.0004184654
18115,85,0.0004228345
18115,86,0.00048043803
18115,87,0.00019483223
18115,88,0.0
18115,89,0.00017606154
18115,90,0.0002689218
18115,91,0.0004958117
18115,92,6.667023e-05
18115,93,6.066536e-05
18115,94,0.0002446788
18115,95,0.00038943667
18115,96,0.0005964766
18115,97,0.0012487521
18115,98,0.0010867737
18115,99,0.0012027934
18115,100,0.0015366281
18115,101,0.0018448873
18115,102,0.0019527539
18115,103,0.0020941317
18115,104,0.0019582103
18115,105,0.0015899796
18115,106,0.0029516437
18115,107,0.0061422708
18115,108,0.011086753
18115,109,0.015099977
18115,110,0.017206207
18115,111,0.015921969
18115,112,0.012959402
18115,113,0.010631978
18115,114,0.009549402
18115,115,0.00793752
18115,116,0.006670618
18115,117,0.005543321
18115,118,0.0050626188
18115,119,0.005339095
18115,120,0.004523393
18115,121,0.008976275
18115,122,0.010330537
18115,123,0.011197851
18115,124,0.011142655
18115,125,0.009986681
18115,126,0.0076726633
18115,127,0.005749392
18115,128,0.0048719957
18115,129,0.004055284
18115,130,0.0033422485
18115,131,0.0035526957
18115,132,0.0032831598
18115,133,0.0030429708
18115,134,0.002917504
18115,135,0.0026558712
18115,136,0.002447677
18115,137,0.0027132046
18115,138,0.002613949
18115,139,0.0021827198
18115,140,0.001971633
18115,141,0.0019476415
18115,142,0.002141303
18115,143,0.0024054737
18115,144,0.002406565
18115,145,0.0025329583
18115,146,0.0028897556
18115,147,0.002820945
18115,148,0.0030758772
18115,149,0.0031951764
18115,150,0.003249855
18115,151,0.0032892951
18115,152,0.0035046188
18115,153,0.003052339
18115,154,0.0026572093
18115,155,0.0023281407
18115,156,0.0019251237
18115,157,0.001928045
18115,158,0.001986487
18115,159,0.0018384783
18115,160,0.001402112
18115,161,0.0012266919
18115,162,0.0013684478
18115,163,0.0015281345
18115,164,0.00247092
18115,165,0.0027912227
18115,166,0.0028509283
18115,167,0.0015271094
18115,168,0.0014679028
18115,169,0.0012942515
18115,170,0.0018134399
18115,171,0.001717751
18115,172,0.0018891352
18115,173,0.0021258325
18115,174,0.0022913404
18115,175,0.002121695
18115,176,0.002153187
18115,177,0.002102462
18115,178,0.0020346714
18115,179,0.0021294458
18115,180,0.0019361777
18115,181,0.0023021817
18115,182,0.0026343903
18115,183,0.0018557255
18115,184,0.0014299243
18115,185,0.0010978013
18115,186,0.0011495014
18115,187,0.0015148456
18115,188,0.0017361386
18115,189,0.0017441028
18115,190,0.0019294238
18115,191,0.0021198315
18115,192,0.0023675095
18115,193,0.0025599215
18115,194,0.0022422923
18115,195,0.002116298
18115,196,0.0021778876
18115,197,0.0020298255
18115,198,0.0022870116
18115,199,0.002512493
18115,200,0.002508541
18115,201,0.0023256082
18115,202,0.0017954932
18115,203,0.0016847013
18115,204,0.0017827266
18115,205,0.0017439264
18115,206,0.002086286
18115,207,0.0028473707
18115,208,0.0029701295
18115,209,0.0026737805
18115,210,0.002455453
18115,211,0.0025734338
18115,212,0.002595326
18115,213,0.0025244763
18115,214,0.0021721972
18115,215,0.0019273275
18119,73,0.0011747617
18119,74,0.0019427963
18119,75,0.00063169765
18119,76,0.0
18119,77,0.0
18119,78,0.0
18119,79,0.0
18119,80,0.00024360427
18119,81,0.000604116
18119,82,0.000878552
18119,83,0.0007499738
18119,84,0.0007762147
18119,85,0.00085256033
18119,86,0.00024337605
18119,87,0.000572649
18119,88,0.00089391373
18119,89,0.00095240533
18119,90,0.0010404036
18119,91,0.00068706623
18119,92,0.0005705245
18119,93,0.00058881973
18119,94,0.0005292873
18119,95,0.00030326162
18119,96,0.00026491348
18119,97,4.2297295e-05
18119,98,0.00016287976
18119,99,0.00017717396
18119,100,0.0002954491
18119,101,0.0005019766
18119,102,0.00088041485
18119,103,0.0013239431
18119,104,0.0018931681
18119,105,0.0030486712
18119,106,0.0043701334
18119,107,0.006234372
18119,108,0.00796149
18119,109,0.009996614
18119,110,0.014132873
18119,111,0.016024265
18119,112,0.016925542
18119,113,0.016961703
18119,114,0.015422331
18119,115,0.012920607
18119,116,0.011767779
18119,117,0.00888748
18119,118,0.012505728
18119,119,0.0155955115
18119,120,0.017539764
18119,121,0.016107611
18119,122,0.014164466
18119,123,0.012187041
18119,124,0.009912596
18119,125,0.008927581
18119,126,0.0075023533
18119,127,0.0058393735
18119,128,0.0058082915
18119,129,0.005526134
18119,130,0.005012061
18119,131,0.003974849
18119,132,0.0036369679
18119,133,0.002861735
18119,134,0.0024627305
18119,135,0.0027878664
18119,136,0.0025482771
18119,137,0.0023066879
18119,138,0.002491488
18119,139,0.002564334
18119,140,0.002076972
18119,141,0.0023463536
18119,142,0.0025624782
18119,143,0.00253203
18119,144,0.0027555693
18119,145,0.0027252315
18119,146,0.0030401277
18119,147,0.003062332
18119,148,0.002802284
18119,149,0.0027509062
18119,150,0.0029337872
18119,151,0.0030929404
18119,152,0.0029151016
18119,153,0.0033485116
18119,154,0.0031450125
18119,155,0.0028711103
18119,156,0.0025241878
18119,157,0.0021711583
18119,158,0.0021248762
18119,159,0.0020582033
18119,160,0.0021967927
18119,161,0.0020484752
18119,162,0.002090788
18119,163,0.0021139986
18119,164,0.0021168636
18119,165,0.0017359471
18119,166,0.0013688884
18119,167,0.0014054399
18119,168,0.0014864946
18119,169,0.0016578023
18119,170,0.001526063
18119,171,0.0015646835
18119,172,0.0015753183
18119,173,0.0017563633
18119,174,0.0021901177
18119,175,0.0020530152
18119,176,0.0020906155
18119,177,0.0022691665
18119,178,0.0025749612
18119,179,0.0029273275
18119,180,0.0055636787
18119,181,0.0033470788
18119,182,0.0027583607
18119,183,0.0030836603
18119,184,0.0032565796
18119,185,0.0031393333
18119,186,0.0027418805
18119,187,0.002350985
18119,188,0.0013960921
18119,189,0.0010288378
18119,190,0.001027658
18119,191,0.0013617752
18119,192,0.0014200624
18119,193,0.00166654
18119,194,0.0014559414
18119,195,0.0016644172
18119,196,0.0019263353
18119,197,0.0022452038
18119,198,0.0022731305
18119,199,0.0025114885
18119,200,0.0025736433
18119,201,0.0021438026
18119,202,0.0023614347
18119,203,0.002431355
18119,204,0.0024852122
18119,205,0.0024418605
18119,206,0.002297596
18119,207,0.002478618
18119,208,0.002189296
18119,209,0.0018811194
18119,210,0.0017597699
18119,211,0.0019142051
18119,212,0.002234882
18119,213,0.0025737144
18119,214,0.0022041001
18119,215,0.0018373094
39001,73,0.0
39001,74,0.0
39001,75,0.0
39001,76,0.0
39001,77,0.0
39001,78,0.0
39001,79,0.0
39001,80,0.0
39001,81,0.0
39001,82,3.1039464e-05
39001,83,0.0
39001,84,0.0
39001,85,0.0
39001,86,0.00015372838
39001,87,0.00027331934
39001,88,6.2697974e-05
39001,89,0.0
39001,90,0.0
39001,91,0.00023199414
39001,92,0.00026592548
39001,93,9.1592716e-05
39001,94,0.0
39001,95,0.0
39001,96,0.0
39001,97,0.0
39001,98,0.0
39001,99,0.0
39001,100,0.0
39001,101,0.0
39001,102,0.0
39001,103,4.537538e-05
39001,104,4.5095236e-05
39001,105,0.0
39001,106,0.0
39001,107,0.00018850976
39001,108,0.00093229354
39001,109,0.0019148712
39001,110,0.0023436677
39001,111,0.0030068993
39001,112,0.0028220678
39001,113,0.0026587127
39001,114,0.0022306084
39001,115,0.0021234828
39001,116,0.0024316025
39001,117,0.0018235503
39001,118,0.0018913783
39001,119,0.0020610348
39001,120,0.0019755126
39001,121,0.0019533883
39001,122,0.0025891396
39001,123,0.0028257158
39001,124,0.0021164655
39001,125,0.0026205508
39001,126,0.0033332736
39001,127,0.0028391585
39001,128,0.0028936695
39001,129,0.002166586
39001,130,0.0018651225
39001,131,0.00072958326
39001,132,0.0007764872
39001,133,0.0011717192
39001,134,0.0013858308
39001,135,0.0017643677
39001,136,0.001487896
39001,137,0.000771726
39001,138,0.00046680908
39001,139,0.0011905646
39001,140,0.00083399616
39001,141,0.00083258003
39001,142,0.0004334062
39001,143,0.00030099237
39001,144,9.51686e-05
39001,145,0.0004488538
39001,146,0.0004140584
39001,147,0.0002671421
39001,148,0.0003814882
39001,149,0.00048747082
39001,150,0.00052229164
39001,151,0.0009500844
39001,152,0.0013663785
39001,153,0.0015725596
39001,154,0.0014771122
39001,155,0.001674546
39001,156,0.0016133883
39001,157,0.0014933628
39001,158,0.0012023607
39001,159,0.0010018836
39001,160,0.0009262404
39001,161,0.0009186238
39001,162,0.0007114217
39001,163,0.0008924395
39001,164,0.0008416593
39001,165,0.0009343058
39001,166,0.0010788772
39001,167,0.00051753165
39001,168,0.00040555847
39001,169,0.0005291385
39001,170,0.0013596411
39001,171,0.0015482722
39001,172,0.0017565642
39001,173,0.0018802707
39001,174,0.001990362
39001,175,0.0021473754
39001,176,0.0022132068
39001,177,0.002191084
39001,178,0.002100296
39001,179,0.0019313372
39001,180,0.0016220687
39001,181,0.0013657634
39001,182,0.0015064295
39001,183,0.001277398
39001,184,0.001152928
39001,185,0.0011820889
39001,186,0.0011546955
39001,187,0.0011015434
39001,188,0.001089676
39001,189,0.0010156066
39001,190,0.0010887373
39001,191,0.0010373556
39001,192,0.00082630594
39001,193,0.0010717643
39001,194,0.001242722
39001,195,0.0013298313
39001,196,0.0013814903
39001,197,0.0014826502
39001,198,0.001634147
39001,199,0.0016458557
39001,200,0.001683927
39001,201,0.0015876675
39001,202,0.001448264
39001,203,0.0014567577
39001,204,0.0007275753
39001,205,0.0007343244
39001,206,0.0008719268
39001,207,0.00090979895
39001,208,0.00097040675
39001,209,0.0009039847
39001,210,0.00072762766
39001,211,0.001603162
39001,212,0.0017037656
39001,213,0.0015371544
39001,214,0.001252851
39001,215,0.0009529849
39003,73,0.03645304
39003,74,0.03239524
39003,75,0.02982259
39003,76,0.028760092
39003,77,0.028272858
39003,78,0.02759037
39003,79,0.026104743
39003,80,0.024453232
39003,81,0.02313618
39003,82,0.022188928
39003,83,0.019775309
39003,84,0.017870437
39003,85,0.016147852
39003,86,0.014838397
39003,87,0.013124922
39003,88,0.011627007
39003,89,0.010189879
39003,90,0.008906033
39003,91,0.0077412254
39003,92,0.0063223583
39003,93,0.0055449395
39003,94,0.004754329
39003,95,0.0041710734
39003,96,0.003980072
39003,97,0.0035886113
39003,98,0.0029257503
39003,99,0.0026903462
39003,100,0.0026889357
39003,101,0.0027165154
39003,102,0.0030010655
39003,103,0.00265901
39003,104,0.0026442788
39003,105,0.0020200592
39003,106,0.0014660453
39003,107,0.0006612507
39003,108,0.00023196593
39003,109,0.00052404613
39003,110,0.0005550423
39003,111,0.0007688594
39003,112,0.0
39003,113,0.0
39003,114,0.0
39003,115,0.0
39003,116,0.0
39003,117,0.0
39003,118,0.0
39003,119,0.0
39003,120,0.0
39003,121,0.0
39003,122,0.0
39003,123,0.0
39003,124,0.0
39003,125,0.0
39003,126,0.0
39003,127,0.0
39003,128,0.0
39003,129,0.0
39003,130,0.0
39003,131,0.0
39003,132,0.0
39003,133,0.0
39003,134,0.0
39003,135,0.0
39003,136,0.0
39003,137,0.0
39003,138,0.0
39003,139,0.0
39003,140,0.0
39003,141,0.0
39003,142,0.0
39003,143,0.0
39003,144,0.0
39003,145,0.0
39003,146,0.0
39003,147,0.0
39003,148,0.0
39003,149,0.0
39003,150,0.0
39003,151,0.0003503086
39003,152,0.0
39003,153,0.0
39003,154,0.0
39003,155,0.0
39003,156,0.0
39003,157,0.0
39003,158,0.0
39003,159,0.0
39003,160,9.795944e-05
39003,161,0.0
39003,162,0.0
39003,163,0.0
39003,164,0.0
39003,165,0.0003940839
39003,166,0.00013651857
39003,167,0.00024615758
39003,168,0.00056633365
39003,169,0.00063380203
39003,170,0.0004937768
39003,171,0.0004932888
39003,172,0.0004642619
39003,173,0.00047130062
39003,174,0.0004653931
39003,175,0.0004887247
39003,176,0.0003479653
39003,177,0.00017360404
39003,178,2.9518703e-06
39003,179,0.0
39003,180,0.0
39003,181,0.0
39003,182,0.0
39003,183,0.0
39003,184,0.0
39003,185,0.0
39003,186,0.0
39003,187,0.0
39003,188,0.0
39003,189,0.0
39003,190,8.921092e-05
39003,191,0.00025321974
39003,192,0.00019111997
39003,193,6.161089e-05
39003,194,0.0
39003,195,0.0
39003,196,0.0
39003,197,3.302738e-05
39003,198,4.2899497e-05
39003,199,0.00013942346
39003,200,0.00023664102
39003,201,0.00029567094
39003,202,0.00029187434
39003,203,0.0
39003,204,1.2298971e-05
39003,205,9.315158e-05
39003,206,0.0
39003,207,0.00016177172
39003,208,0.0
39003,209,0.0
39003,210,0.0
39003,211,0.0
39003,212,0.000595602
39003,213,7.831369e-05
39003,214,0.0
39003,215,0.0
39005,73,0.107488126
39005,74,0.089929774
39005,75,0.08142196
39005,76,0.07814163
39005,77,0.07575293
39005,78,0.07217335
39005,79,0.06731699
39005,80,0.061237093
39005,81,0.055108428
39005,82,0.050634634
39005,83,0.047682185
39005,84,0.044495042
39005,85,0.041754626
39005,86,0.0390822
39005,87,0.035399996
39005,88,0.033474613
39005,89,0.03077902
39005,90,0.027801992
39005,91,0.025213642
39005,92,0.022289319
39005,93,0.01969734
39005,94,0.017229704
39005,95,0.0154594
39005,96,0.014350958
39005,97,0.012458605
39005,98,0.0109966565
39005,99,0.010318729
39005,100,0.010274856
39005,101,0.010203322
39005,102,0.010451113
39005,103,0.009801963
39005,104,0.008711703
39005,105,0.008239838
39005,106,0.0077113844
39005,107,0.0072669266
39005,108,0.0066107875
39005,109,0.007079461
39005,110,0.008460948
39005,111,0.008546123
39005,112,0.0091440305
39005,113,0.007453759
39005,114,0.006552333
39005,115,0.006679604
39005,116,0.0054917717
39005,117,0.0047873054
39005,118,0.0038808407
39005,119,0.0033390333
39005,120,0.0033837939
39005,121,0.0027475976
39005,122,0.002700364
39005,123,0.0035958276
39005,124,0.0041878643
39005,125,0.0037524048
39005,126,0.0039354633
39005,127,0.006338384
39005,128,0.0059593725
39005,129,0.005393426
39005,130,0.0041997945
39005,131,0.0032186655
39005,132,0.003138851
39005,133,0.0014943711
39005,134,0.0014030831
39005,135,0.0021950912
39005,136,0.0019990914
39005,137,0.001744235
39005,138,0.0005426361
39005,139,0.0
39005,140,0.0008622154
39005,141,0.0007723477
39005,142,0.00016610569
39005,143,0.0
39005,144,0.0
39005,145,0.0
39005,146,0.0
39005,147,0.0
39005,148,0.0
39005,149,0.0
39005,150,0.0
39005,151,0.00012726182
39005,152,0.00026648687
39005,153,0.00062596967
39005,154,0.00048535274
39005,155,0.0009153549
39005,156,0.0009094495
39005,157,0.0005284156
39005,158,0.0
39005,159,0.00034311565
39005,160,0.000992044
39005,161,0.00024934605
39005,162,0.0
39005,163,0.0
39005,164,0.0
39005,165,0.0
39005,166,7.224197e-05
39005,167,7.462835e-05
39005,168,0.0007309463
39005,169,0.0007143677
39005,170,6.84539e-05
39005,171,4.4736415e-05
39005,172,0.0003604788
39005,173,0.00021055585
39005,174,0.00032202777
39005,175,9.2919516e-05
39005,176,0.00011077409
39005,177,0.00056106644
39005,178,0.0004214197
39005,179,8.9089765e-05
39005,180,0.00025936632
39005,181,9.207398e-05
39005,182,0.0
39005,183,0.0
39005,184,0.0
39005,185,0.0
39005,186,0.0
39005,187,0.0
39005,188,0.0
39005,189,0.0
39005,190,0.0
39005,191,0.0
39005,192,0.0
39005,193,0.0
39005,194,0.0
39005,195,0.0
39005,196,0.0
39005,197,0.0
39005,198,0.0
39005,199,0.0
39005,200,0.0
39005,201,0.0
39005,202,0.0
39005,203,0.0
39005,204,0.0
39005,205,0.0
39005,206,0.0
39005,207,0.0
39005,208,0.0
39005,209,0.0
39005,210,0.0
39005,211,0.0
39005,212,0.0
39005,213,0.0
39005,214,0.0
39005,215,0.0
39007,73,0.053903908
39007,74,0.053851508
39007,75,0.05239149
39007,76,0.04983378
39007,77,0.0471197
39007,78,0.04480577
39007,79,0.041713443
39007,80,0.038386498
39007,81,0.03464942
39007,82,0.031175492
39007,83,0.02750005
39007,84,0.025083983
39007,85,0.022205539
39007,86,0.019845149
39007,87,0.017855216
39007,88,0.016435632
39007,89,0.014931679
39007,90,0.013118845
39007,91,0.012292288
39007,92,0.011083092
39007,93,0.010016846
39007,94,0.009196302
39007,95,0.008449446
39007,96,0.0076962453
39007,97,0.007316892
39007,98,0.0067423396
39007,99,0.0065426086
39007,100,0.0062822104
39007,101,0.006307084
39007,102,0.006270005
39007,103,0.0075849597
39007,104,0.006717377
39007,105,0.0067238216
39007,106,0.0066635986
39007,107,0.006750409
39007,108,0.006634813
39007,109,0.0064855576
39007,110,0.0062434506
39007,111,0.006444778
39007,112,0.007869443
39007,113,0.007368386
39007,114,0.0068845274
39007,115,0.006999688
39007,116,0.0072415383
39007,117,0.0077455766
39007,118,0.007292783
39007,119,0.007632237
39007,120,0.0077359597
39007,121,0.0067505524
39007,122,0.0065201567
39007,123,0.005951656
39007,124,0.0058407225
39007,125,0.005243908
39007,126,0.0064763483
39007,127,0.006610251
39007,128,0.00482792
39007,129,0.0049626813
39007,130,0.0052461834
39007,131,0.003928224
39007,132,0.0028520692
39007,133,0.0025831107
39007,134,0.0029220323
39007,135,0.0027029004
39007,136,0.0033490644
39007,137,0.0040331124
39007,138,0.0032456263
39007,139,0.003445485
39007,140,0.002760683
39007,141,0.0019367177
39007,142,0.0012951486
39007,143,0.001413814
39007,144,0.0011623093
39007,145,0.0014531454
39007,146,0.0009318829
39007,147,0.0010061249
39007,148,0.0010833462
39007,149,0.0007751281
39007,150,0.0013608878
39007,151,0.0011763122
39007,152,0.00030238667
39007,153,0.0004269169
39007,154,0.001149703
39007,155,0.0011894801
39007,156,0.0016355641
39007,157,0.0015884421
39007,158,0.0015566946
39007,159,0.0018628557
39007,160,0.0014712341
39007,161,0.0016966905
39007,162,0.0015509053
39007,163,0.0015802939
39007,164,0.0014771787
39007,165,0.0011836807
39007,166,0.0013140537
39007,167,0.001390981
39007,168,0.0014506729
39007,169,0.0015884065
39007,170,0.00176805
39007,171,0.0015424826
39007,172,0.001617356
39007,173,0.0016163993
39007,174,0.0017776669
39007,175,0.0019456304
39007,176,0.0020210578
39007,177,0.0022252088
39007,178,0.0022692697
39007,179,0.0022185438
39007,180,0.002151877
39007,181,0.0021737162
39007,182,0.002254433
39007,183,0.002043043
39007,184,0.001997657
39007,185,0.0019577446
39007,186,0.001956296
39007,187,0.0017737598
39007,188,0.0019147857
39007,189,0.0014877425
39007,190,0.0014857284
39007,191,0.001392854
39007,192,0.0012448927
39007,193,0.0012937093
39007,194,0.0012164428
39007,195,0.0013015462
39007,196,0.0014743094
39007,197,0.0014677392
39007,198,0.0014084078
39007,199,0.0015285849
39007,200,0.0015091012
39007,201,0.0016041987
39007,202,0.001537639
39007,203,0.0015106429
39007,204,0.0015217769
39007,205,0.0013709413
39007,206,0.0013870316
39007,207,0.0009298988
39007,208,0.0008789245
39007,209,0.00067998155
39007,210,0.000567055
39007,211,0.0012969208
39007,212,0.0014607491
39007,213,0.0010879564
39007,214,0.0011810601
39007,215,0.0013014153
39009,73,0.0023135997
39009,74,0.0020509684
39009,75,0.00226454
39009,76,0.0023243306
39009,77,0.002429744
39009,78,0.00273937
39009,79,0.003104833
39009,80,0.0036196574
39009,81,0.0038702353
39009,82,0.0048798146
39009,83,0.004279369
39009,84,0.0044333087
39009,85,0.004001552
39009,86,0.0040987623
39009,87,0.00228307
39009,88,0.0010724493
39009,89,0.0005131796
39009,90,0.00051739754
39009,91,0.00056431687
39009,92,0.00047948476
39009,93,0.00036569205
39009,94,3.5406203e-05
39009,95,0.0
39009,96,0.0
39009,97,0.0
39009,98,0.0
39009,99,0.0
39009,100,0.0
39009,101,0.00033560823
39009,102,0.0008021728
39009,103,0.0010663744
39009,104,0.0010705492
39009,105,0.0006494687
39009,106,0.00032109584
39009,107,0.0004090349
39009,108,0.00048153193
39009,109,0.000993048
39009,110,0.0014699217
39009,111,0.0013214946
39009,112,0.0016418021
39009,113,0.0019661395
39009,114,0.0016044555
39009,115,0.00079938537
39009,116,0.0007774345
39009,117,0.0019040374
39009,118,0.0018171446
39009,119,0.0020463192
39009,120,0.0023943954
39009,121,0.0022429335
39009,122,0.0016871073
39009,123,0.00090097345
39009,124,0.0017134048
39009,125,0.0043023233
39009,126,0.005166784
39009,127,0.0044085644
39009,128,0.003584257
39009,129,0.0038840594
39009,130,0.004287612
39009,131,0.0041234693
39009,132,0.0033303925
39009,133,0.0024424528
39009,134,0.0021318991
39009,135,0.003235966
39009,136,0.0052684457
39009,137,0.0073745754
39009,138,0.011582511
39009,139,0.015734693
39009,140,0.018179687
39009,141,0.0191505
39009,142,0.018091299
39009,143,0.015833698
39009,144,0.012874387
39009,145,0.009741746
39009,146,0.007025552
39009,147,0.0059875576
39009,148,0.0050532287
39009,149,0.0044267685
39009,150,0.003936709
39009,151,0.0038328276
39009,152,0.0031344243
39009,153,0.0030100895
39009,154,0.0028980705
39009,155,0.0024840534
39009,156,0.001930892
39009,157,0.0011576265
39009,158,0.00054692593
39009,159,0.0
39009,160,0.0
39009,161,0.0
39009,162,0.0
39009,163,0.0
39009,164,0.0
39009,165,0.0
39009,166,0.00026937583
39009,167,0.00042285706
39009,168,0.00088257215
39009,169,0.0011670899
39009,170,0.00097129325
39009,171,0.0014398315
39009,172,0.0014344032
39009,173,0.0014776986
39009,174,0.001704744
39009,175,0.0018573285
39009,176,0.002173209
39009,177,0.002439097
39009,178,0.0025048205
39009,179,0.0022507163
39009,180,0.0018873235
39009,181,0.001546285
39009,182,0.0010925472
39009,183,0.00085226155
39009,184,0.00062944606
39009,185,0.0003607175
39009,186,0.00038677963
39009,187,4.9126643e-06
39009,188,1.9812733e-05
39009,189,3.3183544e-05
39009,190,0.0
39009,191,0.0
39009,192,4.0129325e-05
39009,193,5.1084855e-05
39009,194,0.00013991108
39009,195,0.00015037681
39009,196,0.0004586369
39009,197,0.000478197
39009,198,0.00076722837
39009,199,0.0009171087
39009,200,0.0013076204
39009,201,0.0017347478
39009,202,0.0018957661
39009,203,0.0012264659
39009,204,0.0008587712
39009,205,0.0005137948
39009,206,0.0003513771
39009,207,0.0
39009,208,0.0
39009,209,0.0
39009,210,0.0
39009,211,0.0
39009,212,0.0
39009,213,0.0001442864
39009,214,0.0
39009,215,0.0002765084
39011,73,0.031337053
39011,74,0.024962109
39011,75,0.022423334
39011,76,0.021404762
39011,77,0.021895818
39011,78,0.021583125
39011,79,0.020478444
39011,80,0.019694522
39011,81,0.019791167
39011,82,0.019621873
39011,83,0.017885357
39011,84,0.016609432
39011,85,0.015342995
39011,86,0.014095329
39011,87,0.012625597
39011,88,0.011507404
39011,89,0.010187016
39011,90,0.009102976
39011,91,0.007838551
39011,92,0.0063909893
39011,93,0.0055751316
39011,94,0.0043024607
39011,95,0.0040201982
39011,96,0.0038879218
39011,97,0.0030867823
39011,98,0.0022585844
39011,99,0.0021053143
39011,100,0.00222007
39011,101,0.0023559202
39011,102,0.0022531818
39011,103,0.0023474793
39011,104,0.0019121267
39011,105,0.0015099439
39011,106,0.001119386
39011,107,0.00031220837
39011,108,0.0
39011,109,0.0008073122
39011,110,0.00069206924
39011,111,0.0014326856
39011,112,0.00048558292
39011,113,0.00027017063
39011,114,0.00030485922
39011,115,0.0
39011,116,0.0
39011,117,0.0
39011,118,0.0
39011,119,0.0
39011,120,0.0
39011,121,0.0
39011,122,0.0
39011,123,0.0
39011,124,0.00033161705
39011,125,0.00034164038
39011,126,9.2412185e-05
39011,127,0.0
39011,128,0.0
39011,129,0.0
39011,130,0.0
39011,131,0.0
39011,132,0.0
39011,133,0.0
39011,134,0.0
39011,135,0.0
39011,136,0.0
39011,137,0.0
39011,138,0.0
39011,139,0.0
39011,140,0.0
39011,141,0.0
39011,142,0.0
39011,143,0.0
39011,144,0.0
39011,145,0.0
39011,146,0.0
39011,147,0.0
39011,148,0.0
39011,149,0.0
39011,150,0.0
39011,151,0.0
39011,152,0.0
39011,153,0.0006013012
39011,154,0.0007758899
39011,155,0.00063013757
39011,156,0.0007476117
39011,157,0.0005876091
39011,158,0.0005062299
39011,159,0.00040380622
39011,160,0.0004337574
39011,161,0.0004252733
39011,162,0.00049698335
39011,163,0.00037572253
39011,164,0.00038979008
39011,165,0.0005871673
39011,166,0.0005970196
39011,167,0.0006040152
39011,168,0.00035015924
39011,169,0.0
39011,170,0.0
39011,171,0.0
39011,172,0.00057616207
39011,173,0.0009853399
39011,174,0.0011481722
39011,175,0.0011428735
39011,176,0.0009554901
39011,177,0.00063184975
39011,178,0.0003951991
39011,179,0.00014252975
39011,180,0.0
39011,181,0.0
39011,182,0.0
39011,183,0.0
39011,184,0.0
39011,185,0.0
39011,186,0.0
39011,187,0.0
39011,188,0.0
39011,189,0.0
39011,190,0.00017099634
39011,191,0.00042765986
39011,192,0.00050394464
39011,193,0.00046665917
39011,194,0.00029527923
39011,195,0.0002453593
39011,196,0.00041035627
39011,197,0.0007674098
39011,198,0.0010799341
39011,199,0.0008513037
39011,200,0.0007034606
39011,201,0.00083530304
39011,202,0.00069931283
39011,203,0.0006685545
39011,204,0.00029886275
39011,205,0.0
39011,206,0.0
39011,207,2.6860334e-06
39011,208,2.2293478e-05
39011,209,0.0
39011,210,8.239895e-06
39011,211,0.0
39011,212,0.0
39011,213,0.0
39011,214,0.0003162459
39011,215,0.00013037756
39013,73,0.12657368
39013,74,0.1184742
39013,75,0.115275376
39013,76,0.11501056
39013,77,0.11372814
39013,78,0.1119416
39013,79,0.10890892
39013,80,0.104381174
39013,81,0.0987905
39013,82,0.0934738
39013,83,0.089134715
39013,84,0.084663026
39013,85,0.08014523
39013,86,0.07641212
39013,87,0.071443334
39013,88,0.06661201
39013,89,0.06192717
39013,90,0.057136778
39013,91,0.053629454
39013,92,0.04898463
39013,93,0.04531435
39013,94,0.041734185
39013,95,0.038586415
39013,96,0.036288038
39013,97,0.034469508
39013,98,0.033156358
39013,99,0.032432377
39013,100,0.03123421
39013,101,0.030424623
39013,102,0.029772118
39013,103,0.028604193
39013,104,0.02720847
39013,105,0.025687039
39013,106,0.024275294
39013,107,0.022811184
39013,108,0.021404408
39013,109,0.020212948
39013,110,0.018257597
39013,111,0.016131507
39013,112,0.014590388
39013,113,0.013787393
39013,114,0.012959362
39013,115,0.011273977
39013,116,0.010586649
39013,117,0.009251145
39013,118,0.008758815
39013,119,0.008432992
39013,120,0.008206721
39013,121,0.007766483
39013,122,0.0073664673
39013,123,0.006829732
39013,124,0.006433248
39013,125,0.006137101
39013,126,0.0077990866
39013,127,0.0066436427
39013,128,0.0056598806
39013,129,0.006630435
39013,130,0.0067909504
39013,131,0.0069733886
39013,132,0.006285553
39013,133,0.005373355
39013,134,0.0048411954
39013,135,0.003399274
39013,136,0.0032763449
39013,137,0.0035229519
39013,138,0.0027610692
39013,139,0.0028833537
39013,140,0.003766255
39013,141,0.0025472995
39013,142,0.002280665
39013,143,0.0017278786
39013,144,0.0017950683
39013,145,0.0016546627
39013,146,0.00055287627
39013,147,0.0007882388
39013,148,0.00096126343
39013,149,0.001267751
39013,150,0.0021107243
39013,151,0.0024124794
39013,152,0.0018537801
39013,153,0.0022012978
39013,154,0.0022578135
39013,155,0.0021240627
39013,156,0.0017740531
39013,157,0.0015404116
39013,158,0.0013596228
39013,159,0.0016681356
39013,160,0.00093299116
39013,161,0.0006486404
39013,162,0.0007816837
39013,163,0.0006399578
39013,164,0.0005566472
39013,165,0.00063171564
39013,166,0.0008352832
39013,167,0.0010217156
39013,168,0.0010366183
39013,169,0.0010580317
39013,170,0.0011551201
39013,171,0.0012153862
39013,172,0.0013320915
39013,173,0.0014839931
39013,174,0.0015267747
39013,175,0.0017550067
39013,176,0.001980552
39013,177,0.002250682
39013,178,0.0026536933
39013,179,0.0024352907
39013,180,0.0019793946
39013,181,0.0018880834
39013,182,0.00198348
39013,183,0.0016986637
39013,184,0.0013988946
39013,185,0.0013241459
39013,186,0.0011329025
39013,187,0.0008882507
39013,188,0.0004292111
39013,189,0.00019644493
39013,190,7.8456054e-05
39013,191,0.00018519664
39013,192,0.00041186254
39013,193,0.00069170183
39013,194,0.00073608407
39013,195,0.0008603245
39013,196,0.0010026835
39013,197,0.0011133055
39013,198,0.0010899631
39013,199,0.0010358476
39013,200,0.0011755115
39013,201,0.0011812159
39013,202,0.0012345874
39013,203,0.0011375808
39013,204,0.0009760934
39013,205,0.0008947358
39013,206,0.0008231704
39013,207,0.00071135466
39013,208,0.0004497763
39013,209,0.0004308447
39013,210,0.0
39013,211,0.0
39013,212,0.00037173767
39013,213,0.0
39013,214,0.0
39013,215,0.0
39015,73,0.00078472064
39015,74,0.000915421
39015,75,0.0
39015,76,0.0
39015,77,0.0
39015,78,0.0
39015,79,0.0
39015,80,0.0
39015,81,0.0
39015,82,8.977388e-05
39015,83,3.574108e-05
39015,84,0.00012413476
39015,85,0.0002164556
39015,86,0.00028747742
39015,87,0.00015541737
39015,88,5.715991e-05
39015,89,3.732905e-05
39015,90,0.0005232124
39015,91,0.00075180596
39015,92,0.00089971506
39015,93,0.0006578029
39015,94,0.00030875634
39015,95,0.0
39015,96,0.0
39015,97,0.0
39015,98,0.0
39015,99,0.0
39015,100,0.0
39015,101,0.00015025168
39015,102,0.00021388209
39015,103,0.00033747818
39015,104,0.00041813453
39015,105,6.0979375e-05
39015,106,0.0
39015,107,0.00013526787
39015,108,0.00046370534
39015,109,0.0017690556
39015,110,0.0023994334
39015,111,0.003115297
39015,112,0.0024359496
39015,113,0.0024717292
39015,114,0.0020285272
39015,115,0.0013619853
39015,116,0.0016395968
39015,117,0.0014473443
39015,118,0.0011901236
39015,119,0.001065012
39015,120,0.00073382235
39015,121,0.0011934529
39015,122,0.0018557465
39015,123,0.0021477614
39015,124,0.0018120891
39015,125,0.0020617468
39015,126,0.0025706736
39015,127,0.0020699205
39015,128,0.0021596164
39015,129,0.001498763
39015,130,0.0013615597
39015,131,0.00056251214
39015,132,0.0007333795
39015,133,0.0007744884
39015,134,0.0011595753
39015,135,0.0016653697
39015,136,0.00092068873
39015,137,0.00055621157
39015,138,0.00047764237
39015,139,0.00068600307
39015,140,0.00035784097
39015,141,0.00047765748
39015,142,0.00054417836
39015,143,0.00020160168
39015,144,0.00014212896
39015,145,0.0006915917
39015,146,0.00045433958
39015,147,0.00053473434
39015,148,0.00059850136
39015,149,0.00073275843
39015,150,0.00085748493
39015,151,0.0015979533
39015,152,0.0018124119
39015,153,0.0016962065
39015,154,0.0018496849
39015,155,0.0019884694
39015,156,0.0016134417
39015,157,0.0015020161
39015,158,0.0012326733
39015,159,0.00075936876
39015,160,0.00082520215
39015,161,0.0010096685
39015,162,0.001019758
39015,163,0.0011800138
39015,164,0.0011860013
39015,165,0.0012127515
39015,166,0.001098936
39015,167,0.0010928104
39015,168,0.0013695188
39015,169,0.0015764363
39015,170,0.0015550744
39015,171,0.0017686557
39015,172,0.0018742852
39015,173,0.0019893353
39015,174,0.0019987414
39015,175,0.0021872655
39015,176,0.0022797345
39015,177,0.0023491476
39015,178,0.0023834775
39015,179,0.002223748
39015,180,0.0020294066
39015,181,0.001838487
39015,182,0.0018205206
39015,183,0.0019656098
39015,184,0.0015472154
39015,185,0.0015637529
39015,186,0.0015735351
39015,187,0.0015354268
39015,188,0.00138384
39015,189,0.0012644106
39015,190,0.0013903556
39015,191,0.001378832
39015,192,0.0011998643
39015,193,0.0013789157
39015,194,0.0013718797
39015,195,0.0013474259
39015,196,0.0014227284
39015,197,0.0015743076
39015,198,0.0017701578
39015,199,0.0018611646
39015,200,0.0020034087
39015,201,0.0018153117
39015,202,0.0014867283
39015,203,0.0011824764
39015,204,0.0011697127
39015,205,0.0011100778
39015,206,0.00101373
39015,207,0.00095808326
39015,208,0.00091585814
39015,209,0.00085193
39015,210,0.00077484595
39015,211,0.0016990419
39015,212,0.0017882712
39015,213,0.0018742542
39015,214,0.0015780367
39015,215,0.0013875705
39019,73,0.26503637
39019,74,0.2707747
39019,75,0.27091035
39019,76,0.27060172
39019,77,0.2700163
39019,78,0.26914954
39019,79,0.267255
39019,80,0.2648375
39019,81,0.260783
39019,82,0.2562351
39019,83,0.2510724
39019,84,0.24623278
39019,85,0.24105844
39019,86,0.23583223
39019,87,0.22981505
39019,88,0.22224984
39019,89,0.2149967
39019,90,0.20427077
39019,91,0.19433151
39019,92,0.18262544
39019,93,0.17399567
39019,94,0.16746141
39019,95,0.16110365
39019,96,0.15626316
39019,97,0.15286018
39019,98,0.15102471
39019,99,0.14948367
39019,100,0.14713994
39019,101,0.14433116
39019,102,0.14130645
39019,103,0.13915445
39019,104,0.1350767
39019,105,0.12995163
39019,106,0.1255447
39019,107,0.11874835
39019,108,0.11142224
39019,109,0.1048804
39019,110,0.096790425
39019,111,0.08834092
39019,112,0.08059501
39019,113,0.07502162
39019,114,0.07058334
39019,115,0.065445445
39019,116,0.060302366
39019,117,0.055000912
39019,118,0.050820865
39019,119,0.04726385
39019,120,0.044226572
39019,121,0.041631773
39019,122,0.038470466
39019,123,0.03634743
39019,124,0.034999534
39019,125,0.035621803
39019,126,0.036218464
39019,127,0.0370129
39019,128,0.037241742
39019,129,0.037370414
39019,130,0.03551709
39019,131,0.031982385
39019,132,0.028585412
39019,133,0.024589438
39019,134,0.02100574
39019,135,0.018220514
39019,136,0.016921764
39019,137,0.01533867
39019,138,0.012048517
39019,139,0.010357637
39019,140,0.008113365
39019,141,0.0038858494
39019,142,0.0033975765
39019,143,0.003726976
39019,144,0.0024101103
39019,145,0.0023768733
39019,146,0.0019097321
39019,147,0.0020851984
39019,148,0.0024732137
39019,149,0.0031628665
39019,150,0.0033172984
39019,151,0.0039602765
39019,152,0.00397315
39019,153,0.0051182155
39019,154,0.0037967768
39019,155,0.0036211587
39019,156,0.0022238612
39019,157,0.0028489914
39019,158,0.0020378525
39019,159,0.0015781451
39019,160,0.00029486735
39019,161,0.00022873243
39019,162,0.0006874696
39019,163,4.4228233e-05
39019,164,0.0
39019,165,0.0
39019,166,0.0
39019,167,0.0
39019,168,0.0
39019,169,0.0
39019,170,0.0
39019,171,0.0
39019,172,0.0
39019,173,0.0
39019,174,0.0
39019,175,0.0
39019,176,0.0
39019,177,0.0
39019,178,0.0
39019,179,0.0
39019,180,0.0
39019,181,0.0
39019,182,0.0
39019,183,0.0
39019,184,0.0
39019,185,0.0
39019,186,0.0
39019,187,0.0
39019,188,0.0
39019,189,0.0
39019,190,0.0
39019,191,0.0
39019,192,0.0
39019,193,0.0
39019,194,0.0
39019,195,0.0
39019,196,0.0
39019,197,0.0
39019,198,0.0
39019,199,0.0
39019,200,0.0
39019,201,0.0
39019,202,0.0
39019,203,0.0
39019,204,0.0
39019,205,0.0
39019,206,0.0
39019,207,0.0
39019,208,0.0
39019,209,0.0
39019,210,0.0
39019,211,0.0
39019,212,0.0
39019,213,0.0
39019,214,0.0
39019,215,0.0
39021,73,0.09582471
39021,74,0.085655734
39021,75,0.07981534
39021,76,0.07641148
39021,77,0.07420611
39021,78,0.06962868
39021,79,0.06377285
39021,80,0.058470216
39021,81,0.055036455
39021,82,0.048771292
39021,83,0.04511479
39021,84,0.038903262
39021,85,0.03518541
39021,86,0.032486357
39021,87,0.029017823
39021,88,0.025652034
39021,89,0.023006119
39021,90,0.020381028
39021,91,0.01853109
39021,92,0.015646715
39021,93,0.013763026
39021,94,0.01213617
39021,95,0.011251766
39021,96,0.010393798
39021,97,0.009900802
39021,98,0.009011118
39021,99,0.009374173
39021,100,0.009574983
39021,101,0.0091342125
39021,102,0.008923572
39021,103,0.009585831
39021,104,0.008712004
39021,105,0.008544693
39021,106,0.00796637
39021,107,0.0067280247
39021,108,0.006185513
39021,109,0.0066353246
39021,110,0.008425529
39021,111,0.007979817
39021,112,0.00699032
39021,113,0.0071225404
39021,114,0.007144126
39021,115,0.0059776823
39021,116,0.0045731664
39021,117,0.0035132943
39021,118,0.002416355
39021,119,0.0031616285
39021,120,0.002788693
39021,121,0.002815842
39021,122,0.003351315
39021,123,0.0027973922
39021,124,0.0032707294
39021,125,0.0049170693
39021,126,0.005207468
39021,127,0.004751609
39021,128,0.0035277214
39021,129,0.0035117911
39021,130,0.0030276498
39021,131,0.0020849395
39021,132,0.000989822
39021,133,0.0010311685
39021,134,0.00051486754
39021,135,0.00046740082
39021,136,8.587693e-05
39021,137,0.0
39021,138,0.0
39021,139,0.0
39021,140,0.0
39021,141,0.0
39021,142,0.0
39021,143,0.0
39021,144,0.0
39021,145,0.0
39021,146,0.0
39021,147,0.0
39021,148,0.0
39021,149,0.0
39021,150,0.0
39021,151,0.0
39021,152,0.0
39021,153,0.0
39021,154,0.0
39021,155,0.00027225798
39021,156,1.4626434e-05
39021,157,6.0861807e-06
39021,158,9.853269e-05
39021,159,0.00016859645
39021,160,0.0
39021,161,0.00012375876
39021,162,0.00019907331
39021,163,8.264706e-05
39021,164,0.00013530001
39021,165,0.00035814938
39021,166,0.0005058949
39021,167,0.0005500924
39021,168,0.00041868433
39021,169,0.0
39021,170,0.0
39021,171,0.0
39021,172,9.8257115e-05
39021,173,0.00030543198
39021,174,0.0005814374
39021,175,0.00057851104
39021,176,0.0005402741
39021,177,0.0004548859
39021,178,0.00016413713
39021,179,0.0
39021,180,0.0
39021,181,0.00029929096
39021,182,0.0
39021,183,0.0
39021,184,0.0
39021,185,0.0
39021,186,0.0
39021,187,0.0
39021,188,0.0
39021,189,0.0
39021,190,0.0
39021,191,0.0
39021,192,0.0
39021,193,0.00019246673
39021,194,0.00029096895
39021,195,0.00025015944
39021,196,0.0001566776
39021,197,0.00010063167
39021,198,4.4499834e-07
39021,199,0.0
39021,200,0.0
39021,201,0.0
39021,202,0.0
39021,203,3.5429744e-05
39021,204,0.0
39021,205,0.0
39021,206,0.0
39021,207,7.582734e-05
39021,208,7.103185e-06
39021,209,0.0
39021,210,0.0
39021,211,0.0
39021,212,0.0
39021,213,0.0
39021,214,0.00015578703
39021,215,0.00042193188
39041,73,0.07717514
39041,74,0.07262787
39041,75,0.06728403
39041,76,0.064241245
39041,77,0.06271359
39041,78,0.062002398
39041,79,0.059952673
39041,80,0.05742138
39041,81,0.055122107
39041,82,0.053181127
39041,83,0.050213333
39041,84,0.046847716
39041,85,0.043471895
39041,86,0.039044164
39041,87,0.03541724
39041,88,0.03296254
39041,89,0.030546224
39041,90,0.027433261
39041,91,0.024661897
39041,92,0.021453483
39041,93,0.018892808
39041,94,0.01605684
39041,95,0.014167019
39041,96,0.013081166
39041,97,0.012302112
39041,98,0.01147203
39041,99,0.010885655
39041,100,0.01071724
39041,101,0.010560479
39041,102,0.010271745
39041,103,0.009789602
39041,104,0.009582036
39041,105,0.009102692
39041,106,0.008242563
39041,107,0.007494922
39041,108,0.006975468
39041,109,0.0062277103
39041,110,0.0063424297
39041,111,0.006060768
39041,112,0.0059503224
39041,113,0.005089627
39041,114,0.0047547184
39041,115,0.003702055
39041,116,0.003036096
39041,117,0.0029391102
39041,118,0.0028174254
39041,119,0.0027836738
39041,120,0.002194933
39041,121,0.0018486249
39041,122,0.0025572416
39041,123,0.0035078407
39041,124,0.0019962103
39041,125,0.0015103215
39041,126,0.0024885922
39041,127,0.0031706693
39041,128,0.0026115081
39041,129,0.0030595418
39041,130,0.0031050723
39041,131,0.0028690277
39041,132,0.0026087125
39041,133,0.0020038234
39041,134,0.0019575774
39041,135,0.0024439385
39041,136,0.0017491775
39041,137,0.0014454868
39041,138,0.00093073986
39041,139,0.0007952091
39041,140,0.0004921389
39041,141,0.0008033971
39041,142,0.00051457045
39041,143,0.00095685624
39041,144,0.0006810293
39041,145,0.00017646766
39041,146,0.0
39041,147,2.3642431e-05
39041,148,0.0
39041,149,8.62885e-05
39041,150,0.00019748264
39041,151,0.00029038882
39041,152,0.0008004063
39041,153,0.0010501276
39041,154,0.0012424898
39041,155,0.0012122719
39041,156,0.0011818971
39041,157,0.0011046298
39041,158,0.0005283691
39041,159,0.0004481205
39041,160,0.0005483563
39041,161,0.0005333794
39041,162,0.00055924174
39041,163,0.0004424039
39041,164,0.00033951347
39041,165,0.00033524647
39041,166,0.0004902561
39041,167,0.00045833347
39041,168,0.00047647045
39041,169,0.00067106495
39041,170,0.00065465487
39041,171,0.00064384413
39041,172,0.00084864296
39041,173,0.0009855813
39041,174,0.0009122401
39041,175,0.00088369666
39041,176,0.0009427951
39041,177,0.0010131049
39041,178,0.0008749076
39041,179,0.00075450295
39041,180,0.0006700439
39041,181,0.00064600015
39041,182,0.0010105452
39041,183,0.00049372914
39041,184,0.00030882095
39041,185,0.00046887304
39041,186,0.00021063304
39041,187,4.388854e-05
39041,188,0.0
39041,189,0.0
39041,190,0.0
39041,191,0.0
39041,192,2.4220397e-05
39041,193,0.00017370204
39041,194,0.0001468255
39041,195,0.0001579462
39041,196,0.00015724356
39041,197,8.816123e-05
39041,198,5.9338458e-05
39041,199,4.7998874e-05
39041,200,0.00016050732
39041,201,0.00031323705
39041,202,0.00048931735
39041,203,0.00045745238
39041,204,0.00051469024
39041,205,0.0007059204
39041,206,0.0008401368
39041,207,0.00075014675
39041,208,0.00052310055
39041,209,0.0004504867
39041,210,6.619677e-05
39041,211,0.00024115661
39041,212,0.00031178058
39041,213,0.0012544688
39041,214,0.00083033205
39041,215,0.00019723848
39043,73,0.034070276
39043,74,0.03156436
39043,75,0.02939597
39043,76,0.027753789
39043,77,0.027146524
39043,78,0.026227545
39043,79,0.025603577
39043,80,0.024180958
39043,81,0.023252385
39043,82,0.021653788
39043,83,0.019988813
39043,84,0.018096766
39043,85,0.015994621
39043,86,0.014052483
39043,87,0.013006577
39043,88,0.011802617
39043,89,0.010664425
39043,90,0.00939976
39043,91,0.008519846
39043,92,0.007226595
39043,93,0.006294726
39043,94,0.0059502237
39043,95,0.005268548
39043,96,0.004865993
39043,97,0.0043500187
39043,98,0.0040620235
39043,99,0.003905479
39043,100,0.0038847995
39043,101,0.003958288
39043,102,0.0038858815
39043,103,0.0035395217
39043,104,0.0032767698
39043,105,0.0027960269
39043,106,0.0021359737
39043,107,0.0019595015
39043,108,0.0016962491
39043,109,0.0017772778
39043,110,0.0019356959
39043,111,0.0015987157
39043,112,0.0015567921
39043,113,0.0010380512
39043,114,0.0011707506
39043,115,0.0009108651
39043,116,0.0005286504
39043,117,0.00041741756
39043,118,0.0
39043,119,0.0
39043,120,0.0
39043,121,0.0
39043,122,0.0008526939
39043,123,0.0022000188
39043,124,0.0021916155
39043,125,0.0017235589
39043,126,0.0017121535
39043,127,0.002608531
39043,128,0.0017719875
39043,129,0.0016369937
39043,130,0.001525765
39043,131,0.0013089264
39043,132,0.0010447953
39043,133,0.0006642768
39043,134,0.0006255292
39043,135,0.00039149646
39043,136,0.0006402777
39043,137,0.00022743696
39043,138,0.00030768046
39043,139,0.00028462955
39043,140,0.0
39043,141,0.0
39043,142,0.0004312405
39043,143,0.00015099208
39043,144,0.0006441363
39043,145,9.726514e-05
39043,146,0.0
39043,147,0.0
39043,148,0.0
39043,149,0.0
39043,150,0.0
39043,151,0.0
39043,152,0.0
39043,153,0.00023759723
39043,154,0.00016959861
39043,155,0.0003234144
39043,156,0.00058194617
39043,157,0.0005359882
39043,158,0.0003221229
39043,159,0.00021938467
39043,160,0.00036889449
39043,161,0.00035730854
39043,162,0.00044339153
39043,163,0.00029996719
39043,164,0.00012627715
39043,165,0.00015700975
39043,166,0.00021453037
39043,167,0.0003285351
39043,168,0.00033049716
39043,169,0.0004037061
39043,170,0.0003484219
39043,171,0.0002213996
39043,172,0.00016322876
39043,173,0.000372082
39043,174,0.00061051245
39043,175,0.0007691564
39043,176,0.0008168476
39043,177,0.0009630916
39043,178,0.00092289486
39043,179,0.00085871876
39043,180,0.0007167227
39043,181,0.00045739266
39043,182,0.00038281645
39043,183,0.00030415005
39043,184,0.000293918
39043,185,0.00026366467
39043,186,7.955457e-05
39043,187,0.00010011539
39043,188,0.00026270916
39043,189,0.00024126157
39043,190,0.00033837373
39043,191,0.0004290449
39043,192,0.00036432358
39043,193,0.0002562303
39043,194,0.00021061017
39043,195,0.0002131004
39043,196,0.0002605227
39043,197,0.00025242442
39043,198,0.00038002405
39043,199,0.0003563015
39043,200,0.00026832128
39043,201,0.00051742926
39043,202,0.00041050717
39043,203,0.00025893375
39043,204,1.05199715e-05
39043,205,0.00022782852
39043,206,0.00018369526
39043,207,0.0005230463
39043,208,0.0005661938
39043,209,0.00045135256
39043,210,0.0
39043,211,0.0
39043,212,0.0
39043,213,0.00022676503
39043,214,0.0002557274
39043,215,0.00012365278
39047,73,0.01130545
39047,74,0.00890441
39047,75,0.008032738
39047,76,0.007236631
39047,77,0.0067076874
39047,78,0.005917839
39047,79,0.005892658
39047,80,0.0058842357
39047,81,0.004199303
39047,82,0.0040476024
39047,83,0.003727851
39047,84,0.0036229978
39047,85,0.003292574
39047,86,0.003208732
39047,87,0.003032018
39047,88,0.0028167227
39047,89,0.002845963
39047,90,0.0030296012
39047,91,0.0029614544
39047,92,0.002706498
39047,93,0.0023275658
39047,94,0.0018227185
39047,95,0.001268382
39047,96,0.0008782673
39047,97,0.00080278085
39047,98,0.0006769033
39047,99,0.00066598377
39047,100,0.00075311697
39047,101,0.0006340517
39047,102,0.0007746324
39047,103,0.0008709987
39047,104,0.0011431535
39047,105,0.0008807987
39047,106,0.0006731464
39047,107,0.00026963287
39047,108,5.2653402e-05
39047,109,0.00010018493
39047,110,0.00081591646
39047,111,0.0015063215
39047,112,0.0015199817
39047,113,0.0019852193
39047,114,0.0014863509
39047,115,0.0011059107
39047,116,0.0013942479
39047,117,0.0013115985
39047,118,0.001111792
39047,119,0.0012133307
39047,120,0.00066602806
39047,121,0.00069046475
39047,122,0.0007518129
39047,123,0.0007269142
39047,124,0.0009485316
39047,125,0.0017513627
39047,126,0.0020558925
39047,127,0.00134791
39047,128,0.0013697499
39047,129,0.0013108301
39047,130,0.0011871479
39047,131,0.00045946252
39047,132,0.00021340138
39047,133,0.00017007375
39047,134,0.0004081914
39047,135,0.0008312775
39047,136,0.0008221204
39047,137,0.00033026683
39047,138,0.0003779934
39047,139,0.00031605313
39047,140,0.000593065
39047,141,0.0002792468
39047,142,0.00039759517
39047,143,0.0
39047,144,0.0
39047,145,0.0
39047,146,0.0
39047,147,0.0
39047,148,8.6607186e-05
39047,149,0.0
39047,150,0.0
39047,151,0.00045191273
39047,152,0.0009663582
39047,153,0.0010875112
39047,154,0.0008989668
39047,155,0.00081535586
39047,156,0.00016342544
39047,157,0.0007041289
39047,158,0.00041933332
39047,159,0.0008361876
39047,160,0.0010592684
39047,161,0.0011186945
39047,162,0.0010262795
39047,163,0.0010354978
39047,164,0.0010282552
39047,165,0.0008627927
39047,166,0.00090362807
39047,167,0.0010694846
39047,168,0.00024391686
39047,169,0.0
39047,170,0.0003494284
39047,171,0.0008444315
39047,172,0.0010573893
39047,173,0.0013612692
39047,174,0.0016433622
39047,175,0.0018638067
39047,176,0.0020055198
39047,177,0.0021306104
39047,178,0.002194417
39047,179,0.0021346053
39047,180,0.0019545483
39047,181,0.0018190999
39047,182,0.0017060214
39047,183,0.0016116484
39047,184,0.0014968711
39047,185,0.0011259273
39047,186,0.0009828374
39047,187,0.0008483737
39047,188,0.0008869458
39047,189,0.00084281946
39047,190,0.0007972994
39047,191,0.0007199794
39047,192,0.00081444584
39047,193,0.0010541962
39047,194,0.0011445418
39047,195,0.0012860108
39047,196,0.0013539727
39047,197,0.0015164501
39047,198,0.0016712296
39047,199,0.0018566108
39047,200,0.0018189566
39047,201,0.002038104
39047,202,0.0017654763
39047,203,0.0015753043
39047,204,0.0015617203
39047,205,0.001369753
39047,206,0.0012639989
39047,207,0.001199046
39047,208,0.0011814538
39047,209,0.0008830341
39047,210,0.00054385694
39047,211,0.0011857566
39047,212,0.0015766647
39047,213,0.0014273525
39047,214,0.0012808018
39047,215,0.0012973313
39057,73,0.031036265
39057,74,0.025052395
39057,75,0.022118576
39057,76,0.021364288
39057,77,0.020800801
39057,78,0.020423286
39057,79,0.019701088
39057,80,0.01921156
39057,81,0.016499454
39057,82,0.015548493
39057,83,0.0140341865
39057,84,0.012583202
39057,85,0.011274811
39057,86,0.01020782
39057,87,0.009144778
39057,88,0.008062465
39057,89,0.0075720595
39057,90,0.0072029065
39057,91,0.0066070873
39057,92,0.005868195
39057,93,0.0050645573
39057,94,0.004266134
39057,95,0.0036433924
39057,96,0.003096529
39057,97,0.0030524633
39057,98,0.0027715699
39057,99,0.0026452627
39057,100,0.0025652617
39057,101,0.0024314309
39057,102,0.0024437888
39057,103,0.002638786
39057,104,0.002790644
39057,105,0.0026319758
39057,106,0.0022978305
39057,107,0.0021432864
39057,108,0.0021277866
39057,109,0.0022718478
39057,110,0.003020539
39057,111,0.0030441948
39057,112,0.0025563654
39057,113,0.0025429996
39057,114,0.0018882183
39057,115,0.0019076447
39057,116,0.0011851838
39057,117,0.0011661146
39057,118,0.00073757186
39057,119,0.0004463273
39057,120,0.00027422543
39057,121,0.00023399637
39057,122,0.001225661
39057,123,0.00034160735
39057,124,0.0
39057,125,0.0005306091
39057,126,0.0007016524
39057,127,0.00086195505
39057,128,0.0010152966
39057,129,0.0011311019
39057,130,0.00079851056
39057,131,0.00041808572
39057,132,0.0
39057,133,0.0
39057,134,0.0
39057,135,0.0
39057,136,0.0
39057,137,0.0
39057,138,0.0
39057,139,0.0
39057,140,0.0
39057,141,0.0
39057,142,0.0
39057,143,0.0
39057,144,0.0
39057,145,0.0
39057,146,0.0
39057,147,0.0
39057,148,0.0
39057,149,0.0
39057,150,0.0
39057,151,0.0
39057,152,0.0
39057,153,0.0
39057,154,0.0
39057,155,0.0
39057,156,5.171741e-05
39057,157,0.00014496788
39057,158,0.0
39057,159,0.0
39057,160,0.0
39057,161,0.0
39057,162,0.0
39057,163,0.0
39057,164,0.0
39057,165,0.0
39057,166,0.0
39057,167,0.0
39057,168,9.511064e-05
39057,169,0.0
39057,170,0.0
39057,171,0.0
39057,172,0.0
39057,173,0.0001258343
39057,174,0.00018394893
39057,175,0.00033992485
39057,176,0.00047023382
39057,177,0.00049818086
39057,178,0.00037111732
39057,179,0.00012846565
39057,180,0.0
39057,181,0.00027084624
39057,182,0.0
39057,183,0.0
39057,184,0.0
39057,185,0.0
39057,186,0.0
39057,187,0.0
39057,188,0.0
39057,189,0.0
39057,190,0.0
39057,191,0.0
39057,192,0.0
39057,193,0.0
39057,194,0.0
39057,195,4.7367314e-05
39057,196,5.1718504e-05
39057,197,0.00013714675
39057,198,0.00019636736
39057,199,0.00015088891
39057,200,0.00018569523
39057,201,0.0005532384
39057,202,0.00062081707
39057,203,0.00029755794
39057,204,0.00014915715
39057,205,9.4216615e-05
39057,206,0.00015157869
39057,207,0.0003778189
39057,208,0.0002117928
39057,209,0.0
39057,210,0.0
39057,211,0.0
39057,212,0.0
39057,213,0.00020806113
39057,214,0.00023611746
39057,215,0.0
39067,73,0.23317179
39067,74,0.24042647
39067,75,0.24003874
39067,76,0.23792745
39067,77,0.2360856
39067,78,0.23342766
39067,79,0.22965758
39067,80,0.22431017
39067,81,0.21767999
39067,82,0.21059236
39067,83,0.20310143
39067,84,0.19533513
39067,85,0.18692996
39067,86,0.17947188
39067,87,0.17090675
39067,88,0.16144186
39067,89,0.15133454
39067,90,0.13861646
39067,91,0.12783855
39067,92,0.115838595
39067,93,0.106893994
39067,94,0.09990277
39067,95,0.0943682
39067,96,0.09026425
39067,97,0.087249115
39067,98,0.08564708
39067,99,0.08528331
39067,100,0.08425277
39067,101,0.08280056
39067,102,0.081251934
39067,103,0.07928686
39067,104,0.076366924
39067,105,0.07263631
39067,106,0.07012403
39067,107,0.06724283
39067,108,0.06338625
39067,109,0.05975258
39067,110,0.054881457
39067,111,0.049452234
39067,112,0.04477425
39067,113,0.042536207
39067,114,0.040802903
39067,115,0.038385592
39067,116,0.036801957
39067,117,0.03420013
39067,118,0.0319286
39067,119,0.03006424
39067,120,0.02903598
39067,121,0.02711981
39067,122,0.025211155
39067,123,0.023956722
39067,124,0.022718005
39067,125,0.023375895
39067,126,0.02449074
39067,127,0.025534227
39067,128,0.026295416
39067,129,0.026972372
39067,130,0.025593748
39067,131,0.02365848
39067,132,0.020170541
39067,133,0.016575381
39067,134,0.0140015995
39067,135,0.011271823
39067,136,0.010236292
39067,137,0.009767404
39067,138,0.0076930593
39067,139,0.006715521
39067,140,0.005917189
39067,141,0.0038374981
39067,142,0.0040032375
39067,143,0.0029845086
39067,144,0.0032787458
39067,145,0.0025602751
39067,146,0.0016935038
39067,147,0.0024446761
39067,148,0.0031495672
39067,149,0.003839977
39067,150,0.004471874
39067,151,0.0060999678
39067,152,0.0057457197
39067,153,0.0078018755
39067,154,0.0056392048
39067,155,0.0056886226
39067,156,0.0049274694
39067,157,0.003512558
39067,158,0.0035046258
39067,159,0.0030557117
39067,160,0.0023482866
39067,161,0.0020709853
39067,162,0.0019549995
39067,163,0.0017648281
39067,164,0.001180687
39067,165,0.0014455597
39067,166,0.0012023061
39067,167,0.0014374824
39067,168,0.0011952529
39067,169,0.0010822758
39067,170,0.0011263877
39067,171,0.00093856535
39067,172,0.0011324235
39067,173,0.0013896865
39067,174,0.0017121007
39067,175,0.0017349545
39067,176,0.0018539774
39067,177,0.001999453
39067,178,0.0025053842
39067,179,0.002065882
39067,180,0.0016576085
39067,181,0.0017446297
39067,182,0.0017728735
39067,183,0.0013038733
39067,184,0.0008758666
39067,185,0.0005830801
39067,186,0.00030037956
39067,187,0.0
39067,188,0.0
39067,189,0.0
39067,190,0.0
39067,191,0.0
39067,192,0.0
39067,193,0.0
39067,194,0.0
39067,195,0.0
39067,196,0.0
39067,197,0.00013859471
39067,198,0.00030182957
39067,199,0.00030628682
39067,200,0.00066816213
39067,201,0.0008415631
39067,202,0.0009857125
39067,203,0.00077311986
39067,204,0.00061740295
39067,205,0.00060453464
39067,206,0.0004513854
39067,207,0.0
39067,208,0.0
39067,209,0.0
39067,210,0.0
39067,211,0.0
39067,212,0.00061563036
39067,213,0.0
39067,214,0.0
39067,215,0.0
39071,73,0.0
39071,74,0.0
39071,75,0.0
39071,76,0.0
39071,77,0.0
39071,78,0.0
39071,79,0.0
39071,80,0.0
39071,81,0.0
39071,82,0.00028988742
39071,83,7.309859e-05
39071,84,0.00016161894
39071,85,0.0004130155
39071,86,0.0006002475
39071,87,0.00046449844
39071,88,0.00041682695
39071,89,0.00051713514
39071,90,0.0008231277
39071,91,0.0009437498
39071,92,0.00080100785
39071,93,0.00064775837
39071,94,0.00019681707
39071,95,0.0
39071,96,0.0
39071,97,0.0
39071,98,0.000108381806
39071,99,0.00012921443
39071,100,0.00024091384
39071,101,0.0004012935
39071,102,0.0005713913
39071,103,0.0006897495
39071,104,0.0008331289
39071,105,0.00052502874
39071,106,0.0004959111
39071,107,0.00015940497
39071,108,0.00015495061
39071,109,0.0010549885
39071,110,0.0022225683
39071,111,0.0034201709
39071,112,0.0028074402
39071,113,0.0027010785
39071,114,0.0020585365
39071,115,0.001473661
39071,116,0.0016135217
39071,117,0.0014353539
39071,118,0.0012097782
39071,119,0.0011310208
39071,120,0.00060660945
39071,121,0.00077187276
39071,122,0.0011597832
39071,123,0.00094900274
39071,124,0.00073757925
39071,125,0.0012022189
39071,126,0.0017743484
39071,127,0.001393786
39071,128,0.0015201867
39071,129,0.0008644099
39071,130,0.00074075913
39071,131,0.0
39071,132,0.0
39071,133,0.0
39071,134,0.00037951645
39071,135,0.0007359537
39071,136,0.0004943981
39071,137,5.035763e-05
39071,138,0.00015216609
39071,139,0.0
39071,140,0.0
39071,141,3.1107964e-05
39071,142,0.00023122206
39071,143,0.0
39071,144,0.0
39071,145,0.00017292434
39071,146,0.00037640732
39071,147,0.00062378106
39071,148,0.0010800872
39071,149,0.0011155584
39071,150,0.0013183429
39071,151,0.0020944492
39071,152,0.0024211
39071,153,0.0022083586
39071,154,0.0022094173
39071,155,0.0019494103
39071,156,0.0013338034
39071,157,0.0010599449
39071,158,0.0008116659
39071,159,0.0006593596
39071,160,0.0008086483
39071,161,0.0010912386
39071,162,0.0014394063
39071,163,0.0016633298
39071,164,0.0018714247
39071,165,0.0019707477
39071,166,0.0020996148
39071,167,0.0019430214
39071,168,0.0019906329
39071,169,0.0015094173
39071,170,0.0014228019
39071,171,0.0015696926
39071,172,0.0019759815
39071,173,0.0023380788
39071,174,0.002609118
39071,175,0.0028477618
39071,176,0.0029769966
39071,177,0.002950317
39071,178,0.0027922976
39071,179,0.0025487863
39071,180,0.0021791987
39071,181,0.0018640892
39071,182,0.0017901993
39071,183,0.0013973094
39071,184,0.001179516
39071,185,0.0008756081
39071,186,0.0007229068
39071,187,0.00071839726
39071,188,0.00070730277
39071,189,0.0007778069
39071,190,0.00085053506
39071,191,0.0010144218
39071,192,0.00094463286
39071,193,0.0011965134
39071,194,0.0013221876
39071,195,0.0013123621
39071,196,0.0014096594
39071,197,0.0015595335
39071,198,0.0016696728
39071,199,0.0016822183
39071,200,0.0016169782
39071,201,0.0016719133
39071,202,0.0014828559
39071,203,0.0014096982
39071,204,0.0013426624
39071,205,0.001214996
39071,206,0.0011520161
39071,207,0.0010031018
39071,208,0.0008799181
39071,209,0.00065783656
39071,210,0.0003884323
39071,211,0.0012874661
39071,212,0.0012095982
39071,213,0.0011837101
39071,214,0.001239723
39071,215,0.00097580155
39079,73,0.008142724
39079,74,0.005670201
39079,75,0.004518574
39079,76,0.003860817
39079,77,0.003752786
39079,78,0.0034128127
39079,79,0.0030736746
39079,80,0.0037699174
39079,81,0.004592136
39079,82,0.0043953843
39079,83,0.0045092986
39079,84,0.004246843
39079,85,0.003487722
39079,86,0.0035549924
39079,87,0.0027301353
39079,88,0.0020232014
39079,89,0.0015100186
39079,90,0.0013243514
39079,91,0.0013628632
39079,92,0.0010699105
39079,93,0.00088247977
39079,94,0.00058834703
39079,95,0.000257598
39079,96,6.6134686e-05
39079,97,0.00013957148
39079,98,0.00020915603
39079,99,0.00013823227
39079,100,0.0003397659
39079,101,0.00064703525
39079,102,0.0010249601
39079,103,0.00112001
39079,104,0.001105661
39079,105,0.00095064635
39079,106,0.0010793583
39079,107,0.0012220672
39079,108,0.0014051612
39079,109,0.0014285444
39079,110,0.0015756221
39079,111,0.0016215921
39079,112,0.0018940775
39079,113,0.0015321677
39079,114,0.0017051209
39079,115,0.0014785544
39079,116,0.0011153603
39079,117,0.00093709765
39079,118,0.0012498228
39079,119,0.0015019678
39079,120,0.0012652362
39079,121,0.0010264092
39079,122,0.00064568216
39079,123,0.0011686322
39079,124,0.0016938801
39079,125,0.0013974999
39079,126,0.0012393076
39079,127,0.0017357564
39079,128,0.0022160118
39079,129,0.00202272
39079,130,0.0021792443
39079,131,0.0014872111
39079,132,0.0008814933
39079,133,0.00024089425
39079,134,0.00029852733
39079,135,0.00081275054
39079,136,0.0011300808
39079,137,0.0019461833
39079,138,0.0023979999
39079,139,0.0031807339
39079,140,0.0031099904
39079,141,0.0025986466
39079,142,0.0017685591
39079,143,0.0014249805
39079,144,0.0009731996
39079,145,0.0009463618
39079,146,0.00049040216
39079,147,0.00095433363
39079,148,0.0006008549
39079,149,0.00046239013
39079,150,0.00088346057
39079,151,0.0013756085
39079,152,0.0012541616
39079,153,0.0011651576
39079,154,0.0015367608
39079,155,0.0012157795
39079,156,0.0012616765
39079,157,0.0007796903
39079,158,0.00027923935
39079,159,0.0
39079,160,0.0
39079,161,0.0
39079,162,0.0
39079,163,0.0
39079,164,0.0
39079,165,0.0
39079,166,2.0072212e-05
39079,167,0.00036516812
39079,168,0.0006764802
39079,169,0.00045755116
39079,170,0.00087919214
39079,171,0.0010789115
39079,172,0.0013539137
39079,173,0.001389944
39079,174,0.0014526371
39079,175,0.0016066148
39079,176,0.0020692865
39079,177,0.0022159915
39079,178,0.0022637765
39079,179,0.0019096504
39079,180,0.0016194996
39079,181,0.00095203007
39079,182,0.0006502005
39079,183,0.0005357626
39079,184,0.0005121419
39079,185,0.0002496668
39079,186,6.766146e-05
39079,187,0.0
39079,188,8.598332e-05
39079,189,0.00032392467
39079,190,0.0
39079,191,0.0
39079,192,0.0
39079,193,0.0
39079,194,0.0
39079,195,0.00016331568
39079,196,0.00040926662
39079,197,0.0005752839
39079,198,0.0007865788
39079,199,0.0009325698
39079,200,0.0009421733
39079,201,0.001012221
39079,202,0.0010990638
39079,203,0.001027362
39079,204,0.0009135058
39079,205,0.0005968858
39079,206,0.00013863221
39079,207,8.797596e-06
39079,208,0.00021316325
39079,209,0.00016889459
39079,210,8.949016e-05
39079,211,0.00011250054
39079,212,0.0004645994
39079,213,0.00089687685
39079,214,0.0006486659
39079,215,3.0546536e-05
39083,73,0.22300929
39083,74,0.22964746
39083,75,0.22968866
39083,76,0.22969612
39083,77,0.22963366
39083,78,0.22835541
39083,79,0.2258051
39083,80,0.22140108
39083,81,0.21635912
39083,82,0.2104946
39083,83,0.20457879
39083,84,0.19883242
39083,85,0.19213323
39083,86,0.18583636
39083,87,0.17826597
39083,88,0.17148957
39083,89,0.16420694
39083,90,0.15162025
39083,91,0.13898933
39083,92,0.12658383
39083,93,0.11658722
39083,94,0.10758067
39083,95,0.10133938
39083,96,0.097803414
39083,97,0.09526676
39083,98,0.092373244
39083,99,0.09120542
39083,100,0.09090237
39083,101,0.090669826
39083,102,0.090369426
39083,103,0.08900287
39083,104,0.08620934
39083,105,0.08163674
39083,106,0.0759893
39083,107,0.07090724
39083,108,0.06527149
39083,109,0.060312368
39083,110,0.056610197
39083,111,0.05281918
39083,112,0.050124984
39083,113,0.0459763
39083,114,0.041259255
39083,115,0.037561037
39083,116,0.033439144
39083,117,0.03273272
39083,118,0.031130193
39083,119,0.029511757
39083,120,0.027941234
39083,121,0.026748927
39083,122,0.026314609
39083,123,0.026589757
39083,124,0.027922032
39083,125,0.027051533
39083,126,0.028858807
39083,127,0.030087555
39083,128,0.029548986
39083,129,0.026798496
39083,130,0.024359815
39083,131,0.022188108
39083,132,0.021051634
39083,133,0.017654736
39083,134,0.0155822
39083,135,0.014853725
39083,136,0.013002898
39083,137,0.010546927
39083,138,0.009064529
39083,139,0.0066109127
39083,140,0.0065107625
39083,141,0.006546393
39083,142,0.005354132
39083,143,0.0047500385
39083,144,0.004124225
39083,145,0.0038779147
39083,146,0.0030984965
39083,147,0.003131953
39083,148,0.003376585
39083,149,0.003438549
39083,150,0.0032684037
39083,151,0.0031965605
39083,152,0.0034168728
39083,153,0.0037078431
39083,154,0.0032557186
39083,155,0.0029995975
39083,156,0.002633179
39083,157,0.002293761
39083,158,0.0018670486
39083,159,0.0019895828
39083,160,0.0013345556
39083,161,0.00074668037
39083,162,0.00083565095
39083,163,0.000943019
39083,164,0.0008583907
39083,165,0.00087463437
39083,166,0.0010338026
39083,167,0.001344751
39083,168,0.0014879181
39083,169,0.0013986542
39083,170,0.0012199804
39083,171,0.0012526767
39083,172,0.0011235774
39083,173,0.0009424106
39083,174,0.00091229676
39083,175,0.00082888856
39083,176,0.0006681875
39083,177,0.0007144998
39083,178,0.0006415733
39083,179,0.00054414955
39083,180,0.0005395442
39083,181,0.00039474203
39083,182,0.0002261361
39083,183,0.00024595862
39083,184,0.00013898745
39083,185,0.00011723255
39083,186,0.0
39083,187,0.0
39083,188,0.0
39083,189,0.0
39083,190,0.0
39083,191,0.0
39083,192,0.0
39083,193,0.0
39083,194,0.0
39083,195,0.0
39083,196,0.0
39083,197,0.0
39083,198,0.0
39083,199,0.0
39083,200,0.0
39083,201,0.0
39083,202,0.0
39083,203,0.0
39083,204,0.0
39083,205,0.0
39083,206,0.0
39083,207,0.0
39083,208,0.0
39083,209,0.0
39083,210,0.0
39083,211,0.0
39083,212,0.0
39083,213,0.0
39083,214,0.0
39083,215,0.0
42001,73,0.0010124493
42001,74,0.0029636086
42001,75,0.004494213
42001,76,0.004818689
42001,77,0.0041279513
42001,78,0.0033665362
42001,79,0.0040306686
42001,80,0.00476356
42001,81,0.0053086416
42001,82,0.005522545
42001,83,0.00518432
42001,84,0.004678825
42001,85,0.0042906404
42001,86,0.0036869159
42001,87,0.002974671
42001,88,0.0022944422
42001,89,0.0017837943
42001,90,0.0013154506
42001,91,0.000967928
42001,92,0.0013523342
42001,93,0.0014300607
42001,94,0.0010047008
42001,95,0.00095669815
42001,96,0.0007694962
42001,97,0.00086423405
42001,98,0.0006616039
42001,99,0.00074546755
42001,100,0.00075308065
42001,101,0.0007104949
42001,102,0.0009016034
42001,103,0.0012369555
42001,104,0.0007901421
42001,105,0.0008646963
42001,106,0.0010510678
42001,107,0.0011411652
42001,108,0.000964007
42001,109,0.0006220625
42001,110,0.00037882183
42001,111,0.0
42001,112,0.0
42001,113,0.0
42001,114,0.00026071808
42001,115,0.00044661493
42001,116,0.0006531993
42001,117,0.00113583
42001,118,0.0013599565
42001,119,0.0010051981
42001,120,0.0014028518
42001,121,0.002102023
42001,122,0.002350278
42001,123,0.0008341835
42001,124,0.0007901208
42001,125,0.0
42001,126,0.0
42001,127,0.0
42001,128,0.0
42001,129,0.0
42001,130,0.00014918044
42001,131,0.000227691
42001,132,0.00049949245
42001,133,0.0005416486
42001,134,0.0
42001,135,0.0
42001,136,0.0
42001,137,0.0
42001,138,0.0
42001,139,0.0015574937
42001,140,0.0044787466
42001,141,0.0057644383
42001,142,0.0068325694
42001,143,0.0084237335
42001,144,0.007761413
42001,145,0.006120544
42001,146,0.005922494
42001,147,0.005846767
42001,148,0.0065128882
42001,149,0.0066138236
42001,150,0.0062815277
42001,151,0.006440431
42001,152,0.0056550335
42001,153,0.004834384
42001,154,0.0046465066
42001,155,0.0041377703
42001,156,0.004138403
42001,157,0.0033697328
42001,158,0.0035305407
42001,159,0.0034485757
42001,160,0.003267108
42001,161,0.0032092305
42001,162,0.0031179776
42001,163,0.0029008808
42001,164,0.0019776048
42001,165,0.0021271007
42001,166,0.002237116
42001,167,0.0024677608
42001,168,0.002566686
42001,169,0.0027237234
42001,170,0.0029366242
42001,171,0.0027330755
42001,172,0.0031323514
42001,173,0.0032666014
42001,174,0.0030572691
42001,175,0.002670953
42001,176,0.003210802
42001,177,0.003863945
42001,178,0.0040455866
42001,179,0.0030724844
42001,180,0.003276259
42001,181,0.0031047931
42001,182,0.0027290413
42001,183,0.0027914178
42001,184,0.0027053424
42001,185,0.0026897273
42001,186,0.0019368434
42001,187,0.0015394555
42001,188,0.0016787573
42001,189,0.001755187
42001,190,0.0022364166
42001,191,0.0017718195
42001,192,0.0022811978
42001,193,0.002039998
42001,194,0.0022219222
42001,195,0.002559601
42001,196,0.0025977618
42001,197,0.0027260513
42001,198,0.0025479784
42001,199,0.0022254628
42001,200,0.0022623714
42001,201,0.0022886898
42001,202,0.0018466418
42001,203,0.001715426
42001,204,0.0013513736
42001,205,0.0012177465
42001,206,0.0012984973
42001,207,0.0015516762
42001,208,0.0014774299
42001,209,0.0012420582
42001,210,0.0014196188
42001,211,0.0016818296
42001,212,0.0021333601
42001,213,0.0023674606
42001,214,0.002387576
42001,215,0.0023874855
42003,73,0.13090336
42003,74,0.12040097
42003,75,0.1189561
42003,76,0.11848119
42003,77,0.1167141
42003,78,0.113015965
42003,79,0.11072486
42003,80,0.10615208
42003,81,0.10059871
42003,82,0.094568245
42003,83,0.08950711
42003,84,0.084749624
42003,85,0.080022365
42003,86,0.0743393
42003,87,0.06873993
42003,88,0.06365202
42003,89,0.058675226
42003,90,0.05348442
42003,91,0.046423133
42003,92,0.040629353
42003,93,0.03686757
42003,94,0.033282403
42003,95,0.030773725
42003,96,0.028916275
42003,97,0.027273033
42003,98,0.025872067
42003,99,0.02493776
42003,100,0.024282547
42003,101,0.02346921
42003,102,0.022347178
42003,103,0.022225445
42003,104,0.021558356
42003,105,0.020840075
42003,106,0.02018584
42003,107,0.019792156
42003,108,0.019031629
42003,109,0.018462518
42003,110,0.01806095
42003,111,0.01813095
42003,112,0.018497217
42003,113,0.019025983
42003,114,0.018522076
42003,115,0.017326558
42003,116,0.016435636
42003,117,0.015285123
42003,118,0.01475102
42003,119,0.014030251
42003,120,0.013933521
42003,121,0.0139850285
42003,122,0.013411255
42003,123,0.01227267
42003,124,0.011452022
42003,125,0.011031551
42003,126,0.010546898
42003,127,0.011760677
42003,128,0.01177116
42003,129,0.010895005
42003,130,0.009367882
42003,131,0.009280297
42003,132,0.008509529
42003,133,0.00796383
42003,134,0.006867843
42003,135,0.0066811256
42003,136,0.0057633356
42003,137,0.0063770716
42003,138,0.0036173854
42003,139,0.001162906
42003,140,0.0018375474
42003,141,0.0007422209
42003,142,0.0
42003,143,0.0
42003,144,0.00084568025
42003,145,0.0013976644
42003,146,0.001363783
42003,147,0.0012069455
42003,148,0.0015541838
42003,149,0.0018070888
42003,150,0.0019198726
42003,151,0.0036629639
42003,152,0.0013267664
42003,153,0.0015583229
42003,154,0.0014159401
42003,155,0.0013949485
42003,156,0.0018206877
42003,157,0.0012604418
42003,158,0.001046369
42003,159,0.0010318399
42003,160,0.0024977918
42003,161,0.0008705624
42003,162,0.00051232154
42003,163,0.0008196195
42003,164,0.0007193644
42003,165,0.00084633887
42003,166,0.00064288534
42003,167,0.00092117843
42003,168,0.0011825039
42003,169,0.0015982252
42003,170,0.0014099629
42003,171,0.0013454859
42003,172,0.0013039471
42003,173,0.0016157206
42003,174,0.001209631
42003,175,0.0010733377
42003,176,0.0014087333
42003,177,0.0016231644
42003,178,0.0021849836
42003,179,0.0015272725
42003,180,0.0014459713
42003,181,0.0013709402
42003,182,0.001150345
42003,183,0.0010271606
42003,184,0.0009998649
42003,185,0.0010647187
42003,186,0.0009835663
42003,187,0.0008585712
42003,188,0.0009826652
42003,189,0.0005323993
42003,190,0.00064492144
42003,191,0.00070081436
42003,192,0.00075799203
42003,193,0.00080859027
42003,194,0.0010514754
42003,195,0.0010732993
42003,196,0.000824039
42003,197,0.0007023007
42003,198,0.0005120878
42003,199,0.00047076086
42003,200,0.00048056303
42003,201,0.00053750596
42003,202,0.00046610355
42003,203,3.5377194e-05
42003,204,0.00062875287
42003,205,0.00057292206
42003,206,0.00063435116
42003,207,0.00029771184
42003,208,8.4682455e-05
42003,209,0.00077925064
42003,210,0.001103428
42003,211,0.0007440495
42003,212,9.231453e-05
42003,213,0.0006984961
42003,214,0.0012538641
42003,215,0.0013551052
42011,73,0.0
42011,74,0.0007672187
42011,75,0.0011545487
42011,76,0.0015686639
42011,77,0.0013849974
42011,78,0.0004239692
42011,79,0.0
42011,80,0.0
42011,81,0.0
42011,82,0.0
42011,83,0.0
42011,84,0.000267858
42011,85,7.1911018e-06
42011,86,0.00039572973
42011,87,0.0
42011,88,0.00035203318
42011,89,0.0
42011,90,0.0003037083
42011,91,0.00069409574
42011,92,0.0009194028
42011,93,0.0005845333
42011,94,0.0011186674
42011,95,0.0012356075
42011,96,0.0014138486
42011,97,0.0014777083
42011,98,0.0014908105
42011,99,0.0012547344
42011,100,0.0010411763
42011,101,0.0008487198
42011,102,0.00083664426
42011,103,0.00095909426
42011,104,0.00081769173
42011,105,0.00042529387
42011,106,0.00040192646
42011,107,0.00023945997
42011,108,0.0002250304
42011,109,0.00046532392
42011,110,0.0006873107
42011,111,0.00064325036
42011,112,0.00072543207
42011,113,0.0009680128
42011,114,0.0012995447
42011,115,0.001532258
42011,116,0.001425628
42011,117,0.0015659623
42011,118,0.001593455
42011,119,0.001865065
42011,120,0.0017698695
42011,121,0.0019662327
42011,122,0.0019438548
42011,123,0.0014261224
42011,124,0.00141114
42011,125,0.0012625165
42011,126,0.00103727
42011,127,0.0009188668
42011,128,0.00081106427
42011,129,0.00066694175
42011,130,0.0
42011,131,0.0
42011,132,5.8810415e-06
42011,133,0.00083677075
42011,134,0.0017114569
42011,135,0.0025784778
42011,136,0.0027722574
42011,137,0.0028258562
42011,138,0.0029442573
42011,139,0.0027396348
42011,140,0.003438753
42011,141,0.005512642
42011,142,0.008645342
42011,143,0.0101222405
42011,144,0.009971497
42011,145,0.010308075
42011,146,0.0102238655
42011,147,0.009723921
42011,148,0.010231696
42011,149,0.0101313535
42011,150,0.010095145
42011,151,0.008973473
42011,152,0.00874913
42011,153,0.007835735
42011,154,0.007115213
42011,155,0.0065728636
42011,156,0.0058568213
42011,157,0.005201357
42011,158,0.004215505
42011,159,0.0034260259
42011,160,0.0033172844
42011,161,0.0030731896
42011,162,0.0028477653
42011,163,0.0031940443
42011,164,0.0029874137
42011,165,0.002997297
42011,166,0.0027870578
42011,167,0.0028464908
42011,168,0.0030899963
42011,169,0.0029289315
42011,170,0.0026548388
42011,171,0.0025760187
42011,172,0.0025165498
42011,173,0.0022492153
42011,174,0.0023280662
42011,175,0.0019947921
42011,176,0.0031384537
42011,177,0.0021267543
42011,178,0.0031958022
42011,179,0.0023382811
42011,180,0.00231896
42011,181,0.0025109723
42011,182,0.0026620761
42011,183,0.0022287727
42011,184,0.0022981616
42011,185,0.002083543
42011,186,0.002016578
42011,187,0.0020399205
42011,188,0.0021196287
42011,189,0.0022203673
42011,190,0.0020494852
42011,191,0.0015670132
42011,192,0.0017325212
42011,193,0.0018244315
42011,194,0.001819789
42011,195,0.0019577702
42011,196,0.0017872148
42011,197,0.0016959268
42011,198,0.0016897761
42011,199,0.0017657821
42011,200,0.001813037
42011,201,0.0019305886
42011,202,0.0018596201
42011,203,0.001656497
42011,204,0.0015452098
42011,205,0.0013054064
42011,206,0.0010737691
42011,207,0.0011108496
42011,208,0.0012515987
42011,209,0.001264372
42011,210,0.0011876695
42011,211,0.0021044011
42011,212,0.002885658
42011,213,0.002916386
42011,214,0.002604887
42011,215,0.0023500735
42017,73,0.0
42017,74,0.0015121816
42017,75,0.0016392167
42017,76,0.0020049233
42017,77,0.001552849
42017,78,0.0012854856
42017,79,0.0005599998
42017,80,0.0
42017,81,0.0
42017,82,4.6544472e-05
42017,83,0.00014846474
42017,84,0.00030222634
42017,85,0.00015109102
42017,86,0.00044116567
42017,87,7.903795e-05
42017,88,0.000203898
42017,89,0.00021423624
42017,90,0.0006779051
42017,91,0.000784809
42017,92,0.0010276547
42017,93,0.0011164971
42017,94,0.0010982541
42017,95,0.00039627266
42017,96,0.00036516905
42017,97,0.00057172077
42017,98,0.0009153226
42017,99,0.00084469817
42017,100,0.0007820243
42017,101,0.00069067144
42017,102,0.0007142589
42017,103,0.0008294151
42017,104,0.0010072367
42017,105,0.0008333067
42017,106,0.00039524157
42017,107,0.0002085705
42017,108,0.00041754465
42017,109,0.0006177757
42017,110,0.00071598054
42017,111,0.00050554075
42017,112,0.0006365146
42017,113,0.0005359572
42017,114,0.0005887205
42017,115,0.00066723727
42017,116,0.00078916823
42017,117,0.00079425046
42017,118,0.00038490613
42017,119,0.00054535765
42017,120,0.0007085807
42017,121,0.0010857969
42017,122,0.0013058559
42017,123,0.0016081652
42017,124,0.0013173154
42017,125,0.0013804315
42017,126,0.0012203247
42017,127,0.0010463921
42017,128,0.0010924474
42017,129,0.0012726337
42017,130,0.0013045205
42017,131,0.0012115516
42017,132,0.00094242
42017,133,0.00085388427
42017,134,0.0015620601
42017,135,0.0022631579
42017,136,0.0016143221
42017,137,0.0011465116
42017,138,0.0017547293
42017,139,0.0021829398
42017,140,0.0025147318
42017,141,0.0038525215
42017,142,0.006712079
42017,143,0.012523309
42017,144,0.01606646
42017,145,0.015395213
42017,146,0.01563878
42017,147,0.015736766
42017,148,0.015114149
42017,149,0.014472641
42017,150,0.013718259
42017,151,0.013197013
42017,152,0.012255642
42017,153,0.011381619
42017,154,0.010199005
42017,155,0.009287971
42017,156,0.008345205
42017,157,0.0076345205
42017,158,0.006797344
42017,159,0.0059027583
42017,160,0.0055210786
42017,161,0.005312398
42017,162,0.0048659453
42017,163,0.0046130116
42017,164,0.004425125
42017,165,0.0042530247
42017,166,0.0040791393
42017,167,0.0035229793
42017,168,0.003433368
42017,169,0.003219358
42017,170,0.0032027706
42017,171,0.0035405136
42017,172,0.0033618864
42017,173,0.0034375193
42017,174,0.0029254898
42017,175,0.003384874
42017,176,0.0034456698
42017,177,0.0031641677
42017,178,0.0032757737
42017,179,0.0036390552
42017,180,0.0028114608
42017,181,0.0029591024
42017,182,0.0030316552
42017,183,0.002724408
42017,184,0.002387042
42017,185,0.00218934
42017,186,0.0020645908
42017,187,0.0018540662
42017,188,0.0020197676
42017,189,0.0022174558
42017,190,0.0023164107
42017,191,0.002291818
42017,192,0.001992013
42017,193,0.0018788028
42017,194,0.0018075609
42017,195,0.001948613
42017,196,0.0018476957
42017,197,0.0018258627
42017,198,0.0019818062
42017,199,0.002036491
42017,200,0.0021571564
42017,201,0.0024060977
42017,202,0.0022921725
42017,203,0.0021500185
42017,204,0.0021124
42017,205,0.0021020374
42017,206,0.0018703128
42017,207,0.0018874728
42017,208,0.001999311
42017,209,0.0020304865
42017,210,0.0019524837
42017,211,0.0024239167
42017,212,0.003139124
42017,213,0.0031615754
42017,214,0.002799897
42017,215,0.0023799534
42037,73,0.0
42037,74,0.0
42037,75,0.00034232988
42037,76,0.0010173154
42037,77,0.0021845626
42037,78,0.0037706771
42037,79,0.004126162
42037,80,0.0052999086
42037,81,0.0053719776
42037,82,0.004463271
42037,83,0.0041740453
42037,84,0.0041075586
42037,85,0.0034524798
42037,86,0.0027543893
42037,87,0.0014145474
42037,88,0.0008521881
42037,89,0.00048594535
42037,90,0.00068104744
42037,91,0.00019682174
42037,92,0.0002898646
42037,93,9.381771e-06
42037,94,0.00037263724
42037,95,0.0006542045
42037,96,0.00092406216
42037,97,0.0015614307
42037,98,0.0017486942
42037,99,0.0015796078
42037,100,0.0014910941
42037,101,0.0013479312
42037,102,0.001222339
42037,103,0.0014197716
42037,104,0.0011542989
42037,105,0.00076492154
42037,106,0.0005947888
42037,107,0.0006764087
42037,108,0.001173813
42037,109,0.0010939493
42037,110,0.0011205499
42037,111,0.0015482954
42037,112,0.0018405777
42037,113,0.002170308
42037,114,0.002554411
42037,115,0.0032566772
42037,116,0.0034018746
42037,117,0.003156905
42037,118,0.0030634424
42037,119,0.002888113
42037,120,0.0024964232
42037,121,0.0023756013
42037,122,0.002096883
42037,123,0.0017266119
42037,124,0.0019328855
42037,125,0.0017849499
42037,126,0.0014608727
42037,127,0.0017878329
42037,128,0.0016735166
42037,129,0.0021711444
42037,130,0.0023177855
42037,131,0.0029313902
42037,132,0.0031739227
42037,133,0.002878888
42037,134,0.0030099652
42037,135,0.0031987247
42037,136,0.0029199678
42037,137,0.00256386
42037,138,0.002352043
42037,139,0.0030429414
42037,140,0.006853166
42037,141,0.008121834
42037,142,0.00799146
42037,143,0.008069872
42037,144,0.009363917
42037,145,0.009636972
42037,146,0.00807406
42037,147,0.0072170687
42037,148,0.0062598186
42037,149,0.00642279
42037,150,0.0067704064
42037,151,0.006614333
42037,152,0.0065591065
42037,153,0.0062446743
42037,154,0.0058647078
42037,155,0.004948302
42037,156,0.0041016387
42037,157,0.0031694171
42037,158,0.003168357
42037,159,0.003428239
42037,160,0.0032671497
42037,161,0.0032278565
42037,162,0.0032736608
42037,163,0.0032997257
42037,164,0.00292237
42037,165,0.0029892502
42037,166,0.0030990746
42037,167,0.0032580555
42037,168,0.0033040154
42037,169,0.0033162383
42037,170,0.0033005315
42037,171,0.0031202182
42037,172,0.0026721915
42037,173,0.002033866
42037,174,0.0017984492
42037,175,0.0015596461
42037,176,0.002118802
42037,177,0.002875851
42037,178,0.0027366611
42037,179,0.0025469225
42037,180,0.0029111432
42037,181,0.0023798693
42037,182,0.0022560079
42037,183,0.0025568677
42037,184,0.002355686
42037,185,0.0025123167
42037,186,0.0022739004
42037,187,0.0020118111
42037,188,0.0020666067
42037,189,0.002724
42037,190,0.0025296328
42037,191,0.0023531585
42037,192,0.0022905772
42037,193,0.0022377125
42037,194,0.0025546595
42037,195,0.0024418128
42037,196,0.0026407754
42037,197,0.0028443625
42037,198,0.0026030384
42037,199,0.0030782365
42037,200,0.00339964
42037,201,0.0033811962
42037,202,0.0030202684
42037,203,0.002605281
42037,204,0.0022442692
42037,205,0.0018476194
42037,206,0.001437328
42037,207,0.0015432596
42037,208,0.0017021144
42037,209,0.0018580012
42037,210,0.0018779107
42037,211,0.0021030658
42037,212,0.0025189507
42037,213,0.0028830727
42037,214,0.0025590623
42037,215,0.0026697556
42071,73,0.0
42071,74,0.0013672464
42071,75,0.002051901
42071,76,0.0013673983
42071,77,0.0012783547
42071,78,0.0010419395
42071,79,0.0010473195
42071,80,0.00075125037
42071,81,0.00073179445
42071,82,0.0008979466
42071,83,0.0006058689
42071,84,0.00077689113
42071,85,0.00066932937
42071,86,0.0005728487
42071,87,0.00045229215
42071,88,0.00018376386
42071,89,0.0
42071,90,4.2397132e-05
42071,91,0.00039993343
42071,92,0.0009696121
42071,93,0.0012616072
42071,94,0.001517123
42071,95,0.0011263544
42071,96,0.0011379197
42071,97,0.0014426342
42071,98,0.001214164
42071,99,0.00093282305
42071,100,0.0005868119
42071,101,0.00038397263
42071,102,0.00028092603
42071,103,0.00016343693
42071,104,0.0
42071,105,0.0
42071,106,0.0
42071,107,0.0
42071,108,0.0
42071,109,0.0
42071,110,0.0
42071,111,0.0
42071,112,4.3763368e-05
42071,113,0.000270017
42071,114,0.0005346046
42071,115,0.00082919636
42071,116,0.00082900503
42071,117,0.00092973915
42071,118,0.0010640778
42071,119,0.0010743737
42071,120,0.0010741778
42071,121,0.001142598
42071,122,0.0013327821
42071,123,0.0012343822
42071,124,0.0011608839
42071,125,0.00096702715
42071,126,0.0008213302
42071,127,0.0006988674
42071,128,0.000740448
42071,129,0.00047386985
42071,130,0.00019252101
42071,131,4.7675818e-05
42071,132,0.00039947033
42071,133,0.0010307765
42071,134,0.0016961229
42071,135,0.0017797442
42071,136,0.0022268547
42071,137,0.0021980184
42071,138,0.0021833768
42071,139,0.0024246029
42071,140,0.0037429915
42071,141,0.008864457
42071,142,0.013331151
42071,143,0.014144173
42071,144,0.014999887
42071,145,0.015426065
42071,146,0.014501444
42071,147,0.013459533
42071,148,0.012875723
42071,149,0.012458252
42071,150,0.012351657
42071,151,0.011282796
42071,152,0.01079671
42071,153,0.009440989
42071,154,0.007965236
42071,155,0.007333145
42071,156,0.006530221
42071,157,0.005382716
42071,158,0.0042281444
42071,159,0.0040045725
42071,160,0.0038455024
42071,161,0.0036273645
42071,162,0.003688704
42071,163,0.003590537
42071,164,0.0031229951
42071,165,0.0027555337
42071,166,0.0026929209
42071,167,0.0028970153
42071,168,0.003242062
42071,169,0.0033794406
42071,170,0.0030619279
42071,171,0.0028473353
42071,172,0.0027305975
42071,173,0.0024749392
42071,174,0.0024066372
42071,175,0.002612095
42071,176,0.0024486773
42071,177,0.0019781655
42071,178,0.0019559246
42071,179,0.0018106543
42071,180,0.0019170999
42071,181,0.0020502994
42071,182,0.0022719642
42071,183,0.0019659484
42071,184,0.0018368155
42071,185,0.0018120034
42071,186,0.0017802011
42071,187,0.0019387631
42071,188,0.001927941
42071,189,0.0021736617
42071,190,0.0019157623
42071,191,0.0014928301
42071,192,0.0014690043
42071,193,0.0016024043
42071,194,0.001623046
42071,195,0.0013591961
42071,196,0.0011913804
42071,197,0.0009723375
42071,198,0.0010537186
42071,199,0.0011562986
42071,200,0.0011177061
42071,201,0.0010479868
42071,202,0.0011896428
42071,203,0.0009053538
42071,204,0.000906415
42071,205,0.00088793074
42071,206,0.000695578
42071,207,0.00076305727
42071,208,0.00096253137
42071,209,0.0011060463
42071,210,0.0015930666
42071,211,0.0024305254
42071,212,0.0024574976
42071,213,0.0026656124
42071,214,0.0027046553
42071,215,0.0025072375
42073,73,0.043537363
42073,74,0.04360565
42073,75,0.041301098
42073,76,0.040894438
42073,77,0.039675277
42073,78,0.038418066
42073,79,0.037236545
42073,80,0.036248144
42073,81,0.034970768
42073,82,0.03283352
42073,83,0.030334787
42073,84,0.028346485
42073,85,0.025592906
42073,86,0.023051923
42073,87,0.020758448
42073,88,0.018522644
42073,89,0.016597638
42073,90,0.014520202
42073,91,0.011556846
42073,92,0.009643668
42073,93,0.00891828
42073,94,0.008149474
42073,95,0.0073805735
42073,96,0.0065282043
42073,97,0.0057475204
42073,98,0.0053811367
42073,99,0.0049234126
42073,100,0.004631571
42073,101,0.0048120017
42073,102,0.004916642
42073,103,0.005490393
42073,104,0.005539307
42073,105,0.0054771234
42073,106,0.0054609496
42073,107,0.0051909303
42073,108,0.004736129
42073,109,0.004284984
42073,110,0.0043903925
42073,111,0.004718952
42073,112,0.0044485037
42073,113,0.0046382616
42073,114,0.0048171077
42073,115,0.004720062
42073,116,0.0044552777
42073,117,0.004057641
42073,118,0.003907014
42073,119,0.0032454242
42073,120,0.0024610823
42073,121,0.0022237771
42073,122,0.0018018706
42073,123,0.0014210333
42073,124,0.0014825362
42073,125,0.0013323356
42073,126,0.0013937668
42073,127,0.0019789138
42073,128,0.0021966924
42073,129,0.0018065139
42073,130,0.0015377545
42073,131,0.0022674834
42073,132,0.001612658
42073,133,0.0013213177
42073,134,0.00016279325
42073,135,0.0
42073,136,0.0
42073,137,0.0
42073,138,0.0
42073,139,0.0
42073,140,0.0
42073,141,0.0004983264
42073,142,0.0
42073,143,0.0
42073,144,0.00038899775
42073,145,0.00045346472
42073,146,0.0004118612
42073,147,0.00073352864
42073,148,0.00060516293
42073,149,0.0010598302
42073,150,0.0010562846
42073,151,0.0010945457
42073,152,0.0008137785
42073,153,0.0011554775
42073,154,0.0009728978
42073,155,0.0009238225
42073,156,0.0015394038
42073,157,0.0014560737
42073,158,0.00087875547
42073,159,0.0009347684
42073,160,0.0009232435
42073,161,0.00063718355
42073,162,0.0011022659
42073,163,0.0009925154
42073,164,0.00042644385
42073,165,9.5738025e-05
42073,166,0.00024286633
42073,167,0.000569703
42073,168,0.0009303546
42073,169,0.001240421
42073,170,0.0013386302
42073,171,0.001207449
42073,172,0.0006314852
42073,173,0.0006499175
42073,174,0.0009893171
42073,175,0.0010124007
42073,176,0.0013641317
42073,177,0.001674608
42073,178,0.0022447447
42073,179,0.001997208
42073,180,0.001580577
42073,181,0.0013530535
42073,182,0.0013577016
42073,183,0.0012322243
42073,184,0.0010042725
42073,185,0.00085058296
42073,186,0.00051533955
42073,187,0.0003326473
42073,188,0.00026413685
42073,189,0.00029903307
42073,190,0.00044576943
42073,191,0.00040420625
42073,192,0.00045485393
42073,193,0.00046725722
42073,194,0.0006171183
42073,195,0.00061406504
42073,196,0.00058045005
42073,197,0.0007663465
42073,198,0.00084516744
42073,199,0.0008914995
42073,200,0.00097427686
42073,201,0.0012260358
42073,202,0.001209678
42073,203,0.0011809294
42073,204,0.0011791536
42073,205,0.0011313747
42073,206,0.00096739555
42073,207,0.0008697826
42073,208,0.00067527517
42073,209,0.0007661591
42073,210,0.0008061094
42073,211,0.00039168
42073,212,0.0007728331
42073,213,0.0014699702
42073,214,0.0015035875
42073,215,0.0011991175
42087,73,0.018790862
42087,74,0.0007743899
42087,75,0.0
42087,76,0.0
42087,77,0.0
42087,78,0.0
42087,79,0.0
42087,80,0.0
42087,81,0.0
42087,82,0.0
42087,83,0.0
42087,84,0.0
42087,85,0.0
42087,86,0.0
42087,87,0.0
42087,88,0.0
42087,89,0.0
42087,90,0.0
42087,91,0.0
42087,92,0.0
42087,93,0.0
42087,94,0.0
42087,95,0.0
42087,96,0.0
42087,97,0.0
42087,98,0.0
42087,99,0.0
42087,100,0.0
42087,101,0.0
42087,102,0.0
42087,103,0.0
42087,104,0.0
42087,105,0.0
42087,106,0.0
42087,107,0.0
42087,108,0.0
42087,109,0.0
42087,110,0.0
42087,111,0.0
42087,112,0.0
42087,113,0.0
42087,114,0.0
42087,115,0.0
42087,116,0.0
42087,117,0.0
42087,118,0.0
42087,119,0.0
42087,120,0.0
42087,121,0.0
42087,122,0.0
42087,123,0.0
42087,124,0.0
42087,125,0.0
42087,126,0.0
42087,127,0.0
42087,128,0.0
42087,129,0.00013574038
42087,130,0.00041122604
42087,131,0.0007459682
42087,132,0.00049207936
42087,133,0.0006337555
42087,134,0.0
42087,135,0.0
42087,136,0.0
42087,137,0.0011012099
42087,138,0.0014382116
42087,139,0.0019326408
42087,140,0.003053563
42087,141,0.006201473
42087,142,0.00824029
42087,143,0.009397736
42087,144,0.007673187
42087,145,0.004834398
42087,146,0.0040163863
42087,147,0.004095632
42087,148,0.003937809
42087,149,0.003422567
42087,150,0.0028352225
42087,151,0.0026995793
42087,152,0.0022853827
42087,153,0.0028142415
42087,154,0.0029579701
42087,155,0.0029806658
42087,156,0.0030777615
42087,157,0.00322646
42087,158,0.0037578163
42087,159,0.0036083055
42087,160,0.0035074782
42087,161,0.003151383
42087,162,0.002287668
42087,163,0.0022404324
42087,164,0.0015300091
42087,165,0.0012433175
42087,166,0.0012116275
42087,167,0.0010688517
42087,168,0.0010267011
42087,169,0.0013207346
42087,170,0.0012588464
42087,171,0.0013531555
42087,172,0.0010247611
42087,173,0.00081634236
42087,174,0.00097614323
42087,175,0.0019516563
42087,176,0.0025307848
42087,177,0.0032095513
42087,178,0.003260074
42087,179,0.0031474049
42087,180,0.0025194264
42087,181,0.002522639
42087,182,0.002364491
42087,183,0.0022372312
42087,184,0.001651378
42087,185,0.0012099835
42087,186,0.0007990006
42087,187,0.0006206922
42087,188,0.00062299013
42087,189,0.0007323168
42087,190,0.001493989
42087,191,0.00083196996
42087,192,0.00048227038
42087,193,0.0003609417
42087,194,0.00026446805
42087,195,0.00068246503
42087,196,0.00016030186
42087,197,0.0007020309
42087,198,0.0010336504
42087,199,0.001269458
42087,200,0.00139121
42087,201,0.0019521368
42087,202,0.0010298288
42087,203,0.0007457396
42087,204,0.00042064572
42087,205,0.00044472088
42087,206,0.00088124315
42087,207,0.0011519426
42087,208,0.0012746005
42087,209,0.0006058799
42087,210,0.0
42087,211,0.00015133292
42087,212,0.0010833673
42087,213,0.0020662015
42087,214,0.0014866124
42087,215,0.00047107931
42093,73,0.0
42093,74,0.0006678075
42093,75,0.0020509397
42093,76,0.0033610263
42093,77,0.0053378697
42093,78,0.006636126
42093,79,0.0069233472
42093,80,0.008609774
42093,81,0.009122217
42093,82,0.0075117988
42093,83,0.006366996
42093,84,0.0064984323
42093,85,0.0052765445
42093,86,0.0040019467
42093,87,0.0027058995
42093,88,0.0019729037
42093,89,0.0011976323
42093,90,0.0008433139
42093,91,0.00041477664
42093,92,0.00043112616
42093,93,4.4434666e-05
42093,94,0.0006838479
42093,95,0.0011435315
42093,96,0.0011816776
42093,97,0.0013988689
42093,98,0.0016512163
42093,99,0.0015145504
42093,100,0.0012336194
42093,101,0.0010428119
42093,102,0.0007929794
42093,103,0.0009771547
42093,104,0.000594136
42093,105,0.00014830177
42093,106,0.0
42093,107,0.0001290293
42093,108,0.00050701393
42093,109,0.0009765545
42093,110,0.0012883056
42093,111,0.0017680423
42093,112,0.0018363649
42093,113,0.0018800666
42093,114,0.0020151879
42093,115,0.0023723005
42093,116,0.0022834784
42093,117,0.0019691433
42093,118,0.001738406
42093,119,0.00156225
42093,120,0.0012469899
42093,121,0.0012464349
42093,122,0.0011373172
42093,123,0.0009771987
42093,124,0.0016449066
42093,125,0.00089554547
42093,126,0.00044927743
42093,127,0.0010041948
42093,128,0.0008002508
42093,129,0.0008314249
42093,130,0.0008583838
42093,131,0.0013101974
42093,132,0.0014271493
42093,133,0.0017763085
42093,134,0.0014922856
42093,135,0.0020064428
42093,136,0.0013014999
42093,137,0.0011142683
42093,138,0.0012535697
42093,139,0.004219362
42093,140,0.0065139793
42093,141,0.0072684437
42093,142,0.007499361
42093,143,0.0073565845
42093,144,0.0066811293
42093,145,0.006739996
42093,146,0.005823239
42093,147,0.0057354146
42093,148,0.004462534
42093,149,0.0044700434
42093,150,0.0048396196
42093,151,0.0047377143
42093,152,0.0042242254
42093,153,0.0039933203
42093,154,0.004461616
42093,155,0.0035889968
42093,156,0.0027392479
42093,157,0.0023639817
42093,158,0.002269475
42093,159,0.002466639
42093,160,0.0020306427
42093,161,0.0019786907
42093,162,0.002153662
42093,163,0.0022448718
42093,164,0.0017164494
42093,165,0.002036997
42093,166,0.0023856522
42093,167,0.0023384357
42093,168,0.0024245006
42093,169,0.0024236692
42093,170,0.0021828627
42093,171,0.002246125
42093,172,0.0021654516
42093,173,0.0018147028
42093,174,0.0018223699
42093,175,0.0014480682
42093,176,0.0019290501
42093,177,0.0026738576
42093,178,0.0022232055
42093,179,0.002255664
42093,180,0.0021306907
42093,181,0.0019892312
42093,182,0.0020728684
42093,183,0.0024379394
42093,184,0.0020409734
42093,185,0.0022080624
42093,186,0.0019670958
42093,187,0.0017092468
42093,188,0.0019318898
42093,189,0.0022559918
42093,190,0.0023928431
42093,191,0.002278132
42093,192,0.002277903
42093,193,0.001991674
42093,194,0.0022287895
42093,195,0.0024333512
42093,196,0.002783572
42093,197,0.003002376
42093,198,0.0028941366
42093,199,0.0031414663
42093,200,0.00387711
42093,201,0.0034688113
42093,202,0.003039131
42093,203,0.0024852015
42093,204,0.001999622
42093,205,0.0017580785
42093,206,0.0014138797
42093,207,0.0016928762
42093,208,0.0016580068
42093,209,0.0018001623
42093,210,0.0018231928
42093,211,0.0020259703
42093,212,0.002112044
42093,213,0.002361265
42093,214,0.002425534
42093,215,0.0027319258
42099,73,0.0
42099,74,0.0
42099,75,0.0014900762
42099,76,0.002122172
42099,77,0.0023700006
42099,78,0.002320392
42099,79,0.0024928139
42099,80,0.0026623579
42099,81,0.002309882
42099,82,0.0025005725
42099,83,0.0019754302
42099,84,0.001594528
42099,85,0.0011392758
42099,86,0.00037868784
42099,87,0.0
42099,88,0.0
42099,89,0.0
42099,90,0.0
42099,91,0.0
42099,92,0.0
42099,93,0.00012950395
42099,94,0.00026158735
42099,95,0.00049750967
42099,96,0.0007394978
42099,97,0.00090276205
42099,98,0.00082958495
42099,99,0.0006605979
42099,100,0.0005609326
42099,101,0.00027975178
42099,102,0.00037716795
42099,103,0.0006965444
42099,104,0.00061248115
42099,105,0.00030150235
42099,106,3.5600217e-05
42099,107,0.00024048543
42099,108,0.00018462246
42099,109,0.0001565715
42099,110,0.00024090514
42099,111,0.0002709261
42099,112,0.0001934337
42099,113,0.00013239
42099,114,0.0002441806
42099,115,0.00033382687
42099,116,0.00023152336
42099,117,0.0002192471
42099,118,0.0
42099,119,9.265368e-05
42099,120,0.00011236176
42099,121,0.00014385347
42099,122,8.8938374e-05
42099,123,0.0
42099,124,0.0
42099,125,0.0
42099,126,0.0
42099,127,0.0
42099,128,0.0
42099,129,0.0
42099,130,0.0
42099,131,0.0
42099,132,0.0
42099,133,0.0
42099,134,0.0
42099,135,0.0
42099,136,0.0
42099,137,0.0
42099,138,0.0018284762
42099,139,0.00384776
42099,140,0.0031370001
42099,141,0.0045239315
42099,142,0.005989055
42099,143,0.007420025
42099,144,0.008199111
42099,145,0.0076514967
42099,146,0.006382996
42099,147,0.005577385
42099,148,0.0053731827
42099,149,0.0054515586
42099,150,0.0054915
42099,151,0.0053746267
42099,152,0.004932104
42099,153,0.0048685535
42099,154,0.0047158585
42099,155,0.0043662274
42099,156,0.0037744152
42099,157,0.0030422015
42099,158,0.0027340956
42099,159,0.0026840474
42099,160,0.0025637534
42099,161,0.0024859798
42099,162,0.0026628354
42099,163,0.0027672509
42099,164,0.0023655696
42099,165,0.0020396663
42099,166,0.002204357
42099,167,0.0023569404
42099,168,0.0024755062
42099,169,0.0025840434
42099,170,0.002464835
42099,171,0.0020075704
42099,172,0.0020232825
42099,173,0.0017174284
42099,174,0.0017216558
42099,175,0.0020612995
42099,176,0.0023463739
42099,177,0.0030421016
42099,178,0.0033117584
42099,179,0.0029682978
42099,180,0.0027003977
42099,181,0.0030889146
42099,182,0.0031340397
42099,183,0.003316048
42099,184,0.0029881608
42099,185,0.0027967768
42099,186,0.0024239405
42099,187,0.0020991152
42099,188,0.0024032616
42099,189,0.0022458034
42099,190,0.0022813475
42099,191,0.0018945544
42099,192,0.0016806104
42099,193,0.0016250078
42099,194,0.0016180836
42099,195,0.0016994405
42099,196,0.0017686598
42099,197,0.0018709541
42099,198,0.0019111575
42099,199,0.0018610422
42099,200,0.0019017287
42099,201,0.0018924888
42099,202,0.0015840306
42099,203,0.001476987
42099,204,0.0013529403
42099,205,0.0012520503
42099,206,0.0013652237
42099,207,0.0015890454
42099,208,0.0015952098
42099,209,0.0015315478
42099,210,0.0018139406
42099,211,0.0020683093
42099,212,0.002004637
42099,213,0.0022359316
42099,214,0.0022423365
42099,215,0.0017916709
42105,73,0.004298331
42105,74,0.004749758
42105,75,0.004525873
42105,76,0.0056479354
42105,77,0.0073392964
42105,78,0.008257884
42105,79,0.008586719
42105,80,0.009086359
42105,81,0.0094146775
42105,82,0.008720782
42105,83,0.0088230865
42105,84,0.007931709
42105,85,0.0070034056
42105,86,0.0058198734
42105,87,0.004607935
42105,88,0.003397936
42105,89,0.0028395213
42105,90,0.002624494
42105,91,0.0017718887
42105,92,0.0010615643
42105,93,0.0009337958
42105,94,0.0009188658
42105,95,0.00090383826
42105,96,0.0005177128
42105,97,0.00034240822
42105,98,0.00046702687
42105,99,0.0013147227
42105,100,0.0018795722
42105,101,0.0016542189
42105,102,0.00182423
42105,103,0.0016340953
42105,104,0.002044973
42105,105,0.002214324
42105,106,0.0025038943
42105,107,0.0039402153
42105,108,0.005672819
42105,109,0.0074553485
42105,110,0.009379846
42105,111,0.011978826
42105,112,0.013909826
42105,113,0.015742691
42105,114,0.016357673
42105,115,0.016747294
42105,116,0.017285293
42105,117,0.017623883
42105,118,0.017893933
42105,119,0.017355684
42105,120,0.016106496
42105,121,0.015271225
42105,122,0.013915475
42105,123,0.011971435
42105,124,0.009909222
42105,125,0.008609243
42105,126,0.0073504453
42105,127,0.006299898
42105,128,0.005197018
42105,129,0.004800393
42105,130,0.0047041676
42105,131,0.005002252
42105,132,0.004682441
42105,133,0.0035575402
42105,134,0.0029745528
42105,135,0.0045839134
42105,136,0.0068252175
42105,137,0.007474734
42105,138,0.008468372
42105,139,0.008405548
42105,140,0.008018146
42105,141,0.0049527823
42105,142,0.003267992
42105,143,0.0040839673
42105,144,0.0043845954
42105,145,0.0041767727
42105,146,0.0042005023
42105,147,0.0044387467
42105,148,0.00463225
42105,149,0.004636819
42105,150,0.003975203
42105,151,0.003970513
42105,152,0.003228607
42105,153,0.0027402083
42105,154,0.0024060516
42105,155,0.0025713274
42105,156,0.0027697969
42105,157,0.0034771552
42105,158,0.0031465185
42105,159,0.0038878294
42105,160,0.0042213406
42105,161,0.004151692
42105,162,0.0043871067
42105,163,0.005167322
42105,164,0.0050414456
42105,165,0.005087089
42105,166,0.0051920656
42105,167,0.0051971693
42105,168,0.0049144863
42105,169,0.0054590707
42105,170,0.0058805323
42105,171,0.0051373406
42105,172,0.0045888484
42105,173,0.004940122
42105,174,0.004729181
42105,175,0.0038627915
42105,176,0.004026503
42105,177,0.0044147912
42105,178,0.004118223
42105,179,0.0039416743
42105,180,0.004050591
42105,181,0.0041562226
42105,182,0.0036692969
42105,183,0.0034718553
42105,184,0.0036002279
42105,185,0.003922321
42105,186,0.003966229
42105,187,0.0031871377
42105,188,0.0033675865
42105,189,0.004003658
42105,190,0.004342646
42105,191,0.004156918
42105,192,0.0044075497
42105,193,0.004368343
42105,194,0.0041763834
42105,195,0.0036970333
42105,196,0.00378172
42105,197,0.0038505434
42105,198,0.004030341
42105,199,0.004136395
42105,200,0.0043496727
42105,201,0.004598407
42105,202,0.0045218314
42105,203,0.00443044
42105,204,0.0043666707
42105,205,0.00441401
42105,206,0.0041662524
42105,207,0.0042729285
42105,208,0.0046673357
42105,209,0.0048742834
42105,210,0.0033953178
42105,211,0.0038776824
42105,212,0.004605144
42105,213,0.0047076396
42105,214,0.005159932
42105,215,0.0038403645
42107,73,0.0
42107,74,0.0
42107,75,0.0
42107,76,0.0
42107,77,0.0
42107,78,0.0
42107,79,4.107376e-05
42107,80,0.00066405826
42107,81,0.0011318607
42107,82,0.0012957234
42107,83,0.0017684622
42107,84,0.0022244859
42107,85,0.0017615001
42107,86,0.0018868033
42107,87,0.0012337482
42107,88,0.00128408
42107,89,0.0009592124
42107,90,0.001079161
42107,91,0.0007963359
42107,92,0.00070568884
42107,93,0.00049048854
42107,94,0.00062815525
42107,95,0.0006039671
42107,96,0.00086197554
42107,97,0.0011541363
42107,98,0.001323107
42107,99,0.001161491
42107,100,0.00092076743
42107,101,0.00080144353
42107,102,0.00082970836
42107,103,0.0010565714
42107,104,0.0010509843
42107,105,0.0009272069
42107,106,0.0009938693
42107,107,0.0012087591
42107,108,0.0012780062
42107,109,0.0010412338
42107,110,0.0011262137
42107,111,0.0015676743
42107,112,0.0019229376
42107,113,0.0020249952
42107,114,0.0021492436
42107,115,0.002288673
42107,116,0.002209778
42107,117,0.0021291513
42107,118,0.002162808
42107,119,0.0022130946
42107,120,0.0020708544
42107,121,0.0022144685
42107,122,0.0020523185
42107,123,0.0015468843
42107,124,0.0013376246
42107,125,0.0010776113
42107,126,0.0003719877
42107,127,0.00045926927
42107,128,0.0003783208
42107,129,0.00037221532
42107,130,0.0010063094
42107,131,0.0019981102
42107,132,0.0027822237
42107,133,0.0032831184
42107,134,0.004531987
42107,135,0.005251808
42107,136,0.005214544
42107,137,0.005103058
42107,138,0.0053636795
42107,139,0.0048129545
42107,140,0.0055183414
42107,141,0.010184955
42107,142,0.010927534
42107,143,0.011309012
42107,144,0.011049446
42107,145,0.011567081
42107,146,0.010600047
42107,147,0.009570677
42107,148,0.0091088
42107,149,0.009010961
42107,150,0.009081009
42107,151,0.008373155
42107,152,0.008038764
42107,153,0.0071727294
42107,154,0.0064942213
42107,155,0.0057644933
42107,156,0.0052041905
42107,157,0.0047239615
42107,158,0.004100221
42107,159,0.0032614078
42107,160,0.0029403875
42107,161,0.002984809
42107,162,0.0031053293
42107,163,0.003580942
42107,164,0.0033125551
42107,165,0.0031368176
42107,166,0.003187437
42107,167,0.0032554194
42107,168,0.003292155
42107,169,0.0034020757
42107,170,0.0036789463
42107,171,0.0037808707
42107,172,0.00342504
42107,173,0.0022475861
42107,174,0.0015518063
42107,175,0.0017702888
42107,176,0.0024466491
42107,177,0.0026295497
42107,178,0.0029850581
42107,179,0.0022871774
42107,180,0.0021441819
42107,181,0.0025977949
42107,182,0.0026349514
42107,183,0.0023824936
42107,184,0.0023523339
42107,185,0.0022106576
42107,186,0.0019482522
42107,187,0.0017751731
42107,188,0.001958557
42107,189,0.0025556425
42107,190,0.0026419696
42107,191,0.002402407
42107,192,0.00229959
42107,193,0.0024326392
42107,194,0.0024680058
42107,195,0.0024387513
42107,196,0.0024707417
42107,197,0.0024792128
42107,198,0.0025372335
42107,199,0.0027586755
42107,200,0.0026431906
42107,201,0.0025729577
42107,202,0.002411536
42107,203,0.002128433
42107,204,0.0017979614
42107,205,0.0013644551
42107,206,0.0010738462
42107,207,0.0014514327
42107,208,0.0014487307
42107,209,0.0018033779
42107,210,0.0016405864
42107,211,0.0021230357
42107,212,0.0023085123
42107,213,0.0026181003
42107,214,0.002537043
42107,215,0.002320537
42111,73,0.019968376
42111,74,0.01741969
42111,75,0.016490428
42111,76,0.014761857
42111,77,0.013653135
42111,78,0.013921351
42111,79,0.013036848
42111,80,0.012062498
42111,81,0.011347261
42111,82,0.01096752
42111,83,0.010083594
42111,84,0.00972876
42111,85,0.008909043
42111,86,0.008168448
42111,87,0.0071738665
42111,88,0.0063824244
42111,89,0.00560534
42111,90,0.0050035184
42111,91,0.0035732386
42111,92,0.0033866295
42111,93,0.00362406
42111,94,0.0035164228
42111,95,0.0034109994
42111,96,0.0031801518
42111,97,0.0029534143
42111,98,0.0026114532
42111,99,0.002173738
42111,100,0.0020084714
42111,101,0.0014069116
42111,102,0.0013646554
42111,103,0.001199307
42111,104,0.0011860741
42111,105,0.002184509
42111,106,0.0033186378
42111,107,0.0040557845
42111,108,0.0045931544
42111,109,0.0049792556
42111,110,0.0057318322
42111,111,0.0063509173
42111,112,0.0063822456
42111,113,0.0052729924
42111,114,0.0043000327
42111,115,0.0031530515
42111,116,0.0020609724
42111,117,0.0016601509
42111,118,0.0014607216
42111,119,0.0009635975
42111,120,0.0012039177
42111,121,0.0010878593
42111,122,0.00071990484
42111,123,2.1222631e-05
42111,124,0.0
42111,125,0.0
42111,126,0.0
42111,127,0.0
42111,128,0.0
42111,129,0.0
42111,130,0.00055145624
42111,131,0.0
42111,132,0.0
42111,133,0.0
42111,134,0.0
42111,135,0.0
42111,136,0.0
42111,137,7.563576e-05
42111,138,0.00029083117
42111,139,0.0
42111,140,0.0
42111,141,0.0
42111,142,0.0
42111,143,0.0
42111,144,0.0
42111,145,0.0
42111,146,0.0
42111,147,0.0
42111,148,0.0
42111,149,0.0
42111,150,0.0
42111,151,0.0
42111,152,0.0
42111,153,0.0
42111,154,0.0
42111,155,0.0
42111,156,0.0
42111,157,0.0003391951
42111,158,0.00088860845
42111,159,0.00077380275
42111,160,0.0010879138
42111,161,0.0014309712
42111,162,0.0013278915
42111,163,0.0014042294
42111,164,0.001056686
42111,165,0.0013879882
42111,166,0.0015230183
42111,167,0.0020252247
42111,168,0.0024164098
42111,169,0.0020335007
42111,170,0.0015739179
42111,171,0.001293335
42111,172,0.0014535014
42111,173,0.0014240945
42111,174,0.0016192502
42111,175,0.0015051822
42111,176,0.00197612
42111,177,0.0030357048
42111,178,0.0030523702
42111,179,0.0027774116
42111,180,0.002659061
42111,181,0.00273
42111,182,0.0022384883
42111,183,0.0020053948
42111,184,0.0018254183
42111,185,0.0016155131
42111,186,0.0010706504
42111,187,0.00066697656
42111,188,0.0008269642
42111,189,0.0009797409
42111,190,0.0009620732
42111,191,0.0013658478
42111,192,0.001368713
42111,193,0.0015449177
42111,194,0.0016094679
42111,195,0.0016008712
42111,196,0.0016487438
42111,197,0.0022642142
42111,198,0.002614001
42111,199,0.0024979964
42111,200,0.002764072
42111,201,0.0026865974
42111,202,0.002693586
42111,203,0.0023168004
42111,204,0.0022390783
42111,205,0.002405642
42111,206,0.00242095
42111,207,0.0024264825
42111,208,0.0019504206
42111,209,0.0018841894
42111,210,0.0017816777
42111,211,0.0010337732
42111,212,0.001112293
42111,213,0.0015176858
42111,214,0.0011970458
42111,215,0.0015182261
42117,73,0.0006014177
42117,74,0.001796674
42117,75,0.0020152433
42117,76,0.0028098049
42117,77,0.0038743054
42117,78,0.004944408
42117,79,0.005769299
42117,80,0.007112093
42117,81,0.00796259
42117,82,0.007423311
42117,83,0.0071519213
42117,84,0.00604584
42117,85,0.0049849735
42117,86,0.0037898603
42117,87,0.0023177972
42117,88,0.0011710288
42117,89,0.00057589787
42117,90,0.0006274517
42117,91,0.0
42117,92,0.0
42117,93,0.0
42117,94,9.2452516e-05
42117,95,0.00014163618
42117,96,0.0007231154
42117,97,0.00087393937
42117,98,0.00078664115
42117,99,0.0009252528
42117,100,0.0016548826
42117,101,0.0014758296
42117,102,0.0014947993
42117,103,0.0016816743
42117,104,0.0018338667
42117,105,0.0015867186
42117,106,0.001166987
42117,107,0.0016282282
42117,108,0.0023886089
42117,109,0.0037715938
42117,110,0.0055214507
42117,111,0.0081650065
42117,112,0.009292904
42117,113,0.0104223965
42117,114,0.010923898
42117,115,0.010727828
42117,116,0.009706448
42117,117,0.009388502
42117,118,0.009013968
42117,119,0.009013877
42117,120,0.008934284
42117,121,0.0080384705
42117,122,0.0069092684
42117,123,0.0058791656
42117,124,0.00486731
42117,125,0.004527557
42117,126,0.0038780419
42117,127,0.0036560956
42117,128,0.003124176
42117,129,0.0026216826
42117,130,0.002271921
42117,131,0.002450391
42117,132,0.0036215556
42117,133,0.0029669981
42117,134,0.0028452608
42117,135,0.0028173826
42117,136,0.0029761528
42117,137,0.0030165776
42117,138,0.0051155514
42117,139,0.004884321
42117,140,0.0065372046
42117,141,0.0071811443
42117,142,0.00665385
42117,143,0.0046020006
42117,144,0.0046806885
42117,145,0.004674551
42117,146,0.0038964034
42117,147,0.0036379197
42117,148,0.0041493215
42117,149,0.003915356
42117,150,0.0039815004
42117,151,0.003927777
42117,152,0.003894645
42117,153,0.0031556722
42117,154,0.0030396848
42117,155,0.0025450448
42117,156,0.002455215
42117,157,0.0028445232
42117,158,0.0025386782
42117,159,0.0028944227
42117,160,0.0029380224
42117,161,0.0026260687
42117,162,0.003315237
42117,163,0.003572124
42117,164,0.0035028425
42117,165,0.0032881114
42117,166,0.003541269
42117,167,0.0039257864
42117,168,0.0043224897
42117,169,0.0046003712
42117,170,0.0037071037
42117,171,0.0032565626
42117,172,0.0039937776
42117,173,0.0033068266
42117,174,0.0028661073
42117,175,0.0027629223
42117,176,0.0032479363
42117,177,0.003656417
42117,178,0.0033522143
42117,179,0.0035266422
42117,180,0.0035795583
42117,181,0.003235914
42117,182,0.002982823
42117,183,0.0031091783
42117,184,0.0033202968
42117,185,0.0037164541
42117,186,0.0036094189
42117,187,0.0031871186
42117,188,0.0031254003
42117,189,0.0035154405
42117,190,0.0037664662
42117,191,0.0039815367
42117,192,0.003958805
42117,193,0.0036540064
42117,194,0.0036218455
42117,195,0.00339763
42117,196,0.00340518
42117,197,0.0034162083
42117,198,0.0033442902
42117,199,0.0033848488
42117,200,0.0036513952
42117,201,0.0035566986
42117,202,0.0034444714
42117,203,0.0031272518
42117,204,0.003147916
42117,205,0.0033097744
42117,206,0.0029117344
42117,207,0.0030195573
42117,208,0.0027742013
42117,209,0.0022676326
42117,210,0.002113594
42117,211,0.002514732
42117,212,0.0029229806
42117,213,0.0036048738
42117,214,0.0038038269
42117,215,0.0032191328
42123,73,0.17378671
42123,74,0.24337646
42123,75,0.25459477
42123,76,0.25469613
42123,77,0.25333223
42123,78,0.2518991
42123,79,0.25015417
42123,80,0.24766807
42123,81,0.24420854
42123,82,0.23943047
42123,83,0.23264061
42123,84,0.22215918
42123,85,0.20770502
42123,86,0.18831721
42123,87,0.16085878
42123,88,0.12687416
42123,89,0.09537107
42123,90,0.07247691
42123,91,0.056726765
42123,92,0.043834724
42123,93,0.037362102
42123,94,0.033313654
42123,95,0.029545275
42123,96,0.025817946
42123,97,0.02193049
42123,98,0.01934406
42123,99,0.018109862
42123,100,0.016639313
42123,101,0.014735125
42123,102,0.014026941
42123,103,0.013736844
42123,104,0.013186449
42123,105,0.012790439
42123,106,0.013110131
42123,107,0.014165739
42123,108,0.014884628
42123,109,0.015851531
42123,110,0.01618073
42123,111,0.017095327
42123,112,0.018532185
42123,113,0.02017302
42123,114,0.021967199
42123,115,0.024847055
42123,116,0.026520247
42123,117,0.02620923
42123,118,0.02544484
42123,119,0.024709571
42123,120,0.02408084
42123,121,0.023344379
42123,122,0.02228316
42123,123,0.02097995
42123,124,0.018958803
42123,125,0.016957868
42123,126,0.015735198
42123,127,0.014634985
42123,128,0.014065801
42123,129,0.013820117
42123,130,0.01264982
42123,131,0.011287213
42123,132,0.011499581
42123,133,0.012459908
42123,134,0.011000547
42123,135,0.010334652
42123,136,0.009716389
42123,137,0.009079871
42123,138,0.009589095
42123,139,0.009817092
42123,140,0.010407014
42123,141,0.01004176
42123,142,0.011157513
42123,143,0.009323692
42123,144,0.00812422
42123,145,0.008911813
42123,146,0.010481653
42123,147,0.010702728
42123,148,0.01103159
42123,149,0.011644942
42123,150,0.011765615
42123,151,0.0123290885
42123,152,0.012263397
42123,153,0.011751039
42123,154,0.011901221
42123,155,0.0118538225
42123,156,0.012214532
42123,157,0.011319602
42123,158,0.010425191
42123,159,0.009811027
42123,160,0.0102658
42123,161,0.00913097
42123,162,0.008951251
42123,163,0.00824253
42123,164,0.0073522823
42123,165,0.0069971774
42123,166,0.0066949604
42123,167,0.0066261073
42123,168,0.006500376
42123,169,0.005760514
42123,170,0.006091423
42123,171,0.0054701804
42123,172,0.005358276
42123,173,0.00577451
42123,174,0.0056241946
42123,175,0.00517775
42123,176,0.005527609
42123,177,0.0054625217
42123,178,0.005397603
42123,179,0.0054495116
42123,180,0.0051871897
42123,181,0.005591883
42123,182,0.005536662
42123,183,0.005465614
42123,184,0.005742442
42123,185,0.005787313
42123,186,0.005810526
42123,187,0.0055822534
42123,188,0.005579269
42123,189,0.005698046
42123,190,0.0060437405
42123,191,0.0059613697
42123,192,0.0055194716
42123,193,0.0051993406
42123,194,0.0052823634
42123,195,0.005369833
42123,196,0.005545643
42123,197,0.005487599
42123,198,0.0059361346
42123,199,0.006292725
42123,200,0.0066145346
42123,201,0.0065915505
42123,202,0.0065317256
42123,203,0.006715908
42123,204,0.0066948994
42123,205,0.0073630814
42123,206,0.00775187
42123,207,0.007807534
42123,208,0.007790915
42123,209,0.0072199036
42123,210,0.0068168403
42123,211,0.0062330067
42123,212,0.006171033
42123,213,0.006006074
42123,214,0.005665977
42123,215,0.005295926
54001,73,0.021932883
54001,74,0.021015909
54001,75,0.01870864
54001,76,0.017497387
54001,77,0.01625852
54001,78,0.015288229
54001,79,0.013822336
54001,80,0.012803473
54001,81,0.011216001
54001,82,0.009863745
54001,83,0.009051812
54001,84,0.008272391
54001,85,0.007626123
54001,86,0.0069176895
54001,87,0.006603458
54001,88,0.0063563827
54001,89,0.00601966
54001,90,0.0048688124
54001,91,0.00457065
54001,92,0.004264276
54001,93,0.0039667655
54001,94,0.0037324682
54001,95,0.003283731
54001,96,0.002778894
54001,97,0.0019072674
54001,98,0.0011828725
54001,99,0.00046174202
54001,100,0.00019205565
54001,101,0.00028923928
54001,102,0.000529221
54001,103,0.0007193257
54001,104,0.00086697243
54001,105,0.000950282
54001,106,0.0006424012
54001,107,0.00068063306
54001,108,0.0012318116
54001,109,0.0011695637
54001,110,0.0014833458
54001,111,0.0019959128
54001,112,0.0012635833
54001,113,0.001056054
54001,114,0.000839592
54001,115,0.00068492733
54001,116,0.00010081415
54001,117,0.0
54001,118,0.0004141211
54001,119,0.00022022105
54001,120,0.00026230866
54001,121,0.0
54001,122,9.260699e-05
54001,123,0.0
54001,124,0.0
54001,125,0.0
54001,126,0.0
54001,127,0.0014765502
54001,128,0.0026971737
54001,129,0.0026971677
54001,130,0.0017608573
54001,131,0.00038266953
54001,132,0.0
54001,133,0.0
54001,134,0.0005602851
54001,135,0.000733468
54001,136,0.00042465064
54001,137,0.0
54001,138,0.0
54001,139,0.0007685151
54001,140,0.0016610243
54001,141,0.0036461893
54001,142,0.0041263714
54001,143,0.0035112796
54001,144,0.001985251
54001,145,0.0016678865
54001,146,0.0012645285
54001,147,0.0013691473
54001,148,0.0010650638
54001,149,0.0010382648
54001,150,0.0008725085
54001,151,0.0016261255
54001,152,0.002043745
54001,153,0.0028812448
54001,154,0.0030906484
54001,155,0.0030560058
54001,156,0.0033320698
54001,157,0.0032740328
54001,158,0.003939003
54001,159,0.0039384523
54001,160,0.0036380289
54001,161,0.0030194852
54001,162,0.0027685962
54001,163,0.0024283126
54001,164,0.0017342515
54001,165,0.0016884208
54001,166,0.0015513938
54001,167,0.0017783837
54001,168,0.000997376
54001,169,0.0006666372
54001,170,0.0019027714
54001,171,0.00333024
54001,172,0.0026111584
54001,173,0.0031221297
54001,174,0.0036622135
54001,175,0.0034207308
54001,176,0.0033716846
54001,177,0.0036639038
54001,178,0.0030104504
54001,179,0.0020867805
54001,180,0.0022288717
54001,181,0.0021419055
54001,182,0.001995147
54001,183,0.001485287
54001,184,0.0015457575
54001,185,0.0014904003
54001,186,0.00076874875
54001,187,0.00047361848
54001,188,0.00037755485
54001,189,0.0013905313
54001,190,0.0016941833
54001,191,0.0014068759
54001,192,0.0014164496
54001,193,0.0021169614
54001,194,0.0021320845
54001,195,0.0023605009
54001,196,0.0025551375
54001,197,0.0025626612
54001,198,0.0024566061
54001,199,0.0025078217
54001,200,0.0031257856
54001,201,0.0030403477
54001,202,0.0029739686
54001,203,0.0024884308
54001,204,0.0020640194
54001,205,0.0021108147
54001,206,0.0017099546
54001,207,0.0014066272
54001,208,0.00055423006
54001,209,0.0006177124
54001,210,0.0
54001,211,0.0
54001,212,0.0
54001,213,0.0
54001,214,0.0
54001,215,0.00016865587
54003,73,0.0
54003,74,0.0
54003,75,0.0
54003,76,0.0
54003,77,0.0
54003,78,0.0
54003,79,0.0
54003,80,0.0
54003,81,0.0
54003,82,0.0
54003,83,0.0
54003,84,0.0
54003,85,0.0
54003,86,0.0
54003,87,0.0
54003,88,0.0
54003,89,0.0
54003,90,0.0
54003,91,0.0
54003,92,0.0
54003,93,0.0
54003,94,0.0
54003,95,4.894838e-05
54003,96,0.0
54003,97,0.00037383812
54003,98,0.000573921
54003,99,0.0
54003,100,0.0
54003,101,0.00013367104
54003,102,0.0
54003,103,9.4200324e-05
54003,104,0.0
54003,105,0.0
54003,106,0.0
54003,107,0.0
54003,108,0.0
54003,109,0.0
54003,110,0.0
54003,111,0.0
54003,112,0.0
54003,113,0.0
54003,114,0.0
54003,115,0.0
54003,116,0.0
54003,117,0.0
54003,118,0.0
54003,119,0.0
54003,120,0.00012209291
54003,121,0.0006901377
54003,122,0.0004028925
54003,123,0.00018599132
54003,124,0.00045428475
54003,125,0.00087201514
54003,126,0.00056900503
54003,127,4.6105928e-05
54003,128,0.0
54003,129,0.0
54003,130,0.0
54003,131,0.0
54003,132,0.0
54003,133,0.0
54003,134,0.0
54003,135,0.0
54003,136,0.0
54003,137,0.0
54003,138,0.0
54003,139,0.0
54003,140,0.0
54003,141,0.0
54003,142,0.0
54003,143,0.0
54003,144,0.0
54003,145,0.0
54003,146,0.0
54003,147,0.0
54003,148,0.0
54003,149,0.0
54003,150,0.0
54003,151,0.0
54003,152,0.0
54003,153,0.0
54003,154,0.0
54003,155,0.0
54003,156,0.0
54003,157,0.0
54003,158,0.0
54003,159,0.0
54003,160,0.0
54003,161,0.0
54003,162,0.0
54003,163,0.0
54003,164,0.0
54003,165,0.0
54003,166,0.0
54003,167,0.0
54003,168,0.0
54003,169,0.0
54003,170,0.00015543883
54003,171,0.0010529789
54003,172,0.0012320664
54003,173,0.001240774
54003,174,0.0013319938
54003,175,0.0015987842
54003,176,0.0021702861
54003,177,0.0013386834
54003,178,0.0010843279
54003,179,0.0013909601
54003,180,0.001437704
54003,181,0.0013154616
54003,182,0.0011813048
54003,183,0.0010562486
54003,184,0.000932763
54003,185,0.00075299584
54003,186,0.0010151688
54003,187,0.0014606585
54003,188,0.00083048904
54003,189,0.00063959544
54003,190,0.00069689786
54003,191,0.00041324273
54003,192,0.00039567368
54003,193,0.00033081288
54003,194,0.00021350587
54003,195,0.00031158293
54003,196,0.0006535474
54003,197,9.456073e-05
54003,198,0.00025093986
54003,199,0.0005345469
54003,200,0.0
54003,201,0.00026307438
54003,202,0.0006960679
54003,203,0.0008787087
54003,204,0.00094612816
54003,205,0.0007548728
54003,206,0.00045681561
54003,207,0.00034977976
54003,208,0.00081875036
54003,209,0.001115635
54003,210,0.0015385997
54003,211,0.0015992244
54003,212,0.001336199
54003,213,0.0010126674
54003,214,0.0005777874
54003,215,0.0006232873
54005,73,0.0005193286
54005,74,0.0013109696
54005,75,0.0001696145
54005,76,0.0
54005,77,0.0
54005,78,0.0
54005,79,0.0
54005,80,0.0
54005,81,0.0004306522
54005,82,0.00065218116
54005,83,0.00021750295
54005,84,0.00028804288
54005,85,0.00011525855
54005,86,0.0
54005,87,3.3421962e-05
54005,88,0.0
54005,89,8.33041e-05
54005,90,0.0
54005,91,0.0
54005,92,0.0
54005,93,0.0
54005,94,0.0
54005,95,0.0
54005,96,0.0
54005,97,0.0
54005,98,0.0
54005,99,0.0
54005,100,0.0
54005,101,0.0
54005,102,0.0
54005,103,0.0
54005,104,0.0
54005,105,0.0
54005,106,0.0
54005,107,0.0
54005,108,0.0
54005,109,0.0
54005,110,0.0
54005,111,0.00036625803
54005,112,0.0005985466
54005,113,0.0008256955
54005,114,0.0009409716
54005,115,0.0012067048
54005,116,0.0011209098
54005,117,0.00097514846
54005,118,0.0004853576
54005,119,0.00041250084
54005,120,0.00034773664
54005,121,0.00080451067
54005,122,0.0003793991
54005,123,0.0
54005,124,0.0
54005,125,0.0028483716
54005,126,0.006143399
54005,127,0.0061503844
54005,128,0.0059145265
54005,129,0.005039641
54005,130,0.0054152743
54005,131,0.0043592555
54005,132,0.0034825932
54005,133,0.0032909499
54005,134,0.0032490883
54005,135,0.0025410138
54005,136,0.005330356
54005,137,0.009148026
54005,138,0.012473925
54005,139,0.015912985
54005,140,0.019653177
54005,141,0.022736246
54005,142,0.024982698
54005,143,0.025502756
54005,144,0.025205916
54005,145,0.024348639
54005,146,0.022376232
54005,147,0.021185186
54005,148,0.019664444
54005,149,0.018429762
54005,150,0.016794682
54005,151,0.016912851
54005,152,0.01763459
54005,153,0.018261423
54005,154,0.019706761
54005,155,0.020165207
54005,156,0.020628717
54005,157,0.019990643
54005,158,0.019619536
54005,159,0.018009406
54005,160,0.016262017
54005,161,0.014602066
54005,162,0.013128637
54005,163,0.011701503
54005,164,0.009957576
54005,165,0.0070683383
54005,166,0.00605872
54005,167,0.0052084536
54005,168,0.0056540985
54005,169,0.005400567
54005,170,0.005671014
54005,171,0.0049463124
54005,172,0.0043579848
54005,173,0.0040670526
54005,174,0.003900772
54005,175,0.0041704956
54005,176,0.004924277
54005,177,0.0048868386
54005,178,0.004584241
54005,179,0.0046884962
54005,180,0.0041298983
54005,181,0.0033231059
54005,182,0.0036570444
54005,183,0.0029545585
54005,184,0.0029274253
54005,185,0.0027241514
54005,186,0.0025845002
54005,187,0.0019342134
54005,188,0.0021991692
54005,189,0.0024917135
54005,190,0.002641063
54005,191,0.0021426734
54005,192,0.002143038
54005,193,0.0021147085
54005,194,0.0021583894
54005,195,0.0022423642
54005,196,0.0022232016
54005,197,0.0024154081
54005,198,0.002432007
54005,199,0.0025079888
54005,200,0.0023513993
54005,201,0.0031787544
54005,202,0.0030979726
54005,203,0.0021868213
54005,204,0.0020549167
54005,205,0.0016050147
54005,206,0.0018207054
54005,207,0.00035540015
54005,208,0.0005696461
54005,209,0.00015056923
54005,210,0.0007094227
54005,211,0.00047595735
54005,212,0.0
54005,213,0.0005688274
54005,214,0.0006877605
54005,215,0.0008434243
54011,73,0.0008073074
54011,74,0.0
54011,75,0.0
54011,76,0.0
54011,77,0.0
54011,78,0.0
54011,79,0.0
54011,80,0.0
54011,81,0.0
54011,82,0.0
54011,83,0.0
54011,84,0.0
54011,85,0.0
54011,86,0.0
54011,87,0.0
54011,88,0.0
54011,89,0.0
54011,90,0.0
54011,91,0.0
54011,92,0.0
54011,93,0.0
54011,94,0.0
54011,95,0.0
54011,96,0.0
54011,97,0.0
54011,98,0.0
54011,99,0.0
54011,100,0.0
54011,101,0.0
54011,102,0.0
54011,103,0.0
54011,104,0.0
54011,105,0.0
54011,106,0.0
54011,107,0.0
54011,108,0.0
54011,109,0.0
54011,110,0.0
54011,111,0.0
54011,112,0.0
54011,113,0.0
54011,114,0.0
54011,115,0.0
54011,116,0.0
54011,117,0.0
54011,118,0.0
54011,119,0.0
54011,120,0.0
54011,121,0.0
54011,122,0.0
54011,123,0.0
54011,124,0.0
54011,125,0.0
54011,126,0.0
54011,127,0.0
54011,128,0.0
54011,129,0.0
54011,130,0.0
54011,131,0.0
54011,132,0.0
54011,133,0.0
54011,134,0.0
54011,135,0.0
54011,136,0.0
54011,137,0.00053728657
54011,138,0.0021480697
54011,139,0.0038781583
54011,140,0.0064460416
54011,141,0.007908321
54011,142,0.00930021
54011,143,0.009109242
54011,144,0.008443069
54011,145,0.008072912
54011,146,0.0068653817
54011,147,0.005979076
54011,148,0.0056224535
54011,149,0.0055742646
54011,150,0.0052013397
54011,151,0.005081051
54011,152,0.005151904
54011,153,0.005868492
54011,154,0.0061264676
54011,155,0.0053633368
54011,156,0.0046739564
54011,157,0.004880628
54011,158,0.0043008854
54011,159,0.003598354
54011,160,0.0028273652
54011,161,0.0024368213
54011,162,0.0020496957
54011,163,0.0016966467
54011,164,0.0017847737
54011,165,0.00052329834
54011,166,0.00097210193
54011,167,0.0017065718
54011,168,0.0018216189
54011,169,0.0017062764
54011,170,0.0010556879
54011,171,0.001895281
54011,172,0.0010225431
54011,173,0.0012971329
54011,174,0.0014194124
54011,175,0.0014870305
54011,176,0.0011896357
54011,177,0.0012693213
54011,178,0.0013861948
54011,179,0.0012800376
54011,180,0.0012846797
54011,181,0.0009844494
54011,182,0.00084700965
54011,183,0.00080832397
54011,184,0.00064641575
54011,185,0.0005324048
54011,186,0.0007588102
54011,187,0.0009841194
54011,188,0.0012132891
54011,189,0.0012779527
54011,190,0.0012648299
54011,191,0.0012558807
54011,192,0.0012347954
54011,193,0.00114813
54011,194,0.0011353266
54011,195,0.0011706803
54011,196,0.0011375577
54011,197,0.0011934332
54011,198,0.001295772
54011,199,0.0013075024
54011,200,0.0012638627
54011,201,0.0013868355
54011,202,0.0014487632
54011,203,0.00099368
54011,204,0.0009653813
54011,205,0.0011293933
54011,206,0.0009831997
54011,207,0.000539549
54011,208,0.00040216092
54011,209,0.00022240862
54011,210,0.00048306136
54011,211,0.0011831814
54011,212,0.0010094029
54011,213,0.001764031
54011,214,0.0007948784
54011,215,0.0011948443
54017,73,0.04149508
54017,74,0.0364845
54017,75,0.030669153
54017,76,0.026276594
54017,77,0.022605648
54017,78,0.020006238
54017,79,0.017220223
54017,80,0.014634682
54017,81,0.012221332
54017,82,0.010746723
54017,83,0.009822115
54017,84,0.009397499
54017,85,0.008663414
54017,86,0.00765949
54017,87,0.0070186253
54017,88,0.006304087
54017,89,0.005039554
54017,90,0.0048755286
54017,91,0.004398839
54017,92,0.0041391198
54017,93,0.0037749626
54017,94,0.0030782577
54017,95,0.002313505
54017,96,0.0018982536
54017,97,0.0015522973
54017,98,0.0013875741
54017,99,0.0009997418
54017,100,0.0008004855
54017,101,0.0007295229
54017,102,0.0011084103
54017,103,0.001398261
54017,104,0.001631064
54017,105,0.0015834825
54017,106,0.0018694119
54017,107,0.0011825075
54017,108,0.00062417804
54017,109,0.0009875987
54017,110,0.0012662554
54017,111,0.0016757613
54017,112,0.0006007302
54017,113,2.7799557e-05
54017,114,0.0
54017,115,0.0
54017,116,0.0
54017,117,0.0
54017,118,0.0
54017,119,0.0
54017,120,0.0
54017,121,0.0
54017,122,0.0
54017,123,0.0
54017,124,0.0
54017,125,0.0
54017,126,0.0
54017,127,0.0
54017,128,0.0
54017,129,0.0
54017,130,0.00087778387
54017,131,0.001264538
54017,132,0.0014534943
54017,133,0.0012751106
54017,134,0.0011129484
54017,135,0.00015967086
54017,136,0.00040533778
54017,137,0.0023351666
54017,138,0.0061311675
54017,139,0.010187771
54017,140,0.01701476
54017,141,0.024583578
54017,142,0.02981283
54017,143,0.03267619
54017,144,0.035004742
54017,145,0.036136635
54017,146,0.034931384
54017,147,0.032686614
54017,148,0.032405294
54017,149,0.03366917
54017,150,0.034425665
54017,151,0.035652593
54017,152,0.03673661
54017,153,0.03834261
54017,154,0.039239284
54017,155,0.039522577
54017,156,0.038243275
54017,157,0.03493874
54017,158,0.029722555
54017,159,0.023251226
54017,160,0.016990105
54017,161,0.012766104
54017,162,0.010114529
54017,163,0.00877265
54017,164,0.0073495978
54017,165,0.006104642
54017,166,0.00558683
54017,167,0.0056060106
54017,168,0.0059666936
54017,169,0.0056970487
54017,170,0.0045058094
54017,171,0.0038835537
54017,172,0.0045378283
54017,173,0.0042685666
54017,174,0.0039145756
54017,175,0.004121052
54017,176,0.003991069
54017,177,0.0037904691
54017,178,0.003286098
54017,179,0.002543744
54017,180,0.0022271962
54017,181,0.0022529024
54017,182,0.0021272167
54017,183,0.0020239146
54017,184,0.0015531821
54017,185,0.00093137467
54017,186,0.0006398482
54017,187,0.0
54017,188,0.00030090308
54017,189,0.00061821594
54017,190,0.00086949347
54017,191,0.0010087237
54017,192,0.00094536506
54017,193,0.0013132292
54017,194,0.0013812591
54017,195,0.0015066214
54017,196,0.0016519242
54017,197,0.001579301
54017,198,0.0014754651
54017,199,0.0014978686
54017,200,0.001867346
54017,201,0.0022617124
54017,202,0.00235462
54017,203,0.002203123
54017,204,0.0022410396
54017,205,0.001957264
54017,206,0.0015591164
54017,207,0.0011825047
54017,208,0.0012189217
54017,209,0.0008968306
54017,210,0.0005512258
54017,211,0.00034932437
54017,212,0.00040770625
54017,213,0.00043621127
54017,214,0.00037123397
54017,215,0.0003490053
54021,73,0.0008350506
54021,74,0.0010276417
54021,75,5.3812415e-05
54021,76,0.0
54021,77,0.0
54021,78,3.7546506e-05
54021,79,0.0
54021,80,0.0005888651
54021,81,0.0016383172
54021,82,0.0023808763
54021,83,0.00230805
54021,84,0.0024326907
54021,85,0.002407525
54021,86,0.0018377609
54021,87,0.0014962449
54021,88,0.0011111568
54021,89,0.00031756624
54021,90,0.00036323324
54021,91,0.0005469641
54021,92,0.0006650544
54021,93,0.00089201366
54021,94,0.0007489797
54021,95,0.00048971624
54021,96,0.0002749063
54021,97,0.0
54021,98,0.00025923096
54021,99,7.560596e-05
54021,100,0.00014099275
54021,101,0.0
54021,102,0.0002340659
54021,103,0.0008909292
54021,104,0.00203646
54021,105,0.0022314962
54021,106,0.002596508
54021,107,0.002133149
54021,108,0.0010535934
54021,109,0.0018404953
54021,110,0.0020931303
54021,111,0.0027011875
54021,112,0.0023885763
54021,113,0.0020985117
54021,114,0.0020677214
54021,115,0.0022882568
54021,116,0.0022864414
54021,117,0.0018415092
54021,118,0.0019699996
54021,119,0.002178992
54021,120,0.002458702
54021,121,0.003126985
54021,122,0.0033169612
54021,123,0.0022612328
54021,124,0.0015079677
54021,125,0.0012872779
54021,126,0.0028822056
54021,127,0.003777554
54021,128,0.0036871338
54021,129,0.003985525
54021,130,0.0057654846
54021,131,0.0062551773
54021,132,0.006618264
54021,133,0.006104546
54021,134,0.005442821
54021,135,0.004369414
54021,136,0.0039328835
54021,137,0.007185092
54021,138,0.013306945
54021,139,0.019688115
54021,140,0.029924573
54021,141,0.04569016
54021,142,0.06100653
54021,143,0.07146242
54021,144,0.07608326
54021,145,0.07616405
54021,146,0.073173374
54021,147,0.07075503
54021,148,0.06974153
54021,149,0.07128192
54021,150,0.0730929
54021,151,0.075709194
54021,152,0.0785778
54021,153,0.080883905
54021,154,0.08113847
54021,155,0.079486996
54021,156,0.07622757
54021,157,0.0729111
54021,158,0.06546104
54021,159,0.05445707
54021,160,0.041232377
54021,161,0.031365316
54021,162,0.024431707
54021,163,0.021376817
54021,164,0.01930502
54021,165,0.016995892
54021,166,0.015466984
54021,167,0.014054602
54021,168,0.012246586
54021,169,0.0116617475
54021,170,0.010219208
54021,171,0.008719498
54021,172,0.0081518395
54021,173,0.0072372598
54021,174,0.006465462
54021,175,0.0062346784
54021,176,0.0062424825
54021,177,0.0062882034
54021,178,0.005859363
54021,179,0.005157452
54021,180,0.0048385616
54021,181,0.0048313164
54021,182,0.0045184107
54021,183,0.0042839227
54021,184,0.0037164807
54021,185,0.0035414621
54021,186,0.0032693245
54021,187,0.0025279028
54021,188,0.0025767111
54021,189,0.002615722
54021,190,0.0028238138
54021,191,0.00302195
54021,192,0.0030235134
54021,193,0.0026178453
54021,194,0.002292097
54021,195,0.00247116
54021,196,0.0027703408
54021,197,0.0028806508
54021,198,0.0029763028
54021,199,0.0030029658
54021,200,0.0036723898
54021,201,0.0041493694
54021,202,0.0041518155
54021,203,0.004104754
54021,204,0.0037540493
54021,205,0.0034573511
54021,206,0.003037462
54021,207,0.0019480705
54021,208,0.0021337932
54021,209,0.0016975534
54021,210,0.0010330314
54021,211,0.0011849457
54021,212,0.0006122164
54021,213,0.00057423784
54021,214,0.00070404285
54021,215,0.000858647
54049,73,0.0057470924
54049,74,0.0051031862
54049,75,0.0039706384
54049,76,0.0034281625
54049,77,0.0029873217
54049,78,0.0029817673
54049,79,0.0029330375
54049,80,0.0032033974
54049,81,0.0025687048
54049,82,0.0021612186
54049,83,0.002043827
54049,84,0.0018891228
54049,85,0.0017304637
54049,86,0.0014208804
54049,87,0.0014989479
54049,88,0.0013068013
54049,89,0.0014748471
54049,90,0.0011565778
54049,91,0.0015011327
54049,92,0.0011958661
54049,93,0.0009010432
54049,94,0.0008347037
54049,95,0.00037244047
54049,96,0.0003376728
54049,97,0.00021121398
54049,98,0.0001030093
54049,99,2.6978303e-05
54049,100,0.0
54049,101,6.182855e-05
54049,102,5.8436446e-05
54049,103,0.00019824618
54049,104,0.00033013793
54049,105,0.0
54049,106,0.0
54049,107,0.0
54049,108,0.0
54049,109,0.0
54049,110,0.00023705294
54049,111,0.00082358724
54049,112,0.00068120996
54049,113,0.00032497823
54049,114,0.0
54049,115,0.00021409243
54049,116,0.00034952958
54049,117,0.00039437608
54049,118,0.0004152079
54049,119,0.0002436777
54049,120,0.0
54049,121,0.00017340496
54049,122,0.0008816471
54049,123,0.00082389894
54049,124,0.0002995578
54049,125,0.0
54049,126,0.00029549398
54049,127,0.002561631
54049,128,0.002540121
54049,129,0.002733381
54049,130,0.0022653493
54049,131,0.0024060537
54049,132,0.0021624358
54049,133,0.002058264
54049,134,0.0012595932
54049,135,0.0006345607
54049,136,0.0005022226
54049,137,0.0
54049,138,0.00033628146
54049,139,0.0025064957
54049,140,0.0027377491
54049,141,0.0031204077
54049,142,0.0031273183
54049,143,0.0028780713
54049,144,0.0022288628
54049,145,0.0020781122
54049,146,0.0024495996
54049,147,0.0023051263
54049,148,0.0020885249
54049,149,0.0028666279
54049,150,0.002792548
54049,151,0.0034103105
54049,152,0.0029952764
54049,153,0.0035574052
54049,154,0.004102367
54049,155,0.004362401
54049,156,0.0039044311
54049,157,0.0030729438
54049,158,0.002400915
54049,159,0.001980303
54049,160,0.0017701729
54049,161,0.0016555511
54049,162,0.0016154605
54049,163,0.0015431726
54049,164,0.0012993419
54049,165,0.0007891855
54049,166,0.0009190198
54049,167,0.00088806095
54049,168,1.7882536e-05
54049,169,0.001199124
54049,170,0.0011663932
54049,171,0.0015390688
54049,172,0.0020105576
54049,173,0.0017695922
54049,174,0.0016773987
54049,175,0.0017211215
54049,176,0.0018706602
54049,177,0.0021892055
54049,178,0.002325783
54049,179,0.0021823505
54049,180,0.0022196213
54049,181,0.0019749086
54049,182,0.0019457501
54049,183,0.0016528992
54049,184,0.001557132
54049,185,0.0015446551
54049,186,0.0014349621
54049,187,0.0010416888
54049,188,0.0005259624
54049,189,0.00021628315
54049,190,0.000597903
54049,191,0.00079079316
54049,192,0.0006665588
54049,193,0.00074309646
54049,194,0.0011824999
54049,195,0.0014873804
54049,196,0.0016416983
54049,197,0.0017322878
54049,198,0.0018013632
54049,199,0.0017847551
54049,200,0.0017123296
54049,201,0.0020192123
54049,202,0.002261145
54049,203,0.002022758
54049,204,0.0016343779
54049,205,0.001834013
54049,206,0.0014912273
54049,207,0.0010908317
54049,208,0.0012291247
54049,209,0.0011146187
54049,210,0.0014565256
54049,211,0.001242799
54049,212,0.0007996077
54049,213,0.0008936741
54049,214,0.00032669018
54049,215,0.0004781985
54051,73,0.041205503
54051,74,0.04170379
54051,75,0.040396344
54051,76,0.039326034
54051,77,0.039516907
54051,78,0.039317485
54051,79,0.037803337
54051,80,0.03576377
54051,81,0.033229817
54051,82,0.030513303
54051,83,0.028390247
54051,84,0.02597285
54051,85,0.02329122
54051,86,0.021317482
54051,87,0.019271472
54051,88,0.017250614
54051,89,0.015438143
54051,90,0.0126799485
54051,91,0.011945968
54051,92,0.010976767
54051,93,0.010263982
54051,94,0.009197396
54051,95,0.008032743
54051,96,0.007091326
54051,97,0.0062749363
54051,98,0.0058607515
54051,99,0.0056322725
54051,100,0.005064994
54051,101,0.0047588833
54051,102,0.0046412004
54051,103,0.0044128513
54051,104,0.0043409206
54051,105,0.0038428863
54051,106,0.003452631
54051,107,0.0033080294
54051,108,0.003145683
54051,109,0.0036657385
54051,110,0.0038421012
54051,111,0.0042154104
54051,112,0.0041187652
54051,113,0.0037864677
54051,114,0.0039243903
54051,115,0.0036123777
54051,116,0.0032108887
54051,117,0.0033141829
54051,118,0.0033113007
54051,119,0.0029986892
54051,120,0.0025850013
54051,121,0.00283174
54051,122,0.002832369
54051,123,0.00240521
54051,124,0.0021530485
54051,125,0.0015831764
54051,126,0.0032689702
54051,127,0.0042688427
54051,128,0.002135195
54051,129,0.0008362966
54051,130,0.00045477558
54051,131,0.0015418704
54051,132,0.0017124187
54051,133,0.0017966424
54051,134,0.0013267561
54051,135,0.0008606515
54051,136,0.0008988744
54051,137,0.0009635117
54051,138,0.00090134406
54051,139,0.0013902507
54051,140,0.0026047623
54051,141,0.001859898
54051,142,0.0019061954
54051,143,0.0015143753
54051,144,0.0014061661
54051,145,0.0014113683
54051,146,0.0010053933
54051,147,0.0011912743
54051,148,0.000895194
54051,149,0.0010456718
54051,150,0.0009194359
54051,151,0.0009727486
54051,152,0.00014131144
54051,153,0.0007399466
54051,154,0.0012838864
54051,155,0.0013044204
54051,156,0.001014473
54051,157,0.0011677534
54051,158,0.0014112411
54051,159,0.0012852333
54051,160,0.0007064973
54051,161,0.00096790394
54051,162,0.0010094432
54051,163,0.0009741441
54051,164,0.0008910594
54051,165,0.0008023443
54051,166,0.0010853094
54051,167,0.0011970426
54051,168,0.0013256051
54051,169,0.000116364405
54051,170,5.829975e-05
54051,171,0.00041567103
54051,172,0.0006748005
54051,173,0.0008226266
54051,174,0.0010236173
54051,175,0.0012727636
54051,176,0.0016022171
54051,177,0.0019518745
54051,178,0.0021855212
54051,179,0.0019199955
54051,180,0.0016599909
54051,181,0.001570201
54051,182,0.001509973
54051,183,0.0014519129
54051,184,0.0011046447
54051,185,0.00078272424
54051,186,0.00075895066
54051,187,0.00071338186
54051,188,0.0
54051,189,0.00041220442
54051,190,0.0011597279
54051,191,0.0015039752
54051,192,0.0014271601
54051,193,0.0014688142
54051,194,0.0016517367
54051,195,0.0017023528
54051,196,0.0017643076
54051,197,0.0017811793
54051,198,0.0017650592
54051,199,0.0017074107
54051,200,0.0016769241
54051,201,0.0018501814
54051,202,0.0016527356
54051,203,0.0013253359
54051,204,0.0013834886
54051,205,0.0013926359
54051,206,0.0010589685
54051,207,0.0012875338
54051,208,0.0011527315
54051,209,0.0009491122
54051,210,0.0012694134
54051,211,0.00057545246
54051,212,0.0007301668
54051,213,0.0007149948
54051,214,0.0005919446
54051,215,0.00087614753
54061,73,0.0
54061,74,0.0
54061,75,0.0
54061,76,0.0
54061,77,0.0
54061,78,0.0
54061,79,0.0
54061,80,0.0
54061,81,0.0
54061,82,0.0
54061,83,0.0
54061,84,0.0
54061,85,0.0
54061,86,0.0
54061,87,0.0
54061,88,0.0
54061,89,0.0
54061,90,0.0
54061,91,0.0
54061,92,0.0
54061,93,0.0
54061,94,0.0
54061,95,0.0
54061,96,0.0
54061,97,0.0
54061,98,0.0
54061,99,0.0
54061,100,0.0
54061,101,0.0
54061,102,0.0
54061,103,0.0
54061,104,0.0
54061,105,0.0
54061,106,0.0
54061,107,0.0
54061,108,0.0
54061,109,0.0
54061,110,0.0
54061,111,0.0
54061,112,0.0
54061,113,0.0
54061,114,0.0
54061,115,0.0
54061,116,0.0
54061,117,0.0
54061,118,0.0
54061,119,0.0
54061,120,0.0
54061,121,0.0
54061,122,0.00022001752
54061,123,0.0
54061,124,0.0
54061,125,0.0
54061,126,0.0
54061,127,0.0008334222
54061,128,0.0014668782
54061,129,0.0016889281
54061,130,0.0011741106
54061,131,0.0011852047
54061,132,0.0011663603
54061,133,0.0012390723
54061,134,0.0003190461
54061,135,0.0
54061,136,0.00015343408
54061,137,0.0
54061,138,0.0
54061,139,0.0
54061,140,0.0
54061,141,0.0017990309
54061,142,0.0032147407
54061,143,0.0035106167
54061,144,0.003145371
54061,145,0.0030841986
54061,146,0.0034498516
54061,147,0.0032512627
54061,148,0.003313698
54061,149,0.004149557
54061,150,0.005348398
54061,151,0.0063955253
54061,152,0.005938611
54061,153,0.006146627
54061,154,0.0064335847
54061,155,0.006796098
54061,156,0.0058074044
54061,157,0.0045738323
54061,158,0.0042994167
54061,159,0.0033732
54061,160,0.0031016374
54061,161,0.0026102797
54061,162,0.002319939
54061,163,0.0023310028
54061,164,0.0021435018
54061,165,0.0013290965
54061,166,0.001498422
54061,167,0.0012198467
54061,168,0.0008644082
54061,169,0.0012380532
54061,170,0.001338773
54061,171,0.0016527936
54061,172,0.0018064304
54061,173,0.0016165095
54061,174,0.0015634823
54061,175,0.00130625
54061,176,0.0014988108
54061,177,0.0017600425
54061,178,0.0018980752
54061,179,0.0018406278
54061,180,0.001814748
54061,181,0.001623921
54061,182,0.0016121054
54061,183,0.0014170266
54061,184,0.0014647859
54061,185,0.001407544
54061,186,0.001388554
54061,187,0.0014057303
54061,188,0.001095169
54061,189,0.0008534525
54061,190,0.00078499375
54061,191,0.0007871155
54061,192,0.0008212187
54061,193,0.0007911859
54061,194,0.0006969901
54061,195,0.0007504215
54061,196,0.0007662878
54061,197,0.0008883091
54061,198,0.0008801055
54061,199,0.0008949145
54061,200,0.00093542226
54061,201,0.0011711073
54061,202,0.0013995803
54061,203,0.0012145588
54061,204,0.0009619868
54061,205,0.0010980294
54061,206,0.0008766005
54061,207,0.0007048627
54061,208,0.0008473873
54061,209,0.0007346843
54061,210,0.0014086915
54061,211,0.0014085008
54061,212,0.00014261957
54061,213,0.0011906412
54061,214,0.00031793476
54061,215,0.0004730214
54065,73,0.0
54065,74,0.0
54065,75,0.0
54065,76,0.0
54065,77,0.0
54065,78,0.0
54065,79,0.0
54065,80,0.0
54065,81,0.0
54065,82,0.0
54065,83,0.0
54065,84,0.0
54065,85,0.0
54065,86,0.0
54065,87,0.0
54065,88,0.0
54065,89,0.0
54065,90,0.0
54065,91,0.00019583291
54065,92,0.0
54065,93,0.0
54065,94,0.00034604038
54065,95,0.0002709102
54065,96,0.0005811678
54065,97,0.00080659054
54065,98,0.0010210959
54065,99,0.00079089287
54065,100,0.0009651575
54065,101,0.001376272
54065,102,0.00088468136
54065,103,0.0016280054
54065,104,0.0011094423
54065,105,0.0007138723
54065,106,0.0006845439
54065,107,0.0004046863
54065,108,0.00063804485
54065,109,0.0005974132
54065,110,0.0003918971
54065,111,0.0006016925
54065,112,0.00035372135
54065,113,0.0004479679
54065,114,0.0005855079
54065,115,0.0007556634
54065,116,0.00090106745
54065,117,0.0011166144
54065,118,0.0013157501
54065,119,0.001739437
54065,120,0.0022553084
54065,121,0.0020052935
54065,122,0.0016238164
54065,123,0.0013257641
54065,124,0.0011954838
54065,125,0.0011853292
54065,126,0.0011080343
54065,127,0.0005150174
54065,128,0.00019447744
54065,129,0.00011817818
54065,130,0.00034486738
54065,131,0.00015659994
54065,132,0.0005139273
54065,133,0.00013054852
54065,134,0.0
54065,135,0.0
54065,136,0.0
54065,137,0.00031810685
54065,138,0.0012116329
54065,139,0.00051469426
54065,140,0.0
54065,141,0.0
54065,142,0.00093325233
54065,143,0.0016176883
54065,144,0.0017138906
54065,145,0.0024623768
54065,146,0.0025033941
54065,147,0.0026057279
54065,148,0.0026188055
54065,149,0.0030923004
54065,150,0.0032133495
54065,151,0.0037048387
54065,152,0.0031178263
54065,153,0.0023763108
54065,154,0.0017578723
54065,155,0.0014105481
54065,156,0.0020980712
54065,157,0.0016573401
54065,158,0.0017759629
54065,159,0.0016584182
54065,160,0.0014796875
54065,161,0.0006442951
54065,162,0.00058109546
54065,163,0.0010702742
54065,164,0.0007683795
54065,165,0.0009212611
54065,166,0.00092832407
54065,167,0.0010917673
54065,168,0.0011983683
54065,169,0.00066223874
54065,170,0.0014794942
54065,171,0.0015952059
54065,172,0.0022115351
54065,173,0.002154476
54065,174,0.002227245
54065,175,0.0018019133
54065,176,0.0022439696
54065,177,0.0023428944
54065,178,0.0017488082
54065,179,0.0017680214
54065,180,0.0016698752
54065,181,0.0018411397
54065,182,0.0017553575
54065,183,0.0018347411
54065,184,0.0015306365
54065,185,0.0015153433
54065,186,0.0015048094
54065,187,0.0013463749
54065,188,0.00059413776
54065,189,0.00075438834
54065,190,0.0010058889
54065,191,0.001153346
54065,192,0.0011326307
54065,193,0.001114448
54065,194,0.0010094556
54065,195,0.0008922901
54065,196,0.0009197247
54065,197,0.00073918654
54065,198,0.00076115894
54065,199,0.000733316
54065,200,0.0008787694
54065,201,0.00027229718
54065,202,0.0004269201
54065,203,0.0006850392
54065,204,0.0006096464
54065,205,0.0007781757
54065,206,0.001244367
54065,207,0.0011932501
54065,208,0.0012218246
54065,209,0.00092021667
54065,210,0.0012289351
54065,211,0.0020592876
54065,212,0.0019706339
54065,213,0.0019132586
54065,214,0.0016582479
54065,215,0.0016943556
