fipsCode,cdl_total_acres,pct_forest,pct_deciduous,pct_evergreen_mixed,pct_woody_wetland,pct_woody_total,pct_shrub,pct_developed,pct_dev_open,pct_dev_med_high,pct_grass_pasture,pct_water,pct_barren,pct_herb_wetland,pct_cropland,tree_proxy,wui_interaction
18001,217556.09999999998,0.06774804291858515,0.06756602090219489,0.00018202201639025523,0.010322395005242326,0.07807043792382748,4.136864008869437e-06,0.07425854756543256,0.028728222283815535,0.019149543497056627,0.09110109990020965,0.00527358230819545,0.002164958831308339,0.001156023664700737,0.7479712129423169,0.0823796712663998,0.005797397328020692
18003,422427.4,0.09957569040265854,0.0983290856606366,0.0012466047420219425,0.013226414763815036,0.11280210516647358,3.787633093876013e-06,0.26052334673366356,0.0651972386260929,0.09989740248856963,0.12302563706805003,0.014301629108339087,0.0067876752312941825,0.003254050281776229,0.47930176877730934,0.12258169096038751,0.02938758195657238
18005,262088.9,0.2951330636284101,0.2897337506472041,0.005399312981205995,6.60081369336893e-05,0.2951990717653437,6.10479879155508e-06,0.10518759092811637,0.0453166845295623,0.024511148698018115,0.10065363317561332,0.012498430875935608,0.002515940201969637,0.0001476598207707385,0.483791568433459,0.30199657444477807,0.031051279203212642
18007,260066.2,0.012905175682191688,0.012863263276811827,4.1912405379860974e-05,0.0005171760113386514,0.01342235169353034,1.538069922196733e-06,0.03732357376698702,0.010478101344965242,0.005537051719908238,0.03356952960438534,0.0006517571295308656,0.0010320449177940077,0.00020610136957436223,0.9137931034482759,0.014994066895275125,0.0005009701335599228
18009,105950.5,0.11195605495018901,0.11188904252457517,6.701242561384799e-05,0.0010372768415439287,0.11299333179173295,1.8876739609534643e-06,0.06449049320201415,0.03305789024119754,0.008624782327596376,0.06344944101254832,0.003543164024709652,0.0013515745560426801,0.00096176988310579,0.7532083378558856,0.11795201532791258,0.007286995695787683
18011,270876.2,0.0688753755405606,0.06838917557171874,0.00048619996884185465,0.0008169783834829343,0.06969235392404352,2.584206364383434e-06,0.12916675588331494,0.05352703559781184,0.03645835256105926,0.07929969484214561,0.003537040168165383,0.0022002671331036094,0.0012529709143881964,0.7148483329284743,0.07772140926371529,0.009001935266240515
18013,202635.6,0.8480000552716305,0.8253529981898541,0.02264705708177635,0.0001164652213135303,0.848116520492944,0.0,0.05830318068493393,0.05208364176877113,0.0018032369435577952,0.05120965911221917,0.01593155398163008,0.0004026933075925454,0.0007333360969148559,0.025303056323765418,0.8559290667582596,0.049447890736177585
18015,240012.7,0.11687964845193607,0.11661466247411074,0.0002649859778253401,0.0023757076188051715,0.11925535607074125,8.332892384444657e-07,0.05531248971408596,0.029603016840358865,0.009051187707983787,0.04791413121055677,0.009008273312203895,0.0015815829745675959,0.0017640733177869336,0.765163260110819,0.12369580859679508,0.006596310656012534
18017,265456.0,0.1374208908444337,0.1367364082936532,0.0006844825507805437,0.002627177385329395,0.14004806822976312,3.390392381411609e-06,0.07113419926466157,0.034318305105177506,0.012664999095895364,0.0676986016514978,0.007202323548912061,0.0038070339340606353,0.0015354710385148576,0.7085709119402086,0.14519581399553974,0.009962207192086889
18019,240455.6,0.4386090405047751,0.4219053330427738,0.0167037074620013,9.897877196455395e-05,0.43870801927673964,1.206043860072296e-05,0.16844066014682127,0.07482254520169213,0.04539341150715558,0.19446043261209137,0.009429183599799714,0.006725981844465256,0.00039383570189257394,0.18182982637958942,0.4499314010569935,0.07389626837867841
18021,230662.7,0.29584237069972735,0.2827886780133936,0.013053692686333768,0.00012052230377950141,0.29596289300350687,0.00011878816991217045,0.060992956381764364,0.036084291044889354,0.007415156416707166,0.08382066107784222,0.015693477965878316,0.0007595506338909584,0.0013573932846533054,0.5412942794825518,0.30137553666024025,0.01805165182358369
18023,259347.1,0.060665031534958364,0.06048149372019197,0.00018353781476638836,0.0007819636309794866,0.06144699516593785,2.6990855112704167e-06,0.0652519345695402,0.03269209487979623,0.012934788937296774,0.03861928666254606,0.000946607847166982,0.0006150059129251879,0.0005436729386987555,0.8325737978176737,0.06635080939790729,0.00400953530806263
18025,197689.7,0.7185048082929965,0.6621741041642534,0.05633070412874317,0.0029723349269081796,0.7214771432199047,0.0009449151877917768,0.0533376296286554,0.043091774634692645,0.0033026505680366753,0.1342062838883361,0.009085450582402623,0.007867885883786561,0.006500085740430583,0.0665806058686922,0.7279409094151087,0.03848188065060365
18027,279691.4,0.17260130272149946,0.1704331988756179,0.0021681038458815677,0.009799371736134897,0.18240067445763433,0.0007125710694000602,0.06614468660816884,0.03142570704712408,0.017091337095098382,0.13575462098584368,0.022897021502985074,0.0026511362165586782,0.0006846831901159635,0.5887546059692933,0.18711453051470295,0.012064835449118851
18029,196593.5,0.5606492584953215,0.5161605037806438,0.04448875471467775,0.00018311897392334946,0.560832377469245,5.595301980991234e-06,0.10863533128002706,0.067014931826332,0.015164285696119151,0.22288275044698835,0.011672308596164166,0.001609920979076114,0.0005473222665042333,0.09381439366001419,0.5708846172431947,0.06092621111893661
18031,238959.50000000003,0.17872693908381962,0.17728694611429968,0.0014399929695199396,8.369619119557917e-07,0.1787277760457316,1.6739238239115833e-06,0.05946070359203128,0.026787802954057065,0.013196378465806964,0.08861292394736346,0.004543447739052015,0.0018932078448440004,6.528302913255174e-05,0.6666949838780211,0.18274594648884016,0.010627279315118195
18033,232887.19999999998,0.14201295734587388,0.13900205764850967,0.0030108996973642176,0.03076725556406707,0.17278021290994097,2.104022891769063e-05,0.09248339968877638,0.03170504862439842,0.02848975813183378,0.14828036920878435,0.009325115334805864,0.0024904760759715434,0.0021065992463304125,0.5725127873064728,0.17753597020360073,0.015979301488861952
18035,253389.4,0.10832655193942606,0.10740346675906728,0.0009230851803587679,0.0024409071571265414,0.1107674590965526,7.892989998792373e-07,0.15084490511442072,0.05764408455918046,0.03054587129532648,0.09648509369373778,0.010353234981415955,0.0025600913061083063,0.0029902592610424905,0.6259981672477223,0.11941407178042966,0.016708706857184955
18037,278563.8,0.3580978576541532,0.35031615737579685,0.0077817002783563405,0.0037610773546311476,0.3618589350087843,0.00013318313434839703,0.07683051423049227,0.04604403012882507,0.014216491877264741,0.1775499903433253,0.016971695532585353,0.0020749286159938945,0.0002082108299786261,0.36437254230449184,0.36876553952810803,0.027801808055623177
18039,299481.2,0.10370266981700353,0.10137163868716968,0.0023310311298338593,0.054019751490243795,0.15772242130724734,5.40935457718214e-05,0.2724782056436264,0.08713067798579677,0.09272602086541658,0.12695554846180662,0.010236702671152646,0.006323936193657565,0.0013506690904136888,0.4248784230863239,0.17079202300511687,0.04297592234756682
18041,137723.3,0.28621228216285843,0.284371635010198,0.0018406471526604433,5.082654859417397e-06,0.2862173648177178,5.082654859417397e-06,0.06703803931506144,0.03913934679171934,0.009649783297379602,0.09765813046884587,0.003584723862991956,0.0010608226785155453,0.00016337104905270205,0.5442724651529552,0.2920882668364757,0.01918745095530345
18043,95192.90000000001,0.4886183738493102,0.45941241416114015,0.02920595968817002,0.00031304855719281583,0.488931422406503,0.0003088465631365364,0.21217968987182867,0.10856586993357698,0.04473547922166464,0.2101501267426457,0.004527648595641061,0.003742926205630882,0.0030769101477105955,0.07708242946690351,0.5052163028965395,0.10374131757480387
18045,254580.30000000002,0.19034544306845425,0.18949738059072127,0.0008480624777329589,0.008047362659247395,0.19839280572770163,2.7496235961698525e-06,0.04975875980977318,0.028360403377637622,0.0057639966643137745,0.0707925947137308,0.00677035890051194,0.0016438821071386904,0.0005554239664263103,0.6720834251511213,0.20264686623434727,0.009871779968191698
18047,250374.2,0.4913573363389678,0.4799903504434562,0.011366985895511598,0.0,0.4913573363389678,1.2381467419566393e-05,0.0553391683328394,0.039565977644661465,0.004498466695050847,0.1291746513818117,0.017293315365560828,0.001908742993487348,0.00014737940251032254,0.30476702471740297,0.497292232985667,0.027191306347237727
18049,237619.59999999998,0.11368801226834825,0.11112930078158537,0.0025587114867628765,0.015130065028305746,0.12881807729665398,4.629247755656521e-06,0.05079378973788358,0.024050625453455862,0.007878558839422338,0.06781932130177815,0.00789076321986907,0.0019598551634629467,0.004888485629973285,0.7378250784026233,0.13242567111467235,0.006543158332644677
18051,319460.4,0.15682413219291028,0.15528403520436335,0.0015400969885469371,0.0363923040226582,0.1932164362155685,0.0011960793888694812,0.06794300639453277,0.03333840438439318,0.01485536235477073,0.0694771558540589,0.032359566318704916,0.002536151585611237,0.001119387567285335,0.6321522166753688,0.19821719687322747,0.013127705561323203
18053,265559.6,0.10645406906773472,0.10611252615232138,0.0003415429154133385,0.0013349169075416592,0.10778898597527638,1.5062532102021546e-06,0.10624582956142425,0.04294892747240168,0.020698931614598005,0.0681319748937715,0.005694766824471795,0.002302308031793993,0.0011650868580913663,0.7086695416019606,0.11423132509613663,0.011452130232527963
18055,349430.8,0.45427592530481004,0.4409287904786871,0.01334713482612294,0.0007732575376870041,0.45504918284249707,0.00022407870170574546,0.06041568173154742,0.040738538217008916,0.006560669523121602,0.15670312977562367,0.017347640791824877,0.0012111124720545526,0.0065675378358175645,0.30248163584892923,0.4611599635750484,0.02749210660281303
18057,257573.2,0.08260214960252076,0.08189749554689695,0.0007046540556237994,0.0016748636892347493,0.0842770132917555,0.0,0.38280807164720554,0.1175137786074017,0.1301288332792387,0.08828946489774557,0.018925493801373743,0.005026920502598872,0.0023061405456778887,0.4183668953136429,0.10190408008286576,0.032261920942402836
18059,196470.8,0.08034934453364062,0.08000171017779742,0.00034763435584320927,0.0002987721330599764,0.0806481166667006,0.0,0.16839092628522917,0.06442382277671797,0.04391848559684187,0.0899365198289008,0.0050358628355969435,0.00339032568707411,0.00044484981992234983,0.6521533988765761,0.0903116900832083,0.013580411068664944
18061,311142.1,0.5029390108249575,0.4389422067923306,0.06399680403262689,0.0032801732713123683,0.5062191840962699,0.0004981646649553372,0.06458495973383224,0.048523488142556095,0.006569345646249737,0.20329521463022845,0.004463876794557857,0.006016222169870295,0.007497860302414878,0.20742451760787115,0.5134977073176533,0.032694145621351
18063,261643.6,0.12661460093042598,0.1260764643201668,0.0005381366102591464,0.00020906301549130193,0.12682366394591726,6.115188752944846e-06,0.22759241961202187,0.07440808794864465,0.0740427054206562,0.11481687302880712,0.0051329365595030796,0.0025313059444221067,0.0006577649902386299,0.5224389207303369,0.13798487713821397,0.028864104541513252
18065,252706.2,0.12348213063233114,0.12289567885552471,0.0005864517768064257,0.0003035145160664835,0.12378564514839763,2.7700151401113226e-06,0.08660254477333758,0.04154983138522125,0.013500262360005412,0.11106771420724937,0.006426039408609682,0.0013790718233268515,0.0011511391489405483,0.6695850754749981,0.1300181198561808,0.010720151876260584
18067,188102.80000000002,0.0722907899297618,0.07172779990515823,0.0005629900246035677,0.0022344164999138767,0.0745252064296757,2.1264967879266017e-06,0.15273935316220705,0.05503373687154045,0.04287974448014596,0.053238973582530394,0.005067441845629092,0.0014481443125780155,0.0017814726840855106,0.7111972814865063,0.08278026696040676,0.01138293182434862
18069,248128.0,0.13492189515088987,0.1337398439515089,0.0011820511993809646,0.008903872194996132,0.14382576734588598,0.0,0.0797040237296879,0.03629417075058035,0.01717178230590663,0.08471111684291979,0.016472949445447513,0.001985265669331958,0.0027792107299458345,0.670521666236781,0.14926989295847304,0.011463492373477067
18071,328835.4,0.40523343897889336,0.39625873613364004,0.008974702845253278,0.007680134194797761,0.41291357317369115,0.0,0.06494677884437015,0.03601345840502573,0.012095108981575585,0.09769568604839989,0.009867246652884694,0.0018036379294929924,0.0010105359702757063,0.41176254138088536,0.418315591934445,0.02681740651875037
18073,359283.1,0.09758071003061375,0.09630205261533314,0.0012786574152805963,0.008538392148141675,0.1061191021787554,1.3638270210872709e-05,0.06427132253089556,0.016152721906485444,0.012333727915395967,0.08192898580534404,0.004214225495159667,0.0018286415364374223,0.0020279272807432356,0.739596156902454,0.10854201046472822,0.00682041504281985
18075,245824.8,0.10887632167299638,0.108751435982049,0.0001248856909473739,0.0012891294938509052,0.11016545116684728,1.6271751263501486e-06,0.05881587211705247,0.029251320452615033,0.010036822973109306,0.06712585548732268,0.002300418834877523,0.0024464578024674484,0.0007102619426518398,0.7584340554736544,0.11455314923473954,0.006479477087546678
18077,232315.5,0.5200832488576956,0.4919676044000508,0.028115644457644886,2.410515010836556e-05,0.5201073540078041,0.0008931819013367597,0.07178858061558527,0.04786077554015982,0.009475476238133057,0.1555423551162105,0.005409884402891757,0.0010184425920784451,7.274589943417464e-05,0.24516745546465904,0.527286470338828,0.03733776871194799
18079,242142.0,0.4700646727953019,0.46229567774281205,0.007768995052489861,1.941009820683731e-05,0.4700840828935087,3.9646158039497484e-05,0.06510972900199057,0.044970719660364575,0.006752649271914826,0.09817999355749932,0.0058073361911605585,0.001298824656606454,8.09442393306407e-05,0.3593994433018642,0.47682969084256344,0.03060704724534562
18081,205936.1,0.17644502348058452,0.1745420059911788,0.001903017489405694,1.5053213108337974e-05,0.17646007669369285,0.0,0.22210724588840908,0.07359661564922323,0.06095191663821933,0.13836719254176416,0.013136113580863189,0.007480475739804726,0.00010245896664062299,0.4423464365888254,0.18749956904107634,0.03919306164369356
18083,335301.4,0.1107949444887495,0.10997717277649302,0.0008177717122564951,0.02387702526741612,0.13467196975616563,0.00031225637590537943,0.06109011176213401,0.028483925208782308,0.01416397307019893,0.06405371406143845,0.023773536287053976,0.0015687378579391554,0.000906050496657634,0.7136236234027058,0.13894455853748297,0.00822712568363089
18085,354796.60000000003,0.1481758844363221,0.1451265316522199,0.0030493527841022145,0.02529928415323033,0.17347516858955242,4.509626078716651e-06,0.09861565753448595,0.04132142190765075,0.02202219525215292,0.10549311915615875,0.03196225668453418,0.002647150508206674,0.009105216904558837,0.5786969209964244,0.17967338187570003,0.017107367816364516
18087,247430.0,0.052241846178717216,0.049443074809036903,0.0027987713696803135,0.16021703107949722,0.21245887725821444,7.2747847876166995e-06,0.08673725902275392,0.03243584043972032,0.021941963383583236,0.2642407953764701,0.018695388594754073,0.003165743846744534,0.0009267267510002829,0.41376793436527504,0.2173242533241725,0.018428100668429228
18089,322489.2,0.08579698172838036,0.0849383483229826,0.000858633405397762,0.0419756692627226,0.12777265099110297,0.00037303574817389233,0.42230623537160317,0.053050458744044765,0.19469861316285939,0.08448530989564922,0.020381767823542615,0.006912789637606469,0.004472087747434642,0.33329612278488707,0.1357302198027097,0.05395918722350243
18091,386393.0,0.16088309053217836,0.15811130118816852,0.002771789344009855,0.059690263539970964,0.22057335407214934,0.0007585541145931733,0.12120664711834842,0.04521872808254808,0.029578951999648027,0.07401945687421874,0.009790291231984017,0.002369090537354455,0.0037174586496132177,0.5675651474017387,0.22735616328453156,0.026734956690733523
18093,289215.8,0.5385625543279449,0.5283207210671064,0.010241833260838449,0.0001922439922023624,0.5387547983201472,6.223726366263531e-06,0.07732495942476172,0.055734161135041725,0.009700369066973519,0.21380021423449205,0.007492675019829484,0.004322377961370021,3.146439440722118e-05,0.15826728691862618,0.5471149224904034,0.041659192920001066
18095,289881.3,0.090595012510293,0.09019553865668466,0.00039947385360835627,0.0017200143645002284,0.09231502687479325,1.3798751419977765e-06,0.15927174329630783,0.0613064726838192,0.03185165790273468,0.0836483760766907,0.005146244342080707,0.0019570079201383463,0.001506133717490573,0.6561540878973567,0.10151099777736612,0.014703175262793829
18097,257922.9,0.07277058376747471,0.07205137659354792,0.000719207173926782,0.0005982407921126818,0.07336882455958738,2.713989335572762e-06,0.8128518250996711,0.20113258652101074,0.31286675204101694,0.033762415047287386,0.0253785142769409,0.0028248751855690208,0.001947868917416794,0.04986296292419169,0.10353871253773898,0.05963798294867818
18099,287890.39999999997,0.16320863773158123,0.15923872418114673,0.003969913550434471,0.02327239810705741,0.18648103583863865,6.252379377707629e-06,0.08350851574071244,0.03555728152102328,0.016526775467330623,0.10218680442279424,0.013185920753175515,0.002095936509171546,0.004888318610137748,0.6076472157459922,0.19181462806679214,0.015572754516675317
18101,217923.00000000003,0.6740151337857866,0.6608003744441844,0.013214759341602308,0.0003593012210734984,0.6743744350068602,9.17755353955296e-06,0.06523359168146546,0.05280993745497262,0.005902543558963486,0.08759607751361718,0.01274027982360742,0.0013408405721286874,0.0003326863158087948,0.15837291153297262,0.6822959256251061,0.043991866533656485
18103,241506.1,0.14764057719453047,0.1468641992893761,0.0007763779051543626,0.0027386471811685085,0.150379224375699,1.6562728643293069e-06,0.08029072557587573,0.03828764573648451,0.015289882947055997,0.06934317601087508,0.0075207210087032995,0.001747781940083501,0.0018223142189783199,0.6888944005969208,0.15612237123617168,0.01207405703666229
18105,263281.1,0.6339592929382323,0.6216720455816996,0.012287247356532619,4.405937228308451e-05,0.6340033523105153,2.6587552239792376e-06,0.12945783043294792,0.07128046791053365,0.024602221731829594,0.13857356262944817,0.042479312035691136,0.005234709213840265,0.0003380417356202174,0.049910532886713106,0.6446954224970953,0.08207669847733523
18107,323469.4,0.12240910577631146,0.12180533923765277,0.0006037665386586799,0.0006937286803635831,0.12310283445667503,3.3078863101115586e-05,0.0670140668638208,0.03474702707582232,0.012882207714238193,0.06475141079805384,0.00366742572867789,0.0007521577002337779,0.0006346813639868253,0.7400443442254506,0.12831488851804837,0.008249621579405484
18109,262047.19999999998,0.4377982287160481,0.4353879759066306,0.0024102528094175403,1.526442564545624e-06,0.4377997551586127,3.434495770227654e-06,0.10094746289981348,0.05822958612036305,0.0145805793765398,0.11267016018488274,0.015601387841579687,0.0028437624977484975,5.266226847682403e-05,0.33008137465311593,0.44653419307666714,0.044194774541421476
18111,258180.7,0.09298642384965258,0.09168655906502693,0.0012998647846256515,0.023780243836971547,0.11676666768662414,3.718325963172305e-05,0.050162928522542546,0.011351351979446951,0.007888660926242743,0.1031413269853246,0.005553474756246303,0.0027941670310755217,0.005457030676576522,0.7160872210819785,0.11846937048354118,0.005857358004979605
18113,267205.1,0.15858192826409379,0.1556257721128826,0.002956156151211186,0.059238764529569235,0.21782069279366303,2.1706172524401668e-05,0.08201303043991301,0.035668855122899974,0.018650093130707462,0.15271864197202822,0.020439729630908995,0.002053104525325303,0.005724441636780137,0.519208652828857,0.22317102106209802,0.017864135108529626
18115,55885.700000000004,0.5572123101258462,0.5059236978332561,0.051288612292590054,2.862986416918818e-05,0.5572409399900153,3.5787330211485225e-06,0.06771141812664062,0.04888728243539939,0.005130113785816407,0.25400415490903755,0.014103786836346327,0.0006083846135952488,0.0005260737541088328,0.10580166303723493,0.5645740323553252,0.03773157428494618
18117,261257.19999999998,0.5861216456426848,0.5541573591081892,0.03196428653449551,5.014215876155758e-05,0.5861717878014463,2.2200345100536944e-05,0.055783725769088854,0.046063419496189965,0.005047899158377263,0.1510098094904179,0.02159940472453965,0.002437827550781376,0.00010717407979569559,0.18286807023882978,0.5930813007258748,0.032698846264292425
18119,248143.3,0.6020102094233453,0.5951814939190379,0.00682871550430739,9.67183075263366e-05,0.6021069277308716,1.0880809596712869e-05,0.05818976373732436,0.04828097313125118,0.0024844515245827713,0.12352338346431277,0.015709068107017197,0.000940182547745597,0.0004473221723093068,0.19907247143082243,0.6093490737005592,0.03503645986926565
18121,288082.8,0.4059228805051881,0.4039904499678565,0.0019324305373316286,0.0058587322811358405,0.4117816127863239,5.727520004665326e-05,0.04746760306411907,0.03247885677312218,0.004113053608198755,0.07635686684522644,0.015545530659935268,0.0012506820955641921,0.0004578544779487009,0.44708257487083575,0.41665344130229226,0.019546286144844
18123,247263.2,0.6934157610190275,0.6525237075310842,0.04089205348794321,0.0034671556462910775,0.6968829166653185,0.00011162194778681178,0.05407234072842218,0.041611934165698736,0.005554809611782101,0.12127926840710627,0.011696038876792016,0.0008040015659426878,0.0044017872453321,0.11075202456329936,0.7031247067901734,0.037682090517743745
18125,218275.6,0.45102109443290955,0.41095019324193816,0.04007090119097141,0.02193648763306572,0.47295758206597527,0.0019072218791289545,0.056285723186650274,0.037350945318670524,0.007057591411958093,0.09594384347128126,0.028901077353584183,0.0034323579914566724,0.0027588974672386655,0.33781329658468473,0.47856022386377584,0.026620759543192915
18127,268736.3,0.16319976125294575,0.16166926462855968,0.0015304966243860618,0.041630401252082436,0.2048301625050282,0.0025705496429027264,0.23206913245438002,0.055765819504101234,0.0678512727904641,0.09929213135702175,0.0088540327451111,0.003972295517948264,0.001382768163437541,0.44702892761417046,0.2131950354306434,0.047534758113031574
18129,268341.7,0.16502876742600947,0.1639357580279174,0.0010930093980920596,0.05345684252577963,0.2184856099517891,4.8818353614067436e-05,0.05965453747963883,0.03339138121283423,0.010905871133707508,0.04995608211470673,0.03372267523087168,0.0010848108959583993,0.00140902438942587,0.6356384415839954,0.22349431713371423,0.013033658007630752
18131,278120.6,0.1252708357453565,0.12285749419496435,0.0024133415503921683,0.014096043227290609,0.1393668789726471,7.910237501285415e-06,0.042685798894436446,0.018864837771815537,0.005606201050911008,0.05715542106553776,0.002099089387841102,0.0022220576253610845,0.0014497308002355813,0.7550131130164396,0.14219660463841943,0.005948986568371678
18133,308831.4,0.35655182730771545,0.3552290991136264,0.0013227281940890725,0.0003493815719515567,0.356901208879667,2.75231080777408e-05,0.06702265378455688,0.03885615258033995,0.009256183147179983,0.10702797707746038,0.008751700766178568,0.004044277881070383,0.0004970349517568485,0.45572762355123214,0.36272963176671796,0.02392046615803174
18135,290168.2,0.08249456694427576,0.0823801505471654,0.00011441639711036565,0.0007564578061965439,0.0832510247504723,6.892554042793111e-07,0.06025298430358668,0.03314525850868565,0.0088052377896682,0.06720412505574352,0.0019405985907484005,0.0017765558045299242,0.0006368719935540835,0.7849371502459607,0.08822281352677515,0.005016122687547714
18137,286728.4,0.4387612109578263,0.4269570087929901,0.011804202164836129,3.836383141676932e-06,0.43876504734096794,0.00022181269800968442,0.059283628688333624,0.03648086481841352,0.007512684477714798,0.1264513734949171,0.007057549932270399,0.001804843887107102,0.0001837976286967039,0.36623194632969736,0.44423717706372995,0.02601158414798107
18139,261436.59999999998,0.08024239911320756,0.07988590732896618,0.0003564917842413802,7.497037522672802e-05,0.08031736948843429,8.4150421172858e-06,0.035644588401164946,0.020356369383628767,0.004934657197959276,0.05574391649830208,0.0015590778031844051,0.0011738983753613688,0.00031212156216841864,0.8252406128292672,0.0833708248959786,0.002862879576879524
18141,295169.7,0.13607223234634175,0.13352047991375807,0.0025517524325836967,0.04187591070492669,0.17794814305126844,0.00029169660707044115,0.2929582541839491,0.09922224401759394,0.09131560590399354,0.06544879098362738,0.008578793826060058,0.005006611450972101,0.002325780728848523,0.44744192916820386,0.19283147965390754,0.052131377323575236
18143,123337.5,0.4653807641633729,0.4509090909090909,0.01447167325428195,0.006003040437823046,0.47138380460119594,3.2431336779162868e-06,0.08552629978716936,0.05859450694233303,0.010328569980743895,0.17289551028681463,0.013712779973649539,0.001156177156177156,0.0004799837843316104,0.2548422012769839,0.4801729806425459,0.04031571258713835
18145,264169.4,0.0936414285681839,0.09310427324285098,0.0005371553253329113,1.0977804393695862e-05,0.09365240637257759,7.570899581859216e-07,0.07200720446804208,0.03315259072398241,0.015751256580058097,0.07734809557806467,0.005072124174866582,0.0037782574363268416,6.738100627854702e-05,0.7480737738738854,0.09862529498117495,0.006743647974594362
18147,256769.5,0.27928940158391086,0.2738896169521692,0.005399784631741698,0.017998243560859058,0.2972876451447699,0.00016123410296004783,0.06474873378652839,0.04552370900749505,0.008573448170440805,0.13618595666541392,0.014051902581887646,0.0007812454360817776,0.0005129113855033405,0.48627037089685493,0.3041162014958942,0.019248998593502625
18149,199929.69999999998,0.23062906611674006,0.2254597491018093,0.005169317014930749,0.02314263463607458,0.25377170075281463,1.9006680848318185e-05,0.07807644387002033,0.0351038389994083,0.009026672875515744,0.14945303274100846,0.011637590613100504,0.0020547222348655555,0.006379242303669741,0.49860826080367254,0.25903727660272585,0.019813591949626726
18151,206387.30000000002,0.051954262689613166,0.04887267772774778,0.003081584961865386,0.22722619075883058,0.2791804534484438,0.0,0.10506848047336245,0.04171235342484736,0.025805366899998204,0.14301800546835972,0.04375947551036328,0.002052936396764723,0.0020224112627085095,0.4248982374399975,0.28543730646217086,0.02933306602169229
18153,290506.7,0.2732215814643862,0.2643670524638502,0.00885452900053596,0.016323547787366006,0.28954512925175213,0.0007356112612893265,0.05716356972145565,0.03377787844480007,0.010009407700407598,0.11620661416759064,0.03179203784284493,0.009455203614925233,0.0028453732736628792,0.4922564608664792,0.2946118110184721,0.01655143318349042
18155,143026.0,0.6067365374127781,0.5595087606449177,0.047227776767860385,2.0276033728133347e-05,0.6067568134465062,2.7966943073287378e-06,0.060219120998979206,0.04818844126242781,0.0033958860626739193,0.21741431627815921,0.016043936067568133,0.0018220463412246726,0.0002146462880874806,0.09752632388516773,0.6139850796358703,0.03653836196589021
18157,322163.5,0.13866778825037596,0.13765370689106618,0.0010140813593097913,0.00520139618547725,0.14386918443585323,3.414415351211419e-06,0.15759730695749208,0.05528124694448626,0.05220175469908913,0.08390801565043836,0.00922606068036882,0.0017546990891271045,0.0015600774141080538,0.6020812413572612,0.15216137147752617,0.022673396021261203
18159,166759.19999999998,0.03472252205575464,0.03456121161531118,0.0001613104404434658,0.00031902287849785803,0.03504154493425251,0.0,0.05673210233678263,0.027556500630849756,0.010797005502544988,0.030073303302006728,0.0004479512974396616,0.0005960690624565243,0.00018289845477790733,0.8769261306122842,0.03917502002887997,0.0019879805132489805
18161,105728.9,0.22845220181047945,0.22545491346263888,0.002997288347840562,3.7832607735444145e-06,0.22845598507125298,1.8916303867722073e-06,0.050293722908306054,0.03442105233290047,0.00430629657548693,0.07311529770951934,0.02319422598740742,0.0005741098223853649,0.0001598427676822515,0.6242049241030598,0.23361914292118804,0.011489902009917702
18163,150751.69999999998,0.2013476464942021,0.19452914958836287,0.006818496905839206,0.017693996153940555,0.21904164264814263,0.00015920218478464922,0.2921379991071411,0.10197430609406063,0.0916387675893539,0.08135762316444857,0.01804092424828377,0.0012344802745176341,0.0004517361993264421,0.38757639217335527,0.23433778856225174,0.06399038720436981
18165,166344.0,0.2619300966671476,0.2591755638916943,0.0027545327754532776,0.013865844274515461,0.27579594094166304,9.49838888087337e-05,0.07438681286971578,0.03472322416197759,0.01213569470494878,0.09105588419179532,0.017793848891453856,0.00346811426922522,0.001886452171403838,0.5355179627759342,0.2810044245659597,0.020515581049054675
18167,262634.9,0.28802265045506137,0.2801367982701461,0.007885852184915255,0.02578294050029147,0.3138055909553528,0.00024977640062307026,0.13769761749104933,0.06009368899563614,0.031027483399959407,0.11246030135370431,0.024954794659811014,0.0032101598073980267,0.0039579659824341695,0.40366379334962715,0.32281964430469823,0.04321028222992286
18169,269475.3,0.16189424411068473,0.15966361295450826,0.002230631156176466,0.005185261877433665,0.1670795059881184,6.605429143227599e-05,0.06494992305417233,0.03045214162485393,0.011998873366130404,0.07739559061628283,0.020586673435376082,0.002085534369940399,0.002641058382716338,0.6651956598619614,0.1716473272318465,0.010851801057857415
18171,234520.0,0.16316049803854682,0.16282449258059015,0.00033600545795667747,0.006010148388197169,0.16917064642674398,2.9848200579907897e-06,0.04261555517653078,0.019901074535220876,0.005107453522087668,0.0789847347774177,0.00608604809824322,0.0014156575132184888,0.00042469725396554665,0.7012996759338223,0.17215580760702712,0.0072093010170482886
18173,250214.2,0.3686321559687659,0.3444468779150024,0.024185278053763533,0.024357930125468497,0.3929900860942344,0.006542394476412609,0.10342378649972704,0.05092117074090919,0.018617248741278472,0.13602545339153413,0.03856655617466954,0.003059378724309012,0.002057437187817478,0.3173349074512957,0.4006282617053708,0.04064452276071945
18175,330690.30000000005,0.438246298727238,0.4218660178420715,0.016380280885166573,0.0063754515932278625,0.44462175032046597,0.0001753906903226372,0.05133836704614559,0.039164136353561016,0.005269583050969441,0.16905031686747388,0.004359970643227212,0.002106200272581324,0.001811664871936068,0.32653633928784725,0.45049637077350013,0.022826154614651782
18177,258768.9,0.19045990457122167,0.18884069917211843,0.0016192053991032154,0.0003060646004987462,0.1907659691717204,7.728904052998641e-07,0.11049202589646592,0.05227251033644306,0.020447588562613205,0.13647698776785,0.003906960998790813,0.0017799666034055872,0.0011612678339630459,0.5554160488373989,0.19860684572218684,0.02107811840588615
18179,236984.69999999998,0.07425753645699491,0.07326000370488053,0.000997532752114377,0.006836306310069806,0.08109384276706472,1.6878726770124824e-06,0.05958274943487914,0.024682606092292034,0.01203326628259124,0.05336293862008814,0.004113345713879419,0.0015494671174974587,0.0012291932770343403,0.7990667751968799,0.08479623368090852,0.004831794114301503
18181,325558.3,0.05480984511837052,0.05459820867721696,0.00021163644115355072,0.0014617965507253232,0.05627164166909583,1.2286585843457225e-06,0.0550454404019188,0.01876714554658874,0.009902988189826522,0.05310139535683778,0.007678194658222505,0.0031773110991180384,0.0008443956120915977,0.823880392544131,0.059086713501084145,0.003097497297814345
18183,216257.9,0.14181123556642325,0.13996112974369954,0.0018501058227237016,0.01629073435005149,0.15810196991647474,9.24821705935367e-07,0.07784501745369764,0.032506095731069246,0.01844279445976309,0.11463211286154171,0.012429141316918366,0.0011509406130365643,0.003442186389491436,0.6323977066271337,0.16297788427613513,0.012307450607611955
39001,374901.3,0.6217335069256895,0.5692404907638358,0.052493016161853805,1.0669474872453097e-06,0.6217345738731768,5.334737436226549e-07,0.05879067370531924,0.041552003153896774,0.005398220811717644,0.18819193211653307,0.004572403456589775,0.002426238585995834,0.00033635519535408386,0.12394728959328763,0.6279673743462613,0.036552194463893635
39003,260324.0,0.10385788478972358,0.10314646363762081,0.0007114211521027644,0.0005289562237826708,0.10438684101350625,6.146187059203148e-06,0.17788294586745745,0.06850194373165748,0.04341897020635823,0.052652847989428556,0.01181758116808285,0.0005835036339330988,0.0021734453988107127,0.6504966887417218,0.11466213257325486,0.01856863878928042
39005,273090.0,0.3114321286022923,0.2956596726353949,0.01577245596689736,0.004053242520780695,0.31548537112307296,1.4647185909407157e-06,0.09077044197883481,0.046470760555128346,0.014503643487494966,0.22030173202973377,0.007764107070928998,0.0008689443040755796,0.002624775714965762,0.3621831630597971,0.3224559852063422,0.02863674657469806
39007,453799.80000000005,0.49723732800234816,0.49187020355672256,0.005367124445625582,0.027503317542228973,0.5247406455445771,1.5204942796360862e-05,0.11212168890334459,0.05811813932046686,0.015373519336059644,0.19324380486725642,0.011861618273079891,0.0018386962709106523,0.003005069636434392,0.1531732715616005,0.5334583664426471,0.058834807414689286
39009,325410.9,0.7483569235080939,0.7347375272309563,0.01361939627713761,2.458430249263316e-05,0.7483815078105865,0.0,0.08868541281192485,0.05908898564860612,0.00933773269426439,0.14112895419299107,0.005867965701210377,0.0007777858701106816,0.00021941489974675095,0.014938958713429698,0.7572448556578775,0.06637052296099263
39011,257299.2,0.08623462490361415,0.08610053976071437,0.0001340851428997836,0.0008764115862000348,0.08711103648981418,0.0,0.09844686652737357,0.04330794654627764,0.02258537920055717,0.056107830883267415,0.013680959754247194,0.0011263152003581822,0.0016094103673855184,0.741917580777554,0.09360722847175583,0.008575808582373905
39013,346479.89999999997,0.561261995284575,0.543187353725281,0.01807464155929392,0.0003093974571107877,0.5615713927416859,1.731702185321573e-05,0.10323946641637799,0.06643213646736795,0.016284350116702297,0.31692401204225706,0.011320714419508897,0.003661107036800692,0.00045312873849247823,0.0028128615830240082,0.571536213211791,0.0579763309413539
39015,316393.8,0.35530342250701497,0.34840094843830693,0.0069024740687080475,6.321236383266676e-07,0.35530405463065334,6.321236383266676e-07,0.07289965859002294,0.04636216006761195,0.007668607918359969,0.19504048435841664,0.008104457166986205,0.0018818320712984894,0.00035556954655875054,0.36641331151242534,0.36225837864079513,0.025901544278225486
39017,300804.3,0.22981652855361445,0.2224712213223016,0.0073453072313128505,1.3297682247228515e-06,0.22981785832183915,1.2632798134867088e-05,0.34211711734174016,0.13026908192469325,0.09137868042444873,0.19582931493997927,0.013730854246431983,0.0041113109087868764,0.0001263279813486709,0.2142545834617391,0.24935822061054314,0.07862462320272007
39019,255373.4,0.5300415000152717,0.5112631151090913,0.018778384906180518,0.0012381869059189406,0.5312796869211908,3.524251155367004e-06,0.08379729447154637,0.061457457981136644,0.00782971131684036,0.3087435887997732,0.014170622312269015,0.0004573694832742956,9.750428196515377e-05,0.06145040947882591,0.5404983056183612,0.044519800371685986
39021,275078.9,0.13791861171467532,0.1368054765378224,0.0011131351768528955,0.00025883482884365175,0.13817744654351896,3.2717885668439125e-06,0.06947170430011171,0.042388565607903765,0.008350695018774612,0.10933735739091584,0.0050789064519307,0.0007317900427840885,0.0005173061256243209,0.6766822173565474,0.14453573138470452,0.009599422707215841
39023,258071.5,0.12931416293546558,0.1282009055629932,0.0011132573724723575,7.168556000953224e-05,0.1293858484954751,1.5499580542601567e-06,0.18087855497410602,0.08020025458061042,0.0369358879225331,0.1233363622096977,0.015656513795595406,0.0009342372172053094,0.0010272347004609188,0.5487796986494052,0.14141588668256666,0.023403125309960145
39025,293575.5,0.4538365769623146,0.44280227743800143,0.011034299524313165,6.812557587400856e-06,0.453843389519902,9.87820850173124e-06,0.1974905944126809,0.11692358524468152,0.028784077690406723,0.1665493203622237,0.014667436485674043,0.0018370061534426407,0.0002524052586132017,0.16534996959896175,0.4713819273066042,0.08962980076655132
39027,263740.89999999997,0.14554473727813927,0.1433114848701889,0.002233252407950379,0.00015090568053722424,0.1456956429586765,0.0,0.07262999405856278,0.03500935956463332,0.014268928330797386,0.10511907709422393,0.00523733709864492,0.0019849026070662534,7.014460024971479e-05,0.6692629015825761,0.15094704689337152,0.01058187368244716
39029,342202.6,0.446029632738033,0.428346248684259,0.017683384053773992,0.0011712359871023776,0.4472008687251354,9.058960978087252e-06,0.1342204880968175,0.07783488494827334,0.01908898412811592,0.253621684931675,0.007389774361737755,0.000980705582014865,0.00037112517555389703,0.15620629416608758,0.45887610146737645,0.060023518877608484
39031,363236.8,0.5744247278910066,0.5607633918149263,0.013661336076080399,0.0038803887711817745,0.5783051166621884,3.0283275262858833e-06,0.07211879413099113,0.05312016844108307,0.006486402258801972,0.2228031410914313,0.009558502882967805,0.0010935015394915933,0.00027970734242785975,0.11583820802297566,0.5862731419283509,0.04170666765345918
39033,257803.5,0.11500968761091296,0.11372266086379743,0.0012870267471155358,0.0006970425149387033,0.11570673012585166,0.0,0.07333919050749893,0.024837521600754062,0.01665687238536327,0.07000254069475395,0.003049609489397933,0.002380107329807392,0.001312239748490614,0.7342095821041996,0.11943235836596476,0.0084858379236996
39035,293903.8,0.17277932439117835,0.16767391234819012,0.005105412042988216,0.0018638751863705061,0.17464319957754887,6.80494774140382e-07,0.7890245039363221,0.17492900738268782,0.29335585317372553,0.02953517443462793,0.00366922782216494,0.00181692104695482,0.000639324840304889,0.0006709678473024168,0.20088255068495203,0.1377977639125276
39037,383841.2,0.07443573019259006,0.07430182064874745,0.00013390954384260992,0.00012166489683754636,0.0745573950894276,2.3447196392674887e-06,0.07548069357849027,0.03827233762295449,0.01486995142783005,0.058758413635638905,0.0021326527741159624,0.0017301425693750437,0.0006872633787097373,0.7866510942546032,0.08029824573287078,0.00562764389275552
39039,265098.6,0.13173475831256748,0.13129077256537758,0.00044398574718991355,0.00707698946731518,0.13881174777988267,4.14939950644779e-06,0.08439803152487414,0.032860226345970904,0.01764890497347025,0.07379744744031089,0.010863882344154214,0.001047911984446542,0.0019487088954826621,0.6891281206313425,0.14374078173177832,0.011715438265149416
39041,292482.6,0.18914048220304389,0.18629039812966652,0.002850084073377357,6.325162590868654e-05,0.18920373382895256,3.077106125287453e-06,0.22051294675307181,0.08035486555439539,0.05930335684926215,0.17487570200757244,0.03636763349341123,0.0049240536018211,0.0010957916812829207,0.3730170615277627,0.20125696366211188,0.041721872883306185
39043,163763.1,0.20576430221460143,0.199615175824102,0.0061491263904994466,0.0013159252603303186,0.20708022747493177,2.8699994076809734e-05,0.18691756567871518,0.05118674475507608,0.06310640186952983,0.09428925075306953,0.018446157895154646,0.008725408837522005,0.022205246481044875,0.46230744288548525,0.21475823918819317,0.038706932019808835
39045,325556.0,0.25472422563245645,0.2483800022116011,0.006344223420855399,3.3788349776996893e-06,0.2547276044674342,6.143336323090344e-07,0.1407564290014621,0.06926642420965978,0.025881875929179617,0.18205224293209155,0.008855926476550886,0.0016832741525267543,0.00015450490852572215,0.4117694037277765,0.26511756809888315,0.03585454797293292
39047,260543.5,0.06288201394392876,0.06180925641975332,0.0010727575241754256,1.1130578962821948e-05,0.06289314452289158,0.0,0.053800996762536774,0.019222509868793505,0.015204754676282463,0.10417070469998292,0.002703195435694999,0.001892198423679731,0.00015352522707340617,0.7743862349281405,0.0657765210032106,0.003383713864861847
39049,347873.3,0.10085568510144355,0.09888600246124093,0.0019696826402026257,3.7369927499466044e-06,0.1008594220941935,1.1498439230604936e-06,0.6510054091532751,0.12673809688757373,0.3002719668339019,0.09963828784790325,0.014683506897482504,0.008207298461825038,0.0007359001107587159,0.1248690255906389,0.11987013662732957,0.06566002934739332
39051,260694.1,0.07633582808356613,0.07402047073562462,0.0023153573479415147,0.017435377325378674,0.09377120540894482,0.0,0.08772005196895517,0.03155384030555352,0.023667969470732172,0.06109727838106041,0.0038489555383109933,0.001119319539644357,0.000216729108944161,0.7522264600541401,0.09850428145477785,0.00822561501166421
39053,301533.2,0.6878589157014882,0.6738014255146697,0.014057490186818566,0.00017344690402250896,0.6880323626055108,3.6480228379495195e-06,0.07646156376810248,0.04674510136860551,0.007897637805720895,0.2034409477961299,0.006708050722109539,0.0013112983910229454,0.00023513165382783722,0.023806997040458563,0.6950441278108016,0.05260803036787948
39055,261289.09999999998,0.5239418712835706,0.5070127303435161,0.016929140940054523,0.021537446452990196,0.5454793177365608,1.6074149285217027e-05,0.19608395451628102,0.11796588529716702,0.016520015568961738,0.1972076140948857,0.014716266388456313,0.0022400475182470297,0.003980648255131959,0.04027607734115201,0.5631742005311359,0.1069597417286278
39057,266463.8,0.1565079384141486,0.15491372561676298,0.0015942127973856111,1.501141993771762e-06,0.15650943955614233,6.755138971972929e-06,0.21818911236723337,0.09806547831262634,0.043984210988509506,0.13157021704261515,0.005740366984183217,0.003529560112855855,0.0007288044379761904,0.4837257443600219,0.17121926130303627,0.03414865569384786
39059,338074.5,0.6156861875119242,0.6054269103407681,0.010259277171156062,0.002239151429640508,0.6179253389415647,3.2537207035727333e-06,0.09025318383965664,0.0645274932004632,0.008744522287247338,0.2598246836126357,0.01439653094214441,0.0006158405913489482,0.0007480599690304948,0.0162331083829156,0.6276044629216341,0.05576972921467517
39061,264153.3,0.2841823289733651,0.27655228990135655,0.007630039072008565,2.7635467737862824e-05,0.28420996444110297,3.520682876193483e-05,0.583577793652398,0.22035272699602845,0.16694926771689014,0.07886897494750209,0.019340284599889537,0.005927239977694771,0.00028354747035149667,0.027756988082299178,0.31726287349050725,0.16585862398256537
39063,341541.7,0.08048973229330415,0.08003854287778037,0.0004511894155237852,0.0006262778454285377,0.0811160101387327,2.635110149068181e-06,0.10518364229023863,0.04017986676297506,0.026041622443174577,0.037749709625501074,0.006935317122330889,0.0005469317509399291,0.001811491832476093,0.7666542621296316,0.08714299015317896,0.008532077394443829
39065,301219.7,0.0882741069060224,0.08804304632133954,0.0002310605846828743,0.0003668418765439312,0.08864094878256634,1.3279343947291629e-06,0.05930057031462417,0.029848645357524756,0.008898820362678802,0.07198865147266265,0.0023826462877428005,0.000516234495950962,0.0012588818062032462,0.775910738905855,0.09311824558619505,0.005256458816035575
39067,262851.5,0.5833997523316398,0.5635558480739125,0.019843904257727273,0.0003678883323853963,0.5837676406640252,0.00015217717989054655,0.07076238864910415,0.05232346020471635,0.00762750069906392,0.3017662063941046,0.02237537164520651,0.002431791334650934,0.0004146828152017394,0.018329741317816332,0.5916161596947327,0.04130879266943833
39069,268607.6,0.060112223183558466,0.05941492347945479,0.0006972997041036814,0.0020930159831665227,0.062205239166725,2.6060319961162677e-06,0.07102926350557467,0.02974078172024917,0.013352563367529437,0.02813472143007123,0.01099038150819262,0.000543916106617981,0.0007293166686273956,0.8263645555821951,0.06666635642476237,0.004418392324200604
39071,357025.2,0.3054840386616967,0.29435261152434056,0.01113142713735613,5.601845471972287e-07,0.3054845988462439,0.0,0.061730656547493,0.03635121554444896,0.006822207508041449,0.21763001603248172,0.009927310453155688,0.0014021419216346633,0.00020418726745338985,0.4036210889315376,0.31093728117791125,0.018857764851926157
39073,271078.80000000005,0.7955188675765127,0.7419676492591821,0.0535512183173306,1.955151048329858e-05,0.795538419086996,2.582274969492265e-06,0.06656330188860213,0.05137694279301811,0.004916651541913273,0.11117652874367155,0.0037195826453415015,0.0006695470099469231,0.00018112814428867177,0.02214891020618359,0.8032449605059486,0.05295366395366899
39075,271336.1,0.39033950882319013,0.3824942571224397,0.00784525170075047,0.003674409708107399,0.3940139185312976,0.0,0.08510515187621553,0.05501737512995876,0.010709227412054646,0.375456859592218,0.004084233539142046,0.0015139894765200798,0.0008653474417889843,0.13896049954281794,0.4022665248007914,0.0335326143779489
39077,316770.9,0.18892897043257445,0.186893114234925,0.0020358561976494684,0.0017040706706329398,0.1906330411032074,1.2627422531551983e-06,0.07800022034852318,0.028942683813443722,0.017352919728422022,0.0862547664573987,0.004596381801484921,0.0010256623951253097,0.005145358996044144,0.6343433061559631,0.19497444367522396,0.014869419211759253
39079,269733.8,0.6514322639580208,0.6238521090052489,0.027580154952771958,0.0008196970494613578,0.6522519610074822,1.0009868989351724e-05,0.07534020578807699,0.04815228940533222,0.00938443754546149,0.2382233891340277,0.004151500479361503,0.001955631811808531,0.0005012349212445752,0.02756606698900917,0.659474804418282,0.049140796967980474
39081,262941.0,0.6353524174624726,0.6114584640660833,0.023893953396389306,6.8456421782833415e-06,0.6353592631046509,1.673379199135928e-05,0.1167007047208309,0.0626463731407426,0.02594003978078733,0.22688740059557086,0.009495666328187692,0.004008123495384897,0.00012930657447868534,0.007402801388904735,0.6447562190757622,0.07414687375522057
39083,339064.2,0.3302106208794676,0.3230756889108316,0.007134931968636027,1.769576381110126e-05,0.33022831664327873,5.898587937033754e-07,0.08124243137435329,0.05320644290963186,0.009551288517041906,0.21938382170692156,0.008008512842110727,0.0012572840187787446,0.00031881867799667433,0.3595602248777665,0.33820928307972353,0.02682855135275978
39085,147884.0,0.3360404100511212,0.31887222417570527,0.017168185875415867,0.0017412296123989071,0.33778163966352004,0.0003428362770820373,0.510362175759379,0.16282559303237673,0.11008425522706987,0.11332530902599335,0.00792851153606881,0.006155500256958156,0.007762841145762895,0.016341186335235725,0.36220547861837654,0.17239097255024466
39087,292653.1,0.8110079818050792,0.801903345633448,0.009104636171631191,0.00017939328167034625,0.8111873750867495,4.442119355646669e-06,0.0958534182620994,0.047502315881841,0.01517188780846675,0.07737556854856485,0.005951756533588744,0.0004127753985862443,0.000350244026118295,0.008864420024937376,0.8183127224690256,0.0777550827531247
39089,439995.9,0.343121833635268,0.33555880861617116,0.007563025019096768,4.7045892927638636e-05,0.3431688795281956,7.500069887014855e-06,0.13941016268560683,0.06324604388359073,0.03241371112776278,0.2229284409241086,0.006172102967323104,0.003819581046096111,0.0003563669570557362,0.284136965821727,0.35265578611073417,0.04784122932366316
39091,298782.7,0.17244472320519227,0.1711705530474154,0.0012741701577768725,0.0007309660164393721,0.17317568922163165,6.69382798937154e-06,0.092542506644461,0.05032453351549471,0.0162301900344297,0.11353200837933387,0.02044395475373909,0.0018377904744819563,0.0015385763633570483,0.596922780335006,0.18072436924895585,0.01602611237045196
39093,316683.6,0.2645170131955049,0.25930992321673746,0.0052070899787674515,0.004708800834650106,0.269225814030155,1.768326493699074e-05,0.2907820297609349,0.09830600637355393,0.07805645761258241,0.15077888466595682,0.006995310145520641,0.002794271632632697,0.0019135818842529264,0.2774924246156101,0.28397171498618806,0.07828602866772846
39095,221709.2,0.13909706949463532,0.13467731605183728,0.004419753442798043,0.013926801413743767,0.1530238709083791,8.118742929928032e-06,0.4747322167956945,0.10660270300014613,0.19247825530018597,0.062402462324522394,0.029863893785192497,0.004108534963817469,0.019566170461126554,0.25629473201833747,0.16901427635840102,0.072645361458993
39097,298383.2,0.06665723807506588,0.0663971698138501,0.0002600682612157789,2.4465184366948273e-05,0.06668170325943283,6.702790237520075e-07,0.06935041919250146,0.029846854648653137,0.015538743468130913,0.09252028934604897,0.003413731067968974,0.001510138640513273,0.0005060606629327657,0.766016987551578,0.0711587314567308,0.004624404073511657
39099,271704.7,0.3401166781435874,0.3329143735827904,0.007202304560797072,0.0019867157248291984,0.34210339386841665,3.3124196968252664e-06,0.30107797178333684,0.11548861686971185,0.06237396703111871,0.2039677635315105,0.023608351272539636,0.002819605255264263,0.0006212627164712278,0.125798339152764,0.35942668639887343,0.10299979596609891
39101,258479.4,0.09945125220810634,0.09909261627812507,0.00035863592998126734,0.000794260587110617,0.10024551279521696,2.7081461810883185e-06,0.0921733027854444,0.029445286548947423,0.023680803963488,0.10442534298671384,0.0048947807833042015,0.0012028037824290832,0.0030304155766378285,0.6940251331440727,0.10466230577755907,0.009239960003755673
39103,270678.8,0.3073558032620213,0.29685738225527825,0.010498421006743048,0.002882383104993816,0.31023818636701506,0.0,0.24102737266457513,0.0982005240159185,0.0449902245761397,0.2684883337742003,0.008733968083204152,0.0009465092944109402,0.0008124020056243785,0.16975322781097005,0.32496826496940284,0.07477589496026445
39105,276669.89999999997,0.7177640213120401,0.7047109208482745,0.013053100463765665,2.6385233811122934e-05,0.7177904065458514,3.975857149621265e-06,0.07275131844844705,0.05197927204947124,0.004767775605514008,0.17912465360344587,0.009218928405294542,0.0015281749116907914,0.00012867319502410637,0.019453869033096847,0.725587297353272,0.052220198445857506
39107,303036.8,0.05560578781190931,0.05557278851941414,3.299929249516891e-05,0.006012141099694823,0.061617928911604135,2.3099504746618233e-06,0.08138252515866061,0.03153379391545845,0.02211579583733725,0.04858914824866155,0.037411297901772986,0.0027910801592413857,0.0013137018342326743,0.766892007835352,0.06634799799892291,0.005014622649873185
39109,261967.0,0.11183965919371523,0.11115789393320533,0.0006817652605099116,3.5500654662610176e-05,0.11187515984837786,2.0231555882992896e-05,0.14960472120534266,0.06777265838827028,0.03422415800463417,0.10781816030263354,0.00693675157558013,0.0024755026396454517,0.0016605144922833793,0.619608958380254,0.1220410586066184,0.016737052098919715
39111,292767.9,0.7571892273708969,0.7361674555168104,0.02102177185408646,6.148215019474471e-06,0.7571953755859163,3.7572425119010655e-06,0.07035641544035394,0.059249323440172225,0.004390508658906936,0.16496241562001843,0.004686306114843874,0.0004672643414800598,3.0399507596290438e-05,0.0022980661472791243,0.7660827741019421,0.05327355241423756
39113,297141.0,0.14319464496653103,0.13967914222540814,0.0035155027411229015,3.533675931628419e-05,0.14322998172584733,6.730811298339846e-07,0.46489612675463843,0.14801222315331777,0.136444314315426,0.10180755937416917,0.011007568797304983,0.0029847782702488042,0.001045631535197095,0.2750276804614644,0.165431815198845,0.06658706373948407
39115,270036.2,0.7218809922521499,0.6992829109578642,0.02259808129428573,4.07352791959004e-06,0.7218850657800695,4.07352791959004e-06,0.06078629457828246,0.048812344419007524,0.002102681047948386,0.18168786259027495,0.010461190018227186,0.00032514159212727775,0.0001918261329406946,0.024658545780158362,0.7292069174429207,0.043880718260170114
39117,260594.40000000002,0.25886933871180656,0.255230350306837,0.0036389884049695615,0.00025249966998523374,0.2591218383817918,3.453642902533592e-06,0.06910240588439352,0.04089113196599773,0.008070779725120722,0.16088872209072794,0.004784062896209589,0.0007294861286351509,0.000525721197385669,0.5048443097779538,0.26525550817669147,0.017905942449368797
39119,430440.6,0.5564022074125907,0.545445294890863,0.010956912521727738,0.0011553278199128987,0.5575575352325036,8.828163514315333e-06,0.10257303795227495,0.06331860888587183,0.014575297962134614,0.25271338252014336,0.014260039596636563,0.0011987716772070293,0.0002339463331293563,0.07145445852459086,0.5670553265653844,0.057190370221980466
39121,258854.2,0.684912201540481,0.667319286300937,0.017592915239544114,0.0006401286902047561,0.6855523302306858,1.6997985738689967e-05,0.06782659891166533,0.05523495465787304,0.003913399898475667,0.22818250582760488,0.01381936240555494,0.001970221074257246,0.0003959758041399367,0.002236007760353125,0.6938375734293668,0.04649868293551427
39123,168797.6,0.05493916975122869,0.05391308881168926,0.0010260809395394247,0.0011884055223533984,0.05612757527358208,0.0002766627013654223,0.17967554041052716,0.04247039057427356,0.05560327871960265,0.03655205998189547,0.0483188149594544,0.011988322108845149,0.1172066427484751,0.5498543818158551,0.062498133859723116,0.010084752419213402
39125,268044.8,0.0609774933145504,0.0609166825844038,6.081073014660236e-05,0.010174418604651162,0.07115191191920157,7.461439281791702e-07,0.06494697901246359,0.025619224845995894,0.011368621961701925,0.05079710555847381,0.008974619168139058,0.0024443675087149615,0.0017224732582016141,0.7999617974308773,0.07499479564610095,0.004621101730113043
39127,264001.8,0.5916001330293961,0.5761422838783675,0.015457849151028515,0.0,0.5916001330293961,7.575705923217191e-06,0.0732195765331903,0.050588670228763594,0.005694658142482363,0.18588358109679556,0.0071972994123524914,0.0020655162199651666,0.00021818033058865509,0.1398081376717886,0.5991884335637107,0.04331671121739143
39129,324230.6,0.10205360012287552,0.10083964931132348,0.0012139508115520251,6.168449245691185e-06,0.1020597685721212,0.0,0.07285246981623573,0.029381249024613962,0.018474505490845096,0.17042715894181487,0.01004038483721154,0.0037340707508791587,0.00025599064369618413,0.6406301564380413,0.1064669559258133,0.007435306209352465
39131,284127.39999999997,0.6721738206170894,0.657553266598012,0.01462055401907736,2.1117287526651778e-05,0.6721949379046162,4.575412297441219e-06,0.06593028338695951,0.03899412728233884,0.01156558642355507,0.15865277336856637,0.006497437417158641,0.00277727526454682,0.00010241884450426114,0.09384029840135096,0.678044056996967,0.044318002747331
39133,323628.7,0.4347537780178333,0.42724424626122465,0.007509531756608731,0.019853616196585776,0.45460739421441915,3.707952972032455e-05,0.1905498492562619,0.08889168358677707,0.03096542426552404,0.2143376035561741,0.031931655010819494,0.0020532789582629724,0.004119844748009061,0.10236329472633297,0.4679411467524357,0.0866253704383396
39135,272979.5,0.18019741409153434,0.17600479156859763,0.004192622522936704,1.8682721596310345e-05,0.18021609681313064,4.029606618812036e-06,0.07555695574209785,0.0432431739379697,0.010071818579783464,0.10356455338221368,0.0053282389336928235,0.0015455373022516341,0.0005491254837817492,0.6332354627362128,0.18670257290382608,0.013616579650923333
39137,309975.7,0.04765083198457169,0.0475072723442515,0.00014355964032019284,0.0027386017678159933,0.050389433752387684,0.0,0.07710120502994267,0.032490933966759325,0.013793339284337451,0.0296984570080816,0.004051607916362476,0.0005329450018178843,0.0026208506021601044,0.8356055006892477,0.05526307384740158,0.003885086063085556
39139,320077.6,0.31087211351247324,0.2953221343824123,0.01554997913006096,0.0027986963161433353,0.31367080982861656,8.435454402307441e-06,0.14471178239276977,0.06574749373276981,0.030827524325351106,0.17895222908444702,0.008351724706758611,0.001486202095991722,0.002741835104987041,0.350076981332027,0.32353293388853205,0.04539186197488263
39141,443526.1,0.4658016743546773,0.4604847381022222,0.005316936252455042,2.6154041441980528e-05,0.4658278283961192,0.0,0.07010613355110332,0.037536686116104556,0.014337149493569826,0.19369908557805282,0.006401201642924735,0.0017816313402976738,0.00017203046224337193,0.26201208902925893,0.4714583313135349,0.03265738794935877
39143,263688.0,0.09587618700888928,0.0954131397712448,0.0004630472376444889,0.000748991232062134,0.09662517824095142,2.0099511543945876e-05,0.10320416552895847,0.03186265586602348,0.027827204878492766,0.0679003215921847,0.011216285913655533,0.0053900822183792964,0.02806991596128758,0.6875739510330391,0.10140457662085493,0.009972120889444267
39145,394254.19999999995,0.7224491203898399,0.7159216059080664,0.006527514481773435,0.0005354413472323187,0.7229845617370722,2.8661711149811472e-05,0.08306442899023017,0.04678504376110642,0.01407163195724992,0.11877362371789572,0.008060281919634593,0.0012811531240504224,0.000566385849535655,0.06524090295043149,0.7300023183012381,0.06005429978944171
39147,353781.39999999997,0.11335022135137687,0.11310543742548365,0.0002447839258932211,0.0004381236548897144,0.11378834500626658,0.0,0.07090847625115397,0.023668287818409902,0.016129734350081717,0.06259317194176969,0.00282179899791227,0.003294689884770652,0.0020108462457325343,0.7445826716723943,0.11733858817902806,0.008068558159534969
39149,262878.9,0.10990954390025215,0.10961168811951053,0.0002978557807416266,9.966566354317519e-05,0.11000920956379533,4.945242847562128e-06,0.0931763637172858,0.04424737017691416,0.021469581621042993,0.07007979719939485,0.007745011105874225,0.0012020744152535633,0.0012081608679890246,0.7165744378875595,0.11664631509033245,0.010250258122567309
39151,371486.2,0.2401147068181806,0.23211494801152774,0.007999758806652844,0.008000566373663408,0.24811527319184398,1.5074584197205709e-05,0.3231204819990621,0.11603149726692404,0.08520020393758906,0.2526263425128578,0.010525020848688322,0.002473039375352301,0.0009968068800402276,0.16212796060795798,0.26551999778188257,0.0801711266650776
39153,268877.5,0.29556061775343795,0.28480739370159275,0.010753224051845171,0.008896616488921535,0.30445723424235943,7.438331582226107e-07,0.576008777231267,0.20255804223112756,0.14995825236399477,0.08707385333469703,0.016752610389489636,0.0007988768119310839,0.0018956588037303233,0.013012245353367239,0.33484094057702857,0.17537003921515487
39155,406895.4,0.42626630824531314,0.41911238121640104,0.0071539270289120984,0.03362952739205211,0.45989583563736525,3.9322145199970315e-06,0.2035847542144738,0.09925720467717256,0.035270735427335866,0.17926228706443964,0.024692095314913856,0.002136421301395887,0.0011990796651915945,0.12922559458769992,0.47478441633894114,0.09362778066249305
39157,365822.9,0.5196014246237729,0.5050110312941043,0.014590393329668536,0.007284125734064215,0.5268855503578371,9.020758405228321e-06,0.11715586968448394,0.06624926979694272,0.021313318548401423,0.2505857342446304,0.010664176572871735,0.0032677013932151324,0.0003605569798938229,0.09107139000866266,0.5368229408273786,0.061727734876360366
39159,279640.7,0.1159934873571694,0.11560548947274127,0.0003879978844281251,0.00021170022818566825,0.11620518758535506,0.0,0.10194295751655606,0.04060639241712669,0.02447676607875749,0.13618654223079832,0.0052217005607552835,0.0033346361956610748,0.0007420236038602392,0.636366952307014,0.12229614644792407,0.011846300501217278
39161,262657.89999999997,0.0395891385715031,0.03950842521774522,8.07133537578729e-05,0.0025306682190027415,0.04211980679050583,0.0,0.06339386707957387,0.024635086171023224,0.012862358223377255,0.024723794715483527,0.0027450154745012434,0.0008889890614369491,0.0005029355675195759,0.8656255913109792,0.04581506971615931,0.0026701374330946595
39163,265647.8,0.8003913452322964,0.7816383196096486,0.01875302562264773,0.00012573038436606665,0.8005170756166624,6.023012424721756e-06,0.04954718239714388,0.039664548323005124,0.0026286684851145013,0.13397287686929837,0.003631500053830674,0.0013830342280267331,0.0002702826825593888,0.01067202514005386,0.8064667578651131,0.039663365557606994
39165,260613.9,0.2727003433047892,0.2649102753153228,0.00779006798946641,2.801078530347e-05,0.27272835409009266,2.6859657140313696e-06,0.2686744644088439,0.11995791475435501,0.05654533392117612,0.2011788319809496,0.019883820471586513,0.0022024918855057234,0.0003464895771100467,0.23498286162019755,0.2907220413032459,0.07327514446426119
39167,409725.4,0.6798114053949303,0.6649551138396594,0.01485629155527092,1.635241554465503e-05,0.679827757810475,7.5660430131985955e-06,0.0952872338400304,0.058589728632884364,0.01084433623104645,0.17605474300592544,0.01044553254447979,0.0007104758455297133,0.0001928120638847384,0.03747387884666169,0.6886162171054077,0.06477890652943029
39169,356347.2,0.17785210603591103,0.17260722127183825,0.005244884764072792,0.008955030374870351,0.1868071364107814,1.122500752075504e-06,0.1340773829568466,0.05495398869417242,0.026980708702074828,0.3290930867423681,0.005047044006519484,0.0011457926426810705,0.0039338038856486035,0.33989463085440264,0.19505023471490726,0.02504661196762022
39171,270795.0,0.07120293949297439,0.0709130523089422,0.0002898871840322015,0.07473993242120423,0.14594287191417865,7.385660739673924e-07,0.07969054081500766,0.026903746376410197,0.02042652190771617,0.10012149411916764,0.00592366919625547,0.00191030115031666,0.0006768958067911151,0.6657334884322088,0.1499784338706402,0.011630266390936289
39173,397264.8,0.06001689553164539,0.0595278011039488,0.0004890944276965892,0.00213409292743782,0.062150988459083206,2.2654914304010826e-06,0.14495042097865202,0.044174313958850624,0.045456330387187584,0.053972312674065256,0.00893736369293227,0.0024464790235631246,0.0008744796921348178,0.726665689988139,0.0687771355529108,0.009008811941383454
39175,260873.4,0.11221688374514228,0.11196388746418762,0.00025299628095466997,0.0012718813033448409,0.11348876504848712,2.7982921984380163e-05,0.061859124004210474,0.022273255916471363,0.014204207864811054,0.06979860729380612,0.004983643407108582,0.0045615996111523826,0.006751934079902359,0.7385283436333486,0.11682975343595783,0.0070203155902190725
42001,333653.6,0.3213236722157351,0.23378408025569034,0.0875395919600448,0.027001656808138746,0.34832532902387386,0.003905847261950718,0.12464094498006317,0.06188454133268756,0.020677433122256138,0.21605011904562096,0.005161640695619649,0.006938033936993338,0.006698863731726557,0.28827922132415174,0.357608010223777,0.04341559817002706
42003,476487.8,0.370351769761996,0.34587328363916137,0.024478486122834625,8.394758480699821e-07,0.3703526092378441,4.617117164384902e-06,0.5473659556446145,0.1909562007673649,0.18166152417753403,0.06072495455287628,0.018699744253682888,0.0016363482968504127,3.169021326464182e-05,0.0011840806837027098,0.3989960393529488,0.20271840988094902
42005,425070.9,0.6147113340386274,0.5297295110062815,0.08498182303234589,3.881705381384611e-05,0.6147501510924412,4.705097431981347e-06,0.10092833924881707,0.07100368432654411,0.009911993505083502,0.23909187855484812,0.01638079670944306,0.0012797865014989264,0.00029500960898523046,0.02726933318653429,0.6254007037414229,0.062045711802719464
42007,284235.8,0.5711792814276034,0.5564805700056081,0.014698711421995398,0.0003504132836187419,0.5715296947112223,2.462743961175897e-06,0.23285033060578575,0.11593578289575064,0.0519783222240126,0.156101729620266,0.01873937062115328,0.0014350760882337833,8.232601241645141e-05,0.019259009596961398,0.5889200621455849,0.13308087836453192
42009,651066.7,0.6960965750513735,0.6647596935920699,0.031336881459303634,0.0,0.6960965750513735,1.0751586588593764e-06,0.06664294149892784,0.04648018398114971,0.005241244867845337,0.18208456982978857,0.0035507882679301525,0.0006896374826112286,0.0,0.050934412710709975,0.7030686026485459,0.04638992332875271
42011,553935.5,0.38851635253562916,0.3658138898842916,0.022702462651337567,0.002038323956489519,0.3905546764921186,0.00470614358530912,0.19571177510739066,0.09468412838678872,0.04531610629757435,0.15387964844282412,0.007249580501701011,0.005228948135658393,0.0033133821536984,0.23935584558129966,0.4047572957501369,0.07643614901276523
42013,337302.60000000003,0.659794202594347,0.6360312668802434,0.023762935714103595,2.9054030416605148e-05,0.6598232566247636,1.1858787925144957e-06,0.12991984052301997,0.059339892428934726,0.025674868797335094,0.11913753407178004,0.0025351123886978633,0.002443503251976119,1.8974060680231932e-05,0.08612059320028957,0.6687242404891038,0.08572413227406897
42015,743050.1,0.5801615530365988,0.3958342782000837,0.18432727483651506,0.001741066988618937,0.5819026200252176,6.500234640975083e-05,0.06598599475324746,0.05351954060701963,0.005180269809532359,0.3185210526181209,0.011679831548370696,0.002611936933996779,0.002611936933996779,0.01662162484063995,0.5899305511162706,0.03839742323188496
42017,398188.6,0.32214859993480477,0.30716650351115027,0.014982096423654521,0.01571767750257039,0.3378662774373752,0.0014008437207895957,0.3873885389988563,0.18675923921478416,0.07902863115619083,0.17664242522262064,0.026189850739071888,0.005887411141353621,0.004610629234488381,0.060014023505444415,0.36588016331959283,0.13088552359344702
42019,508568.0,0.5623554765537745,0.5416648314483019,0.02069064510547262,0.0013144751537650815,0.5636699517075396,8.651743719620582e-06,0.16116546853124852,0.08892006575325227,0.0279071825203316,0.21694994572997123,0.009621328907835335,0.0025320114517625963,0.0001539617121014299,0.045898680215821684,0.5770079615705275,0.09084413186393185
42021,443836.60000000003,0.6938598574340197,0.5561938785580098,0.13766597887600976,0.00010566951891754757,0.6939655269529371,4.506162853626762e-06,0.11357896126637596,0.06651254087652979,0.014721634042798632,0.14747341701878572,0.007609782519062195,0.0032960328192852954,0.0001318052634685828,0.03393996799723141,0.7039424080844165,0.07881988370598782
42023,255030.49999999997,0.9421802490290377,0.722775511164351,0.21940473786468678,0.00038544409394170503,0.9425656931229794,1.568439853272452e-06,0.03349403306663321,0.030905715198770344,0.0010594811208855413,0.01913222144018069,0.003352932296333184,0.00029212192267199415,0.0003917178533547949,0.0007697118579934559,0.947201550402795,0.031570326492935126
42025,248020.2,0.7400433513076757,0.5205386496745024,0.2195047016331734,0.01227641942067622,0.7523197707283519,0.0038932312771298465,0.10338915943136888,0.0682303296263772,0.0162736744829655,0.061312344720309074,0.012657436773295078,0.016336572585620043,0.005024993931945865,0.04506649055197923,0.7625543201723085,0.07778170871920445
42027,711688.4,0.7425387290280409,0.6138132924465257,0.12872543658151517,0.002884267890273327,0.7454229969183143,0.0024371621063375487,0.0692746994330665,0.034230289548066256,0.012043613469040664,0.0861528725211764,0.004949216539148313,0.005023546821895649,0.0025224522417395027,0.08421705341832184,0.7505575403505242,0.051638954062011876
42029,486278.6,0.30970456030760973,0.25335805441571974,0.05634650589188996,0.0067407860432270724,0.31644534635083676,0.015554046589753283,0.3074136924799899,0.18758855520271714,0.046081402718523914,0.19977519060061455,0.004298153363113244,0.0065581746759984915,0.003169376567260003,0.14678601937243382,0.34458362963124434,0.09727963238982003
42031,389803.10000000003,0.6455407871307334,0.4268814178235114,0.21865936930722202,7.542269417559787e-05,0.645616209824909,5.6438750743644676e-06,0.0785119461594841,0.059817892674532344,0.005878865509278915,0.23972949419848122,0.011297755199997124,0.0007709020272029647,0.0006829088839981005,0.023385139830853063,0.6545888937260889,0.050688585105463445
42033,738523.5,0.7863515514401369,0.563490938338455,0.22286061310168193,0.0005360696037431443,0.7868876210438801,2.9789167169358863e-06,0.07640163109230783,0.058126383249822104,0.005563533184793714,0.1208803782140988,0.006665596964754676,0.003142892541672675,0.00034812703996555294,0.005670774186603405,0.7956065785313534,0.06011949773409825
42035,574661.3,0.8611811862048131,0.5932362245378278,0.2679449616669854,0.0015610934649679731,0.8627422796697811,0.00028677762013902796,0.05021845041592326,0.036228296563558395,0.0050682027831002365,0.03806276845160793,0.009149911434787762,0.0019230458010657753,0.0019435796355174778,0.03567318697117763,0.8681765241543149,0.0433255803933175
42037,313499.7,0.5386700529537988,0.41306833786443814,0.12560171508936055,0.002264435978726614,0.5409344889325254,0.0015741641858030486,0.09318892490168253,0.053181231114415736,0.01508805271583992,0.17468246381097016,0.008919944739979018,0.006883260175368589,0.005309733948708722,0.16850701930496265,0.5489116735996877,0.05040910346586312
42039,664223.3,0.5655640204130147,0.5085664715465417,0.05699754886647306,0.03673839806583117,0.6023024184788458,3.0110355960111605e-06,0.08047670113348929,0.05781384061655169,0.005986540971989389,0.20344483549432846,0.023535759736221237,0.0008086136093087972,0.004218009214672234,0.08521065129753803,0.6109744945713286,0.04847131172389987
42041,352437.7,0.35921639484084705,0.2912659457260106,0.06795044911483647,0.005375701861633985,0.36459209670248105,0.002394749483383872,0.21287847469212287,0.07025950969490494,0.056602344187355665,0.16501327752394251,0.005381376623442951,0.006577048936592197,0.004832910894606337,0.23833006514342817,0.3751310231567168,0.07761380943082713
42043,357114.4,0.45096165262448107,0.39980353634577603,0.05115811627870508,0.005721135860105333,0.45668278848458643,0.00827773957028896,0.20796529067436095,0.06788972945364287,0.06285464825837322,0.10019254334185347,0.06036104956842961,0.0047746604449442525,0.006081244553566028,0.15566468336197026,0.46686624790263287,0.09497416885317472
42045,122127.3,0.21518366491357788,0.1958038866002933,0.019379778313284583,0.009589174574399006,0.22477283948797688,0.0024368015996423407,0.6562987964198013,0.2579750801008456,0.2015036769010696,0.05454063096457548,0.032828859722600925,0.0028535798302263293,0.009409034671199641,0.01685945730397708,0.2634691015031037,0.1475181440238204
42047,532363.0,0.8946493276204395,0.7216314807753357,0.17301784684510382,0.000677169525305102,0.8953264971457445,3.0054680734761807e-06,0.04767818199236236,0.03865445194350472,0.0037534539402625648,0.04985545576984125,0.0038620264744168922,0.0011420778679209487,0.0007669578840002029,0.0013657973976403319,0.9011246649372703,0.04268753967349911
42049,514388.6,0.5086236359048393,0.4580297852635148,0.05059385064132448,0.031092640855571063,0.5397162767604102,3.1104888405380682e-06,0.1575622010285609,0.06707185967962744,0.03432366113867998,0.2257553919352023,0.004224432656555764,0.0020124862798281302,0.0034302859744558883,0.06729581487614616,0.5497770557123544,0.08503888449731016
42051,510864.5,0.6680804792660284,0.6084280665421066,0.059652412723921903,3.9149324331598694e-07,0.6680808707592718,6.068145271397797e-06,0.11913158968767648,0.06411680592407576,0.01908568710489768,0.18865335132897276,0.010616318025621276,0.001557164375289338,6.068145271397797e-06,0.01194856953262558,0.6776983916478831,0.07958953617347919
42053,276214.7,0.9135520303589925,0.6539351453778528,0.25961688498113966,0.0015860850273356198,0.915138115386328,3.2583349112121838e-06,0.041958302726104006,0.03940883667668665,0.0009043689564675594,0.032209364671757154,0.007583593487240178,0.00025921864404754703,0.0008229105836872549,0.0020252361659245507,0.921049440887831,0.03839764208157585
42055,494543.2,0.4162109599323173,0.3761905936630005,0.04002036626931682,0.0009178166841642954,0.4171287766164816,0.0009736257621174449,0.11436169782538715,0.044068546488961934,0.02280387234118273,0.20391524946657844,0.002386040289301319,0.007131833983360807,0.0006403889488319726,0.2534623871079412,0.4237390585898259,0.04770355510568749
42057,280452.1,0.7027941669896571,0.6472599064153914,0.05553426057426562,1.4975819400175647e-05,0.7028091428090573,0.00031235280463223487,0.051585636192419314,0.034650480420720685,0.004234591218963951,0.18128621607754053,0.0019554141331086486,0.001716157589834414,3.957895127189278e-05,0.06029550144213576,0.7080067148721654,0.0362548567536541
42059,369885.9,0.7011316192371756,0.6707381925074732,0.03039342672970232,2.973890056366031e-06,0.7011345931272319,3.379420518597762e-05,0.09060307516453045,0.06398757022097895,0.010406452368149206,0.19783668423154274,0.0051899788556416995,0.0033688767265797367,6.1910983900711e-05,0.0017710867053867152,0.7107327286603787,0.06352495024155907
42061,569028.1,0.7546599192553057,0.7001177973460362,0.054542121909269506,1.5289227368560532e-05,0.7546752084826743,7.029529824625534e-07,0.06265349637390491,0.04729977306920344,0.004173607595125794,0.1161828387736915,0.017626546035248523,0.0015633674329967185,1.9155468772104578e-05,0.04727868447972956,0.7617701744430548,0.04728304043814517
42063,534016.4,0.6449554732775997,0.5520564536969277,0.09289901958067207,3.23960088117144e-05,0.6449878692864115,2.9961626646672276e-06,0.09298103953361732,0.06405814503075186,0.010188638401367448,0.20196851632271967,0.006356733613424606,0.001890204121071937,0.00023444972851021054,0.05157819123158015,0.6545965910410243,0.059971642572823426
42065,420359.2,0.6969004127898235,0.47488671593246917,0.22201369685735436,8.350001617664131e-05,0.6969839128060001,1.1180913847014648e-05,0.08115107270163231,0.06223843798351505,0.006052918551562567,0.1997184788628392,0.003046917969203481,0.0007771924582595075,0.0007719588390119688,0.0175392854492063,0.7063196785035274,0.056560992179987876
42067,251879.9,0.6506537441058219,0.612381138788764,0.03827260531705785,0.00046530112168537466,0.6511190452275072,0.00029934901514571034,0.06695413171118458,0.047148263914667275,0.006152932409453872,0.17069762216040266,0.006400272510827581,0.001354613845725681,0.00018619985159593918,0.10298876567761064,0.6581912848147072,0.043595110313823265
42069,297366.30000000005,0.6365442217225018,0.5581772379721575,0.07836698375034426,0.018725390200570808,0.6552696119230725,0.003904611921391226,0.18614853128952405,0.07256168570547503,0.06706106240014419,0.11750423635765048,0.013541211630235165,0.010814271825691075,0.006010095965817242,0.006807429086618085,0.6661538647788938,0.12197747585813636
42071,629678.5,0.1780640437937773,0.14390883601711033,0.03415520777666699,0.002125052705467949,0.18018909649924528,0.0017086497315693646,0.2103741830156183,0.0799295195881708,0.05283267572261082,0.17679371298210117,0.03230458082974089,0.00962538819413399,0.0056142936435022,0.38339009510408883,0.1921785244374709,0.037907133964351136
42073,232220.1,0.4582105511107781,0.4438267832973976,0.014383767813380497,0.0022095417235631198,0.4604200928343412,2.282317508260482e-05,0.17241703022262067,0.09133490167302485,0.02860346714173321,0.24790920338075817,0.010467655469961472,0.003556109053436804,0.0005438805684779225,0.10466320529532111,0.4741203280852949,0.07938426506132042
42075,232039.0,0.33818280547666557,0.2933498248139322,0.04483298066273342,0.0035231146488305847,0.34170592012549617,0.007266019936303811,0.18332306207146212,0.06578118333555996,0.048934015402583186,0.14589228534858362,0.005141808058128159,0.007681898301578614,0.006456242269618469,0.302532763888829,0.35157309762583017,0.06264257560535241
42077,222897.3,0.2818185774345405,0.27079780688236244,0.011020770552178066,0.0008232490927436089,0.2826418265272841,0.0028972984419281885,0.3536009633135978,0.13527036890980734,0.10649119572107872,0.1349092160380588,0.0046514695332783304,0.004890144474607813,0.0020565525019818546,0.2143525291692632,0.3029323818637552,0.09994242213276246
42079,580412.1000000001,0.6786676225392269,0.5547289589586433,0.1239386635805835,0.014533983698823645,0.6932016062380505,0.0038086731823819653,0.14477041398688964,0.05994878466524043,0.050178829834870764,0.07405651949709524,0.016109416051112647,0.01917258444474193,0.009716716794842834,0.039164069804885175,0.7021939239378365,0.10035508351145943
42081,795962.7999999999,0.75068608733976,0.47428523041529086,0.27640085692446936,0.001193900016432929,0.7518799873561931,0.0002436043493489897,0.0697717280254806,0.04090655995481196,0.01259832745952449,0.09988079844937477,0.007184883514656715,0.003939003179545577,0.005105766249377484,0.06199422887602285,0.7580159713494149,0.05245996598561809
42083,629899.2,0.8861655960191727,0.7751570409995758,0.11100855501959679,0.00597492424184695,0.8921405202610195,6.985244623266708e-06,0.04359126031593626,0.0362872345289532,0.003516435645576308,0.058233603090780246,0.0032760797283120854,0.00116129691861809,0.00040530294370908876,0.001184951497001425,0.8975836054403625,0.038889529657092914
42085,436774.69999999995,0.5079334952322102,0.4924000863603135,0.015533408871896658,0.007540271906774821,0.515473767138985,2.060558910577925e-06,0.12871372815321036,0.07722860321351031,0.01623445680347328,0.22384858829964283,0.017435075795370018,0.0008308631429430322,0.001167650049327491,0.11252826686161081,0.5270580576210115,0.06634855033363857
42087,265328.5,0.6570568182460611,0.5918632939921644,0.06519352425389659,5.3518562838142146e-05,0.6571103368088992,1.4321868928516914e-05,0.0865429081308642,0.055530785422598775,0.011279602455069846,0.15202023152431798,0.007405536909906023,0.0020450121264771783,0.00010062997378721094,0.09476102265681975,0.665439954622289,0.056868239510293794
42089,395049.8,0.6899259283259983,0.5789108107382918,0.11101511758770667,0.04931251705481183,0.7392384453808103,0.00183065527434769,0.1788956734062389,0.13374921339031182,0.01711480426012113,0.04115076124579737,0.013266681820874229,0.003708140087654772,0.0036078995610173705,0.018301743223259448,0.7593008273893571,0.1322465594941812
42091,311890.1,0.21650831494811798,0.18659361101875307,0.029914703929364867,0.010608223858339845,0.2271165388064578,0.0029885526985306684,0.579929276370106,0.2550516993004908,0.13032218720632685,0.1315508251143592,0.008276312713997655,0.003967423140394646,0.0026275280940305577,0.043543543062123484,0.2653742937015314,0.13171153000171218
42093,84592.7,0.3551807661890447,0.3059448392118942,0.04923592697715051,0.0037225434345989662,0.3589033096236437,0.0003971973941013823,0.11303812267488804,0.050619025045896396,0.0225480449258624,0.20383200914499716,0.010260932680952376,0.00653366070594744,0.004642244543559906,0.3023925232319101,0.36649616338052815,0.04056975634166076
42095,241493.2,0.33616267455978055,0.32547169030018236,0.0106909842595982,0.002945838640591122,0.33910851320037166,0.0008178284109034954,0.31664742526911727,0.1424011110871859,0.07613009393225151,0.15036696685455325,0.010195318129040485,0.00807351925437238,0.0020083381229782037,0.17278209075866316,0.36046867986344955,0.10737783759173615
42097,305796.0,0.44960790854033406,0.39790383131237816,0.05170407722795589,0.004170100328323457,0.45377800886865755,0.006317610433099191,0.11043015605174691,0.04815955735196013,0.02677569359965467,0.11516664704574292,0.038097620635979546,0.014542374654998757,0.006759081217543722,0.2549085010922314,0.46100194247145154,0.05011077633221685
42099,355665.6,0.6567247436918275,0.6029278625765326,0.05379688111529482,0.002624375255858312,0.6593491189476858,0.0017890400421069679,0.07126947334799881,0.04658223904701495,0.006161686707963886,0.13143694526544036,0.005808827167991507,0.0013999104777071497,0.002162143316643499,0.12678454143442605,0.666336454804738,0.04699146445986859
42101,91346.9,0.06526986684824554,0.06118872123739284,0.004081145610852694,0.009752930860270025,0.07502279770851555,0.0009885392936158754,0.8436498666074055,0.09824854483293906,0.6317411975666388,0.008161196493805483,0.052465929330935156,0.0038829998609695568,0.007128868084193335,0.008699802620559648,0.08976007943345642,0.06329297327930351
42103,362494.0,0.8011271910707487,0.6429979530695681,0.1581292380011807,0.0393647894861708,0.8404919805569195,6.565625913808229e-05,0.10665500670355924,0.08825635734660436,0.005444228042395184,0.01386726400988706,0.03261129839390445,0.0010902249416542067,0.0033633660143340305,0.0018552031206033755,0.8537304341589101,0.08964267782058603
42105,692204.3,0.8605456510455077,0.740032097460244,0.12051355358526376,0.0004940737871752602,0.8610397248326831,1.8780582553445564e-06,0.03493433947174266,0.03321606063412203,0.0008428147585907801,0.09310993878541349,0.0007354765059968567,0.00027376310722137956,0.00011369475745816661,0.009791184481229023,0.8660221339278014,0.03007985404596084
42107,500951.1,0.649604921518288,0.573936258449178,0.07566866306910995,0.0015933690933107045,0.6511982906115986,0.014777091017466576,0.09617285998573515,0.04948307329797259,0.02082857987536109,0.06856816962773413,0.006458514613502196,0.030715173596784197,0.0019257368633385575,0.13018416368384061,0.6586207516062945,0.06262760202593934
42109,212398.7,0.50842778227927,0.43944242596588395,0.06898535631338609,0.012132371808302027,0.5205601540875721,0.0020292026269463984,0.09706227015513746,0.04559020370651985,0.02070116248357452,0.12615943506245564,0.005637510964050157,0.002281558220459918,0.005547114930552776,0.2407227539528255,0.52739868464355,0.0505267503080479
42111,691712.6,0.6594442547381674,0.5943680944947367,0.06507616024343059,3.1805116749355154e-06,0.6594474352498423,8.384985324829994e-06,0.0747330611008098,0.05192084111233481,0.006907348514397453,0.2370014656376073,0.007769700884442469,0.003885139579646229,0.00010582429754785442,0.01704898826477933,0.6672355614166925,0.04928252547129877
42113,289506.7,0.8490183474164846,0.5917987390274561,0.25721960838902863,0.009344861448802394,0.858363208865287,0.0006929027894691211,0.037188431217654035,0.032359182015476676,0.001589945932166682,0.06273671731949554,0.004488669864980672,0.0034375715657012427,0.008446091230358398,0.024646407147053937,0.8632170861676085,0.03192118115265153
42115,532708.1,0.6490522670858581,0.46484331663062756,0.18420895045523053,0.005350397337678928,0.654402664423537,6.814238416874082e-05,0.06892367508584908,0.056538468253063925,0.005498133030077823,0.2533269158099905,0.012292285399827785,0.005454018814431394,0.00241933621809017,0.003112961864105314,0.6628834346614966,0.04510383661804179
42117,727906.4,0.6936880895675598,0.4982659858465319,0.19542210372102786,0.0010122180544091931,0.694700307621969,2.3492031393047238e-05,0.05493302435587872,0.046839950850823674,0.003516935693929879,0.22357902059935178,0.006111500050006429,0.0015823463016673572,0.0011695184985322288,0.01790079054120145,0.7017263002495926,0.03816198891863406
42119,202949.19999999998,0.5786457891925665,0.38638733239648154,0.19225845679608494,0.004281366962767037,0.5829271561553334,0.0011781273343279995,0.09071432654082895,0.045663643906948145,0.01564036714606414,0.09263007688623558,0.0029071314397888736,0.005231358389192961,0.006085266657863151,0.21832655659642905,0.5897767027413756,0.052879844392991704
42121,437123.3,0.780130228702062,0.722778218411144,0.057352010290917924,0.0010312879684061683,0.7811615166704681,2.516452451745309e-06,0.07764628424062502,0.060582677702149486,0.005923042766194344,0.10888415236616306,0.012690698482556294,0.0005993732203247917,0.0002232779629912201,0.018792180604419853,0.7902489183257905,0.0606542891612329
42123,574530.6,0.8184368247748685,0.5941960271567781,0.22424079761809035,0.011033528936491808,0.8294703537113602,3.48110266015422e-06,0.053584265137487895,0.04486166620193947,0.0036137326715060952,0.09148163735752282,0.01583153273298237,0.0009115267315613826,0.0009364166155814851,0.007780786610843705,0.8361996036416511,0.04444655935695539
42125,551019.3,0.5390048951098445,0.5006857291568553,0.0383191659529893,2.90370954338623e-06,0.539007798819388,5.262973547387541e-06,0.16931294421084706,0.08713560486901276,0.03361025648284915,0.28191916326705796,0.005891808145377122,0.0014836140948239016,5.644085424956984e-05,0.0023229676347089837,0.5520781395497399,0.09126099737071851
42127,480398.0,0.7134286570718446,0.5683887110271066,0.14503994604473788,0.015193651930274481,0.728622309002119,0.0002674865424085862,0.08033193310546673,0.06739037214975915,0.0038053863671372486,0.15730560909912197,0.02635647941914829,0.0019925145400272277,0.0035549690048667978,0.0015686992868413274,0.7387308648245828,0.05853163858590893
42129,663323.7999999999,0.579371492474716,0.5148176501431126,0.06455384233160337,1.3568034193858266e-06,0.5793728492781354,2.412094967797025e-06,0.19500370708845363,0.08677767931740125,0.03926875531980008,0.1990855747977082,0.00887666023742854,0.0014701718828722867,1.9146003806888885e-05,0.016169478616627358,0.5923895011757455,0.1129798533956363
42131,259119.5,0.7169587777068109,0.5511040272924268,0.16585475041438408,0.006421747494881705,0.7233805252016926,1.1963592087820484e-05,0.06368837544067506,0.049400373186888676,0.005925837306725275,0.17889699540173548,0.018136805605135857,0.00306653879773618,0.0018771261908115753,0.010941669770125366,0.730790581179726,0.04607093047551811
42133,582604.1,0.3132712248334675,0.2545706423967837,0.05870058243668384,0.007879106926985237,0.32115033176045277,0.002714364694652853,0.20767258589494994,0.09541522279022754,0.04435756631304174,0.17492479026495006,0.005485371627147836,0.00729483366148642,0.0047449030997207195,0.27601281899663943,0.3354626151789869,0.0666941198577143
54001,219362.0,0.7512267393623326,0.7468937190579955,0.004333020304337123,1.094081928501746e-05,0.7512376801816176,9.117349404181217e-07,0.05912601088611519,0.04619077141893309,0.004391827207994092,0.18203927754123322,0.006284588944302112,0.0010626270730573208,1.5043626516899006e-05,0.0002338600122172482,0.7581662958944576,0.044417687256478246
54003,205804.19999999998,0.5001205028857526,0.44123152005644206,0.058888982829310585,9.960924023902331e-05,0.5002201121259917,0.00013605164520451966,0.17354990811654963,0.0781004469296545,0.028444025923669198,0.2572692879931508,0.00602854557875884,0.00958921149325427,0.00029494053085408366,0.052911942516236314,0.5119351791654398,0.08681315449751602
54005,322042.10000000003,0.9014852405943198,0.8990281084367541,0.0024571321575657342,6.2103681475186e-07,0.9014858616311345,2.5462509404826258e-05,0.04079901354512344,0.023174920297687786,0.006037719913017583,0.03473521008588629,0.002985945005326943,0.01992658723812818,6.2103681475186e-07,4.129894818099869e-05,0.9049620996757877,0.03677973387942594
54007,330356.4,0.8833538566227261,0.8731070443920566,0.010246812230669663,6.054067667525133e-07,0.8833544620294929,6.054067667525133e-07,0.05106939051279164,0.042507728017377594,0.004054711820324958,0.05612968297269252,0.008514440767607347,0.0002981628326256128,6.054067667525133e-07,0.0006326500712563764,0.8897306212320995,0.04511237398260115
54009,59121.6,0.6298780817839842,0.6021724716516468,0.02770561013233742,0.0,0.6298780817839842,0.0,0.17724824767935918,0.08667898027116994,0.044367879083110066,0.1581249492571243,0.032248788936699954,0.0012195204459960487,0.00022496008227111582,0.0010554518145652351,0.6428799288246597,0.11164478624784728
54011,184327.5,0.7460590525016614,0.7432602297541061,0.0027988227475553022,0.0005186420908437427,0.7465776945925051,2.170050589304363e-06,0.15630386133376736,0.06042343112123802,0.03887265871885638,0.07228113005384437,0.022429100378402574,0.0005945938614693955,0.0008761579254316366,0.0009352918039901805,0.7556412092606908,0.11669297645047064
54013,179593.3,0.8967667502072739,0.8897815230300907,0.006985227177183114,1.1136272901049206e-06,0.8967678638345641,2.2272545802098412e-06,0.04373270049606528,0.039253691535263285,0.0006770853923837916,0.05633005240173214,0.002774045579651357,0.0001525669387443741,9.52151333039707e-05,0.00014532836135869212,0.9026559175648535,0.03921808040357324
54015,220045.80000000002,0.9268793133065935,0.9052692666708476,0.02161004663574583,3.1811559229942127e-06,0.9268824944625164,1.8178033845681217e-06,0.03813887836077761,0.033929300172963986,0.0008652744110544258,0.029051679241321578,0.004583591234188519,0.0012856414437358039,9.089016922840609e-07,5.4988552383185684e-05,0.931971889488461,0.03535025871104004
54017,205107.69999999998,0.8928426382822293,0.888561960374964,0.0042806779072653055,0.0,0.8928426382822293,4.387938629315234e-06,0.050734809078352504,0.04130269122027111,0.005100247333474073,0.05582433033962158,0.0004392814116681139,0.00010969846573288083,0.0,4.48544837663335e-05,0.8990380419652699,0.04529820079026145
54019,427772.3,0.8824746249348077,0.8507135688776483,0.031761056057159384,1.636384590587095e-06,0.8824762613193983,8.579330639220914e-05,0.061367694916197243,0.038339322111319504,0.007088116738741616,0.04127522983605998,0.009282742243946138,0.005216092767109979,1.6597615133097678e-05,0.0002795879957631665,0.8882271596360962,0.05415553397543519
54021,217640.30000000002,0.8946693236500777,0.8906310090548487,0.004038314595228916,0.0,0.8946693236500777,9.189474559628893e-07,0.04478628268753535,0.04057658439176935,0.0015755354132483733,0.059695286213077264,0.0006285600598786162,3.354158214264545e-05,1.8378949119257785e-06,0.00018424896492055928,0.9007558113088431,0.040068913240858435
54023,307399.3,0.7675729905695947,0.694605030004948,0.07296796056464672,0.0014085913663433847,0.7689815819359381,0.00014834126167496153,0.033248286512038254,0.019637325133791784,0.005904697896189093,0.1672550978483035,0.006938207081148201,0.00533930949094549,0.0008002620695622925,0.017288913800389268,0.7719271807060069,0.025567319958686493
54025,655640.6,0.8070991942841856,0.7301402628208198,0.07695893146336576,0.00011912013990591796,0.8072183144240915,3.248731088343217e-05,0.04822093079653701,0.03441168835487003,0.004580558311977629,0.13355884306127475,0.002815109375471867,0.001915531161432041,3.767307881787675e-05,0.006201110791491558,0.8123800676773221,0.038924818477541374
54027,412567.2,0.7737028052642091,0.6968578694573878,0.07684493580682128,5.7687571867080076e-05,0.7737604928360762,6.907965538704968e-05,0.05074688438634967,0.0415474133668406,0.0026688985454975576,0.16011258287134797,0.005740882939797444,0.0013512950132729892,0.0001914839570377868,0.008027298340730914,0.7799926048411022,0.0392659342726773
54029,56495.5,0.6120434370879096,0.5953766229168694,0.01666681417104017,0.0,0.6120434370879096,3.540104964112186e-06,0.20269755998265349,0.10376578665557434,0.04855253958279863,0.12614456018620954,0.05716561496048358,0.0011027426963209459,8.673257162074856e-05,0.0007558124098379518,0.6276083050862458,0.12405971130111597
54031,374070.80000000005,0.803789817328698,0.7163176061857808,0.08747221114291731,0.00011521883023213786,0.8039050361589303,0.000244873430377351,0.037991471133272094,0.024489748999387276,0.006469630882709903,0.12494479654653609,0.003055303969195136,0.0028435793438033653,0.0004156967076820751,0.02659924271020352,0.8075784985088383,0.030541534975124057
54033,266628.30000000005,0.7120354440995198,0.7071364892623925,0.004898954837127191,2.625377726220359e-06,0.7120380694772459,6.000863374217965e-06,0.12120543843245445,0.07250093107145789,0.023563140146788616,0.1615368661166125,0.0037569155262213347,0.0012601813085857726,2.625377726220359e-06,0.00019390289777941797,0.7229132091379646,0.08630288639158805
54035,301825.6,0.7598480712040331,0.7473050662369263,0.012543004967106834,5.963708843782636e-06,0.7598540349128768,5.3010745278067874e-06,0.06985722881027985,0.04585959574005651,0.007020279260606124,0.1516024485663244,0.015610670532917023,0.0004840543678203572,6.692606591356068e-05,0.0025193356693401755,0.7667329742738853,0.05308129717932321
54037,135344.6,0.3056989344236859,0.26467402467479306,0.04102490974889282,5.9108379647211635e-05,0.3057580428033331,0.00022313413316822392,0.1578991699705788,0.09652841709237014,0.01876986595697205,0.3511281573110416,0.012152682855466711,0.004939243974270122,0.00023200039011530565,0.16766756856202608,0.3202373053671886,0.048278941170474994
54039,582987.0,0.8549842449317052,0.8512076598620553,0.0037765850696499233,3.087547406717474e-06,0.8549873324791119,2.2298953492959533e-06,0.1036096859792757,0.04811959786410332,0.024951499776152814,0.027943333213262044,0.008528663589411085,0.004711597342650866,4.459790698591907e-05,0.00017255959395320994,0.8622052721587273,0.08858496903441936
54041,249444.69999999998,0.8170444190636241,0.812231729116714,0.004812689946910077,4.409795036735598e-06,0.8170488288586609,1.6035618315402174e-06,0.06429200540239981,0.04963384670029069,0.00635491553839388,0.10689864326642338,0.011509965936337794,9.701549080818314e-05,0.0,0.00015193748353843558,0.8244939058637045,0.05252970771900546
54043,280712.7,0.9040442416748511,0.9028583316679294,0.0011859100069216675,7.124722180364479e-07,0.9040449541470692,8.549666616437374e-06,0.05170767122399521,0.0387670383277992,0.0020900372516099203,0.03692137904697578,0.002577012012637832,0.004485012612539439,8.870279114553776e-05,0.00016671849902052884,0.909860009896239,0.04674605926074848
54045,291593.5,0.8939900923717435,0.888068492610432,0.005921599761311552,0.0,0.8939900923717435,0.00013203312145160985,0.04806760095818323,0.02165789017930784,0.012505765732089365,0.04339397140196884,0.0022980621996032146,0.01196803083745008,0.00011282830378592115,3.7380805813572666e-05,0.8972387758986398,0.04297195902069433
54047,342355.9,0.9347509419291444,0.9312703534538181,0.003480588475326407,5.841873909577723e-07,0.9347515261165354,7.886529777929927e-06,0.04098395850633799,0.02446839677657081,0.006472212104421158,0.0168403699191397,0.0007398733306480186,0.006612417078251025,3.884846149869186e-05,2.512005781118421e-05,0.938421785633021,0.038309817760096204
54049,199348.0,0.7602418885566948,0.756198707787387,0.004043180769307944,1.0032706623592913e-06,0.7602428918273573,1.3544153941850433e-05,0.11321006481128479,0.07076318799285672,0.018067399723097295,0.11840650520697472,0.007302807151313281,0.0006360735999357906,0.0,0.0001881132491923671,0.7708573700262857,0.08606714705609368
54051,199826.99999999997,0.7283119898712387,0.6976204416820551,0.030691548189183647,1.0008657488727752e-06,0.7283129907369876,8.006925990982202e-06,0.08823482312200055,0.05075540342396173,0.02057729936394982,0.1599868886586898,0.020662873385478443,0.0025351929418947396,0.00017815410329935396,8.107012565869477e-05,0.7359263012505819,0.06426256791513334
54053,284673.89999999997,0.7054563133466047,0.697049501201199,0.008406812145405673,0.00027259260508251723,0.7057289059516871,7.025582605219517e-06,0.07006859427576607,0.04354772249932291,0.0075215887371480146,0.15643408124172958,0.03180059710426562,0.0023904544814259405,0.000145429559928044,0.033424911802592376,0.7122610643265855,0.04944943237980904
54055,269229.0,0.7814399637483331,0.7290373622455233,0.05240260150280988,7.428620245218754e-07,0.7814407066103577,6.685758220696879e-06,0.11668356677772454,0.057331491035512515,0.023157237890420422,0.09748132630585858,0.0016023533868936852,0.0022460433311418905,5.8686099937228164e-05,0.0004806317298656534,0.7900404302656846,0.09118128887260192
54057,210579.6,0.766570456017582,0.7204762474617674,0.046094208555814524,1.2821754813856614e-05,0.7665832777723959,7.598076926729845e-06,0.0684862161386953,0.046707278387840036,0.008154161181804885,0.15633660620496953,0.004288639545331077,0.0009440610581461832,1.5671033661380303e-05,0.003337930169874005,0.7735893695305719,0.052500388049829795
54059,271124.3,0.903111229793862,0.9017387965593641,0.0013724332344979776,1.4753380644966166e-06,0.9031127051319265,0.0002139240193520094,0.04614009146358331,0.019537164319096446,0.010655998005342938,0.03577842340210745,0.003304757264472421,0.010842997105017883,0.0005831273699922877,2.3974243548070018e-05,0.906043279779791,0.041669702816711236
54061,234137.5,0.7159792856761519,0.7039406331749506,0.012038652501201216,0.0,0.7159792856761519,6.8335913725908924e-06,0.1368336981474561,0.07449255245315253,0.031891089637499336,0.12792995568843094,0.016564198387699538,0.0021124339330521598,8.541989215738616e-07,0.0005727403769152741,0.7271531685441247,0.09797009345604181
54063,303134.0,0.685819802463597,0.6105850877829607,0.07523471468063629,1.319548450520232e-06,0.6858211220120475,5.278193802080928e-06,0.04739818034268673,0.034687629893050596,0.001814379119465319,0.2593047958988434,0.0008920147525516768,0.00029491907869127186,5.937968027341044e-06,0.006277751753350004,0.6910242664960051,0.03250667322395079
54065,147007.69999999998,0.7730758320822652,0.7177855309619837,0.055290301120281465,1.6325675457816158e-05,0.773092157757723,4.217466159935841e-05,0.07556270862002466,0.057975194496614806,0.00310868070175916,0.13293045194231323,0.005287478138900207,0.0032903038412273647,8.298885024389879e-05,0.009711736187968386,0.7817884369322152,0.05841693745307296
54067,418809.39999999997,0.8778487302338487,0.8319901606792971,0.04585856955455155,1.2654921307878955e-05,0.8778613851551565,4.8948280530475206e-05,0.05080186834392925,0.04134911967114397,0.003908938051533705,0.058092774421968564,0.009314499626799208,0.0033771925845026405,1.599773070996019e-05,0.00048733385640341406,0.8840637531058282,0.04459699851287163
54069,69692.1,0.5502230525411057,0.5052724770813334,0.044950575459772345,0.0,0.5502230525411057,1.0044180043362159e-05,0.2200794638129716,0.10431454928176936,0.06102413329487846,0.19986770380000027,0.026486502774346016,0.0030003400672386107,6.026508026017296e-05,0.00027262774403411573,0.5658702349333711,0.12109279438078305
54071,446781.4,0.8282365828120866,0.6659663987802537,0.16227018403183302,0.0011851433385543803,0.829421726150641,0.000136979739980223,0.0220647054689385,0.017445444237383204,0.001450373717437655,0.10494886313530509,0.0015739240711453073,0.0059483228263307285,0.0005326989888119782,0.03537277961884716,0.8320385427862486,0.01830094609705246
54073,86079.6,0.8151490016217549,0.7941730677187162,0.02097593390303858,1.0455438919325833e-05,0.815159457060674,2.3234308709612964e-06,0.07175103044159127,0.05096445615453603,0.007494226274285661,0.07394202575290776,0.03468185261083927,0.0026196683070088614,0.000145214429435081,0.0016984279666727078,0.8228041254838545,0.05848853101831144
54075,602792.0,0.8995290249372918,0.6639933841192319,0.23553564081805997,5.972209319300853e-06,0.8995349971466111,6.9675775391843296e-06,0.03567067910655749,0.03316417603418758,0.0010005109556862068,0.05955337827973829,0.0020697023185443733,0.0003737607665662451,6.9675775391843296e-06,0.0027835472269041395,0.9045096235517393,0.03208702422833487
54077,416888.8,0.759683877331317,0.7180658247475106,0.04161805258380652,7.627933396147846e-05,0.7597601566652786,4.317698148762932e-06,0.06867154982335817,0.05889796031939453,0.004055517922285271,0.1597977686135967,0.0049329701349616496,0.0007728679686285647,1.1753733849410204e-05,0.006048615362178116,0.7685948507131878,0.05217390745224209
54079,224258.69999999998,0.7563443469528719,0.7521862028095231,0.004158144143348731,6.331972850997531e-05,0.7564076666813818,3.121395067393149e-06,0.11899872780855325,0.05938409524357361,0.02191754433607258,0.10635752369919205,0.012365183602687433,0.001513430694104621,8.026444459010956e-06,0.004346319674554432,0.7653152809679179,0.09001155003972063
54081,389983.80000000005,0.8193512140760718,0.790256415779322,0.02909479829674976,1.025683630961081e-06,0.8193522397597028,1.359030811023432e-05,0.09950797956222796,0.045770619189822746,0.01876001003118591,0.06333775915820092,0.005180984440892159,0.011987677436857632,2.5129248958546483e-05,0.0005946400850496866,0.8262178326381763,0.08153208592827421
54083,665549.7,0.8951076080418938,0.7610124382897325,0.13409516975216126,2.2988516109315354e-05,0.8951305965580032,9.61611131370054e-06,0.044282493103069545,0.037127956033937065,0.0035603652138976255,0.0562764884425611,0.0016951401225182734,0.0009052667291413399,3.6060417426377026e-06,0.0016967928916503156,0.9006997899630937,0.03963861446842631
54085,290296.3,0.8678154010230238,0.8466993895547412,0.02111601146828258,6.889512542874298e-07,0.8678160899742781,2.411329390006004e-06,0.04807329614604113,0.03968152539319309,0.0028305562282399054,0.08201826892040993,0.0015129369544151958,0.0002728246966978222,6.200561288586868e-05,0.00024216636588203155,0.873768318783257,0.04171877989363294
54087,309597.2,0.8578404455854252,0.8538019723692591,0.004038473216166037,0.0,0.8578404455854252,1.2920013488494081e-06,0.04771813181772962,0.040104690869297265,0.001964488050925525,0.0933800434887654,0.0005365035601097168,0.00032913734361938676,1.0013010453582914e-05,0.00018443319254825302,0.8638561492158198,0.04093454346102523
54089,235340.30000000002,0.8099675236243006,0.785282418693271,0.02468510493102966,0.0,0.8099675236243006,8.498331989888684e-07,0.05187806763227547,0.03660614012984601,0.0036088166795062294,0.11958002942972368,0.017903860919697985,0.00016061847460889611,1.1472748186349724e-05,0.0004975773380079824,0.8154584446437775,0.04201954997052814
54091,112448.7,0.6979280329608079,0.6959813675035816,0.0019466654572262729,0.0,0.6979280329608079,6.225060849969808e-06,0.08709126917429905,0.06205140655249906,0.008514104653944421,0.19651094232303265,0.016446610765620234,0.0017243418554416371,9.782238478523986e-06,0.000282795621470057,0.7072357439436827,0.06078343818287878
54093,269501.6,0.8619585189846739,0.6836278523021756,0.17833066668249836,0.011940930962933059,0.873899449947607,0.001012609943688646,0.04304278713002075,0.037715174974842454,0.0027702989518429573,0.05821746512822188,0.0056437512801408235,0.0019046269113059068,0.015977641691181054,0.0003016679678339572,0.8795567261938334,0.037615067997137076
54095,166851.0,0.8391552942445655,0.8331145752797406,0.0060407189648249045,4.195359931915301e-06,0.8391594896044975,7.791382730699847e-06,0.056160286722884485,0.04499163924699282,0.004897183714811419,0.08849991908948703,0.015044560715848272,0.00034401951441705473,1.3185416928876663e-05,0.000770747553206154,0.8459082354915464,0.04712743754241798
54097,227097.0,0.7885507074069671,0.7742264318771274,0.014324275529839671,8.806809425047447e-07,0.7885515880879096,8.806809425047447e-07,0.06973628009176695,0.051647974213662004,0.007534665803599343,0.13851922306327252,0.0022356085725482944,0.0003993888074259017,8.806809425047447e-07,0.0005561500151917462,0.7962987842199589,0.054990654413706104
54099,327826.7,0.8761986134747415,0.8631844203049965,0.013014193169744866,4.484076495294617e-05,0.8762434542396943,2.135274521568865e-06,0.07360687826830457,0.041604908935117244,0.009383006326208329,0.036488486142220874,0.012280878891194646,0.0005835400228230343,0.00035872611962356937,0.00043590104161741555,0.8824841905799619,0.06449754526961989
54101,355928.39999999997,0.9449774168063015,0.9014523707577142,0.043525046048587306,3.0905092147746574e-06,0.9449805073155164,5.057196896903984e-06,0.030722190193308543,0.028230396900050688,0.0009791295103172438,0.019958227553631573,0.0020057404803887524,0.002246800199141176,1.9666876821293273e-06,7.951037343465709e-05,0.949215066850524,0.02903187087471649
54103,231268.09999999998,0.896314277671672,0.8920071553318422,0.0043071223398298344,6.918377415648765e-06,0.8963211960490877,8.647971769560956e-06,0.053448357123183014,0.04138486890323396,0.005748306835227168,0.042948422199170576,0.00696594126038135,0.0002153344970620678,0.0,9.210089934582419e-05,0.9025289263845727,0.04790689538351017
54105,150346.9,0.8426931316841252,0.7989955230204281,0.04369760866369709,0.0,0.8426931316841252,0.0,0.04902994341752308,0.04281564834392994,0.0007030407677178579,0.10061264981186842,0.006987839456616664,7.715489976846878e-05,0.00013435594614854047,0.0004649247839496525,0.8491154789357147,0.04131719656480798
54107,241227.9,0.6732683076874607,0.65636644849124,0.01690185919622067,4.518548642176133e-05,0.6733134931738824,2.9018202289204525e-06,0.15040797519689886,0.07779033851391154,0.02470609742902873,0.14520086606897462,0.028218543543263447,0.0007155059593023859,0.000144676465699034,0.0019960377717502826,0.6849820439509692,0.10127171918103464
54109,321170.1,0.9304184916341841,0.9184273380367601,0.011991153597423922,0.0,0.9304184916341841,1.650215882487193e-05,0.03758818146521112,0.020241610286885363,0.006059717265087877,0.023122949490005453,0.0021515078769785857,0.00657190691163343,0.00010648562864351322,2.397483451915356e-05,0.9334547331772169,0.03497273910213373
