fipsCode,value,category,count,acreage
18001,1,Corn,287777,64000.1
18001,4,Sorghum,444,98.7
18001,5,Soybeans,396865,88260.7
18001,6,Sunflowers,8,1.8
18001,12,Sweet Corn,71,15.8
18001,13,Pop or Orn Corn,802,178.4
18001,21,Barley,484,107.6
18001,24,Winter Wheat,16488,3666.8
18001,26,Dbl Crop WinWht/Soybeans,5030,1118.6
18001,27,Rye,275,61.2
18001,28,Oats,650,144.6
18001,31,Canola,18,4.0
18001,36,Alfalfa,20341,4523.7
18001,37,Other Hay/Non Alfalfa,472,105.0
18001,42,Dry Beans,1,0.2
18001,44,Other Crops,5,1.1
18001,48,Watermelons,4,0.9
18001,50,Cucumbers,84,18.7
18001,54,Tomatoes,33,7.3
18001,58,Clover/Wildflowers,198,44.0
18001,59,Sod/Grass Seed,113,25.1
18001,60,Switchgrass,16,3.6
18001,61,Fallow/Idle Cropland,1059,235.5
18001,69,Grapes,103,22.9
18001,70,Christmas Trees,33,7.3
18001,111,Open Water,5159,1147.3
18001,121,Developed/Open Space,28103,6250.0
18001,122,Developed/Low Intensity,25807,5739.3
18001,123,Developed/Medium Intensity,14297,3179.6
18001,124,Developed/High Intensity,4436,986.5
18001,131,Barren,2118,471.0
18001,141,Deciduous Forest,66096,14699.4
18001,142,Evergreen Forest,175,38.9
18001,143,Mixed Forest,3,0.7
18001,152,Shrubland,4,0.9
18001,176,Grass/Pasture,89119,19819.6
18001,190,Woody Wetlands,10098,2245.7
18001,195,Herbaceous Wetlands,1131,251.5
18001,205,Triticale,237,52.7
18001,225,Dbl Crop WinWht/Corn,3,0.7
18001,229,Pumpkins,19,4.2
18001,254,Dbl Crop Barley/Soybeans,65,14.5
18003,1,Corn,347926,77376.9
18003,4,Sorghum,77,17.1
18003,5,Soybeans,491728,109357.7
18003,6,Sunflowers,28,6.2
18003,12,Sweet Corn,113,25.1
18003,13,Pop or Orn Corn,16,3.6
18003,21,Barley,247,54.9
18003,24,Winter Wheat,36790,8181.9
18003,26,Dbl Crop WinWht/Soybeans,5233,1163.8
18003,27,Rye,714,158.8
18003,28,Oats,893,198.6
18003,31,Canola,18,4.0
18003,36,Alfalfa,20816,4629.4
18003,37,Other Hay/Non Alfalfa,75,16.7
18003,44,Other Crops,2,0.4
18003,50,Cucumbers,142,31.6
18003,54,Tomatoes,90,20.0
18003,58,Clover/Wildflowers,74,16.5
18003,59,Sod/Grass Seed,948,210.8
18003,60,Switchgrass,24,5.3
18003,61,Fallow/Idle Cropland,4021,894.2
18003,68,Apples,1,0.2
18003,69,Grapes,198,44.0
18003,111,Open Water,27165,6041.4
18003,121,Developed/Open Space,123839,27541.1
18003,122,Developed/Low Intensity,181262,40311.7
18003,123,Developed/Medium Intensity,141352,31435.9
18003,124,Developed/High Intensity,48398,10763.5
18003,131,Barren,12893,2867.3
18003,141,Deciduous Forest,186771,41536.9
18003,142,Evergreen Forest,2306,512.8
18003,143,Mixed Forest,62,13.8
18003,152,Shrubland,7,1.6
18003,176,Grass/Pasture,233681,51969.4
18003,190,Woody Wetlands,25123,5587.2
18003,195,Herbaceous Wetlands,6181,1374.6
18003,205,Triticale,77,17.1
18003,225,Dbl Crop WinWht/Corn,71,15.8
18003,229,Pumpkins,53,11.8
18003,249,Gourds,7,1.6
18003,254,Dbl Crop Barley/Soybeans,28,6.2
18005,1,Corn,229777,51101.2
18005,4,Sorghum,300,66.7
18005,5,Soybeans,312393,69474.5
18005,6,Sunflowers,5,1.1
18005,11,Tobacco,15,3.3
18005,12,Sweet Corn,138,30.7
18005,13,Pop or Orn Corn,9,2.0
18005,21,Barley,8,1.8
18005,24,Winter Wheat,1151,256.0
18005,26,Dbl Crop WinWht/Soybeans,22181,4932.9
18005,27,Rye,35,7.8
18005,28,Oats,20,4.4
18005,36,Alfalfa,656,145.9
18005,37,Other Hay/Non Alfalfa,54,12.0
18005,44,Other Crops,160,35.6
18005,47,Misc Vegs & Fruits,1,0.2
18005,48,Watermelons,32,7.1
18005,54,Tomatoes,38,8.5
18005,58,Clover/Wildflowers,1,0.2
18005,59,Sod/Grass Seed,40,8.9
18005,61,Fallow/Idle Cropland,557,123.9
18005,69,Grapes,52,11.6
18005,70,Christmas Trees,13,2.9
18005,76,Walnuts,10,2.2
18005,111,Open Water,14729,3275.7
18005,121,Developed/Open Space,53405,11877.0
18005,122,Developed/Low Intensity,41671,9267.4
18005,123,Developed/Medium Intensity,19798,4403.0
18005,124,Developed/High Intensity,9088,2021.1
18005,131,Barren,2965,659.4
18005,141,Deciduous Forest,341447,75936.0
18005,142,Evergreen Forest,867,192.8
18005,143,Mixed Forest,5496,1222.3
18005,152,Shrubland,7,1.6
18005,176,Grass/Pasture,118619,26380.2
18005,190,Woody Wetlands,78,17.3
18005,195,Herbaceous Wetlands,174,38.7
18005,205,Triticale,73,16.2
18005,225,Dbl Crop WinWht/Corn,5,1.1
18005,228,Dbl Crop Triticale/Corn,66,14.7
18005,229,Pumpkins,848,188.6
18005,236,Dbl Crop WinWht/Sorghum,345,76.7
18005,240,Dbl Crop Soybeans/Oats,265,58.9
18005,254,Dbl Crop Barley/Soybeans,894,198.8
18007,1,Corn,527273,117262.7
18007,4,Sorghum,80,17.8
18007,5,Soybeans,522648,116234.1
18007,6,Sunflowers,107,23.8
18007,12,Sweet Corn,144,32.0
18007,13,Pop or Orn Corn,735,163.5
18007,14,Mint,6,1.3
18007,21,Barley,24,5.3
18007,23,Spring Wheat,1,0.2
18007,24,Winter Wheat,6465,1437.8
18007,25,Other Small Grains,50,11.1
18007,26,Dbl Crop WinWht/Soybeans,654,145.4
18007,27,Rye,92,20.5
18007,28,Oats,78,17.3
18007,29,Millet,129,28.7
18007,30,Speltz,11,2.4
18007,36,Alfalfa,8418,1872.1
18007,37,Other Hay/Non Alfalfa,299,66.5
18007,39,Buckwheat,1,0.2
18007,44,Other Crops,76,16.9
18007,47,Misc Vegs & Fruits,21,4.7
18007,49,Onions,44,9.8
18007,54,Tomatoes,162,36.0
18007,56,Hops,25,5.6
18007,58,Clover/Wildflowers,69,15.3
18007,59,Sod/Grass Seed,82,18.2
18007,61,Fallow/Idle Cropland,25,5.6
18007,68,Apples,7,1.6
18007,70,Christmas Trees,1,0.2
18007,111,Open Water,762,169.5
18007,121,Developed/Open Space,12253,2725.0
18007,122,Developed/Low Intensity,24918,5541.6
18007,123,Developed/Medium Intensity,5184,1152.9
18007,124,Developed/High Intensity,1291,287.1
18007,131,Barren,1207,268.4
18007,141,Deciduous Forest,15042,3345.3
18007,142,Evergreen Forest,16,3.6
18007,143,Mixed Forest,33,7.3
18007,152,Shrubland,2,0.4
18007,176,Grass/Pasture,39256,8730.3
18007,190,Woody Wetlands,605,134.5
18007,195,Herbaceous Wetlands,241,53.6
18007,205,Triticale,8,1.8
18007,222,Squash,3,0.7
18007,229,Pumpkins,832,185.0
18007,236,Dbl Crop WinWht/Sorghum,10,2.2
18007,242,Blueberries,2,0.4
18009,1,Corn,140786,31310.1
18009,4,Sorghum,1,0.2
18009,5,Soybeans,209643,46623.5
18009,6,Sunflowers,1,0.2
18009,12,Sweet Corn,12,2.7
18009,13,Pop or Orn Corn,7,1.6
18009,21,Barley,6,1.3
18009,24,Winter Wheat,4104,912.7
18009,26,Dbl Crop WinWht/Soybeans,2689,598.0
18009,27,Rye,18,4.0
18009,28,Oats,499,111.0
18009,31,Canola,3,0.7
18009,36,Alfalfa,729,162.1
18009,37,Other Hay/Non Alfalfa,82,18.2
18009,42,Dry Beans,1,0.2
18009,44,Other Crops,1,0.2
18009,50,Cucumbers,4,0.9
18009,54,Tomatoes,22,4.9
18009,59,Sod/Grass Seed,11,2.4
18009,61,Fallow/Idle Cropland,135,30.0
18009,70,Christmas Trees,10,2.2
18009,111,Open Water,1688,375.4
18009,121,Developed/Open Space,15749,3502.5
18009,122,Developed/Low Intensity,10866,2416.5
18009,123,Developed/Medium Intensity,2967,659.8
18009,124,Developed/High Intensity,1142,254.0
18009,131,Barren,644,143.2
18009,141,Deciduous Forest,53305,11854.7
18009,142,Evergreen Forest,29,6.4
18009,143,Mixed Forest,3,0.7
18009,152,Shrubland,1,0.2
18009,176,Grass/Pasture,30228,6722.5
18009,190,Woody Wetlands,494,109.9
18009,195,Herbaceous Wetlands,458,101.9
18009,221,Strawberries,1,0.2
18009,236,Dbl Crop WinWht/Sorghum,60,13.3
18009,254,Dbl Crop Barley/Soybeans,10,2.2
18011,1,Corn,399649,88879.8
18011,4,Sorghum,15,3.3
18011,5,Soybeans,443629,98660.7
18011,6,Sunflowers,1,0.2
18011,12,Sweet Corn,146,32.5
18011,13,Pop or Orn Corn,1049,233.3
18011,21,Barley,802,178.4
18011,24,Winter Wheat,13411,2982.5
18011,26,Dbl Crop WinWht/Soybeans,2677,595.4
18011,27,Rye,14,3.1
18011,28,Oats,26,5.8
18011,36,Alfalfa,5925,1317.7
18011,37,Other Hay/Non Alfalfa,761,169.2
18011,44,Other Crops,249,55.4
18011,54,Tomatoes,366,81.4
18011,58,Clover/Wildflowers,13,2.9
18011,59,Sod/Grass Seed,270,60.0
18011,61,Fallow/Idle Cropland,532,118.3
18011,67,Peaches,3,0.7
18011,68,Apples,4,0.9
18011,70,Christmas Trees,797,177.2
18011,111,Open Water,4308,958.1
18011,121,Developed/Open Space,65196,14499.2
18011,122,Developed/Low Intensity,47723,10613.3
18011,123,Developed/Medium Intensity,32346,7193.6
18011,124,Developed/High Intensity,12060,2682.1
18011,131,Barren,2680,596.0
18011,141,Deciduous Forest,83298,18525.0
18011,142,Evergreen Forest,507,112.8
18011,143,Mixed Forest,85,18.9
18011,152,Shrubland,3,0.7
18011,176,Grass/Pasture,96587,21480.4
18011,190,Woody Wetlands,995,221.3
18011,195,Herbaceous Wetlands,1526,339.4
18011,205,Triticale,153,34.0
18011,225,Dbl Crop WinWht/Corn,18,4.0
18011,229,Pumpkins,106,23.6
18011,241,Dbl Crop Corn/Soybeans,6,1.3
18011,249,Gourds,8,1.8
18011,254,Dbl Crop Barley/Soybeans,54,12.0
18013,1,Corn,11148,2479.3
18013,5,Soybeans,10990,2444.1
18013,12,Sweet Corn,20,4.4
18013,13,Pop or Orn Corn,2,0.4
18013,24,Winter Wheat,141,31.4
18013,26,Dbl Crop WinWht/Soybeans,6,1.3
18013,27,Rye,3,0.7
18013,28,Oats,3,0.7
18013,36,Alfalfa,580,129.0
18013,37,Other Hay/Non Alfalfa,21,4.7
18013,44,Other Crops,4,0.9
18013,48,Watermelons,1,0.2
18013,54,Tomatoes,9,2.0
18013,59,Sod/Grass Seed,10,2.2
18013,61,Fallow/Idle Cropland,100,22.2
18013,68,Apples,1,0.2
18013,70,Christmas Trees,1,0.2
18013,111,Open Water,14516,3228.3
18013,121,Developed/Open Space,47456,10554.0
18013,122,Developed/Low Intensity,4024,894.9
18013,123,Developed/Medium Intensity,1325,294.7
18013,124,Developed/High Intensity,318,70.7
18013,131,Barren,367,81.6
18013,141,Deciduous Forest,752023,167245.9
18013,142,Evergreen Forest,6521,1450.2
18013,143,Mixed Forest,14114,3138.9
18013,176,Grass/Pasture,46660,10376.9
18013,190,Woody Wetlands,106,23.6
18013,195,Herbaceous Wetlands,668,148.6
18013,205,Triticale,1,0.2
18013,228,Dbl Crop Triticale/Corn,2,0.4
18013,229,Pumpkins,6,1.3
18013,237,Dbl Crop Barley/Corn,5,1.1
18013,240,Dbl Crop Soybeans/Oats,1,0.2
18013,254,Dbl Crop Barley/Soybeans,1,0.2
18015,1,Corn,397708,88448.1
18015,4,Sorghum,3,0.7
18015,5,Soybeans,398178,88552.7
18015,6,Sunflowers,3,0.7
18015,12,Sweet Corn,86,19.1
18015,13,Pop or Orn Corn,1341,298.2
18015,14,Mint,25,5.6
18015,21,Barley,1285,285.8
18015,24,Winter Wheat,17304,3848.3
18015,26,Dbl Crop WinWht/Soybeans,2867,637.6
18015,27,Rye,175,38.9
18015,28,Oats,15,3.3
18015,29,Millet,7,1.6
18015,36,Alfalfa,4823,1072.6
18015,37,Other Hay/Non Alfalfa,461,102.5
18015,42,Dry Beans,4,0.9
18015,43,Potatoes,36,8.0
18015,44,Other Crops,7,1.6
18015,50,Cucumbers,5,1.1
18015,54,Tomatoes,428,95.2
18015,58,Clover/Wildflowers,43,9.6
18015,59,Sod/Grass Seed,68,15.1
18015,60,Switchgrass,3,0.7
18015,61,Fallow/Idle Cropland,271,60.3
18015,67,Peaches,8,1.8
18015,68,Apples,5,1.1
18015,69,Grapes,4,0.9
18015,70,Christmas Trees,440,97.9
18015,111,Open Water,9722,2162.1
18015,121,Developed/Open Space,31948,7105.1
18015,122,Developed/Low Intensity,17978,3998.2
18015,123,Developed/Medium Intensity,7737,1720.7
18015,124,Developed/High Intensity,2031,451.7
18015,131,Barren,1707,379.6
18015,141,Deciduous Forest,125853,27989.0
18015,142,Evergreen Forest,182,40.5
18015,143,Mixed Forest,104,23.1
18015,152,Shrubland,1,0.2
18015,176,Grass/Pasture,51710,11500.0
18015,190,Woody Wetlands,2564,570.2
18015,195,Herbaceous Wetlands,1904,423.4
18015,205,Triticale,16,3.6
18015,221,Strawberries,1,0.2
18015,225,Dbl Crop WinWht/Corn,1,0.2
18015,229,Pumpkins,58,12.9
18015,242,Blueberries,38,8.5
18015,249,Gourds,9,2.0
18015,254,Dbl Crop Barley/Soybeans,52,11.6
18017,1,Corn,438436,97505.8
18017,4,Sorghum,125,27.8
18017,5,Soybeans,376373,83703.3
18017,6,Sunflowers,4,0.9
18017,12,Sweet Corn,225,50.0
18017,13,Pop or Orn Corn,160,35.6
18017,14,Mint,15,3.3
18017,21,Barley,69,15.3
18017,24,Winter Wheat,8992,1999.8
18017,26,Dbl Crop WinWht/Soybeans,4804,1068.4
18017,27,Rye,380,84.5
18017,28,Oats,106,23.6
18017,29,Millet,241,53.6
18017,36,Alfalfa,9557,2125.4
18017,37,Other Hay/Non Alfalfa,43,9.6
18017,42,Dry Beans,32,7.1
18017,43,Potatoes,54,12.0
18017,44,Other Crops,52,11.6
18017,50,Cucumbers,162,36.0
18017,54,Tomatoes,2203,489.9
18017,58,Clover/Wildflowers,153,34.0
18017,59,Sod/Grass Seed,207,46.0
18017,60,Switchgrass,48,10.7
18017,61,Fallow/Idle Cropland,110,24.5
18017,67,Peaches,1,0.2
18017,68,Apples,1,0.2
18017,69,Grapes,14,3.1
18017,70,Christmas Trees,156,34.7
18017,111,Open Water,8597,1911.9
18017,121,Developed/Open Space,40963,9110.0
18017,122,Developed/Low Intensity,28827,6411.0
18017,123,Developed/Medium Intensity,10550,2346.3
18017,124,Developed/High Intensity,4567,1015.7
18017,131,Barren,4544,1010.6
18017,141,Deciduous Forest,163212,36297.5
18017,142,Evergreen Forest,728,161.9
18017,143,Mixed Forest,89,19.8
18017,152,Shrubland,4,0.9
18017,176,Grass/Pasture,80807,17971.0
18017,190,Woody Wetlands,3136,697.4
18017,195,Herbaceous Wetlands,1833,407.6
18017,205,Triticale,2594,576.9
18017,221,Strawberries,13,2.9
18017,225,Dbl Crop WinWht/Corn,1,0.2
18017,229,Pumpkins,57,12.7
18017,242,Blueberries,97,21.6
18017,249,Gourds,178,39.6
18017,254,Dbl Crop Barley/Soybeans,106,23.6
18019,1,Corn,52332,11638.4
18019,4,Sorghum,52,11.6
18019,5,Soybeans,124351,27655.0
18019,6,Sunflowers,2,0.4
18019,11,Tobacco,185,41.1
18019,12,Sweet Corn,633,140.8
18019,13,Pop or Orn Corn,414,92.1
18019,21,Barley,86,19.1
18019,24,Winter Wheat,405,90.1
18019,26,Dbl Crop WinWht/Soybeans,11440,2544.2
18019,27,Rye,672,149.4
18019,28,Oats,210,46.7
18019,29,Millet,12,2.7
18019,30,Speltz,22,4.9
18019,36,Alfalfa,1536,341.6
18019,37,Other Hay/Non Alfalfa,223,49.6
18019,43,Potatoes,170,37.8
18019,44,Other Crops,100,22.2
18019,47,Misc Vegs & Fruits,7,1.6
18019,48,Watermelons,1,0.2
18019,58,Clover/Wildflowers,13,2.9
18019,59,Sod/Grass Seed,958,213.1
18019,61,Fallow/Idle Cropland,1246,277.1
18019,111,Open Water,10195,2267.3
18019,121,Developed/Open Space,80899,17991.5
18019,122,Developed/Low Intensity,52141,11595.9
18019,123,Developed/Medium Intensity,30701,6827.7
18019,124,Developed/High Intensity,18379,4087.4
18019,131,Barren,7272,1617.3
18019,141,Deciduous Forest,456169,101449.5
18019,142,Evergreen Forest,2869,638.1
18019,143,Mixed Forest,15191,3378.4
18019,152,Shrubland,13,2.9
18019,176,Grass/Pasture,210253,46759.1
18019,190,Woody Wetlands,107,23.8
18019,195,Herbaceous Wetlands,426,94.7
18019,205,Triticale,3,0.7
18019,209,Cantaloupes,294,65.4
18019,216,Peppers,177,39.4
18019,222,Squash,580,129.0
18019,225,Dbl Crop WinWht/Corn,41,9.1
18019,229,Pumpkins,260,57.8
18019,240,Dbl Crop Soybeans/Oats,1,0.2
18019,243,Cabbage,157,34.9
18019,254,Dbl Crop Barley/Soybeans,13,2.9
18021,1,Corn,242141,53850.9
18021,4,Sorghum,17,3.8
18021,5,Soybeans,311437,69261.9
18021,12,Sweet Corn,45,10.0
18021,24,Winter Wheat,1724,383.4
18021,26,Dbl Crop WinWht/Soybeans,5031,1118.9
18021,27,Rye,186,41.4
18021,28,Oats,73,16.2
18021,29,Millet,4,0.9
18021,36,Alfalfa,262,58.3
18021,37,Other Hay/Non Alfalfa,35,7.8
18021,42,Dry Beans,1,0.2
18021,47,Misc Vegs & Fruits,21,4.7
18021,48,Watermelons,32,7.1
18021,54,Tomatoes,10,2.2
18021,58,Clover/Wildflowers,7,1.6
18021,61,Fallow/Idle Cropland,117,26.0
18021,70,Christmas Trees,89,19.8
18021,71,Other Tree Crops,116,25.8
18021,111,Open Water,16277,3619.9
18021,121,Developed/Open Space,37426,8323.3
18021,122,Developed/Low Intensity,18144,4035.1
18021,123,Developed/Medium Intensity,5449,1211.8
18021,124,Developed/High Intensity,2242,498.6
18021,131,Barren,788,175.2
18021,141,Deciduous Forest,293302,65228.8
18021,142,Evergreen Forest,7678,1707.5
18021,143,Mixed Forest,5861,1303.5
18021,152,Shrubland,123,27.4
18021,176,Grass/Pasture,86937,19334.3
18021,190,Woody Wetlands,125,27.8
18021,195,Herbaceous Wetlands,1408,313.1
18021,205,Triticale,26,5.8
18021,207,Asparagus,1,0.2
18021,209,Cantaloupes,14,3.1
18021,229,Pumpkins,28,6.2
18021,236,Dbl Crop WinWht/Sorghum,1,0.2
18023,1,Corn,443617,98658.0
18023,4,Sorghum,5,1.1
18023,5,Soybeans,511731,113806.2
18023,6,Sunflowers,2,0.4
18023,12,Sweet Corn,153,34.0
18023,13,Pop or Orn Corn,254,56.5
18023,21,Barley,6,1.3
18023,24,Winter Wheat,5738,1276.1
18023,26,Dbl Crop WinWht/Soybeans,2414,536.9
18023,27,Rye,1,0.2
18023,28,Oats,3,0.7
18023,36,Alfalfa,2999,667.0
18023,37,Other Hay/Non Alfalfa,643,143.0
18023,44,Other Crops,21,4.7
18023,54,Tomatoes,357,79.4
18023,58,Clover/Wildflowers,59,13.1
18023,59,Sod/Grass Seed,19,4.2
18023,61,Fallow/Idle Cropland,2044,454.6
18023,67,Peaches,2,0.4
18023,68,Apples,5,1.1
18023,70,Christmas Trees,434,96.5
18023,111,Open Water,1104,245.5
18023,121,Developed/Open Space,38124,8478.6
18023,122,Developed/Low Intensity,22886,5089.7
18023,123,Developed/Medium Intensity,11537,2565.8
18023,124,Developed/High Intensity,3547,788.8
18023,131,Barren,717,159.5
18023,141,Deciduous Forest,70531,15685.7
18023,142,Evergreen Forest,156,34.7
18023,143,Mixed Forest,58,12.9
18023,152,Shrubland,3,0.7
18023,176,Grass/Pasture,45036,10015.8
18023,190,Woody Wetlands,912,202.8
18023,195,Herbaceous Wetlands,634,141.0
18023,205,Triticale,5,1.1
18023,225,Dbl Crop WinWht/Corn,185,41.1
18023,229,Pumpkins,131,29.1
18023,241,Dbl Crop Corn/Soybeans,2,0.4
18023,249,Gourds,13,2.9
18023,254,Dbl Crop Barley/Soybeans,70,15.6
18025,1,Corn,24197,5381.3
18025,4,Sorghum,106,23.6
18025,5,Soybeans,28906,6428.5
18025,11,Tobacco,292,64.9
18025,12,Sweet Corn,165,36.7
18025,13,Pop or Orn Corn,893,198.6
18025,21,Barley,9,2.0
18025,24,Winter Wheat,153,34.0
18025,26,Dbl Crop WinWht/Soybeans,218,48.5
18025,27,Rye,115,25.6
18025,28,Oats,103,22.9
18025,29,Millet,51,11.3
18025,30,Speltz,80,17.8
18025,36,Alfalfa,543,120.8
18025,37,Other Hay/Non Alfalfa,1272,282.9
18025,43,Potatoes,16,3.6
18025,44,Other Crops,5,1.1
18025,47,Misc Vegs & Fruits,143,31.8
18025,58,Clover/Wildflowers,172,38.3
18025,59,Sod/Grass Seed,19,4.2
18025,61,Fallow/Idle Cropland,1238,275.3
18025,67,Peaches,98,21.8
18025,111,Open Water,8076,1796.1
18025,121,Developed/Open Space,38305,8518.8
18025,122,Developed/Low Intensity,6172,1372.6
18025,123,Developed/Medium Intensity,2425,539.3
18025,124,Developed/High Intensity,511,113.6
18025,131,Barren,6994,1555.4
18025,141,Deciduous Forest,588616,130905.0
18025,142,Evergreen Forest,12434,2765.3
18025,143,Mixed Forest,37639,8370.7
18025,152,Shrubland,840,186.8
18025,176,Grass/Pasture,119298,26531.2
18025,190,Woody Wetlands,2642,587.6
18025,195,Herbaceous Wetlands,5778,1285.0
18025,209,Cantaloupes,3,0.7
18025,216,Peppers,22,4.9
18025,222,Squash,46,10.2
18025,225,Dbl Crop WinWht/Corn,16,3.6
18025,229,Pumpkins,137,30.5
18025,237,Dbl Crop Barley/Corn,1,0.2
18025,240,Dbl Crop Soybeans/Oats,82,18.2
18025,243,Cabbage,80,17.8
18025,254,Dbl Crop Barley/Soybeans,3,0.7
18027,1,Corn,377816,84024.3
18027,4,Sorghum,1139,253.3
18027,5,Soybeans,332490,73944.0
18027,6,Sunflowers,39,8.7
18027,11,Tobacco,91,20.2
18027,12,Sweet Corn,201,44.7
18027,13,Pop or Orn Corn,5468,1216.1
18027,21,Barley,67,14.9
18027,24,Winter Wheat,1060,235.7
18027,26,Dbl Crop WinWht/Soybeans,7256,1613.7
18027,27,Rye,86,19.1
18027,28,Oats,69,15.3
18027,29,Millet,4,0.9
18027,30,Speltz,3,0.7
18027,34,Rape Seed,12,2.7
18027,36,Alfalfa,3791,843.1
18027,37,Other Hay/Non Alfalfa,185,41.1
18027,42,Dry Beans,8,1.8
18027,43,Potatoes,126,28.0
18027,44,Other Crops,293,65.2
18027,47,Misc Vegs & Fruits,3,0.7
18027,48,Watermelons,4068,904.7
18027,54,Tomatoes,57,12.7
18027,57,Herbs,7,1.6
18027,58,Clover/Wildflowers,129,28.7
18027,59,Sod/Grass Seed,108,24.0
18027,60,Switchgrass,1,0.2
18027,61,Fallow/Idle Cropland,2457,546.4
18027,67,Peaches,142,31.6
18027,68,Apples,7,1.6
18027,70,Christmas Trees,5,1.1
18027,71,Other Tree Crops,9,2.0
18027,74,Pecans,1,0.2
18027,111,Open Water,28796,6404.1
18027,121,Developed/Open Space,39522,8789.5
18027,122,Developed/Low Intensity,22169,4930.3
18027,123,Developed/Medium Intensity,17787,3955.7
18027,124,Developed/High Intensity,3708,824.6
18027,131,Barren,3334,741.5
18027,141,Deciduous Forest,214343,47668.7
18027,142,Evergreen Forest,1270,282.4
18027,143,Mixed Forest,1457,324.0
18027,152,Shrubland,896,199.3
18027,176,Grass/Pasture,170730,37969.4
18027,190,Woody Wetlands,12324,2740.8
18027,195,Herbaceous Wetlands,861,191.5
18027,205,Triticale,3,0.7
18027,209,Cantaloupes,109,24.2
18027,214,Broccoli,4,0.9
18027,222,Squash,4,0.9
18027,225,Dbl Crop WinWht/Corn,204,45.4
18027,229,Pumpkins,2908,646.7
18027,240,Dbl Crop Soybeans/Oats,4,0.9
18027,249,Gourds,4,0.9
18029,1,Corn,29373,6532.4
18029,4,Sorghum,14,3.1
18029,5,Soybeans,50405,11209.8
18029,11,Tobacco,8,1.8
18029,12,Sweet Corn,215,47.8
18029,13,Pop or Orn Corn,47,10.5
18029,21,Barley,6,1.3
18029,24,Winter Wheat,267,59.4
18029,26,Dbl Crop WinWht/Soybeans,1208,268.7
18029,27,Rye,28,6.2
18029,28,Oats,174,38.7
18029,36,Alfalfa,556,123.7
18029,37,Other Hay/Non Alfalfa,11,2.4
18029,44,Other Crops,59,13.1
18029,47,Misc Vegs & Fruits,6,1.3
18029,48,Watermelons,3,0.7
18029,58,Clover/Wildflowers,1,0.2
18029,59,Sod/Grass Seed,53,11.8
18029,61,Fallow/Idle Cropland,180,40.0
18029,69,Grapes,3,0.7
18029,70,Christmas Trees,4,0.9
18029,71,Other Tree Crops,1,0.2
18029,111,Open Water,10318,2294.7
18029,121,Developed/Open Space,59240,13174.7
18029,122,Developed/Low Intensity,23387,5201.1
18029,123,Developed/Medium Intensity,9662,2148.8
18029,124,Developed/High Intensity,3743,832.4
18029,131,Barren,1423,316.5
18029,141,Deciduous Forest,456278,101473.8
18029,142,Evergreen Forest,10005,2225.1
18029,143,Mixed Forest,29322,6521.1
18029,152,Shrubland,5,1.1
18029,176,Grass/Pasture,197025,43817.3
18029,190,Woody Wetlands,162,36.0
18029,195,Herbaceous Wetlands,484,107.6
18029,205,Triticale,1,0.2
18029,222,Squash,1,0.2
18029,225,Dbl Crop WinWht/Corn,150,33.4
18029,229,Pumpkins,10,2.2
18029,240,Dbl Crop Soybeans/Oats,42,9.3
18029,242,Blueberries,1,0.2
18029,254,Dbl Crop Barley/Soybeans,104,23.1
18031,1,Corn,322889,71808.8
18031,4,Sorghum,5,1.1
18031,5,Soybeans,357997,79616.6
18031,6,Sunflowers,8,1.8
18031,11,Tobacco,12,2.7
18031,12,Sweet Corn,78,17.3
18031,13,Pop or Orn Corn,1924,427.9
18031,21,Barley,12,2.7
18031,24,Winter Wheat,1612,358.5
18031,26,Dbl Crop WinWht/Soybeans,24666,5485.6
18031,27,Rye,226,50.3
18031,28,Oats,161,35.8
18031,29,Millet,71,15.8
18031,36,Alfalfa,2679,595.8
18031,37,Other Hay/Non Alfalfa,18,4.0
18031,44,Other Crops,48,10.7
18031,47,Misc Vegs & Fruits,3,0.7
18031,48,Watermelons,4,0.9
18031,59,Sod/Grass Seed,41,9.1
18031,61,Fallow/Idle Cropland,768,170.8
18031,68,Apples,3,0.7
18031,69,Grapes,2,0.4
18031,70,Christmas Trees,10,2.2
18031,111,Open Water,4882,1085.7
18031,121,Developed/Open Space,28783,6401.2
18031,122,Developed/Low Intensity,20927,4654.1
18031,123,Developed/Medium Intensity,10122,2251.1
18031,124,Developed/High Intensity,4057,902.3
18031,131,Barren,2034,452.4
18031,141,Deciduous Forest,190492,42364.4
18031,142,Evergreen Forest,47,10.5
18031,143,Mixed Forest,1500,333.6
18031,152,Shrubland,2,0.4
18031,176,Grass/Pasture,95213,21174.9
18031,190,Woody Wetlands,1,0.2
18031,195,Herbaceous Wetlands,70,15.6
18031,205,Triticale,36,8.0
18031,221,Strawberries,1,0.2
18031,225,Dbl Crop WinWht/Corn,223,49.6
18031,229,Pumpkins,28,6.2
18031,236,Dbl Crop WinWht/Sorghum,204,45.4
18031,240,Dbl Crop Soybeans/Oats,212,47.1
18031,254,Dbl Crop Barley/Soybeans,2412,536.4
18033,1,Corn,196514,43703.7
18033,4,Sorghum,284,63.2
18033,5,Soybeans,355519,79065.5
18033,6,Sunflowers,49,10.9
18033,12,Sweet Corn,3,0.7
18033,13,Pop or Orn Corn,22,4.9
18033,21,Barley,367,81.6
18033,24,Winter Wheat,28905,6428.3
18033,26,Dbl Crop WinWht/Soybeans,781,173.7
18033,27,Rye,514,114.3
18033,28,Oats,85,18.9
18033,29,Millet,100,22.2
18033,31,Canola,11,2.4
18033,36,Alfalfa,13276,2952.5
18033,37,Other Hay/Non Alfalfa,22,4.9
18033,39,Buckwheat,2,0.4
18033,42,Dry Beans,1,0.2
18033,44,Other Crops,3,0.7
18033,47,Misc Vegs & Fruits,13,2.9
18033,48,Watermelons,1,0.2
18033,50,Cucumbers,58,12.9
18033,54,Tomatoes,3,0.7
18033,58,Clover/Wildflowers,5,1.1
18033,59,Sod/Grass Seed,75,16.7
18033,60,Switchgrass,16,3.6
18033,61,Fallow/Idle Cropland,2313,514.4
18033,66,Cherries,1,0.2
18033,68,Apples,3,0.7
18033,69,Grapes,458,101.9
18033,70,Christmas Trees,1,0.2
18033,111,Open Water,9765,2171.7
18033,121,Developed/Open Space,33201,7383.7
18033,122,Developed/Low Intensity,33812,7519.6
18033,123,Developed/Medium Intensity,21799,4848.0
18033,124,Developed/High Intensity,8035,1786.9
18033,131,Barren,2608,580.0
18033,141,Deciduous Forest,145560,32371.8
18033,142,Evergreen Forest,3109,691.4
18033,143,Mixed Forest,44,9.8
18033,152,Shrubland,22,4.9
18033,176,Grass/Pasture,155276,34532.6
18033,190,Woody Wetlands,32219,7165.3
18033,195,Herbaceous Wetlands,2206,490.6
18033,205,Triticale,73,16.2
18033,229,Pumpkins,29,6.4
18033,249,Gourds,5,1.1
18033,254,Dbl Crop Barley/Soybeans,12,2.7
18035,1,Corn,318070,70737.1
18035,4,Sorghum,6,1.3
18035,5,Soybeans,373592,83084.9
18035,12,Sweet Corn,126,28.0
18035,13,Pop or Orn Corn,6049,1345.3
18035,21,Barley,5,1.1
18035,24,Winter Wheat,5092,1132.4
18035,26,Dbl Crop WinWht/Soybeans,5581,1241.2
18035,27,Rye,19,4.2
18035,28,Oats,97,21.6
18035,31,Canola,4,0.9
18035,36,Alfalfa,2693,598.9
18035,37,Other Hay/Non Alfalfa,127,28.2
18035,42,Dry Beans,10,2.2
18035,44,Other Crops,25,5.6
18035,48,Watermelons,5,1.1
18035,50,Cucumbers,5,1.1
18035,54,Tomatoes,760,169.0
18035,58,Clover/Wildflowers,36,8.0
18035,59,Sod/Grass Seed,43,9.6
18035,61,Fallow/Idle Cropland,315,70.1
18035,70,Christmas Trees,14,3.1
18035,111,Open Water,11796,2623.4
18035,121,Developed/Open Space,65678,14606.4
18035,122,Developed/Low Intensity,71387,15876.1
18035,123,Developed/Medium Intensity,25061,5573.4
18035,124,Developed/High Intensity,9742,2166.6
18035,131,Barren,2917,648.7
18035,141,Deciduous Forest,122372,27214.9
18035,142,Evergreen Forest,1015,225.7
18035,143,Mixed Forest,37,8.2
18035,152,Shrubland,1,0.2
18035,176,Grass/Pasture,109932,24448.3
18035,190,Woody Wetlands,2781,618.5
18035,195,Herbaceous Wetlands,3407,757.7
18035,225,Dbl Crop WinWht/Corn,162,36.0
18035,229,Pumpkins,6,1.3
18035,236,Dbl Crop WinWht/Sorghum,29,6.4
18035,254,Dbl Crop Barley/Soybeans,372,82.7
18037,1,Corn,212525,47264.4
18037,4,Sorghum,176,39.1
18037,5,Soybeans,226174,50299.9
18037,6,Sunflowers,33,7.3
18037,11,Tobacco,59,13.1
18037,12,Sweet Corn,97,21.6
18037,13,Pop or Orn Corn,302,67.2
18037,21,Barley,37,8.2
18037,24,Winter Wheat,1282,285.1
18037,26,Dbl Crop WinWht/Soybeans,11291,2511.1
18037,27,Rye,36,8.0
18037,28,Oats,9,2.0
18037,29,Millet,79,17.6
18037,30,Speltz,24,5.3
18037,34,Rape Seed,9,2.0
18037,36,Alfalfa,370,82.3
18037,37,Other Hay/Non Alfalfa,639,142.1
18037,42,Dry Beans,72,16.0
18037,43,Potatoes,2,0.4
18037,44,Other Crops,21,4.7
18037,48,Watermelons,487,108.3
18037,57,Herbs,146,32.5
18037,58,Clover/Wildflowers,79,17.6
18037,59,Sod/Grass Seed,160,35.6
18037,61,Fallow/Idle Cropland,1234,274.4
18037,67,Peaches,24,5.3
18037,111,Open Water,21258,4727.7
18037,121,Developed/Open Space,57673,12826.2
18037,122,Developed/Low Intensity,20755,4615.8
18037,123,Developed/Medium Intensity,12953,2880.7
18037,124,Developed/High Intensity,4854,1079.5
18037,131,Barren,2599,578.0
18037,141,Deciduous Forest,438794,97585.4
18037,142,Evergreen Forest,1704,379.0
18037,143,Mixed Forest,8043,1788.7
18037,152,Shrubland,167,37.1
18037,176,Grass/Pasture,222393,49459.0
18037,190,Woody Wetlands,4711,1047.7
18037,195,Herbaceous Wetlands,261,58.0
18037,205,Triticale,1,0.2
18037,209,Cantaloupes,10,2.2
18037,216,Peppers,54,12.0
18037,225,Dbl Crop WinWht/Corn,693,154.1
18037,228,Dbl Crop Triticale/Corn,1,0.2
18037,229,Pumpkins,58,12.9
18037,237,Dbl Crop Barley/Corn,139,30.9
18037,240,Dbl Crop Soybeans/Oats,21,4.7
18037,243,Cabbage,1,0.2
18037,254,Dbl Crop Barley/Soybeans,56,12.5
18039,1,Corn,290850,64683.5
18039,4,Sorghum,127,28.2
18039,5,Soybeans,215487,47923.2
18039,6,Sunflowers,92,20.5
18039,12,Sweet Corn,356,79.2
18039,13,Pop or Orn Corn,2,0.4
18039,14,Mint,494,109.9
18039,21,Barley,142,31.6
18039,24,Winter Wheat,11450,2546.4
18039,26,Dbl Crop WinWht/Soybeans,182,40.5
18039,27,Rye,519,115.4
18039,28,Oats,1119,248.9
18039,29,Millet,102,22.7
18039,30,Speltz,30,6.7
18039,31,Canola,5,1.1
18039,36,Alfalfa,41573,9245.6
18039,37,Other Hay/Non Alfalfa,645,143.4
18039,39,Buckwheat,149,33.1
18039,42,Dry Beans,1071,238.2
18039,43,Potatoes,2103,467.7
18039,44,Other Crops,140,31.1
18039,47,Misc Vegs & Fruits,242,53.8
18039,48,Watermelons,27,6.0
18039,50,Cucumbers,111,24.7
18039,54,Tomatoes,58,12.9
18039,58,Clover/Wildflowers,416,92.5
18039,59,Sod/Grass Seed,238,52.9
18039,60,Switchgrass,3,0.7
18039,61,Fallow/Idle Cropland,1121,249.3
18039,66,Cherries,179,39.8
18039,67,Peaches,78,17.3
18039,68,Apples,108,24.0
18039,69,Grapes,1542,342.9
18039,70,Christmas Trees,57,12.7
18039,71,Other Tree Crops,22,4.9
18039,77,Pears,35,7.8
18039,111,Open Water,13785,3065.7
18039,121,Developed/Open Space,117332,26094.0
18039,122,Developed/Low Intensity,124726,27738.4
18039,123,Developed/Medium Intensity,76939,17110.8
18039,124,Developed/High Intensity,47928,10658.9
18039,131,Barren,8516,1893.9
18039,141,Deciduous Forest,136509,30358.9
18039,142,Evergreen Forest,2858,635.6
18039,143,Mixed Forest,281,62.5
18039,152,Shrubland,73,16.2
18039,176,Grass/Pasture,170961,38020.8
18039,190,Woody Wetlands,72744,16177.9
18039,195,Herbaceous Wetlands,1819,404.5
18039,205,Triticale,32,7.1
18039,207,Asparagus,142,31.6
18039,216,Peppers,55,12.2
18039,220,Plums,12,2.7
18039,221,Strawberries,10,2.2
18039,222,Squash,139,30.9
18039,225,Dbl Crop WinWht/Corn,255,56.7
18039,228,Dbl Crop Triticale/Corn,142,31.6
18039,229,Pumpkins,212,47.1
18039,242,Blueberries,34,7.6
18039,243,Cabbage,68,15.1
18039,248,Eggplants,44,9.8
18039,249,Gourds,8,1.8
18039,250,Cranberries,3,0.7
18039,254,Dbl Crop Barley/Soybeans,119,26.5
18041,1,Corn,161173,35844.0
18041,4,Sorghum,15,3.3
18041,5,Soybeans,166196,36961.1
18041,11,Tobacco,5,1.1
18041,12,Sweet Corn,54,12.0
18041,21,Barley,7,1.6
18041,24,Winter Wheat,2171,482.8
18041,26,Dbl Crop WinWht/Soybeans,2463,547.8
18041,27,Rye,20,4.4
18041,28,Oats,94,20.9
18041,36,Alfalfa,2487,553.1
18041,37,Other Hay/Non Alfalfa,140,31.1
18041,44,Other Crops,26,5.8
18041,47,Misc Vegs & Fruits,1,0.2
18041,48,Watermelons,167,37.1
18041,54,Tomatoes,13,2.9
18041,58,Clover/Wildflowers,15,3.3
18041,59,Sod/Grass Seed,64,14.2
18041,61,Fallow/Idle Cropland,39,8.7
18041,69,Grapes,10,2.2
18041,70,Christmas Trees,8,1.8
18041,111,Open Water,2220,493.7
18041,121,Developed/Open Space,24238,5390.4
18041,122,Developed/Low Intensity,11301,2513.3
18041,123,Developed/Medium Intensity,4295,955.2
18041,124,Developed/High Intensity,1681,373.8
18041,131,Barren,657,146.1
18041,141,Deciduous Forest,176104,39164.6
18041,142,Evergreen Forest,131,29.1
18041,143,Mixed Forest,1009,224.4
18041,152,Shrubland,3,0.7
18041,176,Grass/Pasture,60477,13449.8
18041,190,Woody Wetlands,3,0.7
18041,195,Herbaceous Wetlands,101,22.5
18041,205,Triticale,1,0.2
18041,221,Strawberries,1,0.2
18041,222,Squash,267,59.4
18041,225,Dbl Crop WinWht/Corn,10,2.2
18041,229,Pumpkins,1580,351.4
18041,240,Dbl Crop Soybeans/Oats,17,3.8
18041,254,Dbl Crop Barley/Soybeans,11,2.4
18043,1,Corn,9255,2058.3
18043,4,Sorghum,40,8.9
18043,5,Soybeans,15296,3401.7
18043,6,Sunflowers,2,0.4
18043,11,Tobacco,136,30.2
18043,12,Sweet Corn,56,12.5
18043,13,Pop or Orn Corn,1167,259.5
18043,21,Barley,176,39.1
18043,24,Winter Wheat,528,117.4
18043,26,Dbl Crop WinWht/Soybeans,436,97.0
18043,27,Rye,620,137.9
18043,28,Oats,95,21.1
18043,29,Millet,37,8.2
18043,30,Speltz,95,21.1
18043,36,Alfalfa,1331,296.0
18043,37,Other Hay/Non Alfalfa,855,190.1
18043,43,Potatoes,155,34.5
18043,44,Other Crops,79,17.6
18043,47,Misc Vegs & Fruits,19,4.2
18043,57,Herbs,1,0.2
18043,58,Clover/Wildflowers,195,43.4
18043,59,Sod/Grass Seed,241,53.6
18043,61,Fallow/Idle Cropland,440,97.9
18043,67,Peaches,1,0.2
18043,111,Open Water,1938,431.0
18043,121,Developed/Open Space,46470,10334.7
18043,122,Developed/Low Intensity,25202,5604.8
18043,123,Developed/Medium Intensity,14037,3121.8
18043,124,Developed/High Intensity,5111,1136.7
18043,131,Barren,1602,356.3
18043,141,Deciduous Forest,196645,43732.8
18043,142,Evergreen Forest,1267,281.8
18043,143,Mixed Forest,11234,2498.4
18043,152,Shrubland,132,29.4
18043,176,Grass/Pasture,89952,20004.8
18043,190,Woody Wetlands,134,29.8
18043,195,Herbaceous Wetlands,1317,292.9
18043,205,Triticale,10,2.2
18043,209,Cantaloupes,452,100.5
18043,216,Peppers,81,18.0
18043,222,Squash,530,117.9
18043,225,Dbl Crop WinWht/Corn,264,58.7
18043,228,Dbl Crop Triticale/Corn,1,0.2
18043,229,Pumpkins,318,70.7
18043,240,Dbl Crop Soybeans/Oats,19,4.2
18043,243,Cabbage,56,12.5
18043,254,Dbl Crop Barley/Soybeans,8,1.8
18045,1,Corn,368633,81982.0
18045,4,Sorghum,44,9.8
18045,5,Soybeans,377342,83918.8
18045,6,Sunflowers,169,37.6
18045,12,Sweet Corn,355,79.0
18045,13,Pop or Orn Corn,13,2.9
18045,24,Winter Wheat,5767,1282.5
18045,26,Dbl Crop WinWht/Soybeans,1475,328.0
18045,27,Rye,2499,555.8
18045,28,Oats,276,61.4
18045,29,Millet,112,24.9
18045,30,Speltz,1217,270.7
18045,36,Alfalfa,8904,1980.2
18045,37,Other Hay/Non Alfalfa,792,176.1
18045,39,Buckwheat,12,2.7
18045,44,Other Crops,53,11.8
18045,47,Misc Vegs & Fruits,308,68.5
18045,54,Tomatoes,17,3.8
18045,58,Clover/Wildflowers,670,149.0
18045,61,Fallow/Idle Cropland,91,20.2
18045,66,Cherries,1,0.2
18045,68,Apples,512,113.9
18045,69,Grapes,47,10.5
18045,111,Open Water,7750,1723.6
18045,121,Developed/Open Space,32465,7220.0
18045,122,Developed/Low Intensity,17897,3980.2
18045,123,Developed/Medium Intensity,5130,1140.9
18045,124,Developed/High Intensity,1468,326.5
18045,131,Barren,1882,418.5
18045,141,Deciduous Forest,216922,48242.3
18045,142,Evergreen Forest,721,160.3
18045,143,Mixed Forest,250,55.6
18045,152,Shrubland,3,0.7
18045,176,Grass/Pasture,81038,18022.4
18045,190,Woody Wetlands,9212,2048.7
18045,195,Herbaceous Wetlands,636,141.4
18045,225,Dbl Crop WinWht/Corn,3,0.7
18045,229,Pumpkins,37,8.2
18047,1,Corn,154590,34380.0
18047,4,Sorghum,4,0.9
18047,5,Soybeans,175762,39088.5
18047,11,Tobacco,19,4.2
18047,12,Sweet Corn,112,24.9
18047,13,Pop or Orn Corn,5,1.1
18047,21,Barley,2,0.4
18047,24,Winter Wheat,2026,450.6
18047,26,Dbl Crop WinWht/Soybeans,7048,1567.4
18047,27,Rye,208,46.3
18047,28,Oats,128,28.5
18047,29,Millet,4,0.9
18047,36,Alfalfa,1649,366.7
18047,37,Other Hay/Non Alfalfa,49,10.9
18047,44,Other Crops,31,6.9
18047,47,Misc Vegs & Fruits,12,2.7
18047,48,Watermelons,18,4.0
18047,58,Clover/Wildflowers,1,0.2
18047,59,Sod/Grass Seed,42,9.3
18047,61,Fallow/Idle Cropland,197,43.8
18047,67,Peaches,52,11.6
18047,68,Apples,103,22.9
18047,69,Grapes,74,16.5
18047,70,Christmas Trees,4,0.9
18047,111,Open Water,19469,4329.8
18047,121,Developed/Open Space,44544,9906.3
18047,122,Developed/Low Intensity,12693,2822.9
18047,123,Developed/Medium Intensity,4106,913.2
18047,124,Developed/High Intensity,958,213.1
18047,131,Barren,2149,477.9
18047,141,Deciduous Forest,540378,120177.2
18047,142,Evergreen Forest,1534,341.2
18047,143,Mixed Forest,11263,2504.8
18047,152,Shrubland,14,3.1
18047,176,Grass/Pasture,145426,32342.0
18047,195,Herbaceous Wetlands,166,36.9
18047,205,Triticale,7,1.6
18047,222,Squash,19,4.2
18047,225,Dbl Crop WinWht/Corn,488,108.5
18047,228,Dbl Crop Triticale/Corn,3,0.7
18047,229,Pumpkins,33,7.3
18047,236,Dbl Crop WinWht/Sorghum,9,2.0
18047,240,Dbl Crop Soybeans/Oats,140,31.1
18047,242,Blueberries,8,1.8
18047,254,Dbl Crop Barley/Soybeans,263,58.5
18049,1,Corn,448283,99695.7
18049,4,Sorghum,4,0.9
18049,5,Soybeans,314852,70021.4
18049,6,Sunflowers,1,0.2
18049,12,Sweet Corn,140,31.1
18049,13,Pop or Orn Corn,742,165.0
18049,14,Mint,107,23.8
18049,21,Barley,2,0.4
18049,24,Winter Wheat,5767,1282.5
18049,26,Dbl Crop WinWht/Soybeans,1189,264.4
18049,27,Rye,731,162.6
18049,28,Oats,31,6.9
18049,29,Millet,38,8.5
18049,36,Alfalfa,12518,2783.9
18049,37,Other Hay/Non Alfalfa,33,7.3
18049,42,Dry Beans,8,1.8
18049,43,Potatoes,2398,533.3
18049,44,Other Crops,17,3.8
18049,50,Cucumbers,16,3.6
18049,54,Tomatoes,42,9.3
18049,58,Clover/Wildflowers,28,6.2
18049,59,Sod/Grass Seed,12,2.7
18049,60,Switchgrass,103,22.9
18049,61,Fallow/Idle Cropland,442,98.3
18049,68,Apples,1,0.2
18049,69,Grapes,21,4.7
18049,70,Christmas Trees,117,26.0
18049,111,Open Water,8431,1875.0
18049,121,Developed/Open Space,25697,5714.9
18049,122,Developed/Low Intensity,20156,4482.6
18049,123,Developed/Medium Intensity,6109,1358.6
18049,124,Developed/High Intensity,2309,513.5
18049,131,Barren,2094,465.7
18049,141,Deciduous Forest,118737,26406.5
18049,142,Evergreen Forest,2690,598.2
18049,143,Mixed Forest,44,9.8
18049,152,Shrubland,5,1.1
18049,176,Grass/Pasture,72462,16115.2
18049,190,Woody Wetlands,16166,3595.2
18049,195,Herbaceous Wetlands,5223,1161.6
18049,205,Triticale,311,69.2
18049,221,Strawberries,87,19.3
18049,225,Dbl Crop WinWht/Corn,1,0.2
18049,229,Pumpkins,20,4.4
18049,242,Blueberries,206,45.8
18049,249,Gourds,43,9.6
18049,254,Dbl Crop Barley/Soybeans,26,5.8
18051,1,Corn,400036,88965.9
18051,4,Sorghum,846,188.1
18051,5,Soybeans,416741,92681.0
18051,6,Sunflowers,57,12.7
18051,11,Tobacco,182,40.5
18051,12,Sweet Corn,498,110.8
18051,13,Pop or Orn Corn,1,0.2
18051,24,Winter Wheat,923,205.3
18051,26,Dbl Crop WinWht/Soybeans,71205,15835.6
18051,27,Rye,76,16.9
18051,28,Oats,129,28.7
18051,34,Rape Seed,451,100.3
18051,36,Alfalfa,1532,340.7
18051,37,Other Hay/Non Alfalfa,334,74.3
18051,42,Dry Beans,81,18.0
18051,43,Potatoes,21,4.7
18051,44,Other Crops,585,130.1
18051,48,Watermelons,2247,499.7
18051,58,Clover/Wildflowers,16,3.6
18051,59,Sod/Grass Seed,1190,264.6
18051,61,Fallow/Idle Cropland,8654,1924.6
18051,67,Peaches,124,27.6
18051,68,Apples,5,1.1
18051,70,Christmas Trees,1,0.2
18051,74,Pecans,22,4.9
18051,111,Open Water,46483,10337.6
18051,121,Developed/Open Space,47889,10650.3
18051,122,Developed/Low Intensity,28369,6309.1
18051,123,Developed/Medium Intensity,15080,3353.7
18051,124,Developed/High Intensity,6259,1392.0
18051,131,Barren,3643,810.2
18051,141,Deciduous Forest,223059,49607.1
18051,142,Evergreen Forest,794,176.6
18051,143,Mixed Forest,1418,315.4
18051,152,Shrubland,1718,382.1
18051,176,Grass/Pasture,99801,22195.2
18051,190,Woody Wetlands,52276,11625.9
18051,195,Herbaceous Wetlands,1608,357.6
18051,209,Cantaloupes,137,30.5
18051,214,Broccoli,2,0.4
18051,222,Squash,183,40.7
18051,225,Dbl Crop WinWht/Corn,864,192.1
18051,226,Dbl Crop Oats/Corn,5,1.1
18051,229,Pumpkins,573,127.4
18051,240,Dbl Crop Soybeans/Oats,145,32.2
18051,249,Gourds,188,41.8
18051,254,Dbl Crop Barley/Soybeans,6,1.3
18053,1,Corn,331447,73712.0
18053,4,Sorghum,13,2.9
18053,5,Soybeans,496533,110426.3
18053,6,Sunflowers,30,6.7
18053,12,Sweet Corn,38,8.5
18053,13,Pop or Orn Corn,3378,751.2
18053,14,Mint,5,1.1
18053,21,Barley,20,4.4
18053,24,Winter Wheat,6514,1448.7
18053,26,Dbl Crop WinWht/Soybeans,1562,347.4
18053,27,Rye,37,8.2
18053,28,Oats,175,38.9
18053,29,Millet,6,1.3
18053,31,Canola,5,1.1
18053,36,Alfalfa,2870,638.3
18053,37,Other Hay/Non Alfalfa,229,50.9
18053,42,Dry Beans,2,0.4
18053,43,Potatoes,44,9.8
18053,44,Other Crops,12,2.7
18053,48,Watermelons,1,0.2
18053,50,Cucumbers,29,6.4
18053,54,Tomatoes,2299,511.3
18053,58,Clover/Wildflowers,6,1.3
18053,59,Sod/Grass Seed,123,27.4
18053,60,Switchgrass,1,0.2
18053,61,Fallow/Idle Cropland,659,146.6
18053,69,Grapes,42,9.3
18053,70,Christmas Trees,81,18.0
18053,111,Open Water,6800,1512.3
18053,121,Developed/Open Space,51285,11405.5
18053,122,Developed/Low Intensity,50866,11312.3
18053,123,Developed/Medium Intensity,16877,3753.4
18053,124,Developed/High Intensity,7839,1743.4
18053,131,Barren,2749,611.4
18053,141,Deciduous Forest,126708,28179.2
18053,142,Evergreen Forest,393,87.4
18053,143,Mixed Forest,15,3.3
18053,152,Shrubland,2,0.4
18053,176,Grass/Pasture,81356,18093.1
18053,190,Woody Wetlands,1594,354.5
18053,195,Herbaceous Wetlands,1391,309.4
18053,229,Pumpkins,12,2.7
18053,236,Dbl Crop WinWht/Sorghum,38,8.5
18053,249,Gourds,1,0.2
18053,254,Dbl Crop Barley/Soybeans,5,1.1
18055,1,Corn,215566,47940.7
18055,4,Sorghum,150,33.4
18055,5,Soybeans,252811,56223.8
18055,12,Sweet Corn,20,4.4
18055,13,Pop or Orn Corn,1,0.2
18055,24,Winter Wheat,498,110.8
18055,26,Dbl Crop WinWht/Soybeans,2853,634.5
18055,27,Rye,236,52.5
18055,28,Oats,189,42.0
18055,29,Millet,7,1.6
18055,36,Alfalfa,139,30.9
18055,37,Other Hay/Non Alfalfa,142,31.6
18055,42,Dry Beans,2,0.4
18055,43,Potatoes,23,5.1
18055,44,Other Crops,4,0.9
18055,47,Misc Vegs & Fruits,3,0.7
18055,48,Watermelons,79,17.6
18055,54,Tomatoes,50,11.1
18055,58,Clover/Wildflowers,144,32.0
18055,59,Sod/Grass Seed,79,17.6
18055,60,Switchgrass,5,1.1
18055,61,Fallow/Idle Cropland,1566,348.3
18055,67,Peaches,2,0.4
18055,68,Apples,1,0.2
18055,70,Christmas Trees,142,31.6
18055,71,Other Tree Crops,78,17.3
18055,111,Open Water,27257,6061.8
18055,121,Developed/Open Space,64009,14235.3
18055,122,Developed/Low Intensity,20609,4583.3
18055,123,Developed/Medium Intensity,8506,1891.7
18055,124,Developed/High Intensity,1802,400.8
18055,131,Barren,1903,423.2
18055,141,Deciduous Forest,692796,154074.1
18055,142,Evergreen Forest,9921,2206.4
18055,143,Mixed Forest,11050,2457.5
18055,152,Shrubland,352,78.3
18055,176,Grass/Pasture,246215,54756.9
18055,190,Woody Wetlands,1215,270.2
18055,195,Herbaceous Wetlands,10319,2294.9
18055,205,Triticale,26,5.8
18055,207,Asparagus,8,1.8
18055,209,Cantaloupes,128,28.5
18055,225,Dbl Crop WinWht/Corn,75,16.7
18055,229,Pumpkins,220,48.9
18055,237,Dbl Crop Barley/Corn,17,3.8
18055,240,Dbl Crop Soybeans/Oats,1,0.2
18057,1,Corn,212740,47312.2
18057,4,Sorghum,17,3.8
18057,5,Soybeans,258580,57506.8
18057,12,Sweet Corn,147,32.7
18057,13,Pop or Orn Corn,11,2.4
18057,21,Barley,36,8.0
18057,24,Winter Wheat,3797,844.4
18057,26,Dbl Crop WinWht/Soybeans,1957,435.2
18057,27,Rye,11,2.4
18057,28,Oats,105,23.4
18057,36,Alfalfa,3740,831.8
18057,37,Other Hay/Non Alfalfa,138,30.7
18057,44,Other Crops,41,9.1
18057,54,Tomatoes,1669,371.2
18057,58,Clover/Wildflowers,5,1.1
18057,59,Sod/Grass Seed,131,29.1
18057,61,Fallow/Idle Cropland,665,147.9
18057,68,Apples,5,1.1
18057,70,Christmas Trees,592,131.7
18057,111,Open Water,21919,4874.7
18057,121,Developed/Open Space,136102,30268.4
18057,122,Developed/Low Intensity,156546,34815.0
18057,123,Developed/Medium Intensity,124571,27703.9
18057,124,Developed/High Intensity,26142,5813.8
18057,131,Barren,5822,1294.8
18057,141,Deciduous Forest,94852,21094.6
18057,142,Evergreen Forest,773,171.9
18057,143,Mixed Forest,43,9.6
18057,176,Grass/Pasture,102255,22741.0
18057,190,Woody Wetlands,1940,431.4
18057,195,Herbaceous Wetlands,2671,594.0
18057,205,Triticale,43,9.6
18057,229,Pumpkins,78,17.3
18057,249,Gourds,36,8.0
18057,254,Dbl Crop Barley/Soybeans,1,0.2
18059,1,Corn,246401,54798.3
18059,4,Sorghum,273,60.7
18059,5,Soybeans,306014,68055.9
18059,6,Sunflowers,4,0.9
18059,12,Sweet Corn,176,39.1
18059,13,Pop or Orn Corn,3,0.7
18059,21,Barley,34,7.6
18059,24,Winter Wheat,5122,1139.1
18059,26,Dbl Crop WinWht/Soybeans,7617,1694.0
18059,27,Rye,51,11.3
18059,28,Oats,172,38.3
18059,31,Canola,1093,243.1
18059,36,Alfalfa,4002,890.0
18059,37,Other Hay/Non Alfalfa,228,50.7
18059,42,Dry Beans,2,0.4
18059,44,Other Crops,48,10.7
18059,48,Watermelons,2,0.4
18059,50,Cucumbers,1,0.2
18059,54,Tomatoes,247,54.9
18059,58,Clover/Wildflowers,4,0.9
18059,59,Sod/Grass Seed,3106,690.8
18059,61,Fallow/Idle Cropland,893,198.6
18059,68,Apples,1,0.2
18059,70,Christmas Trees,161,35.8
18059,111,Open Water,4449,989.4
18059,121,Developed/Open Space,56914,12657.4
18059,122,Developed/Low Intensity,53049,11797.8
18059,123,Developed/Medium Intensity,29690,6602.9
18059,124,Developed/High Intensity,9109,2025.8
18059,131,Barren,2995,666.1
18059,141,Deciduous Forest,70676,15718.0
18059,142,Evergreen Forest,255,56.7
18059,143,Mixed Forest,52,11.6
18059,176,Grass/Pasture,79453,17669.9
18059,190,Woody Wetlands,264,58.7
18059,195,Herbaceous Wetlands,393,87.4
18059,205,Triticale,8,1.8
18059,222,Squash,2,0.4
18059,225,Dbl Crop WinWht/Corn,114,25.4
18059,229,Pumpkins,95,21.1
18059,236,Dbl Crop WinWht/Sorghum,230,51.2
18059,240,Dbl Crop Soybeans/Oats,1,0.2
18059,249,Gourds,20,4.4
18059,254,Dbl Crop Barley/Soybeans,9,2.0
18061,1,Corn,92174,20499.0
18061,4,Sorghum,2099,466.8
18061,5,Soybeans,136706,30402.7
18061,11,Tobacco,1191,264.9
18061,12,Sweet Corn,999,222.2
18061,13,Pop or Orn Corn,23717,5274.5
18061,21,Barley,762,169.5
18061,24,Winter Wheat,1886,419.4
18061,26,Dbl Crop WinWht/Soybeans,10269,2283.8
18061,27,Rye,967,215.1
18061,28,Oats,443,98.5
18061,29,Millet,668,148.6
18061,30,Speltz,290,64.5
18061,36,Alfalfa,4174,928.3
18061,37,Other Hay/Non Alfalfa,5442,1210.3
18061,43,Potatoes,14,3.1
18061,44,Other Crops,27,6.0
18061,47,Misc Vegs & Fruits,396,88.1
18061,58,Clover/Wildflowers,1313,292.0
18061,59,Sod/Grass Seed,135,30.0
18061,61,Fallow/Idle Cropland,2927,650.9
18061,67,Peaches,106,23.6
18061,111,Open Water,6245,1388.9
18061,121,Developed/Open Space,67887,15097.7
18061,122,Developed/Low Intensity,13280,2953.4
18061,123,Developed/Medium Intensity,7101,1579.2
18061,124,Developed/High Intensity,2090,464.8
18061,131,Barren,8417,1871.9
18061,141,Deciduous Forest,614104,136573.4
18061,142,Evergreen Forest,16347,3635.5
18061,143,Mixed Forest,73188,16276.6
18061,152,Shrubland,697,155.0
18061,176,Grass/Pasture,284421,63253.7
18061,190,Woody Wetlands,4589,1020.6
18061,195,Herbaceous Wetlands,10490,2332.9
18061,205,Triticale,162,36.0
18061,209,Cantaloupes,10,2.2
18061,216,Peppers,147,32.7
18061,222,Squash,394,87.6
18061,225,Dbl Crop WinWht/Corn,194,43.1
18061,228,Dbl Crop Triticale/Corn,7,1.6
18061,229,Pumpkins,946,210.4
18061,240,Dbl Crop Soybeans/Oats,430,95.6
18061,243,Cabbage,184,40.9
18061,254,Dbl Crop Barley/Soybeans,1019,226.6
18063,1,Corn,287103,63850.2
18063,4,Sorghum,68,15.1
18063,5,Soybeans,311300,69231.5
18063,12,Sweet Corn,117,26.0
18063,13,Pop or Orn Corn,5,1.1
18063,21,Barley,36,8.0
18063,24,Winter Wheat,4386,975.4
18063,26,Dbl Crop WinWht/Soybeans,2792,620.9
18063,27,Rye,18,4.0
18063,28,Oats,48,10.7
18063,36,Alfalfa,5270,1172.0
18063,37,Other Hay/Non Alfalfa,571,127.0
18063,44,Other Crops,30,6.7
18063,54,Tomatoes,163,36.3
18063,58,Clover/Wildflowers,11,2.4
18063,59,Sod/Grass Seed,276,61.4
18063,61,Fallow/Idle Cropland,1039,231.1
18063,67,Peaches,1,0.2
18063,68,Apples,146,32.5
18063,70,Christmas Trees,571,127.0
18063,111,Open Water,6039,1343.0
18063,121,Developed/Open Space,87540,19468.4
18063,122,Developed/Low Intensity,93109,20706.9
18063,123,Developed/Medium Intensity,63186,14052.2
18063,124,Developed/High Intensity,23924,5320.6
18063,131,Barren,2978,662.3
18063,141,Deciduous Forest,148327,32987.1
18063,142,Evergreen Forest,464,103.2
18063,143,Mixed Forest,169,37.6
18063,152,Shrubland,7,1.6
18063,176,Grass/Pasture,135080,30041.1
18063,190,Woody Wetlands,246,54.7
18063,195,Herbaceous Wetlands,774,172.1
18063,205,Triticale,106,23.6
18063,225,Dbl Crop WinWht/Corn,4,0.9
18063,228,Dbl Crop Triticale/Corn,12,2.7
18063,229,Pumpkins,145,32.2
18063,240,Dbl Crop Soybeans/Oats,47,10.5
18063,241,Dbl Crop Corn/Soybeans,9,2.0
18063,249,Gourds,43,9.6
18063,254,Dbl Crop Barley/Soybeans,323,71.8
18065,1,Corn,343188,76323.2
18065,4,Sorghum,4,0.9
18065,5,Soybeans,396215,88116.1
18065,12,Sweet Corn,102,22.7
18065,13,Pop or Orn Corn,3,0.7
18065,24,Winter Wheat,5669,1260.8
18065,26,Dbl Crop WinWht/Soybeans,5315,1182.0
18065,27,Rye,115,25.6
18065,28,Oats,294,65.4
18065,31,Canola,7,1.6
18065,36,Alfalfa,7535,1675.7
18065,37,Other Hay/Non Alfalfa,267,59.4
18065,42,Dry Beans,15,3.3
18065,44,Other Crops,226,50.3
18065,48,Watermelons,2,0.4
18065,50,Cucumbers,4,0.9
18065,54,Tomatoes,838,186.4
18065,58,Clover/Wildflowers,4,0.9
18065,59,Sod/Grass Seed,213,47.4
18065,61,Fallow/Idle Cropland,214,47.6
18065,68,Apples,5,1.1
18065,69,Grapes,4,0.9
18065,70,Christmas Trees,27,6.0
18065,111,Open Water,7302,1623.9
18065,121,Developed/Open Space,47213,10499.9
18065,122,Developed/Low Intensity,35853,7973.5
18065,123,Developed/Medium Intensity,12193,2711.7
18065,124,Developed/High Intensity,3147,699.9
18065,131,Barren,1567,348.5
18065,141,Deciduous Forest,139646,31056.5
18065,142,Evergreen Forest,632,140.6
18065,143,Mixed Forest,34,7.6
18065,152,Shrubland,3,0.7
18065,176,Grass/Pasture,126206,28067.5
18065,190,Woody Wetlands,345,76.7
18065,195,Herbaceous Wetlands,1308,290.9
18065,205,Triticale,142,31.6
18065,221,Strawberries,6,1.3
18065,222,Squash,16,3.6
18065,225,Dbl Crop WinWht/Corn,55,12.2
18065,229,Pumpkins,27,6.0
18065,236,Dbl Crop WinWht/Sorghum,150,33.4
18065,254,Dbl Crop Barley/Soybeans,184,40.9
18067,1,Corn,275091,61178.8
18067,4,Sorghum,201,44.7
18067,5,Soybeans,311468,69268.8
18067,6,Sunflowers,31,6.9
18067,12,Sweet Corn,69,15.3
18067,13,Pop or Orn Corn,50,11.1
18067,21,Barley,11,2.4
18067,24,Winter Wheat,7393,1644.2
18067,26,Dbl Crop WinWht/Soybeans,1173,260.9
18067,27,Rye,9,2.0
18067,28,Oats,22,4.9
18067,36,Alfalfa,4264,948.3
18067,37,Other Hay/Non Alfalfa,225,50.0
18067,43,Potatoes,2,0.4
18067,44,Other Crops,70,15.6
18067,50,Cucumbers,7,1.6
18067,54,Tomatoes,620,137.9
18067,58,Clover/Wildflowers,14,3.1
18067,59,Sod/Grass Seed,14,3.1
18067,61,Fallow/Idle Cropland,148,32.9
18067,67,Peaches,1,0.2
18067,68,Apples,51,11.3
18067,70,Christmas Trees,351,78.1
18067,71,Other Tree Crops,2,0.4
18067,77,Pears,2,0.4
18067,111,Open Water,4286,953.2
18067,121,Developed/Open Space,46548,10352.0
18067,122,Developed/Low Intensity,46372,10312.9
18067,123,Developed/Medium Intensity,26235,5834.5
18067,124,Developed/High Intensity,10033,2231.3
18067,131,Barren,1225,272.4
18067,141,Deciduous Forest,60668,13492.2
18067,142,Evergreen Forest,414,92.1
18067,143,Mixed Forest,62,13.8
18067,152,Shrubland,2,0.4
18067,176,Grass/Pasture,45030,10014.4
18067,190,Woody Wetlands,1890,420.3
18067,195,Herbaceous Wetlands,1507,335.1
18067,205,Triticale,11,2.4
18067,229,Pumpkins,174,38.7
18067,249,Gourds,61,13.6
18067,254,Dbl Crop Barley/Soybeans,1,0.2
18069,1,Corn,288618,64187.1
18069,4,Sorghum,107,23.8
18069,5,Soybeans,432987,96294.0
18069,6,Sunflowers,25,5.6
18069,12,Sweet Corn,31,6.9
18069,13,Pop or Orn Corn,2082,463.0
18069,21,Barley,139,30.9
18069,24,Winter Wheat,13070,2906.7
18069,26,Dbl Crop WinWht/Soybeans,2520,560.4
18069,27,Rye,180,40.0
18069,28,Oats,136,30.2
18069,31,Canola,5,1.1
18069,36,Alfalfa,4517,1004.6
18069,37,Other Hay/Non Alfalfa,224,49.8
18069,44,Other Crops,2,0.4
18069,50,Cucumbers,203,45.1
18069,54,Tomatoes,91,20.2
18069,58,Clover/Wildflowers,51,11.3
18069,59,Sod/Grass Seed,699,155.5
18069,60,Switchgrass,19,4.2
18069,61,Fallow/Idle Cropland,1883,418.8
18069,68,Apples,1,0.2
18069,69,Grapes,115,25.6
18069,70,Christmas Trees,4,0.9
18069,111,Open Water,18379,4087.4
18069,121,Developed/Open Space,40494,9005.6
18069,122,Developed/Low Intensity,29274,6510.4
18069,123,Developed/Medium Intensity,14679,3264.5
18069,124,Developed/High Intensity,4480,996.3
18069,131,Barren,2215,492.6
18069,141,Deciduous Forest,149215,33184.6
18069,142,Evergreen Forest,1299,288.9
18069,143,Mixed Forest,20,4.4
18069,176,Grass/Pasture,94513,21019.2
18069,190,Woody Wetlands,9934,2209.3
18069,195,Herbaceous Wetlands,3101,689.6
18069,205,Triticale,107,23.8
18069,225,Dbl Crop WinWht/Corn,5,1.1
18069,229,Pumpkins,109,24.2
18069,249,Gourds,169,37.6
18069,254,Dbl Crop Barley/Soybeans,10,2.2
18071,1,Corn,247809,55111.4
18071,4,Sorghum,17,3.8
18071,5,Soybeans,337958,75160.1
18071,6,Sunflowers,12,2.7
18071,11,Tobacco,26,5.8
18071,12,Sweet Corn,90,20.0
18071,13,Pop or Orn Corn,920,204.6
18071,21,Barley,2,0.4
18071,24,Winter Wheat,1387,308.5
18071,26,Dbl Crop WinWht/Soybeans,11468,2550.4
18071,27,Rye,54,12.0
18071,28,Oats,9,2.0
18071,29,Millet,26,5.8
18071,30,Speltz,15,3.3
18071,36,Alfalfa,1316,292.7
18071,37,Other Hay/Non Alfalfa,135,30.0
18071,44,Other Crops,77,17.1
18071,47,Misc Vegs & Fruits,1,0.2
18071,48,Watermelons,938,208.6
18071,54,Tomatoes,434,96.5
18071,58,Clover/Wildflowers,20,4.4
18071,59,Sod/Grass Seed,985,219.1
18071,61,Fallow/Idle Cropland,3834,852.7
18071,69,Grapes,353,78.5
18071,70,Christmas Trees,47,10.5
18071,76,Walnuts,1,0.2
18071,111,Open Water,14590,3244.7
18071,121,Developed/Open Space,53250,11842.5
18071,122,Developed/Low Intensity,24897,5537.0
18071,123,Developed/Medium Intensity,11888,2643.8
18071,124,Developed/High Intensity,5996,1333.5
18071,131,Barren,2667,593.1
18071,141,Deciduous Forest,585913,130303.9
18071,142,Evergreen Forest,4251,945.4
18071,143,Mixed Forest,9019,2005.8
18071,176,Grass/Pasture,144454,32125.8
18071,190,Woody Wetlands,11356,2525.5
18071,195,Herbaceous Wetlands,1494,332.3
18071,205,Triticale,42,9.3
18071,222,Squash,1,0.2
18071,225,Dbl Crop WinWht/Corn,13,2.9
18071,228,Dbl Crop Triticale/Corn,14,3.1
18071,229,Pumpkins,243,54.0
18071,236,Dbl Crop WinWht/Sorghum,7,1.6
18071,237,Dbl Crop Barley/Corn,1,0.2
18071,240,Dbl Crop Soybeans/Oats,507,112.8
18071,254,Dbl Crop Barley/Soybeans,75,16.7
18073,1,Corn,690459,153554.4
18073,4,Sorghum,8015,1782.5
18073,5,Soybeans,436761,97133.3
18073,6,Sunflowers,45,10.0
18073,12,Sweet Corn,457,101.6
18073,13,Pop or Orn Corn,20672,4597.3
18073,14,Mint,3226,717.4
18073,21,Barley,341,75.8
18073,23,Spring Wheat,78,17.3
18073,24,Winter Wheat,6084,1353.0
18073,25,Other Small Grains,337,74.9
18073,26,Dbl Crop WinWht/Soybeans,1264,281.1
18073,27,Rye,4086,908.7
18073,28,Oats,1600,355.8
18073,29,Millet,426,94.7
18073,30,Speltz,88,19.6
18073,36,Alfalfa,14186,3154.9
18073,37,Other Hay/Non Alfalfa,791,175.9
18073,43,Potatoes,110,24.5
18073,44,Other Crops,1268,282.0
18073,47,Misc Vegs & Fruits,37,8.2
18073,49,Onions,111,24.7
18073,50,Cucumbers,1,0.2
18073,53,Peas,847,188.4
18073,54,Tomatoes,97,21.6
18073,56,Hops,118,26.2
18073,58,Clover/Wildflowers,40,8.9
18073,59,Sod/Grass Seed,115,25.6
18073,60,Switchgrass,23,5.1
18073,61,Fallow/Idle Cropland,970,215.7
18073,70,Christmas Trees,507,112.8
18073,111,Open Water,6808,1514.1
18073,121,Developed/Open Space,26095,5803.4
18073,122,Developed/Low Intensity,57811,12856.9
18073,123,Developed/Medium Intensity,13564,3016.6
18073,124,Developed/High Intensity,6361,1414.7
18073,131,Barren,2954,657.0
18073,141,Deciduous Forest,155578,34599.7
18073,142,Evergreen Forest,1814,403.4
18073,143,Mixed Forest,252,56.0
18073,152,Shrubland,22,4.9
18073,176,Grass/Pasture,132358,29435.7
18073,190,Woody Wetlands,13794,3067.7
18073,195,Herbaceous Wetlands,3276,728.6
18073,205,Triticale,314,69.8
18073,216,Peppers,40,8.9
18073,222,Squash,9,2.0
18073,225,Dbl Crop WinWht/Corn,7,1.6
18073,229,Pumpkins,17,3.8
18073,236,Dbl Crop WinWht/Sorghum,33,7.3
18073,242,Blueberries,606,134.8
18073,254,Dbl Crop Barley/Soybeans,648,144.1
18075,1,Corn,323463,71936.4
18075,4,Sorghum,4,0.9
18075,5,Soybeans,471723,104908.7
18075,12,Sweet Corn,89,19.8
18075,21,Barley,41,9.1
18075,24,Winter Wheat,22395,4980.5
18075,26,Dbl Crop WinWht/Soybeans,8562,1904.1
18075,27,Rye,115,25.6
18075,28,Oats,942,209.5
18075,31,Canola,1,0.2
18075,36,Alfalfa,8918,1983.3
18075,37,Other Hay/Non Alfalfa,509,113.2
18075,42,Dry Beans,7,1.6
18075,44,Other Crops,12,2.7
18075,48,Watermelons,7,1.6
18075,50,Cucumbers,6,1.3
18075,54,Tomatoes,74,16.5
18075,58,Clover/Wildflowers,52,11.6
18075,59,Sod/Grass Seed,54,12.0
18075,61,Fallow/Idle Cropland,382,85.0
18075,69,Grapes,12,2.7
18075,70,Christmas Trees,48,10.7
18075,111,Open Water,2543,565.5
18075,121,Developed/Open Space,32333,7190.7
18075,122,Developed/Low Intensity,21585,4800.4
18075,123,Developed/Medium Intensity,8487,1887.5
18075,124,Developed/High Intensity,2607,579.8
18075,131,Barren,2704,601.4
18075,141,Deciduous Forest,120209,26733.8
18075,142,Evergreen Forest,137,30.5
18075,143,Mixed Forest,1,0.2
18075,152,Shrubland,2,0.4
18075,176,Grass/Pasture,74198,16501.2
18075,190,Woody Wetlands,1425,316.9
18075,195,Herbaceous Wetlands,785,174.6
18075,205,Triticale,3,0.7
18075,221,Strawberries,4,0.9
18075,222,Squash,4,0.9
18075,225,Dbl Crop WinWht/Corn,1,0.2
18075,229,Pumpkins,17,3.8
18075,236,Dbl Crop WinWht/Sorghum,192,42.7
18075,254,Dbl Crop Barley/Soybeans,700,155.7
18077,1,Corn,53223,11836.5
18077,4,Sorghum,23,5.1
18077,5,Soybeans,185544,41264.0
18077,6,Sunflowers,3,0.7
18077,11,Tobacco,506,112.5
18077,12,Sweet Corn,189,42.0
18077,13,Pop or Orn Corn,20,4.4
18077,21,Barley,7,1.6
18077,24,Winter Wheat,456,101.4
18077,26,Dbl Crop WinWht/Soybeans,13887,3088.4
18077,27,Rye,237,52.7
18077,28,Oats,110,24.5
18077,36,Alfalfa,380,84.5
18077,37,Other Hay/Non Alfalfa,37,8.2
18077,44,Other Crops,16,3.6
18077,47,Misc Vegs & Fruits,88,19.6
18077,48,Watermelons,3,0.7
18077,59,Sod/Grass Seed,41,9.1
18077,61,Fallow/Idle Cropland,1004,223.3
18077,68,Apples,10,2.2
18077,70,Christmas Trees,4,0.9
18077,111,Open Water,5651,1256.8
18077,121,Developed/Open Space,49996,11118.8
18077,122,Developed/Low Intensity,15097,3357.5
18077,123,Developed/Medium Intensity,6241,1388.0
18077,124,Developed/High Intensity,3657,813.3
18077,131,Barren,1064,236.6
18077,141,Deciduous Forest,513914,114291.7
18077,142,Evergreen Forest,9832,2186.6
18077,143,Mixed Forest,19538,4345.1
18077,152,Shrubland,933,207.5
18077,176,Grass/Pasture,162481,36134.9
18077,190,Woody Wetlands,25,5.6
18077,195,Herbaceous Wetlands,76,16.9
18077,205,Triticale,3,0.7
18077,221,Strawberries,4,0.9
18077,225,Dbl Crop WinWht/Corn,58,12.9
18077,228,Dbl Crop Triticale/Corn,1,0.2
18077,229,Pumpkins,94,20.9
18077,240,Dbl Crop Soybeans/Oats,25,5.6
18077,254,Dbl Crop Barley/Soybeans,131,29.1
18079,1,Corn,134100,29823.1
18079,4,Sorghum,1,0.2
18079,5,Soybeans,236821,52667.7
18079,6,Sunflowers,10,2.2
18079,11,Tobacco,133,29.6
18079,12,Sweet Corn,49,10.9
18079,13,Pop or Orn Corn,18,4.0
18079,24,Winter Wheat,713,158.6
18079,26,Dbl Crop WinWht/Soybeans,16608,3693.5
18079,27,Rye,248,55.2
18079,28,Oats,14,3.1
18079,29,Millet,11,2.4
18079,36,Alfalfa,359,79.8
18079,37,Other Hay/Non Alfalfa,95,21.1
18079,44,Other Crops,35,7.8
18079,47,Misc Vegs & Fruits,7,1.6
18079,54,Tomatoes,7,1.6
18079,58,Clover/Wildflowers,1,0.2
18079,59,Sod/Grass Seed,43,9.6
18079,61,Fallow/Idle Cropland,1134,252.2
18079,68,Apples,1,0.2
18079,69,Grapes,5,1.1
18079,70,Christmas Trees,9,2.0
18079,111,Open Water,6323,1406.2
18079,121,Developed/Open Space,48964,10889.3
18079,122,Developed/Low Intensity,14575,3241.4
18079,123,Developed/Medium Intensity,5380,1196.5
18079,124,Developed/High Intensity,1972,438.6
18079,131,Barren,1414,314.5
18079,141,Deciduous Forest,503345,111941.2
18079,142,Evergreen Forest,1238,275.3
18079,143,Mixed Forest,7221,1605.9
18079,152,Shrubland,43,9.6
18079,176,Grass/Pasture,106898,23773.5
18079,190,Woody Wetlands,21,4.7
18079,195,Herbaceous Wetlands,88,19.6
18079,205,Triticale,32,7.1
18079,221,Strawberries,32,7.1
18079,222,Squash,3,0.7
18079,225,Dbl Crop WinWht/Corn,35,7.8
18079,229,Pumpkins,467,103.9
18079,236,Dbl Crop WinWht/Sorghum,3,0.7
18079,240,Dbl Crop Soybeans/Oats,194,43.1
18079,254,Dbl Crop Barley/Soybeans,124,27.6
18081,1,Corn,183011,40700.7
18081,5,Soybeans,207792,46211.8
18081,6,Sunflowers,13,2.9
18081,12,Sweet Corn,98,21.8
18081,13,Pop or Orn Corn,8,1.8
18081,24,Winter Wheat,2017,448.6
18081,26,Dbl Crop WinWht/Soybeans,13078,2908.5
18081,27,Rye,100,22.2
18081,28,Oats,2,0.4
18081,30,Speltz,178,39.6
18081,36,Alfalfa,2098,466.6
18081,37,Other Hay/Non Alfalfa,379,84.3
18081,44,Other Crops,16,3.6
18081,48,Watermelons,17,3.8
18081,54,Tomatoes,48,10.7
18081,58,Clover/Wildflowers,1,0.2
18081,59,Sod/Grass Seed,99,22.0
18081,61,Fallow/Idle Cropland,215,47.8
18081,68,Apples,2,0.4
18081,69,Grapes,8,1.8
18081,70,Christmas Trees,46,10.2
18081,111,Open Water,12164,2705.2
18081,121,Developed/Open Space,68150,15156.2
18081,122,Developed/Low Intensity,81079,18031.5
18081,123,Developed/Medium Intensity,40865,9088.2
18081,124,Developed/High Intensity,15576,3464.0
18081,131,Barren,6927,1540.5
18081,141,Deciduous Forest,161625,35944.5
18081,142,Evergreen Forest,141,31.4
18081,143,Mixed Forest,1621,360.5
18081,176,Grass/Pasture,128127,28494.8
18081,190,Woody Wetlands,14,3.1
18081,195,Herbaceous Wetlands,95,21.1
18081,205,Triticale,100,22.2
18081,228,Dbl Crop Triticale/Corn,3,0.7
18081,229,Pumpkins,55,12.2
18081,236,Dbl Crop WinWht/Sorghum,170,37.8
18081,240,Dbl Crop Soybeans/Oats,30,6.7
18081,254,Dbl Crop Barley/Soybeans,26,5.8
18083,1,Corn,463647,103112.6
18083,4,Sorghum,1100,244.6
18083,5,Soybeans,522190,116132.3
18083,6,Sunflowers,311,69.2
18083,11,Tobacco,25,5.6
18083,12,Sweet Corn,3433,763.5
18083,13,Pop or Orn Corn,830,184.6
18083,24,Winter Wheat,1935,430.3
18083,26,Dbl Crop WinWht/Soybeans,59082,13139.5
18083,27,Rye,91,20.2
18083,28,Oats,29,6.4
18083,29,Millet,11,2.4
18083,34,Rape Seed,16,3.6
18083,36,Alfalfa,510,113.4
18083,37,Other Hay/Non Alfalfa,90,20.0
18083,42,Dry Beans,12,2.7
18083,43,Potatoes,1026,228.2
18083,44,Other Crops,40,8.9
18083,47,Misc Vegs & Fruits,3,0.7
18083,48,Watermelons,9796,2178.6
18083,54,Tomatoes,110,24.5
18083,58,Clover/Wildflowers,52,11.6
18083,59,Sod/Grass Seed,225,50.0
18083,61,Fallow/Idle Cropland,6850,1523.4
18083,66,Cherries,1,0.2
18083,67,Peaches,56,12.5
18083,68,Apples,121,26.9
18083,70,Christmas Trees,34,7.6
18083,71,Other Tree Crops,73,16.2
18083,74,Pecans,3,0.7
18083,111,Open Water,35843,7971.3
18083,121,Developed/Open Space,42945,9550.7
18083,122,Developed/Low Intensity,27805,6183.7
18083,123,Developed/Medium Intensity,15472,3440.9
18083,124,Developed/High Intensity,5883,1308.3
18083,131,Barren,2365,526.0
18083,141,Deciduous Forest,165811,36875.5
18083,142,Evergreen Forest,443,98.5
18083,143,Mixed Forest,790,175.7
18083,152,Shrubland,471,104.7
18083,176,Grass/Pasture,96573,21477.3
18083,190,Woody Wetlands,35999,8006.0
18083,195,Herbaceous Wetlands,1366,303.8
18083,207,Asparagus,824,183.3
18083,209,Cantaloupes,832,185.0
18083,214,Broccoli,1,0.2
18083,222,Squash,34,7.6
18083,225,Dbl Crop WinWht/Corn,680,151.2
18083,226,Dbl Crop Oats/Corn,5,1.1
18083,229,Pumpkins,1546,343.8
18083,240,Dbl Crop Soybeans/Oats,286,63.6
18083,249,Gourds,3,0.7
18083,254,Dbl Crop Barley/Soybeans,7,1.6
18085,1,Corn,481326,107044.3
18085,4,Sorghum,41,9.1
18085,5,Soybeans,398727,88674.8
18085,6,Sunflowers,3,0.7
18085,12,Sweet Corn,213,47.4
18085,13,Pop or Orn Corn,1602,356.3
18085,14,Mint,456,101.4
18085,21,Barley,19,4.2
18085,24,Winter Wheat,12331,2742.3
18085,26,Dbl Crop WinWht/Soybeans,2077,461.9
18085,27,Rye,413,91.8
18085,28,Oats,478,106.3
18085,29,Millet,20,4.4
18085,31,Canola,6,1.3
18085,36,Alfalfa,22876,5087.5
18085,37,Other Hay/Non Alfalfa,75,16.7
18085,42,Dry Beans,5,1.1
18085,43,Potatoes,162,36.0
18085,44,Other Crops,14,3.1
18085,50,Cucumbers,118,26.2
18085,54,Tomatoes,130,28.9
18085,58,Clover/Wildflowers,52,11.6
18085,59,Sod/Grass Seed,167,37.1
18085,60,Switchgrass,176,39.1
18085,61,Fallow/Idle Cropland,721,160.3
18085,68,Apples,57,12.7
18085,69,Grapes,80,17.8
18085,70,Christmas Trees,92,20.5
18085,111,Open Water,50991,11340.1
18085,121,Developed/Open Space,65922,14660.7
18085,122,Developed/Low Intensity,56271,12514.4
18085,123,Developed/Medium Intensity,24448,5437.1
18085,124,Developed/High Intensity,10685,2376.3
18085,131,Barren,4223,939.2
18085,141,Deciduous Forest,231527,51490.4
18085,142,Evergreen Forest,4734,1052.8
18085,143,Mixed Forest,131,29.1
18085,152,Shrubland,7,1.6
18085,176,Grass/Pasture,168298,37428.6
18085,190,Woody Wetlands,40361,8976.1
18085,195,Herbaceous Wetlands,14526,3230.5
18085,205,Triticale,474,105.4
18085,221,Strawberries,83,18.5
18085,225,Dbl Crop WinWht/Corn,47,10.5
18085,229,Pumpkins,57,12.7
18085,242,Blueberries,45,10.0
18085,249,Gourds,59,13.1
18085,254,Dbl Crop Barley/Soybeans,21,4.7
18087,1,Corn,220154,48961.1
18087,4,Sorghum,222,49.4
18087,5,Soybeans,168821,37544.9
18087,6,Sunflowers,58,12.9
18087,12,Sweet Corn,39,8.7
18087,13,Pop or Orn Corn,795,176.8
18087,21,Barley,322,71.6
18087,24,Winter Wheat,6529,1452.0
18087,26,Dbl Crop WinWht/Soybeans,21,4.7
18087,27,Rye,1031,229.3
18087,28,Oats,558,124.1
18087,29,Millet,569,126.5
18087,30,Speltz,56,12.5
18087,31,Canola,52,11.6
18087,36,Alfalfa,51821,11524.7
18087,37,Other Hay/Non Alfalfa,35,7.8
18087,39,Buckwheat,79,17.6
18087,42,Dry Beans,43,9.6
18087,43,Potatoes,6296,1400.2
18087,44,Other Crops,307,68.3
18087,47,Misc Vegs & Fruits,198,44.0
18087,48,Watermelons,88,19.6
18087,50,Cucumbers,794,176.6
18087,56,Hops,2,0.4
18087,58,Clover/Wildflowers,14,3.1
18087,59,Sod/Grass Seed,122,27.1
18087,61,Fallow/Idle Cropland,436,97.0
18087,66,Cherries,22,4.9
18087,68,Apples,2,0.4
18087,69,Grapes,62,13.8
18087,111,Open Water,20800,4625.8
18087,121,Developed/Open Space,36087,8025.6
18087,122,Developed/Low Intensity,36002,8006.7
18087,123,Developed/Medium Intensity,18063,4017.1
18087,124,Developed/High Intensity,6349,1412.0
18087,131,Barren,3522,783.3
18087,141,Deciduous Forest,55009,12233.7
18087,142,Evergreen Forest,2823,627.8
18087,143,Mixed Forest,291,64.7
18087,152,Shrubland,8,1.8
18087,176,Grass/Pasture,293987,65381.1
18087,190,Woody Wetlands,178253,39642.5
18087,195,Herbaceous Wetlands,1031,229.3
18087,205,Triticale,152,33.8
18087,229,Pumpkins,479,106.5
18087,242,Blueberries,2,0.4
18087,243,Cabbage,165,36.7
18089,1,Corn,240585,53504.8
18089,4,Sorghum,57,12.7
18089,5,Soybeans,226565,50386.8
18089,6,Sunflowers,90,20.0
18089,12,Sweet Corn,951,211.5
18089,13,Pop or Orn Corn,25,5.6
18089,14,Mint,29,6.4
18089,21,Barley,3,0.7
18089,23,Spring Wheat,11,2.4
18089,24,Winter Wheat,4013,892.5
18089,25,Other Small Grains,90,20.0
18089,26,Dbl Crop WinWht/Soybeans,336,74.7
18089,27,Rye,135,30.0
18089,28,Oats,127,28.2
18089,29,Millet,309,68.7
18089,30,Speltz,15,3.3
18089,36,Alfalfa,3058,680.1
18089,37,Other Hay/Non Alfalfa,1316,292.7
18089,43,Potatoes,204,45.4
18089,44,Other Crops,666,148.1
18089,47,Misc Vegs & Fruits,44,9.8
18089,49,Onions,192,42.7
18089,53,Peas,179,39.8
18089,54,Tomatoes,99,22.0
18089,56,Hops,47,10.5
18089,58,Clover/Wildflowers,13,2.9
18089,59,Sod/Grass Seed,118,26.2
18089,61,Fallow/Idle Cropland,3810,847.3
18089,70,Christmas Trees,7,1.6
18089,111,Open Water,29555,6572.9
18089,121,Developed/Open Space,76927,17108.2
18089,122,Developed/Low Intensity,253121,56292.8
18089,123,Developed/Medium Intensity,194056,43157.0
18089,124,Developed/High Intensity,88272,19631.2
18089,131,Barren,10024,2229.3
18089,141,Deciduous Forest,123167,27391.7
18089,142,Evergreen Forest,1012,225.1
18089,143,Mixed Forest,233,51.8
18089,152,Shrubland,541,120.3
18089,176,Grass/Pasture,122510,27245.6
18089,190,Woody Wetlands,60868,13536.7
18089,195,Herbaceous Wetlands,6485,1442.2
18089,205,Triticale,61,13.6
18089,216,Peppers,66,14.7
18089,222,Squash,53,11.8
18089,229,Pumpkins,15,3.3
18089,236,Dbl Crop WinWht/Sorghum,3,0.7
18089,242,Blueberries,12,2.7
18089,254,Dbl Crop Barley/Soybeans,1,0.2
18091,1,Corn,512113,113891.2
18091,4,Sorghum,741,164.8
18091,5,Soybeans,416994,92737.2
18091,6,Sunflowers,75,16.7
18091,12,Sweet Corn,272,60.5
18091,13,Pop or Orn Corn,3169,704.8
18091,14,Mint,1240,275.8
18091,21,Barley,52,11.6
18091,23,Spring Wheat,2,0.4
18091,24,Winter Wheat,13840,3077.9
18091,26,Dbl Crop WinWht/Soybeans,5420,1205.4
18091,27,Rye,1192,265.1
18091,28,Oats,411,91.4
18091,29,Millet,161,35.8
18091,30,Speltz,2,0.4
18091,36,Alfalfa,15396,3424.0
18091,37,Other Hay/Non Alfalfa,2259,502.4
18091,39,Buckwheat,97,21.6
18091,42,Dry Beans,1357,301.8
18091,43,Potatoes,275,61.2
18091,44,Other Crops,333,74.1
18091,47,Misc Vegs & Fruits,190,42.3
18091,48,Watermelons,319,70.9
18091,49,Onions,48,10.7
18091,50,Cucumbers,56,12.5
18091,53,Peas,17,3.8
18091,54,Tomatoes,1500,333.6
18091,56,Hops,9,2.0
18091,58,Clover/Wildflowers,434,96.5
18091,59,Sod/Grass Seed,68,15.1
18091,60,Switchgrass,20,4.4
18091,61,Fallow/Idle Cropland,1978,439.9
18091,66,Cherries,122,27.1
18091,67,Peaches,121,26.9
18091,68,Apples,166,36.9
18091,69,Grapes,2009,446.8
18091,70,Christmas Trees,300,66.7
18091,71,Other Tree Crops,239,53.2
18091,77,Pears,8,1.8
18091,111,Open Water,17010,3782.9
18091,121,Developed/Open Space,78564,17472.2
18091,122,Developed/Low Intensity,80632,17932.1
18091,123,Developed/Medium Intensity,37625,8367.6
18091,124,Developed/High Intensity,13766,3061.5
18091,131,Barren,4116,915.4
18091,141,Deciduous Forest,274706,61093.1
18091,142,Evergreen Forest,4141,920.9
18091,143,Mixed Forest,675,150.1
18091,152,Shrubland,1318,293.1
18091,176,Grass/Pasture,128603,28600.6
18091,190,Woody Wetlands,103707,23063.9
18091,195,Herbaceous Wetlands,6459,1436.4
18091,205,Triticale,158,35.1
18091,207,Asparagus,140,31.1
18091,216,Peppers,367,81.6
18091,220,Plums,47,10.5
18091,221,Strawberries,6,1.3
18091,222,Squash,101,22.5
18091,225,Dbl Crop WinWht/Corn,1193,265.3
18091,228,Dbl Crop Triticale/Corn,315,70.1
18091,229,Pumpkins,189,42.0
18091,242,Blueberries,118,26.2
18091,248,Eggplants,77,17.1
18091,249,Gourds,17,3.8
18091,250,Cranberries,4,0.9
18091,254,Dbl Crop Barley/Soybeans,362,80.5
18093,1,Corn,81457,18115.6
18093,4,Sorghum,2,0.4
18093,5,Soybeans,117323,26092.0
18093,6,Sunflowers,3,0.7
18093,12,Sweet Corn,15,3.3
18093,13,Pop or Orn Corn,2,0.4
18093,21,Barley,8,1.8
18093,24,Winter Wheat,509,113.2
18093,26,Dbl Crop WinWht/Soybeans,3865,859.6
18093,27,Rye,21,4.7
18093,28,Oats,4,0.9
18093,29,Millet,8,1.8
18093,30,Speltz,19,4.2
18093,36,Alfalfa,624,138.8
18093,37,Other Hay/Non Alfalfa,195,43.4
18093,43,Potatoes,1,0.2
18093,44,Other Crops,469,104.3
18093,48,Watermelons,3,0.7
18093,54,Tomatoes,116,25.8
18093,57,Herbs,1,0.2
18093,58,Clover/Wildflowers,272,60.5
18093,59,Sod/Grass Seed,15,3.3
18093,61,Fallow/Idle Cropland,529,117.6
18093,68,Apples,26,5.8
18093,69,Grapes,5,1.1
18093,70,Christmas Trees,35,7.8
18093,111,Open Water,9744,2167.0
18093,121,Developed/Open Space,72480,16119.2
18093,122,Developed/Low Intensity,15463,3438.9
18093,123,Developed/Medium Intensity,9182,2042.0
18093,124,Developed/High Intensity,3433,763.5
18093,131,Barren,5621,1250.1
18093,141,Deciduous Forest,687061,152798.7
18093,142,Evergreen Forest,2108,468.8
18093,143,Mixed Forest,11211,2493.3
18093,152,Shrubland,8,1.8
18093,176,Grass/Pasture,278039,61834.4
18093,190,Woody Wetlands,250,55.6
18093,195,Herbaceous Wetlands,41,9.1
18093,205,Triticale,15,3.3
18093,225,Dbl Crop WinWht/Corn,1,0.2
18093,228,Dbl Crop Triticale/Corn,4,0.9
18093,229,Pumpkins,120,26.7
18093,236,Dbl Crop WinWht/Sorghum,2,0.4
18093,240,Dbl Crop Soybeans/Oats,115,25.6
18093,243,Cabbage,2,0.4
18093,254,Dbl Crop Barley/Soybeans,35,7.8
18095,1,Corn,381155,84766.8
18095,4,Sorghum,9,2.0
18095,5,Soybeans,457608,101769.6
18095,6,Sunflowers,4,0.9
18095,12,Sweet Corn,250,55.6
18095,13,Pop or Orn Corn,505,112.3
18095,21,Barley,48,10.7
18095,24,Winter Wheat,6160,1370.0
18095,26,Dbl Crop WinWht/Soybeans,2199,489.0
18095,27,Rye,38,8.5
18095,28,Oats,181,40.3
18095,31,Canola,24,5.3
18095,36,Alfalfa,3149,700.3
18095,37,Other Hay/Non Alfalfa,387,86.1
18095,42,Dry Beans,11,2.4
18095,44,Other Crops,39,8.7
18095,48,Watermelons,1,0.2
18095,54,Tomatoes,1241,276.0
18095,58,Clover/Wildflowers,39,8.7
18095,59,Sod/Grass Seed,133,29.6
18095,61,Fallow/Idle Cropland,1702,378.5
18095,68,Apples,2,0.4
18095,70,Christmas Trees,217,48.3
18095,111,Open Water,6708,1491.8
18095,121,Developed/Open Space,79910,17771.6
18095,122,Developed/Low Intensity,86176,19165.1
18095,123,Developed/Medium Intensity,30301,6738.8
18095,124,Developed/High Intensity,11216,2494.4
18095,131,Barren,2551,567.3
18095,141,Deciduous Forest,117566,26146.0
18095,142,Evergreen Forest,502,111.6
18095,143,Mixed Forest,19,4.2
18095,152,Shrubland,2,0.4
18095,176,Grass/Pasture,109032,24248.1
18095,190,Woody Wetlands,2242,498.6
18095,195,Herbaceous Wetlands,1963,436.6
18095,205,Triticale,5,1.1
18095,221,Strawberries,5,1.1
18095,222,Squash,5,1.1
18095,229,Pumpkins,22,4.9
18095,236,Dbl Crop WinWht/Sorghum,42,9.3
18095,241,Dbl Crop Corn/Soybeans,1,0.2
18095,249,Gourds,13,2.9
18095,254,Dbl Crop Barley/Soybeans,72,16.0
18097,1,Corn,22786,5067.5
18097,5,Soybeans,33007,7340.6
18097,6,Sunflowers,12,2.7
18097,12,Sweet Corn,46,10.2
18097,21,Barley,8,1.8
18097,24,Winter Wheat,128,28.5
18097,26,Dbl Crop WinWht/Soybeans,415,92.3
18097,27,Rye,22,4.9
18097,28,Oats,49,10.9
18097,30,Speltz,1,0.2
18097,36,Alfalfa,731,162.6
18097,37,Other Hay/Non Alfalfa,81,18.0
18097,44,Other Crops,4,0.9
18097,48,Watermelons,4,0.9
18097,54,Tomatoes,53,11.8
18097,58,Clover/Wildflowers,1,0.2
18097,59,Sod/Grass Seed,72,16.0
18097,61,Fallow/Idle Cropland,322,71.6
18097,67,Peaches,1,0.2
18097,68,Apples,1,0.2
18097,69,Grapes,1,0.2
18097,70,Christmas Trees,64,14.2
18097,76,Walnuts,1,0.2
18097,111,Open Water,29433,6545.7
18097,121,Developed/Open Space,233264,51876.7
18097,122,Developed/Low Intensity,346595,77080.9
18097,123,Developed/Medium Intensity,248879,55349.4
18097,124,Developed/High Intensity,113969,25346.1
18097,131,Barren,3276,728.6
18097,141,Deciduous Forest,83562,18583.7
18097,142,Evergreen Forest,682,151.7
18097,143,Mixed Forest,152,33.8
18097,152,Shrubland,3,0.7
18097,176,Grass/Pasture,39156,8708.1
18097,190,Woody Wetlands,694,154.3
18097,195,Herbaceous Wetlands,2259,502.4
18097,229,Pumpkins,14,3.1
18097,249,Gourds,5,1.1
18099,1,Corn,429357,95486.7
18099,4,Sorghum,12,2.7
18099,5,Soybeans,319858,71134.7
18099,6,Sunflowers,3,0.7
18099,12,Sweet Corn,225,50.0
18099,13,Pop or Orn Corn,841,187.0
18099,14,Mint,73,16.2
18099,21,Barley,33,7.3
18099,24,Winter Wheat,5885,1308.8
18099,26,Dbl Crop WinWht/Soybeans,947,210.6
18099,27,Rye,727,161.7
18099,28,Oats,300,66.7
18099,29,Millet,39,8.7
18099,36,Alfalfa,21703,4826.6
18099,37,Other Hay/Non Alfalfa,79,17.6
18099,39,Buckwheat,6,1.3
18099,42,Dry Beans,1554,345.6
18099,43,Potatoes,1622,360.7
18099,44,Other Crops,26,5.8
18099,47,Misc Vegs & Fruits,16,3.6
18099,50,Cucumbers,75,16.7
18099,54,Tomatoes,58,12.9
18099,58,Clover/Wildflowers,36,8.0
18099,59,Sod/Grass Seed,47,10.5
18099,60,Switchgrass,96,21.3
18099,61,Fallow/Idle Cropland,709,157.7
18099,66,Cherries,4,0.9
18099,67,Peaches,6,1.3
18099,68,Apples,13,2.9
18099,69,Grapes,139,30.9
18099,70,Christmas Trees,415,92.3
18099,71,Other Tree Crops,7,1.6
18099,77,Pears,2,0.4
18099,111,Open Water,17069,3796.1
18099,121,Developed/Open Space,46029,10236.6
18099,122,Developed/Low Intensity,40679,9046.8
18099,123,Developed/Medium Intensity,15069,3351.3
18099,124,Developed/High Intensity,6325,1406.6
18099,131,Barren,2713,603.4
18099,141,Deciduous Forest,206135,45843.3
18099,142,Evergreen Forest,4940,1098.6
18099,143,Mixed Forest,199,44.3
18099,152,Shrubland,8,1.8
18099,176,Grass/Pasture,132281,29418.6
18099,190,Woody Wetlands,30126,6699.9
18099,195,Herbaceous Wetlands,6328,1407.3
18099,205,Triticale,743,165.2
18099,216,Peppers,1,0.2
18099,221,Strawberries,224,49.8
18099,225,Dbl Crop WinWht/Corn,13,2.9
18099,229,Pumpkins,141,31.4
18099,242,Blueberries,94,20.9
18099,249,Gourds,129,28.7
18099,254,Dbl Crop Barley/Soybeans,343,76.3
18101,1,Corn,71136,15820.3
18101,4,Sorghum,8,1.8
18101,5,Soybeans,78603,17480.9
18101,6,Sunflowers,7,1.6
18101,11,Tobacco,19,4.2
18101,12,Sweet Corn,11,2.4
18101,13,Pop or Orn Corn,126,28.0
18101,21,Barley,15,3.3
18101,24,Winter Wheat,112,24.9
18101,26,Dbl Crop WinWht/Soybeans,4275,950.7
18101,27,Rye,6,1.3
18101,29,Millet,4,0.9
18101,30,Speltz,31,6.9
18101,34,Rape Seed,1,0.2
18101,36,Alfalfa,41,9.1
18101,37,Other Hay/Non Alfalfa,211,46.9
18101,44,Other Crops,279,62.0
18101,48,Watermelons,23,5.1
18101,54,Tomatoes,4,0.9
18101,58,Clover/Wildflowers,21,4.7
18101,59,Sod/Grass Seed,22,4.9
18101,61,Fallow/Idle Cropland,111,24.7
18101,67,Peaches,2,0.4
18101,70,Christmas Trees,5,1.1
18101,111,Open Water,12484,2776.4
18101,121,Developed/Open Space,51748,11508.5
18101,122,Developed/Low Intensity,6390,1421.1
18101,123,Developed/Medium Intensity,4391,976.5
18101,124,Developed/High Intensity,1393,309.8
18101,131,Barren,1314,292.2
18101,141,Deciduous Forest,647514,144003.6
18101,142,Evergreen Forest,2935,652.7
18101,143,Mixed Forest,10014,2227.1
18101,152,Shrubland,9,2.0
18101,176,Grass/Pasture,85835,19089.2
18101,190,Woody Wetlands,352,78.3
18101,195,Herbaceous Wetlands,326,72.5
18101,205,Triticale,2,0.4
18101,216,Peppers,11,2.4
18101,222,Squash,3,0.7
18101,225,Dbl Crop WinWht/Corn,13,2.9
18101,229,Pumpkins,76,16.9
18101,237,Dbl Crop Barley/Corn,1,0.2
18101,240,Dbl Crop Soybeans/Oats,9,2.0
18101,254,Dbl Crop Barley/Soybeans,2,0.4
18103,1,Corn,308099,68519.6
18103,4,Sorghum,16,3.6
18103,5,Soybeans,406937,90500.6
18103,6,Sunflowers,454,101.0
18103,12,Sweet Corn,85,18.9
18103,13,Pop or Orn Corn,2193,487.7
18103,14,Mint,20,4.4
18103,21,Barley,3,0.7
18103,24,Winter Wheat,11493,2556.0
18103,26,Dbl Crop WinWht/Soybeans,2579,573.6
18103,27,Rye,940,209.1
18103,28,Oats,118,26.2
18103,29,Millet,26,5.8
18103,36,Alfalfa,11433,2542.6
18103,37,Other Hay/Non Alfalfa,44,9.8
18103,42,Dry Beans,3,0.7
18103,43,Potatoes,22,4.9
18103,44,Other Crops,1,0.2
18103,50,Cucumbers,29,6.4
18103,54,Tomatoes,258,57.4
18103,58,Clover/Wildflowers,177,39.4
18103,59,Sod/Grass Seed,14,3.1
18103,60,Switchgrass,80,17.8
18103,61,Fallow/Idle Cropland,149,33.1
18103,68,Apples,2,0.4
18103,69,Grapes,154,34.2
18103,70,Christmas Trees,76,16.9
18103,111,Open Water,8167,1816.3
18103,121,Developed/Open Space,41578,9246.7
18103,122,Developed/Low Intensity,29009,6451.4
18103,123,Developed/Medium Intensity,11893,2644.9
18103,124,Developed/High Intensity,4711,1047.7
18103,131,Barren,1898,422.1
18103,141,Deciduous Forest,159485,35468.6
18103,142,Evergreen Forest,769,171.0
18103,143,Mixed Forest,74,16.5
18103,152,Shrubland,2,0.4
18103,176,Grass/Pasture,75302,16746.8
18103,190,Woody Wetlands,2974,661.4
18103,195,Herbaceous Wetlands,1979,440.1
18103,205,Triticale,949,211.1
18103,221,Strawberries,12,2.7
18103,225,Dbl Crop WinWht/Corn,3,0.7
18103,229,Pumpkins,610,135.7
18103,242,Blueberries,89,19.8
18103,249,Gourds,805,179.0
18103,254,Dbl Crop Barley/Soybeans,221,49.1
18105,1,Corn,24897,5537.0
18105,5,Soybeans,31938,7102.8
18105,12,Sweet Corn,20,4.4
18105,13,Pop or Orn Corn,1049,233.3
18105,24,Winter Wheat,65,14.5
18105,26,Dbl Crop WinWht/Soybeans,654,145.4
18105,27,Rye,15,3.3
18105,28,Oats,3,0.7
18105,36,Alfalfa,237,52.7
18105,37,Other Hay/Non Alfalfa,1,0.2
18105,44,Other Crops,12,2.7
18105,48,Watermelons,5,1.1
18105,54,Tomatoes,9,2.0
18105,59,Sod/Grass Seed,11,2.4
18105,61,Fallow/Idle Cropland,89,19.8
18105,111,Open Water,50289,11184.0
18105,121,Developed/Open Space,84385,18766.8
18105,122,Developed/Low Intensity,39748,8839.7
18105,123,Developed/Medium Intensity,21262,4728.6
18105,124,Developed/High Intensity,7863,1748.7
18105,131,Barren,6197,1378.2
18105,141,Deciduous Forest,735964,163674.5
18105,142,Evergreen Forest,2853,634.5
18105,143,Mixed Forest,11693,2600.5
18105,152,Shrubland,3,0.7
18105,176,Grass/Pasture,164050,36483.8
18105,190,Woody Wetlands,52,11.6
18105,195,Herbaceous Wetlands,400,89.0
18105,205,Triticale,3,0.7
18105,220,Plums,1,0.2
18105,229,Pumpkins,6,1.3
18105,236,Dbl Crop WinWht/Sorghum,1,0.2
18105,240,Dbl Crop Soybeans/Oats,54,12.0
18105,254,Dbl Crop Barley/Soybeans,17,3.8
18107,1,Corn,518877,115395.5
18107,4,Sorghum,9,2.0
18107,5,Soybeans,540069,120108.5
18107,6,Sunflowers,100,22.2
18107,12,Sweet Corn,434,96.5
18107,13,Pop or Orn Corn,301,66.9
18107,21,Barley,15,3.3
18107,24,Winter Wheat,5802,1290.3
18107,26,Dbl Crop WinWht/Soybeans,1906,423.9
18107,27,Rye,68,15.1
18107,28,Oats,545,121.2
18107,29,Millet,98,21.8
18107,30,Speltz,12,2.7
18107,36,Alfalfa,4086,908.7
18107,37,Other Hay/Non Alfalfa,1506,334.9
18107,39,Buckwheat,4,0.9
18107,44,Other Crops,71,15.8
18107,47,Misc Vegs & Fruits,127,28.2
18107,54,Tomatoes,51,11.3
18107,58,Clover/Wildflowers,437,97.2
18107,59,Sod/Grass Seed,61,13.6
18107,61,Fallow/Idle Cropland,1096,243.7
18107,67,Peaches,8,1.8
18107,68,Apples,37,8.2
18107,70,Christmas Trees,409,91.0
18107,111,Open Water,5334,1186.3
18107,121,Developed/Open Space,50539,11239.6
18107,122,Developed/Low Intensity,28195,6270.4
18107,123,Developed/Medium Intensity,13552,3013.9
18107,124,Developed/High Intensity,5185,1153.1
18107,131,Barren,1094,243.3
18107,141,Deciduous Forest,177164,39400.3
18107,142,Evergreen Forest,619,137.7
18107,143,Mixed Forest,259,57.6
18107,152,Shrubland,48,10.7
18107,176,Grass/Pasture,94180,20945.1
18107,190,Woody Wetlands,1009,224.4
18107,195,Herbaceous Wetlands,923,205.3
18107,205,Triticale,85,18.9
18107,225,Dbl Crop WinWht/Corn,35,7.8
18107,229,Pumpkins,50,11.1
18107,241,Dbl Crop Corn/Soybeans,4,0.9
18107,249,Gourds,6,1.3
18107,254,Dbl Crop Barley/Soybeans,74,16.5
18109,1,Corn,183843,40885.7
18109,4,Sorghum,1,0.2
18109,5,Soybeans,201067,44716.2
18109,12,Sweet Corn,303,67.4
18109,13,Pop or Orn Corn,2,0.4
18109,24,Winter Wheat,404,89.8
18109,26,Dbl Crop WinWht/Soybeans,2142,476.4
18109,27,Rye,8,1.8
18109,28,Oats,10,2.2
18109,30,Speltz,3,0.7
18109,36,Alfalfa,598,133.0
18109,37,Other Hay/Non Alfalfa,13,2.9
18109,44,Other Crops,12,2.7
18109,48,Watermelons,4,0.9
18109,54,Tomatoes,24,5.3
18109,59,Sod/Grass Seed,24,5.3
18109,61,Fallow/Idle Cropland,86,19.1
18109,68,Apples,1,0.2
18109,69,Grapes,3,0.7
18109,70,Christmas Trees,3,0.7
18109,111,Open Water,18383,4088.3
18109,121,Developed/Open Space,68612,15258.9
18109,122,Developed/Low Intensity,33154,7373.3
18109,123,Developed/Medium Intensity,13519,3006.6
18109,124,Developed/High Intensity,3661,814.2
18109,131,Barren,3351,745.2
18109,141,Deciduous Forest,513017,114092.2
18109,142,Evergreen Forest,276,61.4
18109,143,Mixed Forest,2564,570.2
18109,152,Shrubland,4,0.9
18109,176,Grass/Pasture,132759,29524.9
18109,190,Woody Wetlands,2,0.4
18109,195,Herbaceous Wetlands,62,13.8
18109,205,Triticale,1,0.2
18109,228,Dbl Crop Triticale/Corn,1,0.2
18109,229,Pumpkins,31,6.9
18109,236,Dbl Crop WinWht/Sorghum,10,2.2
18109,237,Dbl Crop Barley/Corn,90,20.0
18109,240,Dbl Crop Soybeans/Oats,37,8.2
18109,254,Dbl Crop Barley/Soybeans,214,47.6
18111,1,Corn,454355,101046.1
18111,4,Sorghum,192,42.7
18111,5,Soybeans,338634,75310.4
18111,6,Sunflowers,50,11.1
18111,12,Sweet Corn,244,54.3
18111,13,Pop or Orn Corn,768,170.8
18111,14,Mint,516,114.8
18111,21,Barley,57,12.7
18111,23,Spring Wheat,26,5.8
18111,24,Winter Wheat,7271,1617.0
18111,25,Other Small Grains,9,2.0
18111,26,Dbl Crop WinWht/Soybeans,2667,593.1
18111,27,Rye,432,96.1
18111,28,Oats,113,25.1
18111,29,Millet,1765,392.5
18111,30,Speltz,8,1.8
18111,36,Alfalfa,17440,3878.6
18111,37,Other Hay/Non Alfalfa,392,87.2
18111,43,Potatoes,1493,332.0
18111,44,Other Crops,1843,409.9
18111,47,Misc Vegs & Fruits,23,5.1
18111,49,Onions,150,33.4
18111,53,Peas,761,169.2
18111,54,Tomatoes,2,0.4
18111,56,Hops,28,6.2
18111,58,Clover/Wildflowers,20,4.4
18111,59,Sod/Grass Seed,222,49.4
18111,61,Fallow/Idle Cropland,735,163.5
18111,70,Christmas Trees,6,1.3
18111,111,Open Water,6447,1433.8
18111,121,Developed/Open Space,13178,2930.7
18111,122,Developed/Low Intensity,35899,7983.7
18111,123,Developed/Medium Intensity,6798,1511.8
18111,124,Developed/High Intensity,2360,524.9
18111,131,Barren,3244,721.4
18111,141,Deciduous Forest,106440,23671.7
18111,142,Evergreen Forest,1334,296.7
18111,143,Mixed Forest,175,38.9
18111,152,Shrubland,43,9.6
18111,176,Grass/Pasture,119738,26629.1
18111,190,Woody Wetlands,27607,6139.6
18111,195,Herbaceous Wetlands,6335,1408.9
18111,205,Triticale,351,78.1
18111,216,Peppers,44,9.8
18111,222,Squash,268,59.6
18111,225,Dbl Crop WinWht/Corn,370,82.3
18111,229,Pumpkins,2,0.4
18111,236,Dbl Crop WinWht/Sorghum,11,2.4
18111,242,Blueberries,42,9.3
18111,254,Dbl Crop Barley/Soybeans,5,1.1
18113,1,Corn,277792,61779.5
18113,4,Sorghum,169,37.6
18113,5,Soybeans,302347,67240.4
18113,6,Sunflowers,59,13.1
18113,12,Sweet Corn,11,2.4
18113,13,Pop or Orn Corn,8,1.8
18113,21,Barley,132,29.4
18113,24,Winter Wheat,12320,2739.9
18113,26,Dbl Crop WinWht/Soybeans,526,117.0
18113,27,Rye,261,58.0
18113,28,Oats,530,117.9
18113,29,Millet,106,23.6
18113,30,Speltz,4,0.9
18113,31,Canola,11,2.4
18113,36,Alfalfa,26290,5846.8
18113,37,Other Hay/Non Alfalfa,132,29.4
18113,39,Buckwheat,6,1.3
18113,42,Dry Beans,7,1.6
18113,43,Potatoes,49,10.9
18113,44,Other Crops,78,17.3
18113,47,Misc Vegs & Fruits,20,4.4
18113,48,Watermelons,1,0.2
18113,50,Cucumbers,89,19.8
18113,54,Tomatoes,69,15.3
18113,56,Hops,1,0.2
18113,58,Clover/Wildflowers,4,0.9
18113,59,Sod/Grass Seed,176,39.1
18113,60,Switchgrass,9,2.0
18113,61,Fallow/Idle Cropland,1964,436.8
18113,66,Cherries,9,2.0
18113,68,Apples,97,21.6
18113,69,Grapes,427,95.0
18113,111,Open Water,24558,5461.6
18113,121,Developed/Open Space,42856,9530.9
18113,122,Developed/Low Intensity,33274,7400.0
18113,123,Developed/Medium Intensity,17385,3866.3
18113,124,Developed/High Intensity,5023,1117.1
18113,131,Barren,2467,548.6
18113,141,Deciduous Forest,186983,41584.0
18113,142,Evergreen Forest,3475,772.8
18113,143,Mixed Forest,77,17.1
18113,152,Shrubland,26,5.8
18113,176,Grass/Pasture,183490,40807.2
18113,190,Woody Wetlands,71175,15828.9
18113,195,Herbaceous Wetlands,6878,1529.6
18113,205,Triticale,20,4.4
18113,225,Dbl Crop WinWht/Corn,32,7.1
18113,229,Pumpkins,8,1.8
18113,242,Blueberries,10,2.2
18113,249,Gourds,3,0.7
18113,254,Dbl Crop Barley/Soybeans,47,10.5
18115,1,Corn,10498,2334.7
18115,4,Sorghum,1,0.2
18115,5,Soybeans,14206,3159.3
18115,12,Sweet Corn,21,4.7
18115,21,Barley,8,1.8
18115,24,Winter Wheat,211,46.9
18115,26,Dbl Crop WinWht/Soybeans,898,199.7
18115,27,Rye,23,5.1
18115,28,Oats,155,34.5
18115,36,Alfalfa,306,68.1
18115,37,Other Hay/Non Alfalfa,8,1.8
18115,44,Other Crops,16,3.6
18115,47,Misc Vegs & Fruits,2,0.4
18115,48,Watermelons,1,0.2
18115,59,Sod/Grass Seed,15,3.3
18115,61,Fallow/Idle Cropland,157,34.9
18115,69,Grapes,2,0.4
18115,70,Christmas Trees,1,0.2
18115,111,Open Water,3544,788.2
18115,121,Developed/Open Space,12285,2732.1
18115,122,Developed/Low Intensity,3441,765.3
18115,123,Developed/Medium Intensity,1045,232.4
18115,124,Developed/High Intensity,244,54.3
18115,131,Barren,153,34.0
18115,141,Deciduous Forest,127134,28273.9
18115,142,Evergreen Forest,3535,786.2
18115,143,Mixed Forest,9353,2080.1
18115,152,Shrubland,1,0.2
18115,176,Grass/Pasture,63829,14195.2
18115,190,Woody Wetlands,7,1.6
18115,195,Herbaceous Wetlands,132,29.4
18115,205,Triticale,6,1.3
18115,221,Strawberries,1,0.2
18115,225,Dbl Crop WinWht/Corn,31,6.9
18115,229,Pumpkins,1,0.2
18115,240,Dbl Crop Soybeans/Oats,6,1.3
18115,254,Dbl Crop Barley/Soybeans,14,3.1
18117,1,Corn,102405,22774.3
18117,4,Sorghum,342,76.1
18117,5,Soybeans,102823,22867.3
18117,6,Sunflowers,1,0.2
18117,11,Tobacco,76,16.9
18117,12,Sweet Corn,19,4.2
18117,13,Pop or Orn Corn,71,15.8
18117,21,Barley,247,54.9
18117,24,Winter Wheat,113,25.1
18117,26,Dbl Crop WinWht/Soybeans,3516,781.9
18117,27,Rye,9,2.0
18117,28,Oats,21,4.7
18117,29,Millet,2,0.4
18117,30,Speltz,45,10.0
18117,36,Alfalfa,770,171.2
18117,37,Other Hay/Non Alfalfa,244,54.3
18117,43,Potatoes,3,0.7
18117,44,Other Crops,7,1.6
18117,47,Misc Vegs & Fruits,16,3.6
18117,48,Watermelons,11,2.4
18117,58,Clover/Wildflowers,4,0.9
18117,59,Sod/Grass Seed,18,4.0
18117,61,Fallow/Idle Cropland,353,78.5
18117,111,Open Water,25374,5643.0
18117,121,Developed/Open Space,54113,12034.4
18117,122,Developed/Low Intensity,5489,1220.7
18117,123,Developed/Medium Intensity,4702,1045.7
18117,124,Developed/High Intensity,1228,273.1
18117,131,Barren,2864,636.9
18117,141,Deciduous Forest,650994,144777.6
18117,142,Evergreen Forest,4225,939.6
18117,143,Mixed Forest,33325,7411.3
18117,152,Shrubland,26,5.8
18117,176,Grass/Pasture,177398,39452.4
18117,190,Woody Wetlands,59,13.1
18117,195,Herbaceous Wetlands,126,28.0
18117,216,Peppers,37,8.2
18117,222,Squash,81,18.0
18117,225,Dbl Crop WinWht/Corn,894,198.8
18117,229,Pumpkins,2408,535.5
18117,237,Dbl Crop Barley/Corn,31,6.9
18117,240,Dbl Crop Soybeans/Oats,232,51.6
18117,243,Cabbage,13,2.9
18117,254,Dbl Crop Barley/Soybeans,12,2.7
18119,1,Corn,91415,20330.2
18119,5,Soybeans,123395,27442.4
18119,12,Sweet Corn,32,7.1
18119,13,Pop or Orn Corn,1,0.2
18119,24,Winter Wheat,281,62.5
18119,26,Dbl Crop WinWht/Soybeans,5898,1311.7
18119,27,Rye,21,4.7
18119,28,Oats,52,11.6
18119,30,Speltz,3,0.7
18119,36,Alfalfa,257,57.2
18119,37,Other Hay/Non Alfalfa,4,0.9
18119,42,Dry Beans,1,0.2
18119,44,Other Crops,22,4.9
18119,47,Misc Vegs & Fruits,2,0.4
18119,48,Watermelons,7,1.6
18119,54,Tomatoes,19,4.2
18119,58,Clover/Wildflowers,2,0.4
18119,59,Sod/Grass Seed,77,17.1
18119,61,Fallow/Idle Cropland,303,67.4
18119,68,Apples,1,0.2
18119,69,Grapes,1,0.2
18119,70,Christmas Trees,63,14.0
18119,71,Other Tree Crops,118,26.2
18119,111,Open Water,17528,3898.1
18119,121,Developed/Open Space,53871,11980.6
18119,122,Developed/Low Intensity,8284,1842.3
18119,123,Developed/Medium Intensity,2231,496.2
18119,124,Developed/High Intensity,541,120.3
18119,131,Barren,1049,233.3
18119,141,Deciduous Forest,664091,147690.3
18119,142,Evergreen Forest,2428,540.0
18119,143,Mixed Forest,5191,1154.5
18119,152,Shrubland,12,2.7
18119,176,Grass/Pasture,137825,30651.5
18119,190,Woody Wetlands,108,24.0
18119,195,Herbaceous Wetlands,499,111.0
18119,205,Triticale,18,4.0
18119,228,Dbl Crop Triticale/Corn,4,0.9
18119,229,Pumpkins,23,5.1
18119,240,Dbl Crop Soybeans/Oats,84,18.7
18119,254,Dbl Crop Barley/Soybeans,17,3.8
18121,1,Corn,273845,60901.7
18121,4,Sorghum,76,16.9
18121,5,Soybeans,280105,62293.9
18121,6,Sunflowers,34,7.6
18121,12,Sweet Corn,224,49.8
18121,13,Pop or Orn Corn,2,0.4
18121,24,Winter Wheat,3927,873.3
18121,26,Dbl Crop WinWht/Soybeans,8430,1874.8
18121,27,Rye,327,72.7
18121,28,Oats,1015,225.7
18121,29,Millet,460,102.3
18121,30,Speltz,75,16.7
18121,36,Alfalfa,6262,1392.6
18121,37,Other Hay/Non Alfalfa,1408,313.1
18121,39,Buckwheat,34,7.6
18121,42,Dry Beans,1,0.2
18121,43,Potatoes,9,2.0
18121,44,Other Crops,4,0.9
18121,47,Misc Vegs & Fruits,689,153.2
18121,48,Watermelons,11,2.4
18121,54,Tomatoes,25,5.6
18121,58,Clover/Wildflowers,1227,272.9
18121,61,Fallow/Idle Cropland,40,8.9
18121,68,Apples,396,88.1
18121,69,Grapes,209,46.5
18121,70,Christmas Trees,36,8.0
18121,71,Other Tree Crops,75,16.7
18121,111,Open Water,20137,4478.4
18121,121,Developed/Open Space,42072,9356.6
18121,122,Developed/Low Intensity,14088,3133.1
18121,123,Developed/Medium Intensity,4127,917.8
18121,124,Developed/High Intensity,1201,267.1
18121,131,Barren,1620,360.3
18121,141,Deciduous Forest,523316,116382.7
18121,142,Evergreen Forest,1539,342.3
18121,143,Mixed Forest,964,214.4
18121,152,Shrubland,74,16.5
18121,176,Grass/Pasture,98910,21997.1
18121,190,Woody Wetlands,7589,1687.8
18121,195,Herbaceous Wetlands,593,131.9
18121,225,Dbl Crop WinWht/Corn,21,4.7
18121,226,Dbl Crop Oats/Corn,16,3.6
18121,229,Pumpkins,153,34.0
18123,1,Corn,49558,11021.4
18123,4,Sorghum,196,43.6
18123,5,Soybeans,67181,14940.7
18123,6,Sunflowers,33,7.3
18123,11,Tobacco,581,129.2
18123,12,Sweet Corn,92,20.5
18123,13,Pop or Orn Corn,518,115.2
18123,21,Barley,29,6.4
18123,24,Winter Wheat,84,18.7
18123,26,Dbl Crop WinWht/Soybeans,1881,418.3
18123,27,Rye,152,33.8
18123,28,Oats,49,10.9
18123,29,Millet,224,49.8
18123,30,Speltz,26,5.8
18123,36,Alfalfa,339,75.4
18123,37,Other Hay/Non Alfalfa,773,171.9
18123,44,Other Crops,1,0.2
18123,47,Misc Vegs & Fruits,25,5.6
18123,48,Watermelons,1,0.2
18123,58,Clover/Wildflowers,39,8.7
18123,59,Sod/Grass Seed,5,1.1
18123,61,Fallow/Idle Cropland,934,207.7
18123,67,Peaches,102,22.7
18123,111,Open Water,13004,2892.0
18123,121,Developed/Open Space,46265,10289.1
18123,122,Developed/Low Intensity,7678,1707.5
18123,123,Developed/Medium Intensity,4721,1049.9
18123,124,Developed/High Intensity,1455,323.6
18123,131,Barren,894,198.8
18123,141,Deciduous Forest,725490,161345.1
18123,142,Evergreen Forest,17032,3787.8
18123,143,Mixed Forest,28433,6323.3
18123,152,Shrubland,124,27.6
18123,176,Grass/Pasture,134841,29987.9
18123,190,Woody Wetlands,3855,857.3
18123,195,Herbaceous Wetlands,4894,1088.4
18123,205,Triticale,4,0.9
18123,216,Peppers,3,0.7
18123,222,Squash,11,2.4
18123,225,Dbl Crop WinWht/Corn,143,31.8
18123,228,Dbl Crop Triticale/Corn,2,0.4
18123,229,Pumpkins,45,10.0
18123,237,Dbl Crop Barley/Corn,13,2.9
18123,240,Dbl Crop Soybeans/Oats,78,17.3
18123,243,Cabbage,12,2.7
18123,254,Dbl Crop Barley/Soybeans,3,0.7
18125,1,Corn,121736,27073.4
18125,4,Sorghum,1305,290.2
18125,5,Soybeans,187156,41622.5
18125,6,Sunflowers,19,4.2
18125,11,Tobacco,131,29.1
18125,12,Sweet Corn,341,75.8
18125,13,Pop or Orn Corn,5,1.1
18125,24,Winter Wheat,2103,467.7
18125,26,Dbl Crop WinWht/Soybeans,12135,2698.8
18125,27,Rye,228,50.7
18125,28,Oats,11,2.4
18125,34,Rape Seed,26,5.8
18125,36,Alfalfa,389,86.5
18125,37,Other Hay/Non Alfalfa,88,19.6
18125,42,Dry Beans,600,133.4
18125,43,Potatoes,2,0.4
18125,44,Other Crops,392,87.2
18125,48,Watermelons,304,67.6
18125,58,Clover/Wildflowers,58,12.9
18125,59,Sod/Grass Seed,98,21.8
18125,61,Fallow/Idle Cropland,2965,659.4
18125,67,Peaches,20,4.4
18125,68,Apples,1,0.2
18125,74,Pecans,6,1.3
18125,111,Open Water,28366,6308.4
18125,121,Developed/Open Space,36659,8152.8
18125,122,Developed/Low Intensity,11657,2592.5
18125,123,Developed/Medium Intensity,5408,1202.7
18125,124,Developed/High Intensity,1519,337.8
18125,131,Barren,3369,749.2
18125,141,Deciduous Forest,403339,89700.4
18125,142,Evergreen Forest,19800,4403.4
18125,143,Mixed Forest,19529,4343.1
18125,152,Shrubland,1872,416.3
18125,176,Grass/Pasture,94167,20942.2
18125,190,Woody Wetlands,21530,4788.2
18125,195,Herbaceous Wetlands,2708,602.2
18125,209,Cantaloupes,78,17.3
18125,222,Squash,4,0.9
18125,225,Dbl Crop WinWht/Corn,48,10.7
18125,229,Pumpkins,1221,271.5
18125,240,Dbl Crop Soybeans/Oats,12,2.7
18125,249,Gourds,70,15.6
18125,254,Dbl Crop Barley/Soybeans,6,1.3
18127,1,Corn,255820,56893.0
18127,4,Sorghum,347,77.2
18127,5,Soybeans,262474,58372.8
18127,6,Sunflowers,92,20.5
18127,12,Sweet Corn,498,110.8
18127,13,Pop or Orn Corn,756,168.1
18127,14,Mint,83,18.5
18127,21,Barley,86,19.1
18127,23,Spring Wheat,155,34.5
18127,24,Winter Wheat,4165,926.3
18127,25,Other Small Grains,44,9.8
18127,26,Dbl Crop WinWht/Soybeans,616,137.0
18127,27,Rye,582,129.4
18127,28,Oats,155,34.5
18127,29,Millet,202,44.9
18127,30,Speltz,36,8.0
18127,36,Alfalfa,5267,1171.4
18127,37,Other Hay/Non Alfalfa,3219,715.9
18127,39,Buckwheat,4,0.9
18127,42,Dry Beans,12,2.7
18127,43,Potatoes,30,6.7
18127,44,Other Crops,420,93.4
18127,47,Misc Vegs & Fruits,12,2.7
18127,48,Watermelons,1,0.2
18127,49,Onions,509,113.2
18127,50,Cucumbers,3,0.7
18127,53,Peas,189,42.0
18127,54,Tomatoes,505,112.3
18127,56,Hops,326,72.5
18127,58,Clover/Wildflowers,186,41.4
18127,59,Sod/Grass Seed,247,54.9
18127,60,Switchgrass,1,0.2
18127,61,Fallow/Idle Cropland,2521,560.7
18127,66,Cherries,8,1.8
18127,67,Peaches,13,2.9
18127,68,Apples,7,1.6
18127,69,Grapes,208,46.3
18127,70,Christmas Trees,41,9.1
18127,71,Other Tree Crops,76,16.9
18127,77,Pears,1,0.2
18127,111,Open Water,10699,2379.4
18127,121,Developed/Open Space,67386,14986.3
18127,122,Developed/Low Intensity,131051,29145.0
18127,123,Developed/Medium Intensity,61355,13645.0
18127,124,Developed/High Intensity,20635,4589.1
18127,131,Barren,4800,1067.5
18127,141,Deciduous Forest,195357,43446.4
18127,142,Evergreen Forest,1659,369.0
18127,143,Mixed Forest,190,42.3
18127,152,Shrubland,3106,690.8
18127,176,Grass/Pasture,119982,26683.4
18127,190,Woody Wetlands,50305,11187.6
18127,195,Herbaceous Wetlands,1671,371.6
18127,205,Triticale,33,7.3
18127,207,Asparagus,1,0.2
18127,216,Peppers,14,3.1
18127,222,Squash,2,0.4
18127,229,Pumpkins,67,14.9
18127,242,Blueberries,98,21.8
18127,254,Dbl Crop Barley/Soybeans,46,10.2
18129,1,Corn,330811,73570.6
18129,4,Sorghum,252,56.0
18129,5,Soybeans,365752,81341.3
18129,6,Sunflowers,349,77.6
18129,11,Tobacco,32,7.1
18129,12,Sweet Corn,67,14.9
18129,13,Pop or Orn Corn,9,2.0
18129,24,Winter Wheat,987,219.5
18129,26,Dbl Crop WinWht/Soybeans,64695,14387.8
18129,27,Rye,104,23.1
18129,28,Oats,9,2.0
18129,29,Millet,2,0.4
18129,34,Rape Seed,90,20.0
18129,36,Alfalfa,385,85.6
18129,37,Other Hay/Non Alfalfa,20,4.4
18129,42,Dry Beans,229,50.9
18129,43,Potatoes,33,7.3
18129,44,Other Crops,87,19.3
18129,48,Watermelons,32,7.1
18129,58,Clover/Wildflowers,30,6.7
18129,59,Sod/Grass Seed,105,23.4
18129,61,Fallow/Idle Cropland,2298,511.1
18129,66,Cherries,3,0.7
18129,67,Peaches,29,6.4
18129,68,Apples,3,0.7
18129,74,Pecans,30,6.7
18129,111,Open Water,40690,9049.2
18129,121,Developed/Open Space,40290,8960.3
18129,122,Developed/Low Intensity,18530,4121.0
18129,123,Developed/Medium Intensity,9102,2024.2
18129,124,Developed/High Intensity,4057,902.3
18129,131,Barren,1309,291.1
18129,141,Deciduous Forest,197805,43990.8
18129,142,Evergreen Forest,363,80.7
18129,143,Mixed Forest,956,212.6
18129,152,Shrubland,59,13.1
18129,176,Grass/Pasture,60277,13405.3
18129,190,Woody Wetlands,64501,14344.7
18129,195,Herbaceous Wetlands,1700,378.1
18129,209,Cantaloupes,72,16.0
18129,222,Squash,183,40.7
18129,225,Dbl Crop WinWht/Corn,20,4.4
18129,229,Pumpkins,210,46.7
18129,240,Dbl Crop Soybeans/Oats,20,4.4
18129,249,Gourds,11,2.4
18129,254,Dbl Crop Barley/Soybeans,5,1.1
18131,1,Corn,526087,116998.9
18131,4,Sorghum,80,17.8
18131,5,Soybeans,364407,81042.2
18131,12,Sweet Corn,233,51.8
18131,13,Pop or Orn Corn,31572,7021.4
18131,14,Mint,345,76.7
18131,21,Barley,13,2.9
18131,24,Winter Wheat,3370,749.5
18131,26,Dbl Crop WinWht/Soybeans,459,102.1
18131,27,Rye,537,119.4
18131,28,Oats,44,9.8
18131,29,Millet,42,9.3
18131,36,Alfalfa,5588,1242.7
18131,37,Other Hay/Non Alfalfa,366,81.4
18131,42,Dry Beans,41,9.1
18131,43,Potatoes,8266,1838.3
18131,44,Other Crops,150,33.4
18131,49,Onions,1,0.2
18131,50,Cucumbers,13,2.9
18131,53,Peas,2,0.4
18131,54,Tomatoes,55,12.2
18131,56,Hops,3,0.7
18131,58,Clover/Wildflowers,16,3.6
18131,59,Sod/Grass Seed,10,2.2
18131,60,Switchgrass,66,14.7
18131,61,Fallow/Idle Cropland,461,102.5
18131,69,Grapes,6,1.3
18131,70,Christmas Trees,1450,322.5
18131,111,Open Water,2625,583.8
18131,121,Developed/Open Space,23592,5246.7
18131,122,Developed/Low Intensity,22779,5065.9
18131,123,Developed/Medium Intensity,4344,966.1
18131,124,Developed/High Intensity,2667,593.1
18131,131,Barren,2779,618.0
18131,141,Deciduous Forest,153642,34169.2
18131,142,Evergreen Forest,2901,645.2
18131,143,Mixed Forest,117,26.0
18131,152,Shrubland,10,2.2
18131,176,Grass/Pasture,71477,15896.1
18131,190,Woody Wetlands,17628,3920.4
18131,195,Herbaceous Wetlands,1813,403.2
18131,205,Triticale,36,8.0
18131,221,Strawberries,79,17.6
18131,225,Dbl Crop WinWht/Corn,4,0.9
18131,229,Pumpkins,254,56.5
18131,242,Blueberries,66,14.7
18131,249,Gourds,10,2.2
18131,254,Dbl Crop Barley/Soybeans,67,14.9
18133,1,Corn,290991,64714.8
18133,4,Sorghum,14,3.1
18133,5,Soybeans,322527,71728.3
18133,6,Sunflowers,3,0.7
18133,12,Sweet Corn,83,18.5
18133,13,Pop or Orn Corn,3,0.7
18133,21,Barley,3,0.7
18133,24,Winter Wheat,2430,540.4
18133,26,Dbl Crop WinWht/Soybeans,9235,2053.8
18133,27,Rye,138,30.7
18133,28,Oats,96,21.3
18133,29,Millet,42,9.3
18133,30,Speltz,3,0.7
18133,36,Alfalfa,5343,1188.3
18133,37,Other Hay/Non Alfalfa,509,113.2
18133,39,Buckwheat,1,0.2
18133,43,Potatoes,1,0.2
18133,44,Other Crops,61,13.6
18133,47,Misc Vegs & Fruits,25,5.6
18133,48,Watermelons,12,2.7
18133,54,Tomatoes,46,10.2
18133,58,Clover/Wildflowers,42,9.3
18133,59,Sod/Grass Seed,84,18.7
18133,61,Fallow/Idle Cropland,184,40.9
18133,68,Apples,36,8.0
18133,69,Grapes,2,0.4
18133,70,Christmas Trees,340,75.6
18133,71,Other Tree Crops,49,10.9
18133,111,Open Water,12153,2702.8
18133,121,Developed/Open Space,53958,12000.0
18133,122,Developed/Low Intensity,26260,5840.1
18133,123,Developed/Medium Intensity,9629,2141.4
18133,124,Developed/High Intensity,3225,717.2
18133,131,Barren,5616,1249.0
18133,141,Deciduous Forest,493294,109705.9
18133,142,Evergreen Forest,701,155.9
18133,143,Mixed Forest,1136,252.6
18133,152,Shrubland,38,8.5
18133,176,Grass/Pasture,148626,33053.6
18133,190,Woody Wetlands,485,107.9
18133,195,Herbaceous Wetlands,690,153.5
18133,205,Triticale,167,37.1
18133,225,Dbl Crop WinWht/Corn,2,0.4
18133,228,Dbl Crop Triticale/Corn,81,18.0
18133,229,Pumpkins,44,9.8
18133,236,Dbl Crop WinWht/Sorghum,1,0.2
18133,237,Dbl Crop Barley/Corn,116,25.8
18133,240,Dbl Crop Soybeans/Oats,21,4.7
18133,241,Dbl Crop Corn/Soybeans,109,24.2
18133,249,Gourds,5,1.1
18133,254,Dbl Crop Barley/Soybeans,4,0.9
18135,1,Corn,461845,102711.9
18135,4,Sorghum,9,2.0
18135,5,Soybeans,535970,119196.9
18135,12,Sweet Corn,133,29.6
18135,13,Pop or Orn Corn,2,0.4
18135,21,Barley,2,0.4
18135,24,Winter Wheat,9983,2220.2
18135,26,Dbl Crop WinWht/Soybeans,3172,705.4
18135,27,Rye,53,11.8
18135,28,Oats,877,195.0
18135,31,Canola,3,0.7
18135,36,Alfalfa,7710,1714.7
18135,37,Other Hay/Non Alfalfa,520,115.6
18135,42,Dry Beans,19,4.2
18135,44,Other Crops,10,2.2
18135,48,Watermelons,9,2.0
18135,50,Cucumbers,2,0.4
18135,54,Tomatoes,1865,414.8
18135,58,Clover/Wildflowers,317,70.5
18135,59,Sod/Grass Seed,21,4.7
18135,61,Fallow/Idle Cropland,109,24.2
18135,68,Apples,64,14.2
18135,69,Grapes,12,2.7
18135,70,Christmas Trees,7,1.6
18135,111,Open Water,2532,563.1
18135,121,Developed/Open Space,43246,9617.7
18135,122,Developed/Low Intensity,23880,5310.8
18135,123,Developed/Medium Intensity,9107,2025.3
18135,124,Developed/High Intensity,2382,529.7
18135,131,Barren,2318,515.5
18135,141,Deciduous Forest,107485,23904.1
18135,142,Evergreen Forest,137,30.5
18135,143,Mixed Forest,12,2.7
18135,152,Shrubland,1,0.2
18135,176,Grass/Pasture,87684,19500.5
18135,190,Woody Wetlands,987,219.5
18135,195,Herbaceous Wetlands,831,184.8
18135,205,Triticale,24,5.3
18135,220,Plums,1,0.2
18135,221,Strawberries,17,3.8
18135,222,Squash,60,13.3
18135,225,Dbl Crop WinWht/Corn,90,20.0
18135,229,Pumpkins,124,27.6
18135,236,Dbl Crop WinWht/Sorghum,42,9.3
18135,254,Dbl Crop Barley/Soybeans,1071,238.2
18137,1,Corn,169010,37586.9
18137,4,Sorghum,123,27.4
18137,5,Soybeans,280915,62474.0
18137,6,Sunflowers,2,0.4
18137,11,Tobacco,99,22.0
18137,12,Sweet Corn,331,73.6
18137,13,Pop or Orn Corn,580,129.0
18137,21,Barley,57,12.7
18137,24,Winter Wheat,949,211.1
18137,26,Dbl Crop WinWht/Soybeans,12675,2818.9
18137,27,Rye,297,66.1
18137,28,Oats,38,8.5
18137,29,Millet,46,10.2
18137,36,Alfalfa,1282,285.1
18137,37,Other Hay/Non Alfalfa,95,21.1
18137,44,Other Crops,108,24.0
18137,47,Misc Vegs & Fruits,62,13.8
18137,48,Watermelons,9,2.0
18137,58,Clover/Wildflowers,3,0.7
18137,59,Sod/Grass Seed,112,24.9
18137,61,Fallow/Idle Cropland,3541,787.5
18137,67,Peaches,1,0.2
18137,68,Apples,4,0.9
18137,69,Grapes,9,2.0
18137,70,Christmas Trees,73,16.2
18137,111,Open Water,9099,2023.6
18137,121,Developed/Open Space,47034,10460.1
18137,122,Developed/Low Intensity,19713,4384.1
18137,123,Developed/Medium Intensity,7215,1604.6
18137,124,Developed/High Intensity,2471,549.5
18137,131,Barren,2327,517.5
18137,141,Deciduous Forest,550466,122420.7
18137,142,Evergreen Forest,3033,674.5
18137,143,Mixed Forest,12186,2710.1
18137,152,Shrubland,286,63.6
18137,176,Grass/Pasture,163031,36257.2
18137,190,Woody Wetlands,5,1.1
18137,195,Herbaceous Wetlands,237,52.7
18137,205,Triticale,32,7.1
18137,221,Strawberries,5,1.1
18137,222,Squash,23,5.1
18137,225,Dbl Crop WinWht/Corn,217,48.3
18137,228,Dbl Crop Triticale/Corn,18,4.0
18137,229,Pumpkins,230,51.2
18137,236,Dbl Crop WinWht/Sorghum,5,1.1
18137,240,Dbl Crop Soybeans/Oats,270,60.0
18137,242,Blueberries,7,1.6
18137,254,Dbl Crop Barley/Soybeans,946,210.4
18139,1,Corn,457312,101703.7
18139,4,Sorghum,64,14.2
18139,5,Soybeans,483974,107633.2
18139,6,Sunflowers,1,0.2
18139,11,Tobacco,12,2.7
18139,12,Sweet Corn,114,25.4
18139,13,Pop or Orn Corn,8,1.8
18139,24,Winter Wheat,5039,1120.6
18139,26,Dbl Crop WinWht/Soybeans,19564,4350.9
18139,27,Rye,157,34.9
18139,28,Oats,100,22.2
18139,31,Canola,2,0.4
18139,36,Alfalfa,2857,635.4
18139,37,Other Hay/Non Alfalfa,44,9.8
18139,42,Dry Beans,2,0.4
18139,44,Other Crops,30,6.7
18139,47,Misc Vegs & Fruits,2,0.4
18139,48,Watermelons,1,0.2
18139,50,Cucumbers,1,0.2
18139,54,Tomatoes,60,13.3
18139,58,Clover/Wildflowers,2,0.4
18139,59,Sod/Grass Seed,34,7.6
18139,61,Fallow/Idle Cropland,134,29.8
18139,67,Peaches,7,1.6
18139,68,Apples,36,8.0
18139,69,Grapes,8,1.8
18139,70,Christmas Trees,7,1.6
18139,111,Open Water,1833,407.6
18139,121,Developed/Open Space,23930,5321.9
18139,122,Developed/Low Intensity,12171,2706.8
18139,123,Developed/Medium Intensity,4659,1036.1
18139,124,Developed/High Intensity,1142,254.0
18139,131,Barren,1380,306.9
18139,141,Deciduous Forest,93910,20885.1
18139,142,Evergreen Forest,107,23.8
18139,143,Mixed Forest,312,69.4
18139,152,Shrubland,10,2.2
18139,176,Grass/Pasture,65530,14573.5
18139,190,Woody Wetlands,88,19.6
18139,195,Herbaceous Wetlands,367,81.6
18139,205,Triticale,5,1.1
18139,222,Squash,4,0.9
18139,225,Dbl Crop WinWht/Corn,49,10.9
18139,229,Pumpkins,405,90.1
18139,236,Dbl Crop WinWht/Sorghum,36,8.0
18139,240,Dbl Crop Soybeans/Oats,15,3.3
18139,242,Blueberries,2,0.4
18139,254,Dbl Crop Barley/Soybeans,27,6.0
18141,1,Corn,292458,65041.1
18141,4,Sorghum,35,7.8
18141,5,Soybeans,260899,58022.5
18141,6,Sunflowers,45,10.0
18141,12,Sweet Corn,135,30.0
18141,13,Pop or Orn Corn,1131,251.5
18141,14,Mint,3482,774.4
18141,21,Barley,202,44.9
18141,24,Winter Wheat,9337,2076.5
18141,26,Dbl Crop WinWht/Soybeans,533,118.5
18141,27,Rye,401,89.2
18141,28,Oats,360,80.1
18141,29,Millet,72,16.0
18141,30,Speltz,2,0.4
18141,36,Alfalfa,14099,3135.5
18141,37,Other Hay/Non Alfalfa,951,211.5
18141,39,Buckwheat,69,15.3
18141,42,Dry Beans,1200,266.9
18141,43,Potatoes,168,37.4
18141,44,Other Crops,121,26.9
18141,47,Misc Vegs & Fruits,254,56.5
18141,48,Watermelons,79,17.6
18141,50,Cucumbers,61,13.6
18141,54,Tomatoes,125,27.8
18141,58,Clover/Wildflowers,80,17.8
18141,59,Sod/Grass Seed,945,210.2
18141,60,Switchgrass,23,5.1
18141,61,Fallow/Idle Cropland,1867,415.2
18141,66,Cherries,216,48.0
18141,67,Peaches,90,20.0
18141,68,Apples,130,28.9
18141,69,Grapes,1673,372.1
18141,70,Christmas Trees,301,66.9
18141,71,Other Tree Crops,157,34.9
18141,77,Pears,30,6.7
18141,111,Open Water,11386,2532.2
18141,121,Developed/Open Space,131691,29287.4
18141,122,Developed/Low Intensity,135936,30231.4
18141,123,Developed/Medium Intensity,89887,19990.4
18141,124,Developed/High Intensity,31310,6963.2
18141,131,Barren,6645,1477.8
18141,141,Deciduous Forest,177213,39411.2
18141,142,Evergreen Forest,2858,635.6
18141,143,Mixed Forest,529,117.6
18141,152,Shrubland,387,86.1
18141,176,Grass/Pasture,86866,19318.5
18141,190,Woody Wetlands,55579,12360.5
18141,195,Herbaceous Wetlands,3087,686.5
18141,205,Triticale,121,26.9
18141,207,Asparagus,300,66.7
18141,216,Peppers,53,11.8
18141,220,Plums,14,3.1
18141,221,Strawberries,2,0.4
18141,222,Squash,194,43.1
18141,225,Dbl Crop WinWht/Corn,150,33.4
18141,228,Dbl Crop Triticale/Corn,256,56.9
18141,229,Pumpkins,147,32.7
18141,242,Blueberries,70,15.6
18141,248,Eggplants,72,16.0
18141,249,Gourds,1,0.2
18141,250,Cranberries,3,0.7
18141,254,Dbl Crop Barley/Soybeans,747,166.1
18143,1,Corn,43067,9577.9
18143,5,Soybeans,93298,20749.0
18143,6,Sunflowers,8,1.8
18143,11,Tobacco,15,3.3
18143,12,Sweet Corn,47,10.5
18143,13,Pop or Orn Corn,28,6.2
18143,21,Barley,1,0.2
18143,24,Winter Wheat,30,6.7
18143,26,Dbl Crop WinWht/Soybeans,447,99.4
18143,27,Rye,26,5.8
18143,28,Oats,125,27.8
18143,29,Millet,5,1.1
18143,30,Speltz,30,6.7
18143,36,Alfalfa,133,29.6
18143,37,Other Hay/Non Alfalfa,117,26.0
18143,43,Potatoes,2,0.4
18143,44,Other Crops,5,1.1
18143,47,Misc Vegs & Fruits,2,0.4
18143,48,Watermelons,5,1.1
18143,59,Sod/Grass Seed,116,25.8
18143,61,Fallow/Idle Cropland,3811,847.5
18143,111,Open Water,7605,1691.3
18143,121,Developed/Open Space,32496,7226.9
18143,122,Developed/Low Intensity,9208,2047.8
18143,123,Developed/Medium Intensity,4125,917.4
18143,124,Developed/High Intensity,1603,356.5
18143,131,Barren,641,142.6
18143,141,Deciduous Forest,250069,55614.0
18143,142,Evergreen Forest,1412,314.0
18143,143,Mixed Forest,6614,1470.9
18143,152,Shrubland,2,0.4
18143,176,Grass/Pasture,95886,21324.5
18143,190,Woody Wetlands,3329,740.4
18143,195,Herbaceous Wetlands,266,59.2
18143,209,Cantaloupes,1,0.2
18143,225,Dbl Crop WinWht/Corn,5,1.1
18143,229,Pumpkins,9,2.0
18145,1,Corn,429492,95516.7
18145,4,Sorghum,63,14.0
18145,5,Soybeans,435965,96956.3
18145,6,Sunflowers,62,13.8
18145,11,Tobacco,7,1.6
18145,12,Sweet Corn,83,18.5
18145,13,Pop or Orn Corn,20,4.4
18145,21,Barley,5,1.1
18145,24,Winter Wheat,1853,412.1
18145,26,Dbl Crop WinWht/Soybeans,17294,3846.1
18145,27,Rye,60,13.3
18145,28,Oats,70,15.6
18145,36,Alfalfa,722,160.6
18145,37,Other Hay/Non Alfalfa,16,3.6
18145,42,Dry Beans,1,0.2
18145,44,Other Crops,36,8.0
18145,47,Misc Vegs & Fruits,2,0.4
18145,48,Watermelons,12,2.7
18145,54,Tomatoes,20,4.4
18145,58,Clover/Wildflowers,1,0.2
18145,59,Sod/Grass Seed,41,9.1
18145,61,Fallow/Idle Cropland,1978,439.9
18145,69,Grapes,4,0.9
18145,70,Christmas Trees,85,18.9
18145,111,Open Water,6025,1339.9
18145,121,Developed/Open Space,39380,8757.9
18145,122,Developed/Low Intensity,27443,6103.2
18145,123,Developed/Medium Intensity,13798,3068.6
18145,124,Developed/High Intensity,4912,1092.4
18145,131,Barren,4488,998.1
18145,141,Deciduous Forest,110593,24595.3
18145,142,Evergreen Forest,43,9.6
18145,143,Mixed Forest,595,132.3
18145,152,Shrubland,1,0.2
18145,176,Grass/Pasture,91877,20433.0
18145,190,Woody Wetlands,13,2.9
18145,195,Herbaceous Wetlands,80,17.8
18145,205,Triticale,9,2.0
18145,222,Squash,1,0.2
18145,225,Dbl Crop WinWht/Corn,178,39.6
18145,229,Pumpkins,39,8.7
18145,236,Dbl Crop WinWht/Sorghum,96,21.3
18145,240,Dbl Crop Soybeans/Oats,15,3.3
18145,254,Dbl Crop Barley/Soybeans,363,80.7
18147,1,Corn,213916,47573.8
18147,4,Sorghum,7,1.6
18147,5,Soybeans,332384,73920.4
18147,6,Sunflowers,18,4.0
18147,11,Tobacco,73,16.2
18147,12,Sweet Corn,51,11.3
18147,13,Pop or Orn Corn,2,0.4
18147,21,Barley,69,15.3
18147,24,Winter Wheat,373,83.0
18147,26,Dbl Crop WinWht/Soybeans,7816,1738.2
18147,27,Rye,63,14.0
18147,28,Oats,1,0.2
18147,29,Millet,11,2.4
18147,30,Speltz,80,17.8
18147,34,Rape Seed,15,3.3
18147,36,Alfalfa,245,54.5
18147,37,Other Hay/Non Alfalfa,698,155.2
18147,42,Dry Beans,13,2.9
18147,43,Potatoes,4,0.9
18147,44,Other Crops,78,17.3
18147,48,Watermelons,10,2.2
18147,57,Herbs,1,0.2
18147,58,Clover/Wildflowers,48,10.7
18147,59,Sod/Grass Seed,64,14.2
18147,61,Fallow/Idle Cropland,4319,960.5
18147,66,Cherries,18,4.0
18147,67,Peaches,99,22.0
18147,74,Pecans,1,0.2
18147,111,Open Water,16224,3608.1
18147,121,Developed/Open Space,52560,11689.1
18147,122,Developed/Low Intensity,12298,2735.0
18147,123,Developed/Medium Intensity,7571,1683.7
18147,124,Developed/High Intensity,2328,517.7
18147,131,Barren,902,200.6
18147,141,Deciduous Forest,316224,70326.5
18147,142,Evergreen Forest,2637,586.5
18147,143,Mixed Forest,3597,800.0
18147,152,Shrubland,186,41.4
18147,176,Grass/Pasture,157236,34968.4
18147,190,Woody Wetlands,20780,4621.4
18147,195,Herbaceous Wetlands,592,131.7
18147,209,Cantaloupes,11,2.4
18147,222,Squash,266,59.2
18147,225,Dbl Crop WinWht/Corn,516,114.8
18147,229,Pumpkins,67,14.9
18147,237,Dbl Crop Barley/Corn,62,13.8
18147,240,Dbl Crop Soybeans/Oats,17,3.8
18147,249,Gourds,10,2.2
18147,254,Dbl Crop Barley/Soybeans,7,1.6
18149,1,Corn,244697,54419.3
18149,4,Sorghum,273,60.7
18149,5,Soybeans,172695,38406.4
18149,6,Sunflowers,1,0.2
18149,12,Sweet Corn,325,72.3
18149,13,Pop or Orn Corn,1510,335.8
18149,14,Mint,5695,1266.5
18149,21,Barley,34,7.6
18149,24,Winter Wheat,3586,797.5
18149,26,Dbl Crop WinWht/Soybeans,181,40.3
18149,27,Rye,820,182.4
18149,28,Oats,109,24.2
18149,29,Millet,6,1.3
18149,36,Alfalfa,3123,694.5
18149,37,Other Hay/Non Alfalfa,7,1.6
18149,42,Dry Beans,354,78.7
18149,43,Potatoes,5234,1164.0
18149,44,Other Crops,323,71.8
18149,47,Misc Vegs & Fruits,3,0.7
18149,49,Onions,5,1.1
18149,50,Cucumbers,7,1.6
18149,53,Peas,2,0.4
18149,54,Tomatoes,151,33.6
18149,56,Hops,17,3.8
18149,58,Clover/Wildflowers,73,16.2
18149,59,Sod/Grass Seed,15,3.3
18149,60,Switchgrass,229,50.9
18149,61,Fallow/Idle Cropland,1510,335.8
18149,69,Grapes,3,0.7
18149,70,Christmas Trees,5374,1195.1
18149,111,Open Water,10462,2326.7
18149,121,Developed/Open Space,31558,7018.3
18149,122,Developed/Low Intensity,30517,6786.8
18149,123,Developed/Medium Intensity,5994,1333.0
18149,124,Developed/High Intensity,2121,471.7
18149,131,Barren,1847,410.8
18149,141,Deciduous Forest,202685,45076.1
18149,142,Evergreen Forest,4517,1004.6
18149,143,Mixed Forest,130,28.9
18149,152,Shrubland,17,3.8
18149,176,Grass/Pasture,134356,29880.1
18149,190,Woody Wetlands,20805,4626.9
18149,195,Herbaceous Wetlands,5735,1275.4
18149,205,Triticale,81,18.0
18149,221,Strawberries,367,81.6
18149,225,Dbl Crop WinWht/Corn,39,8.7
18149,229,Pumpkins,821,182.6
18149,242,Blueberries,77,17.1
18149,249,Gourds,24,5.3
18149,254,Dbl Crop Barley/Soybeans,472,105.0
18151,1,Corn,188981,42028.4
18151,4,Sorghum,71,15.8
18151,5,Soybeans,183025,40703.8
18151,6,Sunflowers,17,3.8
18151,12,Sweet Corn,24,5.3
18151,13,Pop or Orn Corn,4,0.9
18151,21,Barley,35,7.8
18151,24,Winter Wheat,9474,2107.0
18151,26,Dbl Crop WinWht/Soybeans,197,43.8
18151,27,Rye,82,18.2
18151,28,Oats,107,23.8
18151,29,Millet,157,34.9
18151,30,Speltz,8,1.8
18151,31,Canola,33,7.3
18151,36,Alfalfa,11366,2527.7
18151,37,Other Hay/Non Alfalfa,43,9.6
18151,39,Buckwheat,18,4.0
18151,42,Dry Beans,10,2.2
18151,43,Potatoes,100,22.2
18151,44,Other Crops,48,10.7
18151,47,Misc Vegs & Fruits,62,13.8
18151,48,Watermelons,9,2.0
18151,50,Cucumbers,5,1.1
18151,56,Hops,5,1.1
18151,58,Clover/Wildflowers,21,4.7
18151,59,Sod/Grass Seed,2,0.4
18151,61,Fallow/Idle Cropland,227,50.5
18151,66,Cherries,14,3.1
18151,69,Grapes,16,3.6
18151,111,Open Water,40610,9031.4
18151,121,Developed/Open Space,38710,8608.9
18151,122,Developed/Low Intensity,34848,7750.0
18151,123,Developed/Medium Intensity,17683,3932.6
18151,124,Developed/High Intensity,6265,1393.3
18151,131,Barren,1905,423.7
18151,141,Deciduous Forest,45355,10086.7
18151,142,Evergreen Forest,2533,563.3
18151,143,Mixed Forest,327,72.7
18151,176,Grass/Pasture,132724,29517.1
18151,190,Woody Wetlands,210871,46896.6
18151,195,Herbaceous Wetlands,1877,417.4
18151,205,Triticale,30,6.7
18151,229,Pumpkins,52,11.6
18151,242,Blueberries,1,0.2
18151,243,Cabbage,71,15.8
18153,1,Corn,276184,61421.8
18153,4,Sorghum,453,100.7
18153,5,Soybeans,342682,76210.6
18153,12,Sweet Corn,1246,277.1
18153,13,Pop or Orn Corn,258,57.4
18153,24,Winter Wheat,1822,405.2
18153,26,Dbl Crop WinWht/Soybeans,8194,1822.3
18153,27,Rye,273,60.7
18153,28,Oats,3241,720.8
18153,29,Millet,243,54.0
18153,36,Alfalfa,301,66.9
18153,37,Other Hay/Non Alfalfa,374,83.2
18153,42,Dry Beans,13,2.9
18153,43,Potatoes,866,192.6
18153,47,Misc Vegs & Fruits,11,2.4
18153,48,Watermelons,2404,534.6
18153,54,Tomatoes,165,36.7
18153,60,Switchgrass,1,0.2
18153,61,Fallow/Idle Cropland,1847,410.8
18153,68,Apples,10,2.2
18153,70,Christmas Trees,169,37.6
18153,71,Other Tree Crops,160,35.6
18153,111,Open Water,41529,9235.8
18153,121,Developed/Open Space,44123,9812.7
18153,122,Developed/Low Intensity,17473,3885.9
18153,123,Developed/Medium Intensity,8462,1881.9
18153,124,Developed/High Intensity,4613,1025.9
18153,131,Barren,12351,2746.8
18153,141,Deciduous Forest,345334,76800.4
18153,142,Evergreen Forest,5388,1198.3
18153,143,Mixed Forest,6178,1374.0
18153,152,Shrubland,961,213.7
18153,176,Grass/Pasture,151797,33758.8
18153,190,Woody Wetlands,21323,4742.1
18153,195,Herbaceous Wetlands,3717,826.6
18153,205,Triticale,13,2.9
18153,207,Asparagus,1108,246.4
18153,209,Cantaloupes,284,63.2
18153,225,Dbl Crop WinWht/Corn,1,0.2
18153,229,Pumpkins,696,154.8
18155,1,Corn,22595,5025.0
18155,4,Sorghum,4,0.9
18155,5,Soybeans,36562,8131.2
18155,6,Sunflowers,1,0.2
18155,11,Tobacco,216,48.0
18155,12,Sweet Corn,39,8.7
18155,13,Pop or Orn Corn,15,3.3
18155,21,Barley,1,0.2
18155,24,Winter Wheat,264,58.7
18155,26,Dbl Crop WinWht/Soybeans,1536,341.6
18155,27,Rye,82,18.2
18155,28,Oats,84,18.7
18155,29,Millet,2,0.4
18155,36,Alfalfa,156,34.7
18155,37,Other Hay/Non Alfalfa,16,3.6
18155,42,Dry Beans,1,0.2
18155,44,Other Crops,58,12.9
18155,47,Misc Vegs & Fruits,53,11.8
18155,48,Watermelons,2,0.4
18155,58,Clover/Wildflowers,9,2.0
18155,59,Sod/Grass Seed,48,10.7
18155,61,Fallow/Idle Cropland,865,192.4
18155,68,Apples,3,0.7
18155,111,Open Water,10318,2294.7
18155,121,Developed/Open Space,30991,6892.2
18155,122,Developed/Low Intensity,5553,1235.0
18155,123,Developed/Medium Intensity,1615,359.2
18155,124,Developed/High Intensity,569,126.5
18155,131,Barren,1172,260.6
18155,141,Deciduous Forest,359830,80024.3
18155,142,Evergreen Forest,10555,2347.4
18155,143,Mixed Forest,19818,4407.4
18155,152,Shrubland,2,0.4
18155,176,Grass/Pasture,139823,31095.9
18155,190,Woody Wetlands,13,2.9
18155,195,Herbaceous Wetlands,138,30.7
18155,205,Triticale,6,1.3
18155,222,Squash,2,0.4
18155,225,Dbl Crop WinWht/Corn,26,5.8
18155,229,Pumpkins,60,13.3
18155,240,Dbl Crop Soybeans/Oats,6,1.3
18155,254,Dbl Crop Barley/Soybeans,10,2.2
18157,1,Corn,426553,94863.1
18157,4,Sorghum,50,11.1
18157,5,Soybeans,418790,93136.7
18157,6,Sunflowers,175,38.9
18157,12,Sweet Corn,697,155.0
18157,13,Pop or Orn Corn,4933,1097.1
18157,21,Barley,82,18.2
18157,24,Winter Wheat,8538,1898.8
18157,26,Dbl Crop WinWht/Soybeans,2662,592.0
18157,27,Rye,244,54.3
18157,28,Oats,203,45.1
18157,29,Millet,244,54.3
18157,30,Speltz,68,15.1
18157,36,Alfalfa,4292,954.5
18157,37,Other Hay/Non Alfalfa,1217,270.7
18157,39,Buckwheat,7,1.6
18157,44,Other Crops,12,2.7
18157,47,Misc Vegs & Fruits,50,11.1
18157,54,Tomatoes,878,195.3
18157,58,Clover/Wildflowers,425,94.5
18157,59,Sod/Grass Seed,26,5.8
18157,61,Fallow/Idle Cropland,1252,278.4
18157,66,Cherries,6,1.3
18157,67,Peaches,37,8.2
18157,68,Apples,76,16.9
18157,70,Christmas Trees,332,73.8
18157,111,Open Water,13365,2972.3
18157,121,Developed/Open Space,80081,17809.6
18157,122,Developed/Low Intensity,72596,16145.0
18157,123,Developed/Medium Intensity,55126,12259.7
18157,124,Developed/High Intensity,20494,4557.8
18157,131,Barren,2542,565.3
18157,141,Deciduous Forest,199407,44347.0
18157,142,Evergreen Forest,955,212.4
18157,143,Mixed Forest,514,114.3
18157,152,Shrubland,5,1.1
18157,176,Grass/Pasture,121550,27032.1
18157,190,Woody Wetlands,7535,1675.7
18157,195,Herbaceous Wetlands,2260,502.6
18157,205,Triticale,58,12.9
18157,225,Dbl Crop WinWht/Corn,4,0.9
18157,229,Pumpkins,247,54.9
18157,241,Dbl Crop Corn/Soybeans,3,0.7
18157,242,Blueberries,16,3.6
18157,249,Gourds,4,0.9
18157,254,Dbl Crop Barley/Soybeans,1,0.2
18159,1,Corn,312694,69541.5
18159,4,Sorghum,4,0.9
18159,5,Soybeans,333447,74156.8
18159,6,Sunflowers,1,0.2
18159,12,Sweet Corn,338,75.2
18159,13,Pop or Orn Corn,149,33.1
18159,21,Barley,4,0.9
18159,24,Winter Wheat,5035,1119.8
18159,26,Dbl Crop WinWht/Soybeans,1536,341.6
18159,27,Rye,1,0.2
18159,28,Oats,15,3.3
18159,36,Alfalfa,773,171.9
18159,37,Other Hay/Non Alfalfa,120,26.7
18159,44,Other Crops,19,4.2
18159,54,Tomatoes,2818,626.7
18159,58,Clover/Wildflowers,1,0.2
18159,61,Fallow/Idle Cropland,41,9.1
18159,67,Peaches,1,0.2
18159,68,Apples,4,0.9
18159,70,Christmas Trees,293,65.2
18159,111,Open Water,336,74.7
18159,121,Developed/Open Space,20663,4595.3
18159,122,Developed/Low Intensity,13781,3064.8
18159,123,Developed/Medium Intensity,6164,1370.8
18159,124,Developed/High Intensity,1932,429.7
18159,131,Barren,447,99.4
18159,141,Deciduous Forest,25915,5763.4
18159,142,Evergreen Forest,107,23.8
18159,143,Mixed Forest,14,3.1
18159,176,Grass/Pasture,22550,5015.0
18159,190,Woody Wetlands,239,53.2
18159,195,Herbaceous Wetlands,137,30.5
18159,205,Triticale,113,25.1
18159,229,Pumpkins,124,27.6
18159,241,Dbl Crop Corn/Soybeans,3,0.7
18159,249,Gourds,14,3.1
18159,254,Dbl Crop Barley/Soybeans,2,0.4
18161,1,Corn,136667,30394.0
18161,4,Sorghum,28,6.2
18161,5,Soybeans,152392,33891.2
18161,11,Tobacco,4,0.9
18161,12,Sweet Corn,31,6.9
18161,21,Barley,1,0.2
18161,24,Winter Wheat,2675,594.9
18161,26,Dbl Crop WinWht/Soybeans,3275,728.3
18161,27,Rye,60,13.3
18161,28,Oats,64,14.2
18161,29,Millet,3,0.7
18161,36,Alfalfa,1258,279.8
18161,37,Other Hay/Non Alfalfa,19,4.2
18161,42,Dry Beans,1,0.2
18161,44,Other Crops,1,0.2
18161,47,Misc Vegs & Fruits,1,0.2
18161,48,Watermelons,3,0.7
18161,54,Tomatoes,7,1.6
18161,59,Sod/Grass Seed,7,1.6
18161,61,Fallow/Idle Cropland,18,4.0
18161,68,Apples,3,0.7
18161,69,Grapes,19,4.2
18161,70,Christmas Trees,1,0.2
18161,111,Open Water,11027,2452.3
18161,121,Developed/Open Space,16364,3639.3
18161,122,Developed/Low Intensity,5499,1222.9
18161,123,Developed/Medium Intensity,1638,364.3
18161,124,Developed/High Intensity,409,91.0
18161,131,Barren,273,60.7
18161,141,Deciduous Forest,107184,23837.1
18161,142,Evergreen Forest,264,58.7
18161,143,Mixed Forest,1161,258.2
18161,152,Shrubland,1,0.2
18161,176,Grass/Pasture,34760,7730.4
18161,190,Woody Wetlands,2,0.4
18161,195,Herbaceous Wetlands,76,16.9
18161,225,Dbl Crop WinWht/Corn,3,0.7
18161,228,Dbl Crop Triticale/Corn,4,0.9
18161,229,Pumpkins,3,0.7
18161,240,Dbl Crop Soybeans/Oats,204,45.4
18161,254,Dbl Crop Barley/Soybeans,2,0.4
18163,1,Corn,100792,22415.6
18163,5,Soybeans,136613,30382.0
18163,6,Sunflowers,30,6.7
18163,11,Tobacco,18,4.0
18163,12,Sweet Corn,49,10.9
18163,24,Winter Wheat,125,27.8
18163,26,Dbl Crop WinWht/Soybeans,24040,5346.4
18163,27,Rye,15,3.3
18163,28,Oats,2,0.4
18163,29,Millet,1,0.2
18163,34,Rape Seed,5,1.1
18163,36,Alfalfa,109,24.2
18163,37,Other Hay/Non Alfalfa,14,3.1
18163,42,Dry Beans,36,8.0
18163,44,Other Crops,5,1.1
18163,48,Watermelons,77,17.1
18163,58,Clover/Wildflowers,6,1.3
18163,59,Sod/Grass Seed,57,12.7
18163,61,Fallow/Idle Cropland,507,112.8
18163,66,Cherries,1,0.2
18163,67,Peaches,12,2.7
18163,70,Christmas Trees,6,1.3
18163,74,Pecans,11,2.4
18163,111,Open Water,12229,2719.7
18163,121,Developed/Open Space,69124,15372.8
18163,122,Developed/Low Intensity,66786,14852.8
18163,123,Developed/Medium Intensity,43435,9659.7
18163,124,Developed/High Intensity,18683,4155.0
18163,131,Barren,837,186.1
18163,141,Deciduous Forest,131863,29325.6
18163,142,Evergreen Forest,1220,271.3
18163,143,Mixed Forest,3402,756.6
18163,152,Shrubland,108,24.0
18163,176,Grass/Pasture,55149,12264.8
18163,190,Woody Wetlands,11994,2667.4
18163,195,Herbaceous Wetlands,306,68.1
18163,209,Cantaloupes,9,2.0
18163,222,Squash,2,0.4
18163,225,Dbl Crop WinWht/Corn,61,13.6
18163,229,Pumpkins,49,10.9
18163,240,Dbl Crop Soybeans/Oats,66,14.7
18163,254,Dbl Crop Barley/Soybeans,4,0.9
18165,1,Corn,197221,43860.9
18165,4,Sorghum,1127,250.6
18165,5,Soybeans,194236,43197.0
18165,6,Sunflowers,149,33.1
18165,12,Sweet Corn,197,43.8
18165,13,Pop or Orn Corn,10,2.2
18165,24,Winter Wheat,832,185.0
18165,26,Dbl Crop WinWht/Soybeans,2880,640.5
18165,27,Rye,1073,238.6
18165,28,Oats,126,28.0
18165,29,Millet,83,18.5
18165,30,Speltz,19,4.2
18165,36,Alfalfa,1024,227.7
18165,37,Other Hay/Non Alfalfa,427,95.0
18165,39,Buckwheat,64,14.2
18165,47,Misc Vegs & Fruits,256,56.9
18165,48,Watermelons,1,0.2
18165,54,Tomatoes,38,8.5
18165,58,Clover/Wildflowers,319,70.9
18165,60,Switchgrass,9,2.0
18165,61,Fallow/Idle Cropland,96,21.3
18165,67,Peaches,1,0.2
18165,68,Apples,91,20.2
18165,69,Grapes,158,35.1
18165,70,Christmas Trees,48,10.7
18165,71,Other Tree Crops,1,0.2
18165,111,Open Water,13309,2959.9
18165,121,Developed/Open Space,25972,5776.0
18165,122,Developed/Low Intensity,20590,4579.1
18165,123,Developed/Medium Intensity,6545,1455.6
18165,124,Developed/High Intensity,2532,563.1
18165,131,Barren,2594,576.9
18165,141,Deciduous Forest,193855,43112.3
18165,142,Evergreen Forest,1320,293.6
18165,143,Mixed Forest,740,164.6
18165,152,Shrubland,71,15.8
18165,176,Grass/Pasture,68107,15146.6
18165,190,Woody Wetlands,10371,2306.5
18165,195,Herbaceous Wetlands,1411,313.8
18165,225,Dbl Crop WinWht/Corn,16,3.6
18165,226,Dbl Crop Oats/Corn,28,6.2
18165,229,Pumpkins,22,4.9
18167,1,Corn,209576,46608.6
18167,4,Sorghum,1671,371.6
18167,5,Soybeans,254455,56589.4
18167,12,Sweet Corn,5,1.1
18167,13,Pop or Orn Corn,1007,224.0
18167,24,Winter Wheat,1652,367.4
18167,26,Dbl Crop WinWht/Soybeans,4124,917.2
18167,27,Rye,42,9.3
18167,28,Oats,104,23.1
18167,29,Millet,391,87.0
18167,36,Alfalfa,201,44.7
18167,37,Other Hay/Non Alfalfa,38,8.5
18167,42,Dry Beans,2,0.4
18167,43,Potatoes,20,4.4
18167,47,Misc Vegs & Fruits,8,1.8
18167,48,Watermelons,99,22.0
18167,54,Tomatoes,38,8.5
18167,58,Clover/Wildflowers,21,4.7
18167,61,Fallow/Idle Cropland,2685,597.1
18167,67,Peaches,5,1.1
18167,70,Christmas Trees,70,15.6
18167,71,Other Tree Crops,45,10.0
18167,111,Open Water,29470,6554.0
18167,121,Developed/Open Space,70967,15782.7
18167,122,Developed/Low Intensity,55004,12232.6
18167,123,Developed/Medium Intensity,23637,5256.7
18167,124,Developed/High Intensity,13005,2892.2
18167,131,Barren,3791,843.1
18167,141,Deciduous Forest,330825,73573.7
18167,142,Evergreen Forest,2547,566.4
18167,143,Mixed Forest,6766,1504.7
18167,152,Shrubland,295,65.6
18167,176,Grass/Pasture,132809,29536.0
18167,190,Woody Wetlands,30448,6771.5
18167,195,Herbaceous Wetlands,4674,1039.5
18167,205,Triticale,1,0.2
18167,207,Asparagus,18,4.0
18167,209,Cantaloupes,225,50.0
18167,225,Dbl Crop WinWht/Corn,63,14.0
18167,229,Pumpkins,134,29.8
18167,236,Dbl Crop WinWht/Sorghum,3,0.7
18169,1,Corn,351017,78064.3
18169,4,Sorghum,45,10.0
18169,5,Soybeans,423070,94088.5
18169,6,Sunflowers,17,3.8
18169,12,Sweet Corn,72,16.0
18169,13,Pop or Orn Corn,698,155.2
18169,14,Mint,4,0.9
18169,21,Barley,44,9.8
18169,24,Winter Wheat,14525,3230.3
18169,26,Dbl Crop WinWht/Soybeans,1848,411.0
18169,27,Rye,132,29.4
18169,28,Oats,68,15.1
18169,29,Millet,7,1.6
18169,31,Canola,4,0.9
18169,36,Alfalfa,10959,2437.2
18169,37,Other Hay/Non Alfalfa,142,31.6
18169,43,Potatoes,85,18.9
18169,44,Other Crops,9,2.0
18169,50,Cucumbers,451,100.3
18169,54,Tomatoes,697,155.0
18169,58,Clover/Wildflowers,11,2.4
18169,59,Sod/Grass Seed,856,190.4
18169,60,Switchgrass,31,6.9
18169,61,Fallow/Idle Cropland,902,200.6
18169,68,Apples,3,0.7
18169,69,Grapes,103,22.9
18169,70,Christmas Trees,39,8.7
18169,111,Open Water,24945,5547.6
18169,121,Developed/Open Space,36899,8206.1
18169,122,Developed/Low Intensity,27262,6062.9
18169,123,Developed/Medium Intensity,10170,2261.8
18169,124,Developed/High Intensity,4369,971.6
18169,131,Barren,2527,562.0
18169,141,Deciduous Forest,193464,43025.4
18169,142,Evergreen Forest,2621,582.9
18169,143,Mixed Forest,82,18.2
18169,152,Shrubland,80,17.8
18169,176,Grass/Pasture,93780,20856.2
18169,190,Woody Wetlands,6283,1397.3
18169,195,Herbaceous Wetlands,3200,711.7
18169,205,Triticale,21,4.7
18169,221,Strawberries,47,10.5
18169,225,Dbl Crop WinWht/Corn,2,0.4
18169,229,Pumpkins,10,2.2
18169,242,Blueberries,25,5.6
18169,249,Gourds,52,11.6
18169,254,Dbl Crop Barley/Soybeans,20,4.4
18171,1,Corn,372884,82927.4
18171,4,Sorghum,16,3.6
18171,5,Soybeans,342589,76190.0
18171,6,Sunflowers,692,153.9
18171,12,Sweet Corn,493,109.6
18171,13,Pop or Orn Corn,1678,373.2
18171,24,Winter Wheat,2091,465.0
18171,26,Dbl Crop WinWht/Soybeans,1948,433.2
18171,27,Rye,820,182.4
18171,28,Oats,104,23.1
18171,29,Millet,106,23.6
18171,30,Speltz,116,25.8
18171,36,Alfalfa,13867,3083.9
18171,37,Other Hay/Non Alfalfa,455,101.2
18171,39,Buckwheat,981,218.2
18171,44,Other Crops,2,0.4
18171,47,Misc Vegs & Fruits,219,48.7
18171,54,Tomatoes,155,34.5
18171,58,Clover/Wildflowers,184,40.9
18171,61,Fallow/Idle Cropland,49,10.9
18171,68,Apples,50,11.1
18171,69,Grapes,2,0.4
18171,111,Open Water,6418,1427.3
18171,121,Developed/Open Space,20986,4667.2
18171,122,Developed/Low Intensity,18567,4129.2
18171,123,Developed/Medium Intensity,4323,961.4
18171,124,Developed/High Intensity,1063,236.4
18171,131,Barren,1493,332.0
18171,141,Deciduous Forest,171702,38185.6
18171,142,Evergreen Forest,146,32.5
18171,143,Mixed Forest,208,46.3
18171,152,Shrubland,3,0.7
18171,176,Grass/Pasture,83291,18523.5
18171,190,Woody Wetlands,6338,1409.5
18171,195,Herbaceous Wetlands,448,99.6
18171,229,Pumpkins,35,7.8
18173,1,Corn,134438,29898.3
18173,4,Sorghum,44,9.8
18173,5,Soybeans,197538,43931.4
18173,6,Sunflowers,34,7.6
18173,11,Tobacco,17,3.8
18173,12,Sweet Corn,32,7.1
18173,24,Winter Wheat,483,107.4
18173,26,Dbl Crop WinWht/Soybeans,21722,4830.9
18173,27,Rye,22,4.9
18173,28,Oats,2,0.4
18173,34,Rape Seed,4,0.9
18173,36,Alfalfa,1102,245.1
18173,37,Other Hay/Non Alfalfa,247,54.9
18173,42,Dry Beans,52,11.6
18173,43,Potatoes,4,0.9
18173,44,Other Crops,27,6.0
18173,48,Watermelons,13,2.9
18173,58,Clover/Wildflowers,51,11.3
18173,59,Sod/Grass Seed,81,18.0
18173,61,Fallow/Idle Cropland,635,141.2
18173,67,Peaches,28,6.2
18173,111,Open Water,43391,9649.9
18173,121,Developed/Open Space,57291,12741.2
18173,122,Developed/Low Intensity,38124,8478.6
18173,123,Developed/Medium Intensity,15830,3520.5
18173,124,Developed/High Intensity,5116,1137.8
18173,131,Barren,3442,765.5
18173,141,Deciduous Forest,387534,86185.5
18173,142,Evergreen Forest,14599,3246.7
18173,143,Mixed Forest,12612,2804.8
18173,152,Shrubland,7361,1637.0
18173,176,Grass/Pasture,153041,34035.5
18173,190,Woody Wetlands,27405,6094.7
18173,195,Herbaceous Wetlands,2315,514.8
18173,209,Cantaloupes,35,7.8
18173,222,Squash,6,1.3
18173,225,Dbl Crop WinWht/Corn,27,6.0
18173,229,Pumpkins,54,12.0
18173,240,Dbl Crop Soybeans/Oats,33,7.3
18173,254,Dbl Crop Barley/Soybeans,300,66.7
18175,1,Corn,173281,38536.8
18175,4,Sorghum,1123,249.7
18175,5,Soybeans,256970,57148.8
18175,11,Tobacco,1451,322.7
18175,12,Sweet Corn,722,160.6
18175,13,Pop or Orn Corn,20114,4473.2
18175,21,Barley,234,52.0
18175,24,Winter Wheat,1378,306.5
18175,26,Dbl Crop WinWht/Soybeans,7158,1591.9
18175,27,Rye,907,201.7
18175,28,Oats,514,114.3
18175,29,Millet,505,112.3
18175,30,Speltz,188,41.8
18175,36,Alfalfa,5384,1197.4
18175,37,Other Hay/Non Alfalfa,3837,853.3
18175,43,Potatoes,96,21.3
18175,44,Other Crops,114,25.4
18175,47,Misc Vegs & Fruits,104,23.1
18175,48,Watermelons,468,104.1
18175,54,Tomatoes,1,0.2
18175,58,Clover/Wildflowers,387,86.1
18175,59,Sod/Grass Seed,84,18.7
18175,61,Fallow/Idle Cropland,2738,608.9
18175,67,Peaches,9,2.0
18175,69,Grapes,1,0.2
18175,111,Open Water,6483,1441.8
18175,121,Developed/Open Space,58235,12951.2
18175,122,Developed/Low Intensity,10267,2283.3
18175,123,Developed/Medium Intensity,5740,1276.5
18175,124,Developed/High Intensity,2096,466.1
18175,131,Barren,3132,696.5
18175,141,Deciduous Forest,627295,139507.0
18175,142,Evergreen Forest,2748,611.1
18175,143,Mixed Forest,21609,4805.7
18175,152,Shrubland,261,58.0
18175,176,Grass/Pasture,251370,55903.3
18175,190,Woody Wetlands,9480,2108.3
18175,195,Herbaceous Wetlands,2694,599.1
18175,205,Triticale,319,70.9
18175,209,Cantaloupes,814,181.0
18175,216,Peppers,247,54.9
18175,222,Squash,673,149.7
18175,225,Dbl Crop WinWht/Corn,691,153.7
18175,228,Dbl Crop Triticale/Corn,316,70.3
18175,229,Pumpkins,4236,942.1
18175,240,Dbl Crop Soybeans/Oats,86,19.1
18175,243,Cabbage,172,38.3
18175,254,Dbl Crop Barley/Soybeans,222,49.4
18177,1,Corn,283870,63131.2
18177,4,Sorghum,4,0.9
18177,5,Soybeans,328216,72993.5
18177,12,Sweet Corn,815,181.3
18177,21,Barley,16,3.6
18177,24,Winter Wheat,9486,2109.6
18177,26,Dbl Crop WinWht/Soybeans,4610,1025.2
18177,27,Rye,151,33.6
18177,28,Oats,778,173.0
18177,31,Canola,27,6.0
18177,36,Alfalfa,16240,3611.7
18177,37,Other Hay/Non Alfalfa,89,19.8
18177,42,Dry Beans,19,4.2
18177,44,Other Crops,39,8.7
18177,48,Watermelons,21,4.7
18177,50,Cucumbers,237,52.7
18177,54,Tomatoes,84,18.7
18177,58,Clover/Wildflowers,13,2.9
18177,59,Sod/Grass Seed,6,1.3
18177,61,Fallow/Idle Cropland,97,21.6
18177,68,Apples,110,24.5
18177,69,Grapes,37,8.2
18177,70,Christmas Trees,11,2.4
18177,111,Open Water,4546,1011.0
18177,121,Developed/Open Space,60822,13526.5
18177,122,Developed/Low Intensity,43950,9774.2
18177,123,Developed/Medium Intensity,17664,3928.4
18177,124,Developed/High Intensity,6128,1362.8
18177,131,Barren,2071,460.6
18177,141,Deciduous Forest,219727,48866.1
18177,142,Evergreen Forest,1832,407.4
18177,143,Mixed Forest,52,11.6
18177,152,Shrubland,1,0.2
18177,176,Grass/Pasture,158799,35316.0
18177,190,Woody Wetlands,356,79.2
18177,195,Herbaceous Wetlands,1351,300.5
18177,205,Triticale,4,0.9
18177,220,Plums,1,0.2
18177,221,Strawberries,28,6.2
18177,222,Squash,326,72.5
18177,225,Dbl Crop WinWht/Corn,68,15.1
18177,229,Pumpkins,686,152.6
18177,236,Dbl Crop WinWht/Sorghum,13,2.9
18177,254,Dbl Crop Barley/Soybeans,156,34.7
18179,1,Corn,346458,77050.4
18179,4,Sorghum,13,2.9
18179,5,Soybeans,478580,106433.6
18179,6,Sunflowers,11,2.4
18179,12,Sweet Corn,46,10.2
18179,13,Pop or Orn Corn,148,32.9
18179,21,Barley,223,49.6
18179,24,Winter Wheat,8048,1789.8
18179,26,Dbl Crop WinWht/Soybeans,4785,1064.2
18179,27,Rye,882,196.2
18179,28,Oats,266,59.2
18179,31,Canola,972,216.2
18179,36,Alfalfa,6798,1511.8
18179,37,Other Hay/Non Alfalfa,773,171.9
18179,42,Dry Beans,1,0.2
18179,44,Other Crops,2,0.4
18179,50,Cucumbers,59,13.1
18179,54,Tomatoes,83,18.5
18179,58,Clover/Wildflowers,54,12.0
18179,59,Sod/Grass Seed,230,51.2
18179,60,Switchgrass,3,0.7
18179,61,Fallow/Idle Cropland,669,148.8
18179,69,Grapes,67,14.9
18179,70,Christmas Trees,1,0.2
18179,111,Open Water,4383,974.8
18179,121,Developed/Open Space,26302,5849.4
18179,122,Developed/Low Intensity,24367,5419.1
18179,123,Developed/Medium Intensity,9093,2022.2
18179,124,Developed/High Intensity,3730,829.5
18179,131,Barren,1651,367.2
18179,141,Deciduous Forest,78066,17361.5
18179,142,Evergreen Forest,1060,235.7
18179,143,Mixed Forest,3,0.7
18179,152,Shrubland,2,0.4
18179,176,Grass/Pasture,56864,12646.2
18179,190,Woody Wetlands,7285,1620.1
18179,195,Herbaceous Wetlands,1310,291.3
18179,205,Triticale,1887,419.7
18179,225,Dbl Crop WinWht/Corn,291,64.7
18179,229,Pumpkins,5,1.1
18179,254,Dbl Crop Barley/Soybeans,134,29.8
18181,1,Corn,597371,132852.1
18181,4,Sorghum,436,97.0
18181,5,Soybeans,524247,116589.7
18181,6,Sunflowers,1310,291.3
18181,12,Sweet Corn,300,66.7
18181,13,Pop or Orn Corn,53512,11900.8
18181,14,Mint,127,28.2
18181,21,Barley,628,139.7
18181,23,Spring Wheat,9,2.0
18181,24,Winter Wheat,13438,2988.5
18181,25,Other Small Grains,334,74.3
18181,26,Dbl Crop WinWht/Soybeans,1864,414.5
18181,27,Rye,267,59.4
18181,28,Oats,1997,444.1
18181,29,Millet,98,21.8
18181,30,Speltz,339,75.4
18181,36,Alfalfa,6294,1399.8
18181,37,Other Hay/Non Alfalfa,297,66.1
18181,42,Dry Beans,5,1.1
18181,43,Potatoes,226,50.3
18181,44,Other Crops,164,36.5
18181,47,Misc Vegs & Fruits,2,0.4
18181,49,Onions,33,7.3
18181,50,Cucumbers,131,29.1
18181,53,Peas,42,9.3
18181,54,Tomatoes,121,26.9
18181,56,Hops,35,7.8
18181,58,Clover/Wildflowers,19,4.2
18181,59,Sod/Grass Seed,65,14.5
18181,60,Switchgrass,20,4.4
18181,61,Fallow/Idle Cropland,126,28.0
18181,69,Grapes,4,0.9
18181,70,Christmas Trees,952,211.7
18181,111,Open Water,11240,2499.7
18181,121,Developed/Open Space,27473,6109.8
18181,122,Developed/Low Intensity,38610,8586.7
18181,123,Developed/Medium Intensity,9370,2083.8
18181,124,Developed/High Intensity,5127,1140.2
18181,131,Barren,4651,1034.4
18181,141,Deciduous Forest,79925,17774.9
18181,142,Evergreen Forest,221,49.1
18181,143,Mixed Forest,89,19.8
18181,152,Shrubland,2,0.4
18181,176,Grass/Pasture,77734,17287.6
18181,190,Woody Wetlands,2140,475.9
18181,195,Herbaceous Wetlands,1236,274.9
18181,205,Triticale,149,33.1
18181,221,Strawberries,5,1.1
18181,222,Squash,3,0.7
18181,229,Pumpkins,313,69.6
18181,236,Dbl Crop WinWht/Sorghum,10,2.2
18181,242,Blueberries,43,9.6
18181,249,Gourds,173,38.5
18181,254,Dbl Crop Barley/Soybeans,551,122.5
18183,1,Corn,249531,55494.4
18183,4,Sorghum,76,16.9
18183,5,Soybeans,330449,73490.1
18183,6,Sunflowers,9,2.0
18183,12,Sweet Corn,23,5.1
18183,13,Pop or Orn Corn,4,0.9
18183,21,Barley,31,6.9
18183,24,Winter Wheat,22586,5023.0
18183,26,Dbl Crop WinWht/Soybeans,1493,332.0
18183,27,Rye,191,42.5
18183,28,Oats,518,115.2
18183,31,Canola,10,2.2
18183,36,Alfalfa,7772,1728.5
18183,37,Other Hay/Non Alfalfa,46,10.2
18183,44,Other Crops,20,4.4
18183,50,Cucumbers,29,6.4
18183,54,Tomatoes,28,6.2
18183,58,Clover/Wildflowers,3,0.7
18183,59,Sod/Grass Seed,537,119.4
18183,60,Switchgrass,4,0.9
18183,61,Fallow/Idle Cropland,931,207.0
18183,68,Apples,8,1.8
18183,69,Grapes,222,49.4
18183,70,Christmas Trees,2,0.4
18183,111,Open Water,12086,2687.9
18183,121,Developed/Open Space,31609,7029.7
18183,122,Developed/Low Intensity,26154,5816.5
18183,123,Developed/Medium Intensity,13538,3010.8
18183,124,Developed/High Intensity,4396,977.6
18183,131,Barren,1119,248.9
18183,141,Deciduous Forest,136099,30267.7
18183,142,Evergreen Forest,1735,385.9
18183,143,Mixed Forest,64,14.2
18183,152,Shrubland,1,0.2
18183,176,Grass/Pasture,111469,24790.1
18183,190,Woody Wetlands,15841,3523.0
18183,195,Herbaceous Wetlands,3347,744.4
18183,205,Triticale,371,82.5
18183,225,Dbl Crop WinWht/Corn,28,6.2
18183,229,Pumpkins,17,3.8
18183,249,Gourds,5,1.1
18183,254,Dbl Crop Barley/Soybeans,4,0.9
39001,1,Corn,51395,11430.0
39001,4,Sorghum,217,48.3
39001,5,Soybeans,148923,33119.7
39001,6,Sunflowers,11,2.4
39001,11,Tobacco,729,162.1
39001,12,Sweet Corn,67,14.9
39001,24,Winter Wheat,591,131.4
39001,26,Dbl Crop WinWht/Soybeans,2844,632.5
39001,27,Rye,1,0.2
39001,28,Oats,20,4.4
39001,29,Millet,12,2.7
39001,30,Speltz,30,6.7
39001,36,Alfalfa,1674,372.3
39001,37,Other Hay/Non Alfalfa,1576,350.5
39001,44,Other Crops,202,44.9
39001,47,Misc Vegs & Fruits,84,18.7
39001,54,Tomatoes,1,0.2
39001,58,Clover/Wildflowers,30,6.7
39001,59,Sod/Grass Seed,10,2.2
39001,61,Fallow/Idle Cropland,138,30.7
39001,70,Christmas Trees,16,3.6
39001,111,Open Water,7708,1714.2
39001,121,Developed/Open Space,70046,15577.9
39001,122,Developed/Low Intensity,19960,4439.0
39001,123,Developed/Medium Intensity,7380,1641.3
39001,124,Developed/High Intensity,1720,382.5
39001,131,Barren,4090,909.6
39001,141,Deciduous Forest,959596,213409.0
39001,142,Evergreen Forest,54357,12088.7
39001,143,Mixed Forest,34133,7591.0
39001,152,Shrubland,1,0.2
39001,176,Grass/Pasture,317244,70553.4
39001,190,Woody Wetlands,2,0.4
39001,195,Herbaceous Wetlands,567,126.1
39001,205,Triticale,9,2.0
39001,225,Dbl Crop WinWht/Corn,287,63.8
39001,229,Pumpkins,58,12.9
39001,236,Dbl Crop WinWht/Sorghum,1,0.2
39001,254,Dbl Crop Barley/Soybeans,18,4.0
39003,1,Corn,294894,65582.8
39003,4,Sorghum,2,0.4
39003,5,Soybeans,404986,90066.7
39003,6,Sunflowers,1,0.2
39003,12,Sweet Corn,407,90.5
39003,13,Pop or Orn Corn,2097,466.4
39003,21,Barley,97,21.6
39003,24,Winter Wheat,39662,8820.6
39003,26,Dbl Crop WinWht/Soybeans,2829,629.2
39003,27,Rye,44,9.8
39003,28,Oats,109,24.2
39003,30,Speltz,38,8.5
39003,36,Alfalfa,10720,2384.1
39003,37,Other Hay/Non Alfalfa,2432,540.9
39003,39,Buckwheat,21,4.7
39003,42,Dry Beans,31,6.9
39003,43,Potatoes,30,6.7
39003,44,Other Crops,55,12.2
39003,50,Cucumbers,30,6.7
39003,54,Tomatoes,378,84.1
39003,56,Hops,22,4.9
39003,58,Clover/Wildflowers,193,42.9
39003,60,Switchgrass,17,3.8
39003,61,Fallow/Idle Cropland,1415,314.7
39003,68,Apples,57,12.7
39003,70,Christmas Trees,288,64.0
39003,76,Walnuts,70,15.6
39003,111,Open Water,13833,3076.4
39003,121,Developed/Open Space,80185,17832.7
39003,122,Developed/Low Intensity,77212,17171.5
39003,123,Developed/Medium Intensity,33092,7359.5
39003,124,Developed/High Intensity,17732,3943.5
39003,131,Barren,683,151.9
39003,141,Deciduous Forest,120738,26851.5
39003,142,Evergreen Forest,791,175.9
39003,143,Mixed Forest,42,9.3
39003,152,Shrubland,7,1.6
39003,176,Grass/Pasture,61633,13706.8
39003,190,Woody Wetlands,619,137.7
39003,195,Herbaceous Wetlands,2544,565.8
39003,205,Triticale,408,90.7
39003,206,Carrots,17,3.8
39003,216,Peppers,71,15.8
39003,221,Strawberries,3,0.7
39003,229,Pumpkins,1,0.2
39003,243,Cabbage,5,1.1
39003,254,Dbl Crop Barley/Soybeans,8,1.8
39005,1,Corn,165301,36762.1
39005,4,Sorghum,338,75.2
39005,5,Soybeans,235609,52398.2
39005,6,Sunflowers,23,5.1
39005,12,Sweet Corn,60,13.3
39005,13,Pop or Orn Corn,3,0.7
39005,21,Barley,320,71.2
39005,23,Spring Wheat,44,9.8
39005,24,Winter Wheat,17794,3957.3
39005,25,Other Small Grains,204,45.4
39005,26,Dbl Crop WinWht/Soybeans,2386,530.6
39005,27,Rye,672,149.4
39005,28,Oats,2050,455.9
39005,29,Millet,1,0.2
39005,30,Speltz,418,93.0
39005,36,Alfalfa,12479,2775.3
39005,37,Other Hay/Non Alfalfa,303,67.4
39005,44,Other Crops,2,0.4
39005,47,Misc Vegs & Fruits,267,59.4
39005,50,Cucumbers,228,50.7
39005,54,Tomatoes,13,2.9
39005,58,Clover/Wildflowers,339,75.4
39005,59,Sod/Grass Seed,3,0.7
39005,61,Fallow/Idle Cropland,986,219.3
39005,68,Apples,3,0.7
39005,69,Grapes,2,0.4
39005,70,Christmas Trees,672,149.4
39005,71,Other Tree Crops,47,10.5
39005,76,Walnuts,62,13.8
39005,111,Open Water,9534,2120.3
39005,121,Developed/Open Space,57064,12690.7
39005,122,Developed/Low Intensity,36588,8137.0
39005,123,Developed/Medium Intensity,12477,2774.8
39005,124,Developed/High Intensity,5333,1186.0
39005,131,Barren,1067,237.3
39005,141,Deciduous Forest,363056,80741.7
39005,142,Evergreen Forest,13603,3025.2
39005,143,Mixed Forest,5765,1282.1
39005,152,Shrubland,2,0.4
39005,176,Grass/Pasture,270520,60162.2
39005,190,Woody Wetlands,4977,1106.9
39005,195,Herbaceous Wetlands,3223,716.8
39005,205,Triticale,8,1.8
39005,207,Asparagus,1,0.2
39005,214,Broccoli,18,4.0
39005,216,Peppers,56,12.5
39005,220,Plums,1,0.2
39005,221,Strawberries,154,34.2
39005,224,Vetch,32,7.1
39005,225,Dbl Crop WinWht/Corn,470,104.5
39005,226,Dbl Crop Oats/Corn,519,115.4
39005,228,Dbl Crop Triticale/Corn,2502,556.4
39005,229,Pumpkins,18,4.0
39005,237,Dbl Crop Barley/Corn,239,53.2
39005,242,Blueberries,61,13.6
39005,243,Cabbage,1,0.2
39005,249,Gourds,3,0.7
39005,254,Dbl Crop Barley/Soybeans,31,6.9
39007,1,Corn,105587,23482.0
39007,4,Sorghum,179,39.8
39007,5,Soybeans,180735,40194.5
39007,6,Sunflowers,55,12.2
39007,12,Sweet Corn,368,81.8
39007,13,Pop or Orn Corn,9,2.0
39007,21,Barley,39,8.7
39007,23,Spring Wheat,1,0.2
39007,24,Winter Wheat,8277,1840.8
39007,26,Dbl Crop WinWht/Soybeans,2939,653.6
39007,27,Rye,108,24.0
39007,28,Oats,1881,418.3
39007,29,Millet,36,8.0
39007,30,Speltz,96,21.3
39007,36,Alfalfa,3462,769.9
39007,37,Other Hay/Non Alfalfa,4543,1010.3
39007,39,Buckwheat,55,12.2
39007,43,Potatoes,548,121.9
39007,44,Other Crops,2,0.4
39007,47,Misc Vegs & Fruits,688,153.0
39007,54,Tomatoes,5,1.1
39007,58,Clover/Wildflowers,110,24.5
39007,59,Sod/Grass Seed,40,8.9
39007,60,Switchgrass,64,14.2
39007,61,Fallow/Idle Cropland,570,126.8
39007,66,Cherries,94,20.9
39007,67,Peaches,29,6.4
39007,68,Apples,15,3.3
39007,69,Grapes,1261,280.4
39007,70,Christmas Trees,54,12.0
39007,71,Other Tree Crops,56,12.5
39007,76,Walnuts,6,1.3
39007,111,Open Water,24204,5382.8
39007,121,Developed/Open Space,118591,26374.0
39007,122,Developed/Low Intensity,78825,17530.3
39007,123,Developed/Medium Intensity,19794,4402.1
39007,124,Developed/High Intensity,11576,2574.4
39007,131,Barren,3752,834.4
39007,141,Deciduous Forest,1003669,223210.6
39007,142,Evergreen Forest,3399,755.9
39007,143,Mixed Forest,7553,1679.7
39007,152,Shrubland,31,6.9
39007,176,Grass/Pasture,394317,87694.0
39007,190,Woody Wetlands,56121,12481.0
39007,195,Herbaceous Wetlands,6132,1363.7
39007,205,Triticale,12,2.7
39007,225,Dbl Crop WinWht/Corn,276,61.4
39007,228,Dbl Crop Triticale/Corn,179,39.8
39007,237,Dbl Crop Barley/Corn,175,38.9
39009,1,Corn,8269,1839.0
39009,4,Sorghum,13,2.9
39009,5,Soybeans,11866,2638.9
39009,12,Sweet Corn,133,29.6
39009,13,Pop or Orn Corn,3,0.7
39009,21,Barley,95,21.1
39009,24,Winter Wheat,132,29.4
39009,26,Dbl Crop WinWht/Soybeans,885,196.8
39009,27,Rye,58,12.9
39009,28,Oats,52,11.6
39009,29,Millet,23,5.1
39009,30,Speltz,18,4.0
39009,36,Alfalfa,25,5.6
39009,37,Other Hay/Non Alfalfa,40,8.9
39009,42,Dry Beans,105,23.4
39009,43,Potatoes,13,2.9
39009,44,Other Crops,1,0.2
39009,61,Fallow/Idle Cropland,8,1.8
39009,111,Open Water,8586,1909.5
39009,121,Developed/Open Space,86460,19228.2
39009,122,Developed/Low Intensity,29643,6592.4
39009,123,Developed/Medium Intensity,10863,2415.9
39009,124,Developed/High Intensity,2800,622.7
39009,131,Barren,1138,253.1
39009,141,Deciduous Forest,1075078,239091.6
39009,142,Evergreen Forest,12967,2883.8
39009,143,Mixed Forest,6961,1548.1
39009,176,Grass/Pasture,206502,45924.9
39009,190,Woody Wetlands,36,8.0
39009,195,Herbaceous Wetlands,321,71.4
39009,205,Triticale,29,6.4
39009,216,Peppers,1,0.2
39009,225,Dbl Crop WinWht/Corn,14,3.1
39009,229,Pumpkins,6,1.3
39009,237,Dbl Crop Barley/Corn,24,5.3
39009,254,Dbl Crop Barley/Soybeans,46,10.2
39011,1,Corn,321987,71608.2
39011,4,Sorghum,106,23.6
39011,5,Soybeans,465679,103564.5
39011,6,Sunflowers,16,3.6
39011,12,Sweet Corn,25,5.6
39011,21,Barley,94,20.9
39011,24,Winter Wheat,41308,9186.7
39011,26,Dbl Crop WinWht/Soybeans,5700,1267.6
39011,27,Rye,65,14.5
39011,28,Oats,346,76.9
39011,29,Millet,28,6.2
39011,30,Speltz,41,9.1
39011,36,Alfalfa,18413,4095.0
39011,37,Other Hay/Non Alfalfa,1151,256.0
39011,39,Buckwheat,13,2.9
39011,42,Dry Beans,325,72.3
39011,43,Potatoes,15,3.3
39011,44,Other Crops,44,9.8
39011,47,Misc Vegs & Fruits,2,0.4
39011,50,Cucumbers,4,0.9
39011,54,Tomatoes,5,1.1
39011,56,Hops,4,0.9
39011,58,Clover/Wildflowers,127,28.2
39011,59,Sod/Grass Seed,1,0.2
39011,60,Switchgrass,125,27.8
39011,61,Fallow/Idle Cropland,1106,246.0
39011,67,Peaches,14,3.1
39011,68,Apples,17,3.8
39011,69,Grapes,20,4.4
39011,70,Christmas Trees,48,10.7
39011,76,Walnuts,22,4.9
39011,111,Open Water,15828,3520.1
39011,121,Developed/Open Space,50105,11143.1
39011,122,Developed/Low Intensity,37663,8376.0
39011,123,Developed/Medium Intensity,20162,4483.9
39011,124,Developed/High Intensity,5968,1327.3
39011,131,Barren,1303,289.8
39011,141,Deciduous Forest,99614,22153.6
39011,142,Evergreen Forest,151,33.6
39011,143,Mixed Forest,4,0.9
39011,176,Grass/Pasture,64914,14436.5
39011,190,Woody Wetlands,1014,225.5
39011,195,Herbaceous Wetlands,1862,414.1
39011,205,Triticale,243,54.0
39011,206,Carrots,7,1.6
39011,216,Peppers,85,18.9
39011,225,Dbl Crop WinWht/Corn,236,52.5
39011,228,Dbl Crop Triticale/Corn,7,1.6
39011,229,Pumpkins,4,0.9
39011,236,Dbl Crop WinWht/Sorghum,361,80.3
39011,237,Dbl Crop Barley/Corn,137,30.5
39011,254,Dbl Crop Barley/Soybeans,429,95.4
39013,1,Corn,2202,489.7
39013,4,Sorghum,39,8.7
39013,5,Soybeans,1720,382.5
39013,6,Sunflowers,22,4.9
39013,12,Sweet Corn,11,2.4
39013,21,Barley,19,4.2
39013,24,Winter Wheat,114,25.4
39013,26,Dbl Crop WinWht/Soybeans,51,11.3
39013,27,Rye,3,0.7
39013,28,Oats,36,8.0
39013,30,Speltz,4,0.9
39013,36,Alfalfa,51,11.3
39013,37,Other Hay/Non Alfalfa,55,12.2
39013,42,Dry Beans,1,0.2
39013,44,Other Crops,2,0.4
39013,58,Clover/Wildflowers,1,0.2
39013,61,Fallow/Idle Cropland,1,0.2
39013,67,Peaches,5,1.1
39013,71,Other Tree Crops,37,8.2
39013,111,Open Water,17637,3922.4
39013,121,Developed/Open Space,103498,23017.4
39013,122,Developed/Low Intensity,31974,7110.8
39013,123,Developed/Medium Intensity,17712,3939.1
39013,124,Developed/High Intensity,7658,1703.1
39013,131,Barren,5704,1268.5
39013,141,Deciduous Forest,846259,188203.5
39013,142,Evergreen Forest,3231,718.6
39013,143,Mixed Forest,24928,5543.9
39013,152,Shrubland,27,6.0
39013,176,Grass/Pasture,493752,109807.8
39013,190,Woody Wetlands,482,107.2
39013,195,Herbaceous Wetlands,706,157.0
39013,205,Triticale,3,0.7
39013,228,Dbl Crop Triticale/Corn,2,0.4
39013,229,Pumpkins,1,0.2
39013,237,Dbl Crop Barley/Corn,2,0.4
39013,254,Dbl Crop Barley/Soybeans,2,0.4
39015,1,Corn,74339,16532.6
39015,4,Sorghum,31,6.9
39015,5,Soybeans,437361,97266.7
39015,6,Sunflowers,31,6.9
39015,11,Tobacco,500,111.2
39015,12,Sweet Corn,101,22.5
39015,24,Winter Wheat,865,192.4
39015,26,Dbl Crop WinWht/Soybeans,4827,1073.5
39015,27,Rye,59,13.1
39015,28,Oats,39,8.7
39015,29,Millet,17,3.8
39015,30,Speltz,169,37.6
39015,36,Alfalfa,753,167.5
39015,37,Other Hay/Non Alfalfa,732,162.8
39015,44,Other Crops,30,6.7
39015,47,Misc Vegs & Fruits,102,22.7
39015,54,Tomatoes,5,1.1
39015,58,Clover/Wildflowers,6,1.3
39015,59,Sod/Grass Seed,82,18.2
39015,61,Fallow/Idle Cropland,640,142.3
39015,69,Grapes,6,1.3
39015,70,Christmas Trees,4,0.9
39015,71,Other Tree Crops,2,0.4
39015,111,Open Water,11530,2564.2
39015,121,Developed/Open Space,65958,14668.7
39015,122,Developed/Low Intensity,26844,5970.0
39015,123,Developed/Medium Intensity,9056,2014.0
39015,124,Developed/High Intensity,1854,412.3
39015,131,Barren,2677,595.4
39015,141,Deciduous Forest,495659,110231.9
39015,142,Evergreen Forest,1894,421.2
39015,143,Mixed Forest,7926,1762.7
39015,152,Shrubland,1,0.2
39015,176,Grass/Pasture,277478,61709.6
39015,190,Woody Wetlands,1,0.2
39015,195,Herbaceous Wetlands,506,112.5
39015,205,Triticale,2,0.4
39015,225,Dbl Crop WinWht/Corn,398,88.5
39015,229,Pumpkins,167,37.1
39015,254,Dbl Crop Barley/Soybeans,17,3.8
39017,1,Corn,111839,24872.4
39017,4,Sorghum,292,64.9
39017,5,Soybeans,165805,36874.1
39017,6,Sunflowers,136,30.2
39017,11,Tobacco,39,8.7
39017,12,Sweet Corn,128,28.5
39017,13,Pop or Orn Corn,3,0.7
39017,21,Barley,1,0.2
39017,24,Winter Wheat,1904,423.4
39017,26,Dbl Crop WinWht/Soybeans,6071,1350.2
39017,27,Rye,48,10.7
39017,28,Oats,75,16.7
39017,29,Millet,21,4.7
39017,30,Speltz,1,0.2
39017,36,Alfalfa,2133,474.4
39017,37,Other Hay/Non Alfalfa,207,46.0
39017,42,Dry Beans,5,1.1
39017,44,Other Crops,69,15.3
39017,47,Misc Vegs & Fruits,6,1.3
39017,48,Watermelons,5,1.1
39017,54,Tomatoes,3,0.7
39017,59,Sod/Grass Seed,525,116.8
39017,61,Fallow/Idle Cropland,133,29.6
39017,69,Grapes,6,1.3
39017,70,Christmas Trees,35,7.8
39017,71,Other Tree Crops,1,0.2
39017,111,Open Water,18572,4130.3
39017,121,Developed/Open Space,176198,39185.5
39017,122,Developed/Low Intensity,162943,36237.7
39017,123,Developed/Medium Intensity,86391,19212.9
39017,124,Developed/High Intensity,37205,8274.2
39017,131,Barren,5561,1236.7
39017,141,Deciduous Forest,300908,66920.3
39017,142,Evergreen Forest,3153,701.2
39017,143,Mixed Forest,6782,1508.3
39017,152,Shrubland,17,3.8
39017,176,Grass/Pasture,264873,58906.3
39017,190,Woody Wetlands,2,0.4
39017,195,Herbaceous Wetlands,171,38.0
39017,205,Triticale,12,2.7
39017,222,Squash,2,0.4
39017,225,Dbl Crop WinWht/Corn,49,10.9
39017,229,Pumpkins,46,10.2
39017,236,Dbl Crop WinWht/Sorghum,14,3.1
39017,240,Dbl Crop Soybeans/Oats,32,7.1
39017,254,Dbl Crop Barley/Soybeans,149,33.1
39019,1,Corn,29343,6525.7
39019,4,Sorghum,124,27.6
39019,5,Soybeans,35039,7792.5
39019,6,Sunflowers,491,109.2
39019,12,Sweet Corn,184,40.9
39019,13,Pop or Orn Corn,6,1.3
39019,21,Barley,142,31.6
39019,22,Durum Wheat,8,1.8
39019,23,Spring Wheat,1,0.2
39019,24,Winter Wheat,2511,558.4
39019,26,Dbl Crop WinWht/Soybeans,223,49.6
39019,27,Rye,208,46.3
39019,28,Oats,675,150.1
39019,30,Speltz,36,8.0
39019,36,Alfalfa,242,53.8
39019,37,Other Hay/Non Alfalfa,709,157.7
39019,39,Buckwheat,1,0.2
39019,42,Dry Beans,1,0.2
39019,44,Other Crops,40,8.9
39019,53,Peas,7,1.6
39019,58,Clover/Wildflowers,18,4.0
39019,59,Sod/Grass Seed,1,0.2
39019,60,Switchgrass,9,2.0
39019,61,Fallow/Idle Cropland,92,20.5
39019,67,Peaches,4,0.9
39019,68,Apples,1,0.2
39019,70,Christmas Trees,143,31.8
39019,71,Other Tree Crops,95,21.1
39019,111,Open Water,16272,3618.8
39019,121,Developed/Open Space,70571,15694.6
39019,122,Developed/Low Intensity,16662,3705.5
39019,123,Developed/Medium Intensity,5949,1323.0
39019,124,Developed/High Intensity,3042,676.5
39019,131,Barren,525,116.8
39019,141,Deciduous Forest,587078,130563.0
39019,142,Evergreen Forest,9710,2159.5
39019,143,Mixed Forest,11853,2636.0
39019,152,Shrubland,4,0.9
39019,176,Grass/Pasture,354527,78844.9
39019,190,Woody Wetlands,1422,316.2
39019,195,Herbaceous Wetlands,112,24.9
39019,205,Triticale,4,0.9
39019,225,Dbl Crop WinWht/Corn,13,2.9
39019,228,Dbl Crop Triticale/Corn,8,1.8
39019,229,Pumpkins,1,0.2
39019,237,Dbl Crop Barley/Corn,124,27.6
39019,254,Dbl Crop Barley/Soybeans,59,13.1
39021,1,Corn,379471,84392.3
39021,4,Sorghum,2,0.4
39021,5,Soybeans,417950,92949.8
39021,6,Sunflowers,20,4.4
39021,12,Sweet Corn,1863,414.3
39021,13,Pop or Orn Corn,1,0.2
39021,21,Barley,27,6.0
39021,24,Winter Wheat,9255,2058.3
39021,26,Dbl Crop WinWht/Soybeans,5174,1150.7
39021,27,Rye,23,5.1
39021,28,Oats,815,181.3
39021,29,Millet,33,7.3
39021,30,Speltz,18,4.0
39021,36,Alfalfa,12007,2670.3
39021,37,Other Hay/Non Alfalfa,478,106.3
39021,42,Dry Beans,5347,1189.1
39021,43,Potatoes,532,118.3
39021,44,Other Crops,19,4.2
39021,47,Misc Vegs & Fruits,43,9.6
39021,53,Peas,40,8.9
39021,58,Clover/Wildflowers,34,7.6
39021,59,Sod/Grass Seed,1,0.2
39021,60,Switchgrass,1668,371.0
39021,61,Fallow/Idle Cropland,1171,260.4
39021,67,Peaches,81,18.0
39021,68,Apples,80,17.8
39021,69,Grapes,167,37.1
39021,70,Christmas Trees,22,4.9
39021,71,Other Tree Crops,3,0.7
39021,111,Open Water,6282,1397.1
39021,121,Developed/Open Space,52430,11660.2
39021,122,Developed/Low Intensity,23170,5152.9
39021,123,Developed/Medium Intensity,7934,1764.5
39021,124,Developed/High Intensity,2395,532.6
39021,131,Barren,905,201.3
39021,141,Deciduous Forest,169214,37632.3
39021,142,Evergreen Forest,1377,306.2
39021,152,Shrubland,4,0.9
39021,176,Grass/Pasture,135239,30076.4
39021,190,Woody Wetlands,320,71.2
39021,195,Herbaceous Wetlands,640,142.3
39021,205,Triticale,4,0.9
39021,221,Strawberries,3,0.7
39021,228,Dbl Crop Triticale/Corn,1,0.2
39021,229,Pumpkins,17,3.8
39021,236,Dbl Crop WinWht/Sorghum,2,0.4
39021,243,Cabbage,564,125.4
39021,254,Dbl Crop Barley/Soybeans,50,11.1
39023,1,Corn,291840,64903.7
39023,5,Soybeans,312787,69562.2
39023,6,Sunflowers,11,2.4
39023,12,Sweet Corn,345,76.7
39023,13,Pop or Orn Corn,2,0.4
39023,21,Barley,127,28.2
39023,24,Winter Wheat,7953,1768.7
39023,26,Dbl Crop WinWht/Soybeans,10016,2227.5
39023,27,Rye,10,2.2
39023,28,Oats,215,47.8
39023,29,Millet,11,2.4
39023,30,Speltz,23,5.1
39023,36,Alfalfa,9872,2195.5
39023,37,Other Hay/Non Alfalfa,333,74.1
39023,42,Dry Beans,990,220.2
39023,43,Potatoes,125,27.8
39023,44,Other Crops,172,38.3
39023,47,Misc Vegs & Fruits,41,9.1
39023,53,Peas,14,3.1
39023,58,Clover/Wildflowers,108,24.0
39023,59,Sod/Grass Seed,3,0.7
39023,60,Switchgrass,249,55.4
39023,61,Fallow/Idle Cropland,1131,251.5
39023,67,Peaches,39,8.7
39023,68,Apples,26,5.8
39023,69,Grapes,106,23.6
39023,70,Christmas Trees,2,0.4
39023,111,Open Water,18168,4040.5
39023,121,Developed/Open Space,93066,20697.4
39023,122,Developed/Low Intensity,73968,16450.1
39023,123,Developed/Medium Intensity,33989,7559.0
39023,124,Developed/High Intensity,8872,1973.1
39023,131,Barren,1084,241.1
39023,141,Deciduous Forest,148767,33085.0
39023,142,Evergreen Forest,1286,286.0
39023,143,Mixed Forest,6,1.3
39023,152,Shrubland,2,0.4
39023,176,Grass/Pasture,143122,31829.6
39023,190,Woody Wetlands,83,18.5
39023,195,Herbaceous Wetlands,1192,265.1
39023,205,Triticale,115,25.6
39023,228,Dbl Crop Triticale/Corn,4,0.9
39023,229,Pumpkins,89,19.8
39023,237,Dbl Crop Barley/Corn,36,8.0
39023,243,Cabbage,1,0.2
39023,254,Dbl Crop Barley/Soybeans,20,4.4
39025,1,Corn,63395,14098.7
39025,5,Soybeans,149164,33173.3
39025,6,Sunflowers,16,3.6
39025,11,Tobacco,189,42.0
39025,12,Sweet Corn,62,13.8
39025,24,Winter Wheat,435,96.7
39025,26,Dbl Crop WinWht/Soybeans,3141,698.5
39025,27,Rye,6,1.3
39025,28,Oats,55,12.2
39025,29,Millet,15,3.3
39025,30,Speltz,98,21.8
39025,36,Alfalfa,313,69.6
39025,37,Other Hay/Non Alfalfa,511,113.6
39025,42,Dry Beans,1,0.2
39025,44,Other Crops,35,7.8
39025,47,Misc Vegs & Fruits,41,9.1
39025,54,Tomatoes,2,0.4
39025,56,Hops,4,0.9
39025,58,Clover/Wildflowers,16,3.6
39025,59,Sod/Grass Seed,68,15.1
39025,61,Fallow/Idle Cropland,567,126.1
39025,70,Christmas Trees,19,4.2
39025,111,Open Water,19362,4306.0
39025,121,Developed/Open Space,154347,34325.9
39025,122,Developed/Low Intensity,68357,15202.2
39025,123,Developed/Medium Intensity,28799,6404.7
39025,124,Developed/High Intensity,9198,2045.6
39025,131,Barren,2425,539.3
39025,141,Deciduous Forest,584528,129995.9
39025,142,Evergreen Forest,2679,595.8
39025,143,Mixed Forest,11887,2643.6
39025,152,Shrubland,13,2.9
39025,176,Grass/Pasture,219856,48894.8
39025,190,Woody Wetlands,9,2.0
39025,195,Herbaceous Wetlands,333,74.1
39025,225,Dbl Crop WinWht/Corn,70,15.6
39025,229,Pumpkins,51,11.3
39027,1,Corn,274924,61141.6
39027,4,Sorghum,44,9.8
39027,5,Soybeans,492671,109567.4
39027,6,Sunflowers,8,1.8
39027,11,Tobacco,182,40.5
39027,12,Sweet Corn,424,94.3
39027,24,Winter Wheat,1638,364.3
39027,26,Dbl Crop WinWht/Soybeans,19504,4337.6
39027,27,Rye,45,10.0
39027,28,Oats,96,21.3
39027,29,Millet,17,3.8
39027,30,Speltz,41,9.1
39027,36,Alfalfa,2151,478.4
39027,37,Other Hay/Non Alfalfa,630,140.1
39027,42,Dry Beans,23,5.1
39027,44,Other Crops,61,13.6
39027,47,Misc Vegs & Fruits,107,23.8
39027,59,Sod/Grass Seed,29,6.4
39027,61,Fallow/Idle Cropland,272,60.5
39027,69,Grapes,13,2.9
39027,70,Christmas Trees,5,1.1
39027,71,Other Tree Crops,21,4.7
39027,111,Open Water,6211,1381.3
39027,121,Developed/Open Space,41518,9233.4
39027,122,Developed/Low Intensity,27693,6158.8
39027,123,Developed/Medium Intensity,11258,2503.7
39027,124,Developed/High Intensity,5664,1259.6
39027,131,Barren,2354,523.5
39027,141,Deciduous Forest,169955,37797.1
39027,142,Evergreen Forest,681,151.5
39027,143,Mixed Forest,1967,437.5
39027,176,Grass/Pasture,124662,27724.2
39027,190,Woody Wetlands,179,39.8
39027,195,Herbaceous Wetlands,83,18.5
39027,205,Triticale,27,6.0
39027,221,Strawberries,6,1.3
39027,225,Dbl Crop WinWht/Corn,99,22.0
39027,229,Pumpkins,289,64.3
39027,236,Dbl Crop WinWht/Sorghum,18,4.0
39027,254,Dbl Crop Barley/Soybeans,343,76.3
39029,1,Corn,91159,20273.3
39029,4,Sorghum,63,14.0
39029,5,Soybeans,124223,27626.5
39029,6,Sunflowers,92,20.5
39029,12,Sweet Corn,1021,227.1
39029,13,Pop or Orn Corn,81,18.0
39029,21,Barley,569,126.5
39029,24,Winter Wheat,12911,2871.3
39029,26,Dbl Crop WinWht/Soybeans,3660,814.0
39029,27,Rye,337,74.9
39029,28,Oats,1753,389.9
39029,30,Speltz,58,12.9
39029,36,Alfalfa,2405,534.9
39029,37,Other Hay/Non Alfalfa,15,3.3
39029,44,Other Crops,7,1.6
39029,53,Peas,7,1.6
39029,54,Tomatoes,19,4.2
39029,58,Clover/Wildflowers,2,0.4
39029,59,Sod/Grass Seed,13,2.9
39029,60,Switchgrass,65,14.5
39029,61,Fallow/Idle Cropland,38,8.5
39029,67,Peaches,90,20.0
39029,68,Apples,239,53.2
39029,70,Christmas Trees,71,15.8
39029,71,Other Tree Crops,5,1.1
39029,111,Open Water,11371,2528.8
39029,121,Developed/Open Space,119766,26635.3
39029,122,Developed/Low Intensity,57389,12763.0
39029,123,Developed/Medium Intensity,20266,4507.0
39029,124,Developed/High Intensity,9107,2025.3
39029,131,Barren,1509,335.6
39029,141,Deciduous Forest,659104,146581.2
39029,142,Evergreen Forest,5158,1147.1
39029,143,Mixed Forest,22052,4904.2
39029,152,Shrubland,14,3.1
39029,176,Grass/Pasture,390252,86790.0
39029,190,Woody Wetlands,1802,400.8
39029,195,Herbaceous Wetlands,571,127.0
39029,205,Triticale,3,0.7
39029,216,Peppers,22,4.9
39029,220,Plums,10,2.2
39029,225,Dbl Crop WinWht/Corn,84,18.7
39029,228,Dbl Crop Triticale/Corn,797,177.2
39029,229,Pumpkins,314,69.8
39029,237,Dbl Crop Barley/Corn,11,2.4
39029,254,Dbl Crop Barley/Soybeans,213,47.4
39031,1,Corn,95986,21346.8
39031,4,Sorghum,101,22.5
39031,5,Soybeans,84127,18709.4
39031,6,Sunflowers,48,10.7
39031,12,Sweet Corn,22,4.9
39031,21,Barley,51,11.3
39031,22,Durum Wheat,1,0.2
39031,23,Spring Wheat,11,2.4
39031,24,Winter Wheat,2312,514.2
39031,26,Dbl Crop WinWht/Soybeans,2459,546.9
39031,27,Rye,161,35.8
39031,28,Oats,385,85.6
39031,30,Speltz,37,8.2
39031,36,Alfalfa,674,149.9
39031,37,Other Hay/Non Alfalfa,229,50.9
39031,42,Dry Beans,25,5.6
39031,58,Clover/Wildflowers,4,0.9
39031,59,Sod/Grass Seed,5,1.1
39031,61,Fallow/Idle Cropland,433,96.3
39031,67,Peaches,63,14.0
39031,68,Apples,23,5.1
39031,69,Grapes,11,2.4
39031,77,Pears,14,3.1
39031,111,Open Water,15612,3472.0
39031,121,Developed/Open Space,86761,19295.2
39031,122,Developed/Low Intensity,20436,4544.9
39031,123,Developed/Medium Intensity,7144,1588.8
39031,124,Developed/High Intensity,3450,767.3
39031,131,Barren,1786,397.2
39031,141,Deciduous Forest,915894,203689.9
39031,142,Evergreen Forest,11421,2540.0
39031,143,Mixed Forest,10892,2422.3
39031,152,Shrubland,5,1.1
39031,176,Grass/Pasture,363904,80930.3
39031,190,Woody Wetlands,6338,1409.5
39031,195,Herbaceous Wetlands,457,101.6
39031,205,Triticale,99,22.0
39031,220,Plums,5,1.1
39031,225,Dbl Crop WinWht/Corn,268,59.6
39031,228,Dbl Crop Triticale/Corn,796,177.0
39031,229,Pumpkins,849,188.8
39033,1,Corn,321827,71572.6
39033,4,Sorghum,6,1.3
39033,5,Soybeans,468350,104158.5
39033,6,Sunflowers,52,11.6
39033,12,Sweet Corn,145,32.2
39033,21,Barley,2574,572.4
39033,24,Winter Wheat,34163,7597.7
39033,25,Other Small Grains,2,0.4
39033,26,Dbl Crop WinWht/Soybeans,11953,2658.3
39033,27,Rye,61,13.6
39033,28,Oats,209,46.5
39033,29,Millet,1,0.2
39033,30,Speltz,28,6.2
39033,36,Alfalfa,8641,1921.7
39033,37,Other Hay/Non Alfalfa,19,4.2
39033,44,Other Crops,26,5.8
39033,47,Misc Vegs & Fruits,157,34.9
39033,50,Cucumbers,103,22.9
39033,54,Tomatoes,1,0.2
39033,58,Clover/Wildflowers,62,13.8
39033,61,Fallow/Idle Cropland,917,203.9
39033,70,Christmas Trees,12,2.7
39033,76,Walnuts,133,29.6
39033,111,Open Water,3535,786.2
39033,121,Developed/Open Space,28792,6403.2
39033,122,Developed/Low Intensity,36915,8209.7
39033,123,Developed/Medium Intensity,14894,3312.3
39033,124,Developed/High Intensity,4415,981.9
39033,131,Barren,2759,613.6
39033,141,Deciduous Forest,131829,29318.1
39033,142,Evergreen Forest,615,136.8
39033,143,Mixed Forest,877,195.0
39033,176,Grass/Pasture,81148,18046.9
39033,190,Woody Wetlands,808,179.7
39033,195,Herbaceous Wetlands,1521,338.3
39033,205,Triticale,22,4.9
39033,207,Asparagus,1,0.2
39033,214,Broccoli,6,1.3
39033,216,Peppers,19,4.2
39033,220,Plums,1,0.2
39033,221,Strawberries,23,5.1
39033,224,Vetch,55,12.2
39033,225,Dbl Crop WinWht/Corn,764,169.9
39033,228,Dbl Crop Triticale/Corn,63,14.0
39033,229,Pumpkins,1,0.2
39033,237,Dbl Crop Barley/Corn,4,0.9
39033,254,Dbl Crop Barley/Soybeans,708,157.5
39035,1,Corn,194,43.1
39035,4,Sorghum,5,1.1
39035,5,Soybeans,515,114.5
39035,6,Sunflowers,1,0.2
39035,12,Sweet Corn,20,4.4
39035,24,Winter Wheat,39,8.7
39035,26,Dbl Crop WinWht/Soybeans,1,0.2
39035,27,Rye,6,1.3
39035,28,Oats,22,4.9
39035,36,Alfalfa,4,0.9
39035,37,Other Hay/Non Alfalfa,2,0.4
39035,47,Misc Vegs & Fruits,9,2.0
39035,61,Fallow/Idle Cropland,30,6.7
39035,69,Grapes,15,3.3
39035,70,Christmas Trees,23,5.1
39035,111,Open Water,4849,1078.4
39035,121,Developed/Open Space,231176,51412.3
39035,122,Developed/Low Intensity,423871,94266.6
39035,123,Developed/Medium Intensity,276127,61409.2
39035,124,Developed/High Intensity,111555,24809.2
39035,131,Barren,2401,534.0
39035,141,Deciduous Forest,221588,49280.0
39035,142,Evergreen Forest,1711,380.5
39035,143,Mixed Forest,5036,1120.0
39035,152,Shrubland,1,0.2
39035,176,Grass/Pasture,39032,8680.5
39035,190,Woody Wetlands,2463,547.8
39035,195,Herbaceous Wetlands,845,187.9
39035,229,Pumpkins,2,0.4
39037,1,Corn,596482,132654.4
39037,4,Sorghum,288,64.0
39037,5,Soybeans,684343,152194.2
39037,6,Sunflowers,25,5.6
39037,12,Sweet Corn,330,73.4
39037,13,Pop or Orn Corn,40,8.9
39037,21,Barley,394,87.6
39037,24,Winter Wheat,39055,8685.6
39037,26,Dbl Crop WinWht/Soybeans,11898,2646.1
39037,27,Rye,168,37.4
39037,28,Oats,1631,362.7
39037,29,Millet,48,10.7
39037,30,Speltz,48,10.7
39037,31,Canola,9,2.0
39037,36,Alfalfa,16731,3720.9
39037,37,Other Hay/Non Alfalfa,595,132.3
39037,42,Dry Beans,573,127.4
39037,43,Potatoes,7,1.6
39037,44,Other Crops,54,12.0
39037,47,Misc Vegs & Fruits,16,3.6
39037,48,Watermelons,6,1.3
39037,50,Cucumbers,11,2.4
39037,53,Peas,10,2.2
39037,54,Tomatoes,880,195.7
39037,58,Clover/Wildflowers,1215,270.2
39037,59,Sod/Grass Seed,29,6.4
39037,60,Switchgrass,137,30.5
39037,61,Fallow/Idle Cropland,660,146.8
39037,67,Peaches,27,6.0
39037,68,Apples,83,18.5
39037,69,Grapes,77,17.1
39037,70,Christmas Trees,18,4.0
39037,111,Open Water,3681,818.6
39037,121,Developed/Open Space,66056,14690.5
39037,122,Developed/Low Intensity,38555,8574.4
39037,123,Developed/Medium Intensity,19635,4366.7
39037,124,Developed/High Intensity,6030,1341.0
39037,131,Barren,2986,664.1
39037,141,Deciduous Forest,128241,28520.1
39037,142,Evergreen Forest,228,50.7
39037,143,Mixed Forest,3,0.7
39037,152,Shrubland,4,0.9
39037,176,Grass/Pasture,101414,22553.9
39037,190,Woody Wetlands,210,46.7
39037,195,Herbaceous Wetlands,1186,263.8
39037,205,Triticale,51,11.3
39037,220,Plums,3,0.7
39037,221,Strawberries,26,5.8
39037,222,Squash,18,4.0
39037,225,Dbl Crop WinWht/Corn,575,127.9
39037,228,Dbl Crop Triticale/Corn,23,5.1
39037,229,Pumpkins,20,4.4
39037,236,Dbl Crop WinWht/Sorghum,24,5.3
39037,237,Dbl Crop Barley/Corn,144,32.0
39037,254,Dbl Crop Barley/Soybeans,946,210.4
39039,1,Corn,198633,44174.9
39039,4,Sorghum,38,8.5
39039,5,Soybeans,524642,116677.6
39039,12,Sweet Corn,34,7.6
39039,13,Pop or Orn Corn,1369,304.5
39039,21,Barley,519,115.4
39039,24,Winter Wheat,68149,15156.0
39039,26,Dbl Crop WinWht/Soybeans,1921,427.2
39039,27,Rye,461,102.5
39039,28,Oats,558,124.1
39039,30,Speltz,70,15.6
39039,31,Canola,1,0.2
39039,36,Alfalfa,14310,3182.5
39039,37,Other Hay/Non Alfalfa,1192,265.1
39039,39,Buckwheat,3,0.7
39039,42,Dry Beans,17,3.8
39039,43,Potatoes,15,3.3
39039,44,Other Crops,80,17.8
39039,50,Cucumbers,20,4.4
39039,54,Tomatoes,3,0.7
39039,56,Hops,1,0.2
39039,58,Clover/Wildflowers,1595,354.7
39039,60,Switchgrass,868,193.0
39039,61,Fallow/Idle Cropland,6137,1364.8
39039,68,Apples,10,2.2
39039,69,Grapes,21,4.7
39039,70,Christmas Trees,95,21.1
39039,76,Walnuts,514,114.3
39039,111,Open Water,12950,2880.0
39039,121,Developed/Open Space,39170,8711.2
39039,122,Developed/Low Intensity,40396,8983.9
39039,123,Developed/Medium Intensity,15830,3520.5
39039,124,Developed/High Intensity,5208,1158.2
39039,131,Barren,1249,277.8
39039,141,Deciduous Forest,156501,34805.0
39039,142,Evergreen Forest,499,111.0
39039,143,Mixed Forest,30,6.7
39039,152,Shrubland,5,1.1
39039,176,Grass/Pasture,87968,19563.6
39039,190,Woody Wetlands,8436,1876.1
39039,195,Herbaceous Wetlands,2323,516.6
39039,205,Triticale,53,11.8
39039,206,Carrots,5,1.1
39039,216,Peppers,76,16.9
39039,221,Strawberries,23,5.1
39039,225,Dbl Crop WinWht/Corn,1,0.2
39039,229,Pumpkins,13,2.9
39039,243,Cabbage,2,0.4
39039,254,Dbl Crop Barley/Soybeans,5,1.1
39041,1,Corn,137295,30533.7
39041,4,Sorghum,45,10.0
39041,5,Soybeans,331278,73674.5
39041,6,Sunflowers,5,1.1
39041,12,Sweet Corn,66,14.7
39041,21,Barley,103,22.9
39041,23,Spring Wheat,143,31.8
39041,24,Winter Wheat,11604,2580.7
39041,26,Dbl Crop WinWht/Soybeans,5646,1255.6
39041,28,Oats,18,4.0
39041,30,Speltz,25,5.6
39041,36,Alfalfa,1615,359.2
39041,37,Other Hay/Non Alfalfa,125,27.8
39041,58,Clover/Wildflowers,23,5.1
39041,59,Sod/Grass Seed,268,59.6
39041,60,Switchgrass,347,77.2
39041,61,Fallow/Idle Cropland,1117,248.4
39041,66,Cherries,1,0.2
39041,67,Peaches,4,0.9
39041,68,Apples,3,0.7
39041,70,Christmas Trees,79,17.6
39041,111,Open Water,47829,10636.9
39041,121,Developed/Open Space,105679,23502.4
39041,122,Developed/Low Intensity,106336,23648.6
39041,123,Developed/Medium Intensity,62359,13868.3
39041,124,Developed/High Intensity,15634,3476.9
39041,131,Barren,6476,1440.2
39041,141,Deciduous Forest,245000,54486.7
39041,142,Evergreen Forest,1928,428.8
39041,143,Mixed Forest,1820,404.8
39041,152,Shrubland,4,0.9
39041,176,Grass/Pasture,229988,51148.1
39041,190,Woody Wetlands,83,18.5
39041,195,Herbaceous Wetlands,1441,320.5
39041,205,Triticale,4,0.9
39041,209,Cantaloupes,357,79.4
39041,221,Strawberries,7,1.6
39041,225,Dbl Crop WinWht/Corn,1,0.2
39041,228,Dbl Crop Triticale/Corn,199,44.3
39041,229,Pumpkins,154,34.2
39041,254,Dbl Crop Barley/Soybeans,41,9.1
39043,1,Corn,116250,25853.4
39043,4,Sorghum,154,34.2
39043,5,Soybeans,183431,40794.1
39043,6,Sunflowers,2,0.4
39043,12,Sweet Corn,163,36.3
39043,13,Pop or Orn Corn,2009,446.8
39043,21,Barley,318,70.7
39043,24,Winter Wheat,12381,2753.5
39043,25,Other Small Grains,1,0.2
39043,26,Dbl Crop WinWht/Soybeans,16267,3617.7
39043,27,Rye,315,70.1
39043,28,Oats,736,163.7
39043,29,Millet,73,16.2
39043,30,Speltz,611,135.9
39043,36,Alfalfa,3667,815.5
39043,37,Other Hay/Non Alfalfa,187,41.6
39043,44,Other Crops,22,4.9
39043,47,Misc Vegs & Fruits,96,21.3
39043,50,Cucumbers,264,58.7
39043,54,Tomatoes,12,2.7
39043,58,Clover/Wildflowers,163,36.3
39043,61,Fallow/Idle Cropland,866,192.6
39043,66,Cherries,2,0.4
39043,67,Peaches,75,16.7
39043,68,Apples,373,83.0
39043,69,Grapes,11,2.4
39043,70,Christmas Trees,7,1.6
39043,76,Walnuts,18,4.0
39043,111,Open Water,13583,3020.8
39043,121,Developed/Open Space,37692,8382.5
39043,122,Developed/Low Intensity,53478,11893.2
39043,123,Developed/Medium Intensity,31030,6900.9
39043,124,Developed/High Intensity,15439,3433.6
39043,131,Barren,6425,1428.9
39043,141,Deciduous Forest,146989,32689.6
39043,142,Evergreen Forest,2780,618.3
39043,143,Mixed Forest,1748,388.7
39043,152,Shrubland,21,4.7
39043,176,Grass/Pasture,69431,15441.1
39043,190,Woody Wetlands,969,215.5
39043,195,Herbaceous Wetlands,16351,3636.4
39043,207,Asparagus,4,0.9
39043,214,Broccoli,34,7.6
39043,216,Peppers,309,68.7
39043,220,Plums,104,23.1
39043,221,Strawberries,127,28.2
39043,224,Vetch,49,10.9
39043,225,Dbl Crop WinWht/Corn,3,0.7
39043,228,Dbl Crop Triticale/Corn,6,1.3
39043,229,Pumpkins,269,59.8
39043,237,Dbl Crop Barley/Corn,2,0.4
39043,243,Cabbage,1,0.2
39043,249,Gourds,34,7.6
39043,254,Dbl Crop Barley/Soybeans,1010,224.6
39045,1,Corn,246578,54837.6
39045,4,Sorghum,16,3.6
39045,5,Soybeans,325511,72391.9
39045,6,Sunflowers,5,1.1
39045,12,Sweet Corn,153,34.0
39045,13,Pop or Orn Corn,128,28.5
39045,21,Barley,476,105.9
39045,23,Spring Wheat,153,34.0
39045,24,Winter Wheat,8530,1897.0
39045,26,Dbl Crop WinWht/Soybeans,15800,3513.8
39045,27,Rye,88,19.6
39045,28,Oats,281,62.5
39045,30,Speltz,228,50.7
39045,36,Alfalfa,2464,548.0
39045,37,Other Hay/Non Alfalfa,90,20.0
39045,43,Potatoes,4,0.9
39045,44,Other Crops,1,0.2
39045,58,Clover/Wildflowers,2,0.4
39045,59,Sod/Grass Seed,20,4.4
39045,60,Switchgrass,116,25.8
39045,61,Fallow/Idle Cropland,367,81.6
39045,68,Apples,327,72.7
39045,70,Christmas Trees,131,29.1
39045,71,Other Tree Crops,2,0.4
39045,111,Open Water,12964,2883.1
39045,121,Developed/Open Space,101397,22550.1
39045,122,Developed/Low Intensity,66764,14848.0
39045,123,Developed/Medium Intensity,29326,6521.9
39045,124,Developed/High Intensity,8562,1904.1
39045,131,Barren,2464,548.0
39045,141,Deciduous Forest,363595,80861.6
39045,142,Evergreen Forest,5046,1122.2
39045,143,Mixed Forest,4241,943.2
39045,152,Shrubland,1,0.2
39045,176,Grass/Pasture,266500,59268.2
39045,190,Woody Wetlands,5,1.1
39045,195,Herbaceous Wetlands,226,50.3
39045,205,Triticale,31,6.9
39045,209,Cantaloupes,132,29.4
39045,225,Dbl Crop WinWht/Corn,46,10.2
39045,228,Dbl Crop Triticale/Corn,5,1.1
39045,229,Pumpkins,34,7.6
39045,242,Blueberries,4,0.9
39045,254,Dbl Crop Barley/Soybeans,1053,234.2
39047,1,Corn,372129,82759.5
39047,4,Sorghum,4,0.9
39047,5,Soybeans,483460,107518.9
39047,6,Sunflowers,12,2.7
39047,11,Tobacco,56,12.5
39047,12,Sweet Corn,156,34.7
39047,21,Barley,4,0.9
39047,24,Winter Wheat,8353,1857.7
39047,26,Dbl Crop WinWht/Soybeans,35438,7881.2
39047,27,Rye,99,22.0
39047,28,Oats,158,35.1
39047,29,Millet,20,4.4
39047,30,Speltz,16,3.6
39047,36,Alfalfa,5865,1304.3
39047,37,Other Hay/Non Alfalfa,90,20.0
39047,42,Dry Beans,249,55.4
39047,44,Other Crops,80,17.8
39047,47,Misc Vegs & Fruits,36,8.0
39047,53,Peas,1,0.2
39047,58,Clover/Wildflowers,1,0.2
39047,59,Sod/Grass Seed,27,6.0
39047,60,Switchgrass,416,92.5
39047,61,Fallow/Idle Cropland,271,60.3
39047,67,Peaches,2,0.4
39047,69,Grapes,3,0.7
39047,70,Christmas Trees,4,0.9
39047,111,Open Water,3167,704.3
39047,121,Developed/Open Space,22520,5008.3
39047,122,Developed/Low Intensity,22697,5047.7
39047,123,Developed/Medium Intensity,13533,3009.7
39047,124,Developed/High Intensity,4280,951.8
39047,131,Barren,2217,493.0
39047,141,Deciduous Forest,72412,16104.0
39047,142,Evergreen Forest,425,94.5
39047,143,Mixed Forest,832,185.0
39047,176,Grass/Pasture,122040,27141.0
39047,190,Woody Wetlands,13,2.9
39047,195,Herbaceous Wetlands,180,40.0
39047,205,Triticale,35,7.8
39047,221,Strawberries,2,0.4
39047,225,Dbl Crop WinWht/Corn,196,43.6
39047,229,Pumpkins,17,3.8
39047,236,Dbl Crop WinWht/Sorghum,16,3.6
39047,243,Cabbage,1,0.2
39047,254,Dbl Crop Barley/Soybeans,5,1.1
39049,1,Corn,51482,11449.3
39049,5,Soybeans,124936,27785.1
39049,6,Sunflowers,10,2.2
39049,12,Sweet Corn,47,10.5
39049,21,Barley,5,1.1
39049,23,Spring Wheat,152,33.8
39049,24,Winter Wheat,4679,1040.6
39049,26,Dbl Crop WinWht/Soybeans,9232,2053.1
39049,27,Rye,2,0.4
39049,28,Oats,6,1.3
39049,30,Speltz,3,0.7
39049,36,Alfalfa,794,176.6
39049,37,Other Hay/Non Alfalfa,29,6.4
39049,42,Dry Beans,22,4.9
39049,44,Other Crops,1,0.2
39049,47,Misc Vegs & Fruits,1,0.2
39049,53,Peas,3,0.7
39049,58,Clover/Wildflowers,4,0.9
39049,59,Sod/Grass Seed,1271,282.7
39049,60,Switchgrass,897,199.5
39049,61,Fallow/Idle Cropland,1386,308.2
39049,67,Peaches,2,0.4
39049,68,Apples,1,0.2
39049,111,Open Water,22968,5108.0
39049,121,Developed/Open Space,198246,44088.8
39049,122,Developed/Low Intensity,350377,77922.0
39049,123,Developed/Medium Intensity,324849,72244.7
39049,124,Developed/High Intensity,144841,32211.9
39049,131,Barren,12838,2855.1
39049,141,Deciduous Forest,154679,34399.8
39049,142,Evergreen Forest,1577,350.7
39049,143,Mixed Forest,1504,334.5
39049,152,Shrubland,2,0.4
39049,176,Grass/Pasture,155856,34661.5
39049,190,Woody Wetlands,6,1.3
39049,195,Herbaceous Wetlands,1151,256.0
39049,205,Triticale,27,6.0
39049,209,Cantaloupes,221,49.1
39049,221,Strawberries,73,16.2
39049,229,Pumpkins,12,2.7
39049,254,Dbl Crop Barley/Soybeans,25,5.6
39051,1,Corn,361339,80359.9
39051,4,Sorghum,410,91.2
39051,5,Soybeans,440935,98061.6
39051,12,Sweet Corn,1470,326.9
39051,13,Pop or Orn Corn,3,0.7
39051,21,Barley,66,14.7
39051,24,Winter Wheat,54538,12129.0
39051,26,Dbl Crop WinWht/Soybeans,464,103.2
39051,27,Rye,205,45.6
39051,28,Oats,50,11.1
39051,30,Speltz,1,0.2
39051,31,Canola,4,0.9
39051,36,Alfalfa,15498,3446.7
39051,37,Other Hay/Non Alfalfa,20,4.4
39051,39,Buckwheat,30,6.7
39051,42,Dry Beans,146,32.5
39051,43,Potatoes,519,115.4
39051,44,Other Crops,152,33.8
39051,47,Misc Vegs & Fruits,29,6.4
39051,50,Cucumbers,323,71.8
39051,54,Tomatoes,747,166.1
39051,56,Hops,3,0.7
39051,58,Clover/Wildflowers,244,54.3
39051,59,Sod/Grass Seed,2,0.4
39051,60,Switchgrass,428,95.2
39051,61,Fallow/Idle Cropland,1662,369.6
39051,67,Peaches,1,0.2
39051,68,Apples,22,4.9
39051,69,Grapes,27,6.0
39051,70,Christmas Trees,5,1.1
39051,76,Walnuts,72,16.0
39051,111,Open Water,4512,1003.4
39051,121,Developed/Open Space,36988,8225.9
39051,122,Developed/Low Intensity,38095,8472.1
39051,123,Developed/Medium Intensity,19251,4281.3
39051,124,Developed/High Intensity,8493,1888.8
39051,131,Barren,1312,291.8
39051,141,Deciduous Forest,86768,19296.7
39051,142,Evergreen Forest,2321,516.2
39051,143,Mixed Forest,393,87.4
39051,176,Grass/Pasture,71619,15927.7
39051,190,Woody Wetlands,20438,4545.3
39051,195,Herbaceous Wetlands,254,56.5
39051,205,Triticale,2,0.4
39051,206,Carrots,17,3.8
39051,216,Peppers,705,156.8
39051,221,Strawberries,3,0.7
39051,225,Dbl Crop WinWht/Corn,6,1.3
39051,228,Dbl Crop Triticale/Corn,391,87.0
39051,229,Pumpkins,575,127.9
39051,243,Cabbage,163,36.3
39051,254,Dbl Crop Barley/Soybeans,493,109.6
39053,1,Corn,10490,2332.9
39053,4,Sorghum,32,7.1
39053,5,Soybeans,19586,4355.8
39053,11,Tobacco,4,0.9
39053,12,Sweet Corn,351,78.1
39053,13,Pop or Orn Corn,7,1.6
39053,21,Barley,68,15.1
39053,24,Winter Wheat,216,48.0
39053,26,Dbl Crop WinWht/Soybeans,855,190.1
39053,27,Rye,8,1.8
39053,28,Oats,36,8.0
39053,30,Speltz,36,8.0
39053,36,Alfalfa,300,66.7
39053,37,Other Hay/Non Alfalfa,30,6.7
39053,42,Dry Beans,1,0.2
39053,43,Potatoes,22,4.9
39053,58,Clover/Wildflowers,40,8.9
39053,61,Fallow/Idle Cropland,55,12.2
39053,67,Peaches,1,0.2
39053,68,Apples,5,1.1
39053,111,Open Water,9095,2022.7
39053,121,Developed/Open Space,63379,14095.2
39053,122,Developed/Low Intensity,29583,6579.1
39053,123,Developed/Medium Intensity,7635,1698.0
39053,124,Developed/High Intensity,3073,683.4
39053,131,Barren,1778,395.4
39053,141,Deciduous Forest,913572,203173.5
39053,142,Evergreen Forest,15184,3376.8
39053,143,Mixed Forest,3876,862.0
39053,152,Shrubland,5,1.1
39053,176,Grass/Pasture,275835,61344.2
39053,190,Woody Wetlands,235,52.3
39053,195,Herbaceous Wetlands,319,70.9
39053,205,Triticale,35,7.8
39053,229,Pumpkins,15,3.3
39053,237,Dbl Crop Barley/Corn,61,13.6
39053,254,Dbl Crop Barley/Soybeans,25,5.6
39055,1,Corn,17341,3856.5
39055,4,Sorghum,772,171.7
39055,5,Soybeans,21206,4716.1
39055,6,Sunflowers,35,7.8
39055,12,Sweet Corn,216,48.0
39055,21,Barley,12,2.7
39055,23,Spring Wheat,9,2.0
39055,24,Winter Wheat,1168,259.8
39055,26,Dbl Crop WinWht/Soybeans,35,7.8
39055,27,Rye,120,26.7
39055,28,Oats,612,136.1
39055,30,Speltz,35,7.8
39055,36,Alfalfa,3296,733.0
39055,37,Other Hay/Non Alfalfa,1674,372.3
39055,39,Buckwheat,35,7.8
39055,47,Misc Vegs & Fruits,95,21.1
39055,53,Peas,1,0.2
39055,59,Sod/Grass Seed,1,0.2
39055,61,Fallow/Idle Cropland,98,21.8
39055,67,Peaches,15,3.3
39055,69,Grapes,418,93.0
39055,70,Christmas Trees,102,22.7
39055,111,Open Water,17290,3845.2
39055,121,Developed/Open Space,138597,30823.2
39055,122,Developed/Low Intensity,72371,16094.9
39055,123,Developed/Medium Intensity,14417,3206.3
39055,124,Developed/High Intensity,4992,1110.2
39055,131,Barren,2632,585.3
39055,141,Deciduous Forest,595684,132476.9
39055,142,Evergreen Forest,8645,1922.6
39055,143,Mixed Forest,11245,2500.8
39055,152,Shrubland,19,4.2
39055,176,Grass/Pasture,231697,51528.2
39055,190,Woody Wetlands,25304,5627.5
39055,195,Herbaceous Wetlands,4677,1040.1
39055,205,Triticale,11,2.4
39055,228,Dbl Crop Triticale/Corn,9,2.0
39055,229,Pumpkins,3,0.7
39055,254,Dbl Crop Barley/Soybeans,1,0.2
39057,1,Corn,246294,54774.5
39057,4,Sorghum,62,13.8
39057,5,Soybeans,307745,68440.8
39057,6,Sunflowers,17,3.8
39057,11,Tobacco,76,16.9
39057,12,Sweet Corn,272,60.5
39057,21,Barley,10,2.2
39057,24,Winter Wheat,4786,1064.4
39057,26,Dbl Crop WinWht/Soybeans,11629,2586.2
39057,27,Rye,8,1.8
39057,28,Oats,80,17.8
39057,29,Millet,29,6.4
39057,30,Speltz,100,22.2
39057,36,Alfalfa,5284,1175.1
39057,37,Other Hay/Non Alfalfa,284,63.2
39057,42,Dry Beans,605,134.5
39057,43,Potatoes,6,1.3
39057,44,Other Crops,22,4.9
39057,47,Misc Vegs & Fruits,49,10.9
39057,53,Peas,40,8.9
39057,54,Tomatoes,1,0.2
39057,58,Clover/Wildflowers,20,4.4
39057,59,Sod/Grass Seed,128,28.5
39057,60,Switchgrass,194,43.1
39057,61,Fallow/Idle Cropland,1589,353.4
39057,67,Peaches,19,4.2
39057,68,Apples,15,3.3
39057,69,Grapes,91,20.2
39057,70,Christmas Trees,14,3.1
39057,71,Other Tree Crops,1,0.2
39057,111,Open Water,6878,1529.6
39057,121,Developed/Open Space,117498,26130.9
39057,122,Developed/Low Intensity,91227,20288.4
39057,123,Developed/Medium Intensity,41423,9212.3
39057,124,Developed/High Intensity,11277,2507.9
39057,131,Barren,4229,940.5
39057,141,Deciduous Forest,185611,41278.9
39057,142,Evergreen Forest,1175,261.3
39057,143,Mixed Forest,735,163.5
39057,152,Shrubland,8,1.8
39057,176,Grass/Pasture,157642,35058.7
39057,190,Woody Wetlands,2,0.4
39057,195,Herbaceous Wetlands,873,194.2
39057,205,Triticale,7,1.6
39057,221,Strawberries,17,3.8
39057,225,Dbl Crop WinWht/Corn,2,0.4
39057,229,Pumpkins,68,15.1
39057,236,Dbl Crop WinWht/Sorghum,3,0.7
39057,242,Blueberries,9,2.0
39057,254,Dbl Crop Barley/Soybeans,5,1.1
39059,1,Corn,13114,2916.5
39059,4,Sorghum,4,0.9
39059,5,Soybeans,11059,2459.5
39059,6,Sunflowers,22,4.9
39059,21,Barley,1,0.2
39059,22,Durum Wheat,1,0.2
39059,24,Winter Wheat,24,5.3
39059,26,Dbl Crop WinWht/Soybeans,25,5.6
39059,27,Rye,19,4.2
39059,28,Oats,44,9.8
39059,37,Other Hay/Non Alfalfa,73,16.2
39059,42,Dry Beans,2,0.4
39059,58,Clover/Wildflowers,2,0.4
39059,61,Fallow/Idle Cropland,118,26.2
39059,67,Peaches,1,0.2
39059,70,Christmas Trees,7,1.6
39059,71,Other Tree Crops,30,6.7
39059,111,Open Water,21885,4867.1
39059,121,Developed/Open Space,98092,21815.1
39059,122,Developed/Low Intensity,25814,5740.9
39059,123,Developed/Medium Intensity,8833,1964.4
39059,124,Developed/High Intensity,4460,991.9
39059,131,Barren,936,208.2
39059,141,Deciduous Forest,920343,204679.4
39059,142,Evergreen Forest,5740,1276.5
39059,143,Mixed Forest,9856,2191.9
39059,152,Shrubland,5,1.1
39059,176,Grass/Pasture,394974,87840.1
39059,190,Woody Wetlands,3404,757.0
39059,195,Herbaceous Wetlands,1137,252.9
39059,205,Triticale,10,2.2
39059,225,Dbl Crop WinWht/Corn,24,5.3
39059,228,Dbl Crop Triticale/Corn,87,19.3
39059,229,Pumpkins,5,1.1
39059,254,Dbl Crop Barley/Soybeans,6,1.3
39061,1,Corn,15043,3345.5
39061,5,Soybeans,16148,3591.2
39061,6,Sunflowers,14,3.1
39061,11,Tobacco,12,2.7
39061,12,Sweet Corn,27,6.0
39061,21,Barley,8,1.8
39061,24,Winter Wheat,345,76.7
39061,26,Dbl Crop WinWht/Soybeans,617,137.2
39061,27,Rye,33,7.3
39061,28,Oats,19,4.2
39061,29,Millet,3,0.7
39061,36,Alfalfa,16,3.6
39061,37,Other Hay/Non Alfalfa,12,2.7
39061,42,Dry Beans,3,0.7
39061,44,Other Crops,17,3.8
39061,47,Misc Vegs & Fruits,10,2.2
39061,48,Watermelons,3,0.7
39061,54,Tomatoes,1,0.2
39061,59,Sod/Grass Seed,437,97.2
39061,61,Fallow/Idle Cropland,166,36.9
39061,67,Peaches,1,0.2
39061,70,Christmas Trees,9,2.0
39061,111,Open Water,22972,5108.8
39061,121,Developed/Open Space,261728,58206.9
39061,122,Developed/Low Intensity,233130,51846.9
39061,123,Developed/Medium Intensity,133399,29667.2
39061,124,Developed/High Intensity,64898,14433.0
39061,131,Barren,7040,1565.7
39061,141,Deciduous Forest,328480,73052.2
39061,142,Evergreen Forest,1077,239.5
39061,143,Mixed Forest,7986,1776.0
39061,152,Shrubland,42,9.3
39061,176,Grass/Pasture,93678,20833.5
39061,190,Woody Wetlands,33,7.3
39061,195,Herbaceous Wetlands,337,74.9
39061,222,Squash,2,0.4
39061,225,Dbl Crop WinWht/Corn,3,0.7
39061,229,Pumpkins,19,4.2
39061,240,Dbl Crop Soybeans/Oats,1,0.2
39063,1,Corn,388559,86413.4
39063,4,Sorghum,16,3.6
39063,5,Soybeans,667375,148420.6
39063,6,Sunflowers,532,118.3
39063,12,Sweet Corn,439,97.6
39063,13,Pop or Orn Corn,40,8.9
39063,21,Barley,180,40.0
39063,24,Winter Wheat,90413,20107.4
39063,26,Dbl Crop WinWht/Soybeans,4303,957.0
39063,27,Rye,252,56.0
39063,28,Oats,420,93.4
39063,30,Speltz,51,11.3
39063,36,Alfalfa,18490,4112.1
39063,37,Other Hay/Non Alfalfa,1980,440.3
39063,39,Buckwheat,4,0.9
39063,42,Dry Beans,26,5.8
39063,43,Potatoes,218,48.5
39063,44,Other Crops,21,4.7
39063,50,Cucumbers,55,12.2
39063,54,Tomatoes,860,191.3
39063,56,Hops,11,2.4
39063,58,Clover/Wildflowers,499,111.0
39063,60,Switchgrass,56,12.5
39063,61,Fallow/Idle Cropland,1759,391.2
39063,68,Apples,211,46.9
39063,69,Grapes,10,2.2
39063,70,Christmas Trees,174,38.7
39063,76,Walnuts,51,11.3
39063,111,Open Water,10651,2368.7
39063,121,Developed/Open Space,61706,13723.1
39063,122,Developed/Low Intensity,59836,13307.2
39063,123,Developed/Medium Intensity,29086,6468.6
39063,124,Developed/High Intensity,10907,2425.7
39063,131,Barren,840,186.8
39063,141,Deciduous Forest,122919,27336.5
39063,142,Evergreen Forest,645,143.4
39063,143,Mixed Forest,48,10.7
39063,152,Shrubland,4,0.9
39063,176,Grass/Pasture,57974,12893.1
39063,190,Woody Wetlands,962,213.9
39063,195,Herbaceous Wetlands,2782,618.7
39063,206,Carrots,10,2.2
39063,214,Broccoli,2,0.4
39063,216,Peppers,169,37.6
39063,221,Strawberries,176,39.1
39063,225,Dbl Crop WinWht/Corn,3,0.7
39063,243,Cabbage,3,0.7
39063,254,Dbl Crop Barley/Soybeans,19,4.2
39065,1,Corn,371985,82727.5
39065,4,Sorghum,39,8.7
39065,5,Soybeans,605281,134611.3
39065,6,Sunflowers,6,1.3
39065,12,Sweet Corn,52,11.6
39065,13,Pop or Orn Corn,1,0.2
39065,21,Barley,235,52.3
39065,24,Winter Wheat,38324,8523.1
39065,26,Dbl Crop WinWht/Soybeans,2604,579.1
39065,27,Rye,362,80.5
39065,28,Oats,1728,384.3
39065,30,Speltz,32,7.1
39065,36,Alfalfa,21279,4732.3
39065,37,Other Hay/Non Alfalfa,1469,326.7
39065,39,Buckwheat,2,0.4
39065,42,Dry Beans,183,40.7
39065,43,Potatoes,9,2.0
39065,44,Other Crops,19,4.2
39065,47,Misc Vegs & Fruits,3,0.7
39065,50,Cucumbers,8,1.8
39065,54,Tomatoes,1,0.2
39065,56,Hops,3,0.7
39065,58,Clover/Wildflowers,357,79.4
39065,60,Switchgrass,198,44.0
39065,61,Fallow/Idle Cropland,4389,976.1
39065,67,Peaches,14,3.1
39065,68,Apples,133,29.6
39065,69,Grapes,11,2.4
39065,70,Christmas Trees,80,17.8
39065,76,Walnuts,12,2.7
39065,111,Open Water,3227,717.7
39065,121,Developed/Open Space,40428,8991.0
39065,122,Developed/Low Intensity,27838,6191.0
39065,123,Developed/Medium Intensity,8879,1974.6
39065,124,Developed/High Intensity,3174,705.9
39065,131,Barren,699,155.5
39065,141,Deciduous Forest,119249,26520.3
39065,142,Evergreen Forest,296,65.8
39065,143,Mixed Forest,17,3.8
39065,152,Shrubland,2,0.4
39065,176,Grass/Pasture,97504,21684.4
39065,190,Woody Wetlands,497,110.5
39065,195,Herbaceous Wetlands,1705,379.2
39065,205,Triticale,30,6.7
39065,206,Carrots,1679,373.4
39065,216,Peppers,41,9.1
39065,221,Strawberries,112,24.9
39065,225,Dbl Crop WinWht/Corn,24,5.3
39065,228,Dbl Crop Triticale/Corn,135,30.0
39065,229,Pumpkins,5,1.1
39065,237,Dbl Crop Barley/Corn,1,0.2
39065,243,Cabbage,1,0.2
39065,254,Dbl Crop Barley/Soybeans,76,16.9
39067,1,Corn,9449,2101.4
39067,5,Soybeans,9627,2141.0
39067,6,Sunflowers,45,10.0
39067,12,Sweet Corn,75,16.7
39067,21,Barley,74,16.5
39067,22,Durum Wheat,2,0.4
39067,24,Winter Wheat,1194,265.5
39067,26,Dbl Crop WinWht/Soybeans,788,175.2
39067,27,Rye,9,2.0
39067,28,Oats,36,8.0
39067,30,Speltz,5,1.1
39067,36,Alfalfa,95,21.1
39067,37,Other Hay/Non Alfalfa,120,26.7
39067,42,Dry Beans,1,0.2
39067,44,Other Crops,44,9.8
39067,69,Grapes,4,0.9
39067,71,Other Tree Crops,42,9.3
39067,111,Open Water,26446,5881.4
39067,121,Developed/Open Space,61842,13753.3
39067,122,Developed/Low Intensity,12778,2841.8
39067,123,Developed/Medium Intensity,5398,1200.5
39067,124,Developed/High Intensity,3617,804.4
39067,131,Barren,2874,639.2
39067,141,Deciduous Forest,666075,148131.5
39067,142,Evergreen Forest,9049,2012.4
39067,143,Mixed Forest,14405,3203.6
39067,152,Shrubland,180,40.0
39067,176,Grass/Pasture,356662,79319.7
39067,190,Woody Wetlands,435,96.7
39067,195,Herbaceous Wetlands,490,109.0
39067,205,Triticale,3,0.7
39067,225,Dbl Crop WinWht/Corn,29,6.4
39067,228,Dbl Crop Triticale/Corn,10,2.2
39067,237,Dbl Crop Barley/Corn,4,0.9
39067,254,Dbl Crop Barley/Soybeans,9,2.0
39069,1,Corn,339132,75421.1
39069,4,Sorghum,1,0.2
39069,5,Soybeans,527723,117362.8
39069,6,Sunflowers,169,37.6
39069,12,Sweet Corn,188,41.8
39069,13,Pop or Orn Corn,12222,2718.1
39069,21,Barley,263,58.5
39069,24,Winter Wheat,94001,20905.3
39069,26,Dbl Crop WinWht/Soybeans,782,173.9
39069,27,Rye,545,121.2
39069,28,Oats,199,44.3
39069,30,Speltz,309,68.7
39069,36,Alfalfa,14216,3161.6
39069,37,Other Hay/Non Alfalfa,502,111.6
39069,39,Buckwheat,17,3.8
39069,42,Dry Beans,422,93.9
39069,43,Potatoes,610,135.7
39069,44,Other Crops,41,9.1
39069,47,Misc Vegs & Fruits,3,0.7
39069,50,Cucumbers,661,147.0
39069,54,Tomatoes,398,88.5
39069,56,Hops,1,0.2
39069,58,Clover/Wildflowers,697,155.0
39069,60,Switchgrass,358,79.6
39069,61,Fallow/Idle Cropland,2094,465.7
39069,68,Apples,27,6.0
39069,70,Christmas Trees,121,26.9
39069,76,Walnuts,403,89.6
39069,111,Open Water,13274,2952.1
39069,121,Developed/Open Space,35921,7988.6
39069,122,Developed/Low Intensity,33741,7503.8
39069,123,Developed/Medium Intensity,12001,2669.0
39069,124,Developed/High Intensity,4126,917.6
39069,131,Barren,657,146.1
39069,141,Deciduous Forest,71761,15959.3
39069,142,Evergreen Forest,812,180.6
39069,143,Mixed Forest,30,6.7
39069,152,Shrubland,3,0.7
39069,176,Grass/Pasture,33981,7557.2
39069,190,Woody Wetlands,2528,562.2
39069,195,Herbaceous Wetlands,881,195.9
39069,205,Triticale,1,0.2
39069,206,Carrots,29,6.4
39069,214,Broccoli,2,0.4
39069,216,Peppers,1202,267.3
39069,221,Strawberries,1,0.2
39069,229,Pumpkins,694,154.3
39069,243,Cabbage,6,1.3
39069,254,Dbl Crop Barley/Soybeans,42,9.3
39071,1,Corn,164994,36693.8
39071,4,Sorghum,102,22.7
39071,5,Soybeans,446414,99280.1
39071,6,Sunflowers,35,7.8
39071,11,Tobacco,399,88.7
39071,12,Sweet Corn,136,30.2
39071,24,Winter Wheat,5395,1199.8
39071,26,Dbl Crop WinWht/Soybeans,16387,3644.4
39071,27,Rye,126,28.0
39071,28,Oats,493,109.6
39071,29,Millet,19,4.2
39071,30,Speltz,200,44.5
39071,36,Alfalfa,6753,1501.8
39071,37,Other Hay/Non Alfalfa,2903,645.6
39071,42,Dry Beans,16,3.6
39071,44,Other Crops,388,86.3
39071,47,Misc Vegs & Fruits,543,120.8
39071,54,Tomatoes,2,0.4
39071,58,Clover/Wildflowers,171,38.0
39071,59,Sod/Grass Seed,228,50.7
39071,61,Fallow/Idle Cropland,1953,434.3
39071,67,Peaches,1,0.2
39071,70,Christmas Trees,12,2.7
39071,111,Open Water,15937,3544.3
39071,121,Developed/Open Space,58357,12978.3
39071,122,Developed/Low Intensity,29791,6625.4
39071,123,Developed/Medium Intensity,8533,1897.7
39071,124,Developed/High Intensity,2419,538.0
39071,131,Barren,2251,500.6
39071,141,Deciduous Forest,472544,105091.3
39071,142,Evergreen Forest,9102,2024.2
39071,143,Mixed Forest,8768,1950.0
39071,176,Grass/Pasture,349376,77699.4
39071,190,Woody Wetlands,1,0.2
39071,195,Herbaceous Wetlands,328,72.9
39071,205,Triticale,62,13.8
39071,225,Dbl Crop WinWht/Corn,85,18.9
39071,229,Pumpkins,127,28.2
39071,236,Dbl Crop WinWht/Sorghum,3,0.7
39071,254,Dbl Crop Barley/Soybeans,14,3.1
39073,1,Corn,10324,2296.0
39073,5,Soybeans,15933,3543.4
39073,12,Sweet Corn,38,8.5
39073,13,Pop or Orn Corn,6,1.3
39073,21,Barley,5,1.1
39073,24,Winter Wheat,283,62.9
39073,26,Dbl Crop WinWht/Soybeans,297,66.1
39073,28,Oats,2,0.4
39073,30,Speltz,33,7.3
39073,36,Alfalfa,21,4.7
39073,37,Other Hay/Non Alfalfa,9,2.0
39073,43,Potatoes,1,0.2
39073,58,Clover/Wildflowers,1,0.2
39073,61,Fallow/Idle Cropland,20,4.4
39073,111,Open Water,4534,1008.3
39073,121,Developed/Open Space,62624,13927.2
39073,122,Developed/Low Intensity,12518,2783.9
39073,123,Developed/Medium Intensity,4716,1048.8
39073,124,Developed/High Intensity,1277,284.0
39073,131,Barren,816,181.5
39073,141,Deciduous Forest,904391,201131.7
39073,142,Evergreen Forest,41948,9329.0
39073,143,Mixed Forest,23326,5187.6
39073,152,Shrubland,3,0.7
39073,176,Grass/Pasture,135514,30137.6
39073,190,Woody Wetlands,24,5.3
39073,195,Herbaceous Wetlands,221,49.1
39073,254,Dbl Crop Barley/Soybeans,25,5.6
39075,1,Corn,91810,20418.1
39075,4,Sorghum,32,7.1
39075,5,Soybeans,66230,14729.2
39075,6,Sunflowers,75,16.7
39075,12,Sweet Corn,30,6.7
39075,13,Pop or Orn Corn,2,0.4
39075,21,Barley,315,70.1
39075,22,Durum Wheat,4,0.9
39075,23,Spring Wheat,67,14.9
39075,24,Winter Wheat,3848,855.8
39075,25,Other Small Grains,1,0.2
39075,26,Dbl Crop WinWht/Soybeans,353,78.5
39075,27,Rye,171,38.0
39075,28,Oats,741,164.8
39075,30,Speltz,15,3.3
39075,36,Alfalfa,3429,762.6
39075,37,Other Hay/Non Alfalfa,492,109.4
39075,42,Dry Beans,4,0.9
39075,44,Other Crops,1,0.2
39075,47,Misc Vegs & Fruits,6,1.3
39075,50,Cucumbers,1,0.2
39075,53,Peas,2,0.4
39075,58,Clover/Wildflowers,171,38.0
39075,59,Sod/Grass Seed,6,1.3
39075,61,Fallow/Idle Cropland,117,26.0
39075,67,Peaches,6,1.3
39075,68,Apples,30,6.7
39075,69,Grapes,32,7.1
39075,70,Christmas Trees,101,22.5
39075,111,Open Water,4983,1108.2
39075,121,Developed/Open Space,67125,14928.2
39075,122,Developed/Low Intensity,23643,5258.1
39075,123,Developed/Medium Intensity,8793,1955.5
39075,124,Developed/High Intensity,4273,950.3
39075,131,Barren,1847,410.8
39075,141,Deciduous Forest,466668,103784.5
39075,142,Evergreen Forest,4994,1110.6
39075,143,Mixed Forest,4578,1018.1
39075,176,Grass/Pasture,458082,101875.0
39075,190,Woody Wetlands,4483,997.0
39075,195,Herbaceous Wetlands,1056,234.8
39075,205,Triticale,118,26.2
39075,225,Dbl Crop WinWht/Corn,670,149.0
39075,228,Dbl Crop Triticale/Corn,636,141.4
39075,229,Pumpkins,5,1.1
39075,237,Dbl Crop Barley/Corn,16,3.6
39075,254,Dbl Crop Barley/Soybeans,5,1.1
39077,1,Corn,264831,58897.0
39077,4,Sorghum,57,12.7
39077,5,Soybeans,567545,126219.0
39077,6,Sunflowers,9,2.0
39077,12,Sweet Corn,997,221.7
39077,13,Pop or Orn Corn,1263,280.9
39077,21,Barley,133,29.6
39077,24,Winter Wheat,28099,6249.1
39077,25,Other Small Grains,7,1.6
39077,26,Dbl Crop WinWht/Soybeans,24028,5343.7
39077,27,Rye,71,15.8
39077,28,Oats,589,131.0
39077,29,Millet,1,0.2
39077,30,Speltz,646,143.7
39077,36,Alfalfa,7769,1727.8
39077,37,Other Hay/Non Alfalfa,130,28.9
39077,39,Buckwheat,1,0.2
39077,44,Other Crops,3,0.7
39077,47,Misc Vegs & Fruits,2830,629.4
39077,50,Cucumbers,211,46.9
39077,54,Tomatoes,21,4.7
39077,58,Clover/Wildflowers,222,49.4
39077,61,Fallow/Idle Cropland,1332,296.2
39077,67,Peaches,22,4.9
39077,68,Apples,1,0.2
39077,69,Grapes,7,1.6
39077,70,Christmas Trees,10,2.2
39077,71,Other Tree Crops,3,0.7
39077,76,Walnuts,70,15.6
39077,111,Open Water,6547,1456.0
39077,121,Developed/Open Space,41225,9168.2
39077,122,Developed/Low Intensity,45159,10043.1
39077,123,Developed/Medium Intensity,16616,3695.3
39077,124,Developed/High Intensity,8101,1801.6
39077,131,Barren,1461,324.9
39077,141,Deciduous Forest,266204,59202.3
39077,142,Evergreen Forest,1411,313.8
39077,143,Mixed Forest,1489,331.1
39077,152,Shrubland,2,0.4
39077,176,Grass/Pasture,122858,27323.0
39077,190,Woody Wetlands,2427,539.8
39077,195,Herbaceous Wetlands,7329,1629.9
39077,205,Triticale,44,9.8
39077,207,Asparagus,5,1.1
39077,214,Broccoli,16,3.6
39077,216,Peppers,108,24.0
39077,220,Plums,3,0.7
39077,221,Strawberries,198,44.0
39077,224,Vetch,29,6.4
39077,225,Dbl Crop WinWht/Corn,989,219.9
39077,228,Dbl Crop Triticale/Corn,953,211.9
39077,229,Pumpkins,10,2.2
39077,237,Dbl Crop Barley/Corn,30,6.7
39077,242,Blueberries,28,6.2
39077,243,Cabbage,92,20.5
39077,249,Gourds,1,0.2
39077,254,Dbl Crop Barley/Soybeans,121,26.9
39079,1,Corn,9000,2001.6
39079,4,Sorghum,3,0.7
39079,5,Soybeans,21179,4710.1
39079,12,Sweet Corn,209,46.5
39079,13,Pop or Orn Corn,5,1.1
39079,21,Barley,70,15.6
39079,24,Winter Wheat,167,37.1
39079,26,Dbl Crop WinWht/Soybeans,1223,272.0
39079,27,Rye,10,2.2
39079,28,Oats,12,2.7
39079,30,Speltz,25,5.6
39079,36,Alfalfa,180,40.0
39079,37,Other Hay/Non Alfalfa,114,25.4
39079,43,Potatoes,9,2.0
39079,54,Tomatoes,4,0.9
39079,58,Clover/Wildflowers,9,2.0
39079,61,Fallow/Idle Cropland,775,172.4
39079,111,Open Water,5035,1119.8
39079,121,Developed/Open Space,58402,12988.3
39079,122,Developed/Low Intensity,21593,4802.2
39079,123,Developed/Medium Intensity,8929,1985.8
39079,124,Developed/High Intensity,2453,545.5
39079,131,Barren,2372,527.5
39079,141,Deciduous Forest,756646,168274.0
39079,142,Evergreen Forest,25590,5691.1
39079,143,Mixed Forest,7861,1748.2
39079,152,Shrubland,12,2.7
39079,176,Grass/Pasture,288932,64256.9
39079,190,Woody Wetlands,994,221.1
39079,195,Herbaceous Wetlands,608,135.2
39079,205,Triticale,185,41.1
39079,237,Dbl Crop Barley/Corn,159,35.4
39079,254,Dbl Crop Barley/Soybeans,95,21.1
39081,1,Corn,2187,486.4
39081,4,Sorghum,1,0.2
39081,5,Soybeans,4218,938.1
39081,6,Sunflowers,4,0.9
39081,12,Sweet Corn,3,0.7
39081,21,Barley,225,50.0
39081,24,Winter Wheat,600,133.4
39081,26,Dbl Crop WinWht/Soybeans,375,83.4
39081,27,Rye,16,3.6
39081,28,Oats,721,160.3
39081,30,Speltz,5,1.1
39081,36,Alfalfa,131,29.1
39081,37,Other Hay/Non Alfalfa,105,23.4
39081,44,Other Crops,1,0.2
39081,61,Fallow/Idle Cropland,1,0.2
39081,67,Peaches,24,5.3
39081,71,Other Tree Crops,3,0.7
39081,111,Open Water,11227,2496.8
39081,121,Developed/Open Space,74068,16472.3
39081,122,Developed/Low Intensity,33240,7392.4
39081,123,Developed/Medium Intensity,21218,4718.8
39081,124,Developed/High Intensity,9451,2101.9
39081,131,Barren,4739,1053.9
39081,141,Deciduous Forest,722938,160777.5
39081,142,Evergreen Forest,1682,374.1
39081,143,Mixed Forest,26568,5908.6
39081,152,Shrubland,20,4.4
39081,176,Grass/Pasture,268253,59658.0
39081,190,Woody Wetlands,8,1.8
39081,195,Herbaceous Wetlands,153,34.0
39081,205,Triticale,99,22.0
39081,225,Dbl Crop WinWht/Corn,2,0.4
39081,229,Pumpkins,14,3.1
39081,237,Dbl Crop Barley/Corn,17,3.8
39081,254,Dbl Crop Barley/Soybeans,1,0.2
39083,1,Corn,231238,51426.1
39083,4,Sorghum,6,1.3
39083,5,Soybeans,285051,63393.8
39083,6,Sunflowers,222,49.4
39083,12,Sweet Corn,186,41.4
39083,13,Pop or Orn Corn,4377,973.4
39083,21,Barley,46,10.2
39083,23,Spring Wheat,62,13.8
39083,24,Winter Wheat,7664,1704.4
39083,26,Dbl Crop WinWht/Soybeans,4789,1065.0
39083,27,Rye,52,11.6
39083,28,Oats,985,219.1
39083,30,Speltz,306,68.1
39083,36,Alfalfa,10130,2252.9
39083,37,Other Hay/Non Alfalfa,220,48.9
39083,58,Clover/Wildflowers,369,82.1
39083,59,Sod/Grass Seed,56,12.5
39083,60,Switchgrass,8,1.8
39083,61,Fallow/Idle Cropland,406,90.3
39083,66,Cherries,3,0.7
39083,67,Peaches,27,6.0
39083,69,Grapes,8,1.8
39083,111,Open Water,12210,2715.4
39083,121,Developed/Open Space,81119,18040.4
39083,122,Developed/Low Intensity,28182,6267.5
39083,123,Developed/Medium Intensity,10728,2385.8
39083,124,Developed/High Intensity,3834,852.7
39083,131,Barren,1917,426.3
39083,141,Deciduous Forest,492563,109543.4
39083,142,Evergreen Forest,7515,1671.3
39083,143,Mixed Forest,3363,747.9
39083,152,Shrubland,1,0.2
39083,176,Grass/Pasture,334474,74385.2
39083,190,Woody Wetlands,27,6.0
39083,195,Herbaceous Wetlands,486,108.1
39083,205,Triticale,424,94.3
39083,209,Cantaloupes,84,18.7
39083,221,Strawberries,1,0.2
39083,225,Dbl Crop WinWht/Corn,414,92.1
39083,228,Dbl Crop Triticale/Corn,323,71.8
39083,229,Pumpkins,64,14.2
39083,242,Blueberries,5,1.1
39083,254,Dbl Crop Barley/Soybeans,661,147.0
39085,1,Corn,2174,483.5
39085,4,Sorghum,64,14.2
39085,5,Soybeans,4808,1069.3
39085,12,Sweet Corn,415,92.3
39085,24,Winter Wheat,504,112.1
39085,27,Rye,278,61.8
39085,28,Oats,634,141.0
39085,36,Alfalfa,817,181.7
39085,37,Other Hay/Non Alfalfa,90,20.0
39085,39,Buckwheat,8,1.8
39085,47,Misc Vegs & Fruits,66,14.7
39085,67,Peaches,48,10.7
39085,69,Grapes,958,213.1
39085,111,Open Water,5272,1172.5
39085,121,Developed/Open Space,108273,24079.3
39085,122,Developed/Low Intensity,157897,35115.4
39085,123,Developed/Medium Intensity,54103,12032.2
39085,124,Developed/High Intensity,19099,4247.5
39085,131,Barren,4093,910.3
39085,141,Deciduous Forest,212038,47156.1
39085,142,Evergreen Forest,2039,453.5
39085,143,Mixed Forest,9377,2085.4
39085,152,Shrubland,228,50.7
39085,176,Grass/Pasture,75357,16759.0
39085,190,Woody Wetlands,1158,257.5
39085,195,Herbaceous Wetlands,5162,1148.0
39085,225,Dbl Crop WinWht/Corn,2,0.4
39087,1,Corn,2853,634.5
39087,4,Sorghum,2,0.4
39087,5,Soybeans,6431,1430.2
39087,11,Tobacco,17,3.8
39087,12,Sweet Corn,91,20.2
39087,24,Winter Wheat,75,16.7
39087,26,Dbl Crop WinWht/Soybeans,1628,362.1
39087,30,Speltz,1,0.2
39087,36,Alfalfa,113,25.1
39087,37,Other Hay/Non Alfalfa,9,2.0
39087,47,Misc Vegs & Fruits,4,0.9
39087,58,Clover/Wildflowers,248,55.2
39087,67,Peaches,22,4.9
39087,68,Apples,2,0.4
39087,111,Open Water,7832,1741.8
39087,121,Developed/Open Space,62509,13901.7
39087,122,Developed/Low Intensity,43661,9710.0
39087,123,Developed/Medium Intensity,15291,3400.6
39087,124,Developed/High Intensity,4674,1039.5
39087,131,Barren,543,120.8
39087,141,Deciduous Forest,1055239,234679.5
39087,142,Evergreen Forest,4246,944.3
39087,143,Mixed Forest,7735,1720.2
39087,152,Shrubland,6,1.3
39087,176,Grass/Pasture,101820,22644.2
39087,190,Woody Wetlands,236,52.5
39087,195,Herbaceous Wetlands,461,102.5
39087,229,Pumpkins,169,37.6
39089,1,Corn,217179,48299.4
39089,4,Sorghum,5,1.1
39089,5,Soybeans,321287,71452.5
39089,6,Sunflowers,60,13.3
39089,12,Sweet Corn,123,27.4
39089,13,Pop or Orn Corn,77,17.1
39089,21,Barley,149,33.1
39089,23,Spring Wheat,173,38.5
39089,24,Winter Wheat,8286,1842.8
39089,26,Dbl Crop WinWht/Soybeans,7149,1589.9
39089,27,Rye,12,2.7
39089,28,Oats,259,57.6
39089,30,Speltz,48,10.7
39089,36,Alfalfa,4638,1031.5
39089,37,Other Hay/Non Alfalfa,261,58.0
39089,44,Other Crops,11,2.4
39089,58,Clover/Wildflowers,5,1.1
39089,59,Sod/Grass Seed,31,6.9
39089,60,Switchgrass,120,26.7
39089,61,Fallow/Idle Cropland,790,175.7
39089,66,Cherries,52,11.6
39089,67,Peaches,117,26.0
39089,68,Apples,7,1.6
39089,70,Christmas Trees,33,7.3
39089,111,Open Water,12211,2715.7
39089,121,Developed/Open Space,125129,27828.0
39089,122,Developed/Low Intensity,86558,19250.0
39089,123,Developed/Medium Intensity,45669,10156.5
39089,124,Developed/High Intensity,18460,4105.4
39089,131,Barren,7557,1680.6
39089,141,Deciduous Forest,663885,147644.5
39089,142,Evergreen Forest,9524,2118.1
39089,143,Mixed Forest,5439,1209.6
39089,152,Shrubland,15,3.3
39089,176,Grass/Pasture,441052,98087.6
39089,190,Woody Wetlands,93,20.7
39089,195,Herbaceous Wetlands,705,156.8
39089,205,Triticale,102,22.7
39089,209,Cantaloupes,147,32.7
39089,221,Strawberries,1,0.2
39089,225,Dbl Crop WinWht/Corn,115,25.6
39089,228,Dbl Crop Triticale/Corn,99,22.0
39089,229,Pumpkins,81,18.0
39089,242,Blueberries,46,10.2
39089,254,Dbl Crop Barley/Soybeans,687,152.8
39091,1,Corn,292791,65115.2
39091,5,Soybeans,454355,101046.1
39091,6,Sunflowers,27,6.0
39091,12,Sweet Corn,87,19.3
39091,21,Barley,1197,266.2
39091,24,Winter Wheat,17555,3904.1
39091,26,Dbl Crop WinWht/Soybeans,4758,1058.2
39091,27,Rye,184,40.9
39091,28,Oats,1382,307.3
39091,29,Millet,12,2.7
39091,30,Speltz,62,13.8
39091,36,Alfalfa,24766,5507.8
39091,37,Other Hay/Non Alfalfa,277,61.6
39091,42,Dry Beans,692,153.9
39091,43,Potatoes,63,14.0
39091,44,Other Crops,2,0.4
39091,47,Misc Vegs & Fruits,13,2.9
39091,53,Peas,35,7.8
39091,58,Clover/Wildflowers,188,41.8
39091,60,Switchgrass,1242,276.2
39091,61,Fallow/Idle Cropland,1769,393.4
39091,67,Peaches,136,30.2
39091,68,Apples,97,21.6
39091,69,Grapes,82,18.2
39091,70,Christmas Trees,2,0.4
39091,111,Open Water,27466,6108.3
39091,121,Developed/Open Space,67610,15036.1
39091,122,Developed/Low Intensity,34914,7764.7
39091,123,Developed/Medium Intensity,15750,3502.7
39091,124,Developed/High Intensity,6055,1346.6
39091,131,Barren,2469,549.1
39091,141,Deciduous Forest,229964,51142.8
39091,142,Evergreen Forest,1710,380.3
39091,143,Mixed Forest,2,0.4
39091,152,Shrubland,9,2.0
39091,176,Grass/Pasture,152528,33921.4
39091,190,Woody Wetlands,982,218.4
39091,195,Herbaceous Wetlands,2067,459.7
39091,205,Triticale,13,2.9
39091,225,Dbl Crop WinWht/Corn,2,0.4
39091,228,Dbl Crop Triticale/Corn,10,2.2
39091,229,Pumpkins,3,0.7
39091,236,Dbl Crop WinWht/Sorghum,2,0.4
39091,237,Dbl Crop Barley/Corn,7,1.6
39091,254,Dbl Crop Barley/Soybeans,144,32.0
39093,1,Corn,94095,20926.2
39093,4,Sorghum,154,34.2
39093,5,Soybeans,277110,61627.8
39093,6,Sunflowers,95,21.1
39093,12,Sweet Corn,337,74.9
39093,13,Pop or Orn Corn,2,0.4
39093,21,Barley,8,1.8
39093,23,Spring Wheat,2,0.4
39093,24,Winter Wheat,9045,2011.6
39093,25,Other Small Grains,19,4.2
39093,26,Dbl Crop WinWht/Soybeans,2476,550.6
39093,27,Rye,223,49.6
39093,28,Oats,144,32.0
39093,29,Millet,6,1.3
39093,30,Speltz,513,114.1
39093,36,Alfalfa,4857,1080.2
39093,37,Other Hay/Non Alfalfa,133,29.6
39093,39,Buckwheat,127,28.2
39093,44,Other Crops,42,9.3
39093,47,Misc Vegs & Fruits,65,14.5
39093,50,Cucumbers,180,40.0
39093,54,Tomatoes,17,3.8
39093,58,Clover/Wildflowers,316,70.3
39093,61,Fallow/Idle Cropland,2609,580.2
39093,67,Peaches,19,4.2
39093,68,Apples,313,69.6
39093,69,Grapes,243,54.0
39093,70,Christmas Trees,235,52.3
39093,76,Walnuts,32,7.1
39093,111,Open Water,9961,2215.3
39093,121,Developed/Open Space,139985,31131.9
39093,122,Developed/Low Intensity,162930,36234.8
39093,123,Developed/Medium Intensity,80523,17907.9
39093,124,Developed/High Intensity,30627,6811.3
39093,131,Barren,3979,884.9
39093,141,Deciduous Forest,369250,82119.2
39093,142,Evergreen Forest,2564,570.2
39093,143,Mixed Forest,4851,1078.8
39093,152,Shrubland,25,5.6
39093,176,Grass/Pasture,214705,47749.2
39093,190,Woody Wetlands,6705,1491.2
39093,195,Herbaceous Wetlands,2725,606.0
39093,205,Triticale,252,56.0
39093,207,Asparagus,1,0.2
39093,214,Broccoli,6,1.3
39093,216,Peppers,8,1.8
39093,220,Plums,27,6.0
39093,221,Strawberries,45,10.0
39093,224,Vetch,6,1.3
39093,225,Dbl Crop WinWht/Corn,3,0.7
39093,228,Dbl Crop Triticale/Corn,1005,223.5
39093,229,Pumpkins,232,51.6
39093,237,Dbl Crop Barley/Corn,7,1.6
39093,242,Blueberries,2,0.4
39093,243,Cabbage,31,6.9
39093,254,Dbl Crop Barley/Soybeans,101,22.5
39095,1,Corn,80890,17989.5
39095,4,Sorghum,14,3.1
39095,5,Soybeans,144858,32215.6
39095,6,Sunflowers,3,0.7
39095,12,Sweet Corn,157,34.9
39095,13,Pop or Orn Corn,12,2.7
39095,21,Barley,1,0.2
39095,24,Winter Wheat,18336,4077.8
39095,26,Dbl Crop WinWht/Soybeans,498,110.8
39095,27,Rye,72,16.0
39095,28,Oats,59,13.1
39095,29,Millet,38,8.5
39095,36,Alfalfa,4584,1019.5
39095,37,Other Hay/Non Alfalfa,26,5.8
39095,39,Buckwheat,26,5.8
39095,42,Dry Beans,48,10.7
39095,43,Potatoes,62,13.8
39095,44,Other Crops,132,29.4
39095,47,Misc Vegs & Fruits,85,18.9
39095,50,Cucumbers,100,22.2
39095,54,Tomatoes,125,27.8
39095,56,Hops,1,0.2
39095,58,Clover/Wildflowers,85,18.9
39095,60,Switchgrass,794,176.6
39095,61,Fallow/Idle Cropland,3371,749.7
39095,68,Apples,394,87.6
39095,69,Grapes,96,21.3
39095,70,Christmas Trees,22,4.9
39095,71,Other Tree Crops,1,0.2
39095,76,Walnuts,91,20.2
39095,111,Open Water,29772,6621.1
39095,121,Developed/Open Space,106274,23634.8
39095,122,Developed/Low Intensity,175110,38943.5
39095,123,Developed/Medium Intensity,131234,29185.7
39095,124,Developed/High Intensity,60651,13488.5
39095,131,Barren,4096,910.9
39095,141,Deciduous Forest,134262,29859.2
39095,142,Evergreen Forest,4081,907.6
39095,143,Mixed Forest,325,72.3
39095,152,Shrubland,8,1.8
39095,176,Grass/Pasture,62210,13835.2
39095,190,Woody Wetlands,13884,3087.7
39095,195,Herbaceous Wetlands,19506,4338.0
39095,206,Carrots,14,3.1
39095,216,Peppers,181,40.3
39095,221,Strawberries,24,5.3
39095,225,Dbl Crop WinWht/Corn,3,0.7
39095,229,Pumpkins,292,64.9
39095,243,Cabbage,1,0.2
39095,254,Dbl Crop Barley/Soybeans,9,2.0
39097,1,Corn,429006,95408.6
39097,5,Soybeans,548243,121926.3
39097,6,Sunflowers,5,1.1
39097,11,Tobacco,2,0.4
39097,12,Sweet Corn,114,25.4
39097,13,Pop or Orn Corn,1314,292.2
39097,21,Barley,51,11.3
39097,23,Spring Wheat,19,4.2
39097,24,Winter Wheat,18127,4031.3
39097,26,Dbl Crop WinWht/Soybeans,13271,2951.4
39097,27,Rye,12,2.7
39097,28,Oats,391,87.0
39097,29,Millet,12,2.7
39097,30,Speltz,26,5.8
39097,36,Alfalfa,8973,1995.5
39097,37,Other Hay/Non Alfalfa,303,67.4
39097,42,Dry Beans,1555,345.8
39097,43,Potatoes,9,2.0
39097,44,Other Crops,5,1.1
39097,47,Misc Vegs & Fruits,29,6.4
39097,53,Peas,51,11.3
39097,58,Clover/Wildflowers,217,48.3
39097,59,Sod/Grass Seed,7,1.6
39097,60,Switchgrass,2708,602.2
39097,61,Fallow/Idle Cropland,3094,688.1
39097,67,Peaches,6,1.3
39097,69,Grapes,14,3.1
39097,70,Christmas Trees,24,5.3
39097,111,Open Water,4580,1018.6
39097,121,Developed/Open Space,40045,8905.8
39097,122,Developed/Low Intensity,32153,7150.7
39097,123,Developed/Medium Intensity,14798,3291.0
39097,124,Developed/High Intensity,6050,1345.5
39097,131,Barren,2026,450.6
39097,141,Deciduous Forest,89084,19811.8
39097,142,Evergreen Forest,317,70.5
39097,143,Mixed Forest,32,7.1
39097,152,Shrubland,1,0.2
39097,176,Grass/Pasture,124133,27606.5
39097,190,Woody Wetlands,33,7.3
39097,195,Herbaceous Wetlands,679,151.0
39097,205,Triticale,1,0.2
39097,225,Dbl Crop WinWht/Corn,4,0.9
39097,228,Dbl Crop Triticale/Corn,26,5.8
39097,229,Pumpkins,3,0.7
39097,237,Dbl Crop Barley/Corn,88,19.6
39097,243,Cabbage,3,0.7
39097,254,Dbl Crop Barley/Soybeans,40,8.9
39099,1,Corn,56513,12568.2
39099,4,Sorghum,1,0.2
39099,5,Soybeans,82377,18320.2
39099,6,Sunflowers,43,9.6
39099,12,Sweet Corn,387,86.1
39099,13,Pop or Orn Corn,56,12.5
39099,21,Barley,196,43.6
39099,23,Spring Wheat,5,1.1
39099,24,Winter Wheat,6542,1454.9
39099,26,Dbl Crop WinWht/Soybeans,2208,491.0
39099,27,Rye,32,7.1
39099,28,Oats,375,83.4
39099,30,Speltz,22,4.9
39099,36,Alfalfa,2464,548.0
39099,37,Other Hay/Non Alfalfa,39,8.7
39099,41,Sugarbeets,3,0.7
39099,42,Dry Beans,9,2.0
39099,44,Other Crops,37,8.2
39099,53,Peas,28,6.2
39099,54,Tomatoes,132,29.4
39099,59,Sod/Grass Seed,1,0.2
39099,60,Switchgrass,14,3.1
39099,61,Fallow/Idle Cropland,62,13.8
39099,67,Peaches,65,14.5
39099,68,Apples,29,6.4
39099,70,Christmas Trees,139,30.9
39099,111,Open Water,28843,6414.5
39099,121,Developed/Open Space,141095,31378.8
39099,122,Developed/Low Intensity,150535,33478.2
39099,123,Developed/Medium Intensity,53943,11996.6
39099,124,Developed/High Intensity,22261,4950.7
39099,131,Barren,3445,766.1
39099,141,Deciduous Forest,406729,90454.4
39099,142,Evergreen Forest,1266,281.6
39099,143,Mixed Forest,7533,1675.3
39099,152,Shrubland,4,0.9
39099,176,Grass/Pasture,249192,55419.0
39099,190,Woody Wetlands,2427,539.8
39099,195,Herbaceous Wetlands,759,168.8
39099,205,Triticale,1,0.2
39099,216,Peppers,115,25.6
39099,220,Plums,3,0.7
39099,225,Dbl Crop WinWht/Corn,120,26.7
39099,228,Dbl Crop Triticale/Corn,1226,272.7
39099,229,Pumpkins,308,68.5
39099,242,Blueberries,10,2.2
39099,254,Dbl Crop Barley/Soybeans,128,28.5
39101,1,Corn,237306,52775.6
39101,4,Sorghum,26,5.8
39101,5,Soybeans,526363,117060.3
39101,6,Sunflowers,1,0.2
39101,12,Sweet Corn,51,11.3
39101,13,Pop or Orn Corn,1,0.2
39101,21,Barley,2106,468.4
39101,23,Spring Wheat,10,2.2
39101,24,Winter Wheat,20165,4484.6
39101,25,Other Small Grains,3,0.7
39101,26,Dbl Crop WinWht/Soybeans,8675,1929.3
39101,27,Rye,6,1.3
39101,28,Oats,341,75.8
39101,30,Speltz,17,3.8
39101,36,Alfalfa,4442,987.9
39101,37,Other Hay/Non Alfalfa,180,40.0
39101,42,Dry Beans,7,1.6
39101,43,Potatoes,4,0.9
39101,44,Other Crops,1,0.2
39101,47,Misc Vegs & Fruits,263,58.5
39101,50,Cucumbers,11,2.4
39101,56,Hops,1,0.2
39101,58,Clover/Wildflowers,153,34.0
39101,59,Sod/Grass Seed,1,0.2
39101,60,Switchgrass,275,61.2
39101,61,Fallow/Idle Cropland,5644,1255.2
39101,66,Cherries,1,0.2
39101,67,Peaches,12,2.7
39101,68,Apples,7,1.6
39101,70,Christmas Trees,3,0.7
39101,76,Walnuts,160,35.6
39101,111,Open Water,5689,1265.2
39101,121,Developed/Open Space,34223,7611.0
39101,122,Developed/Low Intensity,45383,10092.9
39101,123,Developed/Medium Intensity,18468,4107.2
39101,124,Developed/High Intensity,9055,2013.8
39101,131,Barren,1398,310.9
39101,141,Deciduous Forest,115171,25613.4
39101,142,Evergreen Forest,206,45.8
39101,143,Mixed Forest,211,46.9
39101,152,Shrubland,3,0.7
39101,176,Grass/Pasture,121369,26991.8
39101,190,Woody Wetlands,923,205.3
39101,195,Herbaceous Wetlands,3522,783.3
39101,205,Triticale,5,1.1
39101,206,Carrots,1,0.2
39101,209,Cantaloupes,6,1.3
39101,216,Peppers,2,0.4
39101,221,Strawberries,10,2.2
39101,224,Vetch,25,5.6
39101,225,Dbl Crop WinWht/Corn,56,12.5
39101,228,Dbl Crop Triticale/Corn,119,26.5
39101,229,Pumpkins,1,0.2
39101,236,Dbl Crop WinWht/Sorghum,2,0.4
39101,237,Dbl Crop Barley/Corn,37,8.2
39101,243,Cabbage,4,0.9
39101,254,Dbl Crop Barley/Soybeans,131,29.1
39103,1,Corn,65623,14594.2
39103,4,Sorghum,146,32.5
39103,5,Soybeans,123985,27573.6
39103,6,Sunflowers,61,13.6
39103,12,Sweet Corn,468,104.1
39103,21,Barley,93,20.7
39103,23,Spring Wheat,11,2.4
39103,24,Winter Wheat,6938,1543.0
39103,25,Other Small Grains,9,2.0
39103,26,Dbl Crop WinWht/Soybeans,3113,692.3
39103,27,Rye,31,6.9
39103,28,Oats,446,99.2
39103,30,Speltz,165,36.7
39103,36,Alfalfa,2961,658.5
39103,37,Other Hay/Non Alfalfa,23,5.1
39103,44,Other Crops,436,97.0
39103,47,Misc Vegs & Fruits,103,22.9
39103,50,Cucumbers,17,3.8
39103,53,Peas,1,0.2
39103,54,Tomatoes,2,0.4
39103,58,Clover/Wildflowers,49,10.9
39103,59,Sod/Grass Seed,183,40.7
39103,61,Fallow/Idle Cropland,872,193.9
39103,69,Grapes,1,0.2
39103,70,Christmas Trees,454,101.0
39103,76,Walnuts,1,0.2
39103,111,Open Water,10630,2364.1
39103,121,Developed/Open Space,119521,26580.8
39103,122,Developed/Low Intensity,119078,26482.3
39103,123,Developed/Medium Intensity,43880,9758.7
39103,124,Developed/High Intensity,10878,2419.2
39103,131,Barren,1152,256.2
39103,141,Deciduous Forest,361308,80353.0
39103,142,Evergreen Forest,4408,980.3
39103,143,Mixed Forest,8370,1861.4
39103,176,Grass/Pasture,326780,72674.1
39103,190,Woody Wetlands,3508,780.2
39103,195,Herbaceous Wetlands,989,219.9
39103,205,Triticale,5,1.1
39103,221,Strawberries,9,2.0
39103,225,Dbl Crop WinWht/Corn,60,13.3
39103,228,Dbl Crop Triticale/Corn,300,66.7
39103,229,Pumpkins,21,4.7
39103,237,Dbl Crop Barley/Corn,20,4.4
39103,254,Dbl Crop Barley/Soybeans,2,0.4
39105,1,Corn,7862,1748.5
39105,4,Sorghum,7,1.6
39105,5,Soybeans,12661,2815.7
39105,12,Sweet Corn,1815,403.6
39105,13,Pop or Orn Corn,6,1.3
39105,21,Barley,206,45.8
39105,24,Winter Wheat,244,54.3
39105,26,Dbl Crop WinWht/Soybeans,260,57.8
39105,27,Rye,139,30.9
39105,28,Oats,72,16.0
39105,29,Millet,13,2.9
39105,30,Speltz,4,0.9
39105,36,Alfalfa,48,10.7
39105,37,Other Hay/Non Alfalfa,13,2.9
39105,42,Dry Beans,294,65.4
39105,43,Potatoes,136,30.2
39105,44,Other Crops,17,3.8
39105,111,Open Water,11469,2550.6
39105,121,Developed/Open Space,64665,14381.1
39105,122,Developed/Low Intensity,19910,4427.9
39105,123,Developed/Medium Intensity,4334,963.9
39105,124,Developed/High Intensity,1597,355.2
39105,131,Barren,1901,422.8
39105,141,Deciduous Forest,876695,194972.3
39105,142,Evergreen Forest,7650,1701.3
39105,143,Mixed Forest,8589,1910.1
39105,152,Shrubland,5,1.1
39105,176,Grass/Pasture,222840,49558.4
39105,190,Woody Wetlands,33,7.3
39105,195,Herbaceous Wetlands,160,35.6
39105,216,Peppers,2,0.4
39105,225,Dbl Crop WinWht/Corn,134,29.8
39105,229,Pumpkins,27,6.0
39105,254,Dbl Crop Barley/Soybeans,242,53.8
39107,1,Corn,462218,102794.8
39107,4,Sorghum,39,8.7
39107,5,Soybeans,504259,112144.5
39107,6,Sunflowers,1,0.2
39107,12,Sweet Corn,131,29.1
39107,13,Pop or Orn Corn,81,18.0
39107,21,Barley,889,197.7
39107,24,Winter Wheat,43687,9715.8
39107,26,Dbl Crop WinWht/Soybeans,7931,1763.8
39107,27,Rye,243,54.0
39107,28,Oats,986,219.3
39107,29,Millet,9,2.0
39107,30,Speltz,26,5.8
39107,31,Canola,9,2.0
39107,36,Alfalfa,19021,4230.2
39107,37,Other Hay/Non Alfalfa,880,195.7
39107,39,Buckwheat,2,0.4
39107,42,Dry Beans,135,30.0
39107,44,Other Crops,38,8.5
39107,47,Misc Vegs & Fruits,2,0.4
39107,50,Cucumbers,27,6.0
39107,53,Peas,4,0.9
39107,54,Tomatoes,111,24.7
39107,58,Clover/Wildflowers,924,205.5
39107,59,Sod/Grass Seed,114,25.4
39107,60,Switchgrass,34,7.6
39107,61,Fallow/Idle Cropland,964,214.4
39107,67,Peaches,9,2.0
39107,68,Apples,10,2.2
39107,69,Grapes,13,2.9
39107,70,Christmas Trees,146,32.5
39107,76,Walnuts,6,1.3
39107,111,Open Water,50977,11337.0
39107,121,Developed/Open Space,42968,9555.9
39107,122,Developed/Low Intensity,37789,8404.1
39107,123,Developed/Medium Intensity,22651,5037.5
39107,124,Developed/High Intensity,7484,1664.4
39107,131,Barren,3803,845.8
39107,141,Deciduous Forest,75724,16840.6
39107,142,Evergreen Forest,43,9.6
39107,143,Mixed Forest,2,0.4
39107,152,Shrubland,3,0.7
39107,176,Grass/Pasture,66208,14724.3
39107,190,Woody Wetlands,8192,1821.9
39107,195,Herbaceous Wetlands,1790,398.1
39107,205,Triticale,338,75.2
39107,216,Peppers,1,0.2
39107,221,Strawberries,15,3.3
39107,222,Squash,25,5.6
39107,225,Dbl Crop WinWht/Corn,340,75.6
39107,228,Dbl Crop Triticale/Corn,165,36.7
39107,229,Pumpkins,28,6.2
39107,236,Dbl Crop WinWht/Sorghum,20,4.4
39107,237,Dbl Crop Barley/Corn,337,74.9
39107,254,Dbl Crop Barley/Soybeans,756,168.1
39109,1,Corn,336524,74841.1
39109,4,Sorghum,7,1.6
39109,5,Soybeans,364144,80983.7
39109,6,Sunflowers,22,4.9
39109,12,Sweet Corn,80,17.8
39109,13,Pop or Orn Corn,4,0.9
39109,21,Barley,11,2.4
39109,24,Winter Wheat,9236,2054.0
39109,26,Dbl Crop WinWht/Soybeans,4419,982.8
39109,27,Rye,58,12.9
39109,28,Oats,447,99.4
39109,29,Millet,72,16.0
39109,30,Speltz,35,7.8
39109,36,Alfalfa,10248,2279.1
39109,37,Other Hay/Non Alfalfa,277,61.6
39109,42,Dry Beans,874,194.4
39109,43,Potatoes,15,3.3
39109,44,Other Crops,273,60.7
39109,47,Misc Vegs & Fruits,152,33.8
39109,53,Peas,186,41.4
39109,58,Clover/Wildflowers,174,38.7
39109,59,Sod/Grass Seed,34,7.6
39109,60,Switchgrass,742,165.0
39109,61,Fallow/Idle Cropland,1052,234.0
39109,67,Peaches,63,14.0
39109,68,Apples,25,5.6
39109,69,Grapes,133,29.6
39109,70,Christmas Trees,169,37.6
39109,111,Open Water,8171,1817.2
39109,121,Developed/Open Space,79832,17754.2
39109,122,Developed/Low Intensity,56079,12471.7
39109,123,Developed/Medium Intensity,31106,6917.8
39109,124,Developed/High Intensity,9208,2047.8
39109,131,Barren,2916,648.5
39109,141,Deciduous Forest,130937,29119.7
39109,142,Evergreen Forest,803,178.6
39109,152,Shrubland,24,5.3
39109,176,Grass/Pasture,127003,28244.8
39109,190,Woody Wetlands,42,9.3
39109,195,Herbaceous Wetlands,1956,435.0
39109,205,Triticale,317,70.5
39109,228,Dbl Crop Triticale/Corn,16,3.6
39109,229,Pumpkins,1,0.2
39109,236,Dbl Crop WinWht/Sorghum,4,0.9
39109,237,Dbl Crop Barley/Corn,6,1.3
39109,242,Blueberries,1,0.2
39109,243,Cabbage,1,0.2
39109,254,Dbl Crop Barley/Soybeans,38,8.5
39111,1,Corn,1831,407.2
39111,4,Sorghum,28,6.2
39111,5,Soybeans,672,149.4
39111,6,Sunflowers,20,4.4
39111,12,Sweet Corn,54,12.0
39111,21,Barley,122,27.1
39111,24,Winter Wheat,17,3.8
39111,26,Dbl Crop WinWht/Soybeans,20,4.4
39111,27,Rye,8,1.8
39111,28,Oats,24,5.3
39111,29,Millet,1,0.2
39111,30,Speltz,19,4.2
39111,36,Alfalfa,46,10.2
39111,37,Other Hay/Non Alfalfa,32,7.1
39111,42,Dry Beans,3,0.7
39111,43,Potatoes,20,4.4
39111,44,Other Crops,33,7.3
39111,68,Apples,1,0.2
39111,71,Other Tree Crops,11,2.4
39111,111,Open Water,6169,1372.0
39111,121,Developed/Open Space,77998,17346.3
39111,122,Developed/Low Intensity,8842,1966.4
39111,123,Developed/Medium Intensity,3404,757.0
39111,124,Developed/High Intensity,2376,528.4
39111,131,Barren,615,136.8
39111,141,Deciduous Forest,969116,215526.2
39111,142,Evergreen Forest,9436,2098.5
39111,143,Mixed Forest,18238,4056.0
39111,152,Shrubland,5,1.1
39111,176,Grass/Pasture,217162,48295.7
39111,190,Woody Wetlands,8,1.8
39111,195,Herbaceous Wetlands,40,8.9
39111,216,Peppers,9,2.0
39111,225,Dbl Crop WinWht/Corn,7,1.6
39111,229,Pumpkins,1,0.2
39111,237,Dbl Crop Barley/Corn,1,0.2
39111,254,Dbl Crop Barley/Soybeans,47,10.5
39113,1,Corn,153816,34207.9
39113,4,Sorghum,40,8.9
39113,5,Soybeans,195203,43412.1
39113,6,Sunflowers,36,8.0
39113,11,Tobacco,10,2.2
39113,12,Sweet Corn,42,9.3
39113,21,Barley,143,31.8
39113,24,Winter Wheat,3549,789.3
39113,26,Dbl Crop WinWht/Soybeans,5300,1178.7
39113,27,Rye,21,4.7
39113,28,Oats,307,68.3
39113,29,Millet,176,39.1
39113,30,Speltz,4,0.9
39113,36,Alfalfa,2999,667.0
39113,37,Other Hay/Non Alfalfa,166,36.9
39113,42,Dry Beans,2145,477.0
39113,43,Potatoes,8,1.8
39113,44,Other Crops,10,2.2
39113,47,Misc Vegs & Fruits,46,10.2
39113,53,Peas,10,2.2
39113,54,Tomatoes,7,1.6
39113,58,Clover/Wildflowers,9,2.0
39113,59,Sod/Grass Seed,29,6.4
39113,60,Switchgrass,627,139.4
39113,61,Fallow/Idle Cropland,2107,468.6
39113,67,Peaches,49,10.9
39113,68,Apples,29,6.4
39113,69,Grapes,40,8.9
39113,70,Christmas Trees,17,3.8
39113,111,Open Water,14707,3270.8
39113,121,Developed/Open Space,197759,43980.5
39113,122,Developed/Low Intensity,241085,53616.0
39113,123,Developed/Medium Intensity,137985,30687.1
39113,124,Developed/High Intensity,44318,9856.1
39113,131,Barren,3988,886.9
39113,141,Deciduous Forest,186625,41504.4
39113,142,Evergreen Forest,3879,862.7
39113,143,Mixed Forest,818,181.9
39113,152,Shrubland,1,0.2
39113,176,Grass/Pasture,136025,30251.2
39113,190,Woody Wetlands,47,10.5
39113,195,Herbaceous Wetlands,1397,310.7
39113,205,Triticale,2,0.4
39113,229,Pumpkins,10,2.2
39113,236,Dbl Crop WinWht/Sorghum,11,2.4
39113,254,Dbl Crop Barley/Soybeans,497,110.5
39115,1,Corn,14740,3278.1
39115,4,Sorghum,6,1.3
39115,5,Soybeans,11916,2650.1
39115,6,Sunflowers,1,0.2
39115,12,Sweet Corn,184,40.9
39115,21,Barley,143,31.8
39115,24,Winter Wheat,605,134.5
39115,26,Dbl Crop WinWht/Soybeans,259,57.6
39115,27,Rye,38,8.5
39115,28,Oats,580,129.0
39115,29,Millet,7,1.6
39115,30,Speltz,1,0.2
39115,36,Alfalfa,697,155.0
39115,37,Other Hay/Non Alfalfa,117,26.0
39115,42,Dry Beans,8,1.8
39115,43,Potatoes,269,59.8
39115,44,Other Crops,18,4.0
39115,61,Fallow/Idle Cropland,1,0.2
39115,66,Cherries,2,0.4
39115,68,Apples,44,9.8
39115,111,Open Water,12702,2824.9
39115,121,Developed/Open Space,59269,13181.1
39115,122,Developed/Low Intensity,11986,2665.6
39115,123,Developed/Medium Intensity,1860,413.7
39115,124,Developed/High Intensity,693,154.1
39115,131,Barren,395,87.8
39115,141,Deciduous Forest,849084,188831.7
39115,142,Evergreen Forest,18449,4103.0
39115,143,Mixed Forest,8990,1999.3
39115,152,Shrubland,5,1.1
39115,176,Grass/Pasture,220609,49062.3
39115,190,Woody Wetlands,5,1.1
39115,195,Herbaceous Wetlands,233,51.8
39115,216,Peppers,32,7.1
39115,220,Plums,1,0.2
39115,225,Dbl Crop WinWht/Corn,35,7.8
39115,228,Dbl Crop Triticale/Corn,2,0.4
39115,229,Pumpkins,2,0.4
39115,254,Dbl Crop Barley/Soybeans,234,52.0
39117,1,Corn,174231,38748.0
39117,4,Sorghum,60,13.3
39117,5,Soybeans,374309,83244.3
39117,6,Sunflowers,21,4.7
39117,12,Sweet Corn,65,14.5
39117,21,Barley,290,64.5
39117,23,Spring Wheat,23,5.1
39117,24,Winter Wheat,20711,4606.0
39117,25,Other Small Grains,11,2.4
39117,26,Dbl Crop WinWht/Soybeans,9572,2128.8
39117,27,Rye,100,22.2
39117,28,Oats,329,73.2
39117,30,Speltz,381,84.7
39117,36,Alfalfa,9500,2112.7
39117,37,Other Hay/Non Alfalfa,35,7.8
39117,44,Other Crops,3,0.7
39117,47,Misc Vegs & Fruits,63,14.0
39117,50,Cucumbers,11,2.4
39117,58,Clover/Wildflowers,6,1.3
39117,59,Sod/Grass Seed,9,2.0
39117,60,Switchgrass,15,3.3
39117,61,Fallow/Idle Cropland,658,146.3
39117,66,Cherries,9,2.0
39117,67,Peaches,8,1.8
39117,70,Christmas Trees,23,5.1
39117,76,Walnuts,17,3.8
39117,111,Open Water,5606,1246.7
39117,121,Developed/Open Space,47915,10656.0
39117,122,Developed/Low Intensity,23600,5248.5
39117,123,Developed/Medium Intensity,7306,1624.8
39117,124,Developed/High Intensity,2151,478.4
39117,131,Barren,855,190.1
39117,141,Deciduous Forest,299070,66511.6
39117,142,Evergreen Forest,2279,506.8
39117,143,Mixed Forest,1985,441.5
39117,152,Shrubland,4,0.9
39117,176,Grass/Pasture,188524,41926.7
39117,190,Woody Wetlands,296,65.8
39117,195,Herbaceous Wetlands,616,137.0
39117,205,Triticale,254,56.5
39117,209,Cantaloupes,16,3.6
39117,214,Broccoli,11,2.4
39117,220,Plums,1,0.2
39117,221,Strawberries,12,2.7
39117,224,Vetch,10,2.2
39117,225,Dbl Crop WinWht/Corn,133,29.6
39117,226,Dbl Crop Oats/Corn,1,0.2
39117,228,Dbl Crop Triticale/Corn,568,126.3
39117,229,Pumpkins,6,1.3
39117,242,Blueberries,1,0.2
39117,243,Cabbage,4,0.9
39117,249,Gourds,2,0.4
39117,254,Dbl Crop Barley/Soybeans,82,18.2
39119,1,Corn,66700,14833.7
39119,4,Sorghum,2,0.4
39119,5,Soybeans,65900,14655.8
39119,6,Sunflowers,57,12.7
39119,12,Sweet Corn,19,4.2
39119,13,Pop or Orn Corn,11,2.4
39119,21,Barley,107,23.8
39119,22,Durum Wheat,26,5.8
39119,23,Spring Wheat,39,8.7
39119,24,Winter Wheat,2197,488.6
39119,26,Dbl Crop WinWht/Soybeans,921,204.8
39119,27,Rye,54,12.0
39119,28,Oats,102,22.7
39119,30,Speltz,2,0.4
39119,36,Alfalfa,665,147.9
39119,37,Other Hay/Non Alfalfa,812,180.6
39119,42,Dry Beans,34,7.6
39119,58,Clover/Wildflowers,52,11.6
39119,59,Sod/Grass Seed,8,1.8
39119,60,Switchgrass,5,1.1
39119,61,Fallow/Idle Cropland,76,16.9
39119,68,Apples,173,38.5
39119,77,Pears,1,0.2
39119,111,Open Water,27600,6138.1
39119,121,Developed/Open Space,122552,27254.9
39119,122,Developed/Low Intensity,47766,10622.9
39119,123,Developed/Medium Intensity,19607,4360.5
39119,124,Developed/High Intensity,8603,1913.3
39119,131,Barren,2320,516.0
39119,141,Deciduous Forest,1055699,234781.8
39119,142,Evergreen Forest,10355,2302.9
39119,143,Mixed Forest,10852,2413.4
39119,152,Shrubland,17,3.8
39119,176,Grass/Pasture,489122,108778.1
39119,190,Woody Wetlands,2236,497.3
39119,195,Herbaceous Wetlands,453,100.7
39119,205,Triticale,55,12.2
39119,209,Cantaloupes,1,0.2
39119,225,Dbl Crop WinWht/Corn,36,8.0
39119,228,Dbl Crop Triticale/Corn,218,48.5
39119,229,Pumpkins,3,0.7
39119,242,Blueberries,4,0.9
39119,254,Dbl Crop Barley/Soybeans,19,4.2
39121,1,Corn,1054,234.4
39121,4,Sorghum,3,0.7
39121,5,Soybeans,1134,252.2
39121,6,Sunflowers,26,5.8
39121,12,Sweet Corn,107,23.8
39121,21,Barley,43,9.6
39121,22,Durum Wheat,1,0.2
39121,24,Winter Wheat,20,4.4
39121,26,Dbl Crop WinWht/Soybeans,6,1.3
39121,27,Rye,19,4.2
39121,28,Oats,9,2.0
39121,29,Millet,2,0.4
39121,30,Speltz,6,1.3
39121,36,Alfalfa,33,7.3
39121,37,Other Hay/Non Alfalfa,8,1.8
39121,42,Dry Beans,1,0.2
39121,43,Potatoes,19,4.2
39121,44,Other Crops,7,1.6
39121,61,Fallow/Idle Cropland,1,0.2
39121,71,Other Tree Crops,19,4.2
39121,111,Open Water,16085,3577.2
39121,121,Developed/Open Space,64290,14297.8
39121,122,Developed/Low Intensity,10101,2246.4
39121,123,Developed/Medium Intensity,3147,699.9
39121,124,Developed/High Intensity,1408,313.1
39121,131,Barren,2293,510.0
39121,141,Deciduous Forest,776720,172738.4
39121,142,Evergreen Forest,7909,1758.9
39121,143,Mixed Forest,12568,2795.1
39121,152,Shrubland,20,4.4
39121,176,Grass/Pasture,265591,59066.0
39121,190,Woody Wetlands,745,165.7
39121,195,Herbaceous Wetlands,461,102.5
39121,216,Peppers,52,11.6
39121,225,Dbl Crop WinWht/Corn,30,6.7
39121,254,Dbl Crop Barley/Soybeans,3,0.7
39123,1,Corn,55392,12318.9
39123,5,Soybeans,301517,67055.8
39123,6,Sunflowers,252,56.0
39123,12,Sweet Corn,1441,320.5
39123,24,Winter Wheat,17451,3881.0
39123,25,Other Small Grains,17,3.8
39123,26,Dbl Crop WinWht/Soybeans,4221,938.7
39123,27,Rye,1636,363.8
39123,28,Oats,8,1.8
39123,29,Millet,1541,342.7
39123,30,Speltz,9,2.0
39123,36,Alfalfa,18682,4154.8
39123,37,Other Hay/Non Alfalfa,428,95.2
39123,39,Buckwheat,4,0.9
39123,42,Dry Beans,22,4.9
39123,43,Potatoes,6,1.3
39123,44,Other Crops,4,0.9
39123,47,Misc Vegs & Fruits,53,11.8
39123,50,Cucumbers,96,21.3
39123,54,Tomatoes,579,128.8
39123,56,Hops,1,0.2
39123,58,Clover/Wildflowers,287,63.8
39123,60,Switchgrass,41,9.1
39123,61,Fallow/Idle Cropland,7499,1667.7
39123,67,Peaches,2,0.4
39123,68,Apples,3666,815.3
39123,69,Grapes,1668,371.0
39123,70,Christmas Trees,486,108.1
39123,76,Walnuts,12,2.7
39123,111,Open Water,36674,8156.1
39123,121,Developed/Open Space,32235,7168.9
39123,122,Developed/Low Intensity,61936,13774.2
39123,123,Developed/Medium Intensity,32874,7311.0
39123,124,Developed/High Intensity,9329,2074.7
39123,131,Barren,9099,2023.6
39123,141,Deciduous Forest,40920,9100.4
39123,142,Evergreen Forest,527,117.2
39123,143,Mixed Forest,252,56.0
39123,152,Shrubland,210,46.7
39123,176,Grass/Pasture,27743,6169.9
39123,190,Woody Wetlands,902,200.6
39123,195,Herbaceous Wetlands,88960,19784.2
39123,214,Broccoli,1,0.2
39123,216,Peppers,54,12.0
39123,221,Strawberries,5,1.1
39123,229,Pumpkins,250,55.6
39123,243,Cabbage,8,1.8
39123,254,Dbl Crop Barley/Soybeans,1,0.2
39125,1,Corn,273538,60833.4
39125,4,Sorghum,15,3.3
39125,5,Soybeans,561551,124885.9
39125,6,Sunflowers,3,0.7
39125,12,Sweet Corn,41,9.1
39125,13,Pop or Orn Corn,30,6.7
39125,21,Barley,241,53.6
39125,24,Winter Wheat,111942,24895.3
39125,26,Dbl Crop WinWht/Soybeans,3786,842.0
39125,27,Rye,185,41.1
39125,28,Oats,234,52.0
39125,30,Speltz,21,4.7
39125,36,Alfalfa,5172,1150.2
39125,37,Other Hay/Non Alfalfa,1164,258.9
39125,42,Dry Beans,4,0.9
39125,43,Potatoes,9,2.0
39125,44,Other Crops,39,8.7
39125,50,Cucumbers,15,3.3
39125,54,Tomatoes,30,6.7
39125,56,Hops,4,0.9
39125,58,Clover/Wildflowers,2494,554.7
39125,60,Switchgrass,787,175.0
39125,61,Fallow/Idle Cropland,2554,568.0
39125,68,Apples,12,2.7
39125,69,Grapes,12,2.7
39125,70,Christmas Trees,38,8.5
39125,76,Walnuts,151,33.6
39125,111,Open Water,10817,2405.6
39125,121,Developed/Open Space,30878,6867.1
39125,122,Developed/Low Intensity,33698,7494.3
39125,123,Developed/Medium Intensity,11211,2493.3
39125,124,Developed/High Intensity,2491,554.0
39125,131,Barren,2946,655.2
39125,141,Deciduous Forest,73421,16328.4
39125,142,Evergreen Forest,61,13.6
39125,143,Mixed Forest,12,2.7
39125,152,Shrubland,1,0.2
39125,176,Grass/Pasture,61224,13615.9
39125,190,Woody Wetlands,12263,2727.2
39125,195,Herbaceous Wetlands,2076,461.7
39125,205,Triticale,7,1.6
39125,206,Carrots,7,1.6
39125,216,Peppers,42,9.3
39125,221,Strawberries,4,0.9
39125,225,Dbl Crop WinWht/Corn,4,0.9
39125,229,Pumpkins,4,0.9
39125,254,Dbl Crop Barley/Soybeans,26,5.8
39127,1,Corn,69820,15527.6
39127,4,Sorghum,23,5.1
39127,5,Soybeans,87978,19565.8
39127,6,Sunflowers,15,3.3
39127,12,Sweet Corn,40,8.9
39127,13,Pop or Orn Corn,4,0.9
39127,21,Barley,38,8.5
39127,23,Spring Wheat,11,2.4
39127,24,Winter Wheat,2131,473.9
39127,26,Dbl Crop WinWht/Soybeans,3580,796.2
39127,27,Rye,3,0.7
39127,28,Oats,199,44.3
39127,30,Speltz,74,16.5
39127,36,Alfalfa,1549,344.5
39127,37,Other Hay/Non Alfalfa,77,17.1
39127,43,Potatoes,1,0.2
39127,58,Clover/Wildflowers,2,0.4
39127,59,Sod/Grass Seed,19,4.2
39127,60,Switchgrass,4,0.9
39127,61,Fallow/Idle Cropland,124,27.6
39127,67,Peaches,2,0.4
39127,68,Apples,1,0.2
39127,111,Open Water,8544,1900.1
39127,121,Developed/Open Space,60053,13355.5
39127,122,Developed/Low Intensity,20105,4471.2
39127,123,Developed/Medium Intensity,5455,1213.2
39127,124,Developed/High Intensity,1305,290.2
39127,131,Barren,2452,545.3
39127,141,Deciduous Forest,683931,152102.6
39127,142,Evergreen Forest,15345,3412.6
39127,143,Mixed Forest,3005,668.3
39127,152,Shrubland,9,2.0
39127,176,Grass/Pasture,220660,49073.6
39127,195,Herbaceous Wetlands,259,57.6
39127,205,Triticale,5,1.1
39127,209,Cantaloupes,25,5.6
39127,225,Dbl Crop WinWht/Corn,100,22.2
39127,228,Dbl Crop Triticale/Corn,51,11.3
39127,229,Pumpkins,3,0.7
39127,242,Blueberries,1,0.2
39127,254,Dbl Crop Barley/Soybeans,85,18.9
39129,1,Corn,383358,85256.8
39129,4,Sorghum,81,18.0
39129,5,Soybeans,504833,112272.2
39129,6,Sunflowers,70,15.6
39129,12,Sweet Corn,245,54.5
39129,13,Pop or Orn Corn,8,1.8
39129,21,Barley,81,18.0
39129,23,Spring Wheat,106,23.6
39129,24,Winter Wheat,12052,2680.3
39129,26,Dbl Crop WinWht/Soybeans,30090,6691.9
39129,27,Rye,15,3.3
39129,28,Oats,30,6.7
39129,30,Speltz,53,11.8
39129,36,Alfalfa,883,196.4
39129,37,Other Hay/Non Alfalfa,104,23.1
39129,42,Dry Beans,4,0.9
39129,43,Potatoes,366,81.4
39129,44,Other Crops,16,3.6
39129,47,Misc Vegs & Fruits,1,0.2
39129,53,Peas,1,0.2
39129,58,Clover/Wildflowers,30,6.7
39129,59,Sod/Grass Seed,51,11.3
39129,60,Switchgrass,110,24.5
39129,61,Fallow/Idle Cropland,523,116.3
39129,111,Open Water,14638,3255.4
39129,121,Developed/Open Space,42835,9526.3
39129,122,Developed/Low Intensity,36443,8104.7
39129,123,Developed/Medium Intensity,20084,4466.6
39129,124,Developed/High Intensity,6850,1523.4
39129,131,Barren,5444,1210.7
39129,141,Deciduous Forest,147015,32695.3
39129,142,Evergreen Forest,1085,241.3
39129,143,Mixed Forest,685,152.3
39129,176,Grass/Pasture,248467,55257.7
39129,190,Woody Wetlands,9,2.0
39129,195,Herbaceous Wetlands,373,83.0
39129,205,Triticale,1,0.2
39129,209,Cantaloupes,271,60.3
39129,221,Strawberries,1,0.2
39129,229,Pumpkins,5,1.1
39129,254,Dbl Crop Barley/Soybeans,589,131.0
39131,1,Corn,43349,9640.6
39131,4,Sorghum,6,1.3
39131,5,Soybeans,67474,15005.9
39131,6,Sunflowers,1,0.2
39131,11,Tobacco,20,4.4
39131,12,Sweet Corn,359,79.8
39131,13,Pop or Orn Corn,873,194.2
39131,21,Barley,47,10.5
39131,24,Winter Wheat,379,84.3
39131,26,Dbl Crop WinWht/Soybeans,4275,950.7
39131,27,Rye,17,3.8
39131,28,Oats,79,17.6
39131,30,Speltz,158,35.1
39131,36,Alfalfa,183,40.7
39131,37,Other Hay/Non Alfalfa,62,13.8
39131,43,Potatoes,2398,533.3
39131,44,Other Crops,2,0.4
39131,47,Misc Vegs & Fruits,1,0.2
39131,58,Clover/Wildflowers,63,14.0
39131,61,Fallow/Idle Cropland,64,14.2
39131,111,Open Water,8301,1846.1
39131,121,Developed/Open Space,49818,11079.3
39131,122,Developed/Low Intensity,19637,4367.2
39131,123,Developed/Medium Intensity,10339,2299.3
39131,124,Developed/High Intensity,4437,986.8
39131,131,Barren,3548,789.1
39131,141,Deciduous Forest,840078,186828.9
39131,142,Evergreen Forest,14586,3243.8
39131,143,Mixed Forest,4093,910.3
39131,152,Shrubland,6,1.3
39131,176,Grass/Pasture,202692,45077.6
39131,190,Woody Wetlands,27,6.0
39131,195,Herbaceous Wetlands,131,29.1
39131,205,Triticale,10,2.2
39131,225,Dbl Crop WinWht/Corn,30,6.7
39131,229,Pumpkins,13,2.9
39131,254,Dbl Crop Barley/Soybeans,26,5.8
39133,1,Corn,62280,13850.7
39133,4,Sorghum,31,6.9
39133,5,Soybeans,76943,17111.7
39133,6,Sunflowers,25,5.6
39133,12,Sweet Corn,445,99.0
39133,21,Barley,39,8.7
39133,23,Spring Wheat,8,1.8
39133,24,Winter Wheat,3051,678.5
39133,26,Dbl Crop WinWht/Soybeans,3507,779.9
39133,27,Rye,58,12.9
39133,28,Oats,133,29.6
39133,30,Speltz,67,14.9
39133,36,Alfalfa,577,128.3
39133,37,Other Hay/Non Alfalfa,139,30.9
39133,44,Other Crops,8,1.8
39133,53,Peas,18,4.0
39133,59,Sod/Grass Seed,14,3.1
39133,61,Fallow/Idle Cropland,76,16.9
39133,68,Apples,2,0.4
39133,70,Christmas Trees,324,72.1
39133,111,Open Water,46467,10334.0
39133,121,Developed/Open Space,129355,28767.9
39133,122,Developed/Low Intensity,102872,22878.2
39133,123,Developed/Medium Intensity,35371,7866.3
39133,124,Developed/High Intensity,9690,2155.0
39133,131,Barren,2988,664.5
39133,141,Deciduous Forest,621726,138268.5
39133,142,Evergreen Forest,3341,743.0
39133,143,Mixed Forest,7587,1687.3
39133,152,Shrubland,54,12.0
39133,176,Grass/Pasture,311904,69365.8
39133,190,Woody Wetlands,28891,6425.2
39133,195,Herbaceous Wetlands,5995,1333.3
39133,205,Triticale,80,17.8
39133,221,Strawberries,13,2.9
39133,225,Dbl Crop WinWht/Corn,818,181.9
39133,228,Dbl Crop Triticale/Corn,184,40.9
39133,229,Pumpkins,75,16.7
39133,237,Dbl Crop Barley/Corn,8,1.8
39133,254,Dbl Crop Barley/Soybeans,36,8.0
39135,1,Corn,330109,73414.5
39135,4,Sorghum,27,6.0
39135,5,Soybeans,403240,89678.4
39135,11,Tobacco,21,4.7
39135,12,Sweet Corn,94,20.9
39135,13,Pop or Orn Corn,1,0.2
39135,21,Barley,19,4.2
39135,24,Winter Wheat,16163,3594.6
39135,26,Dbl Crop WinWht/Soybeans,15104,3359.0
39135,27,Rye,223,49.6
39135,28,Oats,381,84.7
39135,29,Millet,161,35.8
39135,30,Speltz,26,5.8
39135,36,Alfalfa,9057,2014.2
39135,37,Other Hay/Non Alfalfa,230,51.2
39135,42,Dry Beans,210,46.7
39135,43,Potatoes,12,2.7
39135,44,Other Crops,22,4.9
39135,47,Misc Vegs & Fruits,3,0.7
39135,48,Watermelons,7,1.6
39135,53,Peas,4,0.9
39135,54,Tomatoes,19,4.2
39135,58,Clover/Wildflowers,75,16.7
39135,59,Sod/Grass Seed,253,56.3
39135,60,Switchgrass,71,15.8
39135,61,Fallow/Idle Cropland,293,65.2
39135,67,Peaches,24,5.3
39135,68,Apples,162,36.0
39135,69,Grapes,100,22.2
39135,70,Christmas Trees,4,0.9
39135,111,Open Water,6540,1454.5
39135,121,Developed/Open Space,53079,11804.5
39135,122,Developed/Low Intensity,27301,6071.6
39135,123,Developed/Medium Intensity,9642,2144.3
39135,124,Developed/High Intensity,2721,605.1
39135,131,Barren,1897,421.9
39135,141,Deciduous Forest,216038,48045.7
39135,142,Evergreen Forest,4048,900.3
39135,143,Mixed Forest,1098,244.2
39135,152,Shrubland,5,1.1
39135,176,Grass/Pasture,127121,28271.0
39135,190,Woody Wetlands,23,5.1
39135,195,Herbaceous Wetlands,674,149.9
39135,205,Triticale,71,15.8
39135,221,Strawberries,16,3.6
39135,225,Dbl Crop WinWht/Corn,18,4.0
39135,228,Dbl Crop Triticale/Corn,147,32.7
39135,229,Pumpkins,6,1.3
39135,236,Dbl Crop WinWht/Sorghum,112,24.9
39135,237,Dbl Crop Barley/Corn,266,59.2
39135,240,Dbl Crop Soybeans/Oats,10,2.2
39135,242,Blueberries,1,0.2
39135,254,Dbl Crop Barley/Soybeans,506,112.5
39137,1,Corn,337231,74998.4
39137,4,Sorghum,6,1.3
39137,5,Soybeans,646678,143817.7
39137,12,Sweet Corn,146,32.5
39137,13,Pop or Orn Corn,4584,1019.5
39137,21,Barley,362,80.5
39137,24,Winter Wheat,132146,29388.6
39137,26,Dbl Crop WinWht/Soybeans,1918,426.6
39137,27,Rye,256,56.9
39137,28,Oats,196,43.6
39137,30,Speltz,82,18.2
39137,36,Alfalfa,26124,5809.8
39137,37,Other Hay/Non Alfalfa,1160,258.0
39137,39,Buckwheat,12,2.7
39137,42,Dry Beans,35,7.8
39137,43,Potatoes,270,60.0
39137,44,Other Crops,53,11.8
39137,50,Cucumbers,117,26.0
39137,54,Tomatoes,2630,584.9
39137,56,Hops,26,5.8
39137,58,Clover/Wildflowers,7472,1661.7
39137,60,Switchgrass,82,18.2
39137,61,Fallow/Idle Cropland,2213,492.2
39137,68,Apples,86,19.1
39137,69,Grapes,8,1.8
39137,70,Christmas Trees,346,76.9
39137,76,Walnuts,101,22.5
39137,111,Open Water,5647,1255.9
39137,121,Developed/Open Space,45286,10071.4
39137,122,Developed/Low Intensity,42953,9552.5
39137,123,Developed/Medium Intensity,14257,3170.7
39137,124,Developed/High Intensity,4968,1104.9
39137,131,Barren,743,165.2
39137,141,Deciduous Forest,66216,14726.1
39137,142,Evergreen Forest,183,40.7
39137,143,Mixed Forest,17,3.8
39137,176,Grass/Pasture,41394,9205.8
39137,190,Woody Wetlands,3817,848.9
39137,195,Herbaceous Wetlands,3653,812.4
39137,205,Triticale,1,0.2
39137,206,Carrots,2,0.4
39137,216,Peppers,98,21.8
39137,229,Pumpkins,7,1.6
39137,243,Cabbage,221,49.1
39137,254,Dbl Crop Barley/Soybeans,6,1.3
39139,1,Corn,200984,44697.8
39139,4,Sorghum,54,12.0
39139,5,Soybeans,247254,54988.0
39139,6,Sunflowers,3,0.7
39139,12,Sweet Corn,110,24.5
39139,13,Pop or Orn Corn,2,0.4
39139,21,Barley,288,64.0
39139,23,Spring Wheat,3,0.7
39139,24,Winter Wheat,24257,5394.6
39139,25,Other Small Grains,35,7.8
39139,26,Dbl Crop WinWht/Soybeans,9213,2048.9
39139,27,Rye,122,27.1
39139,28,Oats,995,221.3
39139,29,Millet,4,0.9
39139,30,Speltz,261,58.0
39139,36,Alfalfa,13729,3053.3
39139,37,Other Hay/Non Alfalfa,95,21.1
39139,47,Misc Vegs & Fruits,420,93.4
39139,50,Cucumbers,194,43.1
39139,54,Tomatoes,58,12.9
39139,58,Clover/Wildflowers,158,35.1
39139,59,Sod/Grass Seed,1,0.2
39139,60,Switchgrass,1,0.2
39139,61,Fallow/Idle Cropland,939,208.8
39139,66,Cherries,2,0.4
39139,67,Peaches,6,1.3
39139,70,Christmas Trees,116,25.8
39139,76,Walnuts,104,23.1
39139,111,Open Water,12020,2673.2
39139,121,Developed/Open Space,94626,21044.3
39139,122,Developed/Low Intensity,69280,15407.5
39139,123,Developed/Medium Intensity,28883,6423.4
39139,124,Developed/High Intensity,15485,3443.8
39139,131,Barren,2139,475.7
39139,141,Deciduous Forest,425037,94526.0
39139,142,Evergreen Forest,11340,2522.0
39139,143,Mixed Forest,11040,2455.2
39139,152,Shrubland,12,2.7
39139,176,Grass/Pasture,257554,57278.6
39139,190,Woody Wetlands,4028,895.8
39139,195,Herbaceous Wetlands,3946,877.6
39139,205,Triticale,26,5.8
39139,214,Broccoli,32,7.1
39139,216,Peppers,190,42.3
39139,220,Plums,3,0.7
39139,221,Strawberries,50,11.1
39139,224,Vetch,32,7.1
39139,225,Dbl Crop WinWht/Corn,822,182.8
39139,226,Dbl Crop Oats/Corn,17,3.8
39139,228,Dbl Crop Triticale/Corn,3038,675.6
39139,229,Pumpkins,12,2.7
39139,237,Dbl Crop Barley/Corn,33,7.3
39139,242,Blueberries,3,0.7
39139,249,Gourds,3,0.7
39139,254,Dbl Crop Barley/Soybeans,174,38.7
39141,1,Corn,227940,50692.6
39141,4,Sorghum,189,42.0
39141,5,Soybeans,263672,58639.2
39141,6,Sunflowers,5,1.1
39141,11,Tobacco,22,4.9
39141,12,Sweet Corn,156,34.7
39141,13,Pop or Orn Corn,1183,263.1
39141,21,Barley,40,8.9
39141,24,Winter Wheat,6024,1339.7
39141,26,Dbl Crop WinWht/Soybeans,18953,4215.0
39141,27,Rye,19,4.2
39141,28,Oats,433,96.3
39141,29,Millet,19,4.2
39141,30,Speltz,225,50.0
39141,36,Alfalfa,1579,351.2
39141,37,Other Hay/Non Alfalfa,200,44.5
39141,43,Potatoes,1049,233.3
39141,44,Other Crops,96,21.3
39141,47,Misc Vegs & Fruits,7,1.6
39141,58,Clover/Wildflowers,432,96.1
39141,59,Sod/Grass Seed,3,0.7
39141,61,Fallow/Idle Cropland,32,7.1
39141,70,Christmas Trees,2,0.4
39141,71,Other Tree Crops,5,1.1
39141,111,Open Water,12766,2839.1
39141,121,Developed/Open Space,74860,16648.5
39141,122,Developed/Low Intensity,36361,8086.5
39141,123,Developed/Medium Intensity,22277,4954.3
39141,124,Developed/High Intensity,6316,1404.6
39141,131,Barren,3553,790.2
39141,141,Deciduous Forest,918354,204237.0
39141,142,Evergreen Forest,7615,1693.5
39141,143,Mixed Forest,2989,664.7
39141,176,Grass/Pasture,386298,85910.6
39141,190,Woody Wetlands,52,11.6
39141,195,Herbaceous Wetlands,343,76.3
39141,205,Triticale,34,7.6
39141,221,Strawberries,2,0.4
39141,225,Dbl Crop WinWht/Corn,13,2.9
39141,229,Pumpkins,19,4.2
39141,237,Dbl Crop Barley/Corn,9,2.0
39141,254,Dbl Crop Barley/Soybeans,175,38.9
39143,1,Corn,250810,55778.8
39143,4,Sorghum,41,9.1
39143,5,Soybeans,494381,109947.7
39143,6,Sunflowers,610,135.7
39143,12,Sweet Corn,125,27.8
39143,13,Pop or Orn Corn,101,22.5
39143,21,Barley,302,67.2
39143,24,Winter Wheat,36478,8112.5
39143,25,Other Small Grains,3,0.7
39143,26,Dbl Crop WinWht/Soybeans,10422,2317.8
39143,27,Rye,493,109.6
39143,28,Oats,91,20.2
39143,29,Millet,227,50.5
39143,30,Speltz,88,19.6
39143,31,Canola,2,0.4
39143,36,Alfalfa,10848,2412.5
39143,37,Other Hay/Non Alfalfa,221,49.1
39143,39,Buckwheat,4,0.9
39143,42,Dry Beans,13,2.9
39143,43,Potatoes,13,2.9
39143,44,Other Crops,3,0.7
39143,47,Misc Vegs & Fruits,58,12.9
39143,50,Cucumbers,705,156.8
39143,54,Tomatoes,221,49.1
39143,58,Clover/Wildflowers,307,68.3
39143,60,Switchgrass,32,7.1
39143,61,Fallow/Idle Cropland,4297,955.6
39143,67,Peaches,13,2.9
39143,68,Apples,358,79.6
39143,69,Grapes,183,40.7
39143,70,Christmas Trees,121,26.9
39143,76,Walnuts,38,8.5
39143,111,Open Water,13299,2957.6
39143,121,Developed/Open Space,37779,8401.8
39143,122,Developed/Low Intensity,51594,11474.2
39143,123,Developed/Medium Intensity,24992,5558.1
39143,124,Developed/High Intensity,8002,1779.6
39143,131,Barren,6391,1421.3
39143,141,Deciduous Forest,113129,25159.3
39143,142,Evergreen Forest,318,70.7
39143,143,Mixed Forest,231,51.4
39143,152,Shrubland,24,5.3
39143,176,Grass/Pasture,80508,17904.5
39143,190,Woody Wetlands,888,197.5
39143,195,Herbaceous Wetlands,33282,7401.7
39143,205,Triticale,4,0.9
39143,206,Carrots,1,0.2
39143,214,Broccoli,139,30.9
39143,216,Peppers,1809,402.3
39143,220,Plums,5,1.1
39143,221,Strawberries,101,22.5
39143,224,Vetch,25,5.6
39143,225,Dbl Crop WinWht/Corn,82,18.2
39143,228,Dbl Crop Triticale/Corn,7,1.6
39143,229,Pumpkins,645,143.4
39143,242,Blueberries,4,0.9
39143,243,Cabbage,660,146.8
39143,249,Gourds,19,4.2
39143,254,Dbl Crop Barley/Soybeans,130,28.9
39145,1,Corn,30189,6713.9
39145,4,Sorghum,7,1.6
39145,5,Soybeans,81420,18107.4
39145,11,Tobacco,6,1.3
39145,12,Sweet Corn,267,59.4
39145,13,Pop or Orn Corn,12,2.7
39145,21,Barley,66,14.7
39145,24,Winter Wheat,301,66.9
39145,26,Dbl Crop WinWht/Soybeans,2219,493.5
39145,27,Rye,4,0.9
39145,30,Speltz,24,5.3
39145,36,Alfalfa,243,54.0
39145,37,Other Hay/Non Alfalfa,200,44.5
39145,43,Potatoes,7,1.6
39145,44,Other Crops,1,0.2
39145,58,Clover/Wildflowers,25,5.6
39145,61,Fallow/Idle Cropland,97,21.6
39145,68,Apples,132,29.4
39145,71,Other Tree Crops,4,0.9
39145,111,Open Water,14289,3177.8
39145,121,Developed/Open Space,82939,18445.2
39145,122,Developed/Low Intensity,39369,8755.5
39145,123,Developed/Medium Intensity,17786,3955.5
39145,124,Developed/High Intensity,7160,1592.3
39145,131,Barren,2271,505.1
39145,141,Deciduous Forest,1269163,282255.1
39145,142,Evergreen Forest,6739,1498.7
39145,143,Mixed Forest,4833,1074.8
39145,152,Shrubland,51,11.3
39145,176,Grass/Pasture,210558,46827.0
39145,190,Woody Wetlands,949,211.1
39145,195,Herbaceous Wetlands,1004,223.3
39145,205,Triticale,4,0.9
39145,229,Pumpkins,348,77.4
39145,254,Dbl Crop Barley/Soybeans,80,17.8
39147,1,Corn,365363,81254.8
39147,4,Sorghum,27,6.0
39147,5,Soybeans,706410,157101.8
39147,12,Sweet Corn,118,26.2
39147,13,Pop or Orn Corn,5,1.1
39147,21,Barley,120,26.7
39147,24,Winter Wheat,81089,18033.8
39147,25,Other Small Grains,11,2.4
39147,26,Dbl Crop WinWht/Soybeans,15373,3418.9
39147,27,Rye,95,21.1
39147,28,Oats,405,90.1
39147,29,Millet,3,0.7
39147,30,Speltz,47,10.5
39147,36,Alfalfa,6247,1389.3
39147,37,Other Hay/Non Alfalfa,301,66.9
39147,39,Buckwheat,3,0.7
39147,42,Dry Beans,15,3.3
39147,43,Potatoes,35,7.8
39147,47,Misc Vegs & Fruits,249,55.4
39147,50,Cucumbers,1785,397.0
39147,54,Tomatoes,19,4.2
39147,58,Clover/Wildflowers,453,100.7
39147,60,Switchgrass,24,5.3
39147,61,Fallow/Idle Cropland,3655,812.9
39147,67,Peaches,1,0.2
39147,68,Apples,34,7.6
39147,70,Christmas Trees,17,3.8
39147,76,Walnuts,43,9.6
39147,111,Open Water,4489,998.3
39147,121,Developed/Open Space,37651,8373.4
39147,122,Developed/Low Intensity,49490,11006.3
39147,123,Developed/Medium Intensity,19395,4313.3
39147,124,Developed/High Intensity,6264,1393.1
39147,131,Barren,5241,1165.6
39147,141,Deciduous Forest,179926,40014.6
39147,142,Evergreen Forest,163,36.3
39147,143,Mixed Forest,226,50.3
39147,176,Grass/Pasture,99572,22144.3
39147,190,Woody Wetlands,697,155.0
39147,195,Herbaceous Wetlands,3199,711.4
39147,205,Triticale,2,0.4
39147,206,Carrots,7,1.6
39147,207,Asparagus,1,0.2
39147,214,Broccoli,255,56.7
39147,216,Peppers,1309,291.1
39147,220,Plums,28,6.2
39147,221,Strawberries,76,16.9
39147,224,Vetch,215,47.8
39147,225,Dbl Crop WinWht/Corn,63,14.0
39147,228,Dbl Crop Triticale/Corn,15,3.3
39147,229,Pumpkins,17,3.8
39147,237,Dbl Crop Barley/Corn,1,0.2
39147,242,Blueberries,12,2.7
39147,243,Cabbage,1,0.2
39147,254,Dbl Crop Barley/Soybeans,520,115.6
39149,1,Corn,319958,71156.9
39149,4,Sorghum,65,14.5
39149,5,Soybeans,461446,102623.1
39149,6,Sunflowers,26,5.8
39149,12,Sweet Corn,15,3.3
39149,21,Barley,254,56.5
39149,24,Winter Wheat,30287,6735.7
39149,26,Dbl Crop WinWht/Soybeans,11066,2461.0
39149,27,Rye,189,42.0
39149,28,Oats,559,124.3
39149,29,Millet,89,19.8
39149,30,Speltz,50,11.1
39149,36,Alfalfa,17352,3859.0
39149,37,Other Hay/Non Alfalfa,334,74.3
39149,42,Dry Beans,604,134.3
39149,43,Potatoes,5,1.1
39149,44,Other Crops,4,0.9
39149,47,Misc Vegs & Fruits,13,2.9
39149,53,Peas,15,3.3
39149,58,Clover/Wildflowers,1080,240.2
39149,59,Sod/Grass Seed,2,0.4
39149,60,Switchgrass,457,101.6
39149,61,Fallow/Idle Cropland,880,195.7
39149,67,Peaches,34,7.6
39149,68,Apples,22,4.9
39149,69,Grapes,28,6.2
39149,70,Christmas Trees,29,6.4
39149,111,Open Water,9155,2036.0
39149,121,Developed/Open Space,52302,11631.7
39149,122,Developed/Low Intensity,32458,7218.5
39149,123,Developed/Medium Intensity,18178,4042.7
39149,124,Developed/High Intensity,7200,1601.2
39149,131,Barren,1421,316.0
39149,141,Deciduous Forest,129565,28814.6
39149,142,Evergreen Forest,352,78.3
39149,152,Shrubland,6,1.3
39149,176,Grass/Pasture,82837,18422.5
39149,190,Woody Wetlands,118,26.2
39149,195,Herbaceous Wetlands,1428,317.6
39149,205,Triticale,58,12.9
39149,225,Dbl Crop WinWht/Corn,1004,223.3
39149,228,Dbl Crop Triticale/Corn,383,85.2
39149,229,Pumpkins,3,0.7
39149,236,Dbl Crop WinWht/Sorghum,44,9.8
39149,237,Dbl Crop Barley/Corn,55,12.2
39149,254,Dbl Crop Barley/Soybeans,609,135.4
39151,1,Corn,115922,25780.4
39151,4,Sorghum,236,52.5
39151,5,Soybeans,132440,29453.9
39151,6,Sunflowers,118,26.2
39151,12,Sweet Corn,147,32.7
39151,21,Barley,51,11.3
39151,23,Spring Wheat,1,0.2
39151,24,Winter Wheat,9193,2044.5
39151,26,Dbl Crop WinWht/Soybeans,6486,1442.5
39151,27,Rye,200,44.5
39151,28,Oats,298,66.3
39151,30,Speltz,64,14.2
39151,36,Alfalfa,3356,746.4
39151,37,Other Hay/Non Alfalfa,29,6.4
39151,44,Other Crops,2,0.4
39151,53,Peas,9,2.0
39151,58,Clover/Wildflowers,6,1.3
39151,59,Sod/Grass Seed,3,0.7
39151,61,Fallow/Idle Cropland,88,19.6
39151,69,Grapes,1,0.2
39151,70,Christmas Trees,138,30.7
39151,111,Open Water,17581,3909.9
39151,121,Developed/Open Space,193818,43104.1
39151,122,Developed/Low Intensity,203602,45280.0
39151,123,Developed/Medium Intensity,99735,22180.5
39151,124,Developed/High Intensity,42583,9470.2
39151,131,Barren,4131,918.7
39151,141,Deciduous Forest,387723,86227.5
39151,142,Evergreen Forest,3971,883.1
39151,143,Mixed Forest,9392,2088.7
39151,152,Shrubland,25,5.6
39151,176,Grass/Pasture,421985,93847.2
39151,190,Woody Wetlands,13364,2972.1
39151,195,Herbaceous Wetlands,1665,370.3
39151,205,Triticale,26,5.8
39151,225,Dbl Crop WinWht/Corn,533,118.5
39151,228,Dbl Crop Triticale/Corn,916,203.7
39151,229,Pumpkins,264,58.7
39151,237,Dbl Crop Barley/Corn,89,19.8
39151,242,Blueberries,23,5.1
39151,254,Dbl Crop Barley/Soybeans,179,39.8
39153,1,Corn,7910,1759.1
39153,5,Soybeans,6519,1449.8
39153,6,Sunflowers,19,4.2
39153,12,Sweet Corn,20,4.4
39153,21,Barley,1,0.2
39153,24,Winter Wheat,560,124.5
39153,26,Dbl Crop WinWht/Soybeans,229,50.9
39153,28,Oats,18,4.0
39153,36,Alfalfa,107,23.8
39153,37,Other Hay/Non Alfalfa,67,14.9
39153,44,Other Crops,5,1.1
39153,59,Sod/Grass Seed,2,0.4
39153,61,Fallow/Idle Cropland,182,40.5
39153,70,Christmas Trees,74,16.5
39153,111,Open Water,20254,4504.4
39153,121,Developed/Open Space,244895,54463.3
39153,122,Developed/Low Intensity,270205,60092.1
39153,123,Developed/Medium Intensity,137002,30468.5
39153,124,Developed/High Intensity,44299,9851.9
39153,131,Barren,966,214.8
39153,141,Deciduous Forest,344335,76578.3
39153,142,Evergreen Forest,4413,981.4
39153,143,Mixed Forest,8588,1909.9
39153,152,Shrubland,1,0.2
39153,176,Grass/Pasture,105273,23412.2
39153,190,Woody Wetlands,10756,2392.1
39153,195,Herbaceous Wetlands,2292,509.7
39153,225,Dbl Crop WinWht/Corn,6,1.3
39153,228,Dbl Crop Triticale/Corn,1,0.2
39153,229,Pumpkins,9,2.0
39153,237,Dbl Crop Barley/Corn,4,0.9
39155,1,Corn,85904,19104.6
39155,4,Sorghum,21,4.7
39155,5,Soybeans,133739,29742.8
39155,6,Sunflowers,21,4.7
39155,12,Sweet Corn,175,38.9
39155,13,Pop or Orn Corn,20,4.4
39155,21,Barley,17,3.8
39155,23,Spring Wheat,6,1.3
39155,24,Winter Wheat,5235,1164.2
39155,26,Dbl Crop WinWht/Soybeans,5485,1219.8
39155,27,Rye,39,8.7
39155,28,Oats,2524,561.3
39155,29,Millet,2,0.4
39155,30,Speltz,14,3.1
39155,36,Alfalfa,774,172.1
39155,37,Other Hay/Non Alfalfa,261,58.0
39155,39,Buckwheat,2,0.4
39155,43,Potatoes,19,4.2
39155,47,Misc Vegs & Fruits,13,2.9
39155,53,Peas,1,0.2
39155,54,Tomatoes,27,6.0
39155,58,Clover/Wildflowers,8,1.8
39155,59,Sod/Grass Seed,18,4.0
39155,60,Switchgrass,38,8.5
39155,61,Fallow/Idle Cropland,996,221.5
39155,67,Peaches,11,2.4
39155,68,Apples,13,2.9
39155,69,Grapes,5,1.1
39155,70,Christmas Trees,42,9.3
39155,71,Other Tree Crops,1,0.2
39155,111,Open Water,45177,10047.1
39155,121,Developed/Open Space,181602,40387.3
39155,122,Developed/Low Intensity,126347,28098.9
39155,123,Developed/Medium Intensity,41578,9246.7
39155,124,Developed/High Intensity,22954,5104.8
39155,131,Barren,3909,869.3
39155,141,Deciduous Forest,766812,170534.9
39155,142,Evergreen Forest,2147,477.5
39155,143,Mixed Forest,10942,2433.4
39155,152,Shrubland,7,1.6
39155,176,Grass/Pasture,327980,72941.0
39155,190,Woody Wetlands,61529,13683.7
39155,195,Herbaceous Wetlands,2194,487.9
39155,205,Triticale,10,2.2
39155,216,Peppers,9,2.0
39155,225,Dbl Crop WinWht/Corn,4,0.9
39155,228,Dbl Crop Triticale/Corn,126,28.0
39155,229,Pumpkins,36,8.0
39155,237,Dbl Crop Barley/Corn,7,1.6
39155,254,Dbl Crop Barley/Soybeans,811,180.4
39157,1,Corn,82918,18440.5
39157,4,Sorghum,169,37.6
39157,5,Soybeans,53977,12004.2
39157,6,Sunflowers,104,23.1
39157,12,Sweet Corn,29,6.4
39157,21,Barley,250,55.6
39157,22,Durum Wheat,2,0.4
39157,24,Winter Wheat,4606,1024.3
39157,26,Dbl Crop WinWht/Soybeans,3424,761.5
39157,27,Rye,34,7.6
39157,28,Oats,651,144.8
39157,36,Alfalfa,119,26.5
39157,37,Other Hay/Non Alfalfa,116,25.8
39157,44,Other Crops,8,1.8
39157,59,Sod/Grass Seed,1,0.2
39157,61,Fallow/Idle Cropland,142,31.6
39157,68,Apples,11,2.4
39157,69,Grapes,6,1.3
39157,70,Christmas Trees,22,4.9
39157,71,Other Tree Crops,48,10.7
39157,77,Pears,1,0.2
39157,111,Open Water,17542,3901.2
39157,121,Developed/Open Space,108975,24235.5
39157,122,Developed/Low Intensity,48679,10825.9
39157,123,Developed/Medium Intensity,24517,5452.4
39157,124,Developed/High Intensity,10542,2344.5
39157,131,Barren,5375,1195.4
39157,141,Deciduous Forest,830706,184744.6
39157,142,Evergreen Forest,10048,2234.6
39157,143,Mixed Forest,13952,3102.9
39157,152,Shrubland,15,3.3
39157,176,Grass/Pasture,412195,91670.0
39157,190,Woody Wetlands,11982,2664.7
39157,195,Herbaceous Wetlands,593,131.9
39157,205,Triticale,450,100.1
39157,225,Dbl Crop WinWht/Corn,937,208.4
39157,228,Dbl Crop Triticale/Corn,1424,316.7
39157,229,Pumpkins,334,74.3
39157,237,Dbl Crop Barley/Corn,18,4.0
39157,254,Dbl Crop Barley/Soybeans,5,1.1
39159,1,Corn,247987,55151.0
39159,4,Sorghum,7,1.6
39159,5,Soybeans,504762,112256.4
39159,6,Sunflowers,14,3.1
39159,12,Sweet Corn,47,10.5
39159,21,Barley,203,45.1
39159,23,Spring Wheat,22,4.9
39159,24,Winter Wheat,21131,4699.4
39159,26,Dbl Crop WinWht/Soybeans,8577,1907.5
39159,27,Rye,69,15.3
39159,28,Oats,272,60.5
39159,29,Millet,4,0.9
39159,30,Speltz,54,12.0
39159,36,Alfalfa,11290,2510.8
39159,37,Other Hay/Non Alfalfa,424,94.3
39159,42,Dry Beans,593,131.9
39159,43,Potatoes,3,0.7
39159,44,Other Crops,39,8.7
39159,47,Misc Vegs & Fruits,6,1.3
39159,53,Peas,39,8.7
39159,58,Clover/Wildflowers,148,32.9
39159,59,Sod/Grass Seed,56,12.5
39159,60,Switchgrass,1920,427.0
39159,61,Fallow/Idle Cropland,2282,507.5
39159,67,Peaches,15,3.3
39159,68,Apples,3,0.7
39159,69,Grapes,10,2.2
39159,70,Christmas Trees,5,1.1
39159,111,Open Water,6566,1460.2
39159,121,Developed/Open Space,51059,11355.2
39159,122,Developed/Low Intensity,46348,10307.5
39159,123,Developed/Medium Intensity,23714,5273.9
39159,124,Developed/High Intensity,7063,1570.8
39159,131,Barren,4193,932.5
39159,141,Deciduous Forest,145363,32328.0
39159,142,Evergreen Forest,447,99.4
39159,143,Mixed Forest,41,9.1
39159,176,Grass/Pasture,171242,38083.3
39159,190,Woody Wetlands,266,59.2
39159,195,Herbaceous Wetlands,933,207.5
39159,205,Triticale,34,7.6
39159,209,Cantaloupes,92,20.5
39159,228,Dbl Crop Triticale/Corn,7,1.6
39159,229,Pumpkins,2,0.4
39159,243,Cabbage,1,0.2
39159,254,Dbl Crop Barley/Soybeans,54,12.0
39161,1,Corn,362940,80715.9
39161,4,Sorghum,881,195.9
39161,5,Soybeans,596015,132550.5
39161,12,Sweet Corn,20,4.4
39161,13,Pop or Orn Corn,12630,2808.8
39161,21,Barley,75,16.7
39161,24,Winter Wheat,38927,8657.2
39161,26,Dbl Crop WinWht/Soybeans,4183,930.3
39161,27,Rye,50,11.1
39161,28,Oats,35,7.8
39161,30,Speltz,3,0.7
39161,36,Alfalfa,4446,988.8
39161,37,Other Hay/Non Alfalfa,567,126.1
39161,42,Dry Beans,15,3.3
39161,44,Other Crops,5,1.1
39161,50,Cucumbers,25,5.6
39161,54,Tomatoes,16,3.6
39161,56,Hops,2,0.4
39161,58,Clover/Wildflowers,406,90.3
39161,59,Sod/Grass Seed,2,0.4
39161,60,Switchgrass,18,4.0
39161,61,Fallow/Idle Cropland,579,128.8
39161,68,Apples,9,2.0
39161,69,Grapes,8,1.8
39161,70,Christmas Trees,29,6.4
39161,76,Walnuts,58,12.9
39161,111,Open Water,3242,721.0
39161,121,Developed/Open Space,29095,6470.6
39161,122,Developed/Low Intensity,30585,6801.9
39161,123,Developed/Medium Intensity,11290,2510.8
39161,124,Developed/High Intensity,3901,867.6
39161,131,Barren,1050,233.5
39161,141,Deciduous Forest,46661,10377.2
39161,142,Evergreen Forest,88,19.6
39161,143,Mixed Forest,7,1.6
39161,176,Grass/Pasture,29200,6493.9
39161,190,Woody Wetlands,2989,664.7
39161,195,Herbaceous Wetlands,594,132.1
39161,205,Triticale,356,79.2
39161,206,Carrots,1,0.2
39161,216,Peppers,7,1.6
39161,221,Strawberries,3,0.7
39161,229,Pumpkins,16,3.6
39161,243,Cabbage,1,0.2
39161,254,Dbl Crop Barley/Soybeans,14,3.1
39163,1,Corn,4325,961.9
39163,4,Sorghum,1,0.2
39163,5,Soybeans,7838,1743.1
39163,12,Sweet Corn,39,8.7
39163,13,Pop or Orn Corn,2,0.4
39163,24,Winter Wheat,270,60.0
39163,26,Dbl Crop WinWht/Soybeans,148,32.9
39163,27,Rye,2,0.4
39163,28,Oats,38,8.5
39163,30,Speltz,2,0.4
39163,36,Alfalfa,3,0.7
39163,37,Other Hay/Non Alfalfa,64,14.2
39163,43,Potatoes,4,0.9
39163,61,Fallow/Idle Cropland,4,0.9
39163,111,Open Water,4338,964.7
39163,121,Developed/Open Space,47379,10536.8
39163,122,Developed/Low Intensity,8665,1927.0
39163,123,Developed/Medium Intensity,2464,548.0
39163,124,Developed/High Intensity,676,150.3
39163,131,Barren,1652,367.4
39163,141,Deciduous Forest,933658,207640.5
39163,142,Evergreen Forest,18981,4221.3
39163,143,Mixed Forest,3419,760.4
39163,152,Shrubland,7,1.6
39163,176,Grass/Pasture,160029,35589.6
39163,190,Woody Wetlands,150,33.4
39163,195,Herbaceous Wetlands,323,71.8
39163,205,Triticale,8,1.8
39165,1,Corn,87874,19542.7
39165,4,Sorghum,1,0.2
39165,5,Soybeans,176241,39195.1
39165,6,Sunflowers,28,6.2
39165,11,Tobacco,114,25.4
39165,12,Sweet Corn,244,54.3
39165,24,Winter Wheat,972,216.2
39165,26,Dbl Crop WinWht/Soybeans,5173,1150.4
39165,27,Rye,31,6.9
39165,28,Oats,13,2.9
39165,29,Millet,35,7.8
39165,30,Speltz,7,1.6
39165,36,Alfalfa,1696,377.2
39165,37,Other Hay/Non Alfalfa,628,139.7
39165,42,Dry Beans,32,7.1
39165,44,Other Crops,173,38.5
39165,47,Misc Vegs & Fruits,211,46.9
39165,54,Tomatoes,5,1.1
39165,59,Sod/Grass Seed,1320,293.6
39165,61,Fallow/Idle Cropland,123,27.4
39165,70,Christmas Trees,151,33.6
39165,111,Open Water,23301,5182.0
39165,121,Developed/Open Space,140573,31262.7
39165,122,Developed/Low Intensity,108011,24021.1
39165,123,Developed/Medium Intensity,52035,11572.3
39165,124,Developed/High Intensity,14228,3164.2
39165,131,Barren,2581,574.0
39165,141,Deciduous Forest,310436,69039.3
39165,142,Evergreen Forest,2025,450.3
39165,143,Mixed Forest,7104,1579.9
39165,152,Shrubland,3,0.7
39165,176,Grass/Pasture,235752,52430.0
39165,190,Woody Wetlands,33,7.3
39165,195,Herbaceous Wetlands,406,90.3
39165,205,Triticale,62,13.8
39165,221,Strawberries,4,0.9
39165,229,Pumpkins,223,49.6
39165,236,Dbl Crop WinWht/Sorghum,3,0.7
39167,1,Corn,27124,6032.2
39167,4,Sorghum,72,16.0
39167,5,Soybeans,33269,7398.8
39167,12,Sweet Corn,1915,425.9
39167,21,Barley,394,87.6
39167,24,Winter Wheat,722,160.6
39167,26,Dbl Crop WinWht/Soybeans,797,177.2
39167,27,Rye,359,79.8
39167,28,Oats,335,74.5
39167,29,Millet,4,0.9
39167,30,Speltz,45,10.0
39167,36,Alfalfa,383,85.2
39167,37,Other Hay/Non Alfalfa,124,27.6
39167,42,Dry Beans,227,50.5
39167,43,Potatoes,1198,266.4
39167,44,Other Crops,703,156.3
39167,54,Tomatoes,1,0.2
39167,61,Fallow/Idle Cropland,3,0.7
39167,111,Open Water,19244,4279.8
39167,121,Developed/Open Space,107942,24005.7
39167,122,Developed/Low Intensity,47630,10592.7
39167,123,Developed/Medium Intensity,12029,2675.2
39167,124,Developed/High Intensity,7950,1768.0
39167,131,Barren,1309,291.1
39167,141,Deciduous Forest,1225070,272449.0
39167,142,Evergreen Forest,5393,1199.4
39167,143,Mixed Forest,21977,4887.6
39167,152,Shrubland,14,3.1
39167,176,Grass/Pasture,324352,72134.1
39167,190,Woody Wetlands,30,6.7
39167,195,Herbaceous Wetlands,355,79.0
39167,216,Peppers,309,68.7
39167,225,Dbl Crop WinWht/Corn,401,89.2
39167,229,Pumpkins,107,23.8
39167,254,Dbl Crop Barley/Soybeans,548,121.9
39169,1,Corn,254699,56643.7
39169,4,Sorghum,602,133.9
39169,5,Soybeans,222433,49467.9
39169,6,Sunflowers,96,21.3
39169,12,Sweet Corn,62,13.8
39169,21,Barley,224,49.8
39169,23,Spring Wheat,953,211.9
39169,24,Winter Wheat,22237,4945.4
39169,25,Other Small Grains,9,2.0
39169,26,Dbl Crop WinWht/Soybeans,4021,894.2
39169,27,Rye,1071,238.2
39169,28,Oats,1176,261.5
39169,30,Speltz,22,4.9
39169,36,Alfalfa,24497,5448.0
39169,37,Other Hay/Non Alfalfa,51,11.3
39169,39,Buckwheat,2,0.4
39169,44,Other Crops,2,0.4
39169,47,Misc Vegs & Fruits,58,12.9
39169,50,Cucumbers,41,9.1
39169,53,Peas,289,64.3
39169,58,Clover/Wildflowers,120,26.7
39169,59,Sod/Grass Seed,67,14.9
39169,61,Fallow/Idle Cropland,642,142.8
39169,67,Peaches,34,7.6
39169,68,Apples,37,8.2
39169,69,Grapes,1,0.2
39169,70,Christmas Trees,1468,326.5
39169,76,Walnuts,2,0.4
39169,111,Open Water,8087,1798.5
39169,121,Developed/Open Space,88054,19582.7
39169,122,Developed/Low Intensity,83549,18580.9
39169,123,Developed/Medium Intensity,32045,7126.6
39169,124,Developed/High Intensity,11187,2487.9
39169,131,Barren,1836,408.3
39169,141,Deciduous Forest,276572,61508.1
39169,142,Evergreen Forest,2505,557.1
39169,143,Mixed Forest,5899,1311.9
39169,152,Shrubland,2,0.4
39169,176,Grass/Pasture,527312,117271.4
39169,190,Woody Wetlands,14349,3191.1
39169,195,Herbaceous Wetlands,6303,1401.8
39169,205,Triticale,824,183.3
39169,221,Strawberries,2,0.4
39169,225,Dbl Crop WinWht/Corn,1515,336.9
39169,228,Dbl Crop Triticale/Corn,6427,1429.3
39169,229,Pumpkins,212,47.1
39169,237,Dbl Crop Barley/Corn,637,141.7
39169,254,Dbl Crop Barley/Soybeans,88,19.6
39171,1,Corn,263970,58705.5
39171,4,Sorghum,58,12.9
39171,5,Soybeans,469566,104429.0
39171,6,Sunflowers,16,3.6
39171,12,Sweet Corn,77,17.1
39171,13,Pop or Orn Corn,2,0.4
39171,21,Barley,91,20.2
39171,24,Winter Wheat,53416,11879.4
39171,26,Dbl Crop WinWht/Soybeans,71,15.8
39171,27,Rye,71,15.8
39171,28,Oats,422,93.9
39171,29,Millet,39,8.7
39171,30,Speltz,17,3.8
39171,31,Canola,6,1.3
39171,36,Alfalfa,18295,4068.7
39171,37,Other Hay/Non Alfalfa,250,55.6
39171,39,Buckwheat,3,0.7
39171,42,Dry Beans,208,46.3
39171,43,Potatoes,26,5.8
39171,44,Other Crops,216,48.0
39171,47,Misc Vegs & Fruits,42,9.3
39171,48,Watermelons,1,0.2
39171,50,Cucumbers,146,32.5
39171,54,Tomatoes,399,88.7
39171,56,Hops,2,0.4
39171,58,Clover/Wildflowers,860,191.3
39171,59,Sod/Grass Seed,15,3.3
39171,60,Switchgrass,48,10.7
39171,61,Fallow/Idle Cropland,1529,340.0
39171,66,Cherries,3,0.7
39171,68,Apples,1,0.2
39171,69,Grapes,24,5.3
39171,76,Walnuts,54,12.0
39171,111,Open Water,7213,1604.1
39171,121,Developed/Open Space,32759,7285.4
39171,122,Developed/Low Intensity,39403,8763.0
39171,123,Developed/Medium Intensity,17117,3806.7
39171,124,Developed/High Intensity,7755,1724.7
39171,131,Barren,2326,517.3
39171,141,Deciduous Forest,86346,19202.9
39171,142,Evergreen Forest,294,65.4
39171,143,Mixed Forest,59,13.1
39171,152,Shrubland,1,0.2
39171,176,Grass/Pasture,121911,27112.4
39171,190,Woody Wetlands,91006,20239.2
39171,195,Herbaceous Wetlands,824,183.3
39171,205,Triticale,21,4.7
39171,216,Peppers,37,8.2
39171,221,Strawberries,5,1.1
39171,228,Dbl Crop Triticale/Corn,4,0.9
39171,229,Pumpkins,574,127.7
39171,243,Cabbage,18,4.0
39171,254,Dbl Crop Barley/Soybeans,16,3.6
39173,1,Corn,350520,77953.8
39173,4,Sorghum,8,1.8
39173,5,Soybeans,787021,175029.3
39173,6,Sunflowers,130,28.9
39173,12,Sweet Corn,55,12.2
39173,13,Pop or Orn Corn,606,134.8
39173,21,Barley,130,28.9
39173,24,Winter Wheat,103514,23021.0
39173,26,Dbl Crop WinWht/Soybeans,4290,954.1
39173,27,Rye,156,34.7
39173,28,Oats,736,163.7
39173,30,Speltz,31,6.9
39173,31,Canola,1,0.2
39173,36,Alfalfa,32785,7291.2
39173,37,Other Hay/Non Alfalfa,1036,230.4
39173,39,Buckwheat,60,13.3
39173,42,Dry Beans,99,22.0
39173,43,Potatoes,110,24.5
39173,44,Other Crops,191,42.5
39173,47,Misc Vegs & Fruits,15,3.3
39173,50,Cucumbers,590,131.2
39173,54,Tomatoes,272,60.5
39173,56,Hops,6,1.3
39173,58,Clover/Wildflowers,814,181.0
39173,60,Switchgrass,545,121.2
39173,61,Fallow/Idle Cropland,10221,2273.1
39173,68,Apples,177,39.4
39173,69,Grapes,158,35.1
39173,70,Christmas Trees,357,79.4
39173,76,Walnuts,230,51.2
39173,111,Open Water,15965,3550.5
39173,121,Developed/Open Space,78909,17548.9
39173,122,Developed/Low Intensity,98818,21976.6
39173,123,Developed/Medium Intensity,56019,12458.3
39173,124,Developed/High Intensity,25180,5599.9
39173,131,Barren,4370,971.9
39173,141,Deciduous Forest,106335,23648.3
39173,142,Evergreen Forest,797,177.2
39173,143,Mixed Forest,77,17.1
39173,152,Shrubland,4,0.9
39173,176,Grass/Pasture,96411,21441.3
39173,190,Woody Wetlands,3812,847.8
39173,195,Herbaceous Wetlands,1562,347.4
39173,206,Carrots,46,10.2
39173,214,Broccoli,129,28.7
39173,216,Peppers,1332,296.2
39173,221,Strawberries,295,65.6
39173,229,Pumpkins,1340,298.0
39173,243,Cabbage,17,3.8
39173,254,Dbl Crop Barley/Soybeans,24,5.3
39175,1,Corn,316085,70295.6
39175,4,Sorghum,8,1.8
39175,5,Soybeans,493866,109833.2
39175,6,Sunflowers,454,101.0
39175,12,Sweet Corn,91,20.2
39175,13,Pop or Orn Corn,1,0.2
39175,21,Barley,346,76.9
39175,24,Winter Wheat,37437,8325.8
39175,25,Other Small Grains,2,0.4
39175,26,Dbl Crop WinWht/Soybeans,2472,549.8
39175,27,Rye,43,9.6
39175,28,Oats,120,26.7
39175,30,Speltz,24,5.3
39175,36,Alfalfa,8617,1916.4
39175,37,Other Hay/Non Alfalfa,1193,265.3
39175,39,Buckwheat,3,0.7
39175,42,Dry Beans,4,0.9
39175,43,Potatoes,8,1.8
39175,44,Other Crops,10,2.2
39175,47,Misc Vegs & Fruits,53,11.8
39175,50,Cucumbers,55,12.2
39175,54,Tomatoes,16,3.6
39175,56,Hops,7,1.6
39175,58,Clover/Wildflowers,86,19.1
39175,60,Switchgrass,58,12.9
39175,61,Fallow/Idle Cropland,4091,909.8
39175,68,Apples,80,17.8
39175,69,Grapes,3,0.7
39175,70,Christmas Trees,19,4.2
39175,76,Walnuts,215,47.8
39175,111,Open Water,5846,1300.1
39175,121,Developed/Open Space,26127,5810.5
39175,122,Developed/Low Intensity,29773,6621.4
39175,123,Developed/Medium Intensity,13358,2970.7
39175,124,Developed/High Intensity,3304,734.8
39175,131,Barren,5351,1190.0
39175,141,Deciduous Forest,131336,29208.4
39175,142,Evergreen Forest,210,46.7
39175,143,Mixed Forest,87,19.3
39175,152,Shrubland,33,7.3
39175,176,Grass/Pasture,81875,18208.6
39175,190,Woody Wetlands,1492,331.8
39175,195,Herbaceous Wetlands,7920,1761.4
39175,205,Triticale,10,2.2
39175,206,Carrots,13,2.9
39175,216,Peppers,76,16.9
39175,221,Strawberries,176,39.1
39175,224,Vetch,9,2.0
39175,225,Dbl Crop WinWht/Corn,176,39.1
39175,226,Dbl Crop Oats/Corn,1,0.2
39175,228,Dbl Crop Triticale/Corn,1,0.2
39175,243,Cabbage,3,0.7
39175,254,Dbl Crop Barley/Soybeans,377,83.8
42001,1,Corn,105816,23532.9
42001,4,Sorghum,16441,3656.4
42001,5,Soybeans,88321,19642.1
42001,6,Sunflowers,1157,257.3
42001,11,Tobacco,1410,313.6
42001,12,Sweet Corn,2476,550.6
42001,13,Pop or Orn Corn,2368,526.6
42001,21,Barley,3159,702.5
42001,23,Spring Wheat,1,0.2
42001,24,Winter Wheat,20490,4556.9
42001,26,Dbl Crop WinWht/Soybeans,24910,5539.9
42001,27,Rye,1650,367.0
42001,28,Oats,3733,830.2
42001,29,Millet,122,27.1
42001,30,Speltz,261,58.0
42001,36,Alfalfa,11726,2607.8
42001,37,Other Hay/Non Alfalfa,65228,14506.4
42001,42,Dry Beans,4579,1018.3
42001,43,Potatoes,1027,228.4
42001,44,Other Crops,1253,278.7
42001,54,Tomatoes,503,111.9
42001,58,Clover/Wildflowers,867,192.8
42001,59,Sod/Grass Seed,564,125.4
42001,60,Switchgrass,2,0.4
42001,61,Fallow/Idle Cropland,2460,547.1
42001,66,Cherries,1531,340.5
42001,67,Peaches,1358,302.0
42001,68,Apples,40980,9113.7
42001,69,Grapes,616,137.0
42001,70,Christmas Trees,1742,387.4
42001,71,Other Tree Crops,2,0.4
42001,111,Open Water,7744,1722.2
42001,121,Developed/Open Space,92844,20648.0
42001,122,Developed/Low Intensity,63130,14039.8
42001,123,Developed/Medium Intensity,23283,5178.0
42001,124,Developed/High Intensity,7739,1721.1
42001,131,Barren,10409,2314.9
42001,141,Deciduous Forest,350741,78002.9
42001,142,Evergreen Forest,47486,10560.6
42001,143,Mixed Forest,83848,18647.3
42001,152,Shrubland,5860,1303.2
42001,176,Grass/Pasture,324135,72085.9
42001,190,Woody Wetlands,40510,9009.2
42001,195,Herbaceous Wetlands,10050,2235.1
42001,205,Triticale,1522,338.5
42001,220,Plums,581,129.2
42001,221,Strawberries,30,6.7
42001,225,Dbl Crop WinWht/Corn,7238,1609.7
42001,226,Dbl Crop Oats/Corn,164,36.5
42001,228,Dbl Crop Triticale/Corn,3047,677.6
42001,229,Pumpkins,2452,545.3
42001,236,Dbl Crop WinWht/Sorghum,2666,592.9
42001,237,Dbl Crop Barley/Corn,4812,1070.2
42001,240,Dbl Crop Soybeans/Oats,25,5.6
42001,242,Blueberries,43,9.6
42001,254,Dbl Crop Barley/Soybeans,3166,704.1
42003,1,Corn,660,146.8
42003,4,Sorghum,8,1.8
42003,5,Soybeans,1529,340.0
42003,12,Sweet Corn,13,2.9
42003,13,Pop or Orn Corn,3,0.7
42003,21,Barley,5,1.1
42003,24,Winter Wheat,108,24.0
42003,27,Rye,3,0.7
42003,28,Oats,93,20.7
42003,30,Speltz,5,1.1
42003,54,Tomatoes,1,0.2
42003,59,Sod/Grass Seed,3,0.7
42003,61,Fallow/Idle Cropland,2,0.4
42003,70,Christmas Trees,14,3.1
42003,111,Open Water,40065,8910.2
42003,121,Developed/Open Space,409130,90988.3
42003,122,Developed/Low Intensity,374404,83265.4
42003,123,Developed/Medium Intensity,267793,59555.7
42003,124,Developed/High Intensity,121423,27003.8
42003,131,Barren,3506,779.7
42003,141,Deciduous Forest,741045,164804.4
42003,142,Evergreen Forest,511,113.6
42003,143,Mixed Forest,51935,11550.1
42003,152,Shrubland,10,2.2
42003,176,Grass/Pasture,130105,28934.7
42003,190,Woody Wetlands,2,0.4
42003,195,Herbaceous Wetlands,68,15.1
42003,216,Peppers,1,0.2
42003,229,Pumpkins,44,9.8
42003,237,Dbl Crop Barley/Corn,31,6.9
42003,254,Dbl Crop Barley/Soybeans,14,3.1
42005,1,Corn,23022,5120.0
42005,4,Sorghum,12,2.7
42005,5,Soybeans,21307,4738.6
42005,6,Sunflowers,131,29.1
42005,12,Sweet Corn,455,101.2
42005,21,Barley,395,87.8
42005,24,Winter Wheat,2032,451.9
42005,26,Dbl Crop WinWht/Soybeans,52,11.6
42005,27,Rye,182,40.5
42005,28,Oats,2104,467.9
42005,29,Millet,7,1.6
42005,30,Speltz,54,12.0
42005,36,Alfalfa,118,26.2
42005,37,Other Hay/Non Alfalfa,32,7.1
42005,43,Potatoes,3,0.7
42005,58,Clover/Wildflowers,4,0.9
42005,59,Sod/Grass Seed,14,3.1
42005,61,Fallow/Idle Cropland,94,20.9
42005,70,Christmas Trees,21,4.7
42005,111,Open Water,31309,6963.0
42005,121,Developed/Open Space,135712,30181.6
42005,122,Developed/Low Intensity,38251,8506.8
42005,123,Developed/Medium Intensity,13097,2912.7
42005,124,Developed/High Intensity,5848,1300.6
42005,131,Barren,2446,544.0
42005,141,Deciduous Forest,1012491,225172.6
42005,142,Evergreen Forest,4810,1069.7
42005,143,Mixed Forest,157619,35053.6
42005,152,Shrubland,9,2.0
42005,176,Grass/Pasture,456985,101631.0
42005,190,Woody Wetlands,74,16.5
42005,195,Herbaceous Wetlands,564,125.4
42005,205,Triticale,6,1.3
42005,225,Dbl Crop WinWht/Corn,9,2.0
42005,228,Dbl Crop Triticale/Corn,1372,305.1
42005,229,Pumpkins,22,4.9
42005,242,Blueberries,15,3.3
42005,243,Cabbage,407,90.5
42005,254,Dbl Crop Barley/Soybeans,251,55.8
42007,1,Corn,10185,2265.1
42007,4,Sorghum,15,3.3
42007,5,Soybeans,12241,2722.3
42007,12,Sweet Corn,26,5.8
42007,13,Pop or Orn Corn,2,0.4
42007,21,Barley,13,2.9
42007,24,Winter Wheat,1067,237.3
42007,26,Dbl Crop WinWht/Soybeans,257,57.2
42007,27,Rye,151,33.6
42007,28,Oats,402,89.4
42007,30,Speltz,4,0.9
42007,36,Alfalfa,29,6.4
42007,37,Other Hay/Non Alfalfa,6,1.3
42007,54,Tomatoes,5,1.1
42007,58,Clover/Wildflowers,5,1.1
42007,60,Switchgrass,15,3.3
42007,61,Fallow/Idle Cropland,15,3.3
42007,111,Open Water,23950,5326.4
42007,121,Developed/Open Space,148174,32953.1
42007,122,Developed/Low Intensity,82993,18457.2
42007,123,Developed/Medium Intensity,42864,9532.7
42007,124,Developed/High Intensity,23568,5241.4
42007,131,Barren,1834,407.9
42007,141,Deciduous Forest,711221,158171.7
42007,142,Evergreen Forest,1152,256.2
42007,143,Mixed Forest,17634,3921.7
42007,152,Shrubland,3,0.7
42007,176,Grass/Pasture,199509,44369.7
42007,190,Woody Wetlands,448,99.6
42007,195,Herbaceous Wetlands,105,23.4
42007,205,Triticale,1,0.2
42007,216,Peppers,2,0.4
42007,225,Dbl Crop WinWht/Corn,62,13.8
42007,228,Dbl Crop Triticale/Corn,29,6.4
42007,229,Pumpkins,77,17.1
42007,237,Dbl Crop Barley/Corn,6,1.3
42007,254,Dbl Crop Barley/Soybeans,1,0.2
42009,1,Corn,90958,20228.6
42009,4,Sorghum,193,42.9
42009,5,Soybeans,28934,6434.8
42009,6,Sunflowers,241,53.6
42009,12,Sweet Corn,276,61.4
42009,21,Barley,252,56.0
42009,23,Spring Wheat,5,1.1
42009,24,Winter Wheat,11793,2622.7
42009,26,Dbl Crop WinWht/Soybeans,1364,303.3
42009,27,Rye,792,176.1
42009,28,Oats,1312,291.8
42009,30,Speltz,22,4.9
42009,36,Alfalfa,7099,1578.8
42009,37,Other Hay/Non Alfalfa,105,23.4
42009,39,Buckwheat,14,3.1
42009,42,Dry Beans,113,25.1
42009,43,Potatoes,20,4.4
42009,58,Clover/Wildflowers,1,0.2
42009,60,Switchgrass,5,1.1
42009,61,Fallow/Idle Cropland,33,7.3
42009,67,Peaches,37,8.2
42009,68,Apples,1147,255.1
42009,69,Grapes,148,32.9
42009,70,Christmas Trees,1052,234.0
42009,111,Open Water,10395,2311.8
42009,121,Developed/Open Space,136072,30261.7
42009,122,Developed/Low Intensity,43683,9714.9
42009,123,Developed/Medium Intensity,11892,2644.7
42009,124,Developed/High Intensity,3452,767.7
42009,131,Barren,2019,449.0
42009,141,Deciduous Forest,1946103,432802.9
42009,142,Evergreen Forest,18944,4213.0
42009,143,Mixed Forest,72796,16189.4
42009,152,Shrubland,3,0.7
42009,176,Grass/Pasture,533058,118549.2
42009,205,Triticale,46,10.2
42009,225,Dbl Crop WinWht/Corn,456,101.4
42009,226,Dbl Crop Oats/Corn,282,62.7
42009,228,Dbl Crop Triticale/Corn,1699,377.8
42009,229,Pumpkins,36,8.0
42009,236,Dbl Crop WinWht/Sorghum,86,19.1
42009,237,Dbl Crop Barley/Corn,338,75.2
42009,254,Dbl Crop Barley/Soybeans,254,56.5
42011,1,Corn,184527,41037.8
42011,4,Sorghum,21883,4866.7
42011,5,Soybeans,138575,30818.3
42011,6,Sunflowers,2536,564.0
42011,11,Tobacco,52,11.6
42011,12,Sweet Corn,4938,1098.2
42011,13,Pop or Orn Corn,42,9.3
42011,21,Barley,5335,1186.5
42011,24,Winter Wheat,20232,4499.5
42011,26,Dbl Crop WinWht/Soybeans,19714,4384.3
42011,27,Rye,13954,3103.3
42011,28,Oats,9855,2191.7
42011,30,Speltz,1248,277.5
42011,31,Canola,650,144.6
42011,36,Alfalfa,38781,8624.7
42011,37,Other Hay/Non Alfalfa,29479,6556.0
42011,42,Dry Beans,1586,352.7
42011,43,Potatoes,130,28.9
42011,44,Other Crops,2944,654.7
42011,50,Cucumbers,41,9.1
42011,54,Tomatoes,11,2.4
42011,58,Clover/Wildflowers,3519,782.6
42011,59,Sod/Grass Seed,8044,1788.9
42011,60,Switchgrass,3628,806.8
42011,61,Fallow/Idle Cropland,26,5.8
42011,66,Cherries,20,4.4
42011,67,Peaches,220,48.9
42011,68,Apples,65,14.5
42011,69,Grapes,1,0.2
42011,70,Christmas Trees,2957,657.6
42011,77,Pears,43,9.6
42011,92,Aquaculture,40,8.9
42011,111,Open Water,18057,4015.8
42011,121,Developed/Open Space,235837,52448.9
42011,122,Developed/Low Intensity,138765,30860.6
42011,123,Developed/Medium Intensity,76351,16980.1
42011,124,Developed/High Intensity,36521,8122.1
42011,131,Barren,13024,2896.5
42011,141,Deciduous Forest,911161,202637.3
42011,142,Evergreen Forest,9651,2146.3
42011,143,Mixed Forest,46896,10429.4
42011,152,Shrubland,11722,2606.9
42011,176,Grass/Pasture,383280,85239.4
42011,190,Woody Wetlands,5077,1129.1
42011,195,Herbaceous Wetlands,8253,1835.4
42011,205,Triticale,3457,768.8
42011,216,Peppers,4,0.9
42011,222,Squash,37,8.2
42011,225,Dbl Crop WinWht/Corn,5473,1217.2
42011,226,Dbl Crop Oats/Corn,6,1.3
42011,228,Dbl Crop Triticale/Corn,29507,6562.2
42011,229,Pumpkins,4782,1063.5
42011,236,Dbl Crop WinWht/Sorghum,82,18.2
42011,237,Dbl Crop Barley/Corn,17331,3854.3
42011,240,Dbl Crop Soybeans/Oats,1,0.2
42011,242,Blueberries,223,49.6
42011,243,Cabbage,311,69.2
42011,254,Dbl Crop Barley/Soybeans,19893,4424.1
42013,1,Corn,90286,20079.1
42013,4,Sorghum,304,67.6
42013,5,Soybeans,15163,3372.2
42013,6,Sunflowers,11,2.4
42013,12,Sweet Corn,202,44.9
42013,21,Barley,26,5.8
42013,24,Winter Wheat,3090,687.2
42013,26,Dbl Crop WinWht/Soybeans,841,187.0
42013,27,Rye,191,42.5
42013,28,Oats,672,149.4
42013,30,Speltz,20,4.4
42013,34,Rape Seed,159,35.4
42013,36,Alfalfa,8591,1910.6
42013,37,Other Hay/Non Alfalfa,28,6.2
42013,39,Buckwheat,2,0.4
42013,42,Dry Beans,113,25.1
42013,43,Potatoes,3,0.7
42013,44,Other Crops,44,9.8
42013,47,Misc Vegs & Fruits,292,64.9
42013,54,Tomatoes,1,0.2
42013,60,Switchgrass,17,3.8
42013,61,Fallow/Idle Cropland,28,6.2
42013,67,Peaches,12,2.7
42013,68,Apples,9,2.0
42013,69,Grapes,12,2.7
42013,70,Christmas Trees,184,40.9
42013,111,Open Water,3845,855.1
42013,121,Developed/Open Space,90000,20015.5
42013,122,Developed/Low Intensity,68107,15146.6
42013,123,Developed/Medium Intensity,27548,6126.5
42013,124,Developed/High Intensity,11393,2533.7
42013,131,Barren,3706,824.2
42013,141,Deciduous Forest,964659,214535.0
42013,142,Evergreen Forest,3944,877.1
42013,143,Mixed Forest,32097,7138.2
42013,152,Shrubland,2,0.4
42013,176,Grass/Pasture,180694,40185.4
42013,190,Woody Wetlands,44,9.8
42013,195,Herbaceous Wetlands,29,6.4
42013,205,Triticale,44,9.8
42013,225,Dbl Crop WinWht/Corn,3369,749.2
42013,226,Dbl Crop Oats/Corn,9,2.0
42013,228,Dbl Crop Triticale/Corn,6529,1452.0
42013,229,Pumpkins,22,4.9
42013,236,Dbl Crop WinWht/Sorghum,15,3.3
42013,237,Dbl Crop Barley/Corn,63,14.0
42013,240,Dbl Crop Soybeans/Oats,8,1.8
42013,242,Blueberries,1,0.2
42013,254,Dbl Crop Barley/Soybeans,258,57.4
42015,1,Corn,28520,6342.7
42015,4,Sorghum,533,118.5
42015,5,Soybeans,14932,3320.8
42015,6,Sunflowers,4,0.9
42015,12,Sweet Corn,82,18.2
42015,21,Barley,17,3.8
42015,23,Spring Wheat,79,17.6
42015,24,Winter Wheat,2573,572.2
42015,26,Dbl Crop WinWht/Soybeans,442,98.3
42015,27,Rye,346,76.9
42015,28,Oats,943,209.7
42015,36,Alfalfa,1478,328.7
42015,37,Other Hay/Non Alfalfa,1813,403.2
42015,39,Buckwheat,178,39.6
42015,42,Dry Beans,430,95.6
42015,43,Potatoes,72,16.0
42015,54,Tomatoes,5,1.1
42015,58,Clover/Wildflowers,29,6.4
42015,59,Sod/Grass Seed,3,0.7
42015,61,Fallow/Idle Cropland,113,25.1
42015,68,Apples,2,0.4
42015,69,Grapes,4,0.9
42015,70,Christmas Trees,149,33.1
42015,111,Open Water,39024,8678.7
42015,121,Developed/Open Space,178816,39767.7
42015,122,Developed/Low Intensity,24344,5414.0
42015,123,Developed/Medium Intensity,9217,2049.8
42015,124,Developed/High Intensity,8091,1799.4
42015,131,Barren,8727,1940.8
42015,141,Deciduous Forest,1322535,294124.7
42015,142,Evergreen Forest,23677,5265.6
42015,143,Mixed Forest,592185,131698.8
42015,152,Shrubland,217,48.3
42015,176,Grass/Pasture,1064221,236677.1
42015,190,Woody Wetlands,5817,1293.7
42015,195,Herbaceous Wetlands,8727,1940.8
42015,205,Triticale,113,25.1
42015,214,Broccoli,2,0.4
42015,222,Squash,23,5.1
42015,225,Dbl Crop WinWht/Corn,690,153.5
42015,228,Dbl Crop Triticale/Corn,1927,428.6
42015,229,Pumpkins,18,4.0
42015,254,Dbl Crop Barley/Soybeans,16,3.6
42017,1,Corn,33060,7352.4
42017,4,Sorghum,1133,252.0
42017,5,Soybeans,35817,7965.5
42017,6,Sunflowers,813,180.8
42017,11,Tobacco,94,20.9
42017,12,Sweet Corn,748,166.4
42017,21,Barley,283,62.9
42017,24,Winter Wheat,4501,1001.0
42017,26,Dbl Crop WinWht/Soybeans,2509,558.0
42017,27,Rye,1939,431.2
42017,28,Oats,1798,399.9
42017,30,Speltz,132,29.4
42017,31,Canola,35,7.8
42017,36,Alfalfa,1725,383.6
42017,37,Other Hay/Non Alfalfa,12131,2697.9
42017,41,Sugarbeets,19,4.2
42017,42,Dry Beans,75,16.7
42017,43,Potatoes,415,92.3
42017,44,Other Crops,660,146.8
42017,46,Sweet Potatoes,36,8.0
42017,47,Misc Vegs & Fruits,71,15.8
42017,48,Watermelons,58,12.9
42017,50,Cucumbers,26,5.8
42017,54,Tomatoes,102,22.7
42017,58,Clover/Wildflowers,76,16.9
42017,59,Sod/Grass Seed,1110,246.9
42017,60,Switchgrass,1849,411.2
42017,61,Fallow/Idle Cropland,7,1.6
42017,66,Cherries,2,0.4
42017,67,Peaches,78,17.3
42017,68,Apples,398,88.5
42017,69,Grapes,323,71.8
42017,70,Christmas Trees,29,6.4
42017,71,Other Tree Crops,1,0.2
42017,77,Pears,6,1.3
42017,92,Aquaculture,2,0.4
42017,111,Open Water,46892,10428.5
42017,121,Developed/Open Space,334385,74365.4
42017,122,Developed/Low Intensity,217721,48420.0
42017,123,Developed/Medium Intensity,98749,21961.2
42017,124,Developed/High Intensity,42749,9507.1
42017,131,Barren,10541,2344.3
42017,141,Deciduous Forest,549969,122310.2
42017,142,Evergreen Forest,3492,776.6
42017,143,Mixed Forest,23333,5189.1
42017,152,Shrubland,2508,557.8
42017,176,Grass/Pasture,316271,70337.0
42017,190,Woody Wetlands,28142,6258.6
42017,195,Herbaceous Wetlands,8255,1835.9
42017,205,Triticale,92,20.5
42017,207,Asparagus,31,6.9
42017,209,Cantaloupes,6,1.3
42017,216,Peppers,15,3.3
42017,218,Nectarines,23,5.1
42017,222,Squash,20,4.4
42017,225,Dbl Crop WinWht/Corn,1524,338.9
42017,228,Dbl Crop Triticale/Corn,725,161.2
42017,229,Pumpkins,951,211.5
42017,236,Dbl Crop WinWht/Sorghum,43,9.6
42017,237,Dbl Crop Barley/Corn,494,109.9
42017,242,Blueberries,489,108.8
42017,243,Cabbage,103,22.9
42017,247,Turnips,14,3.1
42017,248,Eggplants,3,0.7
42017,250,Cranberries,6,1.3
42017,254,Dbl Crop Barley/Soybeans,853,189.7
42019,1,Corn,43941,9772.2
42019,4,Sorghum,31,6.9
42019,5,Soybeans,47191,10495.0
42019,6,Sunflowers,7,1.6
42019,12,Sweet Corn,1165,259.1
42019,13,Pop or Orn Corn,2,0.4
42019,21,Barley,120,26.7
42019,23,Spring Wheat,8,1.8
42019,24,Winter Wheat,7977,1774.0
42019,26,Dbl Crop WinWht/Soybeans,136,30.2
42019,27,Rye,346,76.9
42019,28,Oats,2438,542.2
42019,29,Millet,1,0.2
42019,30,Speltz,48,10.7
42019,36,Alfalfa,335,74.5
42019,37,Other Hay/Non Alfalfa,169,37.6
42019,54,Tomatoes,12,2.7
42019,58,Clover/Wildflowers,120,26.7
42019,59,Sod/Grass Seed,28,6.2
42019,60,Switchgrass,32,7.1
42019,61,Fallow/Idle Cropland,98,21.8
42019,67,Peaches,1,0.2
42019,111,Open Water,22002,4893.1
42019,121,Developed/Open Space,203341,45221.9
42019,122,Developed/Low Intensity,101392,22549.0
42019,123,Developed/Medium Intensity,46062,10243.9
42019,124,Developed/High Intensity,17756,3948.8
42019,131,Barren,5790,1287.7
42019,141,Deciduous Forest,1238669,275473.4
42019,142,Evergreen Forest,3554,790.4
42019,143,Mixed Forest,43761,9732.2
42019,152,Shrubland,20,4.4
42019,176,Grass/Pasture,496117,110333.8
42019,190,Woody Wetlands,3006,668.5
42019,195,Herbaceous Wetlands,352,78.3
42019,205,Triticale,2,0.4
42019,216,Peppers,1,0.2
42019,225,Dbl Crop WinWht/Corn,293,65.2
42019,228,Dbl Crop Triticale/Corn,401,89.2
42019,229,Pumpkins,34,7.6
42019,242,Blueberries,13,2.9
42019,243,Cabbage,1,0.2
42019,254,Dbl Crop Barley/Soybeans,10,2.2
42021,1,Corn,26621,5920.4
42021,4,Sorghum,6,1.3
42021,5,Soybeans,28285,6290.4
42021,6,Sunflowers,23,5.1
42021,12,Sweet Corn,73,16.2
42021,21,Barley,95,21.1
42021,24,Winter Wheat,5806,1291.2
42021,26,Dbl Crop WinWht/Soybeans,9,2.0
42021,27,Rye,72,16.0
42021,28,Oats,2747,610.9
42021,29,Millet,2,0.4
42021,30,Speltz,2,0.4
42021,36,Alfalfa,40,8.9
42021,37,Other Hay/Non Alfalfa,26,5.8
42021,39,Buckwheat,2,0.4
42021,42,Dry Beans,16,3.6
42021,43,Potatoes,647,143.9
42021,44,Other Crops,1,0.2
42021,58,Clover/Wildflowers,68,15.1
42021,59,Sod/Grass Seed,1,0.2
42021,60,Switchgrass,9,2.0
42021,61,Fallow/Idle Cropland,362,80.5
42021,68,Apples,4,0.9
42021,70,Christmas Trees,107,23.8
42021,111,Open Water,15187,3377.5
42021,121,Developed/Open Space,132740,29520.7
42021,122,Developed/Low Intensity,64551,14355.8
42021,123,Developed/Medium Intensity,21438,4767.7
42021,124,Developed/High Intensity,7942,1766.3
42021,131,Barren,6578,1462.9
42021,141,Deciduous Forest,1110005,246859.2
42021,142,Evergreen Forest,63540,14131.0
42021,143,Mixed Forest,211202,46970.2
42021,152,Shrubland,9,2.0
42021,176,Grass/Pasture,294315,65454.1
42021,190,Woody Wetlands,211,46.9
42021,195,Herbaceous Wetlands,263,58.5
42021,205,Triticale,95,21.1
42021,225,Dbl Crop WinWht/Corn,328,72.9
42021,228,Dbl Crop Triticale/Corn,2213,492.2
42021,229,Pumpkins,41,9.1
42021,243,Cabbage,35,7.8
42023,1,Corn,425,94.5
42023,5,Soybeans,13,2.9
42023,6,Sunflowers,24,5.3
42023,12,Sweet Corn,7,1.6
42023,21,Barley,4,0.9
42023,24,Winter Wheat,4,0.9
42023,27,Rye,4,0.9
42023,28,Oats,64,14.2
42023,29,Millet,203,45.1
42023,30,Speltz,1,0.2
42023,37,Other Hay/Non Alfalfa,30,6.7
42023,39,Buckwheat,2,0.4
42023,42,Dry Beans,80,17.8
42023,47,Misc Vegs & Fruits,3,0.7
42023,53,Peas,1,0.2
42023,58,Clover/Wildflowers,1,0.2
42023,61,Fallow/Idle Cropland,3,0.7
42023,70,Christmas Trees,1,0.2
42023,111,Open Water,3845,855.1
42023,121,Developed/Open Space,35441,7881.9
42023,122,Developed/Low Intensity,1753,389.9
42023,123,Developed/Medium Intensity,735,163.5
42023,124,Developed/High Intensity,480,106.7
42023,131,Barren,335,74.5
42023,141,Deciduous Forest,828841,184329.8
42023,142,Evergreen Forest,16582,3687.7
42023,143,Mixed Forest,235020,52267.2
42023,152,Shrubland,2,0.4
42023,176,Grass/Pasture,21940,4879.3
42023,190,Woody Wetlands,442,98.3
42023,195,Herbaceous Wetlands,449,99.9
42023,205,Triticale,1,0.2
42023,221,Strawberries,12,2.7
42025,1,Corn,9592,2133.2
42025,4,Sorghum,2181,485.0
42025,5,Soybeans,8123,1806.5
42025,6,Sunflowers,1,0.2
42025,12,Sweet Corn,1667,370.7
42025,21,Barley,434,96.5
42025,23,Spring Wheat,74,16.5
42025,24,Winter Wheat,1920,427.0
42025,26,Dbl Crop WinWht/Soybeans,404,89.8
42025,27,Rye,850,189.0
42025,28,Oats,3073,683.4
42025,31,Canola,211,46.9
42025,36,Alfalfa,3153,701.2
42025,37,Other Hay/Non Alfalfa,9650,2146.1
42025,42,Dry Beans,899,199.9
42025,44,Other Crops,2,0.4
42025,50,Cucumbers,327,72.7
42025,58,Clover/Wildflowers,1392,309.6
42025,59,Sod/Grass Seed,7,1.6
42025,60,Switchgrass,6,1.3
42025,67,Peaches,760,169.0
42025,68,Apples,131,29.1
42025,70,Christmas Trees,71,15.8
42025,111,Open Water,14116,3139.3
42025,121,Developed/Open Space,76092,16922.5
42025,122,Developed/Low Intensity,21061,4683.9
42025,123,Developed/Medium Intensity,13647,3035.0
42025,124,Developed/High Intensity,4502,1001.2
42025,131,Barren,18219,4051.8
42025,141,Deciduous Forest,580518,129104.1
42025,142,Evergreen Forest,65460,14558.0
42025,143,Mixed Forest,179337,39883.6
42025,152,Shrubland,4342,965.6
42025,176,Grass/Pasture,68377,15206.7
42025,190,Woody Wetlands,13691,3044.8
42025,195,Herbaceous Wetlands,5604,1246.3
42025,205,Triticale,98,21.8
42025,216,Peppers,1457,324.0
42025,222,Squash,62,13.8
42025,225,Dbl Crop WinWht/Corn,509,113.2
42025,229,Pumpkins,521,115.9
42025,242,Blueberries,1,0.2
42025,243,Cabbage,2685,597.1
42027,1,Corn,85681,19055.0
42027,4,Sorghum,3402,756.6
42027,5,Soybeans,74811,16637.6
42027,6,Sunflowers,1293,287.6
42027,12,Sweet Corn,540,120.1
42027,21,Barley,421,93.6
42027,23,Spring Wheat,589,131.0
42027,24,Winter Wheat,10511,2337.6
42027,26,Dbl Crop WinWht/Soybeans,1855,412.5
42027,27,Rye,2239,497.9
42027,28,Oats,13605,3025.7
42027,29,Millet,67,14.9
42027,30,Speltz,18,4.0
42027,34,Rape Seed,15,3.3
42027,36,Alfalfa,32975,7333.5
42027,37,Other Hay/Non Alfalfa,15488,3444.4
42027,39,Buckwheat,16,3.6
42027,42,Dry Beans,142,31.6
42027,44,Other Crops,859,191.0
42027,47,Misc Vegs & Fruits,1447,321.8
42027,58,Clover/Wildflowers,205,45.6
42027,59,Sod/Grass Seed,368,81.8
42027,60,Switchgrass,27,6.0
42027,61,Fallow/Idle Cropland,1637,364.1
42027,66,Cherries,34,7.6
42027,67,Peaches,122,27.1
42027,68,Apples,719,159.9
42027,70,Christmas Trees,3289,731.5
42027,111,Open Water,15838,3522.3
42027,121,Developed/Open Space,109541,24361.3
42027,122,Developed/Low Intensity,73605,16369.4
42027,123,Developed/Medium Intensity,28942,6436.5
42027,124,Developed/High Intensity,9599,2134.8
42027,131,Barren,16076,3575.2
42027,141,Deciduous Forest,1964273,436843.8
42027,142,Evergreen Forest,95008,21129.3
42027,143,Mixed Forest,316928,70483.1
42027,152,Shrubland,7799,1734.5
42027,176,Grass/Pasture,275699,61314.0
42027,190,Woody Wetlands,9230,2052.7
42027,195,Herbaceous Wetlands,8072,1795.2
42027,205,Triticale,809,179.9
42027,220,Plums,206,45.8
42027,222,Squash,4,0.9
42027,225,Dbl Crop WinWht/Corn,3512,781.0
42027,226,Dbl Crop Oats/Corn,1667,370.7
42027,228,Dbl Crop Triticale/Corn,6986,1553.6
42027,229,Pumpkins,1779,395.6
42027,236,Dbl Crop WinWht/Sorghum,143,31.8
42027,237,Dbl Crop Barley/Corn,326,72.5
42027,240,Dbl Crop Soybeans/Oats,910,202.4
42027,254,Dbl Crop Barley/Soybeans,788,175.2
42029,1,Corn,103120,22933.3
42029,4,Sorghum,3337,742.1
42029,5,Soybeans,41110,9142.6
42029,6,Sunflowers,1158,257.5
42029,11,Tobacco,1721,382.7
42029,12,Sweet Corn,2266,503.9
42029,13,Pop or Orn Corn,132,29.4
42029,21,Barley,2607,579.8
42029,24,Winter Wheat,9762,2171.0
42029,26,Dbl Crop WinWht/Soybeans,17601,3914.4
42029,27,Rye,18083,4021.6
42029,28,Oats,982,218.4
42029,30,Speltz,210,46.7
42029,31,Canola,7,1.6
42029,36,Alfalfa,25796,5736.9
42029,37,Other Hay/Non Alfalfa,33549,7461.1
42029,41,Sugarbeets,15,3.3
42029,42,Dry Beans,1395,310.2
42029,43,Potatoes,2882,640.9
42029,44,Other Crops,751,167.0
42029,46,Sweet Potatoes,42,9.3
42029,47,Misc Vegs & Fruits,2,0.4
42029,48,Watermelons,1,0.2
42029,50,Cucumbers,20,4.4
42029,54,Tomatoes,76,16.9
42029,58,Clover/Wildflowers,640,142.3
42029,59,Sod/Grass Seed,1591,353.8
42029,60,Switchgrass,1443,320.9
42029,61,Fallow/Idle Cropland,11554,2569.5
42029,66,Cherries,11,2.4
42029,67,Peaches,1118,248.6
42029,68,Apples,226,50.3
42029,69,Grapes,454,101.0
42029,70,Christmas Trees,891,198.2
42029,92,Aquaculture,7,1.6
42029,111,Open Water,9398,2090.1
42029,121,Developed/Open Space,410173,91220.3
42029,122,Developed/Low Intensity,161245,35860.0
42029,123,Developed/Medium Intensity,73515,16349.3
42029,124,Developed/High Intensity,27245,6059.1
42029,131,Barren,14340,3189.1
42029,141,Deciduous Forest,553982,123202.6
42029,142,Evergreen Forest,17924,3986.2
42029,143,Mixed Forest,105281,23413.9
42029,152,Shrubland,34010,7563.6
42029,176,Grass/Pasture,436820,97146.4
42029,190,Woody Wetlands,14739,3277.9
42029,195,Herbaceous Wetlands,6930,1541.2
42029,205,Triticale,4184,930.5
42029,207,Asparagus,39,8.7
42029,209,Cantaloupes,25,5.6
42029,216,Peppers,58,12.9
42029,218,Nectarines,133,29.6
42029,221,Strawberries,3,0.7
42029,222,Squash,17,3.8
42029,225,Dbl Crop WinWht/Corn,2242,498.6
42029,226,Dbl Crop Oats/Corn,66,14.7
42029,228,Dbl Crop Triticale/Corn,15599,3469.1
42029,229,Pumpkins,2769,615.8
42029,236,Dbl Crop WinWht/Sorghum,2167,481.9
42029,237,Dbl Crop Barley/Corn,4007,891.1
42029,240,Dbl Crop Soybeans/Oats,3,0.7
42029,242,Blueberries,691,153.7
42029,243,Cabbage,144,32.0
42029,247,Turnips,44,9.8
42029,248,Eggplants,8,1.8
42029,250,Cranberries,16,3.6
42029,254,Dbl Crop Barley/Soybeans,4182,930.1
42031,1,Corn,17759,3949.5
42031,4,Sorghum,1,0.2
42031,5,Soybeans,14319,3184.5
42031,6,Sunflowers,10,2.2
42031,12,Sweet Corn,34,7.6
42031,21,Barley,16,3.6
42031,24,Winter Wheat,2390,531.5
42031,26,Dbl Crop WinWht/Soybeans,15,3.3
42031,27,Rye,11,2.4
42031,28,Oats,5436,1208.9
42031,29,Millet,81,18.0
42031,30,Speltz,22,4.9
42031,36,Alfalfa,21,4.7
42031,37,Other Hay/Non Alfalfa,15,3.3
42031,43,Potatoes,5,1.1
42031,58,Clover/Wildflowers,7,1.6
42031,61,Fallow/Idle Cropland,55,12.2
42031,111,Open Water,19802,4403.9
42031,121,Developed/Open Space,104846,23317.2
42031,122,Developed/Low Intensity,22462,4995.4
42031,123,Developed/Medium Intensity,7246,1611.5
42031,124,Developed/High Intensity,3058,680.1
42031,131,Barren,1351,300.5
42031,141,Deciduous Forest,748218,166399.7
42031,142,Evergreen Forest,62394,13876.1
42031,143,Mixed Forest,320862,71358.0
42031,152,Shrubland,10,2.2
42031,176,Grass/Pasture,420187,93447.3
42031,190,Woody Wetlands,132,29.4
42031,195,Herbaceous Wetlands,1197,266.2
42031,228,Dbl Crop Triticale/Corn,390,86.7
42031,229,Pumpkins,21,4.7
42031,242,Blueberries,82,18.2
42031,243,Cabbage,275,61.2
42031,254,Dbl Crop Barley/Soybeans,24,5.3
42033,1,Corn,10867,2416.8
42033,4,Sorghum,179,39.8
42033,5,Soybeans,4494,999.4
42033,6,Sunflowers,46,10.2
42033,12,Sweet Corn,126,28.0
42033,21,Barley,22,4.9
42033,24,Winter Wheat,1320,293.6
42033,27,Rye,9,2.0
42033,28,Oats,1127,250.6
42033,29,Millet,52,11.6
42033,30,Speltz,13,2.9
42033,34,Rape Seed,5,1.1
42033,36,Alfalfa,49,10.9
42033,37,Other Hay/Non Alfalfa,37,8.2
42033,39,Buckwheat,10,2.2
42033,42,Dry Beans,115,25.6
42033,43,Potatoes,3,0.7
42033,44,Other Crops,20,4.4
42033,47,Misc Vegs & Fruits,7,1.6
42033,58,Clover/Wildflowers,77,17.1
42033,59,Sod/Grass Seed,17,3.8
42033,61,Fallow/Idle Cropland,64,14.2
42033,66,Cherries,1,0.2
42033,111,Open Water,22135,4922.7
42033,121,Developed/Open Space,193025,42927.7
42033,122,Developed/Low Intensity,42213,9387.9
42033,123,Developed/Medium Intensity,12154,2703.0
42033,124,Developed/High Intensity,6321,1405.8
42033,131,Barren,10437,2321.1
42033,141,Deciduous Forest,1871229,416151.3
42033,142,Evergreen Forest,150291,33423.9
42033,143,Mixed Forest,589780,131163.9
42033,152,Shrubland,10,2.2
42033,176,Grass/Pasture,401417,89273.0
42033,190,Woody Wetlands,1780,395.9
42033,195,Herbaceous Wetlands,1156,257.1
42033,225,Dbl Crop WinWht/Corn,2,0.4
42033,226,Dbl Crop Oats/Corn,49,10.9
42033,228,Dbl Crop Triticale/Corn,25,5.6
42033,229,Pumpkins,5,1.1
42033,240,Dbl Crop Soybeans/Oats,2,0.4
42033,242,Blueberries,16,3.6
42033,243,Cabbage,73,16.2
42035,1,Corn,37626,8367.8
42035,4,Sorghum,1047,232.8
42035,5,Soybeans,18076,4020.0
42035,6,Sunflowers,1399,311.1
42035,12,Sweet Corn,147,32.7
42035,21,Barley,635,141.2
42035,23,Spring Wheat,1,0.2
42035,24,Winter Wheat,5976,1329.0
42035,26,Dbl Crop WinWht/Soybeans,1304,290.0
42035,27,Rye,82,18.2
42035,28,Oats,1186,263.8
42035,29,Millet,1,0.2
42035,30,Speltz,19,4.2
42035,36,Alfalfa,12110,2693.2
42035,37,Other Hay/Non Alfalfa,4576,1017.7
42035,39,Buckwheat,4,0.9
42035,42,Dry Beans,230,51.2
42035,44,Other Crops,206,45.8
42035,47,Misc Vegs & Fruits,140,31.1
42035,54,Tomatoes,44,9.8
42035,58,Clover/Wildflowers,21,4.7
42035,59,Sod/Grass Seed,869,193.3
42035,61,Fallow/Idle Cropland,17,3.8
42035,68,Apples,1,0.2
42035,70,Christmas Trees,122,27.1
42035,111,Open Water,23643,5258.1
42035,121,Developed/Open Space,93613,20819.0
42035,122,Developed/Low Intensity,23054,5127.1
42035,123,Developed/Medium Intensity,8626,1918.4
42035,124,Developed/High Intensity,4470,994.1
42035,131,Barren,4969,1105.1
42035,141,Deciduous Forest,1532905,340909.9
42035,142,Evergreen Forest,63267,14070.2
42035,143,Mixed Forest,629095,139907.4
42035,152,Shrubland,741,164.8
42035,176,Grass/Pasture,98353,21873.2
42035,190,Woody Wetlands,4034,897.1
42035,195,Herbaceous Wetlands,5022,1116.9
42035,205,Triticale,416,92.5
42035,214,Broccoli,6,1.3
42035,220,Plums,19,4.2
42035,222,Squash,19,4.2
42035,225,Dbl Crop WinWht/Corn,620,137.9
42035,226,Dbl Crop Oats/Corn,1193,265.3
42035,228,Dbl Crop Triticale/Corn,1257,279.6
42035,229,Pumpkins,543,120.8
42035,237,Dbl Crop Barley/Corn,611,135.9
42035,240,Dbl Crop Soybeans/Oats,509,113.2
42035,254,Dbl Crop Barley/Soybeans,1147,255.1
42037,1,Corn,81104,18037.1
42037,4,Sorghum,561,124.8
42037,5,Soybeans,77377,17208.2
42037,12,Sweet Corn,805,179.0
42037,13,Pop or Orn Corn,148,32.9
42037,21,Barley,2,0.4
42037,23,Spring Wheat,1,0.2
42037,24,Winter Wheat,16265,3617.2
42037,26,Dbl Crop WinWht/Soybeans,501,111.4
42037,27,Rye,4511,1003.2
42037,28,Oats,6880,1530.1
42037,36,Alfalfa,8577,1907.5
42037,37,Other Hay/Non Alfalfa,11605,2580.9
42037,39,Buckwheat,54,12.0
42037,42,Dry Beans,5645,1255.4
42037,50,Cucumbers,1619,360.1
42037,54,Tomatoes,160,35.6
42037,58,Clover/Wildflowers,565,125.7
42037,59,Sod/Grass Seed,2556,568.4
42037,60,Switchgrass,1470,326.9
42037,61,Fallow/Idle Cropland,322,71.6
42037,68,Apples,1984,441.2
42037,70,Christmas Trees,6387,1420.4
42037,77,Pears,1230,273.5
42037,111,Open Water,12574,2796.4
42037,121,Developed/Open Space,74967,16672.3
42037,122,Developed/Low Intensity,35128,7812.3
42037,123,Developed/Medium Intensity,14809,3293.4
42037,124,Developed/High Intensity,6460,1436.7
42037,131,Barren,9703,2157.9
42037,141,Deciduous Forest,582284,129496.8
42037,142,Evergreen Forest,29267,6508.8
42037,143,Mixed Forest,147788,32867.3
42037,152,Shrubland,2219,493.5
42037,176,Grass/Pasture,246242,54762.9
42037,190,Woody Wetlands,3192,709.9
42037,195,Herbaceous Wetlands,7485,1664.6
42037,205,Triticale,68,15.1
42037,214,Broccoli,3548,789.1
42037,222,Squash,51,11.3
42037,225,Dbl Crop WinWht/Corn,737,163.9
42037,228,Dbl Crop Triticale/Corn,62,13.8
42037,229,Pumpkins,2491,554.0
42037,254,Dbl Crop Barley/Soybeans,252,56.0
42039,1,Corn,119490,26573.9
42039,4,Sorghum,217,48.3
42039,5,Soybeans,101891,22660.0
42039,6,Sunflowers,322,71.6
42039,12,Sweet Corn,134,29.8
42039,13,Pop or Orn Corn,24,5.3
42039,21,Barley,230,51.2
42039,23,Spring Wheat,1,0.2
42039,24,Winter Wheat,4141,920.9
42039,26,Dbl Crop WinWht/Soybeans,1763,392.1
42039,27,Rye,303,67.4
42039,28,Oats,5016,1115.5
42039,29,Millet,408,90.7
42039,30,Speltz,87,19.3
42039,36,Alfalfa,3330,740.6
42039,37,Other Hay/Non Alfalfa,2175,483.7
42039,39,Buckwheat,33,7.3
42039,42,Dry Beans,197,43.8
42039,43,Potatoes,1329,295.6
42039,44,Other Crops,327,72.7
42039,47,Misc Vegs & Fruits,97,21.6
42039,53,Peas,5,1.1
42039,58,Clover/Wildflowers,194,43.1
42039,59,Sod/Grass Seed,2808,624.5
42039,60,Switchgrass,6745,1500.1
42039,61,Fallow/Idle Cropland,659,146.6
42039,66,Cherries,20,4.4
42039,67,Peaches,6,1.3
42039,68,Apples,18,4.0
42039,69,Grapes,4,0.9
42039,70,Christmas Trees,4,0.9
42039,71,Other Tree Crops,6,1.3
42039,111,Open Water,70294,15633.0
42039,121,Developed/Open Space,172672,38401.3
42039,122,Developed/Low Intensity,49807,11076.8
42039,123,Developed/Medium Intensity,11637,2588.0
42039,124,Developed/High Intensity,6243,1388.4
42039,131,Barren,2415,537.1
42039,141,Deciduous Forest,1518929,337801.7
42039,142,Evergreen Forest,68401,15212.0
42039,143,Mixed Forest,101833,22647.1
42039,152,Shrubland,9,2.0
42039,176,Grass/Pasture,607626,135132.8
42039,190,Woody Wetlands,109726,24402.5
42039,195,Herbaceous Wetlands,12598,2801.7
42039,205,Triticale,153,34.0
42039,225,Dbl Crop WinWht/Corn,174,38.7
42039,228,Dbl Crop Triticale/Corn,2141,476.1
42039,236,Dbl Crop WinWht/Sorghum,11,2.4
42039,237,Dbl Crop Barley/Corn,36,8.0
42041,1,Corn,114662,25500.2
42041,4,Sorghum,8443,1877.7
42041,5,Soybeans,70302,15634.8
42041,11,Tobacco,13,2.9
42041,12,Sweet Corn,4163,925.8
42041,21,Barley,2797,622.0
42041,24,Winter Wheat,12526,2785.7
42041,26,Dbl Crop WinWht/Soybeans,22153,4926.7
42041,27,Rye,6054,1346.4
42041,28,Oats,8001,1779.4
42041,30,Speltz,2601,578.4
42041,31,Canola,135,30.0
42041,36,Alfalfa,27307,6072.9
42041,37,Other Hay/Non Alfalfa,20404,4537.7
42041,42,Dry Beans,2444,543.5
42041,43,Potatoes,1,0.2
42041,44,Other Crops,132,29.4
42041,58,Clover/Wildflowers,386,85.8
42041,60,Switchgrass,504,112.1
42041,61,Fallow/Idle Cropland,954,212.2
42041,67,Peaches,14,3.1
42041,68,Apples,4308,958.1
42041,77,Pears,88,19.6
42041,111,Open Water,8528,1896.6
42041,121,Developed/Open Space,111343,24762.1
42041,122,Developed/Low Intensity,136314,30315.5
42041,123,Developed/Medium Intensity,58240,12952.3
42041,124,Developed/High Intensity,31460,6996.5
42041,131,Barren,10423,2318.0
42041,141,Deciduous Forest,461581,102653.1
42041,142,Evergreen Forest,27038,6013.1
42041,143,Mixed Forest,80646,17935.2
42041,152,Shrubland,3795,844.0
42041,176,Grass/Pasture,261503,58156.9
42041,190,Woody Wetlands,8519,1894.6
42041,195,Herbaceous Wetlands,7659,1703.3
42041,205,Triticale,1654,367.8
42041,225,Dbl Crop WinWht/Corn,14018,3117.5
42041,228,Dbl Crop Triticale/Corn,30378,6755.9
42041,229,Pumpkins,3019,671.4
42041,236,Dbl Crop WinWht/Sorghum,1925,428.1
42041,237,Dbl Crop Barley/Corn,9774,2173.7
42041,254,Dbl Crop Barley/Soybeans,8532,1897.5
42043,1,Corn,72699,16167.9
42043,4,Sorghum,4637,1031.2
42043,5,Soybeans,61869,13759.3
42043,12,Sweet Corn,2085,463.7
42043,21,Barley,5446,1211.2
42043,23,Spring Wheat,265,58.9
42043,24,Winter Wheat,9467,2105.4
42043,26,Dbl Crop WinWht/Soybeans,10627,2363.4
42043,27,Rye,2555,568.2
42043,28,Oats,6795,1511.2
42043,30,Speltz,584,129.9
42043,31,Canola,82,18.2
42043,36,Alfalfa,15631,3476.3
42043,37,Other Hay/Non Alfalfa,20147,4480.6
42043,42,Dry Beans,771,171.5
42043,44,Other Crops,28,6.2
42043,58,Clover/Wildflowers,493,109.6
42043,60,Switchgrass,288,64.0
42043,61,Fallow/Idle Cropland,8055,1791.4
42043,67,Peaches,81,18.0
42043,68,Apples,186,41.4
42043,70,Christmas Trees,3361,747.5
42043,77,Pears,3,0.7
42043,111,Open Water,96926,21555.8
42043,121,Developed/Open Space,109015,24244.4
42043,122,Developed/Low Intensity,123999,27576.7
42043,123,Developed/Medium Intensity,67039,14909.1
42043,124,Developed/High Intensity,33891,7537.2
42043,131,Barren,7667,1705.1
42043,141,Deciduous Forest,641992,142775.6
42043,142,Evergreen Forest,12229,2719.7
42043,143,Mixed Forest,69919,15549.6
42043,152,Shrubland,13292,2956.1
42043,176,Grass/Pasture,160886,35780.2
42043,190,Woody Wetlands,9187,2043.1
42043,195,Herbaceous Wetlands,9765,2171.7
42043,205,Triticale,1275,283.6
42043,220,Plums,1440,320.2
42043,225,Dbl Crop WinWht/Corn,1674,372.3
42043,228,Dbl Crop Triticale/Corn,11135,2476.4
42043,229,Pumpkins,303,67.4
42043,236,Dbl Crop WinWht/Sorghum,343,76.3
42043,237,Dbl Crop Barley/Corn,2161,480.6
42043,254,Dbl Crop Barley/Soybeans,5475,1217.6
42045,1,Corn,1989,442.3
42045,4,Sorghum,199,44.3
42045,5,Soybeans,141,31.4
42045,6,Sunflowers,3,0.7
42045,12,Sweet Corn,108,24.0
42045,21,Barley,28,6.2
42045,24,Winter Wheat,187,41.6
42045,26,Dbl Crop WinWht/Soybeans,484,107.6
42045,27,Rye,173,38.5
42045,28,Oats,142,31.6
42045,30,Speltz,1,0.2
42045,36,Alfalfa,186,41.4
42045,37,Other Hay/Non Alfalfa,2393,532.2
42045,41,Sugarbeets,56,12.5
42045,43,Potatoes,3,0.7
42045,46,Sweet Potatoes,57,12.7
42045,47,Misc Vegs & Fruits,108,24.0
42045,48,Watermelons,8,1.8
42045,50,Cucumbers,24,5.3
42045,54,Tomatoes,92,20.5
42045,59,Sod/Grass Seed,127,28.2
42045,61,Fallow/Idle Cropland,119,26.5
42045,66,Cherries,84,18.7
42045,67,Peaches,431,95.9
42045,69,Grapes,32,7.1
42045,70,Christmas Trees,1,0.2
42045,111,Open Water,18028,4009.3
42045,121,Developed/Open Space,141666,31505.8
42045,122,Developed/Low Intensity,108083,24037.1
42045,123,Developed/Medium Intensity,73998,16456.8
42045,124,Developed/High Intensity,36657,8152.3
42045,131,Barren,1567,348.5
42045,141,Deciduous Forest,107525,23913.0
42045,142,Evergreen Forest,1200,266.9
42045,143,Mixed Forest,9442,2099.9
42045,152,Shrubland,1338,297.6
42045,176,Grass/Pasture,29951,6660.9
42045,190,Woody Wetlands,5266,1171.1
42045,195,Herbaceous Wetlands,5167,1149.1
42045,205,Triticale,42,9.3
42045,207,Asparagus,21,4.7
42045,209,Cantaloupes,57,12.7
42045,216,Peppers,82,18.2
42045,218,Nectarines,240,53.4
42045,221,Strawberries,14,3.1
42045,222,Squash,74,16.5
42045,225,Dbl Crop WinWht/Corn,1,0.2
42045,228,Dbl Crop Triticale/Corn,107,23.8
42045,229,Pumpkins,135,30.0
42045,236,Dbl Crop WinWht/Sorghum,719,159.9
42045,242,Blueberries,281,62.5
42045,243,Cabbage,113,25.1
42045,247,Turnips,108,24.0
42045,248,Eggplants,18,4.0
42045,250,Cranberries,46,10.2
42045,254,Dbl Crop Barley/Soybeans,24,5.3
42047,1,Corn,2369,526.9
42047,4,Sorghum,15,3.3
42047,5,Soybeans,410,91.2
42047,6,Sunflowers,7,1.6
42047,12,Sweet Corn,17,3.8
42047,21,Barley,1,0.2
42047,24,Winter Wheat,9,2.0
42047,27,Rye,3,0.7
42047,28,Oats,148,32.9
42047,29,Millet,27,6.0
42047,30,Speltz,27,6.0
42047,36,Alfalfa,17,3.8
42047,37,Other Hay/Non Alfalfa,5,1.1
42047,42,Dry Beans,134,29.8
42047,43,Potatoes,9,2.0
42047,44,Other Crops,1,0.2
42047,50,Cucumbers,2,0.4
42047,58,Clover/Wildflowers,5,1.1
42047,59,Sod/Grass Seed,5,1.1
42047,60,Switchgrass,22,4.9
42047,61,Fallow/Idle Cropland,1,0.2
42047,111,Open Water,9245,2056.0
42047,121,Developed/Open Space,92530,20578.2
42047,122,Developed/Low Intensity,12616,2805.7
42047,123,Developed/Medium Intensity,5394,1199.6
42047,124,Developed/High Intensity,3591,798.6
42047,131,Barren,2734,608.0
42047,141,Deciduous Forest,1727424,384169.9
42047,142,Evergreen Forest,79723,17730.0
42047,143,Mixed Forest,334443,74378.3
42047,152,Shrubland,7,1.6
42047,176,Grass/Pasture,119343,26541.2
42047,190,Woody Wetlands,1621,360.5
42047,195,Herbaceous Wetlands,1836,408.3
42047,205,Triticale,3,0.7
42047,221,Strawberries,1,0.2
42047,228,Dbl Crop Triticale/Corn,2,0.4
42047,229,Pumpkins,2,0.4
42047,236,Dbl Crop WinWht/Sorghum,1,0.2
42047,240,Dbl Crop Soybeans/Oats,2,0.4
42047,243,Cabbage,25,5.6
42049,1,Corn,50429,11215.1
42049,4,Sorghum,62,13.8
42049,5,Soybeans,62479,13895.0
42049,6,Sunflowers,133,29.6
42049,12,Sweet Corn,778,173.0
42049,13,Pop or Orn Corn,124,27.6
42049,21,Barley,184,40.9
42049,24,Winter Wheat,4904,1090.6
42049,26,Dbl Crop WinWht/Soybeans,72,16.0
42049,27,Rye,50,11.1
42049,28,Oats,3876,862.0
42049,29,Millet,154,34.2
42049,30,Speltz,38,8.5
42049,36,Alfalfa,382,85.0
42049,37,Other Hay/Non Alfalfa,1317,292.9
42049,39,Buckwheat,33,7.3
42049,42,Dry Beans,221,49.1
42049,43,Potatoes,6444,1433.1
42049,44,Other Crops,34,7.6
42049,47,Misc Vegs & Fruits,142,31.6
42049,53,Peas,3,0.7
42049,58,Clover/Wildflowers,69,15.3
42049,59,Sod/Grass Seed,11,2.4
42049,60,Switchgrass,242,53.8
42049,61,Fallow/Idle Cropland,463,103.0
42049,66,Cherries,2459,546.9
42049,67,Peaches,215,47.8
42049,68,Apples,404,89.8
42049,69,Grapes,19006,4226.8
42049,70,Christmas Trees,6,1.3
42049,71,Other Tree Crops,3,0.7
42049,111,Open Water,9771,2173.0
42049,121,Developed/Open Space,155134,34501.0
42049,122,Developed/Low Intensity,129911,28891.5
42049,123,Developed/Medium Intensity,53740,11951.5
42049,124,Developed/High Intensity,25649,5704.2
42049,131,Barren,4655,1035.2
42049,141,Deciduous Forest,1059402,235605.3
42049,142,Evergreen Forest,39954,8885.6
42049,143,Mixed Forest,77067,17139.3
42049,152,Shrubland,7,1.6
42049,176,Grass/Pasture,522162,116126.0
42049,190,Woody Wetlands,71916,15993.7
42049,195,Herbaceous Wetlands,7934,1764.5
42049,205,Triticale,580,129.0
42049,225,Dbl Crop WinWht/Corn,49,10.9
42049,228,Dbl Crop Triticale/Corn,280,62.3
42049,237,Dbl Crop Barley/Corn,1,0.2
42049,242,Blueberries,6,1.3
42051,1,Corn,10920,2428.5
42051,4,Sorghum,79,17.6
42051,5,Soybeans,12972,2884.9
42051,6,Sunflowers,13,2.9
42051,12,Sweet Corn,23,5.1
42051,21,Barley,290,64.5
42051,24,Winter Wheat,382,85.0
42051,26,Dbl Crop WinWht/Soybeans,509,113.2
42051,27,Rye,676,150.3
42051,28,Oats,506,112.5
42051,30,Speltz,4,0.9
42051,36,Alfalfa,18,4.0
42051,37,Other Hay/Non Alfalfa,21,4.7
42051,43,Potatoes,7,1.6
42051,58,Clover/Wildflowers,17,3.8
42051,59,Sod/Grass Seed,7,1.6
42051,61,Fallow/Idle Cropland,218,48.5
42051,68,Apples,1,0.2
42051,70,Christmas Trees,129,28.7
42051,111,Open Water,24387,5423.5
42051,121,Developed/Open Space,147283,32755.0
42051,122,Developed/Low Intensity,82533,18354.9
42051,123,Developed/Medium Intensity,33056,7351.5
42051,124,Developed/High Intensity,10786,2398.7
42051,131,Barren,3577,795.5
42051,141,Deciduous Forest,1397625,310824.3
42051,142,Evergreen Forest,1652,367.4
42051,143,Mixed Forest,135376,30106.9
42051,152,Shrubland,14,3.1
42051,176,Grass/Pasture,433357,96376.3
42051,190,Woody Wetlands,1,0.2
42051,195,Herbaceous Wetlands,14,3.1
42051,205,Triticale,15,3.3
42051,225,Dbl Crop WinWht/Corn,28,6.2
42051,228,Dbl Crop Triticale/Corn,171,38.0
42051,229,Pumpkins,62,13.8
42051,237,Dbl Crop Barley/Corn,4,0.9
42051,254,Dbl Crop Barley/Soybeans,375,83.4
42053,1,Corn,695,154.6
42053,5,Soybeans,1523,338.7
42053,24,Winter Wheat,10,2.2
42053,27,Rye,11,2.4
42053,28,Oats,234,52.0
42053,30,Speltz,7,1.6
42053,37,Other Hay/Non Alfalfa,2,0.4
42053,42,Dry Beans,17,3.8
42053,60,Switchgrass,14,3.1
42053,70,Christmas Trees,2,0.4
42053,111,Open Water,9419,2094.7
42053,121,Developed/Open Space,48946,10885.3
42053,122,Developed/Low Intensity,2043,454.4
42053,123,Developed/Medium Intensity,754,167.7
42053,124,Developed/High Intensity,369,82.1
42053,131,Barren,322,71.6
42053,141,Deciduous Forest,812189,180626.5
42053,142,Evergreen Forest,70992,15788.2
42053,143,Mixed Forest,251453,55921.8
42053,152,Shrubland,4,0.9
42053,176,Grass/Pasture,40004,8896.7
42053,190,Woody Wetlands,1970,438.1
42053,195,Herbaceous Wetlands,1022,227.3
42053,205,Triticale,1,0.2
42055,1,Corn,183933,40905.7
42055,4,Sorghum,11504,2558.4
42055,5,Soybeans,78965,17561.4
42055,6,Sunflowers,85,18.9
42055,12,Sweet Corn,8657,1925.3
42055,21,Barley,3145,699.4
42055,22,Durum Wheat,181,40.3
42055,23,Spring Wheat,268,59.6
42055,24,Winter Wheat,18121,4030.0
42055,26,Dbl Crop WinWht/Soybeans,33540,7459.1
42055,27,Rye,4036,897.6
42055,28,Oats,3284,730.3
42055,29,Millet,114,25.4
42055,30,Speltz,621,138.1
42055,31,Canola,100,22.2
42055,36,Alfalfa,48305,10742.8
42055,37,Other Hay/Non Alfalfa,15044,3345.7
42055,42,Dry Beans,465,103.4
42055,44,Other Crops,260,57.8
42055,47,Misc Vegs & Fruits,1802,400.8
42055,54,Tomatoes,276,61.4
42055,58,Clover/Wildflowers,957,212.8
42055,59,Sod/Grass Seed,667,148.3
42055,60,Switchgrass,94,20.9
42055,61,Fallow/Idle Cropland,1120,249.1
42055,66,Cherries,7,1.6
42055,67,Peaches,780,173.5
42055,68,Apples,1427,317.4
42055,69,Grapes,8,1.8
42055,70,Christmas Trees,22,4.9
42055,77,Pears,24,5.3
42055,111,Open Water,5306,1180.0
42055,121,Developed/Open Space,97996,21793.8
42055,122,Developed/Low Intensity,105603,23485.5
42055,123,Developed/Medium Intensity,30148,6704.8
42055,124,Developed/High Intensity,20561,4572.7
42055,131,Barren,15859,3527.0
42055,141,Deciduous Forest,836542,186042.5
42055,142,Evergreen Forest,13226,2941.4
42055,143,Mixed Forest,75768,16850.4
42055,152,Shrubland,2165,481.5
42055,176,Grass/Pasture,453450,100844.9
42055,190,Woody Wetlands,2041,453.9
42055,195,Herbaceous Wetlands,1424,316.7
42055,205,Triticale,3162,703.2
42055,225,Dbl Crop WinWht/Corn,17249,3836.1
42055,226,Dbl Crop Oats/Corn,10256,2280.9
42055,228,Dbl Crop Triticale/Corn,65451,14556.0
42055,229,Pumpkins,2672,594.2
42055,236,Dbl Crop WinWht/Sorghum,5123,1139.3
42055,237,Dbl Crop Barley/Corn,25302,5627.0
42055,240,Dbl Crop Soybeans/Oats,642,142.8
42055,242,Blueberries,175,38.9
42055,254,Dbl Crop Barley/Soybeans,15785,3510.5
42057,1,Corn,30542,6792.4
42057,4,Sorghum,3969,882.7
42057,5,Soybeans,9695,2156.1
42057,6,Sunflowers,24,5.3
42057,12,Sweet Corn,1357,301.8
42057,21,Barley,512,113.9
42057,22,Durum Wheat,307,68.3
42057,23,Spring Wheat,272,60.5
42057,24,Winter Wheat,8104,1802.3
42057,26,Dbl Crop WinWht/Soybeans,949,211.1
42057,27,Rye,498,110.8
42057,28,Oats,637,141.7
42057,29,Millet,33,7.3
42057,30,Speltz,4,0.9
42057,36,Alfalfa,4456,991.0
42057,37,Other Hay/Non Alfalfa,3087,686.5
42057,42,Dry Beans,36,8.0
42057,43,Potatoes,2,0.4
42057,44,Other Crops,49,10.9
42057,47,Misc Vegs & Fruits,534,118.8
42057,58,Clover/Wildflowers,249,55.4
42057,59,Sod/Grass Seed,119,26.5
42057,61,Fallow/Idle Cropland,326,72.5
42057,67,Peaches,165,36.7
42057,68,Apples,119,26.5
42057,69,Grapes,5,1.1
42057,70,Christmas Trees,83,18.5
42057,77,Pears,1,0.2
42057,111,Open Water,2466,548.4
42057,121,Developed/Open Space,43696,9717.8
42057,122,Developed/Low Intensity,16016,3561.9
42057,123,Developed/Medium Intensity,3740,831.8
42057,124,Developed/High Intensity,1600,355.8
42057,131,Barren,2164,481.3
42057,141,Deciduous Forest,816231,181525.4
42057,142,Evergreen Forest,25551,5682.4
42057,143,Mixed Forest,44481,9892.3
42057,152,Shrubland,394,87.6
42057,176,Grass/Pasture,228612,50842.1
42057,190,Woody Wetlands,19,4.2
42057,195,Herbaceous Wetlands,50,11.1
42057,205,Triticale,493,109.6
42057,225,Dbl Crop WinWht/Corn,1495,332.5
42057,226,Dbl Crop Oats/Corn,384,85.4
42057,228,Dbl Crop Triticale/Corn,2980,662.7
42057,229,Pumpkins,30,6.7
42057,236,Dbl Crop WinWht/Sorghum,185,41.1
42057,237,Dbl Crop Barley/Corn,3531,785.3
42057,240,Dbl Crop Soybeans/Oats,68,15.1
42057,242,Blueberries,9,2.0
42057,254,Dbl Crop Barley/Soybeans,726,161.5
42059,1,Corn,1212,269.5
42059,4,Sorghum,58,12.9
42059,5,Soybeans,1351,300.5
42059,21,Barley,16,3.6
42059,24,Winter Wheat,5,1.1
42059,26,Dbl Crop WinWht/Soybeans,7,1.6
42059,27,Rye,1,0.2
42059,28,Oats,75,16.7
42059,30,Speltz,3,0.7
42059,36,Alfalfa,3,0.7
42059,37,Other Hay/Non Alfalfa,27,6.0
42059,61,Fallow/Idle Cropland,4,0.9
42059,70,Christmas Trees,12,2.7
42059,111,Open Water,8632,1919.7
42059,121,Developed/Open Space,106424,23668.1
42059,122,Developed/Low Intensity,26959,5995.5
42059,123,Developed/Medium Intensity,12270,2728.8
42059,124,Developed/High Intensity,5038,1120.4
42059,131,Barren,5603,1246.1
42059,141,Deciduous Forest,1115569,248096.6
42059,142,Evergreen Forest,776,172.6
42059,143,Mixed Forest,49774,11069.5
42059,152,Shrubland,56,12.5
42059,176,Grass/Pasture,329041,73177.0
42059,190,Woody Wetlands,5,1.1
42059,195,Herbaceous Wetlands,103,22.9
42059,225,Dbl Crop WinWht/Corn,113,25.1
42059,229,Pumpkins,9,2.0
42059,237,Dbl Crop Barley/Corn,31,6.9
42059,254,Dbl Crop Barley/Soybeans,18,4.0
42061,1,Corn,67788,15075.7
42061,4,Sorghum,1010,224.6
42061,5,Soybeans,23980,5333.0
42061,6,Sunflowers,70,15.6
42061,12,Sweet Corn,559,124.3
42061,21,Barley,197,43.8
42061,23,Spring Wheat,10,2.2
42061,24,Winter Wheat,5307,1180.2
42061,26,Dbl Crop WinWht/Soybeans,799,177.7
42061,27,Rye,203,45.1
42061,28,Oats,1094,243.3
42061,29,Millet,7,1.6
42061,30,Speltz,131,29.1
42061,34,Rape Seed,32,7.1
42061,36,Alfalfa,6457,1436.0
42061,37,Other Hay/Non Alfalfa,125,27.8
42061,39,Buckwheat,11,2.4
42061,42,Dry Beans,759,168.8
42061,43,Potatoes,13,2.9
42061,44,Other Crops,278,61.8
42061,47,Misc Vegs & Fruits,14,3.1
42061,58,Clover/Wildflowers,26,5.8
42061,60,Switchgrass,324,72.1
42061,61,Fallow/Idle Cropland,133,29.6
42061,66,Cherries,10,2.2
42061,67,Peaches,23,5.1
42061,69,Grapes,21,4.7
42061,70,Christmas Trees,292,64.9
42061,111,Open Water,45100,10030.0
42061,121,Developed/Open Space,121023,26914.9
42061,122,Developed/Low Intensity,28606,6361.8
42061,123,Developed/Medium Intensity,8231,1830.5
42061,124,Developed/High Intensity,2448,544.4
42061,131,Barren,4000,889.6
42061,141,Deciduous Forest,1791350,398386.7
42061,142,Evergreen Forest,36180,8046.2
42061,143,Mixed Forest,103374,22989.8
42061,152,Shrubland,2,0.4
42061,176,Grass/Pasture,297270,66111.3
42061,190,Woody Wetlands,39,8.7
42061,195,Herbaceous Wetlands,49,10.9
42061,205,Triticale,47,10.5
42061,225,Dbl Crop WinWht/Corn,7834,1742.2
42061,226,Dbl Crop Oats/Corn,22,4.9
42061,228,Dbl Crop Triticale/Corn,2937,653.2
42061,229,Pumpkins,27,6.0
42061,236,Dbl Crop WinWht/Sorghum,68,15.1
42061,237,Dbl Crop Barley/Corn,113,25.1
42061,240,Dbl Crop Soybeans/Oats,74,16.5
42061,254,Dbl Crop Barley/Soybeans,175,38.9
42063,1,Corn,61078,13583.4
42063,4,Sorghum,18,4.0
42063,5,Soybeans,48905,10876.2
42063,6,Sunflowers,105,23.4
42063,12,Sweet Corn,357,79.4
42063,21,Barley,114,25.4
42063,24,Winter Wheat,3664,814.9
42063,26,Dbl Crop WinWht/Soybeans,933,207.5
42063,27,Rye,200,44.5
42063,28,Oats,3338,742.4
42063,29,Millet,10,2.2
42063,30,Speltz,34,7.6
42063,36,Alfalfa,284,63.2
42063,37,Other Hay/Non Alfalfa,22,4.9
42063,43,Potatoes,26,5.8
42063,58,Clover/Wildflowers,95,21.1
42063,59,Sod/Grass Seed,780,173.5
42063,61,Fallow/Idle Cropland,270,60.0
42063,68,Apples,5,1.1
42063,70,Christmas Trees,27,6.0
42063,111,Open Water,15264,3394.6
42063,121,Developed/Open Space,153817,34208.1
42063,122,Developed/Low Intensity,44985,10004.4
42063,123,Developed/Medium Intensity,17260,3838.5
42063,124,Developed/High Intensity,7205,1602.4
42063,131,Barren,4539,1009.4
42063,141,Deciduous Forest,1325604,294807.2
42063,142,Evergreen Forest,22158,4927.8
42063,143,Mixed Forest,200912,44681.8
42063,152,Shrubland,7,1.6
42063,176,Grass/Pasture,484969,107854.5
42063,190,Woody Wetlands,78,17.3
42063,195,Herbaceous Wetlands,563,125.2
42063,205,Triticale,39,8.7
42063,225,Dbl Crop WinWht/Corn,65,14.5
42063,228,Dbl Crop Triticale/Corn,1686,375.0
42063,229,Pumpkins,529,117.6
42063,242,Blueberries,1,0.2
42063,243,Cabbage,1214,270.0
42063,254,Dbl Crop Barley/Soybeans,50,11.1
42065,1,Corn,17238,3833.6
42065,4,Sorghum,35,7.8
42065,5,Soybeans,12438,2766.1
42065,6,Sunflowers,7,1.6
42065,12,Sweet Corn,12,2.7
42065,21,Barley,38,8.5
42065,24,Winter Wheat,854,189.9
42065,26,Dbl Crop WinWht/Soybeans,1,0.2
42065,27,Rye,10,2.2
42065,28,Oats,2044,454.6
42065,29,Millet,16,3.6
42065,30,Speltz,76,16.9
42065,36,Alfalfa,12,2.7
42065,37,Other Hay/Non Alfalfa,7,1.6
42065,43,Potatoes,30,6.7
42065,59,Sod/Grass Seed,12,2.7
42065,61,Fallow/Idle Cropland,57,12.7
42065,111,Open Water,5759,1280.8
42065,121,Developed/Open Space,117640,26162.5
42065,122,Developed/Low Intensity,24307,5405.7
42065,123,Developed/Medium Intensity,7840,1743.6
42065,124,Developed/High Intensity,3601,800.8
42065,131,Barren,1469,326.7
42065,141,Deciduous Forest,897607,199623.0
42065,142,Evergreen Forest,51776,11514.7
42065,143,Mixed Forest,367863,81810.8
42065,152,Shrubland,21,4.7
42065,176,Grass/Pasture,377498,83953.5
42065,190,Woody Wetlands,158,35.1
42065,195,Herbaceous Wetlands,1459,324.5
42065,205,Triticale,1,0.2
42065,225,Dbl Crop WinWht/Corn,3,0.7
42065,228,Dbl Crop Triticale/Corn,93,20.7
42065,229,Pumpkins,18,4.0
42065,242,Blueberries,2,0.4
42065,243,Cabbage,133,29.6
42065,254,Dbl Crop Barley/Soybeans,14,3.1
42067,1,Corn,53814,11967.9
42067,4,Sorghum,1221,271.5
42067,5,Soybeans,32317,7187.1
42067,6,Sunflowers,15,3.3
42067,11,Tobacco,15,3.3
42067,12,Sweet Corn,43,9.6
42067,21,Barley,521,115.9
42067,23,Spring Wheat,68,15.1
42067,24,Winter Wheat,4562,1014.6
42067,26,Dbl Crop WinWht/Soybeans,5131,1141.1
42067,27,Rye,172,38.3
42067,28,Oats,718,159.7
42067,30,Speltz,692,153.9
42067,31,Canola,3,0.7
42067,34,Rape Seed,2,0.4
42067,36,Alfalfa,2636,586.2
42067,37,Other Hay/Non Alfalfa,1088,242.0
42067,39,Buckwheat,13,2.9
42067,42,Dry Beans,177,39.4
42067,43,Potatoes,4,0.9
42067,44,Other Crops,1,0.2
42067,50,Cucumbers,3,0.7
42067,58,Clover/Wildflowers,40,8.9
42067,60,Switchgrass,10,2.2
42067,61,Fallow/Idle Cropland,1141,253.8
42067,67,Peaches,104,23.1
42067,68,Apples,159,35.4
42067,69,Grapes,20,4.4
42067,70,Christmas Trees,1171,260.4
42067,111,Open Water,7249,1612.1
42067,121,Developed/Open Space,53399,11875.7
42067,122,Developed/Low Intensity,15463,3438.9
42067,123,Developed/Medium Intensity,5364,1192.9
42067,124,Developed/High Intensity,1605,356.9
42067,131,Barren,1534,341.2
42067,141,Deciduous Forest,693571,154246.5
42067,142,Evergreen Forest,7678,1707.5
42067,143,Mixed Forest,35669,7932.6
42067,152,Shrubland,339,75.4
42067,176,Grass/Pasture,193329,42995.3
42067,190,Woody Wetlands,527,117.2
42067,195,Herbaceous Wetlands,211,46.9
42067,205,Triticale,292,64.9
42067,220,Plums,150,33.4
42067,225,Dbl Crop WinWht/Corn,2848,633.4
42067,226,Dbl Crop Oats/Corn,7,1.6
42067,228,Dbl Crop Triticale/Corn,5936,1320.1
42067,229,Pumpkins,4,0.9
42067,236,Dbl Crop WinWht/Sorghum,121,26.9
42067,237,Dbl Crop Barley/Corn,253,56.3
42067,240,Dbl Crop Soybeans/Oats,7,1.6
42067,242,Blueberries,1,0.2
42067,254,Dbl Crop Barley/Soybeans,1163,258.6
42069,1,Corn,1703,378.7
42069,4,Sorghum,63,14.0
42069,5,Soybeans,455,101.2
42069,12,Sweet Corn,151,33.6
42069,13,Pop or Orn Corn,69,15.3
42069,21,Barley,13,2.9
42069,23,Spring Wheat,2,0.4
42069,24,Winter Wheat,158,35.1
42069,26,Dbl Crop WinWht/Soybeans,9,2.0
42069,27,Rye,72,16.0
42069,28,Oats,555,123.4
42069,29,Millet,4,0.9
42069,36,Alfalfa,1728,384.3
42069,37,Other Hay/Non Alfalfa,941,209.3
42069,39,Buckwheat,23,5.1
42069,42,Dry Beans,307,68.3
42069,49,Onions,19,4.2
42069,50,Cucumbers,49,10.9
42069,58,Clover/Wildflowers,14,3.1
42069,59,Sod/Grass Seed,447,99.4
42069,60,Switchgrass,14,3.1
42069,61,Fallow/Idle Cropland,50,11.1
42069,68,Apples,16,3.6
42069,70,Christmas Trees,2038,453.2
42069,77,Pears,33,7.3
42069,111,Open Water,18106,4026.7
42069,121,Developed/Open Space,97023,21577.4
42069,122,Developed/Low Intensity,62210,13835.2
42069,123,Developed/Medium Intensity,62214,13836.1
42069,124,Developed/High Intensity,27454,6105.6
42069,131,Barren,14460,3215.8
42069,141,Deciduous Forest,746345,165983.1
42069,142,Evergreen Forest,16650,3702.9
42069,143,Mixed Forest,88135,19600.8
42069,152,Shrubland,5221,1161.1
42069,176,Grass/Pasture,157116,34941.8
42069,190,Woody Wetlands,25038,5568.3
42069,195,Herbaceous Wetlands,8036,1787.2
42069,214,Broccoli,46,10.2
42069,216,Peppers,1,0.2
42069,222,Squash,2,0.4
42069,225,Dbl Crop WinWht/Corn,6,1.3
42069,228,Dbl Crop Triticale/Corn,13,2.9
42069,229,Pumpkins,85,18.9
42069,243,Cabbage,18,4.0
42071,1,Corn,354406,78818.0
42071,4,Sorghum,20196,4491.5
42071,5,Soybeans,106409,23664.8
42071,6,Sunflowers,4407,980.1
42071,11,Tobacco,24700,5493.1
42071,12,Sweet Corn,3071,683.0
42071,13,Pop or Orn Corn,3575,795.1
42071,21,Barley,5408,1202.7
42071,24,Winter Wheat,16392,3645.5
42071,26,Dbl Crop WinWht/Soybeans,68314,15192.7
42071,27,Rye,85813,19084.4
42071,28,Oats,7589,1687.8
42071,30,Speltz,51,11.3
42071,31,Canola,1,0.2
42071,36,Alfalfa,99657,22163.2
42071,37,Other Hay/Non Alfalfa,20237,4500.6
42071,42,Dry Beans,13872,3085.1
42071,43,Potatoes,18954,4215.3
42071,44,Other Crops,5018,1116.0
42071,54,Tomatoes,3234,719.2
42071,58,Clover/Wildflowers,2155,479.3
42071,60,Switchgrass,22,4.9
42071,61,Fallow/Idle Cropland,270,60.0
42071,67,Peaches,9448,2101.2
42071,68,Apples,2681,596.2
42071,69,Grapes,13,2.9
42071,70,Christmas Trees,1894,421.2
42071,111,Open Water,91466,20341.5
42071,121,Developed/Open Space,226309,50329.9
42071,122,Developed/Low Intensity,219747,48870.6
42071,123,Developed/Medium Intensity,102251,22740.1
42071,124,Developed/High Intensity,47337,10527.5
42071,131,Barren,27253,6060.9
42071,141,Deciduous Forest,407457,90616.3
42071,142,Evergreen Forest,9683,2153.4
42071,143,Mixed Forest,87023,19353.4
42071,152,Shrubland,4838,1075.9
42071,176,Grass/Pasture,500566,111323.2
42071,190,Woody Wetlands,6017,1338.1
42071,195,Herbaceous Wetlands,15896,3535.2
42071,205,Triticale,19634,4366.5
42071,225,Dbl Crop WinWht/Corn,16582,3687.7
42071,226,Dbl Crop Oats/Corn,1109,246.6
42071,228,Dbl Crop Triticale/Corn,96700,21505.6
42071,229,Pumpkins,16457,3659.9
42071,236,Dbl Crop WinWht/Sorghum,3074,683.6
42071,237,Dbl Crop Barley/Corn,27713,6163.2
42071,240,Dbl Crop Soybeans/Oats,61,13.6
42071,242,Blueberries,207,46.0
42071,243,Cabbage,1,0.2
42071,254,Dbl Crop Barley/Soybeans,26189,5824.3
42073,1,Corn,53231,11838.3
42073,4,Sorghum,181,40.3
42073,5,Soybeans,48177,10714.3
42073,6,Sunflowers,7,1.6
42073,12,Sweet Corn,120,26.7
42073,13,Pop or Orn Corn,2,0.4
42073,21,Barley,15,3.3
42073,23,Spring Wheat,3,0.7
42073,24,Winter Wheat,3322,738.8
42073,26,Dbl Crop WinWht/Soybeans,734,163.2
42073,27,Rye,321,71.4
42073,28,Oats,1143,254.2
42073,30,Speltz,111,24.7
42073,36,Alfalfa,73,16.2
42073,37,Other Hay/Non Alfalfa,69,15.3
42073,44,Other Crops,2,0.4
42073,54,Tomatoes,21,4.7
42073,58,Clover/Wildflowers,6,1.3
42073,60,Switchgrass,37,8.2
42073,61,Fallow/Idle Cropland,78,17.3
42073,67,Peaches,19,4.2
42073,70,Christmas Trees,1,0.2
42073,111,Open Water,10930,2430.8
42073,121,Developed/Open Space,95370,21209.8
42073,122,Developed/Low Intensity,54797,12186.6
42073,123,Developed/Medium Intensity,22080,4910.5
42073,124,Developed/High Intensity,7787,1731.8
42073,131,Barren,3713,825.8
42073,141,Deciduous Forest,463435,103065.5
42073,142,Evergreen Forest,507,112.8
42073,143,Mixed Forest,14512,3227.4
42073,152,Shrubland,24,5.3
42073,176,Grass/Pasture,258862,57569.5
42073,190,Woody Wetlands,2307,513.1
42073,195,Herbaceous Wetlands,568,126.3
42073,216,Peppers,12,2.7
42073,225,Dbl Crop WinWht/Corn,101,22.5
42073,228,Dbl Crop Triticale/Corn,1190,264.6
42073,229,Pumpkins,186,41.4
42073,254,Dbl Crop Barley/Soybeans,126,28.0
42075,1,Corn,118734,26405.8
42075,4,Sorghum,6241,1388.0
42075,5,Soybeans,42479,9447.1
42075,6,Sunflowers,169,37.6
42075,11,Tobacco,48,10.7
42075,12,Sweet Corn,2889,642.5
42075,13,Pop or Orn Corn,81,18.0
42075,21,Barley,1501,333.8
42075,24,Winter Wheat,6168,1371.7
42075,26,Dbl Crop WinWht/Soybeans,18185,4044.2
42075,27,Rye,18081,4021.1
42075,28,Oats,3795,844.0
42075,30,Speltz,409,91.0
42075,31,Canola,705,156.8
42075,36,Alfalfa,24505,5449.8
42075,37,Other Hay/Non Alfalfa,7597,1689.5
42075,42,Dry Beans,2192,487.5
42075,43,Potatoes,117,26.0
42075,44,Other Crops,341,75.8
42075,54,Tomatoes,31,6.9
42075,58,Clover/Wildflowers,506,112.5
42075,59,Sod/Grass Seed,186,41.4
42075,60,Switchgrass,245,54.5
42075,61,Fallow/Idle Cropland,172,38.3
42075,66,Cherries,2,0.4
42075,67,Peaches,140,31.1
42075,68,Apples,202,44.9
42075,69,Grapes,1,0.2
42075,70,Christmas Trees,79,17.6
42075,77,Pears,36,8.0
42075,92,Aquaculture,17,3.8
42075,111,Open Water,5365,1193.1
42075,121,Developed/Open Space,68634,15263.8
42075,122,Developed/Low Intensity,71583,15919.7
42075,123,Developed/Medium Intensity,33583,7468.7
42075,124,Developed/High Intensity,17473,3885.9
42075,131,Barren,8015,1782.5
42075,141,Deciduous Forest,306071,68068.6
42075,142,Evergreen Forest,10766,2394.3
42075,143,Mixed Forest,36011,8008.7
42075,152,Shrubland,7581,1686.0
42075,176,Grass/Pasture,152219,33852.7
42075,190,Woody Wetlands,3676,817.5
42075,195,Herbaceous Wetlands,6736,1498.1
42075,205,Triticale,3016,670.7
42075,225,Dbl Crop WinWht/Corn,2404,534.6
42075,226,Dbl Crop Oats/Corn,49,10.9
42075,228,Dbl Crop Triticale/Corn,32055,7128.9
42075,229,Pumpkins,1478,328.7
42075,236,Dbl Crop WinWht/Sorghum,442,98.3
42075,237,Dbl Crop Barley/Corn,8618,1916.6
42075,242,Blueberries,4,0.9
42075,243,Cabbage,95,21.1
42075,254,Dbl Crop Barley/Soybeans,11638,2588.2
42077,1,Corn,68406,15213.1
42077,4,Sorghum,9534,2120.3
42077,5,Soybeans,64809,14413.2
42077,6,Sunflowers,258,57.4
42077,12,Sweet Corn,6039,1343.0
42077,21,Barley,1651,367.2
42077,23,Spring Wheat,41,9.1
42077,24,Winter Wheat,11856,2636.7
42077,26,Dbl Crop WinWht/Soybeans,2972,661.0
42077,27,Rye,1597,355.2
42077,28,Oats,4921,1094.4
42077,30,Speltz,312,69.4
42077,31,Canola,539,119.9
42077,36,Alfalfa,12641,2811.3
42077,37,Other Hay/Non Alfalfa,9377,2085.4
42077,42,Dry Beans,6120,1361.1
42077,44,Other Crops,518,115.2
42077,50,Cucumbers,894,198.8
42077,58,Clover/Wildflowers,708,157.5
42077,59,Sod/Grass Seed,628,139.7
42077,60,Switchgrass,844,187.7
42077,67,Peaches,244,54.3
42077,68,Apples,58,12.9
42077,70,Christmas Trees,617,137.2
42077,92,Aquaculture,2,0.4
42077,111,Open Water,4662,1036.8
42077,121,Developed/Open Space,135576,30151.4
42077,122,Developed/Low Intensity,112092,24928.7
42077,123,Developed/Medium Intensity,67539,15020.3
42077,124,Developed/High Intensity,39193,8716.3
42077,131,Barren,4901,1090.0
42077,141,Deciduous Forest,271410,60360.1
42077,142,Evergreen Forest,1230,273.5
42077,143,Mixed Forest,9816,2183.0
42077,152,Shrubland,2904,645.8
42077,176,Grass/Pasture,135214,30070.9
42077,190,Woody Wetlands,825,183.5
42077,195,Herbaceous Wetlands,2061,458.4
42077,205,Triticale,2055,457.0
42077,216,Peppers,32,7.1
42077,222,Squash,603,134.1
42077,225,Dbl Crop WinWht/Corn,573,127.4
42077,228,Dbl Crop Triticale/Corn,917,203.9
42077,229,Pumpkins,3310,736.1
42077,237,Dbl Crop Barley/Corn,455,101.2
42077,242,Blueberries,246,54.7
42077,243,Cabbage,129,28.7
42077,254,Dbl Crop Barley/Soybeans,931,207.0
42079,1,Corn,35274,7844.7
42079,4,Sorghum,602,133.9
42079,5,Soybeans,18817,4184.8
42079,12,Sweet Corn,520,115.6
42079,13,Pop or Orn Corn,303,67.4
42079,21,Barley,25,5.6
42079,23,Spring Wheat,16,3.6
42079,24,Winter Wheat,3730,829.5
42079,26,Dbl Crop WinWht/Soybeans,62,13.8
42079,27,Rye,1267,281.8
42079,28,Oats,3846,855.3
42079,31,Canola,1,0.2
42079,36,Alfalfa,5475,1217.6
42079,37,Other Hay/Non Alfalfa,7280,1619.0
42079,39,Buckwheat,108,24.0
42079,42,Dry Beans,1429,317.8
42079,44,Other Crops,64,14.2
42079,49,Onions,1,0.2
42079,50,Cucumbers,502,111.6
42079,58,Clover/Wildflowers,147,32.7
42079,59,Sod/Grass Seed,1935,430.3
42079,60,Switchgrass,385,85.6
42079,61,Fallow/Idle Cropland,141,31.4
42079,66,Cherries,27,6.0
42079,67,Peaches,30,6.7
42079,68,Apples,3442,765.5
42079,70,Christmas Trees,12056,2681.2
42079,77,Pears,1972,438.6
42079,111,Open Water,42043,9350.1
42079,121,Developed/Open Space,156456,34795.0
42079,122,Developed/Low Intensity,90412,20107.1
42079,123,Developed/Medium Intensity,87417,19441.1
42079,124,Developed/High Intensity,43541,9683.3
42079,131,Barren,50037,11128.0
42079,141,Deciduous Forest,1447748,321971.4
42079,142,Evergreen Forest,61296,13631.9
42079,143,Mixed Forest,262163,58303.6
42079,152,Shrubland,9940,2210.6
42079,176,Grass/Pasture,193275,42983.3
42079,190,Woody Wetlands,37931,8435.7
42079,195,Herbaceous Wetlands,25359,5639.7
42079,214,Broccoli,967,215.1
42079,216,Peppers,300,66.7
42079,222,Squash,2,0.4
42079,225,Dbl Crop WinWht/Corn,124,27.6
42079,229,Pumpkins,1232,274.0
42079,243,Cabbage,108,24.0
42079,254,Dbl Crop Barley/Soybeans,22,4.9
42081,1,Corn,71948,16000.9
42081,4,Sorghum,4498,1000.3
42081,5,Soybeans,56742,12619.1
42081,6,Sunflowers,87,19.3
42081,12,Sweet Corn,919,204.4
42081,13,Pop or Orn Corn,2,0.4
42081,21,Barley,104,23.1
42081,23,Spring Wheat,1,0.2
42081,24,Winter Wheat,11509,2559.5
42081,26,Dbl Crop WinWht/Soybeans,3160,702.8
42081,27,Rye,3135,697.2
42081,28,Oats,8605,1913.7
42081,30,Speltz,7,1.6
42081,36,Alfalfa,11428,2541.5
42081,37,Other Hay/Non Alfalfa,23701,5271.0
42081,39,Buckwheat,96,21.3
42081,42,Dry Beans,2112,469.7
42081,43,Potatoes,3,0.7
42081,44,Other Crops,5,1.1
42081,47,Misc Vegs & Fruits,15,3.3
42081,50,Cucumbers,10,2.2
42081,53,Peas,1,0.2
42081,54,Tomatoes,2258,502.2
42081,58,Clover/Wildflowers,517,115.0
42081,59,Sod/Grass Seed,28,6.2
42081,61,Fallow/Idle Cropland,535,119.0
42081,68,Apples,5,1.1
42081,70,Christmas Trees,10615,2360.7
42081,111,Open Water,25715,5718.9
42081,121,Developed/Open Space,146407,32560.1
42081,122,Developed/Low Intensity,58220,12947.8
42081,123,Developed/Medium Intensity,29762,6618.9
42081,124,Developed/High Intensity,15328,3408.9
42081,131,Barren,14098,3135.3
42081,141,Deciduous Forest,1697493,377513.4
42081,142,Evergreen Forest,63321,14082.3
42081,143,Mixed Forest,925933,205922.5
42081,152,Shrubland,872,193.9
42081,176,Grass/Pasture,357479,79501.4
42081,190,Woody Wetlands,4273,950.3
42081,195,Herbaceous Wetlands,18274,4064.0
42081,205,Triticale,1491,331.6
42081,214,Broccoli,787,175.0
42081,222,Squash,1345,299.1
42081,225,Dbl Crop WinWht/Corn,2989,664.7
42081,228,Dbl Crop Triticale/Corn,517,115.0
42081,229,Pumpkins,1865,414.8
42081,240,Dbl Crop Soybeans/Oats,1,0.2
42081,254,Dbl Crop Barley/Soybeans,841,187.0
42083,1,Corn,2236,497.3
42083,4,Sorghum,15,3.3
42083,5,Soybeans,140,31.1
42083,12,Sweet Corn,16,3.6
42083,21,Barley,68,15.1
42083,24,Winter Wheat,10,2.2
42083,26,Dbl Crop WinWht/Soybeans,1,0.2
42083,27,Rye,31,6.9
42083,28,Oats,147,32.7
42083,29,Millet,15,3.3
42083,30,Speltz,74,16.5
42083,36,Alfalfa,73,16.2
42083,37,Other Hay/Non Alfalfa,135,30.0
42083,42,Dry Beans,314,69.8
42083,43,Potatoes,4,0.9
42083,50,Cucumbers,15,3.3
42083,53,Peas,2,0.4
42083,60,Switchgrass,4,0.9
42083,61,Fallow/Idle Cropland,16,3.6
42083,70,Christmas Trees,8,1.8
42083,71,Other Tree Crops,1,0.2
42083,111,Open Water,9279,2063.6
42083,121,Developed/Open Space,102778,22857.3
42083,122,Developed/Low Intensity,10728,2385.8
42083,123,Developed/Medium Intensity,5931,1319.0
42083,124,Developed/High Intensity,4029,896.0
42083,131,Barren,3289,731.5
42083,141,Deciduous Forest,2195515,488270.8
42083,142,Evergreen Forest,52077,11581.6
42083,143,Mixed Forest,262338,58342.6
42083,152,Shrubland,20,4.4
42083,176,Grass/Pasture,164938,36681.3
42083,190,Woody Wetlands,16923,3763.6
42083,195,Herbaceous Wetlands,1148,255.3
42083,205,Triticale,10,2.2
42083,221,Strawberries,13,2.9
42083,225,Dbl Crop WinWht/Corn,4,0.9
42083,228,Dbl Crop Triticale/Corn,4,0.9
42083,229,Pumpkins,1,0.2
42085,1,Corn,118460,26344.9
42085,4,Sorghum,19,4.2
42085,5,Soybeans,89868,19986.2
42085,6,Sunflowers,4,0.9
42085,12,Sweet Corn,209,46.5
42085,13,Pop or Orn Corn,4,0.9
42085,21,Barley,59,13.1
42085,23,Spring Wheat,80,17.8
42085,24,Winter Wheat,4330,963.0
42085,26,Dbl Crop WinWht/Soybeans,666,148.1
42085,27,Rye,289,64.3
42085,28,Oats,1703,378.7
42085,30,Speltz,327,72.7
42085,36,Alfalfa,621,138.1
42085,37,Other Hay/Non Alfalfa,872,193.9
42085,43,Potatoes,11,2.4
42085,44,Other Crops,748,166.4
42085,47,Misc Vegs & Fruits,1,0.2
42085,54,Tomatoes,13,2.9
42085,58,Clover/Wildflowers,230,51.2
42085,59,Sod/Grass Seed,359,79.8
42085,60,Switchgrass,860,191.3
42085,61,Fallow/Idle Cropland,267,59.4
42085,67,Peaches,1,0.2
42085,68,Apples,1,0.2
42085,111,Open Water,34242,7615.2
42085,121,Developed/Open Space,151674,33731.5
42085,122,Developed/Low Intensity,69231,15396.6
42085,123,Developed/Medium Intensity,21005,4671.4
42085,124,Developed/High Intensity,10879,2419.4
42085,131,Barren,1632,362.9
42085,141,Deciduous Forest,967055,215067.9
42085,142,Evergreen Forest,3089,687.0
42085,143,Mixed Forest,27418,6097.6
42085,152,Shrubland,4,0.9
42085,176,Grass/Pasture,439630,97771.4
42085,190,Woody Wetlands,14809,3293.4
42085,195,Herbaceous Wetlands,2293,510.0
42085,205,Triticale,164,36.5
42085,216,Peppers,1,0.2
42085,225,Dbl Crop WinWht/Corn,41,9.1
42085,228,Dbl Crop Triticale/Corn,610,135.7
42085,229,Pumpkins,107,23.8
42085,237,Dbl Crop Barley/Corn,2,0.4
42085,254,Dbl Crop Barley/Soybeans,74,16.5
42087,1,Corn,63148,14043.8
42087,4,Sorghum,852,189.5
42087,5,Soybeans,28353,6305.6
42087,6,Sunflowers,207,46.0
42087,12,Sweet Corn,339,75.4
42087,21,Barley,210,46.7
42087,23,Spring Wheat,1,0.2
42087,24,Winter Wheat,1544,343.4
42087,26,Dbl Crop WinWht/Soybeans,1792,398.5
42087,27,Rye,35,7.8
42087,28,Oats,1748,388.7
42087,30,Speltz,255,56.7
42087,34,Rape Seed,2,0.4
42087,36,Alfalfa,3761,836.4
42087,37,Other Hay/Non Alfalfa,76,16.9
42087,39,Buckwheat,76,16.9
42087,42,Dry Beans,937,208.4
42087,43,Potatoes,2,0.4
42087,44,Other Crops,61,13.6
42087,47,Misc Vegs & Fruits,23,5.1
42087,54,Tomatoes,1,0.2
42087,58,Clover/Wildflowers,21,4.7
42087,59,Sod/Grass Seed,24,5.3
42087,60,Switchgrass,11,2.4
42087,61,Fallow/Idle Cropland,81,18.0
42087,67,Peaches,19,4.2
42087,70,Christmas Trees,25,5.6
42087,111,Open Water,8835,1964.9
42087,121,Developed/Open Space,66251,14733.9
42087,122,Developed/Low Intensity,23542,5235.6
42087,123,Developed/Medium Intensity,9475,2107.2
42087,124,Developed/High Intensity,3982,885.6
42087,131,Barren,2440,542.6
42087,141,Deciduous Forest,706124,157038.2
42087,142,Evergreen Forest,14359,3193.4
42087,143,Mixed Forest,63420,14104.3
42087,152,Shrubland,17,3.8
42087,176,Grass/Pasture,181368,40335.3
42087,190,Woody Wetlands,64,14.2
42087,195,Herbaceous Wetlands,120,26.7
42087,205,Triticale,132,29.4
42087,225,Dbl Crop WinWht/Corn,2018,448.8
42087,226,Dbl Crop Oats/Corn,113,25.1
42087,228,Dbl Crop Triticale/Corn,5085,1130.9
42087,229,Pumpkins,51,11.3
42087,236,Dbl Crop WinWht/Sorghum,370,82.3
42087,237,Dbl Crop Barley/Corn,96,21.3
42087,240,Dbl Crop Soybeans/Oats,77,17.1
42087,254,Dbl Crop Barley/Soybeans,1510,335.8
42089,1,Corn,9763,2171.2
42089,4,Sorghum,503,111.9
42089,5,Soybeans,8535,1898.1
42089,6,Sunflowers,2,0.4
42089,12,Sweet Corn,1012,225.1
42089,13,Pop or Orn Corn,5,1.1
42089,21,Barley,168,37.4
42089,23,Spring Wheat,362,80.5
42089,24,Winter Wheat,1570,349.2
42089,26,Dbl Crop WinWht/Soybeans,115,25.6
42089,27,Rye,677,150.6
42089,28,Oats,1868,415.4
42089,31,Canola,108,24.0
42089,36,Alfalfa,1780,395.9
42089,37,Other Hay/Non Alfalfa,3502,778.8
42089,39,Buckwheat,1,0.2
42089,42,Dry Beans,597,132.8
42089,44,Other Crops,67,14.9
42089,50,Cucumbers,87,19.3
42089,58,Clover/Wildflowers,314,69.8
42089,61,Fallow/Idle Cropland,2,0.4
42089,66,Cherries,23,5.1
42089,67,Peaches,374,83.2
42089,68,Apples,159,35.4
42089,70,Christmas Trees,92,20.5
42089,111,Open Water,23566,5241.0
42089,121,Developed/Open Space,237585,52837.6
42089,122,Developed/Low Intensity,49794,11073.9
42089,123,Developed/Medium Intensity,20627,4587.3
42089,124,Developed/High Intensity,9775,2173.9
42089,131,Barren,6587,1464.9
42089,141,Deciduous Forest,1028346,228698.6
42089,142,Evergreen Forest,54172,12047.6
42089,143,Mixed Forest,143029,31808.9
42089,152,Shrubland,3252,723.2
42089,176,Grass/Pasture,73098,16256.6
42089,190,Woody Wetlands,87596,19480.9
42089,195,Herbaceous Wetlands,6409,1425.3
42089,205,Triticale,20,4.4
42089,216,Peppers,273,60.7
42089,222,Squash,19,4.2
42089,225,Dbl Crop WinWht/Corn,129,28.7
42089,229,Pumpkins,292,64.9
42089,243,Cabbage,91,20.2
42089,254,Dbl Crop Barley/Soybeans,1,0.2
42091,1,Corn,14705,3270.3
42091,4,Sorghum,932,207.3
42091,5,Soybeans,11096,2467.7
42091,6,Sunflowers,835,185.7
42091,12,Sweet Corn,1302,289.6
42091,21,Barley,1714,381.2
42091,24,Winter Wheat,3557,791.1
42091,26,Dbl Crop WinWht/Soybeans,968,215.3
42091,27,Rye,455,101.2
42091,28,Oats,981,218.2
42091,30,Speltz,346,76.9
42091,31,Canola,34,7.6
42091,36,Alfalfa,1568,348.7
42091,37,Other Hay/Non Alfalfa,9315,2071.6
42091,41,Sugarbeets,10,2.2
42091,42,Dry Beans,64,14.2
42091,43,Potatoes,17,3.8
42091,44,Other Crops,2308,513.3
42091,46,Sweet Potatoes,42,9.3
42091,47,Misc Vegs & Fruits,2,0.4
42091,50,Cucumbers,16,3.6
42091,54,Tomatoes,18,4.0
42091,58,Clover/Wildflowers,25,5.6
42091,59,Sod/Grass Seed,1274,283.3
42091,60,Switchgrass,4030,896.3
42091,67,Peaches,60,13.3
42091,68,Apples,14,3.1
42091,69,Grapes,8,1.8
42091,70,Christmas Trees,156,34.7
42091,92,Aquaculture,14,3.1
42091,111,Open Water,11607,2581.3
42091,121,Developed/Open Space,357689,79548.1
42091,122,Developed/Low Intensity,272848,60679.9
42091,123,Developed/Medium Intensity,130414,29003.4
42091,124,Developed/High Intensity,52352,11642.8
42091,131,Barren,5564,1237.4
42091,141,Deciduous Forest,261682,58196.7
42091,142,Evergreen Forest,6325,1406.6
42091,143,Mixed Forest,35628,7923.5
42091,152,Shrubland,4191,932.1
42091,176,Grass/Pasture,184489,41029.4
42091,190,Woody Wetlands,14877,3308.6
42091,195,Herbaceous Wetlands,3685,819.5
42091,205,Triticale,161,35.8
42091,209,Cantaloupes,22,4.9
42091,216,Peppers,20,4.4
42091,218,Nectarines,56,12.5
42091,222,Squash,14,3.1
42091,225,Dbl Crop WinWht/Corn,572,127.2
42091,228,Dbl Crop Triticale/Corn,438,97.4
42091,229,Pumpkins,1497,332.9
42091,236,Dbl Crop WinWht/Sorghum,5,1.1
42091,237,Dbl Crop Barley/Corn,1026,228.2
42091,242,Blueberries,204,45.4
42091,243,Cabbage,188,41.8
42091,247,Turnips,22,4.9
42091,248,Eggplants,3,0.7
42091,250,Cranberries,2,0.4
42091,254,Dbl Crop Barley/Soybeans,970,215.7
42093,1,Corn,33767,7509.6
42093,4,Sorghum,846,188.1
42093,5,Soybeans,50074,11136.2
42093,12,Sweet Corn,258,57.4
42093,13,Pop or Orn Corn,22,4.9
42093,21,Barley,315,70.1
42093,24,Winter Wheat,5248,1167.1
42093,26,Dbl Crop WinWht/Soybeans,1873,416.5
42093,27,Rye,917,203.9
42093,28,Oats,3046,677.4
42093,36,Alfalfa,4172,927.8
42093,37,Other Hay/Non Alfalfa,5052,1123.5
42093,39,Buckwheat,21,4.7
42093,42,Dry Beans,787,175.0
42093,44,Other Crops,1,0.2
42093,50,Cucumbers,176,39.1
42093,54,Tomatoes,636,141.4
42093,58,Clover/Wildflowers,113,25.1
42093,59,Sod/Grass Seed,201,44.7
42093,60,Switchgrass,134,29.8
42093,61,Fallow/Idle Cropland,276,61.4
42093,68,Apples,321,71.4
42093,70,Christmas Trees,1145,254.6
42093,77,Pears,204,45.4
42093,111,Open Water,3903,868.0
42093,121,Developed/Open Space,19254,4282.0
42093,122,Developed/Low Intensity,15166,3372.8
42093,123,Developed/Medium Intensity,5914,1315.2
42093,124,Developed/High Intensity,2663,592.2
42093,131,Barren,2485,552.7
42093,141,Deciduous Forest,116373,25880.7
42093,142,Evergreen Forest,1724,383.4
42093,143,Mixed Forest,17004,3781.6
42093,152,Shrubland,151,33.6
42093,176,Grass/Pasture,77532,17242.7
42093,190,Woody Wetlands,1416,314.9
42093,195,Herbaceous Wetlands,1766,392.7
42093,205,Triticale,818,181.9
42093,214,Broccoli,373,83.0
42093,222,Squash,244,54.3
42093,225,Dbl Crop WinWht/Corn,1846,410.5
42093,228,Dbl Crop Triticale/Corn,502,111.6
42093,229,Pumpkins,747,166.1
42093,254,Dbl Crop Barley/Soybeans,888,197.5
42095,1,Corn,95461,21230.0
42095,4,Sorghum,4348,967.0
42095,5,Soybeans,56634,12595.1
42095,6,Sunflowers,7,1.6
42095,12,Sweet Corn,3824,850.4
42095,13,Pop or Orn Corn,1,0.2
42095,21,Barley,700,155.7
42095,23,Spring Wheat,89,19.8
42095,24,Winter Wheat,8508,1892.1
42095,26,Dbl Crop WinWht/Soybeans,1381,307.1
42095,27,Rye,608,135.2
42095,28,Oats,1818,404.3
42095,31,Canola,861,191.5
42095,36,Alfalfa,4766,1059.9
42095,37,Other Hay/Non Alfalfa,3074,683.6
42095,39,Buckwheat,41,9.1
42095,42,Dry Beans,1933,429.9
42095,44,Other Crops,3,0.7
42095,48,Watermelons,9,2.0
42095,49,Onions,7,1.6
42095,50,Cucumbers,387,86.1
42095,58,Clover/Wildflowers,247,54.9
42095,60,Switchgrass,2,0.4
42095,66,Cherries,1,0.2
42095,67,Peaches,251,55.8
42095,68,Apples,50,11.1
42095,70,Christmas Trees,100,22.2
42095,111,Open Water,11071,2462.1
42095,121,Developed/Open Space,154630,34388.9
42095,122,Developed/Low Intensity,106542,23694.4
42095,123,Developed/Medium Intensity,55734,12394.9
42095,124,Developed/High Intensity,26934,5990.0
42095,131,Barren,8767,1949.7
42095,141,Deciduous Forest,353422,78599.2
42095,142,Evergreen Forest,879,195.5
42095,143,Mixed Forest,10730,2386.3
42095,152,Shrubland,888,197.5
42095,176,Grass/Pasture,163280,36312.6
42095,190,Woody Wetlands,3199,711.4
42095,195,Herbaceous Wetlands,2181,485.0
42095,205,Triticale,118,26.2
42095,207,Asparagus,1,0.2
42095,216,Peppers,157,34.9
42095,222,Squash,146,32.5
42095,225,Dbl Crop WinWht/Corn,151,33.6
42095,228,Dbl Crop Triticale/Corn,640,142.3
42095,229,Pumpkins,911,202.6
42095,237,Dbl Crop Barley/Corn,39,8.7
42095,243,Cabbage,98,21.8
42095,254,Dbl Crop Barley/Soybeans,249,55.4
42097,1,Corn,120414,26779.4
42097,4,Sorghum,6118,1360.6
42097,5,Soybeans,112245,24962.7
42097,12,Sweet Corn,691,153.7
42097,13,Pop or Orn Corn,25,5.6
42097,21,Barley,2848,633.4
42097,23,Spring Wheat,413,91.8
42097,24,Winter Wheat,13933,3098.6
42097,26,Dbl Crop WinWht/Soybeans,5752,1279.2
42097,27,Rye,2606,579.6
42097,28,Oats,8901,1979.5
42097,36,Alfalfa,11648,2590.5
42097,37,Other Hay/Non Alfalfa,14168,3150.9
42097,39,Buckwheat,96,21.3
42097,42,Dry Beans,1970,438.1
42097,50,Cucumbers,119,26.5
42097,54,Tomatoes,1498,333.1
42097,58,Clover/Wildflowers,147,32.7
42097,59,Sod/Grass Seed,79,17.6
42097,60,Switchgrass,715,159.0
42097,61,Fallow/Idle Cropland,13479,2997.7
42097,67,Peaches,430,95.6
42097,68,Apples,1544,343.4
42097,70,Christmas Trees,10540,2344.0
42097,77,Pears,121,26.9
42097,111,Open Water,52385,11650.1
42097,121,Developed/Open Space,66220,14727.0
42097,122,Developed/Low Intensity,48806,10854.2
42097,123,Developed/Medium Intensity,26030,5788.9
42097,124,Developed/High Intensity,10787,2399.0
42097,131,Barren,19996,4447.0
42097,141,Deciduous Forest,547124,121677.4
42097,142,Evergreen Forest,12203,2713.9
42097,143,Mixed Forest,58891,13097.0
42097,152,Shrubland,8687,1931.9
42097,176,Grass/Pasture,158356,35217.5
42097,190,Woody Wetlands,5734,1275.2
42097,195,Herbaceous Wetlands,9294,2066.9
42097,205,Triticale,2281,507.3
42097,214,Broccoli,1316,292.7
42097,220,Plums,206,45.8
42097,222,Squash,282,62.7
42097,225,Dbl Crop WinWht/Corn,4218,938.1
42097,228,Dbl Crop Triticale/Corn,4405,979.6
42097,229,Pumpkins,813,180.8
42097,236,Dbl Crop WinWht/Sorghum,365,81.2
42097,237,Dbl Crop Barley/Corn,566,125.9
42097,254,Dbl Crop Barley/Soybeans,5551,1234.5
42099,1,Corn,68503,15234.7
42099,4,Sorghum,4138,920.3
42099,5,Soybeans,50856,11310.1
42099,6,Sunflowers,4,0.9
42099,11,Tobacco,11,2.4
42099,12,Sweet Corn,1083,240.9
42099,13,Pop or Orn Corn,2,0.4
42099,21,Barley,2080,462.6
42099,23,Spring Wheat,66,14.7
42099,24,Winter Wheat,8125,1807.0
42099,26,Dbl Crop WinWht/Soybeans,6633,1475.1
42099,27,Rye,521,115.9
42099,28,Oats,2484,552.4
42099,30,Speltz,177,39.4
42099,31,Canola,55,12.2
42099,36,Alfalfa,15487,3444.2
42099,37,Other Hay/Non Alfalfa,7200,1601.2
42099,42,Dry Beans,721,160.3
42099,44,Other Crops,58,12.9
42099,58,Clover/Wildflowers,140,31.1
42099,60,Switchgrass,58,12.9
42099,61,Fallow/Idle Cropland,4419,982.8
42099,67,Peaches,50,11.1
42099,68,Apples,991,220.4
42099,70,Christmas Trees,1126,250.4
42099,77,Pears,81,18.0
42099,111,Open Water,9290,2066.0
42099,121,Developed/Open Space,74497,16567.7
42099,122,Developed/Low Intensity,29627,6588.9
42099,123,Developed/Medium Intensity,8079,1796.7
42099,124,Developed/High Intensity,1775,394.8
42099,131,Barren,2239,497.9
42099,141,Deciduous Forest,964235,214440.7
42099,142,Evergreen Forest,16599,3691.5
42099,143,Mixed Forest,69436,15442.2
42099,152,Shrubland,2861,636.3
42099,176,Grass/Pasture,210201,46747.6
42099,190,Woody Wetlands,4197,933.4
42099,195,Herbaceous Wetlands,3458,769.0
42099,205,Triticale,911,202.6
42099,220,Plums,135,30.0
42099,225,Dbl Crop WinWht/Corn,6280,1396.6
42099,226,Dbl Crop Oats/Corn,7,1.6
42099,228,Dbl Crop Triticale/Corn,10225,2274.0
42099,229,Pumpkins,1014,225.5
42099,236,Dbl Crop WinWht/Sorghum,455,101.2
42099,237,Dbl Crop Barley/Corn,5214,1159.6
42099,254,Dbl Crop Barley/Soybeans,3451,767.5
42101,1,Corn,12,2.7
42101,4,Sorghum,83,18.5
42101,5,Soybeans,17,3.8
42101,6,Sunflowers,21,4.7
42101,12,Sweet Corn,94,20.9
42101,21,Barley,48,10.7
42101,24,Winter Wheat,171,38.0
42101,26,Dbl Crop WinWht/Soybeans,64,14.2
42101,27,Rye,107,23.8
42101,28,Oats,96,21.3
42101,30,Speltz,3,0.7
42101,31,Canola,4,0.9
42101,36,Alfalfa,429,95.4
42101,37,Other Hay/Non Alfalfa,742,165.0
42101,41,Sugarbeets,16,3.6
42101,42,Dry Beans,6,1.3
42101,44,Other Crops,29,6.4
42101,46,Sweet Potatoes,50,11.1
42101,47,Misc Vegs & Fruits,22,4.9
42101,48,Watermelons,4,0.9
42101,50,Cucumbers,21,4.7
42101,54,Tomatoes,58,12.9
42101,59,Sod/Grass Seed,140,31.1
42101,60,Switchgrass,22,4.9
42101,66,Cherries,18,4.0
42101,67,Peaches,93,20.7
42101,69,Grapes,52,11.6
42101,70,Christmas Trees,1,0.2
42101,92,Aquaculture,4,0.9
42101,111,Open Water,21550,4792.6
42101,121,Developed/Open Space,40355,8974.7
42101,122,Developed/Low Intensity,46685,10382.5
42101,123,Developed/Medium Intensity,124491,27686.1
42101,124,Developed/High Intensity,134992,30021.5
42101,131,Barren,1595,354.7
42101,141,Deciduous Forest,25133,5589.4
42101,142,Evergreen Forest,431,95.9
42101,143,Mixed Forest,1245,276.9
42101,152,Shrubland,406,90.3
42101,176,Grass/Pasture,3352,745.5
42101,190,Woody Wetlands,4006,890.9
42101,195,Herbaceous Wetlands,2928,651.2
42101,205,Triticale,13,2.9
42101,207,Asparagus,35,7.8
42101,209,Cantaloupes,18,4.0
42101,216,Peppers,85,18.9
42101,218,Nectarines,97,21.6
42101,221,Strawberries,12,2.7
42101,222,Squash,73,16.2
42101,225,Dbl Crop WinWht/Corn,1,0.2
42101,229,Pumpkins,312,69.4
42101,236,Dbl Crop WinWht/Sorghum,9,2.0
42101,237,Dbl Crop Barley/Corn,2,0.4
42101,242,Blueberries,128,28.5
42101,243,Cabbage,140,31.1
42101,247,Turnips,88,19.6
42101,248,Eggplants,65,14.5
42101,250,Cranberries,28,6.2
42101,254,Dbl Crop Barley/Soybeans,40,8.9
42103,1,Corn,929,206.6
42103,4,Sorghum,15,3.3
42103,5,Soybeans,1832,407.4
42103,12,Sweet Corn,6,1.3
42103,13,Pop or Orn Corn,6,1.3
42103,23,Spring Wheat,2,0.4
42103,24,Winter Wheat,8,1.8
42103,26,Dbl Crop WinWht/Soybeans,53,11.8
42103,27,Rye,6,1.3
42103,28,Oats,2,0.4
42103,42,Dry Beans,2,0.4
42103,43,Potatoes,5,1.1
42103,44,Other Crops,45,10.0
42103,49,Onions,19,4.2
42103,50,Cucumbers,4,0.9
42103,54,Tomatoes,14,3.1
42103,57,Herbs,37,8.2
42103,58,Clover/Wildflowers,1,0.2
42103,61,Fallow/Idle Cropland,1,0.2
42103,66,Cherries,6,1.3
42103,67,Peaches,2,0.4
42103,68,Apples,1,0.2
42103,70,Christmas Trees,22,4.9
42103,111,Open Water,53155,11821.4
42103,121,Developed/Open Space,143854,31992.4
42103,122,Developed/Low Intensity,21115,4695.9
42103,123,Developed/Medium Intensity,7443,1655.3
42103,124,Developed/High Intensity,1431,318.2
42103,131,Barren,1777,395.2
42103,141,Deciduous Forest,1048060,233082.9
42103,142,Evergreen Forest,31321,6965.6
42103,143,Mixed Forest,226423,50355.3
42103,152,Shrubland,107,23.8
42103,176,Grass/Pasture,22603,5026.8
42103,190,Woody Wetlands,64163,14269.5
42103,195,Herbaceous Wetlands,5482,1219.2
42103,205,Triticale,1,0.2
42103,221,Strawberries,3,0.7
42103,228,Dbl Crop Triticale/Corn,1,0.2
42103,243,Cabbage,3,0.7
42105,1,Corn,12573,2796.2
42105,4,Sorghum,375,83.4
42105,5,Soybeans,2130,473.7
42105,12,Sweet Corn,70,15.6
42105,21,Barley,726,161.5
42105,24,Winter Wheat,3249,722.6
42105,26,Dbl Crop WinWht/Soybeans,36,8.0
42105,27,Rye,107,23.8
42105,28,Oats,3454,768.2
42105,29,Millet,53,11.8
42105,30,Speltz,42,9.3
42105,36,Alfalfa,622,138.3
42105,37,Other Hay/Non Alfalfa,541,120.3
42105,42,Dry Beans,3934,874.9
42105,43,Potatoes,1481,329.4
42105,47,Misc Vegs & Fruits,5,1.1
42105,50,Cucumbers,432,96.1
42105,53,Peas,112,24.9
42105,58,Clover/Wildflowers,3,0.7
42105,61,Fallow/Idle Cropland,54,12.0
42105,69,Grapes,1,0.2
42105,70,Christmas Trees,29,6.4
42105,71,Other Tree Crops,7,1.6
42105,111,Open Water,2289,509.1
42105,121,Developed/Open Space,103385,22992.3
42105,122,Developed/Low Intensity,2725,606.0
42105,123,Developed/Medium Intensity,1598,355.4
42105,124,Developed/High Intensity,1025,228.0
42105,131,Barren,852,189.5
42105,141,Deciduous Forest,2303353,512253.4
42105,142,Evergreen Forest,39316,8743.7
42105,143,Mixed Forest,335783,74676.3
42105,152,Shrubland,6,1.3
42105,176,Grass/Pasture,289805,64451.1
42105,190,Woody Wetlands,1538,342.0
42105,195,Herbaceous Wetlands,354,78.7
42105,205,Triticale,3,0.7
42105,221,Strawberries,214,47.6
42105,225,Dbl Crop WinWht/Corn,61,13.6
42105,228,Dbl Crop Triticale/Corn,40,8.9
42105,229,Pumpkins,120,26.7
42107,1,Corn,75509,16792.8
42107,4,Sorghum,17431,3876.6
42107,5,Soybeans,55908,12433.6
42107,6,Sunflowers,203,45.1
42107,12,Sweet Corn,1000,222.4
42107,13,Pop or Orn Corn,53,11.8
42107,21,Barley,1157,257.3
42107,23,Spring Wheat,157,34.9
42107,24,Winter Wheat,10682,2375.6
42107,26,Dbl Crop WinWht/Soybeans,3510,780.6
42107,27,Rye,1963,436.6
42107,28,Oats,11932,2653.6
42107,30,Speltz,165,36.7
42107,31,Canola,1140,253.5
42107,36,Alfalfa,8017,1782.9
42107,37,Other Hay/Non Alfalfa,15615,3472.7
42107,39,Buckwheat,3,0.7
42107,42,Dry Beans,1185,263.5
42107,44,Other Crops,1352,300.7
42107,50,Cucumbers,251,55.8
42107,58,Clover/Wildflowers,9480,2108.3
42107,59,Sod/Grass Seed,1319,293.3
42107,60,Switchgrass,1206,268.2
42107,61,Fallow/Idle Cropland,2544,565.8
42107,66,Cherries,877,195.0
42107,67,Peaches,1322,294.0
42107,68,Apples,589,131.0
42107,70,Christmas Trees,46716,10389.4
42107,77,Pears,186,41.4
42107,92,Aquaculture,58,12.9
42107,111,Open Water,14548,3235.4
42107,121,Developed/Open Space,111462,24788.6
42107,122,Developed/Low Intensity,58253,12955.2
42107,123,Developed/Medium Intensity,31671,7043.5
42107,124,Developed/High Intensity,15246,3390.6
42107,131,Barren,69187,15386.8
42107,141,Deciduous Forest,1292810,287514.0
42107,142,Evergreen Forest,52363,11645.3
42107,143,Mixed Forest,118083,26261.0
42107,152,Shrubland,33286,7402.6
42107,176,Grass/Pasture,154452,34349.3
42107,190,Woody Wetlands,3589,798.2
42107,195,Herbaceous Wetlands,4338,964.7
42107,205,Triticale,5399,1200.7
42107,214,Broccoli,38,8.5
42107,216,Peppers,20,4.4
42107,220,Plums,286,63.6
42107,222,Squash,84,18.7
42107,225,Dbl Crop WinWht/Corn,2214,492.4
42107,228,Dbl Crop Triticale/Corn,4764,1059.5
42107,229,Pumpkins,2073,461.0
42107,236,Dbl Crop WinWht/Sorghum,110,24.5
42107,237,Dbl Crop Barley/Corn,1711,380.5
42107,242,Blueberries,8,1.8
42107,243,Cabbage,3040,676.1
42107,254,Dbl Crop Barley/Soybeans,1967,437.5
42109,1,Corn,76151,16935.6
42109,4,Sorghum,5072,1128.0
42109,5,Soybeans,58553,13021.9
42109,12,Sweet Corn,4,0.9
42109,21,Barley,2653,590.0
42109,23,Spring Wheat,832,185.0
42109,24,Winter Wheat,6867,1527.2
42109,26,Dbl Crop WinWht/Soybeans,2909,646.9
42109,27,Rye,1313,292.0
42109,28,Oats,5061,1125.5
42109,30,Speltz,2,0.4
42109,36,Alfalfa,15723,3496.7
42109,37,Other Hay/Non Alfalfa,12347,2745.9
42109,39,Buckwheat,6,1.3
42109,44,Other Crops,1,0.2
42109,58,Clover/Wildflowers,786,174.8
42109,60,Switchgrass,57,12.7
42109,61,Fallow/Idle Cropland,12267,2728.1
42109,67,Peaches,885,196.8
42109,68,Apples,2395,532.6
42109,70,Christmas Trees,5398,1200.5
42109,77,Pears,15,3.3
42109,111,Open Water,5384,1197.4
42109,121,Developed/Open Space,43541,9683.3
42109,122,Developed/Low Intensity,29388,6535.7
42109,123,Developed/Medium Intensity,15296,3401.7
42109,124,Developed/High Intensity,4475,995.2
42109,131,Barren,2179,484.6
42109,141,Deciduous Forest,419691,93337.0
42109,142,Evergreen Forest,15403,3425.5
42109,143,Mixed Forest,50482,11226.9
42109,152,Shrubland,1938,431.0
42109,176,Grass/Pasture,120489,26796.1
42109,190,Woody Wetlands,11587,2576.9
42109,195,Herbaceous Wetlands,5298,1178.2
42109,205,Triticale,1419,315.6
42109,220,Plums,1414,314.5
42109,225,Dbl Crop WinWht/Corn,945,210.2
42109,228,Dbl Crop Triticale/Corn,10446,2323.1
42109,229,Pumpkins,6,1.3
42109,236,Dbl Crop WinWht/Sorghum,506,112.5
42109,237,Dbl Crop Barley/Corn,2001,445.0
42109,254,Dbl Crop Barley/Soybeans,3870,860.7
42111,1,Corn,28385,6312.7
42111,4,Sorghum,83,18.5
42111,5,Soybeans,14267,3172.9
42111,6,Sunflowers,62,13.8
42111,12,Sweet Corn,34,7.6
42111,21,Barley,331,73.6
42111,24,Winter Wheat,3814,848.2
42111,26,Dbl Crop WinWht/Soybeans,33,7.3
42111,27,Rye,667,148.3
42111,28,Oats,2048,455.5
42111,29,Millet,9,2.0
42111,30,Speltz,46,10.2
42111,36,Alfalfa,15,3.3
42111,37,Other Hay/Non Alfalfa,68,15.1
42111,43,Potatoes,7,1.6
42111,58,Clover/Wildflowers,23,5.1
42111,59,Sod/Grass Seed,3,0.7
42111,61,Fallow/Idle Cropland,17,3.8
42111,68,Apples,19,4.2
42111,70,Christmas Trees,138,30.7
42111,111,Open Water,24166,5374.4
42111,121,Developed/Open Space,161489,35914.3
42111,122,Developed/Low Intensity,49469,11001.6
42111,123,Developed/Medium Intensity,16965,3772.9
42111,124,Developed/High Intensity,4519,1005.0
42111,131,Barren,12084,2687.4
42111,141,Deciduous Forest,1848659,411131.9
42111,142,Evergreen Forest,25943,5769.6
42111,143,Mixed Forest,176463,39244.4
42111,152,Shrubland,26,5.8
42111,176,Grass/Pasture,737144,163936.9
42111,190,Woody Wetlands,10,2.2
42111,195,Herbaceous Wetlands,329,73.2
42111,205,Triticale,50,11.1
42111,225,Dbl Crop WinWht/Corn,10,2.2
42111,228,Dbl Crop Triticale/Corn,2794,621.4
42111,229,Pumpkins,66,14.7
42111,254,Dbl Crop Barley/Soybeans,38,8.5
42113,1,Corn,7008,1558.5
42113,4,Sorghum,378,84.1
42113,5,Soybeans,3471,771.9
42113,12,Sweet Corn,44,9.8
42113,24,Winter Wheat,1478,328.7
42113,26,Dbl Crop WinWht/Soybeans,527,117.2
42113,27,Rye,712,158.3
42113,28,Oats,2324,516.8
42113,36,Alfalfa,1345,299.1
42113,37,Other Hay/Non Alfalfa,10337,2298.9
42113,42,Dry Beans,53,11.8
42113,43,Potatoes,1,0.2
42113,44,Other Crops,1,0.2
42113,54,Tomatoes,621,138.1
42113,58,Clover/Wildflowers,650,144.6
42113,60,Switchgrass,1,0.2
42113,61,Fallow/Idle Cropland,39,8.7
42113,70,Christmas Trees,1998,444.3
42113,77,Pears,1,0.2
42113,111,Open Water,5843,1299.5
42113,121,Developed/Open Space,42124,9368.2
42113,122,Developed/Low Intensity,4217,937.8
42113,123,Developed/Medium Intensity,1506,334.9
42113,124,Developed/High Intensity,564,125.4
42113,131,Barren,4475,995.2
42113,141,Deciduous Forest,770386,171329.7
42113,142,Evergreen Forest,26962,5996.2
42113,143,Mixed Forest,307879,68470.6
42113,152,Shrubland,902,200.6
42113,176,Grass/Pasture,81669,18162.7
42113,190,Woody Wetlands,12165,2705.4
42113,195,Herbaceous Wetlands,10995,2445.2
42113,205,Triticale,99,22.0
42113,214,Broccoli,65,14.5
42113,222,Squash,332,73.8
42113,225,Dbl Crop WinWht/Corn,115,25.6
42113,228,Dbl Crop Triticale/Corn,10,2.2
42113,229,Pumpkins,197,43.8
42113,254,Dbl Crop Barley/Soybeans,278,61.8
42115,1,Corn,4641,1032.1
42115,4,Sorghum,50,11.1
42115,5,Soybeans,537,119.4
42115,12,Sweet Corn,61,13.6
42115,13,Pop or Orn Corn,3,0.7
42115,21,Barley,37,8.2
42115,24,Winter Wheat,102,22.7
42115,26,Dbl Crop WinWht/Soybeans,30,6.7
42115,27,Rye,23,5.1
42115,28,Oats,137,30.5
42115,29,Millet,1,0.2
42115,36,Alfalfa,864,192.1
42115,37,Other Hay/Non Alfalfa,352,78.3
42115,39,Buckwheat,4,0.9
42115,42,Dry Beans,32,7.1
42115,43,Potatoes,1,0.2
42115,50,Cucumbers,3,0.7
42115,58,Clover/Wildflowers,6,1.3
42115,59,Sod/Grass Seed,142,31.6
42115,60,Switchgrass,7,1.6
42115,61,Fallow/Idle Cropland,6,1.3
42115,68,Apples,3,0.7
42115,70,Christmas Trees,121,26.9
42115,77,Pears,2,0.4
42115,111,Open Water,29444,6548.2
42115,121,Developed/Open Space,135428,30118.5
42115,122,Developed/Low Intensity,16497,3668.8
42115,123,Developed/Medium Intensity,7993,1777.6
42115,124,Developed/High Intensity,5177,1151.3
42115,131,Barren,13064,2905.4
42115,141,Deciduous Forest,1113452,247625.8
42115,142,Evergreen Forest,20207,4493.9
42115,143,Mixed Forest,421034,93635.7
42115,152,Shrubland,163,36.3
42115,176,Grass/Pasture,606801,134949.3
42115,190,Woody Wetlands,12816,2850.2
42115,195,Herbaceous Wetlands,5795,1288.8
42115,205,Triticale,1,0.2
42115,214,Broccoli,7,1.6
42115,225,Dbl Crop WinWht/Corn,8,1.8
42115,228,Dbl Crop Triticale/Corn,252,56.0
42115,229,Pumpkins,24,5.3
42117,1,Corn,19527,4342.7
42117,4,Sorghum,1993,443.2
42117,5,Soybeans,7903,1757.6
42117,6,Sunflowers,91,20.2
42117,12,Sweet Corn,229,50.9
42117,21,Barley,441,98.1
42117,23,Spring Wheat,226,50.3
42117,24,Winter Wheat,4375,973.0
42117,26,Dbl Crop WinWht/Soybeans,308,68.5
42117,27,Rye,1906,423.9
42117,28,Oats,2537,564.2
42117,29,Millet,25,5.6
42117,30,Speltz,67,14.9
42117,36,Alfalfa,2077,461.9
42117,37,Other Hay/Non Alfalfa,7420,1650.2
42117,39,Buckwheat,320,71.2
42117,42,Dry Beans,5723,1272.8
42117,43,Potatoes,9,2.0
42117,44,Other Crops,7,1.6
42117,47,Misc Vegs & Fruits,16,3.6
42117,50,Cucumbers,21,4.7
42117,53,Peas,13,2.9
42117,54,Tomatoes,41,9.1
42117,58,Clover/Wildflowers,834,185.5
42117,59,Sod/Grass Seed,17,3.8
42117,61,Fallow/Idle Cropland,20,4.4
42117,68,Apples,2,0.4
42117,69,Grapes,1,0.2
42117,70,Christmas Trees,975,216.8
42117,71,Other Tree Crops,4,0.9
42117,111,Open Water,20003,4448.6
42117,121,Developed/Open Space,153309,34095.1
42117,122,Developed/Low Intensity,14978,3331.0
42117,123,Developed/Medium Intensity,7806,1736.0
42117,124,Developed/High Intensity,3705,824.0
42117,131,Barren,5179,1151.8
42117,141,Deciduous Forest,1630844,362691.0
42117,142,Evergreen Forest,44412,9877.0
42117,143,Mixed Forest,595212,132372.0
42117,152,Shrubland,77,17.1
42117,176,Grass/Pasture,731783,162744.6
42117,190,Woody Wetlands,3313,736.8
42117,195,Herbaceous Wetlands,3828,851.3
42117,205,Triticale,149,33.1
42117,214,Broccoli,41,9.1
42117,221,Strawberries,6,1.3
42117,222,Squash,104,23.1
42117,225,Dbl Crop WinWht/Corn,424,94.3
42117,228,Dbl Crop Triticale/Corn,492,109.4
42117,229,Pumpkins,37,8.2
42117,254,Dbl Crop Barley/Soybeans,209,46.5
42119,1,Corn,74552,16580.0
42119,4,Sorghum,3251,723.0
42119,5,Soybeans,54880,12205.0
42119,12,Sweet Corn,789,175.5
42119,21,Barley,1899,422.3
42119,23,Spring Wheat,252,56.0
42119,24,Winter Wheat,8497,1889.7
42119,26,Dbl Crop WinWht/Soybeans,3610,802.8
42119,27,Rye,1773,394.3
42119,28,Oats,2970,660.5
42119,36,Alfalfa,14163,3149.8
42119,37,Other Hay/Non Alfalfa,7629,1696.6
42119,42,Dry Beans,347,77.2
42119,44,Other Crops,1,0.2
42119,54,Tomatoes,617,137.2
42119,58,Clover/Wildflowers,280,62.3
42119,60,Switchgrass,4,0.9
42119,61,Fallow/Idle Cropland,2354,523.5
42119,67,Peaches,151,33.6
42119,68,Apples,713,158.6
42119,70,Christmas Trees,2983,663.4
42119,77,Pears,1,0.2
42119,111,Open Water,2653,590.0
42119,121,Developed/Open Space,41671,9267.4
42119,122,Developed/Low Intensity,26839,5968.8
42119,123,Developed/Medium Intensity,10066,2238.6
42119,124,Developed/High Intensity,4207,935.6
42119,131,Barren,4774,1061.7
42119,141,Deciduous Forest,352603,78417.0
42119,142,Evergreen Forest,16674,3708.2
42119,143,Mixed Forest,158774,35310.5
42119,152,Shrubland,1075,239.1
42119,176,Grass/Pasture,84531,18799.2
42119,190,Woody Wetlands,3907,868.9
42119,195,Herbaceous Wetlands,5553,1235.0
42119,205,Triticale,2138,475.5
42119,214,Broccoli,806,179.3
42119,220,Plums,780,173.5
42119,222,Squash,226,50.3
42119,225,Dbl Crop WinWht/Corn,4397,977.9
42119,228,Dbl Crop Triticale/Corn,6049,1345.3
42119,229,Pumpkins,214,47.6
42119,236,Dbl Crop WinWht/Sorghum,92,20.5
42119,237,Dbl Crop Barley/Corn,160,35.6
42119,254,Dbl Crop Barley/Soybeans,2658,591.1
42121,1,Corn,20518,4563.1
42121,5,Soybeans,11920,2650.9
42121,6,Sunflowers,16,3.6
42121,12,Sweet Corn,38,8.5
42121,21,Barley,43,9.6
42121,23,Spring Wheat,5,1.1
42121,24,Winter Wheat,1028,228.6
42121,26,Dbl Crop WinWht/Soybeans,3,0.7
42121,27,Rye,35,7.8
42121,28,Oats,1489,331.1
42121,29,Millet,2,0.4
42121,30,Speltz,4,0.9
42121,36,Alfalfa,327,72.7
42121,37,Other Hay/Non Alfalfa,296,65.8
42121,42,Dry Beans,58,12.9
42121,43,Potatoes,22,4.9
42121,44,Other Crops,4,0.9
42121,47,Misc Vegs & Fruits,11,2.4
42121,58,Clover/Wildflowers,4,0.9
42121,59,Sod/Grass Seed,3,0.7
42121,60,Switchgrass,149,33.1
42121,61,Fallow/Idle Cropland,580,129.0
42121,66,Cherries,1,0.2
42121,68,Apples,2,0.4
42121,111,Open Water,24944,5547.4
42121,121,Developed/Open Space,119077,26482.1
42121,122,Developed/Low Intensity,21897,4869.8
42121,123,Developed/Medium Intensity,8682,1930.8
42121,124,Developed/High Intensity,2960,658.3
42121,131,Barren,1178,262.0
42121,141,Deciduous Forest,1420642,315943.2
42121,142,Evergreen Forest,20122,4475.0
42121,143,Mixed Forest,92605,20594.9
42121,152,Shrubland,5,1.1
42121,176,Grass/Pasture,214015,47595.8
42121,190,Woody Wetlands,2027,450.8
42121,195,Herbaceous Wetlands,439,97.6
42121,205,Triticale,4,0.9
42121,225,Dbl Crop WinWht/Corn,9,2.0
42121,228,Dbl Crop Triticale/Corn,352,78.3
42121,229,Pumpkins,1,0.2
42121,242,Blueberries,1,0.2
42121,243,Cabbage,12,2.7
42123,1,Corn,14664,3261.2
42123,5,Soybeans,2376,528.4
42123,12,Sweet Corn,4,0.9
42123,21,Barley,5,1.1
42123,24,Winter Wheat,35,7.8
42123,27,Rye,100,22.2
42123,28,Oats,368,81.8
42123,30,Speltz,41,9.1
42123,36,Alfalfa,537,119.4
42123,37,Other Hay/Non Alfalfa,596,132.5
42123,42,Dry Beans,837,186.1
42123,43,Potatoes,20,4.4
42123,53,Peas,7,1.6
42123,58,Clover/Wildflowers,143,31.8
42123,60,Switchgrass,108,24.0
42123,61,Fallow/Idle Cropland,80,17.8
42123,70,Christmas Trees,6,1.3
42123,111,Open Water,40899,9095.7
42123,121,Developed/Open Space,115895,25774.4
42123,122,Developed/Low Intensity,13198,2935.2
42123,123,Developed/Medium Intensity,5664,1259.6
42123,124,Developed/High Intensity,3672,816.6
42123,131,Barren,2355,523.7
42123,141,Deciduous Forest,1535036,341383.8
42123,142,Evergreen Forest,105799,23529.1
42123,143,Mixed Forest,473501,105304.1
42123,152,Shrubland,9,2.0
42123,176,Grass/Pasture,236332,52559.0
42123,190,Woody Wetlands,28504,6339.1
42123,195,Herbaceous Wetlands,2419,538.0
42123,205,Triticale,33,7.3
42123,225,Dbl Crop WinWht/Corn,1,0.2
42123,228,Dbl Crop Triticale/Corn,120,26.7
42123,237,Dbl Crop Barley/Corn,21,4.7
42125,1,Corn,1365,303.6
42125,4,Sorghum,11,2.4
42125,5,Soybeans,3160,702.8
42125,12,Sweet Corn,2,0.4
42125,21,Barley,53,11.8
42125,24,Winter Wheat,52,11.6
42125,26,Dbl Crop WinWht/Soybeans,149,33.1
42125,27,Rye,209,46.5
42125,28,Oats,221,49.1
42125,30,Speltz,80,17.8
42125,36,Alfalfa,2,0.4
42125,37,Other Hay/Non Alfalfa,40,8.9
42125,58,Clover/Wildflowers,21,4.7
42125,61,Fallow/Idle Cropland,264,58.7
42125,67,Peaches,1,0.2
42125,70,Christmas Trees,3,0.7
42125,111,Open Water,14598,3246.5
42125,121,Developed/Open Space,215893,48013.4
42125,122,Developed/Low Intensity,120333,26761.4
42125,123,Developed/Medium Intensity,60179,13383.5
42125,124,Developed/High Intensity,23096,5136.4
42125,131,Barren,3676,817.5
42125,141,Deciduous Forest,1240531,275887.5
42125,142,Evergreen Forest,1934,430.1
42125,143,Mixed Forest,93008,20684.5
42125,152,Shrubland,13,2.9
42125,176,Grass/Pasture,698501,155342.9
42125,190,Woody Wetlands,7,1.6
42125,195,Herbaceous Wetlands,140,31.1
42125,225,Dbl Crop WinWht/Corn,23,5.1
42125,229,Pumpkins,83,18.5
42125,237,Dbl Crop Barley/Corn,15,3.3
42125,254,Dbl Crop Barley/Soybeans,2,0.4
42127,1,Corn,1507,335.1
42127,4,Sorghum,28,6.2
42127,5,Soybeans,107,23.8
42127,12,Sweet Corn,21,4.7
42127,13,Pop or Orn Corn,5,1.1
42127,23,Spring Wheat,2,0.4
42127,24,Winter Wheat,44,9.8
42127,26,Dbl Crop WinWht/Soybeans,53,11.8
42127,27,Rye,15,3.3
42127,28,Oats,64,14.2
42127,36,Alfalfa,1121,249.3
42127,37,Other Hay/Non Alfalfa,142,31.6
42127,39,Buckwheat,4,0.9
42127,42,Dry Beans,23,5.1
42127,50,Cucumbers,4,0.9
42127,58,Clover/Wildflowers,8,1.8
42127,59,Sod/Grass Seed,107,23.8
42127,60,Switchgrass,14,3.1
42127,61,Fallow/Idle Cropland,8,1.8
42127,66,Cherries,2,0.4
42127,68,Apples,6,1.3
42127,70,Christmas Trees,80,17.8
42127,111,Open Water,56933,12661.6
42127,121,Developed/Open Space,145571,32374.2
42127,122,Developed/Low Intensity,19735,4389.0
42127,123,Developed/Medium Intensity,6230,1385.5
42127,124,Developed/High Intensity,1990,442.6
42127,131,Barren,4304,957.2
42127,141,Deciduous Forest,1227785,273052.8
42127,142,Evergreen Forest,21184,4711.2
42127,143,Mixed Forest,292119,64965.7
42127,152,Shrubland,578,128.5
42127,176,Grass/Pasture,339798,75569.3
42127,190,Woody Wetlands,32820,7299.0
42127,195,Herbaceous Wetlands,7679,1707.8
42127,205,Triticale,1,0.2
42127,214,Broccoli,8,1.8
42127,222,Squash,2,0.4
42127,225,Dbl Crop WinWht/Corn,2,0.4
42127,228,Dbl Crop Triticale/Corn,2,0.4
42127,229,Pumpkins,2,0.4
42127,243,Cabbage,8,1.8
42129,1,Corn,19554,4348.7
42129,4,Sorghum,290,64.5
42129,5,Soybeans,24041,5346.6
42129,6,Sunflowers,197,43.8
42129,12,Sweet Corn,123,27.4
42129,21,Barley,122,27.1
42129,24,Winter Wheat,812,180.6
42129,26,Dbl Crop WinWht/Soybeans,563,125.2
42129,27,Rye,325,72.3
42129,28,Oats,631,140.3
42129,30,Speltz,8,1.8
42129,36,Alfalfa,60,13.3
42129,37,Other Hay/Non Alfalfa,8,1.8
42129,43,Potatoes,8,1.8
42129,59,Sod/Grass Seed,5,1.1
42129,61,Fallow/Idle Cropland,324,72.1
42129,68,Apples,6,1.3
42129,70,Christmas Trees,173,38.5
42129,111,Open Water,26476,5888.1
42129,121,Developed/Open Space,258827,57561.7
42129,122,Developed/Low Intensity,205675,45741.0
42129,123,Developed/Medium Intensity,86201,19170.6
42129,124,Developed/High Intensity,30924,6877.3
42129,131,Barren,4385,975.2
42129,141,Deciduous Forest,1535517,341490.8
42129,142,Evergreen Forest,731,162.6
42129,143,Mixed Forest,191810,42657.5
42129,152,Shrubland,7,1.6
42129,176,Grass/Pasture,593801,132058.2
42129,190,Woody Wetlands,4,0.9
42129,195,Herbaceous Wetlands,57,12.7
42129,205,Triticale,91,20.2
42129,225,Dbl Crop WinWht/Corn,14,3.1
42129,228,Dbl Crop Triticale/Corn,504,112.1
42129,229,Pumpkins,174,38.7
42129,242,Blueberries,1,0.2
42129,254,Dbl Crop Barley/Soybeans,194,43.1
42131,1,Corn,6948,1545.2
42131,4,Sorghum,133,29.6
42131,5,Soybeans,4208,935.8
42131,12,Sweet Corn,435,96.7
42131,13,Pop or Orn Corn,6,1.3
42131,21,Barley,12,2.7
42131,24,Winter Wheat,271,60.3
42131,26,Dbl Crop WinWht/Soybeans,3,0.7
42131,27,Rye,13,2.9
42131,28,Oats,77,17.1
42131,29,Millet,174,38.7
42131,31,Canola,1,0.2
42131,36,Alfalfa,12,2.7
42131,37,Other Hay/Non Alfalfa,69,15.3
42131,39,Buckwheat,7,1.6
42131,42,Dry Beans,67,14.9
42131,43,Potatoes,1,0.2
42131,44,Other Crops,6,1.3
42131,49,Onions,9,2.0
42131,50,Cucumbers,6,1.3
42131,58,Clover/Wildflowers,1,0.2
42131,61,Fallow/Idle Cropland,163,36.3
42131,66,Cherries,2,0.4
42131,68,Apples,1,0.2
42131,70,Christmas Trees,94,20.9
42131,111,Open Water,21132,4699.6
42131,121,Developed/Open Space,57558,12800.6
42131,122,Developed/Low Intensity,9743,2166.8
42131,123,Developed/Medium Intensity,4048,900.3
42131,124,Developed/High Intensity,2856,635.2
42131,131,Barren,3573,794.6
42131,141,Deciduous Forest,642110,142801.8
42131,142,Evergreen Forest,8818,1961.1
42131,143,Mixed Forest,184425,41015.1
42131,152,Shrubland,14,3.1
42131,176,Grass/Pasture,208439,46355.7
42131,190,Woody Wetlands,7482,1664.0
42131,195,Herbaceous Wetlands,2187,486.4
42131,205,Triticale,1,0.2
42131,216,Peppers,3,0.7
42131,225,Dbl Crop WinWht/Corn,1,0.2
42131,228,Dbl Crop Triticale/Corn,12,2.7
42131,229,Pumpkins,3,0.7
42131,243,Cabbage,8,1.8
42131,254,Dbl Crop Barley/Soybeans,2,0.4
42133,1,Corn,276125,61408.7
42133,4,Sorghum,18043,4012.7
42133,5,Soybeans,139244,30967.1
42133,6,Sunflowers,3919,871.6
42133,11,Tobacco,3341,743.0
42133,12,Sweet Corn,3244,721.4
42133,13,Pop or Orn Corn,19350,4303.3
42133,21,Barley,6625,1473.4
42133,24,Winter Wheat,24998,5559.4
42133,26,Dbl Crop WinWht/Soybeans,57854,12866.4
42133,27,Rye,2553,567.8
42133,28,Oats,5866,1304.6
42133,30,Speltz,98,21.8
42133,31,Canola,7,1.6
42133,36,Alfalfa,21887,4867.6
42133,37,Other Hay/Non Alfalfa,59381,13206.0
42133,42,Dry Beans,11544,2567.3
42133,43,Potatoes,5634,1253.0
42133,44,Other Crops,2072,460.8
42133,54,Tomatoes,751,167.0
42133,58,Clover/Wildflowers,4655,1035.2
42133,60,Switchgrass,43,9.6
42133,61,Fallow/Idle Cropland,871,193.7
42133,67,Peaches,4261,947.6
42133,68,Apples,4269,949.4
42133,69,Grapes,32,7.1
42133,70,Christmas Trees,331,73.6
42133,77,Pears,9,2.0
42133,111,Open Water,14370,3195.8
42133,121,Developed/Open Space,249958,55589.3
42133,122,Developed/Low Intensity,177876,39558.7
42133,123,Developed/Medium Intensity,73785,16409.4
42133,124,Developed/High Intensity,42418,9433.5
42133,131,Barren,19110,4250.0
42133,141,Deciduous Forest,666895,148313.9
42133,142,Evergreen Forest,27456,6106.1
42133,143,Mixed Forest,126321,28093.1
42133,152,Shrubland,7111,1581.4
42133,176,Grass/Pasture,458248,101911.9
42133,190,Woody Wetlands,20641,4590.4
42133,195,Herbaceous Wetlands,12430,2764.4
42133,205,Triticale,1670,371.4
42133,225,Dbl Crop WinWht/Corn,4870,1083.1
42133,226,Dbl Crop Oats/Corn,945,210.2
42133,228,Dbl Crop Triticale/Corn,11478,2552.6
42133,229,Pumpkins,3809,847.1
42133,236,Dbl Crop WinWht/Sorghum,5755,1279.9
42133,237,Dbl Crop Barley/Corn,7066,1571.4
42133,240,Dbl Crop Soybeans/Oats,645,143.4
42133,242,Blueberries,1601,356.1
42133,254,Dbl Crop Barley/Soybeans,8221,1828.3
54001,1,Corn,22,4.9
54001,4,Sorghum,7,1.6
54001,5,Soybeans,189,42.0
54001,27,Rye,5,1.1
54001,28,Oats,5,1.1
54001,47,Misc Vegs & Fruits,1,0.2
54001,61,Fallow/Idle Cropland,2,0.4
54001,111,Open Water,6199,1378.6
54001,121,Developed/Open Space,45561,10132.5
54001,122,Developed/Low Intensity,8427,1874.1
54001,123,Developed/Medium Intensity,3186,708.5
54001,124,Developed/High Intensity,1146,254.9
54001,131,Barren,1048,233.1
54001,141,Deciduous Forest,736709,163840.1
54001,142,Evergreen Forest,170,37.8
54001,143,Mixed Forest,4104,912.7
54001,152,Shrubland,1,0.2
54001,176,Grass/Pasture,179557,39932.5
54001,190,Woody Wetlands,11,2.4
54001,195,Herbaceous Wetlands,15,3.3
54003,1,Corn,17453,3881.5
54003,4,Sorghum,1733,385.4
54003,5,Soybeans,8243,1833.2
54003,6,Sunflowers,48,10.7
54003,12,Sweet Corn,2395,532.6
54003,21,Barley,707,157.2
54003,22,Durum Wheat,121,26.9
54003,23,Spring Wheat,47,10.5
54003,24,Winter Wheat,2208,491.0
54003,26,Dbl Crop WinWht/Soybeans,2772,616.5
54003,27,Rye,42,9.3
54003,28,Oats,117,26.0
54003,29,Millet,21,4.7
54003,36,Alfalfa,1662,369.6
54003,37,Other Hay/Non Alfalfa,2573,572.2
54003,44,Other Crops,149,33.1
54003,47,Misc Vegs & Fruits,455,101.2
54003,54,Tomatoes,6,1.3
54003,58,Clover/Wildflowers,31,6.9
54003,59,Sod/Grass Seed,233,51.8
54003,61,Fallow/Idle Cropland,293,65.2
54003,67,Peaches,573,127.4
54003,68,Apples,3854,857.1
54003,69,Grapes,3,0.7
54003,70,Christmas Trees,43,9.6
54003,77,Pears,8,1.8
54003,111,Open Water,5579,1240.7
54003,121,Developed/Open Space,72274,16073.4
54003,122,Developed/Low Intensity,62007,13790.0
54003,123,Developed/Medium Intensity,17009,3782.7
54003,124,Developed/High Intensity,9313,2071.2
54003,131,Barren,8874,1973.5
54003,141,Deciduous Forest,408316,90807.3
54003,142,Evergreen Forest,7467,1660.6
54003,143,Mixed Forest,47029,10459.0
54003,152,Shrubland,126,28.0
54003,176,Grass/Pasture,238077,52947.1
54003,190,Woody Wetlands,92,20.5
54003,195,Herbaceous Wetlands,273,60.7
54003,205,Triticale,439,97.6
54003,225,Dbl Crop WinWht/Corn,179,39.8
54003,226,Dbl Crop Oats/Corn,158,35.1
54003,228,Dbl Crop Triticale/Corn,821,182.6
54003,229,Pumpkins,240,53.4
54003,236,Dbl Crop WinWht/Sorghum,311,69.2
54003,237,Dbl Crop Barley/Corn,441,98.1
54003,240,Dbl Crop Soybeans/Oats,30,6.7
54003,242,Blueberries,1,0.2
54003,254,Dbl Crop Barley/Soybeans,555,123.4
54005,1,Corn,1,0.2
54005,5,Soybeans,1,0.2
54005,59,Sod/Grass Seed,45,10.0
54005,70,Christmas Trees,2,0.4
54005,76,Walnuts,3,0.7
54005,111,Open Water,4324,961.6
54005,121,Developed/Open Space,33559,7463.3
54005,122,Developed/Low Intensity,16778,3731.3
54005,123,Developed/Medium Intensity,7392,1643.9
54005,124,Developed/High Intensity,1351,300.5
54005,131,Barren,28855,6417.2
54005,141,Deciduous Forest,1301852,289524.9
54005,142,Evergreen Forest,996,221.5
54005,143,Mixed Forest,2562,569.8
54005,152,Shrubland,37,8.2
54005,176,Grass/Pasture,50299,11186.2
54005,190,Woody Wetlands,1,0.2
54005,195,Herbaceous Wetlands,1,0.2
54005,229,Pumpkins,5,1.1
54005,242,Blueberries,3,0.7
54007,1,Corn,317,70.5
54007,4,Sorghum,31,6.9
54007,5,Soybeans,22,4.9
54007,28,Oats,16,3.6
54007,36,Alfalfa,28,6.2
54007,37,Other Hay/Non Alfalfa,496,110.3
54007,43,Potatoes,29,6.4
54007,59,Sod/Grass Seed,1,0.2
54007,111,Open Water,12648,2812.8
54007,121,Developed/Open Space,63143,14042.7
54007,122,Developed/Low Intensity,6695,1488.9
54007,123,Developed/Medium Intensity,5047,1122.4
54007,124,Developed/High Intensity,976,217.1
54007,131,Barren,443,98.5
54007,141,Deciduous Forest,1296958,288436.5
54007,142,Evergreen Forest,380,84.5
54007,143,Mixed Forest,14841,3300.6
54007,152,Shrubland,1,0.2
54007,176,Grass/Pasture,83378,18542.8
54007,190,Woody Wetlands,1,0.2
54007,195,Herbaceous Wetlands,1,0.2
54009,1,Corn,30,6.7
54009,5,Soybeans,216,48.0
54009,21,Barley,8,1.8
54009,26,Dbl Crop WinWht/Soybeans,1,0.2
54009,28,Oats,21,4.7
54009,30,Speltz,1,0.2
54009,37,Other Hay/Non Alfalfa,1,0.2
54009,67,Peaches,2,0.4
54009,111,Open Water,8573,1906.6
54009,121,Developed/Open Space,23043,5124.6
54009,122,Developed/Low Intensity,12282,2731.5
54009,123,Developed/Medium Intensity,7373,1639.7
54009,124,Developed/High Intensity,4422,983.4
54009,131,Barren,324,72.1
54009,141,Deciduous Forest,160082,35601.4
54009,142,Evergreen Forest,84,18.7
54009,143,Mixed Forest,7281,1619.3
54009,176,Grass/Pasture,42036,9348.6
54009,195,Herbaceous Wetlands,60,13.3
54009,229,Pumpkins,1,0.2
54011,1,Corn,45,10.0
54011,5,Soybeans,395,87.8
54011,12,Sweet Corn,47,10.5
54011,24,Winter Wheat,5,1.1
54011,26,Dbl Crop WinWht/Soybeans,6,1.3
54011,36,Alfalfa,42,9.3
54011,37,Other Hay/Non Alfalfa,70,15.6
54011,47,Misc Vegs & Fruits,6,1.3
54011,58,Clover/Wildflowers,11,2.4
54011,59,Sod/Grass Seed,145,32.2
54011,67,Peaches,1,0.2
54011,111,Open Water,18590,4134.3
54011,121,Developed/Open Space,50081,11137.7
54011,122,Developed/Low Intensity,47250,10508.1
54011,123,Developed/Medium Intensity,21295,4735.9
54011,124,Developed/High Intensity,10924,2429.4
54011,131,Barren,493,109.6
54011,141,Deciduous Forest,616037,137003.3
54011,142,Evergreen Forest,42,9.3
54011,143,Mixed Forest,2278,506.6
54011,152,Shrubland,2,0.4
54011,176,Grass/Pasture,59909,13323.4
54011,190,Woody Wetlands,430,95.6
54011,195,Herbaceous Wetlands,726,161.5
54011,229,Pumpkins,3,0.7
54013,1,Corn,63,14.0
54013,4,Sorghum,1,0.2
54013,5,Soybeans,10,2.2
54013,12,Sweet Corn,7,1.6
54013,27,Rye,1,0.2
54013,28,Oats,1,0.2
54013,36,Alfalfa,2,0.4
54013,37,Other Hay/Non Alfalfa,21,4.7
54013,43,Potatoes,1,0.2
54013,59,Sod/Grass Seed,8,1.8
54013,76,Walnuts,2,0.4
54013,111,Open Water,2240,498.2
54013,121,Developed/Open Space,31699,7049.7
54013,122,Developed/Low Intensity,3070,682.8
54013,123,Developed/Medium Intensity,368,81.8
54013,124,Developed/High Intensity,179,39.8
54013,131,Barren,123,27.4
54013,141,Deciduous Forest,718537,159798.8
54013,142,Evergreen Forest,1958,435.4
54013,143,Mixed Forest,3683,819.1
54013,152,Shrubland,2,0.4
54013,176,Grass/Pasture,45489,10116.5
54013,190,Woody Wetlands,1,0.2
54013,195,Herbaceous Wetlands,77,17.1
54013,225,Dbl Crop WinWht/Corn,1,0.2
54015,1,Corn,1,0.2
54015,37,Other Hay/Non Alfalfa,28,6.2
54015,43,Potatoes,2,0.4
54015,59,Sod/Grass Seed,24,5.3
54015,111,Open Water,4535,1008.6
54015,121,Developed/Open Space,33571,7466.0
54015,122,Developed/Low Intensity,3309,735.9
54015,123,Developed/Medium Intensity,709,157.7
54015,124,Developed/High Intensity,147,32.7
54015,131,Barren,1272,282.9
54015,141,Deciduous Forest,895708,199200.7
54015,142,Evergreen Forest,24,5.3
54015,143,Mixed Forest,21358,4749.9
54015,152,Shrubland,2,0.4
54015,176,Grass/Pasture,28745,6392.7
54015,190,Woody Wetlands,3,0.7
54015,195,Herbaceous Wetlands,1,0.2
54017,1,Corn,11,2.4
54017,5,Soybeans,28,6.2
54017,12,Sweet Corn,2,0.4
54017,27,Rye,1,0.2
54017,111,Open Water,405,90.1
54017,121,Developed/Open Space,38092,8471.5
54017,122,Developed/Low Intensity,3995,888.5
54017,123,Developed/Medium Intensity,3123,694.5
54017,124,Developed/High Intensity,1581,351.6
54017,131,Barren,101,22.5
54017,141,Deciduous Forest,819493,182250.9
54017,142,Evergreen Forest,519,115.4
54017,143,Mixed Forest,3429,762.6
54017,152,Shrubland,4,0.9
54017,176,Grass/Pasture,51485,11450.0
54019,1,Corn,34,7.6
54019,4,Sorghum,7,1.6
54019,5,Soybeans,40,8.9
54019,6,Sunflowers,5,1.1
54019,12,Sweet Corn,1,0.2
54019,24,Winter Wheat,7,1.6
54019,27,Rye,2,0.4
54019,28,Oats,1,0.2
54019,36,Alfalfa,111,24.7
54019,37,Other Hay/Non Alfalfa,180,40.0
54019,43,Potatoes,12,2.7
54019,58,Clover/Wildflowers,1,0.2
54019,59,Sod/Grass Seed,32,7.1
54019,61,Fallow/Idle Cropland,50,11.1
54019,67,Peaches,1,0.2
54019,69,Grapes,1,0.2
54019,70,Christmas Trees,10,2.2
54019,111,Open Water,17855,3970.9
54019,121,Developed/Open Space,73745,16400.5
54019,122,Developed/Low Intensity,30661,6818.8
54019,123,Developed/Medium Intensity,11566,2572.2
54019,124,Developed/High Intensity,2068,459.9
54019,131,Barren,10033,2231.3
54019,141,Deciduous Forest,1636333,363911.7
54019,142,Evergreen Forest,7269,1616.6
54019,143,Mixed Forest,53823,11969.9
54019,152,Shrubland,165,36.7
54019,176,Grass/Pasture,79392,17656.4
54019,190,Woody Wetlands,3,0.7
54019,195,Herbaceous Wetlands,32,7.1
54019,242,Blueberries,43,9.6
54021,1,Corn,124,27.6
54021,5,Soybeans,32,7.1
54021,12,Sweet Corn,4,0.9
54021,37,Other Hay/Non Alfalfa,17,3.8
54021,43,Potatoes,3,0.7
54021,111,Open Water,615,136.8
54021,121,Developed/Open Space,39709,8831.1
54021,122,Developed/Low Intensity,2578,573.3
54021,123,Developed/Medium Intensity,1107,246.2
54021,124,Developed/High Intensity,435,96.7
54021,131,Barren,33,7.3
54021,141,Deciduous Forest,871591,193837.2
54021,142,Evergreen Forest,234,52.0
54021,143,Mixed Forest,3718,826.9
54021,152,Shrubland,1,0.2
54021,176,Grass/Pasture,58419,12992.1
54021,195,Herbaceous Wetlands,2,0.4
54023,1,Corn,4515,1004.1
54023,4,Sorghum,258,57.4
54023,5,Soybeans,290,64.5
54023,6,Sunflowers,16,3.6
54023,21,Barley,6,1.3
54023,24,Winter Wheat,123,27.4
54023,28,Oats,171,38.0
54023,29,Millet,21,4.7
54023,30,Speltz,4,0.9
54023,36,Alfalfa,470,104.5
54023,37,Other Hay/Non Alfalfa,16597,3691.1
54023,43,Potatoes,1,0.2
54023,44,Other Crops,3,0.7
54023,47,Misc Vegs & Fruits,54,12.0
54023,61,Fallow/Idle Cropland,22,4.9
54023,69,Grapes,11,2.4
54023,70,Christmas Trees,1302,289.6
54023,92,Aquaculture,6,1.3
54023,111,Open Water,9590,2132.8
54023,121,Developed/Open Space,27143,6036.5
54023,122,Developed/Low Intensity,10652,2368.9
54023,123,Developed/Medium Intensity,6021,1339.0
54023,124,Developed/High Intensity,2141,476.1
54023,131,Barren,7380,1641.3
54023,141,Deciduous Forest,960100,213521.1
54023,142,Evergreen Forest,17210,3827.4
54023,143,Mixed Forest,83648,18602.9
54023,152,Shrubland,205,45.6
54023,176,Grass/Pasture,231184,51414.1
54023,190,Woody Wetlands,1947,433.0
54023,195,Herbaceous Wetlands,1106,246.0
54023,228,Dbl Crop Triticale/Corn,24,5.3
54023,237,Dbl Crop Barley/Corn,3,0.7
54025,1,Corn,9513,2115.6
54025,4,Sorghum,1033,229.7
54025,5,Soybeans,126,28.0
54025,6,Sunflowers,62,13.8
54025,12,Sweet Corn,13,2.9
54025,21,Barley,4,0.9
54025,24,Winter Wheat,77,17.1
54025,27,Rye,8,1.8
54025,28,Oats,183,40.7
54025,29,Millet,20,4.4
54025,36,Alfalfa,2294,510.2
54025,37,Other Hay/Non Alfalfa,2896,644.1
54025,43,Potatoes,719,159.9
54025,58,Clover/Wildflowers,241,53.6
54025,59,Sod/Grass Seed,3,0.7
54025,61,Fallow/Idle Cropland,87,19.3
54025,68,Apples,4,0.9
54025,70,Christmas Trees,5,1.1
54025,111,Open Water,8299,1845.7
54025,121,Developed/Open Space,101449,22561.7
54025,122,Developed/Low Intensity,27207,6050.7
54025,123,Developed/Medium Intensity,9440,2099.4
54025,124,Developed/High Intensity,4064,903.8
54025,131,Barren,5647,1255.9
54025,141,Deciduous Forest,2152523,478709.6
54025,142,Evergreen Forest,12739,2833.1
54025,143,Mixed Forest,214143,47624.3
54025,152,Shrubland,96,21.3
54025,176,Grass/Pasture,393744,87566.6
54025,190,Woody Wetlands,351,78.1
54025,195,Herbaceous Wetlands,111,24.7
54025,205,Triticale,63,14.0
54025,221,Strawberries,1,0.2
54025,225,Dbl Crop WinWht/Corn,79,17.6
54025,228,Dbl Crop Triticale/Corn,153,34.0
54025,229,Pumpkins,33,7.3
54025,242,Blueberries,665,147.9
54027,1,Corn,5095,1133.1
54027,4,Sorghum,150,33.4
54027,5,Soybeans,2658,591.1
54027,6,Sunflowers,32,7.1
54027,12,Sweet Corn,57,12.7
54027,21,Barley,249,55.4
54027,22,Durum Wheat,14,3.1
54027,23,Spring Wheat,8,1.8
54027,24,Winter Wheat,754,167.7
54027,26,Dbl Crop WinWht/Soybeans,63,14.0
54027,27,Rye,3,0.7
54027,28,Oats,152,33.8
54027,29,Millet,159,35.4
54027,36,Alfalfa,581,129.2
54027,37,Other Hay/Non Alfalfa,4282,952.3
54027,44,Other Crops,23,5.1
54027,47,Misc Vegs & Fruits,25,5.6
54027,50,Cucumbers,5,1.1
54027,54,Tomatoes,30,6.7
54027,58,Clover/Wildflowers,24,5.3
54027,59,Sod/Grass Seed,4,0.9
54027,61,Fallow/Idle Cropland,70,15.6
54027,67,Peaches,1,0.2
54027,68,Apples,17,3.8
54027,69,Grapes,72,16.0
54027,70,Christmas Trees,225,50.0
54027,92,Aquaculture,3,0.7
54027,111,Open Water,10650,2368.5
54027,121,Developed/Open Space,77075,17141.1
54027,122,Developed/Low Intensity,12115,2694.3
54027,123,Developed/Medium Intensity,4022,894.5
54027,124,Developed/High Intensity,929,206.6
54027,131,Barren,2507,557.5
54027,141,Deciduous Forest,1292750,287500.7
54027,142,Evergreen Forest,24113,5362.6
54027,143,Mixed Forest,118443,26341.1
54027,152,Shrubland,128,28.5
54027,176,Grass/Pasture,297027,66057.2
54027,190,Woody Wetlands,107,23.8
54027,195,Herbaceous Wetlands,355,79.0
54027,205,Triticale,4,0.9
54027,225,Dbl Crop WinWht/Corn,1,0.2
54027,226,Dbl Crop Oats/Corn,14,3.1
54027,228,Dbl Crop Triticale/Corn,103,22.9
54027,229,Pumpkins,3,0.7
54027,236,Dbl Crop WinWht/Sorghum,4,0.9
54027,237,Dbl Crop Barley/Corn,6,1.3
54029,1,Corn,112,24.9
54029,5,Soybeans,60,13.3
54029,24,Winter Wheat,4,0.9
54029,27,Rye,7,1.6
54029,37,Other Hay/Non Alfalfa,7,1.6
54029,67,Peaches,2,0.4
54029,111,Open Water,14522,3229.6
54029,121,Developed/Open Space,26360,5862.3
54029,122,Developed/Low Intensity,12798,2846.2
54029,123,Developed/Medium Intensity,7890,1754.7
54029,124,Developed/High Intensity,4444,988.3
54029,131,Barren,280,62.3
54029,141,Deciduous Forest,151245,33636.1
54029,142,Evergreen Forest,84,18.7
54029,143,Mixed Forest,4150,922.9
54029,152,Shrubland,1,0.2
54029,176,Grass/Pasture,32045,7126.6
54029,195,Herbaceous Wetlands,22,4.9
54031,1,Corn,23395,5202.9
54031,4,Sorghum,1805,401.4
54031,5,Soybeans,4803,1068.2
54031,6,Sunflowers,6,1.3
54031,12,Sweet Corn,1,0.2
54031,21,Barley,115,25.6
54031,24,Winter Wheat,263,58.5
54031,26,Dbl Crop WinWht/Soybeans,8,1.8
54031,27,Rye,7,1.6
54031,28,Oats,133,29.6
54031,29,Millet,60,13.3
54031,30,Speltz,1,0.2
54031,36,Alfalfa,1037,230.6
54031,37,Other Hay/Non Alfalfa,9745,2167.2
54031,44,Other Crops,271,60.3
54031,47,Misc Vegs & Fruits,4,0.9
54031,54,Tomatoes,1,0.2
54031,59,Sod/Grass Seed,1,0.2
54031,61,Fallow/Idle Cropland,445,99.0
54031,67,Peaches,36,8.0
54031,68,Apples,65,14.5
54031,69,Grapes,394,87.6
54031,70,Christmas Trees,1097,244.0
54031,92,Aquaculture,3,0.7
54031,111,Open Water,5139,1142.9
54031,121,Developed/Open Space,41192,9160.9
54031,122,Developed/Low Intensity,11828,2630.5
54031,123,Developed/Medium Intensity,8157,1814.1
54031,124,Developed/High Intensity,2725,606.0
54031,131,Barren,4783,1063.7
54031,141,Deciduous Forest,1204856,267953.5
54031,142,Evergreen Forest,17761,3950.0
54031,143,Mixed Forest,129368,28770.8
54031,152,Shrubland,412,91.6
54031,176,Grass/Pasture,210159,46738.2
54031,190,Woody Wetlands,194,43.1
54031,195,Herbaceous Wetlands,699,155.5
54031,205,Triticale,83,18.5
54031,225,Dbl Crop WinWht/Corn,102,22.7
54031,228,Dbl Crop Triticale/Corn,799,177.7
54031,229,Pumpkins,6,1.3
54031,237,Dbl Crop Barley/Corn,43,9.6
54031,254,Dbl Crop Barley/Soybeans,11,2.4
54033,1,Corn,136,30.2
54033,4,Sorghum,1,0.2
54033,5,Soybeans,81,18.0
54033,27,Rye,5,1.1
54033,28,Oats,10,2.2
54033,111,Open Water,4504,1001.7
54033,121,Developed/Open Space,86921,19330.8
54033,122,Developed/Low Intensity,30142,6703.4
54033,123,Developed/Medium Intensity,21252,4726.3
54033,124,Developed/High Intensity,6998,1556.3
54033,131,Barren,1511,336.0
54033,141,Deciduous Forest,847784,188542.6
54033,142,Evergreen Forest,141,31.4
54033,143,Mixed Forest,5732,1274.8
54033,152,Shrubland,7,1.6
54033,176,Grass/Pasture,193666,43070.3
54033,190,Woody Wetlands,3,0.7
54033,195,Herbaceous Wetlands,3,0.7
54035,1,Corn,723,160.8
54035,5,Soybeans,929,206.6
54035,12,Sweet Corn,230,51.2
54035,21,Barley,8,1.8
54035,24,Winter Wheat,1,0.2
54035,27,Rye,18,4.0
54035,28,Oats,4,0.9
54035,29,Millet,6,1.3
54035,36,Alfalfa,187,41.6
54035,37,Other Hay/Non Alfalfa,169,37.6
54035,42,Dry Beans,66,14.7
54035,43,Potatoes,2,0.4
54035,44,Other Crops,13,2.9
54035,47,Misc Vegs & Fruits,1,0.2
54035,54,Tomatoes,12,2.7
54035,59,Sod/Grass Seed,394,87.6
54035,61,Fallow/Idle Cropland,1,0.2
54035,76,Walnuts,97,21.6
54035,111,Open Water,21186,4711.7
54035,121,Developed/Open Space,62239,13841.6
54035,122,Developed/Low Intensity,23041,5124.2
54035,123,Developed/Medium Intensity,6289,1398.6
54035,124,Developed/High Intensity,3239,720.3
54035,131,Barren,657,146.1
54035,141,Deciduous Forest,1014214,225555.8
54035,142,Evergreen Forest,3916,870.9
54035,143,Mixed Forest,13107,2914.9
54035,152,Shrubland,7,1.6
54035,176,Grass/Pasture,205749,45757.5
54035,190,Woody Wetlands,8,1.8
54035,195,Herbaceous Wetlands,91,20.2
54035,216,Peppers,1,0.2
54035,225,Dbl Crop WinWht/Corn,455,101.2
54035,229,Pumpkins,63,14.0
54035,254,Dbl Crop Barley/Soybeans,39,8.7
54037,1,Corn,42013,9343.5
54037,4,Sorghum,2059,457.9
54037,5,Soybeans,36419,8099.4
54037,6,Sunflowers,39,8.7
54037,12,Sweet Corn,1767,393.0
54037,21,Barley,793,176.4
54037,22,Durum Wheat,5,1.1
54037,23,Spring Wheat,45,10.0
54037,24,Winter Wheat,3483,774.6
54037,26,Dbl Crop WinWht/Soybeans,7761,1726.0
54037,27,Rye,91,20.2
54037,28,Oats,32,7.1
54037,29,Millet,172,38.3
54037,36,Alfalfa,1384,307.8
54037,37,Other Hay/Non Alfalfa,1533,340.9
54037,44,Other Crops,59,13.1
54037,47,Misc Vegs & Fruits,106,23.6
54037,54,Tomatoes,1,0.2
54037,58,Clover/Wildflowers,20,4.4
54037,59,Sod/Grass Seed,627,139.4
54037,61,Fallow/Idle Cropland,99,22.0
54037,67,Peaches,40,8.9
54037,68,Apples,315,70.1
54037,69,Grapes,45,10.0
54037,70,Christmas Trees,125,27.8
54037,77,Pears,86,19.1
54037,111,Open Water,7396,1644.8
54037,121,Developed/Open Space,58745,13064.6
54037,122,Developed/Low Intensity,25926,5765.8
54037,123,Developed/Medium Intensity,9455,2102.7
54037,124,Developed/High Intensity,1968,437.7
54037,131,Barren,3006,668.5
54037,141,Deciduous Forest,161075,35822.2
54037,142,Evergreen Forest,4685,1041.9
54037,143,Mixed Forest,20282,4510.6
54037,152,Shrubland,136,30.2
54037,176,Grass/Pasture,213689,47523.3
54037,190,Woody Wetlands,36,8.0
54037,195,Herbaceous Wetlands,141,31.4
54037,205,Triticale,260,57.8
54037,225,Dbl Crop WinWht/Corn,254,56.5
54037,226,Dbl Crop Oats/Corn,442,98.3
54037,228,Dbl Crop Triticale/Corn,657,146.1
54037,229,Pumpkins,69,15.3
54037,236,Dbl Crop WinWht/Sorghum,352,78.3
54037,237,Dbl Crop Barley/Corn,637,141.7
54037,240,Dbl Crop Soybeans/Oats,9,2.0
54037,242,Blueberries,5,1.1
54037,254,Dbl Crop Barley/Soybeans,235,52.3
54039,1,Corn,16,3.6
54039,5,Soybeans,2,0.4
54039,36,Alfalfa,9,2.0
54039,37,Other Hay/Non Alfalfa,36,8.0
54039,54,Tomatoes,1,0.2
54039,59,Sod/Grass Seed,371,82.5
54039,61,Fallow/Idle Cropland,1,0.2
54039,76,Walnuts,2,0.4
54039,111,Open Water,22357,4972.1
54039,121,Developed/Open Space,126141,28053.1
54039,122,Developed/Low Intensity,80054,17803.6
54039,123,Developed/Medium Intensity,45658,10154.1
54039,124,Developed/High Intensity,19750,4392.3
54039,131,Barren,12351,2746.8
54039,141,Deciduous Forest,2231362,496243.0
54039,142,Evergreen Forest,376,83.6
54039,143,Mixed Forest,9524,2118.1
54039,152,Shrubland,6,1.3
54039,176,Grass/Pasture,73251,16290.6
54039,190,Woody Wetlands,8,1.8
54039,195,Herbaceous Wetlands,117,26.0
54039,219,Greens,3,0.7
54039,229,Pumpkins,2,0.4
54039,242,Blueberries,10,2.2
54041,1,Corn,82,18.2
54041,4,Sorghum,1,0.2
54041,5,Soybeans,54,12.0
54041,28,Oats,23,5.1
54041,36,Alfalfa,1,0.2
54041,37,Other Hay/Non Alfalfa,7,1.6
54041,43,Potatoes,2,0.4
54041,61,Fallow/Idle Cropland,1,0.2
54041,111,Open Water,12910,2871.1
54041,121,Developed/Open Space,55671,12380.9
54041,122,Developed/Low Intensity,9313,2071.2
54041,123,Developed/Medium Intensity,5903,1312.8
54041,124,Developed/High Intensity,1225,272.4
54041,131,Barren,109,24.2
54041,141,Deciduous Forest,911024,202606.9
54041,142,Evergreen Forest,104,23.1
54041,143,Mixed Forest,5294,1177.4
54041,152,Shrubland,2,0.4
54041,176,Grass/Pasture,119901,26665.3
54041,190,Woody Wetlands,5,1.1
54043,1,Corn,5,1.1
54043,5,Soybeans,13,2.9
54043,12,Sweet Corn,10,2.2
54043,36,Alfalfa,11,2.4
54043,37,Other Hay/Non Alfalfa,19,4.2
54043,47,Misc Vegs & Fruits,3,0.7
54043,58,Clover/Wildflowers,1,0.2
54043,59,Sod/Grass Seed,148,32.9
54043,111,Open Water,3253,723.4
54043,121,Developed/Open Space,48933,10882.4
54043,122,Developed/Low Intensity,13696,3045.9
54043,123,Developed/Medium Intensity,2084,463.5
54043,124,Developed/High Intensity,554,123.2
54043,131,Barren,5661,1259.0
54043,141,Deciduous Forest,1139613,253443.8
54043,142,Evergreen Forest,66,14.7
54043,143,Mixed Forest,1431,318.2
54043,152,Shrubland,11,2.4
54043,176,Grass/Pasture,46603,10364.3
54043,190,Woody Wetlands,1,0.2
54043,195,Herbaceous Wetlands,112,24.9
54043,229,Pumpkins,1,0.2
54045,12,Sweet Corn,2,0.4
54045,36,Alfalfa,3,0.7
54045,37,Other Hay/Non Alfalfa,4,0.9
54045,59,Sod/Grass Seed,21,4.7
54045,61,Fallow/Idle Cropland,1,0.2
54045,69,Grapes,1,0.2
54045,76,Walnuts,14,3.1
54045,111,Open Water,3013,670.1
54045,121,Developed/Open Space,28397,6315.3
54045,122,Developed/Low Intensity,18230,4054.3
54045,123,Developed/Medium Intensity,13325,2963.4
54045,124,Developed/High Intensity,3072,683.2
54045,131,Barren,15692,3489.8
54045,141,Deciduous Forest,1164394,258955.0
54045,142,Evergreen Forest,7554,1680.0
54045,143,Mixed Forest,210,46.7
54045,152,Shrubland,173,38.5
54045,176,Grass/Pasture,56896,12653.4
54045,195,Herbaceous Wetlands,148,32.9
54045,229,Pumpkins,3,0.7
54047,27,Rye,8,1.8
54047,37,Other Hay/Non Alfalfa,2,0.4
54047,61,Fallow/Idle Cropland,2,0.4
54047,70,Christmas Trees,5,1.1
54047,111,Open Water,1139,253.3
54047,121,Developed/Open Space,37667,8376.9
54047,122,Developed/Low Intensity,15461,3438.4
54047,123,Developed/Medium Intensity,9054,2013.6
54047,124,Developed/High Intensity,909,202.2
54047,131,Barren,10179,2263.8
54047,141,Deciduous Forest,1433604,318825.9
54047,142,Evergreen Forest,4692,1043.5
54047,143,Mixed Forest,666,148.1
54047,152,Shrubland,12,2.7
54047,176,Grass/Pasture,25924,5765.4
54047,190,Woody Wetlands,1,0.2
54047,195,Herbaceous Wetlands,60,13.3
54047,205,Triticale,2,0.4
54047,228,Dbl Crop Triticale/Corn,8,1.8
54047,229,Pumpkins,4,0.9
54047,242,Blueberries,8,1.8
54049,1,Corn,4,0.9
54049,5,Soybeans,135,30.0
54049,27,Rye,9,2.0
54049,28,Oats,2,0.4
54049,37,Other Hay/Non Alfalfa,13,2.9
54049,61,Fallow/Idle Cropland,1,0.2
54049,67,Peaches,3,0.7
54049,111,Open Water,6546,1455.8
54049,121,Developed/Open Space,63430,14106.5
54049,122,Developed/Low Intensity,21853,4860.0
54049,123,Developed/Medium Intensity,11698,2601.6
54049,124,Developed/High Intensity,4497,1000.1
54049,131,Barren,570,126.8
54049,141,Deciduous Forest,677834,150746.7
54049,142,Evergreen Forest,134,29.8
54049,143,Mixed Forest,3490,776.2
54049,152,Shrubland,12,2.7
54049,176,Grass/Pasture,106136,23604.1
54049,190,Woody Wetlands,1,0.2
54049,242,Blueberries,2,0.4
54051,1,Corn,1,0.2
54051,5,Soybeans,9,2.0
54051,21,Barley,11,2.4
54051,28,Oats,4,0.9
54051,37,Other Hay/Non Alfalfa,40,8.9
54051,47,Misc Vegs & Fruits,1,0.2
54051,67,Peaches,4,0.9
54051,111,Open Water,18566,4129.0
54051,121,Developed/Open Space,45605,10142.3
54051,122,Developed/Low Intensity,15187,3377.5
54051,123,Developed/Medium Intensity,11474,2551.8
54051,124,Developed/High Intensity,7015,1560.1
54051,131,Barren,2278,506.6
54051,141,Deciduous Forest,626829,139403.4
54051,142,Evergreen Forest,85,18.9
54051,143,Mixed Forest,27492,6114.1
54051,152,Shrubland,7,1.6
54051,176,Grass/Pasture,143752,31969.7
54051,190,Woody Wetlands,1,0.2
54051,195,Herbaceous Wetlands,160,35.6
54051,229,Pumpkins,3,0.7
54053,1,Corn,12170,2706.5
54053,4,Sorghum,8,1.8
54053,5,Soybeans,27920,6209.3
54053,11,Tobacco,8,1.8
54053,12,Sweet Corn,385,85.6
54053,21,Barley,38,8.5
54053,24,Winter Wheat,107,23.8
54053,26,Dbl Crop WinWht/Soybeans,124,27.6
54053,27,Rye,99,22.0
54053,28,Oats,40,8.9
54053,29,Millet,46,10.2
54053,30,Speltz,21,4.7
54053,36,Alfalfa,418,93.0
54053,37,Other Hay/Non Alfalfa,125,27.8
54053,42,Dry Beans,245,54.5
54053,43,Potatoes,81,18.0
54053,44,Other Crops,91,20.2
54053,58,Clover/Wildflowers,10,2.2
54053,59,Sod/Grass Seed,440,97.9
54053,61,Fallow/Idle Cropland,260,57.8
54053,76,Walnuts,2,0.4
54053,111,Open Water,40706,9052.8
54053,121,Developed/Open Space,55743,12396.9
54053,122,Developed/Low Intensity,24320,5408.6
54053,123,Developed/Medium Intensity,6453,1435.1
54053,124,Developed/High Intensity,3175,706.1
54053,131,Barren,3060,680.5
54053,141,Deciduous Forest,892251,198431.8
54053,142,Evergreen Forest,1948,433.2
54053,143,Mixed Forest,8813,1960.0
54053,152,Shrubland,9,2.0
54053,176,Grass/Pasture,200242,44532.7
54053,190,Woody Wetlands,349,77.6
54053,195,Herbaceous Wetlands,186,41.4
54053,216,Peppers,4,0.9
54053,225,Dbl Crop WinWht/Corn,43,9.6
54053,229,Pumpkins,36,8.0
54053,254,Dbl Crop Barley/Soybeans,64,14.2
54055,1,Corn,102,22.7
54055,4,Sorghum,1,0.2
54055,12,Sweet Corn,1,0.2
54055,24,Winter Wheat,9,2.0
54055,27,Rye,3,0.7
54055,28,Oats,3,0.7
54055,29,Millet,1,0.2
54055,36,Alfalfa,4,0.9
54055,37,Other Hay/Non Alfalfa,268,59.6
54055,43,Potatoes,1,0.2
54055,61,Fallow/Idle Cropland,94,20.9
54055,68,Apples,13,2.9
54055,69,Grapes,4,0.9
54055,70,Christmas Trees,13,2.9
54055,111,Open Water,1940,431.4
54055,121,Developed/Open Space,69405,15435.3
54055,122,Developed/Low Intensity,43817,9744.7
54055,123,Developed/Medium Intensity,20877,4642.9
54055,124,Developed/High Intensity,7157,1591.7
54055,131,Barren,2719,604.7
54055,141,Deciduous Forest,882566,196278.0
54055,142,Evergreen Forest,51288,11406.2
54055,143,Mixed Forest,12150,2702.1
54055,152,Shrubland,8,1.8
54055,176,Grass/Pasture,118010,26244.8
54055,190,Woody Wetlands,1,0.2
54055,195,Herbaceous Wetlands,71,15.8
54055,205,Triticale,1,0.2
54055,225,Dbl Crop WinWht/Corn,34,7.6
54055,228,Dbl Crop Triticale/Corn,5,1.1
54055,229,Pumpkins,24,5.3
54055,242,Blueberries,1,0.2
54057,1,Corn,1317,292.9
54057,4,Sorghum,73,16.2
54057,5,Soybeans,1263,280.9
54057,6,Sunflowers,105,23.4
54057,21,Barley,10,2.2
54057,24,Winter Wheat,35,7.8
54057,26,Dbl Crop WinWht/Soybeans,3,0.7
54057,28,Oats,58,12.9
54057,30,Speltz,2,0.4
54057,36,Alfalfa,103,22.9
54057,37,Other Hay/Non Alfalfa,25,5.6
54057,43,Potatoes,2,0.4
54057,44,Other Crops,2,0.4
54057,47,Misc Vegs & Fruits,5,1.1
54057,59,Sod/Grass Seed,5,1.1
54057,70,Christmas Trees,5,1.1
54057,92,Aquaculture,8,1.8
54057,111,Open Water,4061,903.1
54057,121,Developed/Open Space,44226,9835.6
54057,122,Developed/Low Intensity,12901,2869.1
54057,123,Developed/Medium Intensity,5600,1245.4
54057,124,Developed/High Intensity,2121,471.7
54057,131,Barren,894,198.8
54057,141,Deciduous Forest,682200,151717.6
54057,142,Evergreen Forest,2052,456.4
54057,143,Mixed Forest,41593,9250.1
54057,152,Shrubland,7,1.6
54057,176,Grass/Pasture,148031,32921.3
54057,190,Woody Wetlands,12,2.7
54057,195,Herbaceous Wetlands,15,3.3
54057,205,Triticale,1,0.2
54057,225,Dbl Crop WinWht/Corn,63,14.0
54057,228,Dbl Crop Triticale/Corn,20,4.4
54057,229,Pumpkins,3,0.7
54057,237,Dbl Crop Barley/Corn,41,9.1
54057,254,Dbl Crop Barley/Soybeans,12,2.7
54059,5,Soybeans,1,0.2
54059,12,Sweet Corn,1,0.2
54059,27,Rye,11,2.4
54059,37,Other Hay/Non Alfalfa,1,0.2
54059,61,Fallow/Idle Cropland,2,0.4
54059,69,Grapes,3,0.7
54059,70,Christmas Trees,9,2.0
54059,111,Open Water,4029,896.0
54059,121,Developed/Open Space,23818,5297.0
54059,122,Developed/Low Intensity,19441,4323.6
54059,123,Developed/Medium Intensity,10968,2439.2
54059,124,Developed/High Intensity,2023,449.9
54059,131,Barren,13219,2939.8
54059,141,Deciduous Forest,1099322,244483.3
54059,142,Evergreen Forest,1286,286.0
54059,143,Mixed Forest,387,86.1
54059,152,Shrubland,261,58.0
54059,176,Grass/Pasture,43618,9700.4
54059,190,Woody Wetlands,2,0.4
54059,195,Herbaceous Wetlands,711,158.1
54059,228,Dbl Crop Triticale/Corn,2,0.4
54061,1,Corn,21,4.7
54061,5,Soybeans,281,62.5
54061,12,Sweet Corn,4,0.9
54061,21,Barley,1,0.2
54061,24,Winter Wheat,2,0.4
54061,26,Dbl Crop WinWht/Soybeans,1,0.2
54061,27,Rye,93,20.7
54061,28,Oats,18,4.0
54061,36,Alfalfa,109,24.2
54061,37,Other Hay/Non Alfalfa,20,4.4
54061,47,Misc Vegs & Fruits,1,0.2
54061,61,Fallow/Idle Cropland,14,3.1
54061,70,Christmas Trees,18,4.0
54061,92,Aquaculture,2,0.4
54061,111,Open Water,17439,3878.3
54061,121,Developed/Open Space,78426,17441.5
54061,122,Developed/Low Intensity,32058,7129.5
54061,123,Developed/Medium Intensity,24250,5393.1
54061,124,Developed/High Intensity,9325,2073.8
54061,131,Barren,2224,494.6
54061,141,Deciduous Forest,741110,164818.9
54061,142,Evergreen Forest,88,19.6
54061,143,Mixed Forest,12586,2799.1
54061,152,Shrubland,7,1.6
54061,176,Grass/Pasture,134685,29953.2
54061,195,Herbaceous Wetlands,1,0.2
54061,242,Blueberries,19,4.2
54063,1,Corn,2051,456.1
54063,4,Sorghum,2563,570.0
54063,5,Soybeans,80,17.8
54063,6,Sunflowers,100,22.2
54063,12,Sweet Corn,85,18.9
54063,21,Barley,43,9.6
54063,24,Winter Wheat,595,132.3
54063,26,Dbl Crop WinWht/Soybeans,9,2.0
54063,27,Rye,182,40.5
54063,28,Oats,506,112.5
54063,29,Millet,169,37.6
54063,36,Alfalfa,351,78.1
54063,37,Other Hay/Non Alfalfa,1040,231.3
54063,43,Potatoes,34,7.6
54063,58,Clover/Wildflowers,16,3.6
54063,59,Sod/Grass Seed,2,0.4
54063,61,Fallow/Idle Cropland,46,10.2
54063,111,Open Water,1216,270.4
54063,121,Developed/Open Space,47281,10515.0
54063,122,Developed/Low Intensity,14852,3303.0
54063,123,Developed/Medium Intensity,1834,407.9
54063,124,Developed/High Intensity,639,142.1
54063,131,Barren,402,89.4
54063,141,Deciduous Forest,832255,185089.1
54063,142,Evergreen Forest,7402,1646.2
54063,143,Mixed Forest,95146,21160.0
54063,152,Shrubland,7,1.6
54063,176,Grass/Pasture,353444,78604.1
54063,190,Woody Wetlands,2,0.4
54063,195,Herbaceous Wetlands,8,1.8
54063,205,Triticale,5,1.1
54063,225,Dbl Crop WinWht/Corn,82,18.2
54063,228,Dbl Crop Triticale/Corn,424,94.3
54063,229,Pumpkins,160,35.6
54063,237,Dbl Crop Barley/Corn,12,2.7
54063,254,Dbl Crop Barley/Soybeans,2,0.4
54065,1,Corn,676,150.3
54065,4,Sorghum,158,35.1
54065,5,Soybeans,733,163.0
54065,6,Sunflowers,1,0.2
54065,12,Sweet Corn,738,164.1
54065,21,Barley,102,22.7
54065,22,Durum Wheat,1440,320.2
54065,23,Spring Wheat,238,52.9
54065,24,Winter Wheat,380,84.5
54065,26,Dbl Crop WinWht/Soybeans,12,2.7
54065,27,Rye,20,4.4
54065,28,Oats,12,2.7
54065,29,Millet,3,0.7
54065,36,Alfalfa,177,39.4
54065,37,Other Hay/Non Alfalfa,452,100.5
54065,47,Misc Vegs & Fruits,612,136.1
54065,58,Clover/Wildflowers,1,0.2
54065,59,Sod/Grass Seed,21,4.7
54065,61,Fallow/Idle Cropland,360,80.1
54065,67,Peaches,4,0.9
54065,68,Apples,90,20.0
54065,111,Open Water,3495,777.3
54065,121,Developed/Open Space,38323,8522.8
54065,122,Developed/Low Intensity,9571,2128.5
54065,123,Developed/Medium Intensity,1523,338.7
54065,124,Developed/High Intensity,532,118.3
54065,131,Barren,2175,483.7
54065,141,Deciduous Forest,474472,105520.0
54065,142,Evergreen Forest,8087,1798.5
54065,143,Mixed Forest,28461,6329.6
54065,152,Shrubland,28,6.2
54065,176,Grass/Pasture,87870,19541.8
54065,190,Woody Wetlands,11,2.4
54065,195,Herbaceous Wetlands,55,12.2
54065,205,Triticale,73,16.2
54065,225,Dbl Crop WinWht/Corn,37,8.2
54065,226,Dbl Crop Oats/Corn,1,0.2
54065,228,Dbl Crop Triticale/Corn,29,6.4
54065,229,Pumpkins,10,2.2
54065,236,Dbl Crop WinWht/Sorghum,3,0.7
54065,237,Dbl Crop Barley/Corn,2,0.4
54065,254,Dbl Crop Barley/Soybeans,36,8.0
54067,1,Corn,111,24.7
54067,4,Sorghum,19,4.2
54067,5,Soybeans,4,0.9
54067,28,Oats,60,13.3
54067,36,Alfalfa,119,26.5
54067,37,Other Hay/Non Alfalfa,440,97.9
54067,43,Potatoes,149,33.1
54067,58,Clover/Wildflowers,7,1.6
54067,59,Sod/Grass Seed,5,1.1
54067,61,Fallow/Idle Cropland,2,0.4
54067,68,Apples,2,0.4
54067,111,Open Water,17541,3901.0
54067,121,Developed/Open Space,77868,17317.4
54067,122,Developed/Low Intensity,10440,2321.8
54067,123,Developed/Medium Intensity,5009,1114.0
54067,124,Developed/High Intensity,2352,523.1
54067,131,Barren,6360,1414.4
54067,141,Deciduous Forest,1566788,348445.3
54067,142,Evergreen Forest,1344,298.9
54067,143,Mixed Forest,85016,18907.1
54067,152,Shrubland,92,20.5
54067,176,Grass/Pasture,109399,24329.8
54067,190,Woody Wetlands,24,5.3
54067,195,Herbaceous Wetlands,30,6.7
54069,1,Corn,7,1.6
54069,5,Soybeans,11,2.4
54069,12,Sweet Corn,1,0.2
54069,24,Winter Wheat,1,0.2
54069,28,Oats,51,11.3
54069,37,Other Hay/Non Alfalfa,13,2.9
54069,67,Peaches,1,0.2
54069,111,Open Water,8300,1845.9
54069,121,Developed/Open Space,32689,7269.9
54069,122,Developed/Low Intensity,17154,3815.0
54069,123,Developed/Medium Intensity,12976,2885.8
54069,124,Developed/High Intensity,6147,1367.1
54069,131,Barren,940,209.1
54069,141,Deciduous Forest,158338,35213.5
54069,142,Evergreen Forest,40,8.9
54069,143,Mixed Forest,14046,3123.8
54069,152,Shrubland,3,0.7
54069,176,Grass/Pasture,62633,13929.2
54069,195,Herbaceous Wetlands,19,4.2
54069,254,Dbl Crop Barley/Soybeans,1,0.2
54071,1,Corn,10475,2329.6
54071,4,Sorghum,186,41.4
54071,5,Soybeans,478,106.3
54071,21,Barley,1,0.2
54071,24,Winter Wheat,873,194.2
54071,28,Oats,1680,373.6
54071,29,Millet,172,38.3
54071,36,Alfalfa,5909,1314.1
54071,37,Other Hay/Non Alfalfa,48860,10866.2
54071,44,Other Crops,6,1.3
54071,47,Misc Vegs & Fruits,21,4.7
54071,61,Fallow/Idle Cropland,15,3.3
54071,67,Peaches,4,0.9
54071,69,Grapes,1,0.2
54071,70,Christmas Trees,1396,310.5
54071,111,Open Water,3162,703.2
54071,121,Developed/Open Space,35047,7794.3
54071,122,Developed/Low Intensity,6366,1415.8
54071,123,Developed/Medium Intensity,2199,489.0
54071,124,Developed/High Intensity,715,159.0
54071,131,Barren,11950,2657.6
54071,141,Deciduous Forest,1337898,297541.4
54071,142,Evergreen Forest,89415,19885.4
54071,143,Mixed Forest,236579,52613.9
54071,152,Shrubland,275,61.2
54071,176,Grass/Pasture,210838,46889.2
54071,190,Woody Wetlands,2381,529.5
54071,195,Herbaceous Wetlands,1070,238.0
54071,228,Dbl Crop Triticale/Corn,799,177.7
54071,237,Dbl Crop Barley/Corn,186,41.4
54073,1,Corn,384,85.4
54073,5,Soybeans,138,30.7
54073,12,Sweet Corn,78,17.3
54073,21,Barley,8,1.8
54073,26,Dbl Crop WinWht/Soybeans,1,0.2
54073,27,Rye,6,1.3
54073,28,Oats,1,0.2
54073,29,Millet,1,0.2
54073,30,Speltz,3,0.7
54073,37,Other Hay/Non Alfalfa,8,1.8
54073,43,Potatoes,6,1.3
54073,44,Other Crops,1,0.2
54073,111,Open Water,13424,2985.4
54073,121,Developed/Open Space,19726,4387.0
54073,122,Developed/Low Intensity,5145,1144.2
54073,123,Developed/Medium Intensity,1618,359.8
54073,124,Developed/High Intensity,1283,285.3
54073,131,Barren,1014,225.5
54073,141,Deciduous Forest,307391,68362.1
54073,142,Evergreen Forest,1951,433.9
54073,143,Mixed Forest,6168,1371.7
54073,152,Shrubland,1,0.2
54073,176,Grass/Pasture,28620,6364.9
54073,190,Woody Wetlands,4,0.9
54073,195,Herbaceous Wetlands,56,12.5
54073,216,Peppers,4,0.9
54073,225,Dbl Crop WinWht/Corn,9,2.0
54073,229,Pumpkins,8,1.8
54073,254,Dbl Crop Barley/Soybeans,2,0.4
54075,1,Corn,2988,664.5
54075,4,Sorghum,258,57.4
54075,5,Soybeans,36,8.0
54075,24,Winter Wheat,1,0.2
54075,28,Oats,220,48.9
54075,36,Alfalfa,2364,525.7
54075,37,Other Hay/Non Alfalfa,419,93.2
54075,43,Potatoes,162,36.0
54075,58,Clover/Wildflowers,8,1.8
54075,68,Apples,33,7.3
54075,70,Christmas Trees,181,40.3
54075,111,Open Water,5610,1247.6
54075,121,Developed/Open Space,89890,19991.1
54075,122,Developed/Low Intensity,4082,907.8
54075,123,Developed/Medium Intensity,1546,343.8
54075,124,Developed/High Intensity,1166,259.3
54075,131,Barren,1013,225.3
54075,141,Deciduous Forest,1799728,400249.9
54075,142,Evergreen Forest,77374,17207.6
54075,143,Mixed Forest,561036,124771.4
54075,152,Shrubland,19,4.2
54075,176,Grass/Pasture,161417,35898.3
54075,190,Woody Wetlands,16,3.6
54075,195,Herbaceous Wetlands,19,4.2
54075,242,Blueberries,875,194.6
54077,1,Corn,5731,1274.5
54077,4,Sorghum,9,2.0
54077,5,Soybeans,3898,866.9
54077,6,Sunflowers,30,6.7
54077,12,Sweet Corn,16,3.6
54077,21,Barley,6,1.3
54077,24,Winter Wheat,859,191.0
54077,26,Dbl Crop WinWht/Soybeans,1,0.2
54077,27,Rye,46,10.2
54077,28,Oats,349,77.6
54077,29,Millet,1,0.2
54077,30,Speltz,38,8.5
54077,36,Alfalfa,29,6.4
54077,37,Other Hay/Non Alfalfa,57,12.7
54077,43,Potatoes,118,26.2
54077,44,Other Crops,2,0.4
54077,47,Misc Vegs & Fruits,11,2.4
54077,59,Sod/Grass Seed,68,15.1
54077,61,Fallow/Idle Cropland,15,3.3
54077,70,Christmas Trees,13,2.9
54077,92,Aquaculture,36,8.0
54077,111,Open Water,9247,2056.5
54077,121,Developed/Open Space,110407,24553.9
54077,122,Developed/Low Intensity,10719,2383.8
54077,123,Developed/Medium Intensity,5871,1305.7
54077,124,Developed/High Intensity,1731,385.0
54077,131,Barren,1449,322.2
54077,141,Deciduous Forest,1346047,299353.6
54077,142,Evergreen Forest,4198,933.6
54077,143,Mixed Forest,73817,16416.5
54077,152,Shrubland,8,1.8
54077,176,Grass/Pasture,299548,66617.9
54077,190,Woody Wetlands,143,31.8
54077,195,Herbaceous Wetlands,22,4.9
54077,225,Dbl Crop WinWht/Corn,3,0.7
54077,228,Dbl Crop Triticale/Corn,1,0.2
54077,237,Dbl Crop Barley/Corn,2,0.4
54077,242,Blueberries,1,0.2
54079,1,Corn,235,52.3
54079,5,Soybeans,2897,644.3
54079,36,Alfalfa,25,5.6
54079,37,Other Hay/Non Alfalfa,54,12.0
54079,59,Sod/Grass Seed,1116,248.2
54079,61,Fallow/Idle Cropland,17,3.8
54079,76,Walnuts,3,0.7
54079,111,Open Water,12469,2773.0
54079,121,Developed/Open Space,59882,13317.4
54079,122,Developed/Low Intensity,38013,8453.9
54079,123,Developed/Medium Intensity,15396,3424.0
54079,124,Developed/High Intensity,6705,1491.2
54079,131,Barren,1526,339.4
54079,141,Deciduous Forest,758491,168684.3
54079,142,Evergreen Forest,36,8.0
54079,143,Mixed Forest,4157,924.5
54079,152,Shrubland,3,0.7
54079,176,Grass/Pasture,107249,23851.6
54079,190,Woody Wetlands,64,14.2
54079,195,Herbaceous Wetlands,8,1.8
54079,229,Pumpkins,34,7.6
54079,242,Blueberries,1,0.2
54081,1,Corn,66,14.7
54081,5,Soybeans,1,0.2
54081,27,Rye,2,0.4
54081,36,Alfalfa,1,0.2
54081,37,Other Hay/Non Alfalfa,233,51.8
54081,59,Sod/Grass Seed,13,2.9
54081,61,Fallow/Idle Cropland,495,110.1
54081,68,Apples,45,10.0
54081,69,Grapes,89,19.8
54081,70,Christmas Trees,26,5.8
54081,111,Open Water,9085,2020.5
54081,121,Developed/Open Space,80262,17849.8
54081,122,Developed/Low Intensity,61335,13640.6
54081,123,Developed/Medium Intensity,24006,5338.8
54081,124,Developed/High Intensity,8891,1977.3
54081,131,Barren,21021,4675.0
54081,141,Deciduous Forest,1385767,308187.2
54081,142,Evergreen Forest,42391,9427.5
54081,143,Mixed Forest,8629,1919.0
54081,152,Shrubland,24,5.3
54081,176,Grass/Pasture,111067,24700.7
54081,190,Woody Wetlands,2,0.4
54081,195,Herbaceous Wetlands,44,9.8
54081,225,Dbl Crop WinWht/Corn,2,0.4
54081,228,Dbl Crop Triticale/Corn,12,2.7
54081,229,Pumpkins,8,1.8
54081,242,Blueberries,50,11.1
54083,1,Corn,2752,612.0
54083,4,Sorghum,19,4.2
54083,5,Soybeans,1566,348.3
54083,6,Sunflowers,10,2.2
54083,24,Winter Wheat,1,0.2
54083,27,Rye,1,0.2
54083,28,Oats,365,81.2
54083,36,Alfalfa,167,37.1
54083,37,Other Hay/Non Alfalfa,121,26.9
54083,43,Potatoes,52,11.6
54083,47,Misc Vegs & Fruits,13,2.9
54083,58,Clover/Wildflowers,1,0.2
54083,59,Sod/Grass Seed,6,1.3
54083,61,Fallow/Idle Cropland,1,0.2
54083,70,Christmas Trees,2,0.4
54083,92,Aquaculture,1,0.2
54083,111,Open Water,5073,1128.2
54083,121,Developed/Open Space,111111,24710.5
54083,122,Developed/Low Intensity,10756,2392.1
54083,123,Developed/Medium Intensity,7140,1587.9
54083,124,Developed/High Intensity,3515,781.7
54083,131,Barren,2709,602.5
54083,141,Deciduous Forest,2277445,506491.6
54083,142,Evergreen Forest,78117,17372.8
54083,143,Mixed Forest,323183,71874.2
54083,152,Shrubland,29,6.4
54083,176,Grass/Pasture,168416,37454.8
54083,190,Woody Wetlands,69,15.3
54083,195,Herbaceous Wetlands,11,2.4
54083,242,Blueberries,1,0.2
54085,1,Corn,51,11.3
54085,4,Sorghum,5,1.1
54085,5,Soybeans,96,21.3
54085,12,Sweet Corn,66,14.7
54085,21,Barley,4,0.9
54085,27,Rye,5,1.1
54085,28,Oats,2,0.4
54085,29,Millet,1,0.2
54085,36,Alfalfa,2,0.4
54085,37,Other Hay/Non Alfalfa,3,0.7
54085,43,Potatoes,3,0.7
54085,44,Other Crops,64,14.2
54085,111,Open Water,1975,439.2
54085,121,Developed/Open Space,51797,11519.4
54085,122,Developed/Low Intensity,7259,1614.4
54085,123,Developed/Medium Intensity,2720,604.9
54085,124,Developed/High Intensity,975,216.8
54085,131,Barren,356,79.2
54085,141,Deciduous Forest,1105214,245793.7
54085,142,Evergreen Forest,11037,2454.6
54085,143,Mixed Forest,16526,3675.3
54085,152,Shrubland,3,0.7
54085,176,Grass/Pasture,107060,23809.6
54085,190,Woody Wetlands,1,0.2
54085,195,Herbaceous Wetlands,81,18.0
54085,225,Dbl Crop WinWht/Corn,15,3.3
54087,1,Corn,2,0.4
54087,5,Soybeans,7,1.6
54087,12,Sweet Corn,3,0.7
54087,21,Barley,3,0.7
54087,36,Alfalfa,27,6.0
54087,37,Other Hay/Non Alfalfa,98,21.8
54087,43,Potatoes,1,0.2
54087,44,Other Crops,11,2.4
54087,58,Clover/Wildflowers,6,1.3
54087,59,Sod/Grass Seed,53,11.8
54087,76,Walnuts,46,10.2
54087,111,Open Water,747,166.1
54087,121,Developed/Open Space,55830,12416.3
54087,122,Developed/Low Intensity,7864,1748.9
54087,123,Developed/Medium Intensity,2203,489.9
54087,124,Developed/High Intensity,532,118.3
54087,131,Barren,458,101.9
54087,141,Deciduous Forest,1188584,264334.7
54087,142,Evergreen Forest,932,207.3
54087,143,Mixed Forest,4690,1043.0
54087,152,Shrubland,2,0.4
54087,176,Grass/Pasture,129995,28910.2
54087,195,Herbaceous Wetlands,14,3.1
54089,1,Corn,43,9.6
54089,4,Sorghum,2,0.4
54089,6,Sunflowers,14,3.1
54089,12,Sweet Corn,2,0.4
54089,21,Barley,1,0.2
54089,24,Winter Wheat,15,3.3
54089,27,Rye,5,1.1
54089,28,Oats,16,3.6
54089,29,Millet,3,0.7
54089,36,Alfalfa,4,0.9
54089,37,Other Hay/Non Alfalfa,341,75.8
54089,43,Potatoes,17,3.8
54089,58,Clover/Wildflowers,1,0.2
54089,61,Fallow/Idle Cropland,31,6.9
54089,70,Christmas Trees,6,1.3
54089,111,Open Water,18946,4213.5
54089,121,Developed/Open Space,38737,8614.9
54089,122,Developed/Low Intensity,12342,2744.8
54089,123,Developed/Medium Intensity,3269,727.0
54089,124,Developed/High Intensity,550,122.3
54089,131,Barren,170,37.8
54089,141,Deciduous Forest,830994,184808.6
54089,142,Evergreen Forest,10726,2385.4
54089,143,Mixed Forest,15396,3424.0
54089,152,Shrubland,1,0.2
54089,176,Grass/Pasture,126541,28142.0
54089,195,Herbaceous Wetlands,12,2.7
54089,229,Pumpkins,26,5.8
54091,5,Soybeans,123,27.4
54091,27,Rye,9,2.0
54091,37,Other Hay/Non Alfalfa,10,2.2
54091,61,Fallow/Idle Cropland,1,0.2
54091,111,Open Water,8316,1849.4
54091,121,Developed/Open Space,31375,6977.6
54091,122,Developed/Low Intensity,8356,1858.3
54091,123,Developed/Medium Intensity,3260,725.0
54091,124,Developed/High Intensity,1045,232.4
54091,131,Barren,872,193.9
54091,141,Deciduous Forest,351907,78262.2
54091,142,Evergreen Forest,39,8.7
54091,143,Mixed Forest,945,210.2
54091,152,Shrubland,3,0.7
54091,176,Grass/Pasture,99361,22097.4
54091,195,Herbaceous Wetlands,5,1.1
54093,1,Corn,238,52.9
54093,4,Sorghum,1,0.2
54093,5,Soybeans,66,14.7
54093,6,Sunflowers,10,2.2
54093,21,Barley,8,1.8
54093,24,Winter Wheat,13,2.9
54093,26,Dbl Crop WinWht/Soybeans,2,0.4
54093,28,Oats,9,2.0
54093,37,Other Hay/Non Alfalfa,1,0.2
54093,47,Misc Vegs & Fruits,2,0.4
54093,59,Sod/Grass Seed,6,1.3
54093,61,Fallow/Idle Cropland,3,0.7
54093,92,Aquaculture,7,1.6
54093,111,Open Water,6839,1521.0
54093,121,Developed/Open Space,45704,10164.3
54093,122,Developed/Low Intensity,3099,689.2
54093,123,Developed/Medium Intensity,2335,519.3
54093,124,Developed/High Intensity,1022,227.3
54093,131,Barren,2308,513.3
54093,141,Deciduous Forest,828432,184238.8
54093,142,Evergreen Forest,91239,20291.1
54093,143,Mixed Forest,124865,27769.3
54093,152,Shrubland,1227,272.9
54093,176,Grass/Pasture,70549,15689.7
54093,190,Woody Wetlands,14470,3218.1
54093,195,Herbaceous Wetlands,19362,4306.0
54095,1,Corn,300,66.7
54095,5,Soybeans,95,21.1
54095,12,Sweet Corn,60,13.3
54095,21,Barley,34,7.6
54095,24,Winter Wheat,2,0.4
54095,27,Rye,9,2.0
54095,28,Oats,10,2.2
54095,29,Millet,5,1.1
54095,36,Alfalfa,24,5.3
54095,37,Other Hay/Non Alfalfa,26,5.8
54095,43,Potatoes,1,0.2
54095,47,Misc Vegs & Fruits,1,0.2
54095,111,Open Water,11287,2510.2
54095,121,Developed/Open Space,33755,7506.9
54095,122,Developed/Low Intensity,4705,1046.4
54095,123,Developed/Medium Intensity,1812,403.0
54095,124,Developed/High Intensity,1862,414.1
54095,131,Barren,258,57.4
54095,141,Deciduous Forest,625042,139006.0
54095,142,Evergreen Forest,372,82.7
54095,143,Mixed Forest,4160,925.2
54095,152,Shrubland,6,1.3
54095,176,Grass/Pasture,66397,14766.3
54095,190,Woody Wetlands,3,0.7
54095,195,Herbaceous Wetlands,10,2.2
54095,216,Peppers,7,1.6
54095,225,Dbl Crop WinWht/Corn,1,0.2
54095,254,Dbl Crop Barley/Soybeans,4,0.9
54097,1,Corn,277,61.6
54097,4,Sorghum,14,3.1
54097,5,Soybeans,221,49.1
54097,27,Rye,3,0.7
54097,36,Alfalfa,3,0.7
54097,37,Other Hay/Non Alfalfa,26,5.8
54097,43,Potatoes,13,2.9
54097,47,Misc Vegs & Fruits,1,0.2
54097,58,Clover/Wildflowers,3,0.7
54097,61,Fallow/Idle Cropland,6,1.3
54097,68,Apples,1,0.2
54097,111,Open Water,2283,507.7
54097,121,Developed/Open Space,52740,11729.1
54097,122,Developed/Low Intensity,10777,2396.7
54097,123,Developed/Medium Intensity,5302,1179.1
54097,124,Developed/High Intensity,2392,532.0
54097,131,Barren,408,90.7
54097,141,Deciduous Forest,790597,175824.5
54097,142,Evergreen Forest,437,97.2
54097,143,Mixed Forest,14190,3155.8
54097,152,Shrubland,1,0.2
54097,176,Grass/Pasture,141448,31457.3
54097,190,Woody Wetlands,1,0.2
54097,195,Herbaceous Wetlands,1,0.2
54099,1,Corn,179,39.8
54099,5,Soybeans,122,27.1
54099,11,Tobacco,1,0.2
54099,12,Sweet Corn,26,5.8
54099,24,Winter Wheat,2,0.4
54099,36,Alfalfa,256,56.9
54099,37,Other Hay/Non Alfalfa,4,0.9
54099,47,Misc Vegs & Fruits,37,8.2
54099,58,Clover/Wildflowers,13,2.9
54099,111,Open Water,18103,4026.0
54099,121,Developed/Open Space,61329,13639.2
54099,122,Developed/Low Intensity,33342,7415.1
54099,123,Developed/Medium Intensity,10948,2434.8
54099,124,Developed/High Intensity,2883,641.2
54099,131,Barren,860,191.3
54099,141,Deciduous Forest,1272400,282974.9
54099,142,Evergreen Forest,99,22.0
54099,143,Mixed Forest,19085,4244.4
54099,152,Shrubland,3,0.7
54099,176,Grass/Pasture,53787,11961.9
54099,190,Woody Wetlands,66,14.7
54099,195,Herbaceous Wetlands,529,117.6
54099,229,Pumpkins,3,0.7
54101,1,Corn,3,0.7
54101,4,Sorghum,2,0.4
54101,28,Oats,16,3.6
54101,36,Alfalfa,8,1.8
54101,37,Other Hay/Non Alfalfa,16,3.6
54101,43,Potatoes,73,16.2
54101,58,Clover/Wildflowers,1,0.2
54101,68,Apples,8,1.8
54101,111,Open Water,3210,713.9
54101,121,Developed/Open Space,45181,10048.0
54101,122,Developed/Low Intensity,2421,538.4
54101,123,Developed/Medium Intensity,907,201.7
54101,124,Developed/High Intensity,660,146.8
54101,131,Barren,3596,799.7
54101,141,Deciduous Forest,1442717,320852.5
54101,142,Evergreen Forest,706,157.0
54101,143,Mixed Forest,68953,15334.8
54101,152,Shrubland,8,1.8
54101,176,Grass/Pasture,31942,7103.7
54101,190,Woody Wetlands,5,1.1
54101,195,Herbaceous Wetlands,3,0.7
54103,1,Corn,43,9.6
54103,5,Soybeans,43,9.6
54103,21,Barley,2,0.4
54103,27,Rye,1,0.2
54103,28,Oats,1,0.2
54103,37,Other Hay/Non Alfalfa,5,1.1
54103,47,Misc Vegs & Fruits,1,0.2
54103,111,Open Water,7244,1611.0
54103,121,Developed/Open Space,43036,9571.0
54103,122,Developed/Low Intensity,6567,1460.5
54103,123,Developed/Medium Intensity,4212,936.7
54103,124,Developed/High Intensity,1766,392.7
54103,131,Barren,224,49.8
54103,141,Deciduous Forest,927598,206292.8
54103,142,Evergreen Forest,356,79.2
54103,143,Mixed Forest,4123,916.9
54103,152,Shrubland,9,2.0
54103,176,Grass/Pasture,44662,9932.6
54103,190,Woody Wetlands,7,1.6
54105,1,Corn,11,2.4
54105,4,Sorghum,89,19.8
54105,5,Soybeans,93,20.7
54105,12,Sweet Corn,8,1.8
54105,21,Barley,13,2.9
54105,24,Winter Wheat,27,6.0
54105,26,Dbl Crop WinWht/Soybeans,2,0.4
54105,27,Rye,2,0.4
54105,29,Millet,1,0.2
54105,30,Speltz,2,0.4
54105,36,Alfalfa,18,4.0
54105,37,Other Hay/Non Alfalfa,7,1.6
54105,43,Potatoes,1,0.2
54105,44,Other Crops,30,6.7
54105,111,Open Water,4724,1050.6
54105,121,Developed/Open Space,28945,6437.2
54105,122,Developed/Low Intensity,3726,828.6
54105,123,Developed/Medium Intensity,338,75.2
54105,124,Developed/High Intensity,137,30.5
54105,131,Barren,52,11.6
54105,141,Deciduous Forest,540150,120126.5
54105,142,Evergreen Forest,16294,3623.7
54105,143,Mixed Forest,13247,2946.1
54105,176,Grass/Pasture,68018,15126.8
54105,195,Herbaceous Wetlands,91,20.2
54105,229,Pumpkins,2,0.4
54105,254,Dbl Crop Barley/Soybeans,9,2.0
54107,1,Corn,1175,261.3
54107,5,Soybeans,342,76.1
54107,12,Sweet Corn,131,29.1
54107,21,Barley,18,4.0
54107,24,Winter Wheat,67,14.9
54107,26,Dbl Crop WinWht/Soybeans,9,2.0
54107,27,Rye,7,1.6
54107,29,Millet,1,0.2
54107,37,Other Hay/Non Alfalfa,6,1.3
54107,42,Dry Beans,296,65.8
54107,43,Potatoes,4,0.9
54107,44,Other Crops,2,0.4
54107,68,Apples,1,0.2
54107,111,Open Water,30608,6807.1
54107,121,Developed/Open Space,84378,18765.2
54107,122,Developed/Low Intensity,51969,11557.6
54107,123,Developed/Medium Intensity,16422,3652.2
54107,124,Developed/High Intensity,10376,2307.6
54107,131,Barren,776,172.6
54107,141,Deciduous Forest,711950,158333.9
54107,142,Evergreen Forest,4459,991.7
54107,143,Mixed Forest,13874,3085.5
54107,152,Shrubland,3,0.7
54107,176,Grass/Pasture,157497,35026.5
54107,190,Woody Wetlands,49,10.9
54107,195,Herbaceous Wetlands,157,34.9
54107,216,Peppers,16,3.6
54107,225,Dbl Crop WinWht/Corn,25,5.6
54107,229,Pumpkins,3,0.7
54107,254,Dbl Crop Barley/Soybeans,62,13.8
54109,27,Rye,2,0.4
54109,37,Other Hay/Non Alfalfa,7,1.6
54109,61,Fallow/Idle Cropland,19,4.2
54109,111,Open Water,3107,691.0
54109,121,Developed/Open Space,29232,6501.0
54109,122,Developed/Low Intensity,16300,3625.0
54109,123,Developed/Medium Intensity,7631,1697.1
54109,124,Developed/High Intensity,1120,249.1
54109,131,Barren,9491,2110.7
54109,141,Deciduous Forest,1326342,294971.4
54109,142,Evergreen Forest,16445,3657.3
54109,143,Mixed Forest,872,193.9
54109,152,Shrubland,24,5.3
54109,176,Grass/Pasture,33393,7426.4
54109,195,Herbaceous Wetlands,154,34.2
54109,205,Triticale,1,0.2
54109,228,Dbl Crop Triticale/Corn,3,0.7
54109,229,Pumpkins,2,0.4
54109,242,Blueberries,1,0.2
