fipsCode,state,eia_n_utilities,eia_n_coops,eia_customers,eia_cust_residential,eia_sales_mwh,eia_dist_circuits,eia_ami_meters,eia_all_meters,eia_coop_share,eia_muni_share,eia_iou_share,eia_saidi_with_med,eia_saidi_no_med,eia_saifi_with_med,eia_saifi_no_med,eia_ami_share,eia_cust_per_circuit,eia_mwh_per_customer,population,land_sqmi,eia_cust_per_capita,eia_circuits_per_1ksqmi,tl_km,tl_segments,tl_max_kv,tl_km_per_1ksqmi,eia_cust_per_tl_km
18001,IN,4,3,9783.106431138496,7950.946852136582,312200.1918060948,15.876180511993088,9767.812815269624,9814.599833463066,0.21628117045720133,0.0,0.7837188295427987,156.7,97.5,0.839,0.725,0.9952329163707806,616.2128494160294,31.912173705112487,35809,338.926,0.27320244718195136,46.84261612267306,336.44685392866523,12,765.0,992.6852880235368,29.07771708043003
18003,IN,5,4,121987.19935617874,109613.2015419711,4195008.298217959,230.6907582173145,121728.58291438181,122232.14862920027,0.32352214448017913,0.0,0.6764778555198209,137.49540804366939,89.02249549123034,0.8954535346528364,0.7669603070526073,0.99588025146849,528.791011390516,34.38892211935578,385410,657.3,0.3165128028753243,350.96722686340263,1204.6732164221185,118,765.0,1832.760104095723,101.26165145306453
18005,IN,7,4,49525.266621877236,44034.11478261804,1394722.2438293975,75.75873438330915,49845.683535437376,50451.29594011465,0.3019551112355697,0.016390843792430804,0.6816540449719996,251.54337560012252,110.18852920519275,1.3909849918342132,1.1145521247783496,0.9879960981498646,653.7235214529724,28.161832110426126,82208,406.94,0.6024385293630454,186.16684126237072,683.6808741089741,49,345.0,1680.0532611907754,72.43915765001091
18007,IN,6,4,5610.227425458093,4631.176588613111,161310.98613326304,5.610931709667742,2860.857655377341,5663.282606161271,0.24498585583015323,0.0,0.7550141441698467,397.64114130622187,155.106865014684,1.253600476685718,0.9469814948085286,0.505158907709271,999.8744799890479,28.753020849255762,8719,406.418,0.6434484947193593,13.805814972928715,73.54885309013804,9,345.0,180.96849325113072,76.27892468401187
18009,IN,2,1,2875.0618977890813,2269.52529412287,90957.51845696117,3.645763298793319,2869.889000601118,2885.714194389243,0.09798547828230843,0.0,0.9020145217176916,156.7,97.5,0.8389999999999999,0.725,0.994516021781057,788.6035549100717,31.636716596226112,12112,165.082,0.2373730100552412,22.084559787216772,160.7131110155648,5,345.0,973.5350372273466,17.889404788577803
18011,IN,9,2,48922.96136446047,41955.249456219404,1251562.155440496,66.42842311122979,47039.725378517556,48693.00649547414,0.153591853988964,0.2520189880303013,0.5943891579807347,240.12373935788253,99.68405634988697,1.1713454060596864,0.9683163017661858,0.9660468466429517,736.4763315628065,25.58230574222106,70812,422.882,0.6908851799759994,157.08500979287317,411.17907525792424,35,345.0,972.3257912560103,118.98212800291964
18013,IN,4,3,6605.36998692547,6000.4478181762215,152286.69177667814,9.88126927742989,6687.162460852927,6700.21060506592,0.532360235374414,0.0,0.467639764625586,325.80168691515706,132.59542845870234,1.797399644305606,1.222821095820641,0.9980525770036053,668.4738368595011,23.054982851545216,15475,311.987,0.42684135618258284,31.672054532496194,111.1539900960135,6,230.0,356.27763367067695,59.42539697603144
18015,IN,5,2,13484.42498534618,10785.717606190827,363340.8164646284,13.067505367188115,7004.100081650293,13530.770691882944,0.16845449516769878,0.09996718447133646,0.7315783203609648,397.64114130622187,155.106865014684,1.2536004766857176,0.9469814948085284,0.5176423605975397,1031.9050657675589,26.945221383891326,20306,372.225,0.6640611142197469,35.106468848648305,157.13771195828113,3,230.0,422.15786676951075,85.81278686892293
18017,IN,6,3,30315.192656398307,23893.75494673627,873238.694791073,48.76155573841852,16330.51209704391,30548.958139829178,0.14641798137862078,0.6042299951117134,0.24935202350966584,217.2844760199071,107.09399639972203,1.042011729726243,0.732780911051376,0.5345685447698618,621.7027368655797,28.80531569396996,37870,412.144,0.8005068037073754,118.31193888160091,265.27793129904427,20,345.0,643.6535077522523,114.27709990027175
18019,IN,4,3,52360.739885866366,47847.6732635653,1230784.702904017,84.49968154480769,53000.822243808856,53108.22770432674,0.5383730148248108,0.0,0.46162698517518913,233.10149199429387,115.27084651047947,1.4892139612615396,1.1338066179595072,0.9979776116590474,619.6560617580673,23.505869198694047,121093,372.83,0.43240104618653735,226.64399738435128,364.87845058435295,39,345.0,978.6724528185848,143.5018697377459
18021,IN,5,4,11284.893377048005,8932.630784606998,278524.0135476919,19.829623494833047,11426.636365673212,11448.263783292563,0.5318675221612772,0.0,0.4681324778387229,619.2822481117543,201.6426735065039,2.026065665896857,1.5233407629202296,0.9981108561063282,569.0926698627677,24.68113824754191,26466,357.6,0.42639210220841856,55.45196726743021,292.13255820906073,23,230.0,816.9254983474852,38.62935869329608
18023,IN,5,3,11962.774014034629,10800.368423039658,321916.7150779404,22.68432452950319,10325.563358498823,12165.659890450457,0.38990583779190424,0.056293745621983554,0.5538004165861122,254.4361378184378,135.3909414817274,1.117048455561641,0.9022637959149223,0.8487466731339387,527.3586171135872,26.909871798988288,33190,405.067,0.360433082676548,56.001413419269376,259.1662303783407,7,230.0,639.8107729791385,46.158691263792036
18025,IN,4,3,5122.707461008156,3939.0633394960637,116735.62985509414,8.23785467458666,4408.564234393852,5187.7756074245235,0.5898509269145307,0.0,0.4101490730854694,270.5850603326371,125.53505286763651,1.4441664381732022,1.1698271372693194,0.8497985587665939,621.849700360876,22.787877454185214,10526,305.613,0.48667180895004336,26.955184087675132,585.5432293430662,19,765.0,1915.9630949699988,8.748640927426374
18027,IN,5,2,25380.897500897463,15550.45510855478,676037.9379501275,23.78217302059676,17770.187078026735,25764.501648965397,0.14612699501181034,0.31377929010266065,0.540093714885529,391.8649521267114,145.21231269919517,1.4758970987060644,1.1645749705246957,0.6897159246524885,1067.223650207074,26.635698675597386,33381,429.499,0.7603396393426639,55.3718938125508,1310.563293674224,37,765.0,3051.3768220047637,19.36640345674642
18029,IN,6,2,28795.32320533265,19393.563284800373,806590.1087459958,30.999613976577244,17328.065405777776,29108.156607360455,0.3907279314105388,0.2579673334118629,0.35130473517759836,277.76470315311076,173.1115487299691,1.3443092178311966,1.1909013271219104,0.5952993052605777,928.8929606378287,28.01114969241332,50679,305.087,0.5681904379591675,101.609095033801,1449.2776719057122,43,345.0,4750.3750468086555,19.868741348556448
18031,IN,4,3,8905.828096072786,8099.881288245896,284188.9493531041,18.70936184679171,8984.94598681016,9128.840586001932,0.406678111267227,0.0,0.5933218887327731,255.10799929029247,115.86356726612634,1.3718511045029724,1.0350507423022939,0.98423736313104,476.00918561527317,31.910446315309326,26472,372.568,0.336424452103082,50.21730757013945,733.1433328882548,32,765.0,1967.8107966552543,12.147458343497213
18033,IN,6,2,37184.990404297656,26287.834963389178,1186328.4501688583,37.82871563614446,21345.865065664315,36885.041230949406,0.11189205733614144,0.3059836744958522,0.5821242681680064,366.3726820683628,136.77422071122487,1.1250583976486004,0.8620073600244705,0.5787133307513692,982.9831591947642,31.903422248342125,43265,362.833,0.8594704820131205,104.2593028642501,324.18800429162536,30,345.0,893.4909566980548,114.70193194084894
18035,IN,4,2,51055.55117535829,40534.462160029005,1533877.927591037,66.09449188533509,51610.05685145658,51844.72735862898,0.09320886800121274,0.0,0.9067911319987872,223.72941921652279,104.92519802592878,1.0035219315686625,0.8268009605894071,0.9954735897143581,772.463025571521,30.04331345523414,111903,392.101,0.4562482790931279,168.5649663870663,784.9150089647123,70,345.0,2001.81843189564,65.04596114514305
18037,IN,7,2,47271.90115153845,37386.67976211459,1450726.3456309852,76.13878905211244,43421.657986371625,48378.910961763264,0.17650012995683836,0.264660394340684,0.5588394757024776,276.87995213030297,139.26551182618644,1.326928466778213,1.1431814850872617,0.8975327704397965,620.8648934406307,30.68897823636128,43637,427.265,1.0832986032847916,178.2003886396322,939.1185428297734,49,765.0,2197.976765777149,50.33645806747429
18039,IN,6,4,113463.34747645835,93321.21295045264,3345607.802351396,85.7181414161565,53960.089644790285,113634.8522161381,0.0870226136670244,0.0,0.9129773863329756,366.3726820683628,136.77422071122487,1.1250583976486004,0.8620073600244706,0.4748551046835174,1323.6795105670867,29.486242709748634,207047,463.161,0.5480076865468148,185.07201905202837,676.7947006771211,37,345.0,1461.2514885258497,167.6481026859996
18041,IN,4,3,7278.850402469924,6211.719863557739,195042.51316748405,13.633971501176305,7348.780910458482,7475.9660808985345,0.3583563992832667,0.0,0.6416436007167332,295.63,112.89,1.18,0.9359999999999999,0.9829874602073146,533.8760171122495,26.79578537584733,23398,215.021,0.31108857177835386,63.40762763253964,689.0840684608033,24,345.0,3204.7291588300836,10.56308037817299
18043,IN,3,2,31172.106231523394,28341.695331224975,752614.8013377097,50.87546579463485,31597.53452627737,31668.92115543282,0.48462739554710405,0.0,0.5153726044528959,231.24699138139817,107.88484720748413,1.4086717263972581,1.0455328078083075,0.9977458458782008,612.7139230007933,24.143854629130367,80484,148.481,0.38730811380551905,342.63956866289186,566.9945419063149,55,345.0,3818.63364273082,54.97778889849348
18045,IN,5,2,8356.989238890672,4076.184141288933,205903.4526117246,7.337548396423328,5517.5471785485515,7202.7114834498825,0.2560311002531479,0.35036541466082716,0.39360348508602505,253.61424592079223,113.23661389833157,1.1643464691076066,0.9273346525417111,0.7660375111826376,1138.9348032054233,24.638472866940866,16479,395.668,0.5071296340124202,18.544710202551958,461.86865959817095,20,345.0,1167.313655888702,18.09386513941282
18047,IN,6,4,11206.302121731369,10282.083547219087,285130.25997518876,18.827582771826677,7641.328105344139,11398.253601900438,0.5941508596480203,0.0,0.4058491403519797,268.1028619362321,174.07087025025703,1.3599071691554074,1.2220685193483187,0.6703946387076434,595.2066315438176,25.443742001410207,22785,384.426,0.4918280501089036,48.97583090588742,939.5714477572352,37,345.0,2444.0892337074893,11.92703561658978
18049,IN,5,3,13023.478417194867,10856.679159478754,369977.47629400855,12.217295063472829,7268.601000324215,13148.732673427818,0.23603786366245783,0.0,0.7639621363375422,408.4711806864178,146.1889575113984,1.2679138559526468,0.9405703636264194,0.5527985989869032,1065.9870576534047,28.40849920751803,20480,368.393,0.6359120320895931,33.163754641029634,226.9186741101124,5,765.0,615.9690170826059,57.392713351018514
18051,IN,4,1,28929.642227827735,25323.25880480362,850108.4531718324,42.36320604258804,29823.518083802206,29853.170763422913,0.0683814391778407,0.0,0.9316185608221593,369.70153035953024,114.33353106161104,1.3631908667556991,1.0453629381441332,0.9990067159078111,682.8954871532753,29.385377339858834,33011,487.383,0.8763637038510719,86.91974492870708,865.0110953944281,59,345.0,1774.8076879875337,33.44424410491103
18053,IN,4,1,32629.577010216923,25852.541312554054,949445.6714266241,46.18074008412372,29660.962356884815,33099.78364313462,0.05351229298378563,0.1011045898317046,0.8453831171845098,223.72941921652284,104.92519802592878,1.0035219315686625,0.826800960589407,0.8961074391504952,706.5624533253097,29.09770087210555,66674,414.089,0.4893898222728038,111.5237064595382,397.9810642412879,37,138.0,961.1003051066024,81.98776258971523
18055,IN,6,3,21461.729869724524,15939.061419359325,583394.6014697865,29.46089150783206,18243.73504764948,21712.708437560614,0.24547575604547772,0.16513114373876378,0.5893931002157586,459.5544334982553,152.335059365096,1.5682159800815068,1.1830598096966232,0.8402330414058253,728.4820238389259,27.183018564256802,30803,542.467,0.6967415469183041,54.30909439252906,1029.7880250044284,43,345.0,1898.342249398449,20.840920022965147
18057,IN,6,2,245557.8197353624,216909.64841418472,6847829.010701587,317.32436265928635,241137.94286487927,248933.36053255136,0.08723489907754782,0.02871075336623171,0.8840543475562204,224.02392543053554,97.25631712060289,1.068056294147779,0.8960923640707843,0.9686847208787319,773.838534417919,27.88682933445773,347467,394.377,0.7067083197407593,804.6218787081558,769.9854327991078,106,765.0,1952.4095796638944,318.9122927205162
18059,IN,6,3,52380.69462002547,45516.51074450056,1377290.3446033194,68.08977895995513,52692.06638272048,53199.65764874999,0.12483657542417007,0.24923304463032062,0.6259303799455094,196.31233473865265,74.11940971400352,0.906706010071504,0.7535124358663424,0.9904587493893122,769.2886571247578,26.293854149783893,79840,305.957,0.6560708243991166,222.54689044524275,705.9896512320126,40,765.0,2307.4799767026498,74.19470601108196
18061,IN,2,1,11412.791944704819,10222.822075491542,300142.452543369,18.992824744187168,11622.397998084054,11657.569776232882,0.30645758488770564,0.0,0.6935424151122943,270.5850603326371,125.53505286763651,1.4441664381732022,1.1698271372693194,0.9969829236432678,600.9001872245334,26.29877544404249,39654,484.104,0.2878093494907152,39.232943219199115,839.6769880196147,64,345.0,1734.4971080999428,13.591883673770775
18063,IN,7,2,99368.14531609237,88503.98167997293,2550358.071653249,132.70473902862688,99238.64490225825,100582.05950129057,0.2622909897822298,0.01536980833924114,0.722339201878529,224.6175372712228,87.94187942142709,1.2055777064086906,0.9752866615416661,0.986643596226869,748.7912341597448,25.665750966172318,174788,406.894,0.5685066784681578,326.14081069916705,633.5251592781831,59,345.0,1556.9783758870446,156.84956447398085
18065,IN,10,2,26468.85560628138,19141.618617622385,724386.326159888,32.94114777800341,24424.472578228866,25357.265429082145,0.09040867665822079,0.1450402222939698,0.7645511010478094,223.72941921652279,104.92519802592878,1.0035219315686623,0.8268009605894069,0.9632139808820449,803.5195307904866,27.367496990991263,48914,391.877,0.5411304658437539,84.05991619309991,773.5167765988582,32,345.0,1973.8764372465291,34.21885136436801
18067,IN,3,1,37490.7070096258,33117.86918800389,1122299.0870141233,59.48621502820238,35025.69122404324,38080.69030891232,0.07680732307501598,0.0,0.9231926769249841,239.04253982641288,125.79181231249225,1.0035219315686625,0.826800960589407,0.9197756379916754,630.2419307036341,29.935394035806556,83658,293.074,0.44814252085426143,202.9733617728027,353.27534296727924,15,230.0,1205.4134551931568,106.123191884066
18069,IN,5,2,18947.31343174597,16040.468428078735,611545.8740342455,29.864822052976972,18251.039380006852,19199.922842773307,0.15360707383573993,0.04586402199606844,0.8005289041681917,205.14363374724792,99.60166710986125,1.0110959615885735,0.8374193846648867,0.9505787877098888,634.4358388653875,32.27612591290165,36662,382.649,0.5168106876805949,78.04756330991842,658.9040352867486,21,765.0,1721.95415455613,28.755801174446116
18071,IN,3,2,14453.277834139004,13017.443634451214,416483.1809160608,25.898483136460307,14703.16836025231,14739.870489663917,0.3588029007553988,0.0,0.6411970992446012,263.67856337794456,116.27727379385279,1.4726227252888053,1.09886824262278,0.9975100100480975,558.074299486345,28.815828886393998,46428,509.978,0.3113052001839193,50.7835301453402,558.6260301002033,37,345.0,1095.3924092807988,25.87290433198477
18073,IN,5,3,15733.246842151682,10251.018414652954,487299.3735146798,10.86797796902641,4193.239669109471,15849.406337911792,0.18991374082958873,0.2112723478725647,0.5988139112978467,493.3063709922439,182.33465222237743,1.4732209948544315,1.0085798183406889,0.2645676172159987,1447.67010818307,30.972588074391172,32918,559.68,0.4779526958549026,19.418199630192987,172.73467538381703,20,138.0,308.63113812145696,91.0833149579976
18075,IN,2,1,4860.924499911229,3837.131685357343,153783.69079934372,6.163964731893131,4852.178579450932,4878.9345502561855,0.09798547828230841,0.0,0.9020145217176917,156.7,97.5,0.839,0.725,0.994516021781057,788.6035549100715,31.63671659622612,20478,383.905,0.23737301005524117,16.0559636678166,140.9646054713238,13,138.0,367.1861670760313,34.483298014125104
18077,IN,4,3,16694.48228664148,15197.193333521274,373121.48852064606,20.560354246853336,11587.594943908585,16899.093442682755,0.6036770727436895,0.0,0.3963229272563105,243.52256018556983,150.64074019849843,1.411651875807338,1.1539263090404284,0.6856932878210678,811.9744478233632,22.349988583905283,33147,360.64,0.5036498713802601,57.010742698683835,1423.1577023551874,26,765.0,3946.200372546549,11.730591949868758
18079,IN,5,4,14118.857046955593,12872.181483805118,373881.84188782505,22.13007968136456,9864.581239344545,14289.30770166847,0.6096160300740425,0.0,0.39038396992595753,254.66303562076845,162.768070804594,1.4987653487175177,1.258736302089224,0.6903470374700323,637.9939543934354,26.481027511249156,27613,376.597,0.5113119562146667,58.763292541800816,391.96802977237473,14,765.0,1040.815592722127,36.02043017425363
18081,IN,7,3,106000.0827906944,90675.16427669278,2531171.5335138524,130.18057991926477,102902.91461726003,107761.12827476302,0.3232184935011989,0.05008811731794134,0.6266933891808598,303.5506782196819,112.96115391306836,1.5733348062661168,1.1153743522614634,0.9549168263613963,814.2541910355093,23.878958080738975,161765,320.415,0.6552720476660242,406.2874082651086,666.0743254207625,50,345.0,2078.786340904023,159.1415233183378
18083,IN,4,2,18504.53712264223,16342.81793714699,495033.26693246973,27.993965506032456,18794.323884355395,18827.27296505389,0.19482598838199633,0.0,0.8051740116180036,447.2120476919574,138.800167005555,1.5013587389584484,1.1440036128868079,0.9982499281356545,661.0187870187474,26.751994046192323,36282,515.827,0.5100197652456377,54.27006633237976,1844.8163867218975,70,765.0,3576.4246282608265,10.030557651064356
18085,IN,9,6,58834.47014872456,49588.10094266435,1775443.4070926097,68.50439206276471,35901.46750079635,58939.639641901485,0.3312149813423627,0.006220842969687801,0.6625641756879495,375.25857868823437,137.7613246229575,1.2488610592131242,0.9367126575942348,0.6091226162718716,858.842307436574,30.176925237952506,80240,531.444,0.7332311833091296,128.9023717696779,602.5415296249352,13,765.0,1133.781790037963,97.64384238435372
18087,IN,6,4,25049.388252170003,18230.014339710346,721261.0004168355,16.744777503261894,13427.910104523049,25085.192977304272,0.19216042654013807,0.0,0.807839573459862,366.37268206836285,136.7742207112249,1.1250583976486004,0.8620073600244706,0.5352922784637095,1495.9522900373186,28.793557477570474,40446,379.63,0.6193291858816695,44.10815136649341,313.3256736356731,12,345.0,825.3448716794593,79.94681049117212
18089,IN,2,1,152208.98543783382,133069.14926247473,4525602.193844322,53.70210892272284,9478.68996790798,152208.98543783382,0.06227418138713846,0.0,0.9377258186128616,543.0235288829965,179.1444641479649,1.4843515524553872,1.132521161029208,0.06227418138713846,2834.3204483247027,29.7328188662863,498700,498.729,0.30521152082982517,107.6779351566138,1427.098909107728,168,765.0,2861.4716792240433,106.65622716578221
18091,IN,4,1,58381.006073286924,51060.95998271036,1768682.8265957828,45.94352747434715,26158.71768329167,58479.874899814364,0.03659901242873886,0.0,0.9634009875712611,383.7452910043903,145.48307567486108,1.2182780404833828,0.96450330145267,0.44731145078722984,1270.712313195462,30.295518106959605,112417,598.287,0.5193254229634924,76.79178634058094,1102.8766425934527,49,765.0,1843.3906178697723,52.935209450081345
18093,IN,5,4,19306.173693964938,14501.00262490007,524730.2909679388,28.31352495411094,16373.921904707466,19701.286791177958,0.5346278635776872,0.0,0.4653721364223127,459.7493099519018,183.80884950091823,1.6992484435495276,1.3164205764144612,0.8311092609463229,681.8710748751829,27.179403815887568,45011,449.146,0.4289212346751891,63.038577554093635,766.0018692717242,41,345.0,1705.4629658768513,25.203820602057107
18095,IN,8,2,126096.23104317879,104988.2002468518,3354657.7836346747,157.51393151759473,125954.28807597657,126241.2014542301,0.053916938790656226,0.30133335219978774,0.6447497090095561,313.2588090331134,126.3036646240791,1.5254132141730197,1.2043808677064436,0.9977272603955883,800.5401797052695,26.60394966512479,130129,451.921,0.9690094524908267,348.54306730068913,987.938098957794,67,765.0,2186.0858401308947,127.63576096134115
18097,IN,2,0,401292.9660944533,353281.2940567123,10672049.316772766,428.7346709704473,409107.59865673294,409985.38749934285,0.0,0.0,1.0,270.58580539678513,99.73808470807347,1.2159749158077002,1.0017827031912234,0.9978589752967444,935.993735207187,26.594159924200767,977203,396.612,0.41065466038730264,1080.9926854720666,1369.095462866097,160,345.0,3451.9769015211264,293.10809726472763
18099,IN,7,3,28881.772173244804,20936.8240604449,936170.24346537,18.8384932788638,12361.855523108457,28642.68865240041,0.08706477990594405,0.11443203623985551,0.7985031838542005,383.7452910043903,145.48307567486108,1.218278040483383,0.96450330145267,0.4315885171650067,1533.1253803428774,32.41387813219473,46095,443.62,0.6265706079454345,42.46538316321131,715.2071409053594,12,765.0,1612.2067104850084,40.38238787253191
18101,IN,6,4,5105.965574498529,3881.5937289550866,131970.1926084903,8.507029083200269,4360.590356648931,5086.096735989146,0.5956585329684349,0.02076003029268574,0.3835814367388795,490.3303181270966,184.54882894706986,1.6293334068612078,1.2328886065054814,0.8573549782868773,600.2054917834735,25.846275436639903,9812,335.761,0.5203796957295689,25.33656107528947,752.8996776020515,15,345.0,2242.3678676262325,6.78173430856124
18103,IN,6,3,23955.924961868586,18358.01035379198,676321.5014662382,33.6759546063119,24134.125127403437,24209.54062814009,0.16359238667160136,0.21533926565661712,0.6210683476717815,181.28772893020061,86.75767099524036,0.963996585936495,0.7297907937054133,0.9968848850998439,711.3658763923656,28.231909331105385,35962,373.842,0.6661455136496465,90.08071486433279,245.9585822460483,8,765.0,657.9212133629939,97.39820722297026
18105,IN,5,3,79668.2076879893,72034.80624633768,1903052.8253764145,100.60465491832711,80782.9637819396,80911.0279964087,0.2798150039386028,0.0,0.7201849960613972,407.0230650500433,156.17242054043436,1.71472192059476,1.4013306275894968,0.998417221760243,791.8938517573124,23.887230309353587,139718,394.522,0.5702071865327968,255.0039159244025,863.0662495919787,41,345.0,2187.6251504148786,92.3083340654939
18107,IN,10,4,30453.77085787779,23492.884386995305,844020.9409944412,52.049970303275806,26838.638446861427,30078.061844873766,0.3474920116749271,0.403858033128219,0.24864995519685387,199.17319602551024,93.01919188391167,1.1687543788942016,0.9185812517259713,0.8922994634853961,585.087189876094,27.71482536377296,37936,504.647,0.8027670512936996,103.14134494661775,480.1340622444737,36,345.0,951.4255751931026,63.42764084580069
18109,IN,6,3,51764.25155752949,46556.59376718478,1219744.4188757879,67.90964490465674,51763.31885354828,51831.79971881278,0.41958416052418807,0.010972823578232153,0.5694430158975797,270.37640217223026,103.07203618043842,1.5271772444871294,1.0891365621997164,0.9986787866592322,762.2518366898407,23.563451265593873,71780,403.834,0.7211514566387502,168.16227683814822,750.909418942225,32,345.0,1859.450712278374,68.93541384851405
18111,IN,3,2,4737.520163812002,3841.5200184852342,150642.4694731997,2.900561767092653,827.7664081591827,4786.322819695175,0.16449720839799784,0.0,0.8355027916020021,500.92331192047385,161.258108063904,1.4732209948544317,1.0085798183406889,0.1729441241934242,1633.3112494138002,31.79774740040085,13830,401.755,0.3425538802467102,7.2197278617382565,57.51287297919145,6,,143.15409386116278,82.37321348085095
18113,IN,7,3,32080.410766061304,23724.068710046595,982259.0502360133,25.34420356550502,17250.14878954087,32110.572302217042,0.13123101808650653,0.1286406470064288,0.7401283349070646,337.67863504148977,129.40072884485951,1.1198916566543868,0.8674494535673409,0.5372108795566329,1265.7888689674458,30.618655646241614,47457,410.845,0.6759890167111554,61.687993198176976,400.00110398801087,30,345.0,973.605870798016,80.20080556333374
18115,IN,3,1,2302.5528156131622,1907.616757856942,55476.5501354876,2.384514941511365,1217.6424714991126,2339.2194903313925,0.4113408746402501,0.0737213308796125,0.5149377944801374,277.7647031531107,173.1115487299691,1.3443092178311966,1.1909013271219104,0.5205336551494839,965.6273380923949,24.093497338828417,5940,86.15,0.38763515414363003,27.67864122474016,117.3808435553257,3,138.0,1362.5170464924631,19.616086798080374
18117,IN,4,2,9746.41244598434,5786.701415354086,220027.00529293035,11.78694631247308,6570.439242282965,8039.223472476262,0.4053594595933872,0.18776139529719837,0.4068791451094145,295.63,112.89,1.18,0.936,0.8172977483183611,826.8818901525475,22.575178970964295,19867,398.379,0.4905829992441909,29.587268185504456,366.46554129667186,25,345.0,919.8917144143436,26.595713232677834
18119,IN,4,2,11195.961012770069,10075.920000678962,273075.50361397996,13.951736066202962,11366.073057596892,11385.615687155689,0.21797083750728385,0.0,0.7820291624927161,420.59034215715485,154.23705973358742,1.6746814041945055,1.359195567159108,0.9982835684871356,802.4779826427084,24.39053720377475,21321,385.295,0.5251142541517785,36.21052976603112,787.6196889217473,16,345.0,2044.1990914020355,14.214932879721886
18121,IN,4,1,6670.40081165463,2824.8816453120908,138670.3441564173,4.67937042337243,4158.222953356962,5657.129228615527,0.1269090310321158,0.3896317587781211,0.4834592101897631,295.63,112.89,1.18,0.936,0.7350411817222366,1425.4910828040968,20.788907304360222,16156,444.721,0.4128745241182613,10.522036115615027,242.90818608235017,20,230.0,546.2035435303261,27.460584672898783
18123,IN,5,2,9073.853300710105,3400.9891856799677,304099.74961561634,9.353761709160734,7968.016306020718,8109.984650120059,0.4039462418036209,0.5960537581963791,0.0,219.7,219.7,1.775,1.775,0.9824946223421964,970.0753111791914,33.51384902727246,19170,381.74,0.47333611375639567,24.502964607221493,395.88792134859506,37,765.0,1037.0616685403547,22.920258010903588
18125,IN,5,2,12275.871988232962,10823.334266636395,346351.74857888505,19.440281637441167,12607.366412622087,12618.582738014578,0.18528398689856204,0.0,0.8147160131014379,369.7015303595302,114.33353106161104,1.3631908667556991,1.045362938144133,0.9991111263740656,631.4657481396847,28.214024137012878,12250,334.303,1.0021119990394256,58.151681670344466,1288.4444375720182,53,765.0,3854.121672769967,9.527668893014875
18127,IN,3,2,58246.37732422882,51001.41192587616,1742260.4903950507,41.49791053297347,9281.459912800019,58860.73314665447,0.14887494450286795,0.0,0.851125055497132,510.98309578501414,170.9033069359401,1.5967113509269593,1.1573156925157029,0.15768508845574172,1403.5978336294145,29.911911614635653,173215,418.104,0.3362663587115944,99.25260349810927,1049.4195228305778,75,765.0,2509.948536322489,55.50342456668051
18129,IN,3,1,16780.626251762384,14639.937220537215,520514.09769379435,28.606941045861536,17397.644801716844,17417.58322482401,0.09007286478158866,0.0,0.9099271352184113,469.56114358545415,136.31726224087004,1.455234541603756,1.0302077961194067,0.9988552703983208,586.5928211219905,31.018752809605505,25222,409.385,0.6653170348014584,69.87784370668572,448.8642764808239,63,345.0,1096.435571603317,37.38463301941846
18131,IN,6,4,7166.002327174631,4105.636703982813,200546.57647130065,4.505014007017975,971.7688658470665,7169.386755554589,0.18956684058632467,0.31063344642781515,0.49979971298586007,502.822595398575,190.0035437703913,1.5967113509269593,1.157315692515703,0.1355442102623595,1590.6725963584865,27.98583747465387,12514,433.675,0.5726388306836049,10.387995635021559,369.4381728517764,6,345.0,851.8779566536609,19.397027307326272
18133,IN,7,4,26040.097387616854,21659.171188914315,604748.4481807151,32.263952637481275,25925.81383532607,25959.897030523967,0.4051979596378316,0.015629741853175456,0.5791722985089929,362.10166041952493,135.61020835374092,1.6047761520832469,1.2847166459968828,0.9986870828047653,807.0956984162528,23.223739880032017,36726,480.537,0.7090371232265112,67.14145349365663,415.0734859492083,34,345.0,863.7700862768286,62.73611365001359
18135,IN,5,3,12711.783882267046,10382.857250097184,367082.2874010644,19.62348093430901,12833.197053279082,12884.579918499303,0.2025498602146378,0.0,0.7974501397853622,223.72941921652279,104.9251980259288,1.0035219315686623,0.8268009605894071,0.9960120651549961,647.7843520637668,28.877322868361905,24502,452.379,0.5188059702174127,43.37840822476068,484.6208829965248,16,345.0,1071.2718384286732,26.230367547653124
18137,IN,3,2,11586.829599947814,10456.610943481155,300840.2560947167,15.461680536675942,7119.632010345731,11765.811120731498,0.5004989364077334,0.0,0.49950106359226665,268.10286193623205,174.070870250257,1.3599071691554072,1.2220685193483187,0.6051118734857859,749.3900532004415,25.96398380589559,28995,446.423,0.39961474736843644,34.6345966419202,652.7203673359757,29,345.0,1462.111869988723,17.751598049925274
18139,IN,6,4,5842.204264233613,4596.569228268732,162917.10472759468,9.38106609929278,5888.955195398327,5980.014515648424,0.3511379954490167,0.07650388086124046,0.5723581236897428,276.53655269744587,124.65584337783379,1.233700637169549,1.0309048996518444,0.9847727258835554,622.7654940704494,27.8862390562043,16752,408.137,0.348746672888826,22.985091033875342,981.1418135846742,39,765.0,2403.9521376025064,5.954495245584007
18141,IN,8,3,176500.04544769652,149193.01398362004,4921375.292637361,192.06039971338464,68320.83874411619,177072.1086194183,0.04821578795364749,0.17816992579369567,0.7736142862526568,383.7452910043903,145.48307567486106,1.2182780404833828,0.96450330145267,0.38583625211669226,918.9819749989632,27.883138954180872,272912,457.777,0.6467287823463114,419.55012967751685,1847.712495169224,85,765.0,4036.2720170939647,95.52354379220218
18143,IN,4,2,12490.965193009135,7612.231400738823,330989.28198345297,12.398805170697312,12392.207774829305,12411.483744579727,0.282261929142528,0.3280771290831507,0.38966094177432137,238.02034730757188,105.30752968144708,1.3475622367544082,0.9889755049510021,0.9984469246266514,1007.4329760846335,26.498295117233933,24384,190.403,0.5122607116555583,65.11874902547392,274.26810638233525,23,765.0,1440.4610556679004,45.542900914612645
18145,IN,5,2,25109.31730591393,21932.27952517047,633636.921660934,30.545875104839773,25280.94188549157,25614.846155076062,0.24542192838600513,0.017718303650802247,0.7368597679631926,240.09511461575946,84.81740567727483,1.3072158303391426,0.8698358384951342,0.9869644241639015,822.0199034970695,25.235131403261818,45055,411.138,0.557303680077992,74.29591792741068,843.0548875983656,45,765.0,2050.5399345192263,29.78372781568654
18147,IN,4,1,9489.68240785011,8220.73561351074,317052.65548928146,15.548230565518908,9713.184991113882,9859.54928049305,0.13663731370745308,0.016280380327725174,0.8470823059648217,219.69999999999996,219.69999999999996,1.775,1.775,0.9851550729941836,610.3384155426178,33.41024934902008,19810,396.882,0.4790349524406921,39.175952967176414,831.419246113589,41,765.0,2094.8776868529917,11.413835381137694
18149,IN,5,4,8689.613418369963,6881.355529946319,252483.57591769876,5.599097463072615,2081.7014599892073,8771.175205036761,0.23024301952956217,0.0,0.7697569804704377,510.98309578501403,170.9033069359401,1.596711350926959,1.1573156925157029,0.23733438351497194,1551.9668081650727,29.055789223482023,23371,309.144,0.3718117931782963,18.111616149990343,366.4781872000676,5,345.0,1185.461102916659,23.71113403708836
18151,IN,5,3,21302.44860530407,15500.1951222537,613638.52906796,14.190034044392338,11432.28216509052,21332.73359815633,0.1912445285857158,0.0,0.8087554714142843,366.3726820683628,136.77422071122487,1.1250583976486004,0.8620073600244706,0.5359032921162317,1501.2260392512899,28.806009132451134,34435,308.777,0.6186278090693792,45.9556056454734,119.058318917598,9,138.0,385.5802696366569,178.92448674710255
18153,IN,4,2,10617.08145311844,9376.78300528055,284028.09982176346,16.06169395124518,10783.34822503242,10802.252943981224,0.1948259883819963,0.0,0.8051740116180036,447.21204769195737,138.80016700555504,1.5013587389584482,1.144003612886808,0.9982499281356545,661.0187870187474,26.751994046192323,20817,447.172,0.5100197652456377,35.918380290459105,885.1532733428413,43,765.0,1979.4469987898196,11.99462485522119
18155,IN,3,1,5551.11086343846,4944.645505421198,134142.88445809172,5.360543191912326,4076.4106210486543,5637.723478442109,0.2796857193887146,0.0,0.7203142806112853,266.33855248988823,141.34466800413898,1.3093969617738994,1.143923823454974,0.7230596953958981,1035.55006735393,24.165052321617868,9737,220.668,0.5701048437340516,24.292345024708276,753.4911225131851,36,345.0,3414.591705698992,7.3671881427392965
18157,IN,4,3,61825.917450462766,52336.50048837386,1600309.0019473843,105.36031899422534,56404.503182353146,62962.61405942731,0.39867955822210555,0.0,0.6013204417778945,272.3440343328939,142.3407738554783,1.1643464691076069,0.9273346525417108,0.8958411912363695,586.8045772892104,25.884112487770388,186251,498.907,0.3319494523544183,211.18228245790365,679.5232583256213,56,345.0,1362.023900898607,90.98425505376352
18159,IN,4,0,10959.990641924582,5820.752409944291,318123.57842316356,9.40066171544757,10724.46201809845,11067.386060698334,0.0,0.42022262888440476,0.5797773711155951,223.72941921652284,104.9251980259288,1.0035219315686625,0.8268009605894071,0.9690149019182,1165.874379238076,29.02589872716359,15359,260.541,0.7135875149374687,36.081314324607526,242.05863081882816,3,765.0,929.0615711877522,45.27824769085687
18161,IN,2,1,1857.9681916080067,1675.2056084831108,50179.92642140497,3.542711862455559,1896.1127198789854,1901.715114794555,0.23861891662101292,0.0,0.7613810833789871,295.63,112.89,1.18,0.9359999999999999,0.9970540304002502,524.448011507262,27.007957750867625,7087,161.19,0.2621656824619736,21.97848416437471,522.0724483189924,20,345.0,3238.8637528320146,3.558832107670938
18163,IN,1,0,73095.95214359039,63766.11560889397,2296624.859595094,108.18721359706215,76533.16000465653,76533.16000465653,0.0,0.0,1.0,,,,,1.0,675.6431718061673,31.419316559193074,180136,233.401,0.4057820321512101,463.5250645758251,645.552244130488,128,345.0,2765.8503782352605,113.23011082092252
18165,IN,2,1,3397.8980675410053,2699.5139714021643,96354.71592318968,4.4717009139915165,3479.9180505633385,3492.122844566651,0.09304289975573572,0.0,0.9069571002442642,295.63,112.89,1.18,0.936,0.9965050502097021,759.8670244043633,28.3571531599592,15439,256.864,0.2200853725980313,17.408826904476754,670.3837578514652,28,345.0,2609.8782151312184,5.068586503991445
18167,IN,4,3,37299.043513014585,27999.56367931775,984908.8816831594,66.07667185437089,37868.46047792182,37954.309089001836,0.43191607320771336,0.0,0.5680839267922867,588.6140735613549,175.15510959732532,1.6787941847181238,1.2004785807903586,0.9977381063404763,564.4812679915159,26.405740976695544,106153,403.61,0.3513706019897185,163.7141593478132,928.6607575871776,73,345.0,2300.8863942597495,40.16433687789715
18169,IN,6,4,20641.738738287313,16808.341812104416,637673.376939358,32.328734931272514,20783.94160282205,20852.63561014326,0.3791487463990618,0.0,0.6208512536009383,222.15047217710702,108.98277891747216,1.0563885066748275,0.8467930658763526,0.9967057398112402,638.4950967666838,30.89242553761084,30976,412.538,0.6663784458383043,78.3654716202447,263.50037478858866,14,765.0,638.7299467893592,78.33665798330864
18171,IN,4,1,5271.088408706077,3587.0812053948925,147406.20854979253,3.1014975547054533,1902.358206279848,5290.598034853914,0.03278812352147873,0.18933471090176318,0.777877165576758,436.0598772544211,145.945839294985,1.274260101358004,0.9536737690046257,0.35957337785772203,1699.5300869120524,27.96504196482964,8440,364.69,0.6245365413158859,8.504476554622977,305.0796062199703,5,345.0,836.5450278866168,17.277747516513724
18173,IN,4,1,42867.594548590496,37688.918633231,4011660.019749157,69.6586863562142,44428.76365908888,44484.2761227992,0.09756513916254582,0.0,0.9024348608374543,276.879952130303,139.26551182618644,1.326928466778213,1.1431814850872617,0.998752087961214,615.3948170853829,93.58257821539142,63898,384.843,0.6708753724465633,181.00546549167896,394.16151606341026,44,138.0,1024.2138120309066,108.75641786828885
18175,IN,5,4,14246.429661113607,11135.599315516152,314618.5643985831,19.665629105693725,12334.892788807127,14420.641185178403,0.6051394948986095,0.0,0.3948605051013905,233.10149199429384,115.27084651047944,1.4892139612615394,1.133806617959507,0.8553636853183049,724.4329476847952,22.08402890285917,28182,513.687,0.5055152104575121,38.28329139280092,572.4740424057183,18,765.0,1114.4413668356767,24.885721632452665
18177,IN,7,2,43187.20779767299,32041.615473596226,1419127.6705935118,105.26909871341961,34753.41758884252,41635.028875538716,0.1260951431657317,0.5663019502112333,0.30760290662303497,295.63,112.89,1.18,0.936,0.834715827692406,410.25532017942055,32.85990789777284,66553,401.754,0.6489145162152419,262.0237725409569,633.7338184681677,54,345.0,1577.4175701254192,68.14723554135573
18179,IN,4,1,18368.124619252772,15214.600722676045,660187.6906218885,42.64426138109562,12453.763145051451,18566.85910219396,0.035683646252211654,0.32959271158550546,0.6347236421622829,223.7294192165228,104.9251980259288,1.0035219315686625,0.8268009605894071,0.6707522837602536,430.7291069038293,35.94203024569556,28180,368.087,0.6518142164390622,115.8537557183373,565.1805300237215,24,765.0,1535.4536564011266,32.49957074508889
18181,IN,8,4,17221.672124211895,13794.839951012182,469941.3863802621,19.14356036340591,8330.17587124419,17366.906834653113,0.23423554914478056,0.06933124677953653,0.6964332040756828,387.68571203908465,151.88650822106408,1.3292321866534742,0.970705556721999,0.47965800418889487,899.6065411704803,27.287790813272597,24688,505.139,0.6975725909029445,37.89760910047712,646.2466151824796,24,345.0,1279.3441313826088,26.64876181881284
18183,IN,8,4,24393.915420594225,18983.397265122723,710890.3012172555,36.82058143832029,23487.87752484614,23563.701285316165,0.2905722527884601,0.12954686233575902,0.5798808848757809,220.21157073976497,108.23908156747224,1.0574812878724305,0.8464155595422637,0.996782179524688,662.5076103552982,29.14211552185248,34191,335.568,0.7134601333858098,109.72614027058685,577.1921547090064,19,765.0,1720.045280566104,42.26307516756271
39001,OH,4,2,14495.664115858428,12021.689786309507,404232.7005554564,15.719381450586361,12890.067953293066,14641.723082872977,0.15792269294809302,0.0,0.842077307051907,291.9321159790871,145.05292799302688,1.237704446801634,0.9981872482495568,0.8803655061862976,922.1523226868264,27.886456068833787,27477,583.872,0.5275562876536167,26.922649913998892,858.9108213162052,31,345.0,1471.0601318717206,16.87679763266354
39003,OH,5,4,41228.58095834871,35165.904833266286,1232830.4964158814,76.76795776856308,34948.537904516335,41396.12322052581,0.27620954868001635,0.0,0.7237904513199838,262.4533084981124,144.26626629375423,1.1769989381244033,0.9706965169616959,0.8442466391922296,537.0545492774859,29.90232668112812,102206,402.545,0.40338709036992654,190.7065241614306,642.6475969502463,41,345.0,1596.4615060434146,64.15425989920978
39005,OH,6,4,27567.71475930167,23543.95479787296,747454.408444131,34.13391754444862,16951.051801157475,27813.91423287123,0.13779903984987618,0.0,0.8622009601501239,250.36287833143905,143.86304851018684,1.21002655796559,1.0281257277507425,0.6094450302548308,807.6340702295144,27.1133975003108,52447,422.987,0.5256299647129802,80.69732059010944,561.542983400365,15,138.0,1327.5655833403034,49.09279534109437
39007,OH,2,0,39681.7807611427,35377.93077167169,898790.5778162181,51.28796174827207,13761.34647772104,40530.022449928656,0.0,0.0,1.0,1250.3168633834912,135.7359881916004,1.5827914090010586,1.07950861897642,0.33953463743381823,773.7055521119361,22.64995573727715,97574,702.067,0.40668396049298683,73.05280229418568,284.82728535459654,27,345.0,405.698153245483,139.3187478922209
39009,OH,4,2,25403.32781282789,18500.28401407138,659730.6251757573,28.5711146872727,17342.22800403372,25521.768859441727,0.2447510369266947,0.037711594601249045,0.7175373684720563,640.0461308500132,297.47433137570505,1.5539240527803606,1.2767273191759843,0.679507290405461,889.1262413413666,25.970244136384913,62431,503.644,0.4069024653269672,56.72878995336527,595.5887864950312,22,345.0,1182.559082397549,42.65246154536159
39011,OH,12,3,43822.39186160791,26494.119106973027,1375636.5152096811,39.61523938811439,33040.98800861363,42970.75760730041,0.06575734603612662,0.40216974754257095,0.5320729064213024,357.69303542970647,132.52094518071928,1.2201834546997108,0.9472188522124463,0.7689179769779115,1106.200354673504,31.391178271463865,46422,401.388,0.9440005140150771,98.69562465274096,483.8992245712868,27,765.0,1205.5647517396803,90.56098798346412
39013,OH,3,1,25590.975309327816,19852.2391293512,726869.9989744576,27.340837267174543,21504.585744042277,25700.088126304643,0.1230901720401101,0.11824480948551555,0.7586650184743743,278.84773754187023,164.134768147142,1.3241790999924716,1.08801975161378,0.8367514398533066,935.9982307510526,28.403372289977405,66497,532.127,0.3848440577669341,51.38028565957853,1025.9648020398993,83,765.0,1928.0450006105673,24.9433267675908
39015,OH,7,2,22924.038270984438,16101.676047749774,533697.1651891564,20.104200831248342,20138.82695333244,22835.36793274937,0.15873221520121067,0.15045342182862653,0.6908143629701627,414.04874559621214,115.92145498194705,1.3258486464115506,0.9375451919786914,0.8819138370199113,1140.261105796017,23.281114735559967,43676,489.543,0.5248657906169163,41.067282815295776,872.5356544699436,21,345.0,1782.34732080725,26.27289573044503
39017,OH,4,1,173998.28479657302,156351.48056778678,4362722.1451331,210.1797773286669,130175.20665234042,175869.18182875487,0.014768878718371636,0.17178904973084377,0.8134420715507846,365.7082835237687,101.6592940620371,1.2763584195643238,1.0026512823642029,0.7401820222208857,827.8545491295513,25.073362937075494,390357,466.524,0.4457414233549623,450.5229684403522,927.9455337045852,136,345.0,1989.0627999943952,187.50915703201824
39019,OH,4,2,13846.415462256726,11819.187606489435,378133.6821505678,15.623480854179054,9022.480522838341,13972.42572873379,0.12541109041570175,0.0,0.8745889095842982,264.32197226026585,147.97371562233104,1.309305033044355,1.0683655818528104,0.6457347276703669,886.2567561922675,27.30913882956236,26721,394.612,0.5181847783487417,39.59200646249747,1181.5386482502731,31,765.0,2994.1782009930594,11.718969567996545
39021,OH,4,2,16001.425455515651,14315.155390166568,415101.310072985,18.176288677319555,9892.626039509612,16167.553835283463,0.10109186437674464,0.0,0.8989081356232554,368.33709685410093,105.81704856805969,1.3215374626816465,0.912529864755242,0.6118814348971158,880.3461333381161,25.941520724324008,38714,428.989,0.4133240030871429,42.37005768753873,240.1515767331465,19,138.0,559.8082392162655,66.63052424301274
39023,OH,5,1,73517.70942767648,65680.54764084895,1847484.2758292211,80.392764942946,52226.15748674829,74345.7235392561,0.027697297422368483,0.0032917238837272132,0.9690109786939043,360.3998489185535,107.20782424427279,1.2043439957652127,0.9016347614502299,0.7024769549679853,914.4816636155172,25.129785601477362,136001,396.877,0.5405674180901352,202.5634263082668,577.1681808582339,51,345.0,1454.274701880517,127.37658080588848
39025,OH,3,1,43293.350053775204,38069.42186198334,1050069.936931097,51.811184766190976,42274.06381243671,42412.9196665851,0.22824609546448016,0.038042794053919166,0.7337111104816008,320.78890105988705,125.97253371407736,1.3952143700605075,1.0086980762965656,0.9967260953681105,835.5985343540334,24.254762812921435,208601,452.56,0.2075414310275368,114.48467554841562,1360.411640559778,66,345.0,3006.0359743675485,31.82371332544684
39027,OH,4,1,19451.50381516332,15490.434659180099,484963.67847265396,19.34101819139557,15725.48226682781,19652.88704000165,0.10232702736101763,0.11443845273622151,0.7832345199027609,414.04874559621214,115.92145498194706,1.3258486464115506,0.9375451919786915,0.8001614335247555,1005.7125029651698,24.931937555110935,42018,408.731,0.4629326435138112,47.319675266607064,350.84495146032725,18,345.0,858.3761727403286,55.44188033545881
39029,OH,4,1,49255.21019636016,40627.98335873365,1362323.7830120167,50.658138786719036,29574.222595717503,48445.57323996091,0.03643521465236907,0.026191465303629962,0.9373733200440009,258.52094479691607,142.39665808415802,1.1826528002615455,1.003807437901457,0.6104628476420391,972.3059586483134,27.658470597952885,101877,531.917,0.4834772342762366,95.23692378081361,1176.06798919192,19,345.0,2210.9990641245154,41.88126081911605
39031,OH,6,4,19436.54299220774,16656.9601294029,532779.7793612052,23.935475510906237,14642.877302981895,19631.160705216316,0.16319320568498025,0.0,0.8368067943150198,296.262521025253,162.75780199721717,1.2359504674139103,1.0657211711746666,0.7458997215121899,812.0391417898277,27.411241781771622,36612,563.988,0.530879028520915,42.43968933896862,716.2487393529964,18,345.0,1269.971593993128,27.136582480780636
39033,OH,5,2,21665.444203556093,17382.661870574502,594393.2821295382,23.927361194717374,12832.736049106848,20617.304801860948,0.06339360412044442,0.0575257032128854,0.8790806926666701,251.47458928473762,139.4530385722423,1.1826528002615453,1.003807437901457,0.6224254902584817,905.4673445703381,27.435084023431955,42025,401.786,0.5155370423213823,59.55250106951804,362.8115110272771,30,345.0,902.9968964256522,59.71542673001692
39035,OH,3,0,588046.7868588581,523505.51274759124,13196239.054458931,940.8275761428683,178383.43173295847,599042.2416735135,0.0,0.1252723450688307,0.8747276549311693,1115.026881810812,140.0721666230788,1.5198055501150345,1.0795701754295663,0.2977810566991367,625.031410399009,22.440797823160743,1264817,457.211,0.46492637817080107,2057.7535889181763,655.2602362304283,134,345.0,1433.1681351289192,897.4248006284728
39037,OH,7,3,34081.50242464596,25202.000071578794,980643.3132100546,36.108154034005445,25590.69419014561,32589.168792337874,0.1297438209161542,0.10565848756115709,0.7645976915226887,357.6930354297065,132.52094518071928,1.2201834546997108,0.9472188522124463,0.7852515157171577,943.8727438835324,28.773476620587733,51881,598.102,0.6569168370818982,60.371231050900086,230.7172216611098,18,138.0,385.7489552971062,147.71980253258576
39039,OH,4,2,28221.788725439794,23227.570190546576,924967.7724026521,31.135370568850075,17876.36103723174,28503.821773117874,0.12643686736507198,0.0,0.873563132634928,189.57823078904968,123.82912854242798,1.073701758211644,0.9631241715416877,0.6271566381351376,906.422124093001,32.7749520557095,38286,411.45,0.7371307717034894,75.67230664442842,250.1270040872021,21,138.0,607.9159170912677,112.82983550069146
39041,OH,9,3,188281.5013640513,167087.72065740215,5152491.74201723,209.90588635084376,141411.0506116195,189765.48375015386,0.05591745090337378,0.01632904110253131,0.9277535079940951,326.06773212260873,121.65504380663889,1.2084089114683145,0.911007430095631,0.7451884706167216,896.9805689457954,27.365894709192062,214124,443.147,0.8793105927595753,473.67100838061356,1028.0480492686893,58,765.0,2319.8804217758197,183.1446511648818
39043,OH,4,2,15779.244481875205,13621.810797080638,354861.24325597653,24.50870803110974,6352.232352296625,15589.641130466398,0.20090760004697517,0.0263934370201442,0.7726989629328805,210.20937965131074,110.37103687019643,1.2381419135825897,0.9815297117594485,0.4074649505486458,643.8219616409837,22.489114967677136,75622,251.288,0.2086594441019175,97.5323454805233,465.9928581231665,20,345.0,1854.4174736683267,33.86155862007781
39045,OH,3,1,78127.74070721888,69530.84261491768,2253720.2879381073,90.91748806305766,68841.32123817023,78972.51404844678,0.09635720352409433,0.0,0.9036427964759056,291.9321159790871,145.05292799302688,1.2377044468016338,0.9981872482495567,0.8717124187782419,859.3257729803512,28.84660771625087,158921,504.365,0.49161369930480475,180.2612950205856,865.3238496494535,73,345.0,1715.66990106263,90.28728462629196
39047,OH,3,1,12127.887448089134,10812.095650127882,290526.1476670323,13.690929055394257,7559.56316820178,12249.275523560647,0.1130802019249145,0.0,0.8869197980750856,378.4459412006514,120.03436526596042,1.409521997645446,1.0226998055399645,0.6171436958587041,885.8337808207923,23.955214699226744,28951,406.361,0.4189108303025503,33.69154287787031,138.0935012868322,14,69.0,339.82961279953594,87.82373779413744
39049,OH,9,3,928930.7590542657,825537.1431189929,25477424.787273858,1141.8845006621423,678315.4192667027,939631.2799568787,0.09936829937558941,0.03777850867464073,0.86285319194977,273.5831339146224,136.59750264243192,1.2674743022885047,1.0185148077447181,0.7218953154665432,813.5067587970661,27.42661338204814,1323807,532.417,0.7017116234120727,2144.718332927277,1382.342547508939,139,345.0,2596.353135810726,671.9975166273023
39051,OH,4,2,19581.055548874396,13722.4738307872,642848.3552910206,14.18548326657561,6401.615339934279,19832.035397101496,0.0435763296066586,0.1886726155814716,0.7677510548118697,126.7815699913261,102.07472069224902,1.0296567863169803,0.9458230932974909,0.3227916455246894,1380.3587217230763,32.83011754327893,42713,405.447,0.4584331596674173,34.987269030417316,145.43761472908906,7,345.0,358.7093127562642,134.63542829238918
39053,OH,2,1,9912.173985363044,8658.812110829007,287952.70156797476,13.372330591566824,8116.799382964639,9960.12015604838,0.1393112233915087,0.0,0.8606887766084914,640.0461308500132,297.4743313757051,1.553924052780361,1.2767273191759845,0.8149298658847638,741.2450595271773,29.050408315389166,29220,466.53,0.33922566685020683,28.663388402818306,1025.4560610700555,38,765.0,2198.049559664021,9.66611282693065
39055,OH,2,0,38796.42977914946,34588.60415505323,878737.4172621167,50.14366211183216,13454.313341004305,39625.746117365736,0.0,0.0,1.0,1250.3168633834914,135.7359881916004,1.5827914090010586,1.0795086189764203,0.33953463743381823,773.705552111936,22.649955737277157,95397,400.301,0.4066839604929868,125.26489344726133,481.558796859513,27,345.0,1202.9917408637823,80.564263454765
39057,OH,4,0,90218.23842346088,78761.43366717146,2213106.118052083,91.77531963974309,62725.46005236909,91539.7433408187,0.0,0.024773261361073058,0.975226738638927,367.07398874335956,107.59391917389576,1.2030390075285342,0.8973940291679268,0.6852265230724001,983.0337696191698,24.53058446635081,167966,413.559,0.5371220272165848,221.91590471914063,703.6502801182845,54,345.0,1701.4507727271912,128.21459888894677
39059,OH,4,3,15179.99982144424,10952.38409725567,403669.16789181,15.301187227690415,8860.896006617553,15243.071515790683,0.26069463012951105,0.0,0.7393053698704889,295.1441804729523,191.8596607930859,1.2900228569702847,1.1612436717058061,0.581306464214796,992.079869068796,26.59217211067164,38438,522.254,0.3949216874302576,29.29836291859979,597.7646318049647,32,765.0,1144.5860286469124,25.394610209051457
39061,OH,2,1,131954.11114324388,120688.71813257699,3355643.4440598567,156.29813588324953,134461.02300205058,135006.55392450956,0.041440015789141374,0.0,0.9585599842108586,317.1871793129786,100.81231134554008,1.0870616160259783,0.8353788942418056,0.9959592263738247,844.2462246754499,25.43038193343677,830639,405.407,0.15885855485143832,385.5338854120662,1238.3989614192433,163,345.0,3054.7054229928035,106.55218169112514
39063,OH,5,3,26190.20914701598,21512.517976242416,791752.5552048266,36.52861344147761,21276.260601569298,26309.530017018787,0.15314834745204006,0.011645573286105302,0.8352060792618545,249.3214455923394,145.30724665746675,1.1166664593337903,0.9669329590974914,0.8086902574012675,716.9779162019178,30.230860347865384,74920,531.325,0.3495756693408433,68.75003706107864,451.45017261169056,30,345.0,849.6686069951357,58.01351009681233
39065,OH,6,4,18533.458039713034,14865.179073309202,553631.251994696,20.465049873828278,15456.892331042738,18618.86078574967,0.16810463858179633,0.0,0.8318953614182036,352.4084376088242,128.83094358688723,1.2197130792805422,0.9061731580045963,0.8301739031677485,905.6150927545278,29.871988854340547,30696,470.285,0.6037743692895828,43.51627177951301,208.45022832233232,6,345.0,443.2423494738984,88.91071115093354
39067,OH,4,3,5656.581740549758,4757.089333307644,158806.16127761977,7.031723522778646,4279.749714169381,5680.34643562285,0.25245161415938167,0.0,0.7475483858406184,298.27851331250605,193.0625384631766,1.4463757483916895,1.227895737249883,0.7534311089425846,804.4374501110236,28.07458082665054,14483,402.331,0.3905669916833362,17.47745891511876,1198.6106841171577,42,765.0,2979.165622627035,4.719281928240227
39069,OH,7,3,22512.520050019575,16120.492936036942,713945.069532779,18.946336382680993,12641.456607826549,22712.48934026529,0.09495422606774394,0.11382386803145278,0.7912219059008033,186.15254015409275,121.04212944485612,1.0691936470107999,0.9526736326778057,0.5565861327853415,1188.2255015063736,31.71324524959871,27662,416.01,0.8138428186689167,45.542983059736535,322.4006320823087,13,345.0,774.9828900322317,69.82777888683587
39071,OH,4,2,19314.960911810438,15969.326434663817,468697.72070470476,19.938951996684324,17768.56571429392,19522.569963891023,0.18684345188333001,0.0,0.8131565481166699,414.04874559621214,115.92145498194705,1.3258486464115506,0.9375451919786916,0.9101550537228801,968.7049206509123,24.266045520087598,43317,553.084,0.4458979364178137,36.0504950363495,774.7824301805547,21,345.0,1400.8404332444163,24.92952880631185
39073,OH,2,1,9518.437785563938,8374.141804567142,287751.5680592138,11.533008787527946,7794.702469590897,9564.464140379945,0.13959676491191364,0.0,0.8604032350880864,278.84773754187023,164.13476814714204,1.3241790999924719,1.08801975161378,0.8149648903677373,825.3212982771148,30.23096589396528,28050,421.349,0.3393382454746502,27.37162966454874,482.7550083668946,14,765.0,1145.7366894590816,19.716911519496676
39075,OH,4,2,21810.197529506324,18469.03265995102,602063.2595404685,24.8209310183803,12107.326758881301,22018.74331800283,0.08108102526219672,0.0,0.9189189747378033,254.63906908097368,144.0923452311197,1.198256714979996,1.0278006883267243,0.5498645669293116,878.7018308602333,27.604667895646344,44223,422.612,0.4931867473827267,58.73219647899325,349.71367075016843,20,138.0,827.5053021451554,62.36587057841181
39077,OH,8,3,31609.699086175926,25340.72030665152,878288.5538497011,36.78974227647558,19104.704125721702,29953.08649348003,0.09922865874180475,0.0611056593508319,0.8396656819073633,247.4918080584205,140.22793920390893,1.1826528002615455,1.003807437901457,0.6378208846651003,859.1987094834333,27.785413314288988,58565,492.243,0.5397370287061543,74.73898516886086,45.860241127280545,4,69.0,93.16585736573307,689.2615108247326
39079,OH,3,1,15272.735699659805,9676.11881775837,474951.69487676525,14.943419261000393,9070.426086651072,15326.314971096777,0.1010371443498743,0.27473794364774246,0.6242249120023832,640.0461308500131,297.4743313757051,1.553924052780361,1.2767273191759843,0.5918204150023401,1022.0375559908747,31.098010481995352,32653,420.31,0.46772840779284613,35.553327927007196,636.8975126403608,23,345.0,1515.3042103218118,23.979895346653546
39081,OH,3,2,23290.88125525648,19479.656991308428,684012.3452091183,26.827710886895225,19281.184084777873,23397.946268639356,0.18205748304465924,0.0,0.8179425169553407,278.8477375418703,164.13476814714204,1.3241790999924719,1.08801975161378,0.824054550061975,868.1650608749325,29.3682466417944,65249,408.124,0.35695384228503857,65.73421530440558,1756.8537918740572,74,765.0,4304.705902799289,13.257153989127243
39083,OH,6,4,32335.442548189734,27472.80688451608,879567.2405638301,38.465872681875126,18573.580925353857,32631.22077219737,0.12093137034522865,0.0,0.8790686296547714,256.1797619714552,142.22222469291572,1.2104000672577278,1.0262907475280263,0.5691966308897344,840.6267762495348,27.201336095926475,62721,525.499,0.5155441167741225,73.19875524382563,536.8505611758465,20,345.0,1021.6014895857963,60.23173837681469
39085,OH,2,0,69707.10984132471,61725.64217718908,1507917.7060185028,96.8997877360704,32055.140205519638,71013.96849471249,0.0,0.18095715098091755,0.8190428490190823,1633.9819304891887,132.28140807418566,1.7337796549331903,1.0048828379585066,0.4513920413827651,719.3731944097607,21.632193752559782,232603,229.27,0.2996827635126147,422.64486298281673,418.2687192402626,31,345.0,1824.3499770587632,166.6562825160335
39087,OH,2,1,19756.50283735605,17258.35788277486,573934.4743093378,26.653132568543867,16178.042301980171,19852.067005073848,0.13931122339150867,0.0,0.8606887766084912,640.0461308500132,297.474331375705,1.5539240527803608,1.276727319175984,0.8149298658847636,741.2450595271774,29.050408315389166,58240,453.393,0.3392256668502069,58.78593751677655,510.14905063077543,41,765.0,1125.1806945205935,38.72692267667274
39089,OH,7,5,100790.60887730133,87084.62206513504,2728032.082255914,124.6896281359191,81320.89125395511,101739.55893489388,0.21316232949335084,0.0,0.7868376705066492,304.242994725275,164.1846994012429,1.3356839624620136,1.0988034010315384,0.7993045390141187,808.3319389438999,27.066331999015073,178519,682.427,0.5645931742688528,182.71496897971372,1233.9700442430026,71,765.0,1808.208122250442,81.67994786221317
39091,OH,7,4,28515.689999686638,22198.680177570626,843768.7343207833,28.598656591314736,22970.357365091655,27724.54657506051,0.154742949093022,0.03236814539680236,0.8128889055101757,356.6300856631245,131.46131275194944,1.2316519719338648,0.9207175890312261,0.8285205784304706,997.0989339529573,29.5896306324713,46150,458.506,0.6178914409466227,62.373571101173674,414.2609008871361,14,765.0,903.5015918813192,68.8350986989613
39093,OH,8,2,152317.82411283997,119440.40290958743,3379749.778277724,182.91423942796177,55529.51827031882,144492.78310486476,0.07482633872625066,0.08956929420087438,0.835604367072875,1196.5498288566469,136.8092631277333,1.5827914090010584,1.07950861897642,0.38430651744051886,832.7280838779543,22.18880027969636,312964,490.536,0.48669439332587766,372.88647403648616,756.634137638889,75,345.0,1542.4640345232335,201.30974342256698
39095,OH,2,1,154676.5467778626,133894.48829823956,5526959.224718775,116.2153484694957,64637.98520805179,157145.88281848305,0.018635622088828754,0.0,0.9813643779111713,121.04,95.4,1.027,0.94,0.4113247133729504,1330.9476658193923,35.73236757513258,431279,339.663,0.3586461357447559,342.1489784565752,653.5496974296555,82,345.0,1924.1121271073253,236.67143812657207
39097,OH,5,2,25687.81188712797,23071.8241745097,637217.7133791441,29.73721829526873,18904.563503153964,26032.6056638345,0.10635821796883559,0.0,0.8936417820311645,357.1204610179318,114.81432695638878,1.310749817631547,0.9650233971932293,0.7261879101644025,863.8269939059825,24.806227800914822,43824,465.814,0.5861585406883892,63.83925406979766,559.6674554436007,21,765.0,1201.482685027931,45.898348451881
39099,OH,2,0,39754.58308838644,32868.962267974566,887722.0581529366,39.671448956731815,9636.867581693577,37562.61631106472,0.0,0.07282012905738994,0.92717987094261,233.75,113.96000000000001,1.278,1.027,0.25655474852679183,1002.095565799608,22.33005578700857,228614,411.488,0.17389391327034406,96.40973480813976,1189.3450107696915,49,345.0,2890.3516281633765,33.42561050696217
39101,OH,6,3,33173.03579278005,28285.313671489886,953336.0382032688,36.46045493124346,21199.449417884185,33312.75351154741,0.10181460906046128,0.005273104559999434,0.8929122863795393,260.39365322150957,136.78274625397611,1.2341467311163652,0.9737556898001372,0.6363763779099103,909.8360362024343,28.738281421043705,65359,403.806,0.5075511527529498,90.29200886376988,280.6750825243807,27,138.0,695.0740764733083,118.19017026528707
39103,OH,6,1,85675.15316857635,72712.739695848,1937079.0932329462,110.93705604250763,33065.18246228216,87273.42267636298,0.04486631266113099,0.08898265606912939,0.8661510312697396,1147.693960165227,133.26830729051582,1.529263753179641,1.0485662599319494,0.37886886349007015,772.28616140443,22.609578408590714,182470,421.458,0.46953007710076367,263.2220910328138,88.97770940526104,7,345.0,211.11880520778115,962.8833304570389
39105,OH,2,1,7534.202060743095,6581.52693297441,218871.6461952334,10.164252650195044,6169.545321548414,7570.645744895091,0.13931122339150867,0.0,0.8606887766084914,640.0461308500131,297.47433137570505,1.5539240527803608,1.2767273191759845,0.8149298658847637,741.2450595271773,29.050408315389166,22210,430.102,0.3392256668502069,23.632191085358922,1730.117434634033,61,765.0,4022.574725609352,4.3547344879145635
39107,OH,6,3,16947.38322384563,13426.251843567632,457050.47978492023,22.52513900294054,10900.548308611671,16973.234373116797,0.21387961121734098,0.258367112946802,0.527753275835857,454.87794652047745,103.44374426133344,1.3227002384680946,0.8974502724234679,0.6422198662310702,752.3764102691325,26.96879357409186,42528,462.447,0.3984994174154823,48.708584990151394,204.8670615930093,4,765.0,443.0065750086157,82.72380680459726
39109,OH,5,1,58320.51780829978,47243.63945989071,1505790.3010113756,61.793001445733054,41156.73861532978,58776.594162185254,0.027924858965436557,0.2791127481670512,0.6929623928675123,303.57746740452865,91.85052713880653,1.197909246727764,0.9403029236873301,0.7002232640728364,943.8045805157591,25.81922036359358,108774,406.521,0.5361622980519222,152.00445105107252,579.0731264358615,39,345.0,1424.4605480057892,100.71356301276985
39111,OH,4,2,6760.504330485414,3996.0031391847124,167009.68730167137,5.503362660287399,3719.5041909259944,6782.467352204211,0.19739893311077436,0.22453946122847987,0.5780616056607458,278.84773754187023,164.134768147142,1.3241790999924716,1.08801975161378,0.5483998665643713,1228.4315513621566,24.703732020193797,13385,455.723,0.5050806373168034,12.076113473068945,557.3591174195941,18,765.0,1223.0216983114613,12.12953034981203
39113,OH,4,2,206401.9783219538,185633.8405360676,5370592.285845743,239.00654603105448,187221.39690951142,208977.18464197518,0.056113258789880695,0.0,0.9438867412101193,411.2695504701568,103.58330433951572,1.1880927498706155,0.862698361790226,0.8958939571813243,863.5829509671073,26.020062062915333,537309,461.351,0.3841401843668239,518.0579342649187,768.8100477336143,99,345.0,1666.431952534219,268.4694079251553
39115,OH,3,2,5215.951516793972,3932.691745416587,142062.26395086315,5.494224104182921,3181.6974526077183,5238.598780579016,0.2274202479889494,0.0,0.7725797520110506,295.1441804729523,191.85966079308585,1.2900228569702843,1.1612436717058061,0.6073565825279806,949.3517952467407,27.236116649754237,13802,416.426,0.3779127312559029,13.193758564986148,709.7818290078335,34,345.0,1704.460886226685,7.3486687086439995
39117,OH,5,2,17744.813155562897,14223.542780619842,488023.7983958415,18.1227238707389,10399.110597609273,16873.130297996082,0.048973225145611775,0.05841139270291343,0.8926153821514748,260.44545650388795,141.28006223197534,1.1836071482072303,1.0023197474545749,0.6163118765724408,979.1471349521481,27.502335139710887,34950,406.134,0.5077199758387095,44.62252328231297,167.1558647858244,9,345.0,411.57811162282496,106.15728726179722
39119,OH,6,4,47980.91689290594,41445.97308630643,1302487.4634590647,58.515310250944665,38556.831502368535,48440.2448886743,0.19995165788770564,0.0,0.8000483421122944,303.3811972111086,165.52154798584746,1.3375144218241508,1.1017270969129247,0.7959668988251424,819.9720156509183,27.14594776015295,86410,664.546,0.5552704188508961,88.05306216717076,1474.6407382586665,62,765.0,2219.0198094017064,32.53736021803137
39121,OH,4,3,6002.873109532214,4636.215973184933,159313.23319814436,6.853053754334088,3922.3609753395904,6026.0339650840115,0.31347467257379874,0.0,0.6865253274262012,298.2785133125061,193.06253846317662,1.4463757483916893,1.2278957372498829,0.650902566773851,875.94134304518,26.539497052697016,14115,398.012,0.4252832525350488,17.218208883988645,459.555818373579,32,345.0,1154.6280473291731,13.062337303827583
39123,OH,6,1,25222.340227590033,19032.518832057613,728531.9638697669,21.58405825352689,8320.038401110694,24639.54035690801,0.033375122040739995,0.14534733759517932,0.8212775403640807,153.47967861104033,98.64424453072121,1.0989897168379612,0.9541597285882104,0.3376701951657172,1168.563387446781,28.884392062590827,40364,254.704,0.624872168952285,84.74173257399526,279.58594449353706,12,345.0,1097.6896495286178,90.21319105751067
39125,OH,3,2,7243.473729770968,5570.838249185618,215351.37725530285,10.226034749455554,6087.970144120577,7274.331898350997,0.2419735024849376,0.0,0.7580264975150623,272.2,158.1,1.13,0.9909999999999999,0.8369112420483105,708.336506499415,29.730400811726568,18806,416.435,0.38516822980809146,24.55613661064885,282.93186925016784,25,138.0,679.4142405181309,25.60147695262389
39127,OH,4,3,13666.992601232865,12062.384862601273,387417.5853992406,18.279336382208687,10300.699674177546,13725.09246473822,0.24357951453183288,0.0,0.7564204854681672,296.39489221646215,190.37236210130493,1.4529143723774485,1.221550563212029,0.7505012953932046,747.67444044276,28.346952157147772,35408,407.934,0.38598600884638684,44.809543657083466,656.059376824787,40,345.0,1608.2488265866218,20.831944613578614
39129,OH,3,1,23998.376120611298,21581.09749425826,602359.9827957229,26.945686703462925,21908.563149550984,24278.94094042212,0.11555044104747914,0.0,0.8844495589525209,414.04874559621214,115.92145498194706,1.3258486464115506,0.9375451919786914,0.9023689790799448,890.6203202283632,25.10003092577496,58539,501.228,0.4099553480690018,53.75934046673954,760.2316695773096,55,765.0,1516.738230061588,31.567188109848733
39131,OH,6,3,15571.567870591756,12970.559093038548,519338.12253061903,19.124606053693118,13987.702606859528,15715.559037694791,0.22713889144794902,0.0,0.772861108552051,521.7648631247888,233.93481479871934,1.495123873111092,1.177425453229047,0.8900544087110813,814.2163988567366,33.351691162161885,27088,440.282,0.5748511470242084,43.43717447838685,1287.3616721617188,33,765.0,2923.9479973328885,12.095721200433292
39133,OH,2,0,65797.80465212083,58661.43437267647,1490317.3629805455,85.04243568178703,22818.1893534852,67204.30506278729,0.0,0.0,1.0,1250.3168633834912,135.73598819160037,1.5827914090010584,1.07950861897642,0.3395346374338183,773.705552111936,22.649955737277153,161791,487.405,0.40668396049298683,174.48002314663788,836.5322438802594,30,345.0,1716.2980352689435,78.6554315550556
39135,OH,5,2,16998.089486886398,13589.502214123713,430139.21721783665,16.40348371029087,15234.890587698254,16894.669147472552,0.10921663724392808,0.01623711889579868,0.8745462438602732,422.80265924130106,103.98413918198568,1.1855819921320174,0.8551020134367706,0.9017572616967997,1036.248749783712,25.305150767071694,40999,424.226,0.41459766059870723,38.666851419504866,484.3224443234952,29,345.0,1141.6613887962906,35.09663796529075
39137,OH,6,4,25717.371667605905,22549.143585921065,846280.5831033215,35.1598925244492,16408.16073233356,25971.09887713879,0.13739079234752782,0.0,0.8626092076524723,190.97710152861387,119.56720932002088,1.1011831944687915,0.9551812120522842,0.6317853861307708,731.4405654034002,32.906962423742264,34451,482.544,0.7464912968449654,72.86359901780811,481.9301560148659,27,345.0,998.727900491698,53.36327545938548
39139,OH,11,4,74018.581788044,54223.308925849444,1916326.3029969505,77.63249354430769,40916.39242402145,69374.88211154056,0.09257909253680222,0.1424666696168019,0.7649542378463958,253.1771386743584,137.771274563974,1.1961165146592263,1.003352533321494,0.5897868389633627,953.4484647952072,25.8898003272266,124936,495.227,0.5924519897230902,156.7614317157742,602.6853738137787,43,345.0,1216.9881161846563,122.81463099005734
39141,OH,4,2,35247.94422176255,31606.12863520637,838767.3314176966,45.810854693821696,32495.76274654171,35617.43436771099,0.20696787659883,0.0,0.79303212340117,672.3075747827693,223.6887110178675,1.620132557502953,1.1550633758430877,0.9123555169936881,769.4234141088025,23.796205706085704,77093,689.166,0.4572132907237045,66.47288852587286,821.6479542146386,43,765.0,1192.235186028676,42.89908353201443
39143,OH,7,2,53842.528082547666,46439.95621237984,1781216.0511046879,58.80657193866119,26726.3816516077,53401.07161337756,0.04156108563511848,0.07770808966446335,0.8807308247004182,192.79471672373785,118.47991967587413,1.1099507606421624,0.9671814680735694,0.5004839948738491,915.5869200930242,33.081954256937,58896,408.246,0.9141966870848218,144.0469029424935,435.59783165943423,35,345.0,1066.9984069885174,123.6060516587779
39145,OH,5,3,42540.8515566581,35437.283570496045,1132450.0521354862,52.250954105940636,38216.25422801461,42934.25447658431,0.2271534791555609,0.0,0.772846520844439,521.7648631247888,233.93481479871937,1.495123873111092,1.1774254532290465,0.8901110475519535,814.1641101979694,26.620295802664664,74008,610.145,0.5748142303083194,85.63694548990918,1070.5680894015925,59,765.0,1754.6125747184562,39.73670799438534
39147,OH,7,3,47591.15971859393,40826.71836219006,1479748.7822202034,51.24529866357873,25833.93469362654,48154.84547712125,0.06172863814441143,0.0065978640120702885,0.9316734978435184,192.79471672373788,118.47991967587413,1.1099507606421624,0.9671814680735695,0.5364763283458245,928.6931866867646,31.092933876164054,55069,551.026,0.8642096228112719,92.99978342869254,356.9553627379648,21,345.0,647.8013065408253,133.32524087480888
39149,OH,6,3,15818.487778360119,11128.878301824414,490335.0348350325,17.95422176332318,13170.650886457574,15851.051815034807,0.25861849280894794,0.1001557971252365,0.6412257100658155,454.87794652047745,103.44374426133342,1.3227002384680944,0.8974502724234679,0.8309007528424796,881.0455828653108,30.997592292343942,48230,407.694,0.32798025665270825,44.0384743541067,386.62089803907617,15,765.0,948.3114738972764,40.914725144426434
39151,OH,7,2,192158.7014975985,161364.48258689986,5396466.67803245,218.77796396914647,110190.1222003157,193250.5750722323,0.0791900411808411,0.03673405660836209,0.8840759022107969,254.63906908097366,144.0923452311197,1.198256714979996,1.0278006883267243,0.5701929847252943,878.3274970266109,28.083384389959008,374853,575.265,0.5126241526614392,380.30814314993347,1654.350751497178,88,765.0,2875.8063701027836,116.15354320944091
39153,OH,6,0,421685.3299647625,367220.17575752735,10749034.561697917,508.7210463811366,211127.47388588433,427270.2129049432,0.0,0.10461449374019473,0.8953855062598053,772.4842495575567,136.30266664097368,1.3276577743296747,0.9912317625494563,0.4941310381794737,828.912687934742,25.490653332891956,540428,412.793,0.7802803147963512,1232.3877739717886,998.263764884368,72,345.0,2418.31563249466,422.4187482289389
39155,OH,5,0,101776.80628849201,85113.88885840421,2186489.6266586008,145.16546057382857,31097.820787614146,99374.65632616518,0.0,0.1929319725787098,0.8070680274212902,1250.3168633834912,135.73598819160037,1.5827914090010586,1.0795086189764203,0.31293512790168154,701.1089682502687,21.483181742418548,201977,618.101,0.5039029507740584,234.85718446310324,736.4684057836871,54,345.0,1191.5017218604842,138.1957535302411
39157,OH,8,4,57834.97274833289,47608.94281534148,1527870.9136140256,72.28021786316621,32350.330152801347,58060.629651681855,0.14709362039608995,0.12209136157534539,0.7308150180285647,250.0654642136018,146.4581895932007,1.2369554752412828,1.001895154532343,0.5571818691405502,800.1493971396206,26.417768367636466,93263,567.389,0.6201277328451035,127.39093966073753,931.1195494545292,50,138.0,1641.0602769079578,62.11336963359208
39159,OH,7,4,45842.140169144615,39739.778115204885,1287555.392251944,51.13783791718087,32077.603383724305,46214.57729908645,0.09127959113796215,0.0,0.9087204088620379,328.8716349731042,126.9326402158738,1.2420874377689974,0.9448180665217853,0.6941014125505893,896.4426740799488,28.086720809744623,62784,431.759,0.7301564119703207,118.44069936511079,969.4663668137288,32,765.0,2245.3877436572925,47.28595208497071
39161,OH,5,2,17108.8474705846,14839.98057674711,484326.7299617608,25.207589680807473,13806.470773320296,16783.784462436244,0.12686236033836037,0.02378886133035898,0.8493487783312806,364.16596039166285,133.60973481702334,1.2193472065001316,0.9443362060533285,0.8226077261788324,678.7181038419915,28.30855385171142,28931,409.15,0.5913673039502471,61.60965338092991,257.2658922244108,16,345.0,628.7813570192125,66.50258735293484
39163,OH,2,2,1211.2443383532627,1085.9009901069312,20274.91837697516,2.83349101592141,1211.1305166065658,1211.2443383532627,1.0,0.0,0.0,1614.6996597060536,679.3721002435967,3.346017315298966,2.363193389555325,0.9999060290784503,427.47421168702164,16.73891694267051,12800,412.36,0.09462846393384865,6.871401241442938,367.681234157378,11,765.0,891.6510674104618,3.2942783743888753
39165,OH,3,0,97691.7191697733,87499.97350434799,2590140.911404825,110.35825237060617,89042.56462345057,98853.18822012426,0.0,0.10056123572692366,0.8994387642730763,426.35929225468635,104.76310802347535,1.1697060324797925,0.8397620201792795,0.9007556177669496,885.2235068176326,26.513413147163014,242337,401.427,0.40312341561450915,274.9148721202265,731.8698759619399,91,345.0,1823.170529042491,133.48236124812667
39167,OH,2,1,20579.13030721092,15242.772309867221,586412.0339163753,19.34893500661146,13778.672543096356,20677.20664424149,0.15199512407117682,0.0,0.8480048759288232,272.2,158.1,1.13,0.991,0.6663701137277968,1063.5794838413126,28.495472119679263,59771,631.974,0.3442995818576052,30.61666303773804,1393.146469733313,87,765.0,2204.436368795731,14.771691817264795
39169,OH,6,2,60321.9062720005,52548.6775032657,1691467.0588032398,75.1000718693953,34465.615984742035,60367.15226165545,0.08535242975518569,0.03642260246176472,0.8782249677830496,250.5689936584172,144.66159847366814,1.198256714979996,1.0278006883267243,0.5709332756886433,803.2203534625754,28.040676486186655,116894,554.789,0.516039371327874,135.3669086254329,688.4939998143459,22,345.0,1241.001533581859,87.61428028169665
39171,OH,7,2,25561.137765404415,11919.818885816185,793643.7679250025,12.322005013847967,12948.109151956372,21405.14760617706,0.09149137090315904,0.3976348820339449,0.510873747062896,126.7815699913261,102.07472069224902,1.02965678631698,0.9458230932974908,0.6049063239451724,2074.430073407516,31.04884356905096,37102,420.66,0.6889423148456799,29.29207676947646,70.13367122912643,7,138.0,166.72293830914856,364.4631361432125
39173,OH,14,3,109512.27433108883,92099.2660910616,3606701.7303001713,132.11636433295266,70777.78510138502,108548.29843261496,0.0539542769490534,0.16842978593206548,0.7776159371188812,160.17371070218366,103.72497055938398,0.9362235692266142,0.8259922960839393,0.6520395632486374,828.9077199785926,32.93422360489033,132248,617.162,0.8280826502562522,214.0708020470357,571.027124132717,42,345.0,925.2467328395412,191.78121266554095
39175,OH,8,3,13740.50955958754,9437.033843413144,423123.53114655573,14.478057614168886,9102.462454350276,13159.14432669566,0.08532863317960503,0.19235094510420303,0.7223204217161919,244.21022589003212,135.01772897726138,1.1715377741554702,0.9873624215524648,0.6917214545541777,949.0575273122585,30.793874805852322,21900,406.879,0.6274205278350474,35.5832019203962,152.98924021482858,12,345.0,376.00672488584706,89.81356819795312
42001,PA,2,1,25836.232234072435,22575.36724242896,600837.0236226108,39.523863548140106,26266.735933652162,26274.446447674483,0.14227227323089583,0.0,0.8577277267691041,402.64,220.50999999999996,1.851,1.485,0.9997065394303292,653.6869100006854,23.255597727219527,103852,518.69,0.2487793420836617,76.19939375762036,488.5378496874948,29,500.0,941.868649265447,52.884811792165564
42003,PA,5,1,722455.998115347,635893.3236540798,15757622.946035758,871.2328722966877,725609.1026846583,728029.8150339675,0.025839709267008123,0.005691696118139889,0.9684685946148519,402.64,220.51,1.851,1.485,0.9966749818492031,829.2340900898921,21.81118709948049,1250578,729.954,0.5776976710891659,1193.5448977561432,1414.6854662621877,155,345.0,1938.047419785613,510.68312734150345
42005,PA,4,3,18516.73122627168,14539.398796955198,396619.67307703965,27.421775614626398,18788.49259376627,18793.35996154229,0.2445162325768873,0.0,0.7554837674231129,402.64,220.51,1.851,1.485,0.9997410059837102,675.2564635674107,21.419529625958635,65558,653.321,0.28244807996387444,41.97289787811259,798.1396354586495,38,500.0,1221.6653612215885,23.199864288948728
42007,PA,3,0,96768.62070108374,83216.54161233832,2115752.4894464407,112.77612062185916,94840.1783544877,97518.35371491074,0.0,0.027440169825398007,0.9725598301746019,402.64,220.51,1.8510000000000002,1.485,0.9725367045443308,858.0594913842716,21.864034788528777,168215,434.695,0.5752674892315414,259.4373540571186,1040.0703184780054,52,500.0,2392.643850235235,93.0404598438025
42009,PA,5,4,18043.61646374515,14236.334575793964,393924.3035927633,30.71678270831429,17441.007349957814,18243.054501211693,0.4373514151395548,0.0,0.5626485848604451,402.64,220.51000000000002,1.8509999999999998,1.485,0.9560354790805121,587.4188268702106,21.831782136595027,47577,1012.241,0.3792508242164313,30.345325577915034,333.13841430086916,10,500.0,329.10978146594454,54.16252130998414
42011,PA,3,0,189339.16628696732,162098.63887211253,4616879.098984649,216.54616730059126,192159.31064861116,192191.15063462936,0.0,0.013298886064511631,0.9867011139354883,429.4037130606929,154.0802806398624,1.543365250179226,1.0646168592830554,0.9998343316749337,874.3593509283521,24.384173594528185,428849,856.403,0.4415054396465127,252.85545158131308,851.2752441784147,48,500.0,994.0124499545362,222.41826904023608
42013,PA,3,2,33904.885582178686,29191.109988329627,748295.3172544334,59.37587911989928,34414.026719468115,34423.14566521061,0.2270032888859841,0.0,0.772996711114016,402.64,220.51,1.851,1.485,0.9997350926080032,571.0211972392636,22.0704274444671,122822,525.276,0.27604896176726224,113.03748718749627,574.5819158444006,16,500.0,1093.86668312354,59.007923234674664
42015,PA,5,3,33308.56727220337,27357.249624590324,722177.6445879813,42.66331946239825,31947.82149330463,33639.7358600207,0.21570752611543204,0.0,0.7842924738845678,429.4037130606929,154.0802806398624,1.5433652501792259,1.0646168592830554,0.9497048855033717,780.7307938511492,21.681438252393768,59967,1147.474,0.5554482844264907,37.18020579324521,339.6302546951876,24,345.0,295.98078448416925,98.07302739297253
42017,PA,5,0,526630.4929758832,456800.34077056043,11934283.157210555,626.8762103196754,541055.629978921,545544.3919728213,0.0,0.01704990523670871,0.9829500947632914,330.2892338614809,111.18902599081015,1.2819676992249107,0.8847108036760394,0.9917719583228272,840.0869012198248,22.661587804709743,646538,604.367,0.8145391190864004,1037.2442742897535,684.9708415519842,76,500.0,1133.3690316512718,768.8363664979684
42019,PA,3,1,46498.51094941263,38388.76092807992,1070114.0282138193,65.71861458465852,45041.72791530319,45056.11389081168,0.0622042480035978,0.04860370695437395,0.8891920450420282,402.64,220.51,1.851,1.485,0.9996807098023733,707.5394276535362,23.013941873924395,193763,789.486,0.23997621294784158,83.24227989433444,500.9475208115429,43,500.0,634.5236277926941,92.82112200911645
42021,PA,5,2,36669.501528054054,27762.587913266765,791965.6722424036,52.32729161393642,36259.79072605029,36562.700383327836,0.19704622574622374,0.02626160596328956,0.7766921682904866,402.64,220.51,1.851,1.485,0.9917153368295611,700.7720139348431,21.59739399883877,133472,687.51,0.27473553650244287,76.11131709202255,1484.319500120352,44,500.0,2158.9787786655493,24.7045878768559
42023,PA,2,1,1253.5139720042935,1101.8401314088524,26772.751133575017,2.1034603320884333,1152.586514011151,1272.7005069699035,0.2259668884312669,0.0,0.7740331115687332,402.64,220.51,1.851,1.485,0.9056227350417855,595.9294562782339,21.35815932770737,4547,396.233,0.2756793428643707,5.308644994456377,26.8084453932849,1,,67.65828538583334,46.75817465783672
42025,PA,3,0,18626.398529733473,12537.94361228859,421155.46613429015,12.432648272869418,14547.785214134066,14547.785214134066,0.0,0.22741916496836673,0.7725808350316332,455.1,90.3,1.248,0.6610000000000001,1.0,1498.1843064264986,22.610676211077315,64749,381.324,0.28767082935232163,32.603896615134154,451.3289434171239,33,500.0,1183.58389038488,41.27011750832634
42027,PA,4,2,79215.0623563668,64479.18045741426,1800463.4954150913,94.32282223841224,80255.21372426071,80266.95723833784,0.1301517082519919,0.0,0.869848291748008,429.40371306069284,154.08028063986237,1.5433652501792259,1.0646168592830552,0.9998536942911358,839.8292213536745,22.72880234967563,158172,1108.708,0.500815962094219,85.07453922801336,179.81409986997028,8,230.0,162.18346027084704,440.53865861270015
42029,PA,3,0,427878.4654818753,377580.34409766714,9750012.523907898,518.1610302651486,443430.61216343835,443512.2464887932,0.0,0.0,1.0,330.2892338614809,111.18902599081014,1.2819676992249105,0.8847108036760394,0.9998159367052407,825.7634991634266,22.786873634613666,534413,750.546,0.8006513042943852,690.378777936527,662.648336925865,56,500.0,882.8883731654888,645.7097100203617
42031,PA,3,2,9557.503987949081,7378.270597186379,209308.2844295858,12.631033405486436,9711.881258257295,9714.646224292666,0.16854143677097058,0.0,0.8314585632290294,402.64,220.51,1.851,1.485,0.9997153817059795,756.6684119288029,21.89988983457392,37241,600.835,0.25663929507663813,21.022466077186643,391.9034232939187,17,345.0,652.2646372030902,24.387396026344913
42033,PA,3,2,21551.989751431687,16757.144625603847,473161.5199232237,31.584087051980532,21885.94806755022,21891.929410525478,0.20236053847004315,0.0,0.7976394615299569,402.64,220.51,1.851,1.485,0.9997267786286401,682.3686154347854,21.954423947876638,80562,1145.325,0.2675205400987027,27.576528105106,673.2233671923092,19,345.0,587.8011631565793,32.013133830031286
42035,PA,3,2,11716.988560299871,9422.999019137644,240114.91059191016,12.79601298350141,10821.516672938558,11808.019021477687,0.2896447865413433,0.0,0.7103552134586567,455.1,90.3,1.248,0.661,0.9164548814881842,915.6749508934711,20.49288597972011,37450,887.984,0.31287018852603127,14.410184173928142,514.762949283505,27,345.0,579.6984509670276,22.76191123818967
42037,PA,2,0,15237.509052403257,12533.683550210872,363319.06924391416,12.428423987366891,14542.842260965512,14542.842260965512,0.0,0.05591465094917353,0.9440853490508264,455.1,90.3,1.248,0.661,1.0,1226.0210198728105,23.843731150178485,64727,483.212,0.23541194636555465,25.72043738021177,518.0175629556966,30,500.0,1072.0295914747494,29.415043315252312
42039,PA,3,2,22499.73389940163,18227.14321475191,483661.69304193783,32.3220497426172,22847.686943496337,22853.918938315943,0.20394147165283563,0.0,0.7960585283471643,402.64,220.51,1.8509999999999998,1.485,0.9997273117649351,696.110985490358,21.496329476803304,83938,1012.355,0.2680518227668235,31.927584436899313,395.0505468964524,16,345.0,390.2292643355862,56.95406341330566
42041,PA,3,1,122217.24499263914,106646.7856796945,2921127.489256094,148.56980092261762,123923.53330710734,123942.7976386836,0.07514283463763795,0.0,0.9248571653623621,429.4037130606929,154.0802806398624,1.543365250179226,1.0646168592830552,0.9998445707863364,822.625084193899,23.901107322718875,259469,545.48,0.4710283116389208,272.3652579794266,308.8784937925942,26,500.0,566.250813581789,395.68065582029675
42043,PA,4,0,129542.98720238061,108255.38189808509,3127613.3162099067,144.61742678904844,130880.38244247483,130901.64634616958,0.0,0.03687579006138754,0.9631242099386125,429.40371306069284,154.0802806398624,1.543365250179226,1.0646168592830552,0.9998375581645588,895.7633258911686,24.143439824525142,286401,524.87,0.45231332014336756,275.5299917866299,586.5630263408509,94,500.0,1117.539631415114,220.85092545042784
42045,PA,1,0,210552.98406548283,189516.05954260167,4369719.58584631,268.0193104433799,223546.24433824807,223591.53121068486,0.0,0.0,1.0,211.99999999999997,60.0,0.97,0.6699999999999999,0.9997974571210655,785.5888581952119,20.753539092503715,576830,183.815,0.36501739518659365,1458.0927043134666,259.39713389655645,56,230.0,1411.1858874224436,811.701274037392
42047,PA,2,1,7490.647294003344,5712.887607062417,168701.08810601028,9.697836294006141,7619.111932623455,7621.41279182262,0.11719254462469832,0.0,0.8828074553753017,402.64,220.51,1.8510000000000002,1.4850000000000003,0.9996981059467565,772.4039741352434,22.521563422304553,30990,826.901,0.2417117552114664,11.727929091881787,686.449451564836,21,345.0,830.1470811679221,10.912161524679787
42049,PA,4,2,74254.80554378609,58820.744423731085,1587958.806886368,104.30636357884603,73731.68348669868,73751.79473343742,0.19942071828364633,0.022166915500565113,0.7784123662157886,402.64,220.51,1.8510000000000002,1.485,0.9997273117649349,711.8914224984584,21.385266519215254,270876,798.913,0.27412840393311366,130.56035335367685,393.7624832112735,24,345.0,492.87279492419515,188.57765457544778
42051,PA,2,1,30443.92481073135,26367.116929055577,710878.1668028713,47.75654022278081,28816.277578227036,30987.639397385556,0.09719808056955544,0.0,0.9028019194304445,402.64,220.51,1.851,1.485,0.9299281306551631,637.4817913674785,23.35041132910333,128804,790.758,0.236358535532525,60.393369681724124,587.9989342436833,51,500.0,743.5889794901641,51.77547617478255
42053,PA,4,3,1924.0012709556916,1381.5064277055026,40010.25632401639,2.3650330532600337,1952.9068509846695,1953.4245628657857,0.22664646538371483,0.0,0.7733535346162852,402.64000000000004,220.51,1.851,1.4850000000000003,0.9997349721658273,813.5198230331663,20.795337782777274,6973,427.259,0.27592159342545414,5.53536157988488,0.0,0,,0.0,
42055,PA,5,2,56976.57123674026,48436.555287723444,1309163.749710761,105.5939952631949,45904.96517121303,57634.54237600955,0.19773093743433393,0.21828270339967804,0.5839863591659881,302.4713291675959,167.77689863900972,1.5017379417934116,1.2310622619303329,0.7964835544581512,539.5815462302108,22.977229434728983,155932,772.299,0.365393705183928,136.72683152923273,416.3438161933415,42,500.0,539.096666178956,136.84980782873333
42057,PA,4,3,5185.971334209602,4059.1752990485925,115822.14634196216,8.555839504260607,5245.883868056578,5246.96458139969,0.4010705073440104,0.0,0.5989294926559896,402.64,220.50999999999996,1.8509999999999998,1.485,0.9997940307531437,606.1323767968192,22.333742104961846,14556,437.551,0.3562772282364387,19.553925152177936,84.7416625038868,3,138.0,193.6726518826075,61.197422625166695
42059,PA,1,0,7672.042116671752,6627.98196270804,186829.6178658121,11.251242533549428,7821.084311474833,7823.753723919068,0.0,0.0,1.0,402.64,220.51,1.851,1.485,0.9996588066881408,681.8839869281046,24.352006287846294,35954,575.932,0.21338493955253246,19.535713475808652,586.6875788031946,33,500.0,1018.6750845641404,13.07687838273691
42061,PA,3,2,12608.407935007286,9436.266491345155,275929.2395932341,17.827177794249167,12791.185051691307,12794.45867169162,0.2537861399116584,0.0,0.7462138600883416,402.64,220.51,1.851,1.485,0.9997441376705092,707.2576534842552,21.884542522384262,44092,874.652,0.2859568160892517,20.382023701139616,833.926180852199,19,500.0,953.4376881916452,15.11933337087775
42063,PA,3,2,22270.014881056606,17315.424908803383,488925.34802423825,32.636341087971644,22615.09933754482,22621.279954675952,0.20236053847004312,0.0,0.7976394615299569,402.64,220.51,1.8509999999999998,1.485,0.9997267786286401,682.3686154347853,21.954423947876638,83246,827.404,0.2675205400987027,39.4442631265641,1530.4121618451006,44,500.0,1849.6552613295328,14.551645260194062
42065,PA,3,2,11902.523870071484,9254.47330853711,261313.05509327067,17.4429532672565,12086.959129880644,12090.26244796678,0.20236053847004312,0.0,0.7976394615299568,402.64,220.51,1.851,1.485,0.9997267786286401,682.3686154347854,21.954423947876634,44492,652.435,0.26752054009870274,26.7351587012599,522.4997717806327,14,345.0,800.8457114971342,22.779959940477564
42067,PA,3,1,11107.747343547118,9583.498048790883,261786.156994957,14.01913883622154,11262.344355077716,11264.08978582677,0.07800229403267661,0.0,0.9219977059673234,429.4037130606929,154.0802806398624,1.543365250179226,1.0646168592830552,0.9998450446700761,792.3273657043613,23.567889050612752,23509,391.391,0.47248914643528517,35.818756272427166,549.5491564236448,15,500.0,1404.092471272065,20.212472740080432
42069,PA,4,1,59290.56779006166,46176.40513268581,1319997.204475254,53.72412894534568,59427.17088334648,59815.350498912005,0.08414330381561436,0.1065768171149003,0.8092798790694853,455.1,90.3,1.248,0.661,0.9935103679519092,1103.6115234251408,22.263190481648806,215896,459.013,0.27462559653750723,117.04271762530841,715.7158352955269,69,500.0,1559.2495970604905,82.84093332318118
42071,PA,3,0,247634.58159406303,209019.85015251586,6038144.632693389,279.227806940322,251271.0473656499,251312.10378137731,0.0,0.027201370489692116,0.9727986295103079,429.40371306069284,154.0802806398624,1.543365250179226,1.0646168592830552,0.9998366317614247,886.8550174409698,24.383285217375118,552984,943.924,0.4478150933735208,295.8159840626173,1560.6921593421123,201,500.0,1653.40870593619,158.6697159409386
42073,PA,4,0,20832.694361479207,15866.674292993299,485464.00939660275,26.934261691678238,18722.832694238165,20826.875594047946,0.0,0.11840295697678513,0.881597043023215,402.64,220.51,1.851,1.485,0.8989746258238038,773.4644669289671,23.30298716877699,86070,357.365,0.24204361986149886,75.36905318561762,324.45031880352064,40,345.0,907.8961812251356,64.2091967679495
42075,PA,2,0,62407.606917054894,54149.04712125299,1528399.9530633017,72.33724291995739,63349.67608549417,63360.31223219617,0.0,0.0,1.0,429.40371306069284,154.0802806398624,1.543365250179226,1.0646168592830554,0.9998321323502475,862.7313455409154,24.49060344670286,143257,361.835,0.43563390910779154,199.9177606366366,464.70766287178566,31,500.0,1284.3082147160603,134.29433577959603
42077,PA,2,0,163169.73009368707,141577.05831195094,3996125.154230028,189.1315656224162,165632.84604280727,165660.65510763664,0.0,0.0,1.0,429.4037130606929,154.0802806398624,1.543365250179226,1.0646168592830552,0.9998321323502475,862.7313455409155,24.49060344670286,374557,345.332,0.43563390910779154,547.6803934255041,1275.459989894253,161,500.0,3693.431219505442,127.93010473595122
42079,PA,3,1,138142.42692904008,120571.90218042443,2812926.360417792,131.944483333537,80092.73812665504,139650.4776439864,0.05446404402655145,0.0,0.9455359559734486,333.29783703939626,94.18018607747071,1.2087521408255832,0.7898935375159812,0.5735228369990754,1046.9738744577564,20.362508629320043,325594,889.663,0.42427817136998863,148.30838568484583,1138.6606940347372,126,500.0,1279.8786664554298,121.32009794730455
42081,PA,5,3,63425.528702092124,52093.14489857288,1375156.6841798387,81.23866664619426,60834.4229439103,64056.13351316631,0.21570752611543206,0.0,0.7842924738845679,429.40371306069284,154.08028063986237,1.543365250179226,1.0646168592830552,0.9497048855033717,780.7307938511492,21.681438252393765,114188,1228.92,0.5554482844264907,66.10574052517191,749.7325770033895,48,345.0,610.0743555344444,84.59753603824713
42083,PA,3,1,12178.267190692235,9797.580864992902,249234.750568002,18.704004430833415,10248.818547283672,11316.874180296269,0.20681820124863562,0.08474111988516317,0.7084406788662012,402.64,220.51,1.851,1.485,0.9056227350417856,651.1048067662158,20.465534764953293,40432,979.694,0.30120368002305686,19.091680086673406,390.2217477381605,6,345.0,398.3098270869889,31.20858143166299
42085,PA,4,2,32170.607557062358,25552.441568939797,699232.6718874357,45.511858291907025,29637.29968976944,32637.51507125076,0.17305042237144166,0.09300414966341447,0.733945427965144,402.64,220.51,1.851,1.485,0.9080746381906966,706.8620962634474,21.735140396312918,110652,672.52,0.290736792439923,67.67361311471336,327.4856501068985,32,345.0,486.9530275782111,98.23516708766068
42087,PA,3,1,21802.06668396336,18810.300330314254,513828.68868170923,27.516488294685885,22105.506639004256,22108.932535939624,0.0780022940326766,0.0,0.9219977059673233,429.40371306069284,154.0802806398624,1.543365250179226,1.0646168592830552,0.9998450446700763,792.3273657043612,23.567889050612756,46143,411.045,0.47248914643528506,66.94276367474579,575.5842955869283,11,500.0,1400.2950907733416,37.87814721687568
42089,PA,2,0,73328.94901838723,63625.139817105985,1795870.2115728124,84.99627305463373,74435.88045570531,74448.3779299363,0.0,0.0,1.0,429.40371306069295,154.0802806398624,1.5433652501792259,1.0646168592830554,0.9998321323502475,862.7313455409155,24.49060344670286,168327,608.357,0.43563390910779154,139.71446544485184,631.651134380836,58,500.0,1038.2902381017,116.09090054158857
42091,PA,5,0,696567.2766472686,605182.8388865711,15778868.242544401,830.5044693087629,712578.1363915729,721624.9792533402,0.0,0.015457229130578655,0.9845427708694213,330.289233861481,111.18902599081017,1.2819676992249107,0.8847108036760395,0.9874632348908875,838.7279086252581,22.65232486730006,856553,482.971,0.8132214546528569,1719.5741966055164,691.2407728176572,92,500.0,1431.226249231646,1007.7057141868228
42093,PA,1,0,4030.7073118541794,3511.8402655248096,99250.81835721766,3.4823473579014315,4074.7908484074733,4074.7908484074733,0.0,0.0,1.0,455.1,90.3,1.248,0.661,1.0,1157.4684824902724,24.62367288870721,18136,130.241,0.2222489695552591,26.737719749552223,282.50107193611996,17,230.0,2169.0640576786104,14.267936345266738
42095,PA,2,0,136332.06748919247,118290.89291024693,3338854.601946944,158.02377900586765,138390.057593217,138413.29270735825,0.0,0.0,1.0,429.40371306069295,154.0802806398624,1.5433652501792263,1.0646168592830554,0.9998321323502478,862.7313455409155,24.49060344670286,312951,369.788,0.43563390910779154,427.3361466728711,833.9087468865715,124,500.0,2255.099535102738,163.48559479462614
42097,PA,3,0,26458.00477897341,21814.783611746927,615524.2240820831,23.737778712948625,25485.772967907003,25485.772967907003,0.0,0.04516591519212686,0.9548340848078731,455.1,90.3,1.248,0.661,1.0,1114.5948026106141,23.26419657204272,91647,457.664,0.2886947175463835,51.86726225560373,823.0812287915911,55,500.0,1798.439966419887,32.14507129243829
42099,PA,3,0,20948.32966131938,17327.60436231723,500531.42443530064,23.147796547021688,20271.79021696129,20544.19376608708,0.0,0.04668629985357997,0.95331370014642,429.40371306069284,154.0802806398624,1.5433652501792259,1.0646168592830552,0.9867406065077398,904.9815872869635,23.89361980299177,45842,551.449,0.45696805683258546,41.976314304716645,923.3867793509892,34,500.0,1674.4735766154065,22.686408479925504
42101,PA,2,0,585615.8033480734,526923.5090862922,12345235.253075523,799.1910719469538,621752.7882061426,621896.7021671945,0.0,0.00034493604654302156,0.9996550639534569,212.0,60.0,0.97,0.67,0.9997685886409264,732.7606925355437,21.080775454650542,1603797,134.356,0.36514334628888406,5948.309505693484,375.7476757262168,72,230.0,2796.65720716765,1558.5347326932608
42103,PA,3,0,30861.83086962458,26472.372395363185,706128.2457859677,30.557093296102146,25884.761579988422,31251.107523622602,0.0,0.0,1.0,429.40371306069295,154.0802806398624,1.543365250179226,1.0646168592830552,0.8282830155834389,1009.9727277908762,22.880309621583944,58535,544.895,0.5272372233642194,56.07886527881912,274.43060796592795,24,500.0,503.6394313875663,112.45768501688501
42105,PA,2,1,4520.038505604222,3973.1187144445894,96539.7025700673,7.584854982388819,4156.104790791034,4589.223116841553,0.2259668884312669,0.0,0.7740331115687331,402.64,220.51,1.8510000000000002,1.485,0.9056227350417854,595.9294562782339,21.35815932770737,16396,1081.249,0.27567934286437074,7.014901269170023,67.97482703548222,5,115.0,62.866950198781424,66.49577060703376
42107,PA,3,0,36672.49284591025,27699.89182526789,846724.9441542582,27.46726440231814,33984.20490041026,37020.20490041026,0.0,0.13306976486449085,0.8669302351355093,455.1,90.3,1.248,0.661,0.9179907294363366,1335.1345189954636,23.088829758915224,143049,778.579,0.25636315420527406,35.27871211825408,547.4902426474183,77,230.0,703.1916384174481,66.98291583897176
42109,PA,1,0,8831.285054247775,7694.446669105307,217458.67436272613,7.629827669473493,8927.87214117332,8927.87214117332,0.0,0.0,1.0,455.1,90.3,1.248,0.661,1.0,1157.4684824902724,24.623672888707212,39736,328.784,0.2222489695552591,23.206201242984736,179.30648015892382,13,500.0,545.3625485392349,49.25245895419054
42111,PA,5,2,24306.803712549372,19982.234526634023,557378.9876686041,41.08519446358683,21794.88761872376,24252.5450850478,0.28452081196052664,0.06471439102410141,0.6507647970153718,402.64,220.51,1.851,1.485,0.8986639357764048,591.6195366701286,22.930986494980196,74129,1075.047,0.32789871322356123,38.2171146597189,312.5166145863073,36,230.0,290.70042015493954,77.77763670173316
42113,PA,4,2,2880.0186657095705,2325.6561769671216,66291.39193708233,3.280777725098215,2901.336272184015,2912.270146571598,0.11663696507234468,0.0,0.8833630349276552,429.40371306069284,154.0802806398624,1.543365250179226,1.0646168592830552,0.9962455837414482,877.8463239606862,23.017695241481935,5840,449.939,0.49315388111465247,7.291605584530824,0.0,0,,0.0,
42115,PA,3,1,17631.282883611024,15305.525600266157,424659.89716831886,21.591337514798767,17814.923771256064,17886.881395949964,0.05037235389080586,0.0,0.9496276461091943,429.4037130606929,154.0802806398624,1.5433652501792263,1.0646168592830554,0.9959770726321139,816.5905827522955,24.085592635068945,38434,823.498,0.45874181411279136,26.21905276612544,235.37297830286565,18,230.0,285.82094710960513,74.90784630733614
42117,PA,4,2,18732.72258879831,15935.016866768357,354191.5793930688,29.320153861613584,17746.8688493203,18904.916195058144,0.1871237738267004,0.0,0.8128762261732996,402.64,220.51,1.851,1.485,0.9387435874462875,638.9026018490132,18.907640238310382,41045,1133.805,0.4563947518284398,25.859961687956556,484.57145936934097,12,345.0,427.38518472695125,38.658328357139595
42119,PA,3,0,13678.254803445438,10159.380878075339,322689.29820995114,11.054940513572296,13782.00036054905,13782.00036054905,0.0,0.13985702324525578,0.8601429767547443,455.1000000000001,90.3,1.248,0.661,1.0,1237.2979109794815,23.591408615130376,42681,315.952,0.3204764369027304,34.98930379795759,214.1414686311093,13,500.0,677.765827186121,63.8748528759195
42121,PA,4,3,14277.440762234688,11651.148527991258,299635.0024645892,20.752045134836038,14486.590645324042,14490.336613379375,0.24593462375547118,0.0,0.7540653762445289,402.64,220.51,1.8509999999999998,1.485,0.9997414850907,688.001624392549,20.986604494073955,50454,674.265,0.28297936263199525,30.77728361228306,373.47104502413464,21,345.0,553.8935656220249,38.229043328679055
42123,PA,3,2,10343.315685103422,8379.170044885894,222343.3218495706,14.858716355147491,10503.272607027724,10506.137507121894,0.20394147165283555,0.0,0.7960585283471644,402.64,220.51,1.851,1.485,0.9997273117649348,696.1109854903581,21.4963294768033,38587,884.282,0.2680518227668236,16.803142385740625,311.3345121476703,15,230.0,352.07604830548433,33.22251559505052
42125,PA,1,0,44671.92371038312,38592.68498389513,1087850.9670854397,65.51249855804748,45539.75022314471,45555.2933845673,0.0,0.0,1.0,402.63999999999993,220.50999999999996,1.851,1.485,0.9996588066881409,681.8839869281046,24.352006287846294,209349,857.01,0.21338493955253246,76.44309699775671,854.187261855966,60,500.0,996.706294974348,52.29757654465673
42127,PA,2,0,22284.852620409078,19335.84052079617,545769.4883946558,25.830581832443926,22621.25187707026,22625.049891021,0.0,0.0,1.0,429.40371306069295,154.08028063986237,1.5433652501792263,1.0646168592830554,0.9998321323502474,862.7313455409156,24.490603446702856,51155,725.769,0.4356339091077916,35.59063811273825,403.916586531871,44,500.0,556.5360142578024,55.171917577716734
42129,PA,4,2,215728.88842347317,191064.58232336523,4661834.621835281,286.3462978763978,211309.54182058037,217310.2048498479,0.08019929862871086,0.0,0.9198007013712891,402.64,220.51,1.851,1.485,0.972386648692298,753.3845906979149,21.60969101497504,354663,1027.712,0.6082644324992265,278.6250407472111,1569.7119087246017,73,500.0,1527.3850151838271,137.43215377575487
42131,PA,4,1,16623.239638639203,14459.426648058605,360683.36683494813,18.722149505337775,12083.500228778536,16853.98401587343,0.036238422152990925,0.0,0.9637615778470091,357.3747191637601,138.04423514576456,1.4317524820285659,1.0312473639119024,0.7169521590502308,887.8916191701085,21.69753758446534,26069,397.376,0.6376631109225211,47.114444519391654,169.38538960308412,14,230.0,426.2597378882573,98.13856837116802
42133,PA,6,1,382184.03033202415,337566.42840456974,8604620.533532145,473.43277819696976,394885.99823707005,394955.72148144525,0.04227112861955148,0.0015202100398995046,0.956208661340549,330.28923386148097,111.18902599081017,1.2819676992249105,0.8847108036760396,0.999823465668218,807.2614485789111,22.514338252325302,456438,904.366,0.8373186069784377,523.4968786939909,1050.5200469712054,131,500.0,1161.609400365787,363.8046046183636
54001,WV,3,1,10906.751226122311,6669.291839325648,283870.20895438734,10.006289835085164,536.5235547146383,8580.105551350607,0.04919187607668476,0.22490656925638136,0.725901554666934,851.75,461.55,2.8660000000000005,2.336,0.06253111357472559,1089.9895371688965,26.027017859773082,15465,341.059,0.7052538781844365,29.338882231769762,174.33981072055795,7,138.0,511.1719987467211,62.5603020964861
54003,WV,1,0,68976.76297661784,59336.63283852398,1663253.2031952397,79.39859642314285,0.0,70173.44458458653,0.0,0.0,1.0,275.03,253.35,1.528,1.479,0.0,868.7403314917128,24.11323946528281,122076,321.147,0.5650313163653613,247.2344329018887,307.3738983789353,15,500.0,957.1127813086696,224.40670252222336
54005,WV,1,0,10825.240345726905,9033.917791925203,300791.6953688217,12.918689362166859,10885.562081626402,10900.707238493873,0.0,0.0,1.0,1831.9,576.4,3.326,2.531,0.998610626215702,837.9519038076152,27.786144765603705,21809,501.534,0.4963657364265626,25.75835210009064,441.00763373254694,42,765.0,879.3175213097156,24.546605359425524
54007,WV,1,0,6372.1780036218115,5367.777272815153,199192.68491148477,8.05355897687068,0.0,6473.874239387515,0.0,0.0,1.0,851.75,461.54999999999995,2.866,2.336,0.0,791.2250996015936,31.259748989790907,12447,510.735,0.511944886608967,15.768566824029447,139.0194114474484,9,138.0,272.19480052756984,45.836606106123526
54009,WV,2,0,20005.232001155586,16780.668220167554,1378786.101409759,25.46396411636252,8423.049183308034,20211.28203983421,0.0,0.0,1.0,771.1617138235684,545.9003409730236,2.6309772509095413,2.325009727560518,0.4167498710228838,785.6291310236616,68.92127526089747,22559,89.196,0.8867960459752465,285.4832516745428,739.549138093446,39,345.0,8291.281426223666,27.05057848181525
54011,WV,1,0,46832.10723184619,39082.495468299465,1301283.7112223543,55.88877717091307,47093.07086072039,47158.59177183259,0.0,0.0,1.0,1831.9,576.4,3.326,2.531,0.9986106262157021,837.9519038076152,27.786144765603705,94350,281.023,0.4963657364265627,198.8761673276318,506.7132533458023,27,765.0,1803.1024270106088,92.42329250836863
54013,WV,1,0,3188.904698687255,2686.260515173583,99684.3604333284,4.03033814308086,0.0,3239.7977534461984,0.0,0.0,1.0,851.75,461.55,2.866,2.336,0.0,791.2250996015936,31.25974898979091,6229,279.25,0.511944886608967,14.43272387853486,82.47365968943768,2,138.0,295.3398735521493,38.6657353474476
54015,WV,3,0,8229.102751661907,6905.314450600043,241190.92065467846,10.147912781893297,4018.508887118812,8322.741489926551,0.0,0.0,1.0,1334.2529762096956,518.0877409760583,3.0924463286807735,2.431993552375545,0.4828347596741558,810.9157940680096,29.309504077582307,8051,341.939,1.022121817371992,29.67755296088863,105.41458004514656,5,138.0,308.28475267561333,78.06418000372982
54017,WV,2,1,4268.14675548419,3367.205346359822,128458.2403825319,5.051995540403812,270.88108084137707,4331.940778851958,0.06346573732342237,0.0,0.9365342626765777,851.75,461.55,2.866,2.336,0.0625311135747256,844.843729838889,30.09695958028492,7808,319.723,0.546637647987217,15.80116394630293,227.17889046068288,19,500.0,710.5491017558414,18.787602786636835
54019,WV,1,0,20096.85593643867,16771.299168208887,558414.148383367,23.983304823486257,20208.84210926176,20236.958809305328,0.0,0.0,1.0,1831.9,576.4,3.3259999999999996,2.531,0.998610626215702,837.9519038076153,27.786144765603698,40488,661.613,0.49636573642656273,36.249748453380235,654.5690119208834,51,345.0,989.353310652728,30.702424909274107
54021,WV,1,0,3792.4877199992266,3194.705072468438,118552.21417404026,4.793184293456896,0.0,3853.0136069239743,0.0,0.0,1.0,851.75,461.55,2.866,2.336,0.0,791.2250996015936,31.25974898979091,7408,338.503,0.5119448866089669,14.15994627361322,136.65748077463363,5,138.0,403.7112840200342,27.751775449845614
54023,WV,2,0,11820.890803846225,10068.435547589475,325196.9728798234,14.24060392580444,0.0,12018.163550652316,0.0,0.0,1.0,549.1761270822167,352.3186913207753,2.1640235782286132,1.88637833074882,0.0,830.0835319509438,27.510360959768985,10976,477.372,1.0769762029743282,29.831250944346213,748.4623161767853,15,500.0,1567.880638530926,15.793568424698291
54025,WV,2,0,33251.05941584266,27881.379829846483,982561.549160425,40.871166043752396,16459.864311329904,33634.6048973671,0.0,0.0,1.0,1334.2529762096954,518.0877409760583,3.0924463286807735,2.431993552375545,0.4893729051242215,813.5578852888012,29.549781764014345,32977,1019.813,1.0083106230355297,40.07711810278198,162.27748146357743,8,138.0,159.12474293186833,204.9024862596585
54027,WV,1,0,13048.268188825285,11224.654003571826,314636.01544437616,15.019756440247368,0.0,13274.64330246614,0.0,0.0,1.0,275.03,253.35000000000002,1.528,1.479,0.0,868.7403314917126,24.113239465282813,23093,640.402,0.5650313163653611,23.453637621755348,621.948626400185,11,500.0,971.184703358492,20.979655931307644
54029,WV,1,0,14895.036475887891,12547.238672174568,465615.10143003525,18.825283074801348,0.0,15132.752550412126,0.0,0.0,1.0,851.75,461.54999999999995,2.866,2.336,0.0,791.2250996015937,31.25974898979091,29095,82.609,0.5119448866089669,227.8841660690887,1035.088937189777,33,500.0,12529.977813431671,14.390103053682799
54031,WV,1,0,8079.382792708299,6950.215545709676,194820.09201226063,9.300112473004683,0.0,8219.552443682647,0.0,0.0,1.0,275.03,253.35,1.528,1.479,0.0,868.7403314917126,24.113239465282813,14299,582.315,0.5650313163653612,15.970930635488838,406.40152793965586,6,500.0,697.9066792709373,19.88029630121853
54033,WV,2,1,36034.90039296533,28428.476387984865,1084540.940606671,42.652740524969225,2286.981522815627,36573.49744911629,0.06346573732342237,0.0,0.9365342626765776,851.75,461.55,2.866,2.336,0.06253111357472559,844.843729838889,30.096959580284924,65921,416.008,0.546637647987217,102.52865455704993,574.5172537716543,32,500.0,1381.024532633157,62.722050828585985
54035,WV,2,0,28021.960524780403,23496.72277197027,828042.8181070858,34.44372063929171,13871.36759184187,28345.189213777143,0.0,0.0,1.0,1334.2529762096956,518.0877409760583,3.0924463286807735,2.4319935523755456,0.48937290512422155,813.5578852888012,29.549781764014345,27791,464.359,1.0083106230355297,74.17476702140308,499.82237450049274,18,765.0,1076.3705979651363,56.06383778394214
54037,WV,1,0,32602.871985597703,28046.324022868313,786160.859444678,37.52890340617128,0.0,33168.50098279127,0.0,0.0,1.0,275.03,253.35,1.528,1.479,0.0,868.7403314917127,24.113239465282813,57701,209.296,0.5650313163653612,179.31017987047665,256.5304263672553,10,500.0,1225.6824132675986,127.09163761698437
54039,WV,2,0,92211.92935076293,77077.94728954985,2522226.874085379,110.87360790263865,90215.54947239965,92837.37130285452,0.0,0.0,1.0,1831.9,576.4,3.3259999999999996,2.531,0.9717589824694417,831.6851151063553,27.35250082981276,180745,901.648,0.5101769307630248,122.96773009271762,1141.965928404293,92,345.0,1266.5318709787998,80.74840681071258
54041,WV,2,1,9310.879058166269,7345.492912979874,280229.1506705515,11.020829923117077,590.9218045557345,9450.044478251206,0.06346573732342235,0.0,0.9365342626765776,851.75,461.55,2.866,2.336,0.06253111357472559,844.8437298388891,30.09695958028492,17033,386.93,0.5466376479872171,28.482748618915764,171.6411423177279,5,138.0,443.5974008676709,54.24619606021229
54043,WV,1,0,10157.132064496753,8476.365710310673,282227.54194746196,12.121378349214565,10213.73088524559,10227.941318781242,0.0,0.0,1.0,1831.9,576.4,3.3260000000000005,2.531,0.9986106262157021,837.9519038076152,27.7861447656037,20463,437.093,0.49636573642656273,27.73180615844812,224.5823097668548,6,765.0,513.8089829094833,45.22676819488212
54045,WV,1,0,16165.142938203868,13490.192155973595,449167.001837609,19.291253906996566,16255.220336206476,16277.8363352758,0.0,0.0,1.0,1831.9,576.4,3.326,2.531,0.9986106262157021,837.9519038076152,27.786144765603698,32567,453.717,0.49636573642656273,42.5182523621477,408.0674941828966,30,765.0,899.3877112448876,39.61389517332792
54047,WV,1,0,9486.04558884804,7916.328255375422,263580.635984848,11.32051320098908,9538.904898984923,9552.176442517144,0.0,0.0,1.0,1831.9000000000003,576.4,3.326,2.531,0.9986106262157022,837.9519038076152,27.7861447656037,19111,533.458,0.4963657364265627,21.2210018426738,498.65286452019507,30,765.0,934.7556218487588,19.023345224288512
54049,WV,2,1,30723.769005121532,24238.444735163142,924692.0339011534,36.36621533662862,1949.906653264549,31182.98302707151,0.06346573732342237,0.0,0.9365342626765777,851.75,461.55,2.8659999999999997,2.336,0.06253111357472559,844.843729838889,30.09695958028492,56205,308.753,0.546637647987217,117.78416836963082,585.8990365172576,57,500.0,1897.6302627577952,52.43867473780453
54051,WV,1,0,11467.071816173862,9562.937291509494,1380138.8368161283,14.737022460165246,11422.026577710716,11496.545861094193,0.0,0.0,1.0,661.1,661.1,2.31,2.31,0.9935181154162434,778.1132075471697,120.35669253152281,30591,305.431,0.3748511593662797,48.24992374763939,1359.3844504547033,102,765.0,4450.70883588995,8.435488439152161
54053,WV,1,0,12633.997089265302,10543.367855374947,351050.0720905414,15.077234184750932,12704.397801991694,12722.073517418707,0.0,0.0,1.0,1831.9,576.4,3.326,2.531,0.9986106262157021,837.9519038076153,27.786144765603698,25453,430.768,0.49636573642656273,35.00082221694957,1300.4644906507256,35,765.0,3018.944050279328,9.714988129313328
54055,WV,1,0,29615.165298154436,24714.552301225427,822891.2702318022,35.34232115660156,29780.190565278444,29821.623947796706,0.0,0.0,1.0,1831.9,576.4,3.326,2.531,0.998610626215702,837.9519038076153,27.7861447656037,59664,418.962,0.4963657364265627,84.35686567421762,339.52174818431416,16,345.0,810.3879306102085,87.2261216152711
54057,WV,2,0,29011.58495572245,24710.59737435908,798119.1741469282,34.95019939443513,0.0,29495.744326482516,0.0,0.0,1.0,549.1761270822167,352.31869132077526,2.1640235782286137,1.8863783307488204,0.0,830.0835319509438,27.510360959768988,26938,327.882,1.0769762029743282,106.59383374029417,396.354875011612,19,500.0,1208.8338945462451,73.19598366204653
54059,WV,1,0,11698.34767610123,9762.546403782531,325051.9820465124,13.9606433530904,11763.53464807057,11779.901334165876,0.0,0.0,1.0,1831.9,576.4,3.3260000000000005,2.531,0.9986106262157022,837.9519038076152,27.7861447656037,23568,423.14,0.49636573642656273,32.99296533792693,301.1199213099309,36,138.0,711.6318979768655,38.8494644433059
54061,WV,1,0,54175.031790734094,45635.80995933519,1693497.8952922905,68.46980943604153,0.0,55039.6336274175,0.0,0.0,1.0,851.7500000000001,461.55,2.866,2.336,0.0,791.2250996015936,31.25974898979091,105822,360.092,0.5119448866089669,190.14532240661146,576.7638646934993,45,500.0,1601.712519837984,93.92930990835131
54063,WV,3,1,12971.852270687714,10463.655177068262,371879.3612641968,15.338616337370881,6670.253258847648,13115.793771714078,0.03800536652071071,0.0,0.9619946334792893,1334.2529762096956,518.0877409760583,3.092446328680773,2.431993552375545,0.5085664943308975,845.6989851870275,28.668177335362245,12376,472.754,1.0481457878706943,32.4452386174858,35.10035318365462,1,138.0,74.24654933359552,369.5647221216107
54065,WV,1,0,9641.129351142159,8293.69381470342,232478.86075985758,11.097826360366382,0.0,9808.39382799895,0.0,0.0,1.0,275.03,253.35000000000002,1.528,1.479,0.0,868.7403314917128,24.113239465282813,17063,229.073,0.5650313163653613,48.44668014286442,155.6095014156473,3,500.0,679.3009277201908,61.95720224942959
54067,WV,2,0,24808.474569166174,20802.179377552322,733085.0094169602,30.493803843299386,12280.635033992206,25094.636228123236,0.0,0.0,1.0,1334.2529762096956,518.0877409760583,3.092446328680773,2.4319935523755447,0.4893729051242216,813.5578852888015,29.549781764014345,24604,646.846,1.0083106230355297,47.142293286654606,241.0301550700737,20,138.0,372.6237080697317,102.92684980414052
54069,WV,1,0,15903.060436114418,13262.319459719862,1914039.755219648,20.43797776707236,15840.58963614714,15943.936391648562,0.0,0.0,1.0,661.1,661.1,2.3100000000000005,2.3100000000000005,0.9935181154162435,778.1132075471697,120.3566925315228,42425,105.83,0.3748511593662797,193.12083310093885,233.9672496063864,21,138.0,2210.783800495005,67.97130992850003
54071,WV,2,0,6615.864814871297,5635.058269756027,182004.82911814464,7.970119343678633,0.0,6726.273568846317,0.0,0.0,1.0,549.1761270822167,352.3186913207753,2.1640235782286137,1.8863783307488202,0.0,830.0835319509438,27.51036095976899,6143,696.05,1.0769762029743282,11.45049830282111,200.73237833264457,5,500.0,288.38787203885437,32.95863313046482
54073,WV,1,0,3917.9142172184233,3300.361490226911,122473.01499378105,4.951706182211882,0.0,3980.441837714521,0.0,0.0,1.0,851.75,461.55,2.866,2.3360000000000003,0.0,791.2250996015937,31.25974898979091,7653,130.119,0.5119448866089669,38.05521239951031,231.33669244614012,6,765.0,1777.885569718028,16.935982683035004
54075,WV,1,0,4028.4943127259603,3393.5116381282583,125929.72102261375,5.091464255563217,0.0,4092.786726901289,0.0,0.0,1.0,851.75,461.55,2.866,2.336,0.0,791.2250996015937,31.259748989790907,7869,940.239,0.5119448866089669,5.415074524204183,248.3476076457444,12,500.0,264.13242552770555,16.22119234775319
54077,WV,1,0,17516.70624021241,14755.673428669015,547567.840196944,22.138714063839245,0.0,17796.26263154842,0.0,0.0,1.0,851.75,461.55,2.866,2.336,0.0,791.2250996015937,31.259748989790907,34216,648.814,0.5119448866089669,34.12181929465031,579.9603945352354,30,500.0,893.8777439069371,30.203280095099984
54079,WV,1,0,28511.247900341765,23793.307257012413,792217.6616069108,34.0249216820058,28670.121783145518,28710.010719385948,0.0,0.0,1.0,1831.9,576.4,3.326,2.531,0.998610626215702,837.9519038076153,27.786144765603698,57440,345.679,0.49636573642656273,98.4292412382754,1010.2102119353552,52,765.0,2922.3939317556324,28.22308422889536
54081,WV,2,0,38054.60744254479,31809.019150044613,1040888.6816504052,45.756028034334115,37230.72865471113,38312.71881850796,0.0,0.0,1.0,1831.9,576.4,3.326,2.531,0.9717589824694418,831.6851151063553,27.35250082981276,74591,605.359,0.5101769307630248,75.58494717074349,593.1970624195731,45,345.0,979.909545277386,64.15171256466617
54083,WV,1,0,14299.644572761665,12045.694125835369,447003.2999877555,18.07278937430319,0.0,14527.858540577816,0.0,0.0,1.0,851.75,461.55,2.866,2.336,0.0,791.2250996015936,31.259748989790907,27932,1039.7,0.511944886608967,17.38269633000211,256.8959217851833,20,138.0,247.08658438509505,55.663182480253795
54085,WV,1,0,4322.862622526117,3641.4807818471236,135131.60049751567,5.46350542304941,0.0,4391.852982838289,0.0,0.0,1.0,851.75,461.55,2.866,2.336,0.0,791.2250996015937,31.25974898979091,8444,451.99,0.511944886608967,12.087668804728889,47.14394464106352,2,138.0,104.30307007027484,91.69497069960494
54087,WV,2,0,14144.58141994241,11860.387429210858,417969.29410263035,17.386078699146633,7001.818739101067,14307.736831739261,0.0,0.0,1.0,1334.2529762096954,518.0877409760582,3.092446328680773,2.431993552375545,0.4893729051242215,813.5578852888013,29.549781764014345,14028,483.563,1.0083106230355297,35.954112905963925,139.88558874278192,3,138.0,289.2810011162598,101.11535825145725
54089,WV,2,0,12058.386740881899,10111.090195746554,356322.6966191443,14.821793210942015,5969.115362197723,12197.478241429271,0.0,0.0,1.0,1334.2529762096954,518.0877409760583,3.0924463286807735,2.431993552375545,0.4893729051242215,813.5578852888013,29.549781764014345,11959,360.592,1.0083106230355297,41.104054474148114,321.7969692026664,9,345.0,892.412946495392,37.47203328471244
54091,WV,2,1,9131.58190962646,7204.042688388939,274832.8516380886,10.808604700620606,579.5425788236686,9268.067457828121,0.06346573732342237,0.0,0.9365342626765777,851.75,461.55,2.866,2.336,0.0625311135747256,844.843729838889,30.096959580284924,16705,172.771,0.546637647987217,62.56029484474019,555.3344759634342,21,500.0,3214.280614011809,16.443390974032965
54093,WV,1,0,3461.771323249834,2916.1171301338522,108214.10262484614,4.375204129637626,0.0,3517.019169819103,0.0,0.0,1.0,851.75,461.55,2.866,2.336,0.0,791.2250996015936,31.25974898979091,6762,419.044,0.5119448866089669,10.44091820820159,391.6473724932176,14,500.0,934.6211197230308,8.839000505000921
54095,WV,1,0,4255.7978423803415,3584.986942147695,133035.1723041032,5.3787447396742945,0.0,4323.717888007424,0.0,0.0,1.0,851.75,461.55,2.866,2.336,0.0,791.2250996015937,31.259748989790907,8313,256.302,0.5119448866089669,20.98596475905102,248.95343814775708,6,765.0,971.3285036705022,17.09475424016627
54097,WV,2,1,13018.722224463561,10270.666307493024,391823.9565766368,15.409621643219417,826.2428049844053,13213.307068281027,0.06346573732342237,0.0,0.9365342626765776,851.75,461.55,2.866,2.336,0.06253111357472559,844.843729838889,30.09695958028492,23816,354.638,0.546637647987217,43.45169339782938,322.83253475944474,17,138.0,910.3156874318172,40.32654959688101
54099,WV,1,0,19349.329137380268,16147.47046470853,537643.2605285619,23.091216869915563,19457.14984941815,19484.220714886887,0.0,0.0,1.0,1831.9,576.4,3.326,2.531,0.9986106262157022,837.9519038076152,27.7861447656037,38982,506.005,0.49636573642656273,45.6343650159891,598.8407193069119,24,765.0,1183.4679880770186,32.31131169532836
54101,WV,1,0,4289.074260009925,3613.0182366550453,134075.38476648342,5.420801567303169,0.0,4357.525377808998,0.0,0.0,1.0,851.75,461.55,2.866,2.336,0.0,791.2250996015937,31.259748989790904,8378,553.47,0.5119448866089669,9.794210286561455,143.1266172195356,9,138.0,258.5986904792231,29.966992466754824
54103,WV,3,0,14545.108495974513,10742.78161424087,913519.2499472379,16.30172302710703,5392.3346028341075,14677.01924816196,0.0,0.1194903427830055,0.8805096572169945,771.1617138235682,545.9003409730235,2.6309772509095413,2.325009727560518,0.3673998454086243,892.2436279765298,62.805942643883505,14442,358.067,1.0071394887117098,45.527018762150746,224.1336268730567,17,765.0,625.954435547137,64.89480716881664
54105,WV,1,0,2659.041741046974,2239.9160564796257,83120.977378505,3.3606640416057125,0.0,2701.4784927596006,0.0,0.0,1.0,851.75,461.54999999999995,2.866,2.336,0.0,791.2250996015936,31.259748989790907,5194,232.511,0.5119448866089669,14.45378516115673,164.16493720844807,2,765.0,706.0523468070245,16.19737921058418
54107,WV,1,0,43154.906161589475,36352.707719870334,1349011.534289268,54.54188218159321,0.0,43843.633235591704,0.0,0.0,1.0,851.75,461.55000000000007,2.866,2.336,0.0,791.2250996015937,31.25974898979091,84296,366.5,0.5119448866089669,148.81823241908106,407.8839393460375,36,765.0,1112.916614859584,105.80192549571814
54109,WV,2,0,10908.603133574998,9118.264233838585,298377.5762632082,13.116265922566154,10672.432868510052,10982.592454549975,0.0,0.0,1.0,1831.9,576.4,3.326,2.531,0.9717589824694417,831.6851151063554,27.352500829812758,21382,499.47,0.5101769307630248,26.260367835037446,715.0704541868154,35,765.0,1431.6584663479596,15.255284384502168
