fipsCode,countyName,stateAbbr,timestamp_et,osi_target_t01h,osi_target_t06h,osi_target_t24h,osi_target_t48h
18001,Adams County,IN,3/14/2026 0:00,0.006115427,0.0050530834,0.0007275088,0.0047412636
18001,Adams County,IN,3/14/2026 1:00,0.0053412486,0.0046759294,0.0006265672,0.0050344807
18001,Adams County,IN,3/14/2026 2:00,0.00510335,0.004387036,0.00055367,0.006554084
18001,Adams County,IN,3/14/2026 3:00,0.0050234054,0.004627768,0.00056917476,0.006915316
18001,Adams County,IN,3/14/2026 4:00,0.004859185,0.0040202453,0.00059091084,0.0066985767
18001,Adams County,IN,3/14/2026 5:00,0.0050530834,0.0034404865,0.00061584887,0.006046595
18001,Adams County,IN,3/14/2026 6:00,0.0046759294,0.0030860845,0.0006180011,0.0051955865
18001,Adams County,IN,3/14/2026 7:00,0.004387036,0.0029696892,0.0006198493,0.004529695
18001,Adams County,IN,3/14/2026 8:00,0.004627768,0.0027006678,0.0007767535,0.0039895596
18001,Adams County,IN,3/14/2026 9:00,0.0040202453,0.0022586954,0.00072503556,0.0032609673
18001,Adams County,IN,3/14/2026 10:00,0.0034404865,0.0021591326,0.0007689281,0.0026597828
18001,Adams County,IN,3/14/2026 11:00,0.0030860845,0.0018992771,0.0020175679,0.002123863
18001,Adams County,IN,3/14/2026 12:00,0.0029696892,0.001679185,0.003260885,0.00202242
18001,Adams County,IN,3/14/2026 13:00,0.0027006678,0.0013824478,0.00445999,0.001831308
18001,Adams County,IN,3/14/2026 14:00,0.0022586954,0.0013564855,0.0050616334,0.0015685312
18001,Adams County,IN,3/14/2026 15:00,0.0021591326,0.0011128165,0.004776552,0.0014100007
18001,Adams County,IN,3/14/2026 16:00,0.0018992771,0.0009986563,0.003964842,0.0013008029
18001,Adams County,IN,3/14/2026 17:00,0.001679185,0.0009364255,0.0040660556,0.0013574051
18001,Adams County,IN,3/14/2026 18:00,0.0013824478,0.0007275088,0.004029395,0.0011557211
18001,Adams County,IN,3/14/2026 19:00,0.0013564855,0.0006265672,0.003925181,0.0012041357
18001,Adams County,IN,3/14/2026 20:00,0.0011128165,0.00055367,0.003740051,0.0014602342
18001,Adams County,IN,3/14/2026 21:00,0.0009986563,0.00056917476,0.0036330083,0.0014305534
18001,Adams County,IN,3/14/2026 22:00,0.0009364255,0.00059091084,0.003679862,0.0011538694
18001,Adams County,IN,3/14/2026 23:00,0.0007275088,0.00061584887,0.005137443,0.0009601088
18001,Adams County,IN,3/15/2026 0:00,0.0006265672,0.0006180011,0.0047412636,0.0007742876
18001,Adams County,IN,3/15/2026 1:00,0.00055367,0.0006198493,0.0050344807,0.0005952407
18001,Adams County,IN,3/15/2026 2:00,0.00056917476,0.0007767535,0.006554084,0.00057883625
18001,Adams County,IN,3/15/2026 3:00,0.00059091084,0.00072503556,0.006915316,0.000671519
18001,Adams County,IN,3/15/2026 4:00,0.00061584887,0.0007689281,0.0066985767,0.0007308814
18001,Adams County,IN,3/15/2026 5:00,0.0006180011,0.0020175679,0.006046595,0.0008906521
18001,Adams County,IN,3/15/2026 6:00,0.0006198493,0.003260885,0.0051955865,0.0010159742
18001,Adams County,IN,3/15/2026 7:00,0.0007767535,0.00445999,0.004529695,0.0010016824
18001,Adams County,IN,3/15/2026 8:00,0.00072503556,0.0050616334,0.0039895596,0.00114028
18001,Adams County,IN,3/15/2026 9:00,0.0007689281,0.004776552,0.0032609673,0.001294256
18001,Adams County,IN,3/15/2026 10:00,0.0020175679,0.003964842,0.0026597828,0.0012491756
18001,Adams County,IN,3/15/2026 11:00,0.003260885,0.0040660556,0.002123863,0.001072119
18001,Adams County,IN,3/15/2026 12:00,0.00445999,0.004029395,0.00202242,0.000875169
18001,Adams County,IN,3/15/2026 13:00,0.0050616334,0.003925181,0.001831308,0.0008847249
18001,Adams County,IN,3/15/2026 14:00,0.004776552,0.003740051,0.0015685312,0.00083154754
18001,Adams County,IN,3/15/2026 15:00,0.003964842,0.0036330083,0.0014100007,0.00073122873
18001,Adams County,IN,3/15/2026 16:00,0.0040660556,0.003679862,0.0013008029,0.00048797915
18001,Adams County,IN,3/15/2026 17:00,0.004029395,0.005137443,0.0013574051,0.00043887945
18001,Adams County,IN,3/15/2026 18:00,0.003925181,0.0047412636,0.0011557211,0.00035075535
18001,Adams County,IN,3/15/2026 19:00,0.003740051,0.0050344807,0.0012041357,0.00031740306
18001,Adams County,IN,3/15/2026 20:00,0.0036330083,0.006554084,0.0014602342,0.00029292388
18001,Adams County,IN,3/15/2026 21:00,0.003679862,0.006915316,0.0014305534,0.0004641745
18001,Adams County,IN,3/15/2026 22:00,0.005137443,0.0066985767,0.0011538694,0.00044979653
18001,Adams County,IN,3/15/2026 23:00,0.0047412636,0.006046595,0.0009601088,0.00033577404
18001,Adams County,IN,3/16/2026 0:00,0.0050344807,0.0051955865,0.0007742876,0.0002606932
18001,Adams County,IN,3/16/2026 1:00,0.006554084,0.004529695,0.0005952407,0.0001992167
18001,Adams County,IN,3/16/2026 2:00,0.006915316,0.0039895596,0.00057883625,0.00030424818
18001,Adams County,IN,3/16/2026 3:00,0.0066985767,0.0032609673,0.000671519,0.00029223942
18001,Adams County,IN,3/16/2026 4:00,0.006046595,0.0026597828,0.0007308814,0.00027900553
18001,Adams County,IN,3/16/2026 5:00,0.0051955865,0.002123863,0.0008906521,0.00025663484
18001,Adams County,IN,3/16/2026 6:00,0.004529695,0.00202242,0.0010159742,0.00028109594
18001,Adams County,IN,3/16/2026 7:00,0.0039895596,0.001831308,0.0010016824,0.00034161896
18001,Adams County,IN,3/16/2026 8:00,0.0032609673,0.0015685312,0.00114028,0.00030034012
18001,Adams County,IN,3/16/2026 9:00,0.0026597828,0.0014100007,0.001294256,0.00028097373
18001,Adams County,IN,3/16/2026 10:00,0.002123863,0.0013008029,0.0012491756,0.00016383975
18001,Adams County,IN,3/16/2026 11:00,0.00202242,0.0013574051,0.001072119,0.00016749707
18001,Adams County,IN,3/16/2026 12:00,0.001831308,0.0011557211,0.000875169,0.00017970536
18001,Adams County,IN,3/16/2026 13:00,0.0015685312,0.0012041357,0.0008847249,0.000103705606
18001,Adams County,IN,3/16/2026 14:00,0.0014100007,0.0014602342,0.00083154754,7.4956835e-05
18001,Adams County,IN,3/16/2026 15:00,0.0013008029,0.0014305534,0.00073122873,4.5417048e-05
18001,Adams County,IN,3/16/2026 16:00,0.0013574051,0.0011538694,0.00048797915,4.006283e-05
18001,Adams County,IN,3/16/2026 17:00,0.0011557211,0.0009601088,0.00043887945,4.7147725e-05
18001,Adams County,IN,3/16/2026 18:00,0.0012041357,0.0007742876,0.00035075535,6.508487e-05
18001,Adams County,IN,3/16/2026 19:00,0.0014602342,0.0005952407,0.00031740306,6.3049614e-05
18001,Adams County,IN,3/16/2026 20:00,0.0014305534,0.00057883625,0.00029292388,0.00017461405
18001,Adams County,IN,3/16/2026 21:00,0.0011538694,0.000671519,0.0004641745,0.00025722422
18001,Adams County,IN,3/16/2026 22:00,0.0009601088,0.0007308814,0.00044979653,0.00028282736
18001,Adams County,IN,3/16/2026 23:00,0.0007742876,0.0008906521,0.00033577404,0.00026010195
18001,Adams County,IN,3/17/2026 0:00,0.0005952407,0.0010159742,0.0002606932,0.00020785505
18001,Adams County,IN,3/17/2026 1:00,0.00057883625,0.0010016824,0.0001992167,0.00017167724
18001,Adams County,IN,3/17/2026 2:00,0.000671519,0.00114028,0.00030424818,0.00014253455
18001,Adams County,IN,3/17/2026 3:00,0.0007308814,0.001294256,0.00029223942,0.00015860931
18001,Adams County,IN,3/17/2026 4:00,0.0008906521,0.0012491756,0.00027900553,0.00023833859
18001,Adams County,IN,3/17/2026 5:00,0.0010159742,0.001072119,0.00025663484,0.00032741897
18001,Adams County,IN,3/17/2026 6:00,0.0010016824,0.000875169,0.00028109594,0.00038021454
18001,Adams County,IN,3/17/2026 7:00,0.00114028,0.0008847249,0.00034161896,0.00035292783
18001,Adams County,IN,3/17/2026 8:00,0.001294256,0.00083154754,0.00030034012,0.00027093836
18001,Adams County,IN,3/17/2026 9:00,0.0012491756,0.00073122873,0.00028097373,0.00024260949
18001,Adams County,IN,3/17/2026 10:00,0.001072119,0.00048797915,0.00016383975,0.00027830416
18001,Adams County,IN,3/17/2026 11:00,0.000875169,0.00043887945,0.00016749707,0.00026853036
18001,Adams County,IN,3/17/2026 12:00,0.0008847249,0.00035075535,0.00017970536,0.00024871895
18001,Adams County,IN,3/17/2026 13:00,0.00083154754,0.00031740306,0.000103705606,0.00022988602
18001,Adams County,IN,3/17/2026 14:00,0.00073122873,0.00029292388,7.4956835e-05,0.00020769032
18001,Adams County,IN,3/17/2026 15:00,0.00048797915,0.0004641745,4.5417048e-05,0.00016101202
18001,Adams County,IN,3/17/2026 16:00,0.00043887945,0.00044979653,4.006283e-05,8.3015395e-05
18001,Adams County,IN,3/17/2026 17:00,0.00035075535,0.00033577404,4.7147725e-05,6.0355167e-05
18001,Adams County,IN,3/17/2026 18:00,0.00031740306,0.0002606932,6.508487e-05,7.573008e-05
18001,Adams County,IN,3/17/2026 19:00,0.00029292388,0.0001992167,6.3049614e-05,8.9023895e-05
18001,Adams County,IN,3/17/2026 20:00,0.0004641745,0.00030424818,0.00017461405,0.00016290505
18001,Adams County,IN,3/17/2026 21:00,0.00044979653,0.00029223942,0.00025722422,7.1560455e-05
18001,Adams County,IN,3/17/2026 22:00,0.00033577404,0.00027900553,0.00028282736,0.00014295384
18001,Adams County,IN,3/17/2026 23:00,0.0002606932,0.00025663484,0.00026010195,0.00023398991
18001,Adams County,IN,3/18/2026 0:00,0.0001992167,0.00028109594,0.00020785505,
18001,Adams County,IN,3/18/2026 1:00,0.00030424818,0.00034161896,0.00017167724,
18001,Adams County,IN,3/18/2026 2:00,0.00029223942,0.00030034012,0.00014253455,
18001,Adams County,IN,3/18/2026 3:00,0.00027900553,0.00028097373,0.00015860931,
18001,Adams County,IN,3/18/2026 4:00,0.00025663484,0.00016383975,0.00023833859,
18001,Adams County,IN,3/18/2026 5:00,0.00028109594,0.00016749707,0.00032741897,
18001,Adams County,IN,3/18/2026 6:00,0.00034161896,0.00017970536,0.00038021454,
18001,Adams County,IN,3/18/2026 7:00,0.00030034012,0.000103705606,0.00035292783,
18001,Adams County,IN,3/18/2026 8:00,0.00028097373,7.4956835e-05,0.00027093836,
18001,Adams County,IN,3/18/2026 9:00,0.00016383975,4.5417048e-05,0.00024260949,
18001,Adams County,IN,3/18/2026 10:00,0.00016749707,4.006283e-05,0.00027830416,
18001,Adams County,IN,3/18/2026 11:00,0.00017970536,4.7147725e-05,0.00026853036,
18001,Adams County,IN,3/18/2026 12:00,0.000103705606,6.508487e-05,0.00024871895,
18001,Adams County,IN,3/18/2026 13:00,7.4956835e-05,6.3049614e-05,0.00022988602,
18001,Adams County,IN,3/18/2026 14:00,4.5417048e-05,0.00017461405,0.00020769032,
18001,Adams County,IN,3/18/2026 15:00,4.006283e-05,0.00025722422,0.00016101202,
18001,Adams County,IN,3/18/2026 16:00,4.7147725e-05,0.00028282736,8.3015395e-05,
18001,Adams County,IN,3/18/2026 17:00,6.508487e-05,0.00026010195,6.0355167e-05,
18001,Adams County,IN,3/18/2026 18:00,6.3049614e-05,0.00020785505,7.573008e-05,
18001,Adams County,IN,3/18/2026 19:00,0.00017461405,0.00017167724,8.9023895e-05,
18001,Adams County,IN,3/18/2026 20:00,0.00025722422,0.00014253455,0.00016290505,
18001,Adams County,IN,3/18/2026 21:00,0.00028282736,0.00015860931,7.1560455e-05,
18001,Adams County,IN,3/18/2026 22:00,0.00026010195,0.00023833859,0.00014295384,
18001,Adams County,IN,3/18/2026 23:00,0.00020785505,0.00032741897,0.00023398991,
18001,Adams County,IN,3/19/2026 0:00,0.00017167724,0.00038021454,,
18001,Adams County,IN,3/19/2026 1:00,0.00014253455,0.00035292783,,
18001,Adams County,IN,3/19/2026 2:00,0.00015860931,0.00027093836,,
18001,Adams County,IN,3/19/2026 3:00,0.00023833859,0.00024260949,,
18001,Adams County,IN,3/19/2026 4:00,0.00032741897,0.00027830416,,
18001,Adams County,IN,3/19/2026 5:00,0.00038021454,0.00026853036,,
18001,Adams County,IN,3/19/2026 6:00,0.00035292783,0.00024871895,,
18001,Adams County,IN,3/19/2026 7:00,0.00027093836,0.00022988602,,
18001,Adams County,IN,3/19/2026 8:00,0.00024260949,0.00020769032,,
18001,Adams County,IN,3/19/2026 9:00,0.00027830416,0.00016101202,,
18001,Adams County,IN,3/19/2026 10:00,0.00026853036,8.3015395e-05,,
18001,Adams County,IN,3/19/2026 11:00,0.00024871895,6.0355167e-05,,
18001,Adams County,IN,3/19/2026 12:00,0.00022988602,7.573008e-05,,
18001,Adams County,IN,3/19/2026 13:00,0.00020769032,8.9023895e-05,,
18001,Adams County,IN,3/19/2026 14:00,0.00016101202,0.00016290505,,
18001,Adams County,IN,3/19/2026 15:00,8.3015395e-05,7.1560455e-05,,
18001,Adams County,IN,3/19/2026 16:00,6.0355167e-05,0.00014295384,,
18001,Adams County,IN,3/19/2026 17:00,7.573008e-05,0.00023398991,,
18001,Adams County,IN,3/19/2026 18:00,8.9023895e-05,,,
18001,Adams County,IN,3/19/2026 19:00,0.00016290505,,,
18001,Adams County,IN,3/19/2026 20:00,7.1560455e-05,,,
18001,Adams County,IN,3/19/2026 21:00,0.00014295384,,,
18001,Adams County,IN,3/19/2026 22:00,0.00023398991,,,
18001,Adams County,IN,3/19/2026 23:00,,,,
18003,Allen County,IN,3/14/2026 0:00,0.009074112,0.006949272,0.0010192698,0.002943687
18003,Allen County,IN,3/14/2026 1:00,0.008418962,0.0061806617,0.0009073878,0.0027250089
18003,Allen County,IN,3/14/2026 2:00,0.007964494,0.0060918964,0.0008113575,0.0022697395
18003,Allen County,IN,3/14/2026 3:00,0.00752418,0.0053599393,0.00077339227,0.003088631
18003,Allen County,IN,3/14/2026 4:00,0.007227893,0.004806838,0.0007369731,0.0034844466
18003,Allen County,IN,3/14/2026 5:00,0.006949272,0.004539079,0.0006720724,0.0033803675
18003,Allen County,IN,3/14/2026 6:00,0.0061806617,0.0038975077,0.0006730368,0.0030878983
18003,Allen County,IN,3/14/2026 7:00,0.0060918964,0.0033790804,0.00065194076,0.002723198
18003,Allen County,IN,3/14/2026 8:00,0.0053599393,0.0030552214,0.0007542087,0.002887791
18003,Allen County,IN,3/14/2026 9:00,0.004806838,0.0026379446,0.00079228036,0.0028724466
18003,Allen County,IN,3/14/2026 10:00,0.004539079,0.0024046542,0.00075204234,0.0027273556
18003,Allen County,IN,3/14/2026 11:00,0.0038975077,0.0021823042,0.0012481373,0.0021855365
18003,Allen County,IN,3/14/2026 12:00,0.0033790804,0.0018849585,0.002339798,0.002102598
18003,Allen County,IN,3/14/2026 13:00,0.0030552214,0.0015792714,0.0037977926,0.001637954
18003,Allen County,IN,3/14/2026 14:00,0.0026379446,0.0013468965,0.004781943,0.0012882403
18003,Allen County,IN,3/14/2026 15:00,0.0024046542,0.001889233,0.0042419313,0.0010822188
18003,Allen County,IN,3/14/2026 16:00,0.0021823042,0.0007657561,0.0037427072,0.00085359905
18003,Allen County,IN,3/14/2026 17:00,0.0018849585,0.0010708474,0.0038104076,0.00076757016
18003,Allen County,IN,3/14/2026 18:00,0.0015792714,0.0010192698,0.0035122223,0.0006619356
18003,Allen County,IN,3/14/2026 19:00,0.0013468965,0.0009073878,0.0030346015,0.0005648338
18003,Allen County,IN,3/14/2026 20:00,0.001889233,0.0008113575,0.0026447072,0.0005480237
18003,Allen County,IN,3/14/2026 21:00,0.0007657561,0.00077339227,0.0023589893,0.0004186183
18003,Allen County,IN,3/14/2026 22:00,0.0010708474,0.0007369731,0.0021956745,0.00033205166
18003,Allen County,IN,3/14/2026 23:00,0.0010192698,0.0006720724,0.0029561764,0.00032533926
18003,Allen County,IN,3/15/2026 0:00,0.0009073878,0.0006730368,0.002943687,0.00016032466
18003,Allen County,IN,3/15/2026 1:00,0.0008113575,0.00065194076,0.0027250089,0.00013568794
18003,Allen County,IN,3/15/2026 2:00,0.00077339227,0.0007542087,0.0022697395,0.00011404486
18003,Allen County,IN,3/15/2026 3:00,0.0007369731,0.00079228036,0.003088631,0.00010322429
18003,Allen County,IN,3/15/2026 4:00,0.0006720724,0.00075204234,0.0034844466,0.00010932042
18003,Allen County,IN,3/15/2026 5:00,0.0006730368,0.0012481373,0.0033803675,0.0001420221
18003,Allen County,IN,3/15/2026 6:00,0.00065194076,0.002339798,0.0030878983,0.0001439935
18003,Allen County,IN,3/15/2026 7:00,0.0007542087,0.0037977926,0.002723198,0.00010001484
18003,Allen County,IN,3/15/2026 8:00,0.00079228036,0.004781943,0.002887791,0.00017502496
18003,Allen County,IN,3/15/2026 9:00,0.00075204234,0.0042419313,0.0028724466,0.00028822813
18003,Allen County,IN,3/15/2026 10:00,0.0012481373,0.0037427072,0.0027273556,0.00023276056
18003,Allen County,IN,3/15/2026 11:00,0.002339798,0.0038104076,0.0021855365,0.00024265153
18003,Allen County,IN,3/15/2026 12:00,0.0037977926,0.0035122223,0.002102598,0.00017352925
18003,Allen County,IN,3/15/2026 13:00,0.004781943,0.0030346015,0.001637954,0.00013330404
18003,Allen County,IN,3/15/2026 14:00,0.0042419313,0.0026447072,0.0012882403,0.00010659117
18003,Allen County,IN,3/15/2026 15:00,0.0037427072,0.0023589893,0.0010822188,9.900034e-05
18003,Allen County,IN,3/15/2026 16:00,0.0038104076,0.0021956745,0.00085359905,7.0233975e-05
18003,Allen County,IN,3/15/2026 17:00,0.0035122223,0.0029561764,0.00076757016,4.6921596e-05
18003,Allen County,IN,3/15/2026 18:00,0.0030346015,0.002943687,0.0006619356,3.053527e-05
18003,Allen County,IN,3/15/2026 19:00,0.0026447072,0.0027250089,0.0005648338,1.4470395e-06
18003,Allen County,IN,3/15/2026 20:00,0.0023589893,0.0022697395,0.0005480237,1.323481e-06
18003,Allen County,IN,3/15/2026 21:00,0.0021956745,0.003088631,0.0004186183,7.9928446e-05
18003,Allen County,IN,3/15/2026 22:00,0.0029561764,0.0034844466,0.00033205166,9.981188e-05
18003,Allen County,IN,3/15/2026 23:00,0.002943687,0.0033803675,0.00032533926,0.00012265654
18003,Allen County,IN,3/16/2026 0:00,0.0027250089,0.0030878983,0.00016032466,7.863276e-05
18003,Allen County,IN,3/16/2026 1:00,0.0022697395,0.002723198,0.00013568794,6.91744e-05
18003,Allen County,IN,3/16/2026 2:00,0.003088631,0.002887791,0.00011404486,9.6784606e-05
18003,Allen County,IN,3/16/2026 3:00,0.0034844466,0.0028724466,0.00010322429,0.00010431851
18003,Allen County,IN,3/16/2026 4:00,0.0033803675,0.0027273556,0.00010932042,8.572666e-05
18003,Allen County,IN,3/16/2026 5:00,0.0030878983,0.0021855365,0.0001420221,7.280077e-05
18003,Allen County,IN,3/16/2026 6:00,0.002723198,0.002102598,0.0001439935,6.3571024e-05
18003,Allen County,IN,3/16/2026 7:00,0.002887791,0.001637954,0.00010001484,5.5037683e-05
18003,Allen County,IN,3/16/2026 8:00,0.0028724466,0.0012882403,0.00017502496,0.00010220598
18003,Allen County,IN,3/16/2026 9:00,0.0027273556,0.0010822188,0.00028822813,8.7228145e-05
18003,Allen County,IN,3/16/2026 10:00,0.0021855365,0.00085359905,0.00023276056,6.441338e-05
18003,Allen County,IN,3/16/2026 11:00,0.002102598,0.00076757016,0.00024265153,4.4055538e-05
18003,Allen County,IN,3/16/2026 12:00,0.001637954,0.0006619356,0.00017352925,1.4033294e-05
18003,Allen County,IN,3/16/2026 13:00,0.0012882403,0.0005648338,0.00013330404,1.7049406e-05
18003,Allen County,IN,3/16/2026 14:00,0.0010822188,0.0005480237,0.00010659117,2.6390962e-05
18003,Allen County,IN,3/16/2026 15:00,0.00085359905,0.0004186183,9.900034e-05,2.751304e-05
18003,Allen County,IN,3/16/2026 16:00,0.00076757016,0.00033205166,7.0233975e-05,1.6011656e-05
18003,Allen County,IN,3/16/2026 17:00,0.0006619356,0.00032533926,4.6921596e-05,1.2627273e-06
18003,Allen County,IN,3/16/2026 18:00,0.0005648338,0.00016032466,3.053527e-05,1.1262404e-06
18003,Allen County,IN,3/16/2026 19:00,0.0005480237,0.00013568794,1.4470395e-06,1.2934675e-05
18003,Allen County,IN,3/16/2026 20:00,0.0004186183,0.00011404486,1.323481e-06,5.3952186e-05
18003,Allen County,IN,3/16/2026 21:00,0.00033205166,0.00010322429,7.9928446e-05,6.5348264e-05
18003,Allen County,IN,3/16/2026 22:00,0.00032533926,0.00010932042,9.981188e-05,0.000102122685
18003,Allen County,IN,3/16/2026 23:00,0.00016032466,0.0001420221,0.00012265654,9.3679366e-05
18003,Allen County,IN,3/17/2026 0:00,0.00013568794,0.0001439935,7.863276e-05,0.0001156485
18003,Allen County,IN,3/17/2026 1:00,0.00011404486,0.00010001484,6.91744e-05,0.000100207886
18003,Allen County,IN,3/17/2026 2:00,0.00010322429,0.00017502496,9.6784606e-05,9.3502815e-05
18003,Allen County,IN,3/17/2026 3:00,0.00010932042,0.00028822813,0.00010431851,0.0001206555
18003,Allen County,IN,3/17/2026 4:00,0.0001420221,0.00023276056,8.572666e-05,0.00019591524
18003,Allen County,IN,3/17/2026 5:00,0.0001439935,0.00024265153,7.280077e-05,0.00036758225
18003,Allen County,IN,3/17/2026 6:00,0.00010001484,0.00017352925,6.3571024e-05,0.00019605197
18003,Allen County,IN,3/17/2026 7:00,0.00017502496,0.00013330404,5.5037683e-05,0.00017113364
18003,Allen County,IN,3/17/2026 8:00,0.00028822813,0.00010659117,0.00010220598,0.00011957377
18003,Allen County,IN,3/17/2026 9:00,0.00023276056,9.900034e-05,8.7228145e-05,8.6231834e-05
18003,Allen County,IN,3/17/2026 10:00,0.00024265153,7.0233975e-05,6.441338e-05,9.276588e-05
18003,Allen County,IN,3/17/2026 11:00,0.00017352925,4.6921596e-05,4.4055538e-05,4.8143396e-05
18003,Allen County,IN,3/17/2026 12:00,0.00013330404,3.053527e-05,1.4033294e-05,7.638587e-05
18003,Allen County,IN,3/17/2026 13:00,0.00010659117,1.4470395e-06,1.7049406e-05,7.960662e-05
18003,Allen County,IN,3/17/2026 14:00,9.900034e-05,1.323481e-06,2.6390962e-05,3.7542697e-05
18003,Allen County,IN,3/17/2026 15:00,7.0233975e-05,7.9928446e-05,2.751304e-05,4.8797574e-06
18003,Allen County,IN,3/17/2026 16:00,4.6921596e-05,9.981188e-05,1.6011656e-05,1.2277921e-05
18003,Allen County,IN,3/17/2026 17:00,3.053527e-05,0.00012265654,1.2627273e-06,3.572676e-06
18003,Allen County,IN,3/17/2026 18:00,1.4470395e-06,7.863276e-05,1.1262404e-06,1.8274593e-05
18003,Allen County,IN,3/17/2026 19:00,1.323481e-06,6.91744e-05,1.2934675e-05,6.432115e-05
18003,Allen County,IN,3/17/2026 20:00,7.9928446e-05,9.6784606e-05,5.3952186e-05,4.4601537e-05
18003,Allen County,IN,3/17/2026 21:00,9.981188e-05,0.00010431851,6.5348264e-05,0.000109426415
18003,Allen County,IN,3/17/2026 22:00,0.00012265654,8.572666e-05,0.000102122685,0.0001267005
18003,Allen County,IN,3/17/2026 23:00,7.863276e-05,7.280077e-05,9.3679366e-05,0.0001597563
18003,Allen County,IN,3/18/2026 0:00,6.91744e-05,6.3571024e-05,0.0001156485,
18003,Allen County,IN,3/18/2026 1:00,9.6784606e-05,5.5037683e-05,0.000100207886,
18003,Allen County,IN,3/18/2026 2:00,0.00010431851,0.00010220598,9.3502815e-05,
18003,Allen County,IN,3/18/2026 3:00,8.572666e-05,8.7228145e-05,0.0001206555,
18003,Allen County,IN,3/18/2026 4:00,7.280077e-05,6.441338e-05,0.00019591524,
18003,Allen County,IN,3/18/2026 5:00,6.3571024e-05,4.4055538e-05,0.00036758225,
18003,Allen County,IN,3/18/2026 6:00,5.5037683e-05,1.4033294e-05,0.00019605197,
18003,Allen County,IN,3/18/2026 7:00,0.00010220598,1.7049406e-05,0.00017113364,
18003,Allen County,IN,3/18/2026 8:00,8.7228145e-05,2.6390962e-05,0.00011957377,
18003,Allen County,IN,3/18/2026 9:00,6.441338e-05,2.751304e-05,8.6231834e-05,
18003,Allen County,IN,3/18/2026 10:00,4.4055538e-05,1.6011656e-05,9.276588e-05,
18003,Allen County,IN,3/18/2026 11:00,1.4033294e-05,1.2627273e-06,4.8143396e-05,
18003,Allen County,IN,3/18/2026 12:00,1.7049406e-05,1.1262404e-06,7.638587e-05,
18003,Allen County,IN,3/18/2026 13:00,2.6390962e-05,1.2934675e-05,7.960662e-05,
18003,Allen County,IN,3/18/2026 14:00,2.751304e-05,5.3952186e-05,3.7542697e-05,
18003,Allen County,IN,3/18/2026 15:00,1.6011656e-05,6.5348264e-05,4.8797574e-06,
18003,Allen County,IN,3/18/2026 16:00,1.2627273e-06,0.000102122685,1.2277921e-05,
18003,Allen County,IN,3/18/2026 17:00,1.1262404e-06,9.3679366e-05,3.572676e-06,
18003,Allen County,IN,3/18/2026 18:00,1.2934675e-05,0.0001156485,1.8274593e-05,
18003,Allen County,IN,3/18/2026 19:00,5.3952186e-05,0.000100207886,6.432115e-05,
18003,Allen County,IN,3/18/2026 20:00,6.5348264e-05,9.3502815e-05,4.4601537e-05,
18003,Allen County,IN,3/18/2026 21:00,0.000102122685,0.0001206555,0.000109426415,
18003,Allen County,IN,3/18/2026 22:00,9.3679366e-05,0.00019591524,0.0001267005,
18003,Allen County,IN,3/18/2026 23:00,0.0001156485,0.00036758225,0.0001597563,
18003,Allen County,IN,3/19/2026 0:00,0.000100207886,0.00019605197,,
18003,Allen County,IN,3/19/2026 1:00,9.3502815e-05,0.00017113364,,
18003,Allen County,IN,3/19/2026 2:00,0.0001206555,0.00011957377,,
18003,Allen County,IN,3/19/2026 3:00,0.00019591524,8.6231834e-05,,
18003,Allen County,IN,3/19/2026 4:00,0.00036758225,9.276588e-05,,
18003,Allen County,IN,3/19/2026 5:00,0.00019605197,4.8143396e-05,,
18003,Allen County,IN,3/19/2026 6:00,0.00017113364,7.638587e-05,,
18003,Allen County,IN,3/19/2026 7:00,0.00011957377,7.960662e-05,,
18003,Allen County,IN,3/19/2026 8:00,8.6231834e-05,3.7542697e-05,,
18003,Allen County,IN,3/19/2026 9:00,9.276588e-05,4.8797574e-06,,
18003,Allen County,IN,3/19/2026 10:00,4.8143396e-05,1.2277921e-05,,
18003,Allen County,IN,3/19/2026 11:00,7.638587e-05,3.572676e-06,,
18003,Allen County,IN,3/19/2026 12:00,7.960662e-05,1.8274593e-05,,
18003,Allen County,IN,3/19/2026 13:00,3.7542697e-05,6.432115e-05,,
18003,Allen County,IN,3/19/2026 14:00,4.8797574e-06,4.4601537e-05,,
18003,Allen County,IN,3/19/2026 15:00,1.2277921e-05,0.000109426415,,
18003,Allen County,IN,3/19/2026 16:00,3.572676e-06,0.0001267005,,
18003,Allen County,IN,3/19/2026 17:00,1.8274593e-05,0.0001597563,,
18003,Allen County,IN,3/19/2026 18:00,6.432115e-05,,,
18003,Allen County,IN,3/19/2026 19:00,4.4601537e-05,,,
18003,Allen County,IN,3/19/2026 20:00,0.000109426415,,,
18003,Allen County,IN,3/19/2026 21:00,0.0001267005,,,
18003,Allen County,IN,3/19/2026 22:00,0.0001597563,,,
18003,Allen County,IN,3/19/2026 23:00,,,,
18005,Bartholomew County,IN,3/14/2026 0:00,8.13743e-06,2.7194155e-05,0.00026265474,0.008855347
18005,Bartholomew County,IN,3/14/2026 1:00,0.00025317862,0.00018288381,0.00021231514,0.008227957
18005,Bartholomew County,IN,3/14/2026 2:00,0.0001116666,0.00020792922,0.00014806767,0.0077284486
18005,Bartholomew County,IN,3/14/2026 3:00,4.631922e-05,0.00017497383,0.00015986942,0.0065905955
18005,Bartholomew County,IN,3/14/2026 4:00,4.2528394e-12,0.00018350576,0.00017605015,0.0057159043
18005,Bartholomew County,IN,3/14/2026 5:00,2.7194155e-05,0.00018899652,0.0001982908,0.005324194
18005,Bartholomew County,IN,3/14/2026 6:00,0.00018288381,0.0002479679,0.00021082886,0.005302434
18005,Bartholomew County,IN,3/14/2026 7:00,0.00020792922,0.00027603927,0.00021941354,0.004928565
18005,Bartholomew County,IN,3/14/2026 8:00,0.00017497383,0.00025544825,0.0001928132,0.004443738
18005,Bartholomew County,IN,3/14/2026 9:00,0.00018350576,7.708848e-05,0.00018470947,0.0039006898
18005,Bartholomew County,IN,3/14/2026 10:00,0.00018899652,9.883776e-05,0.0010286076,0.0034285758
18005,Bartholomew County,IN,3/14/2026 11:00,0.0002479679,0.00014787179,0.0042327316,0.0028541097
18005,Bartholomew County,IN,3/14/2026 12:00,0.00027603927,0.0002080061,0.009348197,0.001826939
18005,Bartholomew County,IN,3/14/2026 13:00,0.00025544825,0.0002864518,0.013613333,0.0011511534
18005,Bartholomew County,IN,3/14/2026 14:00,7.708848e-05,0.00025214106,0.014738249,0.0007800405
18005,Bartholomew County,IN,3/14/2026 15:00,9.883776e-05,0.00028809384,0.014613828,0.0007007973
18005,Bartholomew County,IN,3/14/2026 16:00,0.00014787179,0.0002864498,0.01344047,0.0007058452
18005,Bartholomew County,IN,3/14/2026 17:00,0.0002080061,0.00028145252,0.011504799,0.00068921753
18005,Bartholomew County,IN,3/14/2026 18:00,0.0002864518,0.00026265474,0.009854102,0.00056837796
18005,Bartholomew County,IN,3/14/2026 19:00,0.00025214106,0.00021231514,0.008452676,0.00047926692
18005,Bartholomew County,IN,3/14/2026 20:00,0.00028809384,0.00014806767,0.0068250136,0.00043612736
18005,Bartholomew County,IN,3/14/2026 21:00,0.0002864498,0.00015986942,0.005915068,0.0005301682
18005,Bartholomew County,IN,3/14/2026 22:00,0.00028145252,0.00017605015,0.0061535966,0.00035975198
18005,Bartholomew County,IN,3/14/2026 23:00,0.00026265474,0.0001982908,0.0076916497,0.00033718455
18005,Bartholomew County,IN,3/15/2026 0:00,0.00021231514,0.00021082886,0.008855347,0.00045244984
18005,Bartholomew County,IN,3/15/2026 1:00,0.00014806767,0.00021941354,0.008227957,0.0005518748
18005,Bartholomew County,IN,3/15/2026 2:00,0.00015986942,0.0001928132,0.0077284486,0.00060181844
18005,Bartholomew County,IN,3/15/2026 3:00,0.00017605015,0.00018470947,0.0065905955,0.00069332286
18005,Bartholomew County,IN,3/15/2026 4:00,0.0001982908,0.0010286076,0.0057159043,0.00074976485
18005,Bartholomew County,IN,3/15/2026 5:00,0.00021082886,0.0042327316,0.005324194,0.0007405994
18005,Bartholomew County,IN,3/15/2026 6:00,0.00021941354,0.009348197,0.005302434,0.00067946065
18005,Bartholomew County,IN,3/15/2026 7:00,0.0001928132,0.013613333,0.004928565,0.00052488234
18005,Bartholomew County,IN,3/15/2026 8:00,0.00018470947,0.014738249,0.004443738,0.0004390151
18005,Bartholomew County,IN,3/15/2026 9:00,0.0010286076,0.014613828,0.0039006898,0.00046926487
18005,Bartholomew County,IN,3/15/2026 10:00,0.0042327316,0.01344047,0.0034285758,0.00038981615
18005,Bartholomew County,IN,3/15/2026 11:00,0.009348197,0.011504799,0.0028541097,0.00033513515
18005,Bartholomew County,IN,3/15/2026 12:00,0.013613333,0.009854102,0.001826939,0.000332302
18005,Bartholomew County,IN,3/15/2026 13:00,0.014738249,0.008452676,0.0011511534,0.00033272058
18005,Bartholomew County,IN,3/15/2026 14:00,0.014613828,0.0068250136,0.0007800405,0.00034343288
18005,Bartholomew County,IN,3/15/2026 15:00,0.01344047,0.005915068,0.0007007973,0.00021312824
18005,Bartholomew County,IN,3/15/2026 16:00,0.011504799,0.0061535966,0.0007058452,0.000181389
18005,Bartholomew County,IN,3/15/2026 17:00,0.009854102,0.0076916497,0.00068921753,0.00019613505
18005,Bartholomew County,IN,3/15/2026 18:00,0.008452676,0.008855347,0.00056837796,0.00024268277
18005,Bartholomew County,IN,3/15/2026 19:00,0.0068250136,0.008227957,0.00047926692,0.0002111915
18005,Bartholomew County,IN,3/15/2026 20:00,0.005915068,0.0077284486,0.00043612736,0.0004537688
18005,Bartholomew County,IN,3/15/2026 21:00,0.0061535966,0.0065905955,0.0005301682,0.00041793782
18005,Bartholomew County,IN,3/15/2026 22:00,0.0076916497,0.0057159043,0.00035975198,0.00033415013
18005,Bartholomew County,IN,3/15/2026 23:00,0.008855347,0.005324194,0.00033718455,0.00036589638
18005,Bartholomew County,IN,3/16/2026 0:00,0.008227957,0.005302434,0.00045244984,0.00028673024
18005,Bartholomew County,IN,3/16/2026 1:00,0.0077284486,0.004928565,0.0005518748,0.00025611455
18005,Bartholomew County,IN,3/16/2026 2:00,0.0065905955,0.004443738,0.00060181844,0.00023743081
18005,Bartholomew County,IN,3/16/2026 3:00,0.0057159043,0.0039006898,0.00069332286,0.0002115544
18005,Bartholomew County,IN,3/16/2026 4:00,0.005324194,0.0034285758,0.00074976485,0.00021924828
18005,Bartholomew County,IN,3/16/2026 5:00,0.005302434,0.0028541097,0.0007405994,0.0002573316
18005,Bartholomew County,IN,3/16/2026 6:00,0.004928565,0.001826939,0.00067946065,0.00027485023
18005,Bartholomew County,IN,3/16/2026 7:00,0.004443738,0.0011511534,0.00052488234,0.00028938276
18005,Bartholomew County,IN,3/16/2026 8:00,0.0039006898,0.0007800405,0.0004390151,0.00021847954
18005,Bartholomew County,IN,3/16/2026 9:00,0.0034285758,0.0007007973,0.00046926487,0.00025326264
18005,Bartholomew County,IN,3/16/2026 10:00,0.0028541097,0.0007058452,0.00038981615,0.00028547243
18005,Bartholomew County,IN,3/16/2026 11:00,0.001826939,0.00068921753,0.00033513515,0.00033991877
18005,Bartholomew County,IN,3/16/2026 12:00,0.0011511534,0.00056837796,0.000332302,0.0002958535
18005,Bartholomew County,IN,3/16/2026 13:00,0.0007800405,0.00047926692,0.00033272058,0.0002156269
18005,Bartholomew County,IN,3/16/2026 14:00,0.0007007973,0.00043612736,0.00034343288,0.00019948573
18005,Bartholomew County,IN,3/16/2026 15:00,0.0007058452,0.0005301682,0.00021312824,0.0002115259
18005,Bartholomew County,IN,3/16/2026 16:00,0.00068921753,0.00035975198,0.000181389,0.00020274027
18005,Bartholomew County,IN,3/16/2026 17:00,0.00056837796,0.00033718455,0.00019613505,0.00016072115
18005,Bartholomew County,IN,3/16/2026 18:00,0.00047926692,0.00045244984,0.00024268277,0.00015210203
18005,Bartholomew County,IN,3/16/2026 19:00,0.00043612736,0.0005518748,0.0002111915,0.0001676774
18005,Bartholomew County,IN,3/16/2026 20:00,0.0005301682,0.00060181844,0.0004537688,0.00014395778
18005,Bartholomew County,IN,3/16/2026 21:00,0.00035975198,0.00069332286,0.00041793782,0.00015655732
18005,Bartholomew County,IN,3/16/2026 22:00,0.00033718455,0.00074976485,0.00033415013,0.00018652424
18005,Bartholomew County,IN,3/16/2026 23:00,0.00045244984,0.0007405994,0.00036589638,0.00020815647
18005,Bartholomew County,IN,3/17/2026 0:00,0.0005518748,0.00067946065,0.00028673024,0.00015232422
18005,Bartholomew County,IN,3/17/2026 1:00,0.00060181844,0.00052488234,0.00025611455,0.00015548652
18005,Bartholomew County,IN,3/17/2026 2:00,0.00069332286,0.0004390151,0.00023743081,0.00016908803
18005,Bartholomew County,IN,3/17/2026 3:00,0.00074976485,0.00046926487,0.0002115544,0.00019025849
18005,Bartholomew County,IN,3/17/2026 4:00,0.0007405994,0.00038981615,0.00021924828,0.00019903862
18005,Bartholomew County,IN,3/17/2026 5:00,0.00067946065,0.00033513515,0.0002573316,0.00019135601
18005,Bartholomew County,IN,3/17/2026 6:00,0.00052488234,0.000332302,0.00027485023,0.00021213424
18005,Bartholomew County,IN,3/17/2026 7:00,0.0004390151,0.00033272058,0.00028938276,0.00023008217
18005,Bartholomew County,IN,3/17/2026 8:00,0.00046926487,0.00034343288,0.00021847954,0.00021634572
18005,Bartholomew County,IN,3/17/2026 9:00,0.00038981615,0.00021312824,0.00025326264,0.00020969305
18005,Bartholomew County,IN,3/17/2026 10:00,0.00033513515,0.000181389,0.00028547243,0.00021300834
18005,Bartholomew County,IN,3/17/2026 11:00,0.000332302,0.00019613505,0.00033991877,0.00020255482
18005,Bartholomew County,IN,3/17/2026 12:00,0.00033272058,0.00024268277,0.0002958535,0.00022350093
18005,Bartholomew County,IN,3/17/2026 13:00,0.00034343288,0.0002111915,0.0002156269,0.00017834253
18005,Bartholomew County,IN,3/17/2026 14:00,0.00021312824,0.0004537688,0.00019948573,0.0001197749
18005,Bartholomew County,IN,3/17/2026 15:00,0.000181389,0.00041793782,0.0002115259,0.00015215598
18005,Bartholomew County,IN,3/17/2026 16:00,0.00019613505,0.00033415013,0.00020274027,0.0001606969
18005,Bartholomew County,IN,3/17/2026 17:00,0.00024268277,0.00036589638,0.00016072115,0.00017753182
18005,Bartholomew County,IN,3/17/2026 18:00,0.0002111915,0.00028673024,0.00015210203,0.00016396494
18005,Bartholomew County,IN,3/17/2026 19:00,0.0004537688,0.00025611455,0.0001676774,0.00019895598
18005,Bartholomew County,IN,3/17/2026 20:00,0.00041793782,0.00023743081,0.00014395778,0.00024078871
18005,Bartholomew County,IN,3/17/2026 21:00,0.00033415013,0.0002115544,0.00015655732,0.00023756598
18005,Bartholomew County,IN,3/17/2026 22:00,0.00036589638,0.00021924828,0.00018652424,0.00021017955
18005,Bartholomew County,IN,3/17/2026 23:00,0.00028673024,0.0002573316,0.00020815647,0.0001993135
18005,Bartholomew County,IN,3/18/2026 0:00,0.00025611455,0.00027485023,0.00015232422,
18005,Bartholomew County,IN,3/18/2026 1:00,0.00023743081,0.00028938276,0.00015548652,
18005,Bartholomew County,IN,3/18/2026 2:00,0.0002115544,0.00021847954,0.00016908803,
18005,Bartholomew County,IN,3/18/2026 3:00,0.00021924828,0.00025326264,0.00019025849,
18005,Bartholomew County,IN,3/18/2026 4:00,0.0002573316,0.00028547243,0.00019903862,
18005,Bartholomew County,IN,3/18/2026 5:00,0.00027485023,0.00033991877,0.00019135601,
18005,Bartholomew County,IN,3/18/2026 6:00,0.00028938276,0.0002958535,0.00021213424,
18005,Bartholomew County,IN,3/18/2026 7:00,0.00021847954,0.0002156269,0.00023008217,
18005,Bartholomew County,IN,3/18/2026 8:00,0.00025326264,0.00019948573,0.00021634572,
18005,Bartholomew County,IN,3/18/2026 9:00,0.00028547243,0.0002115259,0.00020969305,
18005,Bartholomew County,IN,3/18/2026 10:00,0.00033991877,0.00020274027,0.00021300834,
18005,Bartholomew County,IN,3/18/2026 11:00,0.0002958535,0.00016072115,0.00020255482,
18005,Bartholomew County,IN,3/18/2026 12:00,0.0002156269,0.00015210203,0.00022350093,
18005,Bartholomew County,IN,3/18/2026 13:00,0.00019948573,0.0001676774,0.00017834253,
18005,Bartholomew County,IN,3/18/2026 14:00,0.0002115259,0.00014395778,0.0001197749,
18005,Bartholomew County,IN,3/18/2026 15:00,0.00020274027,0.00015655732,0.00015215598,
18005,Bartholomew County,IN,3/18/2026 16:00,0.00016072115,0.00018652424,0.0001606969,
18005,Bartholomew County,IN,3/18/2026 17:00,0.00015210203,0.00020815647,0.00017753182,
18005,Bartholomew County,IN,3/18/2026 18:00,0.0001676774,0.00015232422,0.00016396494,
18005,Bartholomew County,IN,3/18/2026 19:00,0.00014395778,0.00015548652,0.00019895598,
18005,Bartholomew County,IN,3/18/2026 20:00,0.00015655732,0.00016908803,0.00024078871,
18005,Bartholomew County,IN,3/18/2026 21:00,0.00018652424,0.00019025849,0.00023756598,
18005,Bartholomew County,IN,3/18/2026 22:00,0.00020815647,0.00019903862,0.00021017955,
18005,Bartholomew County,IN,3/18/2026 23:00,0.00015232422,0.00019135601,0.0001993135,
18005,Bartholomew County,IN,3/19/2026 0:00,0.00015548652,0.00021213424,,
18005,Bartholomew County,IN,3/19/2026 1:00,0.00016908803,0.00023008217,,
18005,Bartholomew County,IN,3/19/2026 2:00,0.00019025849,0.00021634572,,
18005,Bartholomew County,IN,3/19/2026 3:00,0.00019903862,0.00020969305,,
18005,Bartholomew County,IN,3/19/2026 4:00,0.00019135601,0.00021300834,,
18005,Bartholomew County,IN,3/19/2026 5:00,0.00021213424,0.00020255482,,
18005,Bartholomew County,IN,3/19/2026 6:00,0.00023008217,0.00022350093,,
18005,Bartholomew County,IN,3/19/2026 7:00,0.00021634572,0.00017834253,,
18005,Bartholomew County,IN,3/19/2026 8:00,0.00020969305,0.0001197749,,
18005,Bartholomew County,IN,3/19/2026 9:00,0.00021300834,0.00015215598,,
18005,Bartholomew County,IN,3/19/2026 10:00,0.00020255482,0.0001606969,,
18005,Bartholomew County,IN,3/19/2026 11:00,0.00022350093,0.00017753182,,
18005,Bartholomew County,IN,3/19/2026 12:00,0.00017834253,0.00016396494,,
18005,Bartholomew County,IN,3/19/2026 13:00,0.0001197749,0.00019895598,,
18005,Bartholomew County,IN,3/19/2026 14:00,0.00015215598,0.00024078871,,
18005,Bartholomew County,IN,3/19/2026 15:00,0.0001606969,0.00023756598,,
18005,Bartholomew County,IN,3/19/2026 16:00,0.00017753182,0.00021017955,,
18005,Bartholomew County,IN,3/19/2026 17:00,0.00016396494,0.0001993135,,
18005,Bartholomew County,IN,3/19/2026 18:00,0.00019895598,,,
18005,Bartholomew County,IN,3/19/2026 19:00,0.00024078871,,,
18005,Bartholomew County,IN,3/19/2026 20:00,0.00023756598,,,
18005,Bartholomew County,IN,3/19/2026 21:00,0.00021017955,,,
18005,Bartholomew County,IN,3/19/2026 22:00,0.0001993135,,,
18005,Bartholomew County,IN,3/19/2026 23:00,,,,
18007,Benton County,IN,3/14/2026 0:00,0.0011747526,0.00015300846,9.228859e-05,0.0045715636
18007,Benton County,IN,3/14/2026 1:00,0.0011194479,0.00017612074,0.0005036676,0.0036668284
18007,Benton County,IN,3/14/2026 2:00,0.00057257153,0.00017094324,0.0005133109,0.003494503
18007,Benton County,IN,3/14/2026 3:00,0.00022847544,0.0003085883,0.00031578197,0.0030087873
18007,Benton County,IN,3/14/2026 4:00,0.0001711823,0.00071868184,0.0003066916,0.0022982801
18007,Benton County,IN,3/14/2026 5:00,0.00015300846,0.0008260942,0.0002874729,0.0016681072
18007,Benton County,IN,3/14/2026 6:00,0.00017612074,0.0007006128,0.00028674857,0.0016199736
18007,Benton County,IN,3/14/2026 7:00,0.00017094324,0.0005306448,0.00016748214,0.0015602153
18007,Benton County,IN,3/14/2026 8:00,0.0003085883,0.00038975128,0.00043056908,0.0014930757
18007,Benton County,IN,3/14/2026 9:00,0.00071868184,0.00019338407,0.00075036706,0.0013296736
18007,Benton County,IN,3/14/2026 10:00,0.0008260942,0.00018812608,0.0011107518,0.0013392546
18007,Benton County,IN,3/14/2026 11:00,0.0007006128,7.817463e-05,0.00231182,0.0014690082
18007,Benton County,IN,3/14/2026 12:00,0.0005306448,0.000118151824,0.003578134,0.0015203264
18007,Benton County,IN,3/14/2026 13:00,0.00038975128,0.00010375012,0.0037848696,0.0011611469
18007,Benton County,IN,3/14/2026 14:00,0.00019338407,7.238595e-05,0.0041648806,0.0014078891
18007,Benton County,IN,3/14/2026 15:00,0.00018812608,6.189248e-05,0.004552608,0.0014263607
18007,Benton County,IN,3/14/2026 16:00,7.817463e-05,7.0324444e-05,0.0051029637,0.0014374614
18007,Benton County,IN,3/14/2026 17:00,0.000118151824,4.901182e-05,0.0046256213,0.0013488854
18007,Benton County,IN,3/14/2026 18:00,0.00010375012,9.228859e-05,0.0038809832,0.0010371568
18007,Benton County,IN,3/14/2026 19:00,7.238595e-05,0.0005036676,0.0029164366,0.0007973861
18007,Benton County,IN,3/14/2026 20:00,6.189248e-05,0.0005133109,0.0023197748,0.0005706686
18007,Benton County,IN,3/14/2026 21:00,7.0324444e-05,0.00031578197,0.0030611563,0.00037772386
18007,Benton County,IN,3/14/2026 22:00,4.901182e-05,0.0003066916,0.00584099,0.0004555887
18007,Benton County,IN,3/14/2026 23:00,9.228859e-05,0.0002874729,0.0059250165,0.00030107054
18007,Benton County,IN,3/15/2026 0:00,0.0005036676,0.00028674857,0.0045715636,0.0003550441
18007,Benton County,IN,3/15/2026 1:00,0.0005133109,0.00016748214,0.0036668284,0.00033975457
18007,Benton County,IN,3/15/2026 2:00,0.00031578197,0.00043056908,0.003494503,0.00028635544
18007,Benton County,IN,3/15/2026 3:00,0.0003066916,0.00075036706,0.0030087873,0.0001996751
18007,Benton County,IN,3/15/2026 4:00,0.0002874729,0.0011107518,0.0022982801,0.00027386437
18007,Benton County,IN,3/15/2026 5:00,0.00028674857,0.00231182,0.0016681072,0.000316763
18007,Benton County,IN,3/15/2026 6:00,0.00016748214,0.003578134,0.0016199736,0.000511572
18007,Benton County,IN,3/15/2026 7:00,0.00043056908,0.0037848696,0.0015602153,0.001025421
18007,Benton County,IN,3/15/2026 8:00,0.00075036706,0.0041648806,0.0014930757,0.0012636154
18007,Benton County,IN,3/15/2026 9:00,0.0011107518,0.004552608,0.0013296736,0.001597181
18007,Benton County,IN,3/15/2026 10:00,0.00231182,0.0051029637,0.0013392546,0.0018608115
18007,Benton County,IN,3/15/2026 11:00,0.003578134,0.0046256213,0.0014690082,0.0023944979
18007,Benton County,IN,3/15/2026 12:00,0.0037848696,0.0038809832,0.0015203264,0.002734787
18007,Benton County,IN,3/15/2026 13:00,0.0041648806,0.0029164366,0.0011611469,0.002418227
18007,Benton County,IN,3/15/2026 14:00,0.004552608,0.0023197748,0.0014078891,0.001541917
18007,Benton County,IN,3/15/2026 15:00,0.0051029637,0.0030611563,0.0014263607,0.00090117176
18007,Benton County,IN,3/15/2026 16:00,0.0046256213,0.00584099,0.0014374614,0.00073151453
18007,Benton County,IN,3/15/2026 17:00,0.0038809832,0.0059250165,0.0013488854,0.00068077864
18007,Benton County,IN,3/15/2026 18:00,0.0029164366,0.0045715636,0.0010371568,0.00039702212
18007,Benton County,IN,3/15/2026 19:00,0.0023197748,0.0036668284,0.0007973861,0.00034786182
18007,Benton County,IN,3/15/2026 20:00,0.0030611563,0.003494503,0.0005706686,0.00041827894
18007,Benton County,IN,3/15/2026 21:00,0.00584099,0.0030087873,0.00037772386,0.00027615103
18007,Benton County,IN,3/15/2026 22:00,0.0059250165,0.0022982801,0.0004555887,0.0001597947
18007,Benton County,IN,3/15/2026 23:00,0.0045715636,0.0016681072,0.00030107054,8.097247e-05
18007,Benton County,IN,3/16/2026 0:00,0.0036668284,0.0016199736,0.0003550441,4.3426473e-05
18007,Benton County,IN,3/16/2026 1:00,0.003494503,0.0015602153,0.00033975457,3.784573e-05
18007,Benton County,IN,3/16/2026 2:00,0.0030087873,0.0014930757,0.00028635544,2.9867517e-05
18007,Benton County,IN,3/16/2026 3:00,0.0022982801,0.0013296736,0.0001996751,3.5587535e-05
18007,Benton County,IN,3/16/2026 4:00,0.0016681072,0.0013392546,0.00027386437,9.926657e-05
18007,Benton County,IN,3/16/2026 5:00,0.0016199736,0.0014690082,0.000316763,0.0002616228
18007,Benton County,IN,3/16/2026 6:00,0.0015602153,0.0015203264,0.000511572,0.00017177727
18007,Benton County,IN,3/16/2026 7:00,0.0014930757,0.0011611469,0.001025421,9.712326e-05
18007,Benton County,IN,3/16/2026 8:00,0.0013296736,0.0014078891,0.0012636154,0.00039004814
18007,Benton County,IN,3/16/2026 9:00,0.0013392546,0.0014263607,0.001597181,0.0005572634
18007,Benton County,IN,3/16/2026 10:00,0.0014690082,0.0014374614,0.0018608115,0.0005878527
18007,Benton County,IN,3/16/2026 11:00,0.0015203264,0.0013488854,0.0023944979,0.0004828851
18007,Benton County,IN,3/16/2026 12:00,0.0011611469,0.0010371568,0.002734787,0.00039882996
18007,Benton County,IN,3/16/2026 13:00,0.0014078891,0.0007973861,0.002418227,0.00034656582
18007,Benton County,IN,3/16/2026 14:00,0.0014263607,0.0005706686,0.001541917,0.00026241757
18007,Benton County,IN,3/16/2026 15:00,0.0014374614,0.00037772386,0.00090117176,0.00016111572
18007,Benton County,IN,3/16/2026 16:00,0.0013488854,0.0004555887,0.00073151453,9.456772e-05
18007,Benton County,IN,3/16/2026 17:00,0.0010371568,0.00030107054,0.00068077864,0.00014732002
18007,Benton County,IN,3/16/2026 18:00,0.0007973861,0.0003550441,0.00039702212,0.00015493194
18007,Benton County,IN,3/16/2026 19:00,0.0005706686,0.00033975457,0.00034786182,7.0455826e-05
18007,Benton County,IN,3/16/2026 20:00,0.00037772386,0.00028635544,0.00041827894,6.145104e-05
18007,Benton County,IN,3/16/2026 21:00,0.0004555887,0.0001996751,0.00027615103,6.628678e-05
18007,Benton County,IN,3/16/2026 22:00,0.00030107054,0.00027386437,0.0001597947,0.000100269994
18007,Benton County,IN,3/16/2026 23:00,0.0003550441,0.000316763,8.097247e-05,9.851696e-05
18007,Benton County,IN,3/17/2026 0:00,0.00033975457,0.000511572,4.3426473e-05,7.075863e-05
18007,Benton County,IN,3/17/2026 1:00,0.00028635544,0.001025421,3.784573e-05,5.6907757e-05
18007,Benton County,IN,3/17/2026 2:00,0.0001996751,0.0012636154,2.9867517e-05,3.243278e-05
18007,Benton County,IN,3/17/2026 3:00,0.00027386437,0.001597181,3.5587535e-05,3.166761e-05
18007,Benton County,IN,3/17/2026 4:00,0.000316763,0.0018608115,9.926657e-05,5.6230238e-05
18007,Benton County,IN,3/17/2026 5:00,0.000511572,0.0023944979,0.0002616228,3.0306188e-05
18007,Benton County,IN,3/17/2026 6:00,0.001025421,0.002734787,0.00017177727,5.5043474e-05
18007,Benton County,IN,3/17/2026 7:00,0.0012636154,0.002418227,9.712326e-05,7.043348e-05
18007,Benton County,IN,3/17/2026 8:00,0.001597181,0.001541917,0.00039004814,7.605698e-05
18007,Benton County,IN,3/17/2026 9:00,0.0018608115,0.00090117176,0.0005572634,3.3105334e-05
18007,Benton County,IN,3/17/2026 10:00,0.0023944979,0.00073151453,0.0005878527,4.1720872e-05
18007,Benton County,IN,3/17/2026 11:00,0.002734787,0.00068077864,0.0004828851,5.5833683e-05
18007,Benton County,IN,3/17/2026 12:00,0.002418227,0.00039702212,0.00039882996,4.761873e-05
18007,Benton County,IN,3/17/2026 13:00,0.001541917,0.00034786182,0.00034656582,7.5233205e-05
18007,Benton County,IN,3/17/2026 14:00,0.00090117176,0.00041827894,0.00026241757,9.809434e-05
18007,Benton County,IN,3/17/2026 15:00,0.00073151453,0.00027615103,0.00016111572,0.00012975595
18007,Benton County,IN,3/17/2026 16:00,0.00068077864,0.0001597947,9.456772e-05,0.00019092171
18007,Benton County,IN,3/17/2026 17:00,0.00039702212,8.097247e-05,0.00014732002,0.00016325795
18007,Benton County,IN,3/17/2026 18:00,0.00034786182,4.3426473e-05,0.00015493194,0.00014407323
18007,Benton County,IN,3/17/2026 19:00,0.00041827894,3.784573e-05,7.0455826e-05,4.4031316e-05
18007,Benton County,IN,3/17/2026 20:00,0.00027615103,2.9867517e-05,6.145104e-05,4.9772967e-05
18007,Benton County,IN,3/17/2026 21:00,0.0001597947,3.5587535e-05,6.628678e-05,5.668788e-05
18007,Benton County,IN,3/17/2026 22:00,8.097247e-05,9.926657e-05,0.000100269994,4.0213257e-05
18007,Benton County,IN,3/17/2026 23:00,4.3426473e-05,0.0002616228,9.851696e-05,2.9718965e-05
18007,Benton County,IN,3/18/2026 0:00,3.784573e-05,0.00017177727,7.075863e-05,
18007,Benton County,IN,3/18/2026 1:00,2.9867517e-05,9.712326e-05,5.6907757e-05,
18007,Benton County,IN,3/18/2026 2:00,3.5587535e-05,0.00039004814,3.243278e-05,
18007,Benton County,IN,3/18/2026 3:00,9.926657e-05,0.0005572634,3.166761e-05,
18007,Benton County,IN,3/18/2026 4:00,0.0002616228,0.0005878527,5.6230238e-05,
18007,Benton County,IN,3/18/2026 5:00,0.00017177727,0.0004828851,3.0306188e-05,
18007,Benton County,IN,3/18/2026 6:00,9.712326e-05,0.00039882996,5.5043474e-05,
18007,Benton County,IN,3/18/2026 7:00,0.00039004814,0.00034656582,7.043348e-05,
18007,Benton County,IN,3/18/2026 8:00,0.0005572634,0.00026241757,7.605698e-05,
18007,Benton County,IN,3/18/2026 9:00,0.0005878527,0.00016111572,3.3105334e-05,
18007,Benton County,IN,3/18/2026 10:00,0.0004828851,9.456772e-05,4.1720872e-05,
18007,Benton County,IN,3/18/2026 11:00,0.00039882996,0.00014732002,5.5833683e-05,
18007,Benton County,IN,3/18/2026 12:00,0.00034656582,0.00015493194,4.761873e-05,
18007,Benton County,IN,3/18/2026 13:00,0.00026241757,7.0455826e-05,7.5233205e-05,
18007,Benton County,IN,3/18/2026 14:00,0.00016111572,6.145104e-05,9.809434e-05,
18007,Benton County,IN,3/18/2026 15:00,9.456772e-05,6.628678e-05,0.00012975595,
18007,Benton County,IN,3/18/2026 16:00,0.00014732002,0.000100269994,0.00019092171,
18007,Benton County,IN,3/18/2026 17:00,0.00015493194,9.851696e-05,0.00016325795,
18007,Benton County,IN,3/18/2026 18:00,7.0455826e-05,7.075863e-05,0.00014407323,
18007,Benton County,IN,3/18/2026 19:00,6.145104e-05,5.6907757e-05,4.4031316e-05,
18007,Benton County,IN,3/18/2026 20:00,6.628678e-05,3.243278e-05,4.9772967e-05,
18007,Benton County,IN,3/18/2026 21:00,0.000100269994,3.166761e-05,5.668788e-05,
18007,Benton County,IN,3/18/2026 22:00,9.851696e-05,5.6230238e-05,4.0213257e-05,
18007,Benton County,IN,3/18/2026 23:00,7.075863e-05,3.0306188e-05,2.9718965e-05,
18007,Benton County,IN,3/19/2026 0:00,5.6907757e-05,5.5043474e-05,,
18007,Benton County,IN,3/19/2026 1:00,3.243278e-05,7.043348e-05,,
18007,Benton County,IN,3/19/2026 2:00,3.166761e-05,7.605698e-05,,
18007,Benton County,IN,3/19/2026 3:00,5.6230238e-05,3.3105334e-05,,
18007,Benton County,IN,3/19/2026 4:00,3.0306188e-05,4.1720872e-05,,
18007,Benton County,IN,3/19/2026 5:00,5.5043474e-05,5.5833683e-05,,
18007,Benton County,IN,3/19/2026 6:00,7.043348e-05,4.761873e-05,,
18007,Benton County,IN,3/19/2026 7:00,7.605698e-05,7.5233205e-05,,
18007,Benton County,IN,3/19/2026 8:00,3.3105334e-05,9.809434e-05,,
18007,Benton County,IN,3/19/2026 9:00,4.1720872e-05,0.00012975595,,
18007,Benton County,IN,3/19/2026 10:00,5.5833683e-05,0.00019092171,,
18007,Benton County,IN,3/19/2026 11:00,4.761873e-05,0.00016325795,,
18007,Benton County,IN,3/19/2026 12:00,7.5233205e-05,0.00014407323,,
18007,Benton County,IN,3/19/2026 13:00,9.809434e-05,4.4031316e-05,,
18007,Benton County,IN,3/19/2026 14:00,0.00012975595,4.9772967e-05,,
18007,Benton County,IN,3/19/2026 15:00,0.00019092171,5.668788e-05,,
18007,Benton County,IN,3/19/2026 16:00,0.00016325795,4.0213257e-05,,
18007,Benton County,IN,3/19/2026 17:00,0.00014407323,2.9718965e-05,,
18007,Benton County,IN,3/19/2026 18:00,4.4031316e-05,,,
18007,Benton County,IN,3/19/2026 19:00,4.9772967e-05,,,
18007,Benton County,IN,3/19/2026 20:00,5.668788e-05,,,
18007,Benton County,IN,3/19/2026 21:00,4.0213257e-05,,,
18007,Benton County,IN,3/19/2026 22:00,2.9718965e-05,,,
18007,Benton County,IN,3/19/2026 23:00,,,,
18011,Boone County,IN,3/14/2026 0:00,0.0005857996,0.00024210353,8.919656e-05,0.0010671197
18011,Boone County,IN,3/14/2026 1:00,0.0006046816,0.00023186703,5.0895233e-05,0.0016524033
18011,Boone County,IN,3/14/2026 2:00,0.0004979871,0.00019051015,1.692454e-05,0.0017250447
18011,Boone County,IN,3/14/2026 3:00,0.00014344751,9.2939714e-05,1.6269078e-05,0.0017627606
18011,Boone County,IN,3/14/2026 4:00,0.00030679803,0.00012379784,2.3945187e-05,0.0016242629
18011,Boone County,IN,3/14/2026 5:00,0.00024210353,0.0001780031,2.508752e-05,0.0013829735
18011,Boone County,IN,3/14/2026 6:00,0.00023186703,0.000104474704,2.7962853e-05,0.0012196032
18011,Boone County,IN,3/14/2026 7:00,0.00019051015,0.00012875747,3.8198657e-05,0.0011563499
18011,Boone County,IN,3/14/2026 8:00,9.2939714e-05,5.491835e-05,9.798864e-05,0.0011486181
18011,Boone County,IN,3/14/2026 9:00,0.00012379784,8.814327e-05,0.00018860924,0.00089931354
18011,Boone County,IN,3/14/2026 10:00,0.0001780031,0.00016900242,0.0005955731,0.000809588
18011,Boone County,IN,3/14/2026 11:00,0.000104474704,0.00016600502,0.0012871001,0.00073918834
18011,Boone County,IN,3/14/2026 12:00,0.00012875747,0.00016162745,0.0018617266,0.0006062371
18011,Boone County,IN,3/14/2026 13:00,5.491835e-05,0.00012693924,0.0022271583,0.000651075
18011,Boone County,IN,3/14/2026 14:00,8.814327e-05,0.00012488365,0.002316362,0.00049744966
18011,Boone County,IN,3/14/2026 15:00,0.00016900242,0.0001373892,0.0024217688,0.00025091064
18011,Boone County,IN,3/14/2026 16:00,0.00016600502,0.00011546027,0.0024771935,0.0002458978
18011,Boone County,IN,3/14/2026 17:00,0.00016162745,4.6535904e-05,0.00206804,0.00020960491
18011,Boone County,IN,3/14/2026 18:00,0.00012693924,8.919656e-05,0.0015670921,0.00013905077
18011,Boone County,IN,3/14/2026 19:00,0.00012488365,5.0895233e-05,0.0015604345,0.00017930035
18011,Boone County,IN,3/14/2026 20:00,0.0001373892,1.692454e-05,0.0016407429,0.000236981
18011,Boone County,IN,3/14/2026 21:00,0.00011546027,1.6269078e-05,0.0016812731,0.00018324776
18011,Boone County,IN,3/14/2026 22:00,4.6535904e-05,2.3945187e-05,0.002000586,0.00017715742
18011,Boone County,IN,3/14/2026 23:00,8.919656e-05,2.508752e-05,0.0019556705,0.00015250259
18011,Boone County,IN,3/15/2026 0:00,5.0895233e-05,2.7962853e-05,0.0010671197,0.00014210596
18011,Boone County,IN,3/15/2026 1:00,1.692454e-05,3.8198657e-05,0.0016524033,0.000106495914
18011,Boone County,IN,3/15/2026 2:00,1.6269078e-05,9.798864e-05,0.0017250447,0.00012815431
18011,Boone County,IN,3/15/2026 3:00,2.3945187e-05,0.00018860924,0.0017627606,0.00013925688
18011,Boone County,IN,3/15/2026 4:00,2.508752e-05,0.0005955731,0.0016242629,2.4486866e-05
18011,Boone County,IN,3/15/2026 5:00,2.7962853e-05,0.0012871001,0.0013829735,2.4177485e-05
18011,Boone County,IN,3/15/2026 6:00,3.8198657e-05,0.0018617266,0.0012196032,5.986339e-05
18011,Boone County,IN,3/15/2026 7:00,9.798864e-05,0.0022271583,0.0011563499,0.00016363901
18011,Boone County,IN,3/15/2026 8:00,0.00018860924,0.002316362,0.0011486181,0.0002334737
18011,Boone County,IN,3/15/2026 9:00,0.0005955731,0.0024217688,0.00089931354,0.00027702775
18011,Boone County,IN,3/15/2026 10:00,0.0012871001,0.0024771935,0.000809588,0.00034431502
18011,Boone County,IN,3/15/2026 11:00,0.0018617266,0.00206804,0.00073918834,0.0003060844
18011,Boone County,IN,3/15/2026 12:00,0.0022271583,0.0015670921,0.0006062371,0.00030093698
18011,Boone County,IN,3/15/2026 13:00,0.002316362,0.0015604345,0.000651075,0.00025283042
18011,Boone County,IN,3/15/2026 14:00,0.0024217688,0.0016407429,0.00049744966,0.0002291715
18011,Boone County,IN,3/15/2026 15:00,0.0024771935,0.0016812731,0.00025091064,0.00023828032
18011,Boone County,IN,3/15/2026 16:00,0.00206804,0.002000586,0.0002458978,0.00026814817
18011,Boone County,IN,3/15/2026 17:00,0.0015670921,0.0019556705,0.00020960491,0.0002495884
18011,Boone County,IN,3/15/2026 18:00,0.0015604345,0.0010671197,0.00013905077,0.00022898302
18011,Boone County,IN,3/15/2026 19:00,0.0016407429,0.0016524033,0.00017930035,0.00021708358
18011,Boone County,IN,3/15/2026 20:00,0.0016812731,0.0017250447,0.000236981,0.00026203576
18011,Boone County,IN,3/15/2026 21:00,0.002000586,0.0017627606,0.00018324776,0.00025634043
18011,Boone County,IN,3/15/2026 22:00,0.0019556705,0.0016242629,0.00017715742,0.00023683716
18011,Boone County,IN,3/15/2026 23:00,0.0010671197,0.0013829735,0.00015250259,0.00022940701
18011,Boone County,IN,3/16/2026 0:00,0.0016524033,0.0012196032,0.00014210596,0.00018271476
18011,Boone County,IN,3/16/2026 1:00,0.0017250447,0.0011563499,0.000106495914,0.0002032378
18011,Boone County,IN,3/16/2026 2:00,0.0017627606,0.0011486181,0.00012815431,0.00014754647
18011,Boone County,IN,3/16/2026 3:00,0.0016242629,0.00089931354,0.00013925688,0.0001455638
18011,Boone County,IN,3/16/2026 4:00,0.0013829735,0.000809588,2.4486866e-05,0.00017027768
18011,Boone County,IN,3/16/2026 5:00,0.0012196032,0.00073918834,2.4177485e-05,0.00013599965
18011,Boone County,IN,3/16/2026 6:00,0.0011563499,0.0006062371,5.986339e-05,0.00015793784
18011,Boone County,IN,3/16/2026 7:00,0.0011486181,0.000651075,0.00016363901,0.00020128691
18011,Boone County,IN,3/16/2026 8:00,0.00089931354,0.00049744966,0.0002334737,0.00011058995
18011,Boone County,IN,3/16/2026 9:00,0.000809588,0.00025091064,0.00027702775,0.00012129147
18011,Boone County,IN,3/16/2026 10:00,0.00073918834,0.0002458978,0.00034431502,0.00015966473
18011,Boone County,IN,3/16/2026 11:00,0.0006062371,0.00020960491,0.0003060844,0.00020229965
18011,Boone County,IN,3/16/2026 12:00,0.000651075,0.00013905077,0.00030093698,0.00018816421
18011,Boone County,IN,3/16/2026 13:00,0.00049744966,0.00017930035,0.00025283042,0.00014437553
18011,Boone County,IN,3/16/2026 14:00,0.00025091064,0.000236981,0.0002291715,0.00010074261
18011,Boone County,IN,3/16/2026 15:00,0.0002458978,0.00018324776,0.00023828032,0.00012471335
18011,Boone County,IN,3/16/2026 16:00,0.00020960491,0.00017715742,0.00026814817,0.00013922855
18011,Boone County,IN,3/16/2026 17:00,0.00013905077,0.00015250259,0.0002495884,0.000120545155
18011,Boone County,IN,3/16/2026 18:00,0.00017930035,0.00014210596,0.00022898302,0.00010734462
18011,Boone County,IN,3/16/2026 19:00,0.000236981,0.000106495914,0.00021708358,9.261373e-05
18011,Boone County,IN,3/16/2026 20:00,0.00018324776,0.00012815431,0.00026203576,0.00013517107
18011,Boone County,IN,3/16/2026 21:00,0.00017715742,0.00013925688,0.00025634043,0.00016342923
18011,Boone County,IN,3/16/2026 22:00,0.00015250259,2.4486866e-05,0.00023683716,0.00021611438
18011,Boone County,IN,3/16/2026 23:00,0.00014210596,2.4177485e-05,0.00022940701,0.00016225972
18011,Boone County,IN,3/17/2026 0:00,0.000106495914,5.986339e-05,0.00018271476,0.00016234758
18011,Boone County,IN,3/17/2026 1:00,0.00012815431,0.00016363901,0.0002032378,0.00022343393
18011,Boone County,IN,3/17/2026 2:00,0.00013925688,0.0002334737,0.00014754647,0.00022836721
18011,Boone County,IN,3/17/2026 3:00,2.4486866e-05,0.00027702775,0.0001455638,0.0002446926
18011,Boone County,IN,3/17/2026 4:00,2.4177485e-05,0.00034431502,0.00017027768,0.0002707007
18011,Boone County,IN,3/17/2026 5:00,5.986339e-05,0.0003060844,0.00013599965,0.00026554245
18011,Boone County,IN,3/17/2026 6:00,0.00016363901,0.00030093698,0.00015793784,0.00027836396
18011,Boone County,IN,3/17/2026 7:00,0.0002334737,0.00025283042,0.00020128691,0.0002523112
18011,Boone County,IN,3/17/2026 8:00,0.00027702775,0.0002291715,0.00011058995,0.00021011308
18011,Boone County,IN,3/17/2026 9:00,0.00034431502,0.00023828032,0.00012129147,0.0001757395
18011,Boone County,IN,3/17/2026 10:00,0.0003060844,0.00026814817,0.00015966473,0.0001489271
18011,Boone County,IN,3/17/2026 11:00,0.00030093698,0.0002495884,0.00020229965,0.00014202805
18011,Boone County,IN,3/17/2026 12:00,0.00025283042,0.00022898302,0.00018816421,8.769482e-05
18011,Boone County,IN,3/17/2026 13:00,0.0002291715,0.00021708358,0.00014437553,9.290989e-05
18011,Boone County,IN,3/17/2026 14:00,0.00023828032,0.00026203576,0.00010074261,6.0908358e-05
18011,Boone County,IN,3/17/2026 15:00,0.00026814817,0.00025634043,0.00012471335,7.934691e-05
18011,Boone County,IN,3/17/2026 16:00,0.0002495884,0.00023683716,0.00013922855,0.00012171932
18011,Boone County,IN,3/17/2026 17:00,0.00022898302,0.00022940701,0.000120545155,9.9029276e-05
18011,Boone County,IN,3/17/2026 18:00,0.00021708358,0.00018271476,0.00010734462,0.00013425406
18011,Boone County,IN,3/17/2026 19:00,0.00026203576,0.0002032378,9.261373e-05,0.00020734766
18011,Boone County,IN,3/17/2026 20:00,0.00025634043,0.00014754647,0.00013517107,0.00028932127
18011,Boone County,IN,3/17/2026 21:00,0.00023683716,0.0001455638,0.00016342923,0.0003256237
18011,Boone County,IN,3/17/2026 22:00,0.00022940701,0.00017027768,0.00021611438,0.00031663457
18011,Boone County,IN,3/17/2026 23:00,0.00018271476,0.00013599965,0.00016225972,0.00026858467
18011,Boone County,IN,3/18/2026 0:00,0.0002032378,0.00015793784,0.00016234758,
18011,Boone County,IN,3/18/2026 1:00,0.00014754647,0.00020128691,0.00022343393,
18011,Boone County,IN,3/18/2026 2:00,0.0001455638,0.00011058995,0.00022836721,
18011,Boone County,IN,3/18/2026 3:00,0.00017027768,0.00012129147,0.0002446926,
18011,Boone County,IN,3/18/2026 4:00,0.00013599965,0.00015966473,0.0002707007,
18011,Boone County,IN,3/18/2026 5:00,0.00015793784,0.00020229965,0.00026554245,
18011,Boone County,IN,3/18/2026 6:00,0.00020128691,0.00018816421,0.00027836396,
18011,Boone County,IN,3/18/2026 7:00,0.00011058995,0.00014437553,0.0002523112,
18011,Boone County,IN,3/18/2026 8:00,0.00012129147,0.00010074261,0.00021011308,
18011,Boone County,IN,3/18/2026 9:00,0.00015966473,0.00012471335,0.0001757395,
18011,Boone County,IN,3/18/2026 10:00,0.00020229965,0.00013922855,0.0001489271,
18011,Boone County,IN,3/18/2026 11:00,0.00018816421,0.000120545155,0.00014202805,
18011,Boone County,IN,3/18/2026 12:00,0.00014437553,0.00010734462,8.769482e-05,
18011,Boone County,IN,3/18/2026 13:00,0.00010074261,9.261373e-05,9.290989e-05,
18011,Boone County,IN,3/18/2026 14:00,0.00012471335,0.00013517107,6.0908358e-05,
18011,Boone County,IN,3/18/2026 15:00,0.00013922855,0.00016342923,7.934691e-05,
18011,Boone County,IN,3/18/2026 16:00,0.000120545155,0.00021611438,0.00012171932,
18011,Boone County,IN,3/18/2026 17:00,0.00010734462,0.00016225972,9.9029276e-05,
18011,Boone County,IN,3/18/2026 18:00,9.261373e-05,0.00016234758,0.00013425406,
18011,Boone County,IN,3/18/2026 19:00,0.00013517107,0.00022343393,0.00020734766,
18011,Boone County,IN,3/18/2026 20:00,0.00016342923,0.00022836721,0.00028932127,
18011,Boone County,IN,3/18/2026 21:00,0.00021611438,0.0002446926,0.0003256237,
18011,Boone County,IN,3/18/2026 22:00,0.00016225972,0.0002707007,0.00031663457,
18011,Boone County,IN,3/18/2026 23:00,0.00016234758,0.00026554245,0.00026858467,
18011,Boone County,IN,3/19/2026 0:00,0.00022343393,0.00027836396,,
18011,Boone County,IN,3/19/2026 1:00,0.00022836721,0.0002523112,,
18011,Boone County,IN,3/19/2026 2:00,0.0002446926,0.00021011308,,
18011,Boone County,IN,3/19/2026 3:00,0.0002707007,0.0001757395,,
18011,Boone County,IN,3/19/2026 4:00,0.00026554245,0.0001489271,,
18011,Boone County,IN,3/19/2026 5:00,0.00027836396,0.00014202805,,
18011,Boone County,IN,3/19/2026 6:00,0.0002523112,8.769482e-05,,
18011,Boone County,IN,3/19/2026 7:00,0.00021011308,9.290989e-05,,
18011,Boone County,IN,3/19/2026 8:00,0.0001757395,6.0908358e-05,,
18011,Boone County,IN,3/19/2026 9:00,0.0001489271,7.934691e-05,,
18011,Boone County,IN,3/19/2026 10:00,0.00014202805,0.00012171932,,
18011,Boone County,IN,3/19/2026 11:00,8.769482e-05,9.9029276e-05,,
18011,Boone County,IN,3/19/2026 12:00,9.290989e-05,0.00013425406,,
18011,Boone County,IN,3/19/2026 13:00,6.0908358e-05,0.00020734766,,
18011,Boone County,IN,3/19/2026 14:00,7.934691e-05,0.00028932127,,
18011,Boone County,IN,3/19/2026 15:00,0.00012171932,0.0003256237,,
18011,Boone County,IN,3/19/2026 16:00,9.9029276e-05,0.00031663457,,
18011,Boone County,IN,3/19/2026 17:00,0.00013425406,0.00026858467,,
18011,Boone County,IN,3/19/2026 18:00,0.00020734766,,,
18011,Boone County,IN,3/19/2026 19:00,0.00028932127,,,
18011,Boone County,IN,3/19/2026 20:00,0.0003256237,,,
18011,Boone County,IN,3/19/2026 21:00,0.00031663457,,,
18011,Boone County,IN,3/19/2026 22:00,0.00026858467,,,
18011,Boone County,IN,3/19/2026 23:00,,,,
18015,Carroll County,IN,3/14/2026 0:00,0.0009614941,0.00058401725,0.00018378085,0.0019497669
18015,Carroll County,IN,3/14/2026 1:00,0.000857761,0.00061470165,0.00010089397,0.0020615251
18015,Carroll County,IN,3/14/2026 2:00,0.00040039056,0.00033130735,8.3651496e-05,0.0020821318
18015,Carroll County,IN,3/14/2026 3:00,0.00041634883,0.0003079998,7.574514e-05,0.001887371
18015,Carroll County,IN,3/14/2026 4:00,0.00035513035,0.00031041307,0.000106738626,0.0016393595
18015,Carroll County,IN,3/14/2026 5:00,0.00058401725,0.0003506161,0.00014563686,0.0012256681
18015,Carroll County,IN,3/14/2026 6:00,0.00061470165,0.0004816413,7.492909e-05,0.0010018963
18015,Carroll County,IN,3/14/2026 7:00,0.00033130735,0.00044961946,0.00012922529,0.0009826871
18015,Carroll County,IN,3/14/2026 8:00,0.0003079998,0.0003040113,0.0002255069,0.00089220825
18015,Carroll County,IN,3/14/2026 9:00,0.00031041307,0.00029774368,0.0005468214,0.0007087999
18015,Carroll County,IN,3/14/2026 10:00,0.0003506161,0.00039163377,0.0006298107,0.0005467166
18015,Carroll County,IN,3/14/2026 11:00,0.0004816413,0.00025142147,0.0009706764,0.0005044711
18015,Carroll County,IN,3/14/2026 12:00,0.00044961946,0.00024275701,0.0015634948,0.00045391778
18015,Carroll County,IN,3/14/2026 13:00,0.0003040113,0.0004469764,0.0021012744,0.0004028696
18015,Carroll County,IN,3/14/2026 14:00,0.00029774368,0.00041527487,0.0017761006,0.00033756427
18015,Carroll County,IN,3/14/2026 15:00,0.00039163377,0.00023313577,0.0018668652,0.0001328918
18015,Carroll County,IN,3/14/2026 16:00,0.00025142147,0.00017497446,0.0022229487,0.00014450333
18015,Carroll County,IN,3/14/2026 17:00,0.00024275701,6.320446e-05,0.0014544153,0.00013503766
18015,Carroll County,IN,3/14/2026 18:00,0.0004469764,0.00018378085,0.0021535892,0.00013147827
18015,Carroll County,IN,3/14/2026 19:00,0.00041527487,0.00010089397,0.0018908295,6.444817e-05
18015,Carroll County,IN,3/14/2026 20:00,0.00023313577,8.3651496e-05,0.0020168836,6.88463e-05
18015,Carroll County,IN,3/14/2026 21:00,0.00017497446,7.574514e-05,0.0019753156,8.6197164e-05
18015,Carroll County,IN,3/14/2026 22:00,6.320446e-05,0.000106738626,0.0024788296,0.00012072195
18015,Carroll County,IN,3/14/2026 23:00,0.00018378085,0.00014563686,0.0015362325,0.00010390904
18015,Carroll County,IN,3/15/2026 0:00,0.00010089397,7.492909e-05,0.0019497669,7.184809e-05
18015,Carroll County,IN,3/15/2026 1:00,8.3651496e-05,0.00012922529,0.0020615251,8.0068705e-05
18015,Carroll County,IN,3/15/2026 2:00,7.574514e-05,0.0002255069,0.0020821318,8.716388e-05
18015,Carroll County,IN,3/15/2026 3:00,0.000106738626,0.0005468214,0.001887371,6.385783e-05
18015,Carroll County,IN,3/15/2026 4:00,0.00014563686,0.0006298107,0.0016393595,6.8097674e-05
18015,Carroll County,IN,3/15/2026 5:00,7.492909e-05,0.0009706764,0.0012256681,0.00013359023
18015,Carroll County,IN,3/15/2026 6:00,0.00012922529,0.0015634948,0.0010018963,0.00019228441
18015,Carroll County,IN,3/15/2026 7:00,0.0002255069,0.0021012744,0.0009826871,0.00030174208
18015,Carroll County,IN,3/15/2026 8:00,0.0005468214,0.0017761006,0.00089220825,0.00037983217
18015,Carroll County,IN,3/15/2026 9:00,0.0006298107,0.0018668652,0.0007087999,0.00047097873
18015,Carroll County,IN,3/15/2026 10:00,0.0009706764,0.0022229487,0.0005467166,0.00039672447
18015,Carroll County,IN,3/15/2026 11:00,0.0015634948,0.0014544153,0.0005044711,0.0003686988
18015,Carroll County,IN,3/15/2026 12:00,0.0021012744,0.0021535892,0.00045391778,0.00038546431
18015,Carroll County,IN,3/15/2026 13:00,0.0017761006,0.0018908295,0.0004028696,0.00037674527
18015,Carroll County,IN,3/15/2026 14:00,0.0018668652,0.0020168836,0.00033756427,0.00033582092
18015,Carroll County,IN,3/15/2026 15:00,0.0022229487,0.0019753156,0.0001328918,0.00028845028
18015,Carroll County,IN,3/15/2026 16:00,0.0014544153,0.0024788296,0.00014450333,0.00026968098
18015,Carroll County,IN,3/15/2026 17:00,0.0021535892,0.0015362325,0.00013503766,0.00023785772
18015,Carroll County,IN,3/15/2026 18:00,0.0018908295,0.0019497669,0.00013147827,0.00023583602
18015,Carroll County,IN,3/15/2026 19:00,0.0020168836,0.0020615251,6.444817e-05,0.00027771541
18015,Carroll County,IN,3/15/2026 20:00,0.0019753156,0.0020821318,6.88463e-05,0.00028493832
18015,Carroll County,IN,3/15/2026 21:00,0.0024788296,0.001887371,8.6197164e-05,0.00039973948
18015,Carroll County,IN,3/15/2026 22:00,0.0015362325,0.0016393595,0.00012072195,0.00038320027
18015,Carroll County,IN,3/15/2026 23:00,0.0019497669,0.0012256681,0.00010390904,0.00032956636
18015,Carroll County,IN,3/16/2026 0:00,0.0020615251,0.0010018963,7.184809e-05,0.0002509546
18015,Carroll County,IN,3/16/2026 1:00,0.0020821318,0.0009826871,8.0068705e-05,0.00026678533
18015,Carroll County,IN,3/16/2026 2:00,0.001887371,0.00089220825,8.716388e-05,0.00022656002
18015,Carroll County,IN,3/16/2026 3:00,0.0016393595,0.0007087999,6.385783e-05,0.00022259039
18015,Carroll County,IN,3/16/2026 4:00,0.0012256681,0.0005467166,6.8097674e-05,0.00020633782
18015,Carroll County,IN,3/16/2026 5:00,0.0010018963,0.0005044711,0.00013359023,0.00024356983
18015,Carroll County,IN,3/16/2026 6:00,0.0009826871,0.00045391778,0.00019228441,0.00029794418
18015,Carroll County,IN,3/16/2026 7:00,0.00089220825,0.0004028696,0.00030174208,0.0002980555
18015,Carroll County,IN,3/16/2026 8:00,0.0007087999,0.00033756427,0.00037983217,0.0003223293
18015,Carroll County,IN,3/16/2026 9:00,0.0005467166,0.0001328918,0.00047097873,0.00038607535
18015,Carroll County,IN,3/16/2026 10:00,0.0005044711,0.00014450333,0.00039672447,0.00032048862
18015,Carroll County,IN,3/16/2026 11:00,0.00045391778,0.00013503766,0.0003686988,0.00020152524
18015,Carroll County,IN,3/16/2026 12:00,0.0004028696,0.00013147827,0.00038546431,0.0001716019
18015,Carroll County,IN,3/16/2026 13:00,0.00033756427,6.444817e-05,0.00037674527,0.00016461335
18015,Carroll County,IN,3/16/2026 14:00,0.0001328918,6.88463e-05,0.00033582092,0.00014591262
18015,Carroll County,IN,3/16/2026 15:00,0.00014450333,8.6197164e-05,0.00028845028,0.00011666061
18015,Carroll County,IN,3/16/2026 16:00,0.00013503766,0.00012072195,0.00026968098,7.130232e-05
18015,Carroll County,IN,3/16/2026 17:00,0.00013147827,0.00010390904,0.00023785772,0.00012835431
18015,Carroll County,IN,3/16/2026 18:00,6.444817e-05,7.184809e-05,0.00023583602,0.0001230363
18015,Carroll County,IN,3/16/2026 19:00,6.88463e-05,8.0068705e-05,0.00027771541,7.2636736e-05
18015,Carroll County,IN,3/16/2026 20:00,8.6197164e-05,8.716388e-05,0.00028493832,0.00013989814
18015,Carroll County,IN,3/16/2026 21:00,0.00012072195,6.385783e-05,0.00039973948,0.00028104454
18015,Carroll County,IN,3/16/2026 22:00,0.00010390904,6.8097674e-05,0.00038320027,0.00031139725
18015,Carroll County,IN,3/16/2026 23:00,7.184809e-05,0.00013359023,0.00032956636,0.00022399685
18015,Carroll County,IN,3/17/2026 0:00,8.0068705e-05,0.00019228441,0.0002509546,0.00018523271
18015,Carroll County,IN,3/17/2026 1:00,8.716388e-05,0.00030174208,0.00026678533,0.00025171446
18015,Carroll County,IN,3/17/2026 2:00,6.385783e-05,0.00037983217,0.00022656002,0.00015969589
18015,Carroll County,IN,3/17/2026 3:00,6.8097674e-05,0.00047097873,0.00022259039,0.00017182252
18015,Carroll County,IN,3/17/2026 4:00,0.00013359023,0.00039672447,0.00020633782,0.0001315109
18015,Carroll County,IN,3/17/2026 5:00,0.00019228441,0.0003686988,0.00024356983,0.00012427333
18015,Carroll County,IN,3/17/2026 6:00,0.00030174208,0.00038546431,0.00029794418,0.00013417932
18015,Carroll County,IN,3/17/2026 7:00,0.00037983217,0.00037674527,0.0002980555,9.559843e-05
18015,Carroll County,IN,3/17/2026 8:00,0.00047097873,0.00033582092,0.0003223293,0.0001229266
18015,Carroll County,IN,3/17/2026 9:00,0.00039672447,0.00028845028,0.00038607535,0.00011383335
18015,Carroll County,IN,3/17/2026 10:00,0.0003686988,0.00026968098,0.00032048862,0.0001309762
18015,Carroll County,IN,3/17/2026 11:00,0.00038546431,0.00023785772,0.00020152524,0.0001888358
18015,Carroll County,IN,3/17/2026 12:00,0.00037674527,0.00023583602,0.0001716019,0.00019242559
18015,Carroll County,IN,3/17/2026 13:00,0.00033582092,0.00027771541,0.00016461335,0.0001245038
18015,Carroll County,IN,3/17/2026 14:00,0.00028845028,0.00028493832,0.00014591262,0.00011617821
18015,Carroll County,IN,3/17/2026 15:00,0.00026968098,0.00039973948,0.00011666061,0.00010453224
18015,Carroll County,IN,3/17/2026 16:00,0.00023785772,0.00038320027,7.130232e-05,0.00014063308
18015,Carroll County,IN,3/17/2026 17:00,0.00023583602,0.00032956636,0.00012835431,0.00014416252
18015,Carroll County,IN,3/17/2026 18:00,0.00027771541,0.0002509546,0.0001230363,0.00015635908
18015,Carroll County,IN,3/17/2026 19:00,0.00028493832,0.00026678533,7.2636736e-05,0.00026185348
18015,Carroll County,IN,3/17/2026 20:00,0.00039973948,0.00022656002,0.00013989814,0.00028186446
18015,Carroll County,IN,3/17/2026 21:00,0.00038320027,0.00022259039,0.00028104454,0.00036733164
18015,Carroll County,IN,3/17/2026 22:00,0.00032956636,0.00020633782,0.00031139725,0.0004952137
18015,Carroll County,IN,3/17/2026 23:00,0.0002509546,0.00024356983,0.00022399685,0.0004790889
18015,Carroll County,IN,3/18/2026 0:00,0.00026678533,0.00029794418,0.00018523271,
18015,Carroll County,IN,3/18/2026 1:00,0.00022656002,0.0002980555,0.00025171446,
18015,Carroll County,IN,3/18/2026 2:00,0.00022259039,0.0003223293,0.00015969589,
18015,Carroll County,IN,3/18/2026 3:00,0.00020633782,0.00038607535,0.00017182252,
18015,Carroll County,IN,3/18/2026 4:00,0.00024356983,0.00032048862,0.0001315109,
18015,Carroll County,IN,3/18/2026 5:00,0.00029794418,0.00020152524,0.00012427333,
18015,Carroll County,IN,3/18/2026 6:00,0.0002980555,0.0001716019,0.00013417932,
18015,Carroll County,IN,3/18/2026 7:00,0.0003223293,0.00016461335,9.559843e-05,
18015,Carroll County,IN,3/18/2026 8:00,0.00038607535,0.00014591262,0.0001229266,
18015,Carroll County,IN,3/18/2026 9:00,0.00032048862,0.00011666061,0.00011383335,
18015,Carroll County,IN,3/18/2026 10:00,0.00020152524,7.130232e-05,0.0001309762,
18015,Carroll County,IN,3/18/2026 11:00,0.0001716019,0.00012835431,0.0001888358,
18015,Carroll County,IN,3/18/2026 12:00,0.00016461335,0.0001230363,0.00019242559,
18015,Carroll County,IN,3/18/2026 13:00,0.00014591262,7.2636736e-05,0.0001245038,
18015,Carroll County,IN,3/18/2026 14:00,0.00011666061,0.00013989814,0.00011617821,
18015,Carroll County,IN,3/18/2026 15:00,7.130232e-05,0.00028104454,0.00010453224,
18015,Carroll County,IN,3/18/2026 16:00,0.00012835431,0.00031139725,0.00014063308,
18015,Carroll County,IN,3/18/2026 17:00,0.0001230363,0.00022399685,0.00014416252,
18015,Carroll County,IN,3/18/2026 18:00,7.2636736e-05,0.00018523271,0.00015635908,
18015,Carroll County,IN,3/18/2026 19:00,0.00013989814,0.00025171446,0.00026185348,
18015,Carroll County,IN,3/18/2026 20:00,0.00028104454,0.00015969589,0.00028186446,
18015,Carroll County,IN,3/18/2026 21:00,0.00031139725,0.00017182252,0.00036733164,
18015,Carroll County,IN,3/18/2026 22:00,0.00022399685,0.0001315109,0.0004952137,
18015,Carroll County,IN,3/18/2026 23:00,0.00018523271,0.00012427333,0.0004790889,
18015,Carroll County,IN,3/19/2026 0:00,0.00025171446,0.00013417932,,
18015,Carroll County,IN,3/19/2026 1:00,0.00015969589,9.559843e-05,,
18015,Carroll County,IN,3/19/2026 2:00,0.00017182252,0.0001229266,,
18015,Carroll County,IN,3/19/2026 3:00,0.0001315109,0.00011383335,,
18015,Carroll County,IN,3/19/2026 4:00,0.00012427333,0.0001309762,,
18015,Carroll County,IN,3/19/2026 5:00,0.00013417932,0.0001888358,,
18015,Carroll County,IN,3/19/2026 6:00,9.559843e-05,0.00019242559,,
18015,Carroll County,IN,3/19/2026 7:00,0.0001229266,0.0001245038,,
18015,Carroll County,IN,3/19/2026 8:00,0.00011383335,0.00011617821,,
18015,Carroll County,IN,3/19/2026 9:00,0.0001309762,0.00010453224,,
18015,Carroll County,IN,3/19/2026 10:00,0.0001888358,0.00014063308,,
18015,Carroll County,IN,3/19/2026 11:00,0.00019242559,0.00014416252,,
18015,Carroll County,IN,3/19/2026 12:00,0.0001245038,0.00015635908,,
18015,Carroll County,IN,3/19/2026 13:00,0.00011617821,0.00026185348,,
18015,Carroll County,IN,3/19/2026 14:00,0.00010453224,0.00028186446,,
18015,Carroll County,IN,3/19/2026 15:00,0.00014063308,0.00036733164,,
18015,Carroll County,IN,3/19/2026 16:00,0.00014416252,0.0004952137,,
18015,Carroll County,IN,3/19/2026 17:00,0.00015635908,0.0004790889,,
18015,Carroll County,IN,3/19/2026 18:00,0.00026185348,,,
18015,Carroll County,IN,3/19/2026 19:00,0.00028186446,,,
18015,Carroll County,IN,3/19/2026 20:00,0.00036733164,,,
18015,Carroll County,IN,3/19/2026 21:00,0.0004952137,,,
18015,Carroll County,IN,3/19/2026 22:00,0.0004790889,,,
18015,Carroll County,IN,3/19/2026 23:00,,,,
18017,Cass County,IN,3/14/2026 0:00,0.0007849204,0.0007323922,0.0001077115,0.0005645081
18017,Cass County,IN,3/14/2026 1:00,0.0010269057,0.0006693247,0.000108231165,0.0015791046
18017,Cass County,IN,3/14/2026 2:00,0.00086956914,0.000518423,0.00012646345,0.0018034021
18017,Cass County,IN,3/14/2026 3:00,0.0007217715,0.00047137076,0.000119494274,0.0018265855
18017,Cass County,IN,3/14/2026 4:00,0.00047332403,0.00046283647,0.00013073148,0.0015182554
18017,Cass County,IN,3/14/2026 5:00,0.0007323922,0.00053247437,0.0001672463,0.0011910393
18017,Cass County,IN,3/14/2026 6:00,0.0006693247,0.00066431006,0.00015304022,0.0009194026
18017,Cass County,IN,3/14/2026 7:00,0.000518423,0.0006905993,0.00016657199,0.00086267036
18017,Cass County,IN,3/14/2026 8:00,0.00047137076,0.0005488351,0.00020476474,0.0007796583
18017,Cass County,IN,3/14/2026 9:00,0.00046283647,0.00054371456,0.00049867836,0.0005728835
18017,Cass County,IN,3/14/2026 10:00,0.00053247437,0.0007282895,0.0006201552,0.0004744341
18017,Cass County,IN,3/14/2026 11:00,0.00066431006,0.00048279314,0.0009789295,0.00047932856
18017,Cass County,IN,3/14/2026 12:00,0.0006905993,0.00045181677,0.0015274163,0.0004882517
18017,Cass County,IN,3/14/2026 13:00,0.0005488351,0.000555191,0.0019052962,0.00043808023
18017,Cass County,IN,3/14/2026 14:00,0.00054371456,0.00047300887,0.0015011478,0.00037308125
18017,Cass County,IN,3/14/2026 15:00,0.0007282895,0.0002475455,0.0021152287,0.00022835475
18017,Cass County,IN,3/14/2026 16:00,0.00048279314,0.00013868517,0.002577033,0.00020135459
18017,Cass County,IN,3/14/2026 17:00,0.00045181677,0.000114475406,0.002210037,0.0002273907
18017,Cass County,IN,3/14/2026 18:00,0.000555191,0.0001077115,0.0028240352,0.00025595608
18017,Cass County,IN,3/14/2026 19:00,0.00047300887,0.000108231165,0.0027038378,0.00020019196
18017,Cass County,IN,3/14/2026 20:00,0.0002475455,0.00012646345,0.0022669144,7.392629e-05
18017,Cass County,IN,3/14/2026 21:00,0.00013868517,0.000119494274,0.0016904519,0.0001318904
18017,Cass County,IN,3/14/2026 22:00,0.000114475406,0.00013073148,0.001823903,0.00011784725
18017,Cass County,IN,3/14/2026 23:00,0.0001077115,0.0001672463,0.00068421994,0.0001546732
18017,Cass County,IN,3/15/2026 0:00,0.000108231165,0.00015304022,0.0005645081,0.00013465772
18017,Cass County,IN,3/15/2026 1:00,0.00012646345,0.00016657199,0.0015791046,0.00010494316
18017,Cass County,IN,3/15/2026 2:00,0.000119494274,0.00020476474,0.0018034021,6.8153924e-05
18017,Cass County,IN,3/15/2026 3:00,0.00013073148,0.00049867836,0.0018265855,6.2822146e-05
18017,Cass County,IN,3/15/2026 4:00,0.0001672463,0.0006201552,0.0015182554,7.602116e-05
18017,Cass County,IN,3/15/2026 5:00,0.00015304022,0.0009789295,0.0011910393,0.0001569041
18017,Cass County,IN,3/15/2026 6:00,0.00016657199,0.0015274163,0.0009194026,0.00029326483
18017,Cass County,IN,3/15/2026 7:00,0.00020476474,0.0019052962,0.00086267036,0.0003767458
18017,Cass County,IN,3/15/2026 8:00,0.00049867836,0.0015011478,0.0007796583,0.00045193013
18017,Cass County,IN,3/15/2026 9:00,0.0006201552,0.0021152287,0.0005728835,0.0004842364
18017,Cass County,IN,3/15/2026 10:00,0.0009789295,0.002577033,0.0004744341,0.00044109856
18017,Cass County,IN,3/15/2026 11:00,0.0015274163,0.002210037,0.00047932856,0.00035682248
18017,Cass County,IN,3/15/2026 12:00,0.0019052962,0.0028240352,0.0004882517,0.00042673066
18017,Cass County,IN,3/15/2026 13:00,0.0015011478,0.0027038378,0.00043808023,0.00042626215
18017,Cass County,IN,3/15/2026 14:00,0.0021152287,0.0022669144,0.00037308125,0.00032229425
18017,Cass County,IN,3/15/2026 15:00,0.002577033,0.0016904519,0.00022835475,0.00027757903
18017,Cass County,IN,3/15/2026 16:00,0.002210037,0.001823903,0.00020135459,0.0002114677
18017,Cass County,IN,3/15/2026 17:00,0.0028240352,0.00068421994,0.0002273907,0.00018380833
18017,Cass County,IN,3/15/2026 18:00,0.0027038378,0.0005645081,0.00025595608,0.00018122829
18017,Cass County,IN,3/15/2026 19:00,0.0022669144,0.0015791046,0.00020019196,0.00021978084
18017,Cass County,IN,3/15/2026 20:00,0.0016904519,0.0018034021,7.392629e-05,0.0002490018
18017,Cass County,IN,3/15/2026 21:00,0.001823903,0.0018265855,0.0001318904,0.00029593904
18017,Cass County,IN,3/15/2026 22:00,0.00068421994,0.0015182554,0.00011784725,0.00031689642
18017,Cass County,IN,3/15/2026 23:00,0.0005645081,0.0011910393,0.0001546732,0.00027037004
18017,Cass County,IN,3/16/2026 0:00,0.0015791046,0.0009194026,0.00013465772,0.0002225725
18017,Cass County,IN,3/16/2026 1:00,0.0018034021,0.00086267036,0.00010494316,0.00024548627
18017,Cass County,IN,3/16/2026 2:00,0.0018265855,0.0007796583,6.8153924e-05,0.00019748718
18017,Cass County,IN,3/16/2026 3:00,0.0015182554,0.0005728835,6.2822146e-05,0.00021125212
18017,Cass County,IN,3/16/2026 4:00,0.0011910393,0.0004744341,7.602116e-05,0.00020940125
18017,Cass County,IN,3/16/2026 5:00,0.0009194026,0.00047932856,0.0001569041,0.00026943302
18017,Cass County,IN,3/16/2026 6:00,0.00086267036,0.0004882517,0.00029326483,0.0002685081
18017,Cass County,IN,3/16/2026 7:00,0.0007796583,0.00043808023,0.0003767458,0.00028441247
18017,Cass County,IN,3/16/2026 8:00,0.0005728835,0.00037308125,0.00045193013,0.00029608572
18017,Cass County,IN,3/16/2026 9:00,0.0004744341,0.00022835475,0.0004842364,0.00030475197
18017,Cass County,IN,3/16/2026 10:00,0.00047932856,0.00020135459,0.00044109856,0.00029127032
18017,Cass County,IN,3/16/2026 11:00,0.0004882517,0.0002273907,0.00035682248,0.0002483404
18017,Cass County,IN,3/16/2026 12:00,0.00043808023,0.00025595608,0.00042673066,0.0002822496
18017,Cass County,IN,3/16/2026 13:00,0.00037308125,0.00020019196,0.00042626215,0.00020983191
18017,Cass County,IN,3/16/2026 14:00,0.00022835475,7.392629e-05,0.00032229425,0.0001739809
18017,Cass County,IN,3/16/2026 15:00,0.00020135459,0.0001318904,0.00027757903,0.00014200734
18017,Cass County,IN,3/16/2026 16:00,0.0002273907,0.00011784725,0.0002114677,0.00012047812
18017,Cass County,IN,3/16/2026 17:00,0.00025595608,0.0001546732,0.00018380833,0.00014790168
18017,Cass County,IN,3/16/2026 18:00,0.00020019196,0.00013465772,0.00018122829,0.00016974879
18017,Cass County,IN,3/16/2026 19:00,7.392629e-05,0.00010494316,0.00021978084,5.1941155e-05
18017,Cass County,IN,3/16/2026 20:00,0.0001318904,6.8153924e-05,0.0002490018,9.678269e-05
18017,Cass County,IN,3/16/2026 21:00,0.00011784725,6.2822146e-05,0.00029593904,0.00015887227
18017,Cass County,IN,3/16/2026 22:00,0.0001546732,7.602116e-05,0.00031689642,0.00023800023
18017,Cass County,IN,3/16/2026 23:00,0.00013465772,0.0001569041,0.00027037004,0.00014760694
18017,Cass County,IN,3/17/2026 0:00,0.00010494316,0.00029326483,0.0002225725,0.00015976663
18017,Cass County,IN,3/17/2026 1:00,6.8153924e-05,0.0003767458,0.00024548627,0.00020023999
18017,Cass County,IN,3/17/2026 2:00,6.2822146e-05,0.00045193013,0.00019748718,0.0001985489
18017,Cass County,IN,3/17/2026 3:00,7.602116e-05,0.0004842364,0.00021125212,0.00023258118
18017,Cass County,IN,3/17/2026 4:00,0.0001569041,0.00044109856,0.00020940125,0.00019822395
18017,Cass County,IN,3/17/2026 5:00,0.00029326483,0.00035682248,0.00026943302,0.00025552508
18017,Cass County,IN,3/17/2026 6:00,0.0003767458,0.00042673066,0.0002685081,0.00022140934
18017,Cass County,IN,3/17/2026 7:00,0.00045193013,0.00042626215,0.00028441247,0.0002915751
18017,Cass County,IN,3/17/2026 8:00,0.0004842364,0.00032229425,0.00029608572,0.00021009975
18017,Cass County,IN,3/17/2026 9:00,0.00044109856,0.00027757903,0.00030475197,0.00020759091
18017,Cass County,IN,3/17/2026 10:00,0.00035682248,0.0002114677,0.00029127032,0.00021892053
18017,Cass County,IN,3/17/2026 11:00,0.00042673066,0.00018380833,0.0002483404,0.00025723368
18017,Cass County,IN,3/17/2026 12:00,0.00042626215,0.00018122829,0.0002822496,0.0002111345
18017,Cass County,IN,3/17/2026 13:00,0.00032229425,0.00021978084,0.00020983191,0.00019382425
18017,Cass County,IN,3/17/2026 14:00,0.00027757903,0.0002490018,0.0001739809,8.967852e-05
18017,Cass County,IN,3/17/2026 15:00,0.0002114677,0.00029593904,0.00014200734,4.796413e-05
18017,Cass County,IN,3/17/2026 16:00,0.00018380833,0.00031689642,0.00012047812,0.00011231495
18017,Cass County,IN,3/17/2026 17:00,0.00018122829,0.00027037004,0.00014790168,0.00013634036
18017,Cass County,IN,3/17/2026 18:00,0.00021978084,0.0002225725,0.00016974879,0.00014893289
18017,Cass County,IN,3/17/2026 19:00,0.0002490018,0.00024548627,5.1941155e-05,0.000210113
18017,Cass County,IN,3/17/2026 20:00,0.00029593904,0.00019748718,9.678269e-05,0.00021899112
18017,Cass County,IN,3/17/2026 21:00,0.00031689642,0.00021125212,0.00015887227,0.00027366227
18017,Cass County,IN,3/17/2026 22:00,0.00027037004,0.00020940125,0.00023800023,0.00029186753
18017,Cass County,IN,3/17/2026 23:00,0.0002225725,0.00026943302,0.00014760694,0.00028818985
18017,Cass County,IN,3/18/2026 0:00,0.00024548627,0.0002685081,0.00015976663,
18017,Cass County,IN,3/18/2026 1:00,0.00019748718,0.00028441247,0.00020023999,
18017,Cass County,IN,3/18/2026 2:00,0.00021125212,0.00029608572,0.0001985489,
18017,Cass County,IN,3/18/2026 3:00,0.00020940125,0.00030475197,0.00023258118,
18017,Cass County,IN,3/18/2026 4:00,0.00026943302,0.00029127032,0.00019822395,
18017,Cass County,IN,3/18/2026 5:00,0.0002685081,0.0002483404,0.00025552508,
18017,Cass County,IN,3/18/2026 6:00,0.00028441247,0.0002822496,0.00022140934,
18017,Cass County,IN,3/18/2026 7:00,0.00029608572,0.00020983191,0.0002915751,
18017,Cass County,IN,3/18/2026 8:00,0.00030475197,0.0001739809,0.00021009975,
18017,Cass County,IN,3/18/2026 9:00,0.00029127032,0.00014200734,0.00020759091,
18017,Cass County,IN,3/18/2026 10:00,0.0002483404,0.00012047812,0.00021892053,
18017,Cass County,IN,3/18/2026 11:00,0.0002822496,0.00014790168,0.00025723368,
18017,Cass County,IN,3/18/2026 12:00,0.00020983191,0.00016974879,0.0002111345,
18017,Cass County,IN,3/18/2026 13:00,0.0001739809,5.1941155e-05,0.00019382425,
18017,Cass County,IN,3/18/2026 14:00,0.00014200734,9.678269e-05,8.967852e-05,
18017,Cass County,IN,3/18/2026 15:00,0.00012047812,0.00015887227,4.796413e-05,
18017,Cass County,IN,3/18/2026 16:00,0.00014790168,0.00023800023,0.00011231495,
18017,Cass County,IN,3/18/2026 17:00,0.00016974879,0.00014760694,0.00013634036,
18017,Cass County,IN,3/18/2026 18:00,5.1941155e-05,0.00015976663,0.00014893289,
18017,Cass County,IN,3/18/2026 19:00,9.678269e-05,0.00020023999,0.000210113,
18017,Cass County,IN,3/18/2026 20:00,0.00015887227,0.0001985489,0.00021899112,
18017,Cass County,IN,3/18/2026 21:00,0.00023800023,0.00023258118,0.00027366227,
18017,Cass County,IN,3/18/2026 22:00,0.00014760694,0.00019822395,0.00029186753,
18017,Cass County,IN,3/18/2026 23:00,0.00015976663,0.00025552508,0.00028818985,
18017,Cass County,IN,3/19/2026 0:00,0.00020023999,0.00022140934,,
18017,Cass County,IN,3/19/2026 1:00,0.0001985489,0.0002915751,,
18017,Cass County,IN,3/19/2026 2:00,0.00023258118,0.00021009975,,
18017,Cass County,IN,3/19/2026 3:00,0.00019822395,0.00020759091,,
18017,Cass County,IN,3/19/2026 4:00,0.00025552508,0.00021892053,,
18017,Cass County,IN,3/19/2026 5:00,0.00022140934,0.00025723368,,
18017,Cass County,IN,3/19/2026 6:00,0.0002915751,0.0002111345,,
18017,Cass County,IN,3/19/2026 7:00,0.00021009975,0.00019382425,,
18017,Cass County,IN,3/19/2026 8:00,0.00020759091,8.967852e-05,,
18017,Cass County,IN,3/19/2026 9:00,0.00021892053,4.796413e-05,,
18017,Cass County,IN,3/19/2026 10:00,0.00025723368,0.00011231495,,
18017,Cass County,IN,3/19/2026 11:00,0.0002111345,0.00013634036,,
18017,Cass County,IN,3/19/2026 12:00,0.00019382425,0.00014893289,,
18017,Cass County,IN,3/19/2026 13:00,8.967852e-05,0.000210113,,
18017,Cass County,IN,3/19/2026 14:00,4.796413e-05,0.00021899112,,
18017,Cass County,IN,3/19/2026 15:00,0.00011231495,0.00027366227,,
18017,Cass County,IN,3/19/2026 16:00,0.00013634036,0.00029186753,,
18017,Cass County,IN,3/19/2026 17:00,0.00014893289,0.00028818985,,
18017,Cass County,IN,3/19/2026 18:00,0.000210113,,,
18017,Cass County,IN,3/19/2026 19:00,0.00021899112,,,
18017,Cass County,IN,3/19/2026 20:00,0.00027366227,,,
18017,Cass County,IN,3/19/2026 21:00,0.00029186753,,,
18017,Cass County,IN,3/19/2026 22:00,0.00028818985,,,
18017,Cass County,IN,3/19/2026 23:00,,,,
18019,Clark County,IN,3/14/2026 0:00,1.7867755e-05,0.0,7.360631e-05,0.005661908
18019,Clark County,IN,3/14/2026 1:00,0.00047522286,7.481242e-05,7.56723e-05,0.0051387413
18019,Clark County,IN,3/14/2026 2:00,0.00036607432,9.482404e-05,7.874334e-05,0.0045709508
18019,Clark County,IN,3/14/2026 3:00,9.846242e-05,3.0704923e-05,7.922597e-05,0.00428374
18019,Clark County,IN,3/14/2026 4:00,6.336769e-06,8.516747e-05,8.7554254e-05,0.003913237
18019,Clark County,IN,3/14/2026 5:00,0.0,8.2406514e-05,0.000108220396,0.003616481
18019,Clark County,IN,3/14/2026 6:00,7.481242e-05,0.00014919403,0.000113887036,0.0032262995
18019,Clark County,IN,3/14/2026 7:00,9.482404e-05,0.00018854471,0.00013928294,0.003094518
18019,Clark County,IN,3/14/2026 8:00,3.0704923e-05,0.00023735112,0.00016647155,0.0028743155
18019,Clark County,IN,3/14/2026 9:00,8.516747e-05,0.00020827279,0.0006081967,0.0025336645
18019,Clark County,IN,3/14/2026 10:00,8.2406514e-05,0.00019280553,0.0014562646,0.0022381153
18019,Clark County,IN,3/14/2026 11:00,0.00014919403,0.00016094992,0.002719411,0.0021562588
18019,Clark County,IN,3/14/2026 12:00,0.00018854471,3.2841876e-05,0.0060350825,0.0014631443
18019,Clark County,IN,3/14/2026 13:00,0.00023735112,4.444225e-05,0.00924511,0.0010210349
18019,Clark County,IN,3/14/2026 14:00,0.00020827279,5.2728516e-05,0.009792777,0.0007292195
18019,Clark County,IN,3/14/2026 15:00,0.00019280553,4.1508385e-05,0.009590814,0.0005838108
18019,Clark County,IN,3/14/2026 16:00,0.00016094992,3.5736553e-05,0.008693412,0.00057203637
18019,Clark County,IN,3/14/2026 17:00,3.2841876e-05,5.0597933e-05,0.007714173,0.000470828
18019,Clark County,IN,3/14/2026 18:00,4.444225e-05,7.360631e-05,0.006658045,0.00056417467
18019,Clark County,IN,3/14/2026 19:00,5.2728516e-05,7.56723e-05,0.0057909144,0.000629875
18019,Clark County,IN,3/14/2026 20:00,4.1508385e-05,7.874334e-05,0.004891837,0.00042475044
18019,Clark County,IN,3/14/2026 21:00,3.5736553e-05,7.922597e-05,0.00489544,0.00050178025
18019,Clark County,IN,3/14/2026 22:00,5.0597933e-05,8.7554254e-05,0.0049272315,0.0005612542
18019,Clark County,IN,3/14/2026 23:00,7.360631e-05,0.000108220396,0.0045415484,0.0004278286
18019,Clark County,IN,3/15/2026 0:00,7.56723e-05,0.000113887036,0.005661908,0.00036485805
18019,Clark County,IN,3/15/2026 1:00,7.874334e-05,0.00013928294,0.0051387413,0.0005536638
18019,Clark County,IN,3/15/2026 2:00,7.922597e-05,0.00016647155,0.0045709508,0.00046764093
18019,Clark County,IN,3/15/2026 3:00,8.7554254e-05,0.0006081967,0.00428374,0.00042371717
18019,Clark County,IN,3/15/2026 4:00,0.000108220396,0.0014562646,0.003913237,0.0005477478
18019,Clark County,IN,3/15/2026 5:00,0.000113887036,0.002719411,0.003616481,0.00047044098
18019,Clark County,IN,3/15/2026 6:00,0.00013928294,0.0060350825,0.0032262995,0.00049696845
18019,Clark County,IN,3/15/2026 7:00,0.00016647155,0.00924511,0.003094518,0.00051857415
18019,Clark County,IN,3/15/2026 8:00,0.0006081967,0.009792777,0.0028743155,0.0005530905
18019,Clark County,IN,3/15/2026 9:00,0.0014562646,0.009590814,0.0025336645,0.0005962099
18019,Clark County,IN,3/15/2026 10:00,0.002719411,0.008693412,0.0022381153,0.00056518556
18019,Clark County,IN,3/15/2026 11:00,0.0060350825,0.007714173,0.0021562588,0.00048334632
18019,Clark County,IN,3/15/2026 12:00,0.00924511,0.006658045,0.0014631443,0.00036835874
18019,Clark County,IN,3/15/2026 13:00,0.009792777,0.0057909144,0.0010210349,0.0002904365
18019,Clark County,IN,3/15/2026 14:00,0.009590814,0.004891837,0.0007292195,0.00026297523
18019,Clark County,IN,3/15/2026 15:00,0.008693412,0.00489544,0.0005838108,0.0002496748
18019,Clark County,IN,3/15/2026 16:00,0.007714173,0.0049272315,0.00057203637,0.00023492628
18019,Clark County,IN,3/15/2026 17:00,0.006658045,0.0045415484,0.000470828,0.00017852173
18019,Clark County,IN,3/15/2026 18:00,0.0057909144,0.005661908,0.00056417467,0.0001538783
18019,Clark County,IN,3/15/2026 19:00,0.004891837,0.0051387413,0.000629875,0.0002096823
18019,Clark County,IN,3/15/2026 20:00,0.00489544,0.0045709508,0.00042475044,0.0001717941
18019,Clark County,IN,3/15/2026 21:00,0.0049272315,0.00428374,0.00050178025,0.00021418431
18019,Clark County,IN,3/15/2026 22:00,0.0045415484,0.003913237,0.0005612542,0.00017325512
18019,Clark County,IN,3/15/2026 23:00,0.005661908,0.003616481,0.0004278286,0.00017997321
18019,Clark County,IN,3/16/2026 0:00,0.0051387413,0.0032262995,0.00036485805,0.00015119374
18019,Clark County,IN,3/16/2026 1:00,0.0045709508,0.003094518,0.0005536638,0.0001696954
18019,Clark County,IN,3/16/2026 2:00,0.00428374,0.0028743155,0.00046764093,0.00019112192
18019,Clark County,IN,3/16/2026 3:00,0.003913237,0.0025336645,0.00042371717,0.0001860358
18019,Clark County,IN,3/16/2026 4:00,0.003616481,0.0022381153,0.0005477478,0.00018990086
18019,Clark County,IN,3/16/2026 5:00,0.0032262995,0.0021562588,0.00047044098,0.0001829007
18019,Clark County,IN,3/16/2026 6:00,0.003094518,0.0014631443,0.00049696845,0.00018546813
18019,Clark County,IN,3/16/2026 7:00,0.0028743155,0.0010210349,0.00051857415,0.00021298023
18019,Clark County,IN,3/16/2026 8:00,0.0025336645,0.0007292195,0.0005530905,0.0002042406
18019,Clark County,IN,3/16/2026 9:00,0.0022381153,0.0005838108,0.0005962099,0.00022537184
18019,Clark County,IN,3/16/2026 10:00,0.0021562588,0.00057203637,0.00056518556,0.00022462268
18019,Clark County,IN,3/16/2026 11:00,0.0014631443,0.000470828,0.00048334632,0.00025591505
18019,Clark County,IN,3/16/2026 12:00,0.0010210349,0.00056417467,0.00036835874,0.00024201276
18019,Clark County,IN,3/16/2026 13:00,0.0007292195,0.000629875,0.0002904365,0.00020468359
18019,Clark County,IN,3/16/2026 14:00,0.0005838108,0.00042475044,0.00026297523,0.00017190038
18019,Clark County,IN,3/16/2026 15:00,0.00057203637,0.00050178025,0.0002496748,0.00015901316
18019,Clark County,IN,3/16/2026 16:00,0.000470828,0.0005612542,0.00023492628,0.00017124291
18019,Clark County,IN,3/16/2026 17:00,0.00056417467,0.0004278286,0.00017852173,0.00020375165
18019,Clark County,IN,3/16/2026 18:00,0.000629875,0.00036485805,0.0001538783,0.00018770066
18019,Clark County,IN,3/16/2026 19:00,0.00042475044,0.0005536638,0.0002096823,0.0001949384
18019,Clark County,IN,3/16/2026 20:00,0.00050178025,0.00046764093,0.0001717941,0.0002565782
18019,Clark County,IN,3/16/2026 21:00,0.0005612542,0.00042371717,0.00021418431,0.00027997978
18019,Clark County,IN,3/16/2026 22:00,0.0004278286,0.0005477478,0.00017325512,0.0002108144
18019,Clark County,IN,3/16/2026 23:00,0.00036485805,0.00047044098,0.00017997321,0.00019164254
18019,Clark County,IN,3/17/2026 0:00,0.0005536638,0.00049696845,0.00015119374,0.00015689062
18019,Clark County,IN,3/17/2026 1:00,0.00046764093,0.00051857415,0.0001696954,0.00020729615
18019,Clark County,IN,3/17/2026 2:00,0.00042371717,0.0005530905,0.00019112192,0.00019643252
18019,Clark County,IN,3/17/2026 3:00,0.0005477478,0.0005962099,0.0001860358,0.00017955997
18019,Clark County,IN,3/17/2026 4:00,0.00047044098,0.00056518556,0.00018990086,0.00018708977
18019,Clark County,IN,3/17/2026 5:00,0.00049696845,0.00048334632,0.0001829007,0.00019467284
18019,Clark County,IN,3/17/2026 6:00,0.00051857415,0.00036835874,0.00018546813,0.00019373548
18019,Clark County,IN,3/17/2026 7:00,0.0005530905,0.0002904365,0.00021298023,0.00019556044
18019,Clark County,IN,3/17/2026 8:00,0.0005962099,0.00026297523,0.0002042406,0.00019879878
18019,Clark County,IN,3/17/2026 9:00,0.00056518556,0.0002496748,0.00022537184,0.0001735438
18019,Clark County,IN,3/17/2026 10:00,0.00048334632,0.00023492628,0.00022462268,0.0001644963
18019,Clark County,IN,3/17/2026 11:00,0.00036835874,0.00017852173,0.00025591505,0.00015997824
18019,Clark County,IN,3/17/2026 12:00,0.0002904365,0.0001538783,0.00024201276,0.0001397196
18019,Clark County,IN,3/17/2026 13:00,0.00026297523,0.0002096823,0.00020468359,0.00014795412
18019,Clark County,IN,3/17/2026 14:00,0.0002496748,0.0001717941,0.00017190038,0.00015809324
18019,Clark County,IN,3/17/2026 15:00,0.00023492628,0.00021418431,0.00015901316,0.00013973238
18019,Clark County,IN,3/17/2026 16:00,0.00017852173,0.00017325512,0.00017124291,0.00013705259
18019,Clark County,IN,3/17/2026 17:00,0.0001538783,0.00017997321,0.00020375165,0.00011979892
18019,Clark County,IN,3/17/2026 18:00,0.0002096823,0.00015119374,0.00018770066,0.00012855986
18019,Clark County,IN,3/17/2026 19:00,0.0001717941,0.0001696954,0.0001949384,0.0002240373
18019,Clark County,IN,3/17/2026 20:00,0.00021418431,0.00019112192,0.0002565782,0.00025040863
18019,Clark County,IN,3/17/2026 21:00,0.00017325512,0.0001860358,0.00027997978,0.00026328597
18019,Clark County,IN,3/17/2026 22:00,0.00017997321,0.00018990086,0.0002108144,0.00027084732
18019,Clark County,IN,3/17/2026 23:00,0.00015119374,0.0001829007,0.00019164254,0.00023940936
18019,Clark County,IN,3/18/2026 0:00,0.0001696954,0.00018546813,0.00015689062,
18019,Clark County,IN,3/18/2026 1:00,0.00019112192,0.00021298023,0.00020729615,
18019,Clark County,IN,3/18/2026 2:00,0.0001860358,0.0002042406,0.00019643252,
18019,Clark County,IN,3/18/2026 3:00,0.00018990086,0.00022537184,0.00017955997,
18019,Clark County,IN,3/18/2026 4:00,0.0001829007,0.00022462268,0.00018708977,
18019,Clark County,IN,3/18/2026 5:00,0.00018546813,0.00025591505,0.00019467284,
18019,Clark County,IN,3/18/2026 6:00,0.00021298023,0.00024201276,0.00019373548,
18019,Clark County,IN,3/18/2026 7:00,0.0002042406,0.00020468359,0.00019556044,
18019,Clark County,IN,3/18/2026 8:00,0.00022537184,0.00017190038,0.00019879878,
18019,Clark County,IN,3/18/2026 9:00,0.00022462268,0.00015901316,0.0001735438,
18019,Clark County,IN,3/18/2026 10:00,0.00025591505,0.00017124291,0.0001644963,
18019,Clark County,IN,3/18/2026 11:00,0.00024201276,0.00020375165,0.00015997824,
18019,Clark County,IN,3/18/2026 12:00,0.00020468359,0.00018770066,0.0001397196,
18019,Clark County,IN,3/18/2026 13:00,0.00017190038,0.0001949384,0.00014795412,
18019,Clark County,IN,3/18/2026 14:00,0.00015901316,0.0002565782,0.00015809324,
18019,Clark County,IN,3/18/2026 15:00,0.00017124291,0.00027997978,0.00013973238,
18019,Clark County,IN,3/18/2026 16:00,0.00020375165,0.0002108144,0.00013705259,
18019,Clark County,IN,3/18/2026 17:00,0.00018770066,0.00019164254,0.00011979892,
18019,Clark County,IN,3/18/2026 18:00,0.0001949384,0.00015689062,0.00012855986,
18019,Clark County,IN,3/18/2026 19:00,0.0002565782,0.00020729615,0.0002240373,
18019,Clark County,IN,3/18/2026 20:00,0.00027997978,0.00019643252,0.00025040863,
18019,Clark County,IN,3/18/2026 21:00,0.0002108144,0.00017955997,0.00026328597,
18019,Clark County,IN,3/18/2026 22:00,0.00019164254,0.00018708977,0.00027084732,
18019,Clark County,IN,3/18/2026 23:00,0.00015689062,0.00019467284,0.00023940936,
18019,Clark County,IN,3/19/2026 0:00,0.00020729615,0.00019373548,,
18019,Clark County,IN,3/19/2026 1:00,0.00019643252,0.00019556044,,
18019,Clark County,IN,3/19/2026 2:00,0.00017955997,0.00019879878,,
18019,Clark County,IN,3/19/2026 3:00,0.00018708977,0.0001735438,,
18019,Clark County,IN,3/19/2026 4:00,0.00019467284,0.0001644963,,
18019,Clark County,IN,3/19/2026 5:00,0.00019373548,0.00015997824,,
18019,Clark County,IN,3/19/2026 6:00,0.00019556044,0.0001397196,,
18019,Clark County,IN,3/19/2026 7:00,0.00019879878,0.00014795412,,
18019,Clark County,IN,3/19/2026 8:00,0.0001735438,0.00015809324,,
18019,Clark County,IN,3/19/2026 9:00,0.0001644963,0.00013973238,,
18019,Clark County,IN,3/19/2026 10:00,0.00015997824,0.00013705259,,
18019,Clark County,IN,3/19/2026 11:00,0.0001397196,0.00011979892,,
18019,Clark County,IN,3/19/2026 12:00,0.00014795412,0.00012855986,,
18019,Clark County,IN,3/19/2026 13:00,0.00015809324,0.0002240373,,
18019,Clark County,IN,3/19/2026 14:00,0.00013973238,0.00025040863,,
18019,Clark County,IN,3/19/2026 15:00,0.00013705259,0.00026328597,,
18019,Clark County,IN,3/19/2026 16:00,0.00011979892,0.00027084732,,
18019,Clark County,IN,3/19/2026 17:00,0.00012855986,0.00023940936,,
18019,Clark County,IN,3/19/2026 18:00,0.0002240373,,,
18019,Clark County,IN,3/19/2026 19:00,0.00025040863,,,
18019,Clark County,IN,3/19/2026 20:00,0.00026328597,,,
18019,Clark County,IN,3/19/2026 21:00,0.00027084732,,,
18019,Clark County,IN,3/19/2026 22:00,0.00023940936,,,
18019,Clark County,IN,3/19/2026 23:00,,,,
18021,Clay County,IN,3/14/2026 0:00,0.00011683805,3.134507e-05,0.0002474189,0.015517033
18021,Clay County,IN,3/14/2026 1:00,0.0003840253,9.165959e-05,0.00020201113,0.0135946665
18021,Clay County,IN,3/14/2026 2:00,0.00039459308,0.00018794622,0.0002177461,0.010285578
18021,Clay County,IN,3/14/2026 3:00,0.00015418285,0.00023132452,0.0002263351,0.0084354505
18021,Clay County,IN,3/14/2026 4:00,0.00014537814,0.00028575942,0.0002551436,0.006544593
18021,Clay County,IN,3/14/2026 5:00,3.134507e-05,0.00030491815,0.00030783613,0.005224013
18021,Clay County,IN,3/14/2026 6:00,9.165959e-05,0.0003270285,0.00040773666,0.0041669025
18021,Clay County,IN,3/14/2026 7:00,0.00018794622,0.00038640766,0.0006252073,0.0031860406
18021,Clay County,IN,3/14/2026 8:00,0.00023132452,0.00012406531,0.00093711173,0.0028530813
18021,Clay County,IN,3/14/2026 9:00,0.00028575942,0.00015022651,0.0013241163,0.0026148134
18021,Clay County,IN,3/14/2026 10:00,0.00030491815,0.00023625762,0.0025142645,0.0022312491
18021,Clay County,IN,3/14/2026 11:00,0.0003270285,0.00036808586,0.0052390015,0.0018971598
18021,Clay County,IN,3/14/2026 12:00,0.00038640766,0.00035855893,0.008159917,0.001704068
18021,Clay County,IN,3/14/2026 13:00,0.00012406531,0.00034416694,0.010140599,0.0013192885
18021,Clay County,IN,3/14/2026 14:00,0.00015022651,0.000266013,0.012422627,0.0009067134
18021,Clay County,IN,3/14/2026 15:00,0.00023625762,0.00030121673,0.0139169,0.000787314
18021,Clay County,IN,3/14/2026 16:00,0.00036808586,0.00030090395,0.014410866,0.00061835314
18021,Clay County,IN,3/14/2026 17:00,0.00035855893,0.00024467128,0.013187648,0.00051479094
18021,Clay County,IN,3/14/2026 18:00,0.00034416694,0.0002474189,0.012326522,0.0005277173
18021,Clay County,IN,3/14/2026 19:00,0.000266013,0.00020201113,0.011204883,0.00070077984
18021,Clay County,IN,3/14/2026 20:00,0.00030121673,0.0002177461,0.008903274,0.0003898796
18021,Clay County,IN,3/14/2026 21:00,0.00030090395,0.0002263351,0.009464946,0.00034205074
18021,Clay County,IN,3/14/2026 22:00,0.00024467128,0.0002551436,0.0123604685,0.000534391
18021,Clay County,IN,3/14/2026 23:00,0.0002474189,0.00030783613,0.013970587,0.00053433806
18021,Clay County,IN,3/15/2026 0:00,0.00020201113,0.00040773666,0.015517033,0.00043753706
18021,Clay County,IN,3/15/2026 1:00,0.0002177461,0.0006252073,0.0135946665,0.00038233638
18021,Clay County,IN,3/15/2026 2:00,0.0002263351,0.00093711173,0.010285578,0.0004860121
18021,Clay County,IN,3/15/2026 3:00,0.0002551436,0.0013241163,0.0084354505,0.0004924788
18021,Clay County,IN,3/15/2026 4:00,0.00030783613,0.0025142645,0.006544593,0.00046591184
18021,Clay County,IN,3/15/2026 5:00,0.00040773666,0.0052390015,0.005224013,0.00038328848
18021,Clay County,IN,3/15/2026 6:00,0.0006252073,0.008159917,0.0041669025,0.0004548149
18021,Clay County,IN,3/15/2026 7:00,0.00093711173,0.010140599,0.0031860406,0.00051155954
18021,Clay County,IN,3/15/2026 8:00,0.0013241163,0.012422627,0.0028530813,0.0005710188
18021,Clay County,IN,3/15/2026 9:00,0.0025142645,0.0139169,0.0026148134,0.0004704453
18021,Clay County,IN,3/15/2026 10:00,0.0052390015,0.014410866,0.0022312491,0.00042223718
18021,Clay County,IN,3/15/2026 11:00,0.008159917,0.013187648,0.0018971598,0.00033835616
18021,Clay County,IN,3/15/2026 12:00,0.010140599,0.012326522,0.001704068,0.000272826
18021,Clay County,IN,3/15/2026 13:00,0.012422627,0.011204883,0.0013192885,0.00031712968
18021,Clay County,IN,3/15/2026 14:00,0.0139169,0.008903274,0.0009067134,0.00026573072
18021,Clay County,IN,3/15/2026 15:00,0.014410866,0.009464946,0.000787314,0.0002666488
18021,Clay County,IN,3/15/2026 16:00,0.013187648,0.0123604685,0.00061835314,0.0006220509
18021,Clay County,IN,3/15/2026 17:00,0.012326522,0.013970587,0.00051479094,0.0004762389
18021,Clay County,IN,3/15/2026 18:00,0.011204883,0.015517033,0.0005277173,0.00047362683
18021,Clay County,IN,3/15/2026 19:00,0.008903274,0.0135946665,0.00070077984,0.0003951611
18021,Clay County,IN,3/15/2026 20:00,0.009464946,0.010285578,0.0003898796,0.0004004668
18021,Clay County,IN,3/15/2026 21:00,0.0123604685,0.0084354505,0.00034205074,0.00040978251
18021,Clay County,IN,3/15/2026 22:00,0.013970587,0.006544593,0.000534391,0.0004024384
18021,Clay County,IN,3/15/2026 23:00,0.015517033,0.005224013,0.00053433806,0.00042806388
18021,Clay County,IN,3/16/2026 0:00,0.0135946665,0.0041669025,0.00043753706,0.0002611266
18021,Clay County,IN,3/16/2026 1:00,0.010285578,0.0031860406,0.00038233638,0.00026376065
18021,Clay County,IN,3/16/2026 2:00,0.0084354505,0.0028530813,0.0004860121,0.00024010139
18021,Clay County,IN,3/16/2026 3:00,0.006544593,0.0026148134,0.0004924788,0.00020775161
18021,Clay County,IN,3/16/2026 4:00,0.005224013,0.0022312491,0.00046591184,0.00021415044
18021,Clay County,IN,3/16/2026 5:00,0.0041669025,0.0018971598,0.00038328848,0.00025796134
18021,Clay County,IN,3/16/2026 6:00,0.0031860406,0.001704068,0.0004548149,0.0002385156
18021,Clay County,IN,3/16/2026 7:00,0.0028530813,0.0013192885,0.00051155954,0.0002678967
18021,Clay County,IN,3/16/2026 8:00,0.0026148134,0.0009067134,0.0005710188,0.00029830166
18021,Clay County,IN,3/16/2026 9:00,0.0022312491,0.000787314,0.0004704453,0.00031082414
18021,Clay County,IN,3/16/2026 10:00,0.0018971598,0.00061835314,0.00042223718,0.00039219568
18021,Clay County,IN,3/16/2026 11:00,0.001704068,0.00051479094,0.00033835616,0.0005248872
18021,Clay County,IN,3/16/2026 12:00,0.0013192885,0.0005277173,0.000272826,0.0005159601
18021,Clay County,IN,3/16/2026 13:00,0.0009067134,0.00070077984,0.00031712968,0.000437369
18021,Clay County,IN,3/16/2026 14:00,0.000787314,0.0003898796,0.00026573072,0.00031944804
18021,Clay County,IN,3/16/2026 15:00,0.00061835314,0.00034205074,0.0002666488,0.00025882787
18021,Clay County,IN,3/16/2026 16:00,0.00051479094,0.000534391,0.0006220509,0.00029818542
18021,Clay County,IN,3/16/2026 17:00,0.0005277173,0.00053433806,0.0004762389,0.00021277255
18021,Clay County,IN,3/16/2026 18:00,0.00070077984,0.00043753706,0.00047362683,0.00016293368
18021,Clay County,IN,3/16/2026 19:00,0.0003898796,0.00038233638,0.0003951611,0.00015152092
18021,Clay County,IN,3/16/2026 20:00,0.00034205074,0.0004860121,0.0004004668,0.00024159874
18021,Clay County,IN,3/16/2026 21:00,0.000534391,0.0004924788,0.00040978251,0.0003145407
18021,Clay County,IN,3/16/2026 22:00,0.00053433806,0.00046591184,0.0004024384,0.00029885574
18021,Clay County,IN,3/16/2026 23:00,0.00043753706,0.00038328848,0.00042806388,0.0003330295
18021,Clay County,IN,3/17/2026 0:00,0.00038233638,0.0004548149,0.0002611266,0.0003563812
18021,Clay County,IN,3/17/2026 1:00,0.0004860121,0.00051155954,0.00026376065,0.000308746
18021,Clay County,IN,3/17/2026 2:00,0.0004924788,0.0005710188,0.00024010139,0.00025846064
18021,Clay County,IN,3/17/2026 3:00,0.00046591184,0.0004704453,0.00020775161,0.00029274938
18021,Clay County,IN,3/17/2026 4:00,0.00038328848,0.00042223718,0.00021415044,0.00026600994
18021,Clay County,IN,3/17/2026 5:00,0.0004548149,0.00033835616,0.00025796134,0.0003326695
18021,Clay County,IN,3/17/2026 6:00,0.00051155954,0.000272826,0.0002385156,0.00033316907
18021,Clay County,IN,3/17/2026 7:00,0.0005710188,0.00031712968,0.0002678967,0.0003420794
18021,Clay County,IN,3/17/2026 8:00,0.0004704453,0.00026573072,0.00029830166,0.0002839009
18021,Clay County,IN,3/17/2026 9:00,0.00042223718,0.0002666488,0.00031082414,0.00027119005
18021,Clay County,IN,3/17/2026 10:00,0.00033835616,0.0006220509,0.00039219568,0.00026387227
18021,Clay County,IN,3/17/2026 11:00,0.000272826,0.0004762389,0.0005248872,0.00023058831
18021,Clay County,IN,3/17/2026 12:00,0.00031712968,0.00047362683,0.0005159601,0.00019436712
18021,Clay County,IN,3/17/2026 13:00,0.00026573072,0.0003951611,0.000437369,0.0001814002
18021,Clay County,IN,3/17/2026 14:00,0.0002666488,0.0004004668,0.00031944804,0.00020729932
18021,Clay County,IN,3/17/2026 15:00,0.0006220509,0.00040978251,0.00025882787,0.00025391084
18021,Clay County,IN,3/17/2026 16:00,0.0004762389,0.0004024384,0.00029818542,0.00025546897
18021,Clay County,IN,3/17/2026 17:00,0.00047362683,0.00042806388,0.00021277255,0.0001712923
18021,Clay County,IN,3/17/2026 18:00,0.0003951611,0.0002611266,0.00016293368,0.00015343733
18021,Clay County,IN,3/17/2026 19:00,0.0004004668,0.00026376065,0.00015152092,0.00017543884
18021,Clay County,IN,3/17/2026 20:00,0.00040978251,0.00024010139,0.00024159874,0.00026606428
18021,Clay County,IN,3/17/2026 21:00,0.0004024384,0.00020775161,0.0003145407,0.00027804406
18021,Clay County,IN,3/17/2026 22:00,0.00042806388,0.00021415044,0.00029885574,0.0002901779
18021,Clay County,IN,3/17/2026 23:00,0.0002611266,0.00025796134,0.0003330295,0.00021150408
18021,Clay County,IN,3/18/2026 0:00,0.00026376065,0.0002385156,0.0003563812,
18021,Clay County,IN,3/18/2026 1:00,0.00024010139,0.0002678967,0.000308746,
18021,Clay County,IN,3/18/2026 2:00,0.00020775161,0.00029830166,0.00025846064,
18021,Clay County,IN,3/18/2026 3:00,0.00021415044,0.00031082414,0.00029274938,
18021,Clay County,IN,3/18/2026 4:00,0.00025796134,0.00039219568,0.00026600994,
18021,Clay County,IN,3/18/2026 5:00,0.0002385156,0.0005248872,0.0003326695,
18021,Clay County,IN,3/18/2026 6:00,0.0002678967,0.0005159601,0.00033316907,
18021,Clay County,IN,3/18/2026 7:00,0.00029830166,0.000437369,0.0003420794,
18021,Clay County,IN,3/18/2026 8:00,0.00031082414,0.00031944804,0.0002839009,
18021,Clay County,IN,3/18/2026 9:00,0.00039219568,0.00025882787,0.00027119005,
18021,Clay County,IN,3/18/2026 10:00,0.0005248872,0.00029818542,0.00026387227,
18021,Clay County,IN,3/18/2026 11:00,0.0005159601,0.00021277255,0.00023058831,
18021,Clay County,IN,3/18/2026 12:00,0.000437369,0.00016293368,0.00019436712,
18021,Clay County,IN,3/18/2026 13:00,0.00031944804,0.00015152092,0.0001814002,
18021,Clay County,IN,3/18/2026 14:00,0.00025882787,0.00024159874,0.00020729932,
18021,Clay County,IN,3/18/2026 15:00,0.00029818542,0.0003145407,0.00025391084,
18021,Clay County,IN,3/18/2026 16:00,0.00021277255,0.00029885574,0.00025546897,
18021,Clay County,IN,3/18/2026 17:00,0.00016293368,0.0003330295,0.0001712923,
18021,Clay County,IN,3/18/2026 18:00,0.00015152092,0.0003563812,0.00015343733,
18021,Clay County,IN,3/18/2026 19:00,0.00024159874,0.000308746,0.00017543884,
18021,Clay County,IN,3/18/2026 20:00,0.0003145407,0.00025846064,0.00026606428,
18021,Clay County,IN,3/18/2026 21:00,0.00029885574,0.00029274938,0.00027804406,
18021,Clay County,IN,3/18/2026 22:00,0.0003330295,0.00026600994,0.0002901779,
18021,Clay County,IN,3/18/2026 23:00,0.0003563812,0.0003326695,0.00021150408,
18021,Clay County,IN,3/19/2026 0:00,0.000308746,0.00033316907,,
18021,Clay County,IN,3/19/2026 1:00,0.00025846064,0.0003420794,,
18021,Clay County,IN,3/19/2026 2:00,0.00029274938,0.0002839009,,
18021,Clay County,IN,3/19/2026 3:00,0.00026600994,0.00027119005,,
18021,Clay County,IN,3/19/2026 4:00,0.0003326695,0.00026387227,,
18021,Clay County,IN,3/19/2026 5:00,0.00033316907,0.00023058831,,
18021,Clay County,IN,3/19/2026 6:00,0.0003420794,0.00019436712,,
18021,Clay County,IN,3/19/2026 7:00,0.0002839009,0.0001814002,,
18021,Clay County,IN,3/19/2026 8:00,0.00027119005,0.00020729932,,
18021,Clay County,IN,3/19/2026 9:00,0.00026387227,0.00025391084,,
18021,Clay County,IN,3/19/2026 10:00,0.00023058831,0.00025546897,,
18021,Clay County,IN,3/19/2026 11:00,0.00019436712,0.0001712923,,
18021,Clay County,IN,3/19/2026 12:00,0.0001814002,0.00015343733,,
18021,Clay County,IN,3/19/2026 13:00,0.00020729932,0.00017543884,,
18021,Clay County,IN,3/19/2026 14:00,0.00025391084,0.00026606428,,
18021,Clay County,IN,3/19/2026 15:00,0.00025546897,0.00027804406,,
18021,Clay County,IN,3/19/2026 16:00,0.0001712923,0.0002901779,,
18021,Clay County,IN,3/19/2026 17:00,0.00015343733,0.00021150408,,
18021,Clay County,IN,3/19/2026 18:00,0.00017543884,,,
18021,Clay County,IN,3/19/2026 19:00,0.00026606428,,,
18021,Clay County,IN,3/19/2026 20:00,0.00027804406,,,
18021,Clay County,IN,3/19/2026 21:00,0.0002901779,,,
18021,Clay County,IN,3/19/2026 22:00,0.00021150408,,,
18021,Clay County,IN,3/19/2026 23:00,,,,
18031,Decatur County,IN,3/14/2026 0:00,0.0017564679,0.00093007984,0.0006917513,0.006999357
18031,Decatur County,IN,3/14/2026 1:00,0.0016265928,0.0010151719,0.0005380162,0.0063263723
18031,Decatur County,IN,3/14/2026 2:00,0.001401001,0.0009599064,0.00033792263,0.006347713
18031,Decatur County,IN,3/14/2026 3:00,0.0013151092,0.0008699458,0.00024439304,0.0062771733
18031,Decatur County,IN,3/14/2026 4:00,0.0010053508,0.00081241084,0.00028651085,0.0051525487
18031,Decatur County,IN,3/14/2026 5:00,0.00093007984,0.00080938014,0.00035375517,0.0045181233
18031,Decatur County,IN,3/14/2026 6:00,0.0010151719,0.000812095,0.00043580052,0.0039268816
18031,Decatur County,IN,3/14/2026 7:00,0.0009599064,0.0007931839,0.00057769474,0.0035622304
18031,Decatur County,IN,3/14/2026 8:00,0.0008699458,0.0007877396,0.0004998303,0.0029638556
18031,Decatur County,IN,3/14/2026 9:00,0.00081241084,0.00026717875,0.00048395403,0.0023376555
18031,Decatur County,IN,3/14/2026 10:00,0.00080938014,0.00051352696,0.0013248513,0.0019110948
18031,Decatur County,IN,3/14/2026 11:00,0.000812095,0.00062961865,0.003574391,0.001588735
18031,Decatur County,IN,3/14/2026 12:00,0.0007931839,0.00075218955,0.007912833,0.00096223556
18031,Decatur County,IN,3/14/2026 13:00,0.0007877396,0.0007376213,0.011453547,0.0008125991
18031,Decatur County,IN,3/14/2026 14:00,0.00026717875,0.00061490084,0.012677515,0.00052239344
18031,Decatur County,IN,3/14/2026 15:00,0.00051352696,0.00059603737,0.012810925,0.00046962022
18031,Decatur County,IN,3/14/2026 16:00,0.00062961865,0.00060487806,0.01175068,0.00042032037
18031,Decatur County,IN,3/14/2026 17:00,0.00075218955,0.0007216694,0.010650657,0.00047645846
18031,Decatur County,IN,3/14/2026 18:00,0.0007376213,0.0006917513,0.009608799,0.0005902731
18031,Decatur County,IN,3/14/2026 19:00,0.00061490084,0.0005380162,0.008814234,0.00054499356
18031,Decatur County,IN,3/14/2026 20:00,0.00059603737,0.00033792263,0.0069858725,0.00030533184
18031,Decatur County,IN,3/14/2026 21:00,0.00060487806,0.00024439304,0.0055065732,0.0004902167
18031,Decatur County,IN,3/14/2026 22:00,0.0007216694,0.00028651085,0.0053325603,0.00045151147
18031,Decatur County,IN,3/14/2026 23:00,0.0006917513,0.00035375517,0.0053773904,0.00051983196
18031,Decatur County,IN,3/15/2026 0:00,0.0005380162,0.00043580052,0.006999357,0.0004999981
18031,Decatur County,IN,3/15/2026 1:00,0.00033792263,0.00057769474,0.0063263723,0.0004864732
18031,Decatur County,IN,3/15/2026 2:00,0.00024439304,0.0004998303,0.006347713,0.00046170142
18031,Decatur County,IN,3/15/2026 3:00,0.00028651085,0.00048395403,0.0062771733,0.00044663216
18031,Decatur County,IN,3/15/2026 4:00,0.00035375517,0.0013248513,0.0051525487,0.0004505663
18031,Decatur County,IN,3/15/2026 5:00,0.00043580052,0.003574391,0.0045181233,0.00055953837
18031,Decatur County,IN,3/15/2026 6:00,0.00057769474,0.007912833,0.0039268816,0.00048855745
18031,Decatur County,IN,3/15/2026 7:00,0.0004998303,0.011453547,0.0035622304,0.00034339036
18031,Decatur County,IN,3/15/2026 8:00,0.00048395403,0.012677515,0.0029638556,0.0002991142
18031,Decatur County,IN,3/15/2026 9:00,0.0013248513,0.012810925,0.0023376555,0.00030520177
18031,Decatur County,IN,3/15/2026 10:00,0.003574391,0.01175068,0.0019110948,0.00021552069
18031,Decatur County,IN,3/15/2026 11:00,0.007912833,0.010650657,0.001588735,0.00028747195
18031,Decatur County,IN,3/15/2026 12:00,0.011453547,0.009608799,0.00096223556,0.0003185203
18031,Decatur County,IN,3/15/2026 13:00,0.012677515,0.008814234,0.0008125991,0.00032323677
18031,Decatur County,IN,3/15/2026 14:00,0.012810925,0.0069858725,0.00052239344,0.00035431725
18031,Decatur County,IN,3/15/2026 15:00,0.01175068,0.0055065732,0.00046962022,0.00023318392
18031,Decatur County,IN,3/15/2026 16:00,0.010650657,0.0053325603,0.00042032037,0.00016787314
18031,Decatur County,IN,3/15/2026 17:00,0.009608799,0.0053773904,0.00047645846,0.00017971186
18031,Decatur County,IN,3/15/2026 18:00,0.008814234,0.006999357,0.0005902731,0.00020757983
18031,Decatur County,IN,3/15/2026 19:00,0.0069858725,0.0063263723,0.00054499356,0.00018934088
18031,Decatur County,IN,3/15/2026 20:00,0.0055065732,0.006347713,0.00030533184,0.0003951706
18031,Decatur County,IN,3/15/2026 21:00,0.0053325603,0.0062771733,0.0004902167,0.0004346106
18031,Decatur County,IN,3/15/2026 22:00,0.0053773904,0.0051525487,0.00045151147,0.00040114063
18031,Decatur County,IN,3/15/2026 23:00,0.006999357,0.0045181233,0.00051983196,0.00033388627
18031,Decatur County,IN,3/16/2026 0:00,0.0063263723,0.0039268816,0.0004999981,0.00021913002
18031,Decatur County,IN,3/16/2026 1:00,0.006347713,0.0035622304,0.0004864732,0.00020096044
18031,Decatur County,IN,3/16/2026 2:00,0.0062771733,0.0029638556,0.00046170142,0.00018457098
18031,Decatur County,IN,3/16/2026 3:00,0.0051525487,0.0023376555,0.00044663216,0.00018341558
18031,Decatur County,IN,3/16/2026 4:00,0.0045181233,0.0019110948,0.0004505663,0.00021810937
18031,Decatur County,IN,3/16/2026 5:00,0.0039268816,0.001588735,0.00055953837,0.00023151972
18031,Decatur County,IN,3/16/2026 6:00,0.0035622304,0.00096223556,0.00048855745,0.00022389392
18031,Decatur County,IN,3/16/2026 7:00,0.0029638556,0.0008125991,0.00034339036,0.00027663392
18031,Decatur County,IN,3/16/2026 8:00,0.0023376555,0.00052239344,0.0002991142,0.00028780097
18031,Decatur County,IN,3/16/2026 9:00,0.0019110948,0.00046962022,0.00030520177,0.00024486333
18031,Decatur County,IN,3/16/2026 10:00,0.001588735,0.00042032037,0.00021552069,0.00036940962
18031,Decatur County,IN,3/16/2026 11:00,0.00096223556,0.00047645846,0.00028747195,0.00041678717
18031,Decatur County,IN,3/16/2026 12:00,0.0008125991,0.0005902731,0.0003185203,0.0005548478
18031,Decatur County,IN,3/16/2026 13:00,0.00052239344,0.00054499356,0.00032323677,0.00037852346
18031,Decatur County,IN,3/16/2026 14:00,0.00046962022,0.00030533184,0.00035431725,0.00029090742
18031,Decatur County,IN,3/16/2026 15:00,0.00042032037,0.0004902167,0.00023318392,0.00018183772
18031,Decatur County,IN,3/16/2026 16:00,0.00047645846,0.00045151147,0.00016787314,0.00021117917
18031,Decatur County,IN,3/16/2026 17:00,0.0005902731,0.00051983196,0.00017971186,0.0001985036
18031,Decatur County,IN,3/16/2026 18:00,0.00054499356,0.0004999981,0.00020757983,0.00020254996
18031,Decatur County,IN,3/16/2026 19:00,0.00030533184,0.0004864732,0.00018934088,0.00020557808
18031,Decatur County,IN,3/16/2026 20:00,0.0004902167,0.00046170142,0.0003951706,0.0001594806
18031,Decatur County,IN,3/16/2026 21:00,0.00045151147,0.00044663216,0.0004346106,0.0001818933
18031,Decatur County,IN,3/16/2026 22:00,0.00051983196,0.0004505663,0.00040114063,0.00019347733
18031,Decatur County,IN,3/16/2026 23:00,0.0004999981,0.00055953837,0.00033388627,0.00028685492
18031,Decatur County,IN,3/17/2026 0:00,0.0004864732,0.00048855745,0.00021913002,0.0003004357
18031,Decatur County,IN,3/17/2026 1:00,0.00046170142,0.00034339036,0.00020096044,0.00031507903
18031,Decatur County,IN,3/17/2026 2:00,0.00044663216,0.0002991142,0.00018457098,0.00032600758
18031,Decatur County,IN,3/17/2026 3:00,0.0004505663,0.00030520177,0.00018341558,0.0002823044
18031,Decatur County,IN,3/17/2026 4:00,0.00055953837,0.00021552069,0.00021810937,0.00030758244
18031,Decatur County,IN,3/17/2026 5:00,0.00048855745,0.00028747195,0.00023151972,0.00030354547
18031,Decatur County,IN,3/17/2026 6:00,0.00034339036,0.0003185203,0.00022389392,0.00030143466
18031,Decatur County,IN,3/17/2026 7:00,0.0002991142,0.00032323677,0.00027663392,0.00030160593
18031,Decatur County,IN,3/17/2026 8:00,0.00030520177,0.00035431725,0.00028780097,0.00031357553
18031,Decatur County,IN,3/17/2026 9:00,0.00021552069,0.00023318392,0.00024486333,0.00025186094
18031,Decatur County,IN,3/17/2026 10:00,0.00028747195,0.00016787314,0.00036940962,0.00022739128
18031,Decatur County,IN,3/17/2026 11:00,0.0003185203,0.00017971186,0.00041678717,0.00024324418
18031,Decatur County,IN,3/17/2026 12:00,0.00032323677,0.00020757983,0.0005548478,0.00023681943
18031,Decatur County,IN,3/17/2026 13:00,0.00035431725,0.00018934088,0.00037852346,0.00022395144
18031,Decatur County,IN,3/17/2026 14:00,0.00023318392,0.0003951706,0.00029090742,0.00015083682
18031,Decatur County,IN,3/17/2026 15:00,0.00016787314,0.0004346106,0.00018183772,0.00019143682
18031,Decatur County,IN,3/17/2026 16:00,0.00017971186,0.00040114063,0.00021117917,0.0001703848
18031,Decatur County,IN,3/17/2026 17:00,0.00020757983,0.00033388627,0.0001985036,0.00019577511
18031,Decatur County,IN,3/17/2026 18:00,0.00018934088,0.00021913002,0.00020254996,0.00022505855
18031,Decatur County,IN,3/17/2026 19:00,0.0003951706,0.00020096044,0.00020557808,0.00023089346
18031,Decatur County,IN,3/17/2026 20:00,0.0004346106,0.00018457098,0.0001594806,0.0002591073
18031,Decatur County,IN,3/17/2026 21:00,0.00040114063,0.00018341558,0.0001818933,0.0002890435
18031,Decatur County,IN,3/17/2026 22:00,0.00033388627,0.00021810937,0.00019347733,0.00035884778
18031,Decatur County,IN,3/17/2026 23:00,0.00021913002,0.00023151972,0.00028685492,0.0003410556
18031,Decatur County,IN,3/18/2026 0:00,0.00020096044,0.00022389392,0.0003004357,
18031,Decatur County,IN,3/18/2026 1:00,0.00018457098,0.00027663392,0.00031507903,
18031,Decatur County,IN,3/18/2026 2:00,0.00018341558,0.00028780097,0.00032600758,
18031,Decatur County,IN,3/18/2026 3:00,0.00021810937,0.00024486333,0.0002823044,
18031,Decatur County,IN,3/18/2026 4:00,0.00023151972,0.00036940962,0.00030758244,
18031,Decatur County,IN,3/18/2026 5:00,0.00022389392,0.00041678717,0.00030354547,
18031,Decatur County,IN,3/18/2026 6:00,0.00027663392,0.0005548478,0.00030143466,
18031,Decatur County,IN,3/18/2026 7:00,0.00028780097,0.00037852346,0.00030160593,
18031,Decatur County,IN,3/18/2026 8:00,0.00024486333,0.00029090742,0.00031357553,
18031,Decatur County,IN,3/18/2026 9:00,0.00036940962,0.00018183772,0.00025186094,
18031,Decatur County,IN,3/18/2026 10:00,0.00041678717,0.00021117917,0.00022739128,
18031,Decatur County,IN,3/18/2026 11:00,0.0005548478,0.0001985036,0.00024324418,
18031,Decatur County,IN,3/18/2026 12:00,0.00037852346,0.00020254996,0.00023681943,
18031,Decatur County,IN,3/18/2026 13:00,0.00029090742,0.00020557808,0.00022395144,
18031,Decatur County,IN,3/18/2026 14:00,0.00018183772,0.0001594806,0.00015083682,
18031,Decatur County,IN,3/18/2026 15:00,0.00021117917,0.0001818933,0.00019143682,
18031,Decatur County,IN,3/18/2026 16:00,0.0001985036,0.00019347733,0.0001703848,
18031,Decatur County,IN,3/18/2026 17:00,0.00020254996,0.00028685492,0.00019577511,
18031,Decatur County,IN,3/18/2026 18:00,0.00020557808,0.0003004357,0.00022505855,
18031,Decatur County,IN,3/18/2026 19:00,0.0001594806,0.00031507903,0.00023089346,
18031,Decatur County,IN,3/18/2026 20:00,0.0001818933,0.00032600758,0.0002591073,
18031,Decatur County,IN,3/18/2026 21:00,0.00019347733,0.0002823044,0.0002890435,
18031,Decatur County,IN,3/18/2026 22:00,0.00028685492,0.00030758244,0.00035884778,
18031,Decatur County,IN,3/18/2026 23:00,0.0003004357,0.00030354547,0.0003410556,
18031,Decatur County,IN,3/19/2026 0:00,0.00031507903,0.00030143466,,
18031,Decatur County,IN,3/19/2026 1:00,0.00032600758,0.00030160593,,
18031,Decatur County,IN,3/19/2026 2:00,0.0002823044,0.00031357553,,
18031,Decatur County,IN,3/19/2026 3:00,0.00030758244,0.00025186094,,
18031,Decatur County,IN,3/19/2026 4:00,0.00030354547,0.00022739128,,
18031,Decatur County,IN,3/19/2026 5:00,0.00030143466,0.00024324418,,
18031,Decatur County,IN,3/19/2026 6:00,0.00030160593,0.00023681943,,
18031,Decatur County,IN,3/19/2026 7:00,0.00031357553,0.00022395144,,
18031,Decatur County,IN,3/19/2026 8:00,0.00025186094,0.00015083682,,
18031,Decatur County,IN,3/19/2026 9:00,0.00022739128,0.00019143682,,
18031,Decatur County,IN,3/19/2026 10:00,0.00024324418,0.0001703848,,
18031,Decatur County,IN,3/19/2026 11:00,0.00023681943,0.00019577511,,
18031,Decatur County,IN,3/19/2026 12:00,0.00022395144,0.00022505855,,
18031,Decatur County,IN,3/19/2026 13:00,0.00015083682,0.00023089346,,
18031,Decatur County,IN,3/19/2026 14:00,0.00019143682,0.0002591073,,
18031,Decatur County,IN,3/19/2026 15:00,0.0001703848,0.0002890435,,
18031,Decatur County,IN,3/19/2026 16:00,0.00019577511,0.00035884778,,
18031,Decatur County,IN,3/19/2026 17:00,0.00022505855,0.0003410556,,
18031,Decatur County,IN,3/19/2026 18:00,0.00023089346,,,
18031,Decatur County,IN,3/19/2026 19:00,0.0002591073,,,
18031,Decatur County,IN,3/19/2026 20:00,0.0002890435,,,
18031,Decatur County,IN,3/19/2026 21:00,0.00035884778,,,
18031,Decatur County,IN,3/19/2026 22:00,0.0003410556,,,
18031,Decatur County,IN,3/19/2026 23:00,,,,
18049,Fulton County,IN,3/14/2026 0:00,0.0012456322,0.0011404811,0.00023418921,0.0030334245
18049,Fulton County,IN,3/14/2026 1:00,0.00091243023,0.00094285,0.00017911782,0.0033558968
18049,Fulton County,IN,3/14/2026 2:00,0.0009004658,0.0008252466,0.00017061192,0.0031102549
18049,Fulton County,IN,3/14/2026 3:00,0.00097261794,0.000633281,0.00015783343,0.002850243
18049,Fulton County,IN,3/14/2026 4:00,0.001109884,0.0006090309,0.00016934187,0.002328828
18049,Fulton County,IN,3/14/2026 5:00,0.0011404811,0.00059917924,0.00020952866,0.0019636238
18049,Fulton County,IN,3/14/2026 6:00,0.00094285,0.00067457353,0.00019110233,0.0015537438
18049,Fulton County,IN,3/14/2026 7:00,0.0008252466,0.0006720594,0.00021952778,0.0012914056
18049,Fulton County,IN,3/14/2026 8:00,0.000633281,0.0005955956,0.0002954617,0.0010014706
18049,Fulton County,IN,3/14/2026 9:00,0.0006090309,0.00053396396,0.0004144318,0.00091447594
18049,Fulton County,IN,3/14/2026 10:00,0.00059917924,0.00067558256,0.0005251808,0.0007882675
18049,Fulton County,IN,3/14/2026 11:00,0.00067457353,0.00036185049,0.00067996676,0.0007998404
18049,Fulton County,IN,3/14/2026 12:00,0.0006720594,0.00030942025,0.00091215514,0.0008090594
18049,Fulton County,IN,3/14/2026 13:00,0.0005955956,0.0004118669,0.0012696248,0.00081484
18049,Fulton County,IN,3/14/2026 14:00,0.00053396396,0.00044220558,0.0018283237,0.0007191411
18049,Fulton County,IN,3/14/2026 15:00,0.00067558256,0.00035147907,0.0028295997,0.00043595684
18049,Fulton County,IN,3/14/2026 16:00,0.00036185049,0.00024885742,0.0039989874,0.00031551803
18049,Fulton County,IN,3/14/2026 17:00,0.00030942025,0.0002155414,0.003983195,0.0003062277
18049,Fulton County,IN,3/14/2026 18:00,0.0004118669,0.00023418921,0.0039356877,0.00025575722
18049,Fulton County,IN,3/14/2026 19:00,0.00044220558,0.00017911782,0.0039842394,0.00023182627
18049,Fulton County,IN,3/14/2026 20:00,0.00035147907,0.00017061192,0.0035714284,0.00032915376
18049,Fulton County,IN,3/14/2026 21:00,0.00024885742,0.00015783343,0.0030639602,0.00042880134
18049,Fulton County,IN,3/14/2026 22:00,0.0002155414,0.00016934187,0.0033145393,0.00040246436
18049,Fulton County,IN,3/14/2026 23:00,0.00023418921,0.00020952866,0.0038255816,0.00036546457
18049,Fulton County,IN,3/15/2026 0:00,0.00017911782,0.00019110233,0.0030334245,0.00046031352
18049,Fulton County,IN,3/15/2026 1:00,0.00017061192,0.00021952778,0.0033558968,0.00052435696
18049,Fulton County,IN,3/15/2026 2:00,0.00015783343,0.0002954617,0.0031102549,0.00056264136
18049,Fulton County,IN,3/15/2026 3:00,0.00016934187,0.0004144318,0.002850243,0.0005899857
18049,Fulton County,IN,3/15/2026 4:00,0.00020952866,0.0005251808,0.002328828,0.00070731115
18049,Fulton County,IN,3/15/2026 5:00,0.00019110233,0.00067996676,0.0019636238,0.0009698431
18049,Fulton County,IN,3/15/2026 6:00,0.00021952778,0.00091215514,0.0015537438,0.0011265572
18049,Fulton County,IN,3/15/2026 7:00,0.0002954617,0.0012696248,0.0012914056,0.0011321937
18049,Fulton County,IN,3/15/2026 8:00,0.0004144318,0.0018283237,0.0010014706,0.0011551746
18049,Fulton County,IN,3/15/2026 9:00,0.0005251808,0.0028295997,0.00091447594,0.0011992168
18049,Fulton County,IN,3/15/2026 10:00,0.00067996676,0.0039989874,0.0007882675,0.0011491462
18049,Fulton County,IN,3/15/2026 11:00,0.00091215514,0.003983195,0.0007998404,0.0008910059
18049,Fulton County,IN,3/15/2026 12:00,0.0012696248,0.0039356877,0.0008090594,0.00071199494
18049,Fulton County,IN,3/15/2026 13:00,0.0018283237,0.0039842394,0.00081484,0.0005631624
18049,Fulton County,IN,3/15/2026 14:00,0.0028295997,0.0035714284,0.0007191411,0.00040750846
18049,Fulton County,IN,3/15/2026 15:00,0.0039989874,0.0030639602,0.00043595684,0.0003733463
18049,Fulton County,IN,3/15/2026 16:00,0.003983195,0.0033145393,0.00031551803,0.00030048858
18049,Fulton County,IN,3/15/2026 17:00,0.0039356877,0.0038255816,0.0003062277,0.00020182977
18049,Fulton County,IN,3/15/2026 18:00,0.0039842394,0.0030334245,0.00025575722,0.00016100456
18049,Fulton County,IN,3/15/2026 19:00,0.0035714284,0.0033558968,0.00023182627,0.0003042695
18049,Fulton County,IN,3/15/2026 20:00,0.0030639602,0.0031102549,0.00032915376,0.00029128027
18049,Fulton County,IN,3/15/2026 21:00,0.0033145393,0.002850243,0.00042880134,0.00024743794
18049,Fulton County,IN,3/15/2026 22:00,0.0038255816,0.002328828,0.00040246436,0.00025742588
18049,Fulton County,IN,3/15/2026 23:00,0.0030334245,0.0019636238,0.00036546457,0.0002733172
18049,Fulton County,IN,3/16/2026 0:00,0.0033558968,0.0015537438,0.00046031352,0.00023937959
18049,Fulton County,IN,3/16/2026 1:00,0.0031102549,0.0012914056,0.00052435696,0.00027879231
18049,Fulton County,IN,3/16/2026 2:00,0.002850243,0.0010014706,0.00056264136,0.00022954721
18049,Fulton County,IN,3/16/2026 3:00,0.002328828,0.00091447594,0.0005899857,0.0002430186
18049,Fulton County,IN,3/16/2026 4:00,0.0019636238,0.0007882675,0.00070731115,0.00025672064
18049,Fulton County,IN,3/16/2026 5:00,0.0015537438,0.0007998404,0.0009698431,0.00028026506
18049,Fulton County,IN,3/16/2026 6:00,0.0012914056,0.0008090594,0.0011265572,0.0003077616
18049,Fulton County,IN,3/16/2026 7:00,0.0010014706,0.00081484,0.0011321937,0.00028776898
18049,Fulton County,IN,3/16/2026 8:00,0.00091447594,0.0007191411,0.0011551746,0.00038489496
18049,Fulton County,IN,3/16/2026 9:00,0.0007882675,0.00043595684,0.0011992168,0.0003965978
18049,Fulton County,IN,3/16/2026 10:00,0.0007998404,0.00031551803,0.0011491462,0.0003594891
18049,Fulton County,IN,3/16/2026 11:00,0.0008090594,0.0003062277,0.0008910059,0.0003586566
18049,Fulton County,IN,3/16/2026 12:00,0.00081484,0.00025575722,0.00071199494,0.0003596706
18049,Fulton County,IN,3/16/2026 13:00,0.0007191411,0.00023182627,0.0005631624,0.00024572457
18049,Fulton County,IN,3/16/2026 14:00,0.00043595684,0.00032915376,0.00040750846,0.00022564252
18049,Fulton County,IN,3/16/2026 15:00,0.00031551803,0.00042880134,0.0003733463,0.00016879875
18049,Fulton County,IN,3/16/2026 16:00,0.0003062277,0.00040246436,0.00030048858,0.0001397012
18049,Fulton County,IN,3/16/2026 17:00,0.00025575722,0.00036546457,0.00020182977,0.00014170703
18049,Fulton County,IN,3/16/2026 18:00,0.00023182627,0.00046031352,0.00016100456,9.415185e-05
18049,Fulton County,IN,3/16/2026 19:00,0.00032915376,0.00052435696,0.0003042695,9.509278e-05
18049,Fulton County,IN,3/16/2026 20:00,0.00042880134,0.00056264136,0.00029128027,0.00010604182
18049,Fulton County,IN,3/16/2026 21:00,0.00040246436,0.0005899857,0.00024743794,0.00013842015
18049,Fulton County,IN,3/16/2026 22:00,0.00036546457,0.00070731115,0.00025742588,0.00015826416
18049,Fulton County,IN,3/16/2026 23:00,0.00046031352,0.0009698431,0.0002733172,0.00012245144
18049,Fulton County,IN,3/17/2026 0:00,0.00052435696,0.0011265572,0.00023937959,0.00012390154
18049,Fulton County,IN,3/17/2026 1:00,0.00056264136,0.0011321937,0.00027879231,0.00014954853
18049,Fulton County,IN,3/17/2026 2:00,0.0005899857,0.0011551746,0.00022954721,0.00017602206
18049,Fulton County,IN,3/17/2026 3:00,0.00070731115,0.0011992168,0.0002430186,0.00017139404
18049,Fulton County,IN,3/17/2026 4:00,0.0009698431,0.0011491462,0.00025672064,0.00030757175
18049,Fulton County,IN,3/17/2026 5:00,0.0011265572,0.0008910059,0.00028026506,0.00020766795
18049,Fulton County,IN,3/17/2026 6:00,0.0011321937,0.00071199494,0.0003077616,0.00035446562
18049,Fulton County,IN,3/17/2026 7:00,0.0011551746,0.0005631624,0.00028776898,0.00028075383
18049,Fulton County,IN,3/17/2026 8:00,0.0011992168,0.00040750846,0.00038489496,0.000168631
18049,Fulton County,IN,3/17/2026 9:00,0.0011491462,0.0003733463,0.0003965978,0.00020408707
18049,Fulton County,IN,3/17/2026 10:00,0.0008910059,0.00030048858,0.0003594891,0.00022230638
18049,Fulton County,IN,3/17/2026 11:00,0.00071199494,0.00020182977,0.0003586566,0.00027155355
18049,Fulton County,IN,3/17/2026 12:00,0.0005631624,0.00016100456,0.0003596706,0.00024683095
18049,Fulton County,IN,3/17/2026 13:00,0.00040750846,0.0003042695,0.00024572457,0.00023970833
18049,Fulton County,IN,3/17/2026 14:00,0.0003733463,0.00029128027,0.00022564252,0.00017662176
18049,Fulton County,IN,3/17/2026 15:00,0.00030048858,0.00024743794,0.00016879875,0.00013627244
18049,Fulton County,IN,3/17/2026 16:00,0.00020182977,0.00025742588,0.0001397012,8.874348e-05
18049,Fulton County,IN,3/17/2026 17:00,0.00016100456,0.0002733172,0.00014170703,8.094416e-05
18049,Fulton County,IN,3/17/2026 18:00,0.0003042695,0.00023937959,9.415185e-05,0.0001066874
18049,Fulton County,IN,3/17/2026 19:00,0.00029128027,0.00027879231,9.509278e-05,0.0002318149
18049,Fulton County,IN,3/17/2026 20:00,0.00024743794,0.00022954721,0.00010604182,0.00021998126
18049,Fulton County,IN,3/17/2026 21:00,0.00025742588,0.0002430186,0.00013842015,0.00017436712
18049,Fulton County,IN,3/17/2026 22:00,0.0002733172,0.00025672064,0.00015826416,0.00029362133
18049,Fulton County,IN,3/17/2026 23:00,0.00023937959,0.00028026506,0.00012245144,0.00027019848
18049,Fulton County,IN,3/18/2026 0:00,0.00027879231,0.0003077616,0.00012390154,
18049,Fulton County,IN,3/18/2026 1:00,0.00022954721,0.00028776898,0.00014954853,
18049,Fulton County,IN,3/18/2026 2:00,0.0002430186,0.00038489496,0.00017602206,
18049,Fulton County,IN,3/18/2026 3:00,0.00025672064,0.0003965978,0.00017139404,
18049,Fulton County,IN,3/18/2026 4:00,0.00028026506,0.0003594891,0.00030757175,
18049,Fulton County,IN,3/18/2026 5:00,0.0003077616,0.0003586566,0.00020766795,
18049,Fulton County,IN,3/18/2026 6:00,0.00028776898,0.0003596706,0.00035446562,
18049,Fulton County,IN,3/18/2026 7:00,0.00038489496,0.00024572457,0.00028075383,
18049,Fulton County,IN,3/18/2026 8:00,0.0003965978,0.00022564252,0.000168631,
18049,Fulton County,IN,3/18/2026 9:00,0.0003594891,0.00016879875,0.00020408707,
18049,Fulton County,IN,3/18/2026 10:00,0.0003586566,0.0001397012,0.00022230638,
18049,Fulton County,IN,3/18/2026 11:00,0.0003596706,0.00014170703,0.00027155355,
18049,Fulton County,IN,3/18/2026 12:00,0.00024572457,9.415185e-05,0.00024683095,
18049,Fulton County,IN,3/18/2026 13:00,0.00022564252,9.509278e-05,0.00023970833,
18049,Fulton County,IN,3/18/2026 14:00,0.00016879875,0.00010604182,0.00017662176,
18049,Fulton County,IN,3/18/2026 15:00,0.0001397012,0.00013842015,0.00013627244,
18049,Fulton County,IN,3/18/2026 16:00,0.00014170703,0.00015826416,8.874348e-05,
18049,Fulton County,IN,3/18/2026 17:00,9.415185e-05,0.00012245144,8.094416e-05,
18049,Fulton County,IN,3/18/2026 18:00,9.509278e-05,0.00012390154,0.0001066874,
18049,Fulton County,IN,3/18/2026 19:00,0.00010604182,0.00014954853,0.0002318149,
18049,Fulton County,IN,3/18/2026 20:00,0.00013842015,0.00017602206,0.00021998126,
18049,Fulton County,IN,3/18/2026 21:00,0.00015826416,0.00017139404,0.00017436712,
18049,Fulton County,IN,3/18/2026 22:00,0.00012245144,0.00030757175,0.00029362133,
18049,Fulton County,IN,3/18/2026 23:00,0.00012390154,0.00020766795,0.00027019848,
18049,Fulton County,IN,3/19/2026 0:00,0.00014954853,0.00035446562,,
18049,Fulton County,IN,3/19/2026 1:00,0.00017602206,0.00028075383,,
18049,Fulton County,IN,3/19/2026 2:00,0.00017139404,0.000168631,,
18049,Fulton County,IN,3/19/2026 3:00,0.00030757175,0.00020408707,,
18049,Fulton County,IN,3/19/2026 4:00,0.00020766795,0.00022230638,,
18049,Fulton County,IN,3/19/2026 5:00,0.00035446562,0.00027155355,,
18049,Fulton County,IN,3/19/2026 6:00,0.00028075383,0.00024683095,,
18049,Fulton County,IN,3/19/2026 7:00,0.000168631,0.00023970833,,
18049,Fulton County,IN,3/19/2026 8:00,0.00020408707,0.00017662176,,
18049,Fulton County,IN,3/19/2026 9:00,0.00022230638,0.00013627244,,
18049,Fulton County,IN,3/19/2026 10:00,0.00027155355,8.874348e-05,,
18049,Fulton County,IN,3/19/2026 11:00,0.00024683095,8.094416e-05,,
18049,Fulton County,IN,3/19/2026 12:00,0.00023970833,0.0001066874,,
18049,Fulton County,IN,3/19/2026 13:00,0.00017662176,0.0002318149,,
18049,Fulton County,IN,3/19/2026 14:00,0.00013627244,0.00021998126,,
18049,Fulton County,IN,3/19/2026 15:00,8.874348e-05,0.00017436712,,
18049,Fulton County,IN,3/19/2026 16:00,8.094416e-05,0.00029362133,,
18049,Fulton County,IN,3/19/2026 17:00,0.0001066874,0.00027019848,,
18049,Fulton County,IN,3/19/2026 18:00,0.0002318149,,,
18049,Fulton County,IN,3/19/2026 19:00,0.00021998126,,,
18049,Fulton County,IN,3/19/2026 20:00,0.00017436712,,,
18049,Fulton County,IN,3/19/2026 21:00,0.00029362133,,,
18049,Fulton County,IN,3/19/2026 22:00,0.00027019848,,,
18049,Fulton County,IN,3/19/2026 23:00,,,,
18053,Grant County,IN,3/14/2026 0:00,0.011661342,0.007880111,0.00094343605,0.0016310825
18053,Grant County,IN,3/14/2026 1:00,0.010799161,0.0067330413,0.000833004,0.0014902476
18053,Grant County,IN,3/14/2026 2:00,0.009867305,0.0059180646,0.00073451083,0.002104451
18053,Grant County,IN,3/14/2026 3:00,0.009168349,0.0054805875,0.0006433471,0.002304442
18053,Grant County,IN,3/14/2026 4:00,0.008651458,0.0050038504,0.00063764304,0.0021645231
18053,Grant County,IN,3/14/2026 5:00,0.007880111,0.0043472163,0.0007017078,0.002039012
18053,Grant County,IN,3/14/2026 6:00,0.0067330413,0.0040317546,0.0007351817,0.001864056
18053,Grant County,IN,3/14/2026 7:00,0.0059180646,0.0037443787,0.0009009299,0.0017078406
18053,Grant County,IN,3/14/2026 8:00,0.0054805875,0.003440489,0.000848942,0.0014379924
18053,Grant County,IN,3/14/2026 9:00,0.0050038504,0.002738512,0.00083552324,0.0012573964
18053,Grant County,IN,3/14/2026 10:00,0.0043472163,0.002554836,0.0011705137,0.0011058411
18053,Grant County,IN,3/14/2026 11:00,0.0040317546,0.0021504117,0.0021152524,0.0010430489
18053,Grant County,IN,3/14/2026 12:00,0.0037443787,0.0018720785,0.0032159688,0.00090631994
18053,Grant County,IN,3/14/2026 13:00,0.003440489,0.0017166999,0.0039555933,0.0007923419
18053,Grant County,IN,3/14/2026 14:00,0.002738512,0.0016730968,0.004111512,0.00061254884
18053,Grant County,IN,3/14/2026 15:00,0.002554836,0.001389303,0.0034159133,0.00063493033
18053,Grant County,IN,3/14/2026 16:00,0.0021504117,0.0012420437,0.0033038624,0.00049536873
18053,Grant County,IN,3/14/2026 17:00,0.0018720785,0.0011856745,0.0034761894,0.00038152986
18053,Grant County,IN,3/14/2026 18:00,0.0017166999,0.00094343605,0.002802598,0.00029877655
18053,Grant County,IN,3/14/2026 19:00,0.0016730968,0.000833004,0.0026829008,0.00027921417
18053,Grant County,IN,3/14/2026 20:00,0.001389303,0.00073451083,0.0022185356,0.00027526403
18053,Grant County,IN,3/14/2026 21:00,0.0012420437,0.0006433471,0.0020824654,0.00021111373
18053,Grant County,IN,3/14/2026 22:00,0.0011856745,0.00063764304,0.002311348,0.0002142813
18053,Grant County,IN,3/14/2026 23:00,0.00094343605,0.0007017078,0.002010026,0.00013375584
18053,Grant County,IN,3/15/2026 0:00,0.000833004,0.0007351817,0.0016310825,0.000105508916
18053,Grant County,IN,3/15/2026 1:00,0.00073451083,0.0009009299,0.0014902476,0.00014868606
18053,Grant County,IN,3/15/2026 2:00,0.0006433471,0.000848942,0.002104451,0.00011285578
18053,Grant County,IN,3/15/2026 3:00,0.00063764304,0.00083552324,0.002304442,0.00010912429
18053,Grant County,IN,3/15/2026 4:00,0.0007017078,0.0011705137,0.0021645231,9.325953e-05
18053,Grant County,IN,3/15/2026 5:00,0.0007351817,0.0021152524,0.002039012,9.925571e-05
18053,Grant County,IN,3/15/2026 6:00,0.0009009299,0.0032159688,0.001864056,0.00012308932
18053,Grant County,IN,3/15/2026 7:00,0.000848942,0.0039555933,0.0017078406,0.00017035526
18053,Grant County,IN,3/15/2026 8:00,0.00083552324,0.004111512,0.0014379924,0.00013971473
18053,Grant County,IN,3/15/2026 9:00,0.0011705137,0.0034159133,0.0012573964,0.00022830727
18053,Grant County,IN,3/15/2026 10:00,0.0021152524,0.0033038624,0.0011058411,0.00023263298
18053,Grant County,IN,3/15/2026 11:00,0.0032159688,0.0034761894,0.0010430489,0.00021576145
18053,Grant County,IN,3/15/2026 12:00,0.0039555933,0.002802598,0.00090631994,0.00029197117
18053,Grant County,IN,3/15/2026 13:00,0.004111512,0.0026829008,0.0007923419,0.0002982943
18053,Grant County,IN,3/15/2026 14:00,0.0034159133,0.0022185356,0.00061254884,0.00030964785
18053,Grant County,IN,3/15/2026 15:00,0.0033038624,0.0020824654,0.00063493033,0.0002712959
18053,Grant County,IN,3/15/2026 16:00,0.0034761894,0.002311348,0.00049536873,0.00018944495
18053,Grant County,IN,3/15/2026 17:00,0.002802598,0.002010026,0.00038152986,0.00017042481
18053,Grant County,IN,3/15/2026 18:00,0.0026829008,0.0016310825,0.00029877655,0.00016190408
18053,Grant County,IN,3/15/2026 19:00,0.0022185356,0.0014902476,0.00027921417,0.0001883734
18053,Grant County,IN,3/15/2026 20:00,0.0020824654,0.002104451,0.00027526403,0.00019943414
18053,Grant County,IN,3/15/2026 21:00,0.002311348,0.002304442,0.00021111373,0.00023467734
18053,Grant County,IN,3/15/2026 22:00,0.002010026,0.0021645231,0.0002142813,0.0002968533
18053,Grant County,IN,3/15/2026 23:00,0.0016310825,0.002039012,0.00013375584,0.00027162855
18053,Grant County,IN,3/16/2026 0:00,0.0014902476,0.001864056,0.000105508916,0.00020672208
18053,Grant County,IN,3/16/2026 1:00,0.002104451,0.0017078406,0.00014868606,0.00026576672
18053,Grant County,IN,3/16/2026 2:00,0.002304442,0.0014379924,0.00011285578,0.00023490089
18053,Grant County,IN,3/16/2026 3:00,0.0021645231,0.0012573964,0.00010912429,0.00022134099
18053,Grant County,IN,3/16/2026 4:00,0.002039012,0.0011058411,9.325953e-05,0.00026541413
18053,Grant County,IN,3/16/2026 5:00,0.001864056,0.0010430489,9.925571e-05,0.0002596784
18053,Grant County,IN,3/16/2026 6:00,0.0017078406,0.00090631994,0.00012308932,0.00025977183
18053,Grant County,IN,3/16/2026 7:00,0.0014379924,0.0007923419,0.00017035526,0.00026066726
18053,Grant County,IN,3/16/2026 8:00,0.0012573964,0.00061254884,0.00013971473,0.00032857046
18053,Grant County,IN,3/16/2026 9:00,0.0011058411,0.00063493033,0.00022830727,0.0002972867
18053,Grant County,IN,3/16/2026 10:00,0.0010430489,0.00049536873,0.00023263298,0.00034322875
18053,Grant County,IN,3/16/2026 11:00,0.00090631994,0.00038152986,0.00021576145,0.00028302867
18053,Grant County,IN,3/16/2026 12:00,0.0007923419,0.00029877655,0.00029197117,0.00018546227
18053,Grant County,IN,3/16/2026 13:00,0.00061254884,0.00027921417,0.0002982943,0.00014592939
18053,Grant County,IN,3/16/2026 14:00,0.00063493033,0.00027526403,0.00030964785,0.00014587426
18053,Grant County,IN,3/16/2026 15:00,0.00049536873,0.00021111373,0.0002712959,0.00010709267
18053,Grant County,IN,3/16/2026 16:00,0.00038152986,0.0002142813,0.00018944495,9.7763936e-05
18053,Grant County,IN,3/16/2026 17:00,0.00029877655,0.00013375584,0.00017042481,8.537219e-05
18053,Grant County,IN,3/16/2026 18:00,0.00027921417,0.000105508916,0.00016190408,6.3323896e-05
18053,Grant County,IN,3/16/2026 19:00,0.00027526403,0.00014868606,0.0001883734,5.6577108e-05
18053,Grant County,IN,3/16/2026 20:00,0.00021111373,0.00011285578,0.00019943414,0.00011320574
18053,Grant County,IN,3/16/2026 21:00,0.0002142813,0.00010912429,0.00023467734,0.00010933724
18053,Grant County,IN,3/16/2026 22:00,0.00013375584,9.325953e-05,0.0002968533,0.0001292655
18053,Grant County,IN,3/16/2026 23:00,0.000105508916,9.925571e-05,0.00027162855,0.00014406351
18053,Grant County,IN,3/17/2026 0:00,0.00014868606,0.00012308932,0.00020672208,0.00013875587
18053,Grant County,IN,3/17/2026 1:00,0.00011285578,0.00017035526,0.00026576672,0.00018825743
18053,Grant County,IN,3/17/2026 2:00,0.00010912429,0.00013971473,0.00023490089,0.00017826432
18053,Grant County,IN,3/17/2026 3:00,9.325953e-05,0.00022830727,0.00022134099,0.00016132486
18053,Grant County,IN,3/17/2026 4:00,9.925571e-05,0.00023263298,0.00026541413,0.00019621178
18053,Grant County,IN,3/17/2026 5:00,0.00012308932,0.00021576145,0.0002596784,0.00019332173
18053,Grant County,IN,3/17/2026 6:00,0.00017035526,0.00029197117,0.00025977183,0.00026217703
18053,Grant County,IN,3/17/2026 7:00,0.00013971473,0.0002982943,0.00026066726,0.0002912305
18053,Grant County,IN,3/17/2026 8:00,0.00022830727,0.00030964785,0.00032857046,0.00023967704
18053,Grant County,IN,3/17/2026 9:00,0.00023263298,0.0002712959,0.0002972867,0.0001648502
18053,Grant County,IN,3/17/2026 10:00,0.00021576145,0.00018944495,0.00034322875,0.00019537956
18053,Grant County,IN,3/17/2026 11:00,0.00029197117,0.00017042481,0.00028302867,0.00020370977
18053,Grant County,IN,3/17/2026 12:00,0.0002982943,0.00016190408,0.00018546227,0.00020558268
18053,Grant County,IN,3/17/2026 13:00,0.00030964785,0.0001883734,0.00014592939,0.00020797881
18053,Grant County,IN,3/17/2026 14:00,0.0002712959,0.00019943414,0.00014587426,0.00018733437
18053,Grant County,IN,3/17/2026 15:00,0.00018944495,0.00023467734,0.00010709267,0.00010441111
18053,Grant County,IN,3/17/2026 16:00,0.00017042481,0.0002968533,9.7763936e-05,0.00010736589
18053,Grant County,IN,3/17/2026 17:00,0.00016190408,0.00027162855,8.537219e-05,0.00013935739
18053,Grant County,IN,3/17/2026 18:00,0.0001883734,0.00020672208,6.3323896e-05,0.00018726458
18053,Grant County,IN,3/17/2026 19:00,0.00019943414,0.00026576672,5.6577108e-05,0.0002284337
18053,Grant County,IN,3/17/2026 20:00,0.00023467734,0.00023490089,0.00011320574,0.00020505552
18053,Grant County,IN,3/17/2026 21:00,0.0002968533,0.00022134099,0.00010933724,0.00024345765
18053,Grant County,IN,3/17/2026 22:00,0.00027162855,0.00026541413,0.0001292655,0.0002819496
18053,Grant County,IN,3/17/2026 23:00,0.00020672208,0.0002596784,0.00014406351,0.00028240896
18053,Grant County,IN,3/18/2026 0:00,0.00026576672,0.00025977183,0.00013875587,
18053,Grant County,IN,3/18/2026 1:00,0.00023490089,0.00026066726,0.00018825743,
18053,Grant County,IN,3/18/2026 2:00,0.00022134099,0.00032857046,0.00017826432,
18053,Grant County,IN,3/18/2026 3:00,0.00026541413,0.0002972867,0.00016132486,
18053,Grant County,IN,3/18/2026 4:00,0.0002596784,0.00034322875,0.00019621178,
18053,Grant County,IN,3/18/2026 5:00,0.00025977183,0.00028302867,0.00019332173,
18053,Grant County,IN,3/18/2026 6:00,0.00026066726,0.00018546227,0.00026217703,
18053,Grant County,IN,3/18/2026 7:00,0.00032857046,0.00014592939,0.0002912305,
18053,Grant County,IN,3/18/2026 8:00,0.0002972867,0.00014587426,0.00023967704,
18053,Grant County,IN,3/18/2026 9:00,0.00034322875,0.00010709267,0.0001648502,
18053,Grant County,IN,3/18/2026 10:00,0.00028302867,9.7763936e-05,0.00019537956,
18053,Grant County,IN,3/18/2026 11:00,0.00018546227,8.537219e-05,0.00020370977,
18053,Grant County,IN,3/18/2026 12:00,0.00014592939,6.3323896e-05,0.00020558268,
18053,Grant County,IN,3/18/2026 13:00,0.00014587426,5.6577108e-05,0.00020797881,
18053,Grant County,IN,3/18/2026 14:00,0.00010709267,0.00011320574,0.00018733437,
18053,Grant County,IN,3/18/2026 15:00,9.7763936e-05,0.00010933724,0.00010441111,
18053,Grant County,IN,3/18/2026 16:00,8.537219e-05,0.0001292655,0.00010736589,
18053,Grant County,IN,3/18/2026 17:00,6.3323896e-05,0.00014406351,0.00013935739,
18053,Grant County,IN,3/18/2026 18:00,5.6577108e-05,0.00013875587,0.00018726458,
18053,Grant County,IN,3/18/2026 19:00,0.00011320574,0.00018825743,0.0002284337,
18053,Grant County,IN,3/18/2026 20:00,0.00010933724,0.00017826432,0.00020505552,
18053,Grant County,IN,3/18/2026 21:00,0.0001292655,0.00016132486,0.00024345765,
18053,Grant County,IN,3/18/2026 22:00,0.00014406351,0.00019621178,0.0002819496,
18053,Grant County,IN,3/18/2026 23:00,0.00013875587,0.00019332173,0.00028240896,
18053,Grant County,IN,3/19/2026 0:00,0.00018825743,0.00026217703,,
18053,Grant County,IN,3/19/2026 1:00,0.00017826432,0.0002912305,,
18053,Grant County,IN,3/19/2026 2:00,0.00016132486,0.00023967704,,
18053,Grant County,IN,3/19/2026 3:00,0.00019621178,0.0001648502,,
18053,Grant County,IN,3/19/2026 4:00,0.00019332173,0.00019537956,,
18053,Grant County,IN,3/19/2026 5:00,0.00026217703,0.00020370977,,
18053,Grant County,IN,3/19/2026 6:00,0.0002912305,0.00020558268,,
18053,Grant County,IN,3/19/2026 7:00,0.00023967704,0.00020797881,,
18053,Grant County,IN,3/19/2026 8:00,0.0001648502,0.00018733437,,
18053,Grant County,IN,3/19/2026 9:00,0.00019537956,0.00010441111,,
18053,Grant County,IN,3/19/2026 10:00,0.00020370977,0.00010736589,,
18053,Grant County,IN,3/19/2026 11:00,0.00020558268,0.00013935739,,
18053,Grant County,IN,3/19/2026 12:00,0.00020797881,0.00018726458,,
18053,Grant County,IN,3/19/2026 13:00,0.00018733437,0.0002284337,,
18053,Grant County,IN,3/19/2026 14:00,0.00010441111,0.00020505552,,
18053,Grant County,IN,3/19/2026 15:00,0.00010736589,0.00024345765,,
18053,Grant County,IN,3/19/2026 16:00,0.00013935739,0.0002819496,,
18053,Grant County,IN,3/19/2026 17:00,0.00018726458,0.00028240896,,
18053,Grant County,IN,3/19/2026 18:00,0.0002284337,,,
18053,Grant County,IN,3/19/2026 19:00,0.00020505552,,,
18053,Grant County,IN,3/19/2026 20:00,0.00024345765,,,
18053,Grant County,IN,3/19/2026 21:00,0.0002819496,,,
18053,Grant County,IN,3/19/2026 22:00,0.00028240896,,,
18053,Grant County,IN,3/19/2026 23:00,,,,
18055,Greene County,IN,3/14/2026 0:00,3.381569e-05,9.355116e-05,0.0002336231,0.011924921
18055,Greene County,IN,3/14/2026 1:00,0.00051820604,0.00018002628,0.00020392315,0.010235751
18055,Greene County,IN,3/14/2026 2:00,0.00035339163,0.00027211523,0.00021973763,0.009431932
18055,Greene County,IN,3/14/2026 3:00,5.3759173e-05,0.0003493335,0.00022043778,0.008630501
18055,Greene County,IN,3/14/2026 4:00,3.9433517e-06,0.00036674403,0.0002162534,0.007173284
18055,Greene County,IN,3/14/2026 5:00,9.355116e-05,0.00034815117,0.00025610163,0.006123908
18055,Greene County,IN,3/14/2026 6:00,0.00018002628,0.00038952404,0.00037673913,0.005005702
18055,Greene County,IN,3/14/2026 7:00,0.00027211523,0.0003550075,0.0006456553,0.004013314
18055,Greene County,IN,3/14/2026 8:00,0.0003493335,0.00010288984,0.0009669273,0.0039080773
18055,Greene County,IN,3/14/2026 9:00,0.00036674403,0.000108420354,0.0016076865,0.0036286672
18055,Greene County,IN,3/14/2026 10:00,0.00034815117,0.00018050663,0.003357018,0.0034750497
18055,Greene County,IN,3/14/2026 11:00,0.00038952404,0.00022624811,0.0060915607,0.0029773146
18055,Greene County,IN,3/14/2026 12:00,0.0003550075,0.00032892163,0.009551328,0.0027122598
18055,Greene County,IN,3/14/2026 13:00,0.00010288984,0.00033713013,0.013991449,0.0025924512
18055,Greene County,IN,3/14/2026 14:00,0.000108420354,0.0002846845,0.0172099,0.0020965387
18055,Greene County,IN,3/14/2026 15:00,0.00018050663,0.00030253053,0.017603168,0.0018570727
18055,Greene County,IN,3/14/2026 16:00,0.00022624811,0.00029546794,0.016918328,0.0017132263
18055,Greene County,IN,3/14/2026 17:00,0.00032892163,0.00024936392,0.014820219,0.0014532127
18055,Greene County,IN,3/14/2026 18:00,0.00033713013,0.0002336231,0.012515724,0.0014830318
18055,Greene County,IN,3/14/2026 19:00,0.0002846845,0.00020392315,0.010048215,0.0014315412
18055,Greene County,IN,3/14/2026 20:00,0.00030253053,0.00021973763,0.007882088,0.001322875
18055,Greene County,IN,3/14/2026 21:00,0.00029546794,0.00022043778,0.0070945956,0.0011202911
18055,Greene County,IN,3/14/2026 22:00,0.00024936392,0.0002162534,0.010429651,0.00080328056
18055,Greene County,IN,3/14/2026 23:00,0.0002336231,0.00025610163,0.012275327,0.0007330858
18055,Greene County,IN,3/15/2026 0:00,0.00020392315,0.00037673913,0.011924921,0.0006400691
18055,Greene County,IN,3/15/2026 1:00,0.00021973763,0.0006456553,0.010235751,0.0005570276
18055,Greene County,IN,3/15/2026 2:00,0.00022043778,0.0009669273,0.009431932,0.0005649989
18055,Greene County,IN,3/15/2026 3:00,0.0002162534,0.0016076865,0.008630501,0.00059845013
18055,Greene County,IN,3/15/2026 4:00,0.00025610163,0.003357018,0.007173284,0.00056652067
18055,Greene County,IN,3/15/2026 5:00,0.00037673913,0.0060915607,0.006123908,0.0006577808
18055,Greene County,IN,3/15/2026 6:00,0.0006456553,0.009551328,0.005005702,0.00085713546
18055,Greene County,IN,3/15/2026 7:00,0.0009669273,0.013991449,0.004013314,0.0009871724
18055,Greene County,IN,3/15/2026 8:00,0.0016076865,0.0172099,0.0039080773,0.0010845005
18055,Greene County,IN,3/15/2026 9:00,0.003357018,0.017603168,0.0036286672,0.00087553356
18055,Greene County,IN,3/15/2026 10:00,0.0060915607,0.016918328,0.0034750497,0.0006715381
18055,Greene County,IN,3/15/2026 11:00,0.009551328,0.014820219,0.0029773146,0.0005255822
18055,Greene County,IN,3/15/2026 12:00,0.013991449,0.012515724,0.0027122598,0.00037811772
18055,Greene County,IN,3/15/2026 13:00,0.0172099,0.010048215,0.0025924512,0.00023021505
18055,Greene County,IN,3/15/2026 14:00,0.017603168,0.007882088,0.0020965387,0.00021280764
18055,Greene County,IN,3/15/2026 15:00,0.016918328,0.0070945956,0.0018570727,0.00026182295
18055,Greene County,IN,3/15/2026 16:00,0.014820219,0.010429651,0.0017132263,0.00041670108
18055,Greene County,IN,3/15/2026 17:00,0.012515724,0.012275327,0.0014532127,0.00029582783
18055,Greene County,IN,3/15/2026 18:00,0.010048215,0.011924921,0.0014830318,0.00029113647
18055,Greene County,IN,3/15/2026 19:00,0.007882088,0.010235751,0.0014315412,0.00028790144
18055,Greene County,IN,3/15/2026 20:00,0.0070945956,0.009431932,0.001322875,0.00036182895
18055,Greene County,IN,3/15/2026 21:00,0.010429651,0.008630501,0.0011202911,0.00040180745
18055,Greene County,IN,3/15/2026 22:00,0.012275327,0.007173284,0.00080328056,0.00037192652
18055,Greene County,IN,3/15/2026 23:00,0.011924921,0.006123908,0.0007330858,0.00045963703
18055,Greene County,IN,3/16/2026 0:00,0.010235751,0.005005702,0.0006400691,0.0002613524
18055,Greene County,IN,3/16/2026 1:00,0.009431932,0.004013314,0.0005570276,0.0002333544
18055,Greene County,IN,3/16/2026 2:00,0.008630501,0.0039080773,0.0005649989,0.00024593843
18055,Greene County,IN,3/16/2026 3:00,0.007173284,0.0036286672,0.00059845013,0.00020769754
18055,Greene County,IN,3/16/2026 4:00,0.006123908,0.0034750497,0.00056652067,0.00019857967
18055,Greene County,IN,3/16/2026 5:00,0.005005702,0.0029773146,0.0006577808,0.00028882592
18055,Greene County,IN,3/16/2026 6:00,0.004013314,0.0027122598,0.00085713546,0.00025148198
18055,Greene County,IN,3/16/2026 7:00,0.0039080773,0.0025924512,0.0009871724,0.00025819888
18055,Greene County,IN,3/16/2026 8:00,0.0036286672,0.0020965387,0.0010845005,0.00030158093
18055,Greene County,IN,3/16/2026 9:00,0.0034750497,0.0018570727,0.00087553356,0.0002869487
18055,Greene County,IN,3/16/2026 10:00,0.0029773146,0.0017132263,0.0006715381,0.0007900858
18055,Greene County,IN,3/16/2026 11:00,0.0027122598,0.0014532127,0.0005255822,0.0008692863
18055,Greene County,IN,3/16/2026 12:00,0.0025924512,0.0014830318,0.00037811772,0.0011833108
18055,Greene County,IN,3/16/2026 13:00,0.0020965387,0.0014315412,0.00023021505,0.0019387385
18055,Greene County,IN,3/16/2026 14:00,0.0018570727,0.001322875,0.00021280764,0.0019179867
18055,Greene County,IN,3/16/2026 15:00,0.0017132263,0.0011202911,0.00026182295,0.0014503844
18055,Greene County,IN,3/16/2026 16:00,0.0014532127,0.00080328056,0.00041670108,0.0012150019
18055,Greene County,IN,3/16/2026 17:00,0.0014830318,0.0007330858,0.00029582783,0.0008298126
18055,Greene County,IN,3/16/2026 18:00,0.0014315412,0.0006400691,0.00029113647,0.0006012495
18055,Greene County,IN,3/16/2026 19:00,0.001322875,0.0005570276,0.00028790144,0.00042914588
18055,Greene County,IN,3/16/2026 20:00,0.0011202911,0.0005649989,0.00036182895,0.00030034836
18055,Greene County,IN,3/16/2026 21:00,0.00080328056,0.00059845013,0.00040180745,0.00030508905
18055,Greene County,IN,3/16/2026 22:00,0.0007330858,0.00056652067,0.00037192652,0.00030237884
18055,Greene County,IN,3/16/2026 23:00,0.0006400691,0.0006577808,0.00045963703,0.0003021916
18055,Greene County,IN,3/17/2026 0:00,0.0005570276,0.00085713546,0.0002613524,0.000249991
18055,Greene County,IN,3/17/2026 1:00,0.0005649989,0.0009871724,0.0002333544,0.00023861998
18055,Greene County,IN,3/17/2026 2:00,0.00059845013,0.0010845005,0.00024593843,0.0002092094
18055,Greene County,IN,3/17/2026 3:00,0.00056652067,0.00087553356,0.00020769754,0.00020989162
18055,Greene County,IN,3/17/2026 4:00,0.0006577808,0.0006715381,0.00019857967,0.00021905094
18055,Greene County,IN,3/17/2026 5:00,0.00085713546,0.0005255822,0.00028882592,0.00023453803
18055,Greene County,IN,3/17/2026 6:00,0.0009871724,0.00037811772,0.00025148198,0.00026249682
18055,Greene County,IN,3/17/2026 7:00,0.0010845005,0.00023021505,0.00025819888,0.000279488
18055,Greene County,IN,3/17/2026 8:00,0.00087553356,0.00021280764,0.00030158093,0.00025997296
18055,Greene County,IN,3/17/2026 9:00,0.0006715381,0.00026182295,0.0002869487,0.00023144753
18055,Greene County,IN,3/17/2026 10:00,0.0005255822,0.00041670108,0.0007900858,0.00026605334
18055,Greene County,IN,3/17/2026 11:00,0.00037811772,0.00029582783,0.0008692863,0.00027443524
18055,Greene County,IN,3/17/2026 12:00,0.00023021505,0.00029113647,0.0011833108,0.00023751956
18055,Greene County,IN,3/17/2026 13:00,0.00021280764,0.00028790144,0.0019387385,0.00021423682
18055,Greene County,IN,3/17/2026 14:00,0.00026182295,0.00036182895,0.0019179867,0.00022046987
18055,Greene County,IN,3/17/2026 15:00,0.00041670108,0.00040180745,0.0014503844,0.00020527044
18055,Greene County,IN,3/17/2026 16:00,0.00029582783,0.00037192652,0.0012150019,0.00023440148
18055,Greene County,IN,3/17/2026 17:00,0.00029113647,0.00045963703,0.0008298126,0.00023305514
18055,Greene County,IN,3/17/2026 18:00,0.00028790144,0.0002613524,0.0006012495,0.00021278874
18055,Greene County,IN,3/17/2026 19:00,0.00036182895,0.0002333544,0.00042914588,0.00019621197
18055,Greene County,IN,3/17/2026 20:00,0.00040180745,0.00024593843,0.00030034836,0.00024645068
18055,Greene County,IN,3/17/2026 21:00,0.00037192652,0.00020769754,0.00030508905,0.00027058058
18055,Greene County,IN,3/17/2026 22:00,0.00045963703,0.00019857967,0.00030237884,0.0002759586
18055,Greene County,IN,3/17/2026 23:00,0.0002613524,0.00028882592,0.0003021916,0.00023861282
18055,Greene County,IN,3/18/2026 0:00,0.0002333544,0.00025148198,0.000249991,
18055,Greene County,IN,3/18/2026 1:00,0.00024593843,0.00025819888,0.00023861998,
18055,Greene County,IN,3/18/2026 2:00,0.00020769754,0.00030158093,0.0002092094,
18055,Greene County,IN,3/18/2026 3:00,0.00019857967,0.0002869487,0.00020989162,
18055,Greene County,IN,3/18/2026 4:00,0.00028882592,0.0007900858,0.00021905094,
18055,Greene County,IN,3/18/2026 5:00,0.00025148198,0.0008692863,0.00023453803,
18055,Greene County,IN,3/18/2026 6:00,0.00025819888,0.0011833108,0.00026249682,
18055,Greene County,IN,3/18/2026 7:00,0.00030158093,0.0019387385,0.000279488,
18055,Greene County,IN,3/18/2026 8:00,0.0002869487,0.0019179867,0.00025997296,
18055,Greene County,IN,3/18/2026 9:00,0.0007900858,0.0014503844,0.00023144753,
18055,Greene County,IN,3/18/2026 10:00,0.0008692863,0.0012150019,0.00026605334,
18055,Greene County,IN,3/18/2026 11:00,0.0011833108,0.0008298126,0.00027443524,
18055,Greene County,IN,3/18/2026 12:00,0.0019387385,0.0006012495,0.00023751956,
18055,Greene County,IN,3/18/2026 13:00,0.0019179867,0.00042914588,0.00021423682,
18055,Greene County,IN,3/18/2026 14:00,0.0014503844,0.00030034836,0.00022046987,
18055,Greene County,IN,3/18/2026 15:00,0.0012150019,0.00030508905,0.00020527044,
18055,Greene County,IN,3/18/2026 16:00,0.0008298126,0.00030237884,0.00023440148,
18055,Greene County,IN,3/18/2026 17:00,0.0006012495,0.0003021916,0.00023305514,
18055,Greene County,IN,3/18/2026 18:00,0.00042914588,0.000249991,0.00021278874,
18055,Greene County,IN,3/18/2026 19:00,0.00030034836,0.00023861998,0.00019621197,
18055,Greene County,IN,3/18/2026 20:00,0.00030508905,0.0002092094,0.00024645068,
18055,Greene County,IN,3/18/2026 21:00,0.00030237884,0.00020989162,0.00027058058,
18055,Greene County,IN,3/18/2026 22:00,0.0003021916,0.00021905094,0.0002759586,
18055,Greene County,IN,3/18/2026 23:00,0.000249991,0.00023453803,0.00023861282,
18055,Greene County,IN,3/19/2026 0:00,0.00023861998,0.00026249682,,
18055,Greene County,IN,3/19/2026 1:00,0.0002092094,0.000279488,,
18055,Greene County,IN,3/19/2026 2:00,0.00020989162,0.00025997296,,
18055,Greene County,IN,3/19/2026 3:00,0.00021905094,0.00023144753,,
18055,Greene County,IN,3/19/2026 4:00,0.00023453803,0.00026605334,,
18055,Greene County,IN,3/19/2026 5:00,0.00026249682,0.00027443524,,
18055,Greene County,IN,3/19/2026 6:00,0.000279488,0.00023751956,,
18055,Greene County,IN,3/19/2026 7:00,0.00025997296,0.00021423682,,
18055,Greene County,IN,3/19/2026 8:00,0.00023144753,0.00022046987,,
18055,Greene County,IN,3/19/2026 9:00,0.00026605334,0.00020527044,,
18055,Greene County,IN,3/19/2026 10:00,0.00027443524,0.00023440148,,
18055,Greene County,IN,3/19/2026 11:00,0.00023751956,0.00023305514,,
18055,Greene County,IN,3/19/2026 12:00,0.00021423682,0.00021278874,,
18055,Greene County,IN,3/19/2026 13:00,0.00022046987,0.00019621197,,
18055,Greene County,IN,3/19/2026 14:00,0.00020527044,0.00024645068,,
18055,Greene County,IN,3/19/2026 15:00,0.00023440148,0.00027058058,,
18055,Greene County,IN,3/19/2026 16:00,0.00023305514,0.0002759586,,
18055,Greene County,IN,3/19/2026 17:00,0.00021278874,0.00023861282,,
18055,Greene County,IN,3/19/2026 18:00,0.00019621197,,,
18055,Greene County,IN,3/19/2026 19:00,0.00024645068,,,
18055,Greene County,IN,3/19/2026 20:00,0.00027058058,,,
18055,Greene County,IN,3/19/2026 21:00,0.0002759586,,,
18055,Greene County,IN,3/19/2026 22:00,0.00023861282,,,
18055,Greene County,IN,3/19/2026 23:00,,,,
18057,Hamilton County,IN,3/14/2026 0:00,0.0018763546,0.0008336302,1.3165813e-05,0.00063537405
18057,Hamilton County,IN,3/14/2026 1:00,0.0013496141,0.0007632809,1.0418369e-05,0.0006225355
18057,Hamilton County,IN,3/14/2026 2:00,0.0012442223,0.000837206,7.606778e-06,0.0007594363
18057,Hamilton County,IN,3/14/2026 3:00,0.0011427042,0.00061770494,7.1719296e-06,0.00083507015
18057,Hamilton County,IN,3/14/2026 4:00,0.0008794204,0.00061753154,5.9959093e-06,0.0010393702
18057,Hamilton County,IN,3/14/2026 5:00,0.0008336302,0.00049214007,8.153574e-06,0.0010266802
18057,Hamilton County,IN,3/14/2026 6:00,0.0007632809,0.00045857657,3.50893e-05,0.0010732673
18057,Hamilton County,IN,3/14/2026 7:00,0.000837206,0.00044388423,5.1025712e-05,0.0009442502
18057,Hamilton County,IN,3/14/2026 8:00,0.00061770494,0.00029394278,8.4126805e-05,0.00089675747
18057,Hamilton County,IN,3/14/2026 9:00,0.00061753154,0.00015881451,0.00012477761,0.00092011306
18057,Hamilton County,IN,3/14/2026 10:00,0.00049214007,0.0001902632,0.00036517228,0.0006866918
18057,Hamilton County,IN,3/14/2026 11:00,0.00045857657,0.00020031945,0.00092234695,0.00060685055
18057,Hamilton County,IN,3/14/2026 12:00,0.00044388423,8.069651e-05,0.0015528668,0.0004664585
18057,Hamilton County,IN,3/14/2026 13:00,0.00029394278,8.135832e-05,0.0021480224,0.00047732604
18057,Hamilton County,IN,3/14/2026 14:00,0.00015881451,7.127803e-05,0.0024235975,0.00040672344
18057,Hamilton County,IN,3/14/2026 15:00,0.0001902632,6.741922e-05,0.00227709,0.0002162829
18057,Hamilton County,IN,3/14/2026 16:00,0.00020031945,5.7741723e-05,0.0021657045,0.0001374556
18057,Hamilton County,IN,3/14/2026 17:00,8.069651e-05,2.7948878e-05,0.0017964895,0.00014580936
18057,Hamilton County,IN,3/14/2026 18:00,8.135832e-05,1.3165813e-05,0.0013148473,9.732134e-05
18057,Hamilton County,IN,3/14/2026 19:00,7.127803e-05,1.0418369e-05,0.00134157,8.519173e-05
18057,Hamilton County,IN,3/14/2026 20:00,6.741922e-05,7.606778e-06,0.0011894832,5.5289376e-05
18057,Hamilton County,IN,3/14/2026 21:00,5.7741723e-05,7.1719296e-06,0.0011165679,7.8293335e-05
18057,Hamilton County,IN,3/14/2026 22:00,2.7948878e-05,5.9959093e-06,0.0014836993,9.596848e-05
18057,Hamilton County,IN,3/14/2026 23:00,1.3165813e-05,8.153574e-06,0.0012000928,4.813665e-05
18057,Hamilton County,IN,3/15/2026 0:00,1.0418369e-05,3.50893e-05,0.00063537405,2.133497e-05
18057,Hamilton County,IN,3/15/2026 1:00,7.606778e-06,5.1025712e-05,0.0006225355,4.6081823e-05
18057,Hamilton County,IN,3/15/2026 2:00,7.1719296e-06,8.4126805e-05,0.0007594363,1.1650957e-05
18057,Hamilton County,IN,3/15/2026 3:00,5.9959093e-06,0.00012477761,0.00083507015,8.127597e-06
18057,Hamilton County,IN,3/15/2026 4:00,8.153574e-06,0.00036517228,0.0010393702,7.4204822e-06
18057,Hamilton County,IN,3/15/2026 5:00,3.50893e-05,0.00092234695,0.0010266802,2.84869e-05
18057,Hamilton County,IN,3/15/2026 6:00,5.1025712e-05,0.0015528668,0.0010732673,5.2938452e-05
18057,Hamilton County,IN,3/15/2026 7:00,8.4126805e-05,0.0021480224,0.0009442502,0.00014718383
18057,Hamilton County,IN,3/15/2026 8:00,0.00012477761,0.0024235975,0.00089675747,0.00012530408
18057,Hamilton County,IN,3/15/2026 9:00,0.00036517228,0.00227709,0.00092011306,0.00016178399
18057,Hamilton County,IN,3/15/2026 10:00,0.00092234695,0.0021657045,0.0006866918,0.00016324029
18057,Hamilton County,IN,3/15/2026 11:00,0.0015528668,0.0017964895,0.00060685055,0.00022061865
18057,Hamilton County,IN,3/15/2026 12:00,0.0021480224,0.0013148473,0.0004664585,0.0001239143
18057,Hamilton County,IN,3/15/2026 13:00,0.0024235975,0.00134157,0.00047732604,9.6691205e-05
18057,Hamilton County,IN,3/15/2026 14:00,0.00227709,0.0011894832,0.00040672344,5.9584963e-05
18057,Hamilton County,IN,3/15/2026 15:00,0.0021657045,0.0011165679,0.0002162829,7.0029666e-05
18057,Hamilton County,IN,3/15/2026 16:00,0.0017964895,0.0014836993,0.0001374556,0.00012119968
18057,Hamilton County,IN,3/15/2026 17:00,0.0013148473,0.0012000928,0.00014580936,8.992307e-05
18057,Hamilton County,IN,3/15/2026 18:00,0.00134157,0.00063537405,9.732134e-05,0.00011131223
18057,Hamilton County,IN,3/15/2026 19:00,0.0011894832,0.0006225355,8.519173e-05,0.00012386173
18057,Hamilton County,IN,3/15/2026 20:00,0.0011165679,0.0007594363,5.5289376e-05,0.00015992865
18057,Hamilton County,IN,3/15/2026 21:00,0.0014836993,0.00083507015,7.8293335e-05,0.00015504795
18057,Hamilton County,IN,3/15/2026 22:00,0.0012000928,0.0010393702,9.596848e-05,0.00012493801
18057,Hamilton County,IN,3/15/2026 23:00,0.00063537405,0.0010266802,4.813665e-05,0.0001460036
18057,Hamilton County,IN,3/16/2026 0:00,0.0006225355,0.0010732673,2.133497e-05,0.00014962176
18057,Hamilton County,IN,3/16/2026 1:00,0.0007594363,0.0009442502,4.6081823e-05,0.00012951354
18057,Hamilton County,IN,3/16/2026 2:00,0.00083507015,0.00089675747,1.1650957e-05,0.00011935187
18057,Hamilton County,IN,3/16/2026 3:00,0.0010393702,0.00092011306,8.127597e-06,0.0001422679
18057,Hamilton County,IN,3/16/2026 4:00,0.0010266802,0.0006866918,7.4204822e-06,0.00016683682
18057,Hamilton County,IN,3/16/2026 5:00,0.0010732673,0.00060685055,2.84869e-05,0.00011938995
18057,Hamilton County,IN,3/16/2026 6:00,0.0009442502,0.0004664585,5.2938452e-05,0.00014003435
18057,Hamilton County,IN,3/16/2026 7:00,0.00089675747,0.00047732604,0.00014718383,0.00020014358
18057,Hamilton County,IN,3/16/2026 8:00,0.00092011306,0.00040672344,0.00012530408,0.00011959004
18057,Hamilton County,IN,3/16/2026 9:00,0.0006866918,0.0002162829,0.00016178399,0.00013057141
18057,Hamilton County,IN,3/16/2026 10:00,0.00060685055,0.0001374556,0.00016324029,0.00011230869
18057,Hamilton County,IN,3/16/2026 11:00,0.0004664585,0.00014580936,0.00022061865,9.4975476e-05
18057,Hamilton County,IN,3/16/2026 12:00,0.00047732604,9.732134e-05,0.0001239143,9.9639685e-05
18057,Hamilton County,IN,3/16/2026 13:00,0.00040672344,8.519173e-05,9.6691205e-05,6.9496586e-05
18057,Hamilton County,IN,3/16/2026 14:00,0.0002162829,5.5289376e-05,5.9584963e-05,5.57194e-05
18057,Hamilton County,IN,3/16/2026 15:00,0.0001374556,7.8293335e-05,7.0029666e-05,6.1718805e-05
18057,Hamilton County,IN,3/16/2026 16:00,0.00014580936,9.596848e-05,0.00012119968,6.616413e-05
18057,Hamilton County,IN,3/16/2026 17:00,9.732134e-05,4.813665e-05,8.992307e-05,6.669421e-05
18057,Hamilton County,IN,3/16/2026 18:00,8.519173e-05,2.133497e-05,0.00011131223,6.599445e-05
18057,Hamilton County,IN,3/16/2026 19:00,5.5289376e-05,4.6081823e-05,0.00012386173,5.701595e-05
18057,Hamilton County,IN,3/16/2026 20:00,7.8293335e-05,1.1650957e-05,0.00015992865,9.222576e-05
18057,Hamilton County,IN,3/16/2026 21:00,9.596848e-05,8.127597e-06,0.00015504795,9.5535324e-05
18057,Hamilton County,IN,3/16/2026 22:00,4.813665e-05,7.4204822e-06,0.00012493801,0.00010630113
18057,Hamilton County,IN,3/16/2026 23:00,2.133497e-05,2.84869e-05,0.0001460036,0.00011773089
18057,Hamilton County,IN,3/17/2026 0:00,4.6081823e-05,5.2938452e-05,0.00014962176,0.00010849875
18057,Hamilton County,IN,3/17/2026 1:00,1.1650957e-05,0.00014718383,0.00012951354,0.00013313226
18057,Hamilton County,IN,3/17/2026 2:00,8.127597e-06,0.00012530408,0.00011935187,0.00012857438
18057,Hamilton County,IN,3/17/2026 3:00,7.4204822e-06,0.00016178399,0.0001422679,0.00012794719
18057,Hamilton County,IN,3/17/2026 4:00,2.84869e-05,0.00016324029,0.00016683682,0.00015543461
18057,Hamilton County,IN,3/17/2026 5:00,5.2938452e-05,0.00022061865,0.00011938995,0.00014037661
18057,Hamilton County,IN,3/17/2026 6:00,0.00014718383,0.0001239143,0.00014003435,0.00019514338
18057,Hamilton County,IN,3/17/2026 7:00,0.00012530408,9.6691205e-05,0.00020014358,0.00017307432
18057,Hamilton County,IN,3/17/2026 8:00,0.00016178399,5.9584963e-05,0.00011959004,0.00015942802
18057,Hamilton County,IN,3/17/2026 9:00,0.00016324029,7.0029666e-05,0.00013057141,0.00014874362
18057,Hamilton County,IN,3/17/2026 10:00,0.00022061865,0.00012119968,0.00011230869,0.00012528877
18057,Hamilton County,IN,3/17/2026 11:00,0.0001239143,8.992307e-05,9.4975476e-05,0.000116156676
18057,Hamilton County,IN,3/17/2026 12:00,9.6691205e-05,0.00011131223,9.9639685e-05,0.00010769735
18057,Hamilton County,IN,3/17/2026 13:00,5.9584963e-05,0.00012386173,6.9496586e-05,0.000107088235
18057,Hamilton County,IN,3/17/2026 14:00,7.0029666e-05,0.00015992865,5.57194e-05,5.8477177e-05
18057,Hamilton County,IN,3/17/2026 15:00,0.00012119968,0.00015504795,6.1718805e-05,1.5124231e-05
18057,Hamilton County,IN,3/17/2026 16:00,8.992307e-05,0.00012493801,6.616413e-05,2.837501e-06
18057,Hamilton County,IN,3/17/2026 17:00,0.00011131223,0.0001460036,6.669421e-05,1.6315538e-05
18057,Hamilton County,IN,3/17/2026 18:00,0.00012386173,0.00014962176,6.599445e-05,4.6139143e-05
18057,Hamilton County,IN,3/17/2026 19:00,0.00015992865,0.00012951354,5.701595e-05,0.00013940604
18057,Hamilton County,IN,3/17/2026 20:00,0.00015504795,0.00011935187,9.222576e-05,0.00023205695
18057,Hamilton County,IN,3/17/2026 21:00,0.00012493801,0.0001422679,9.5535324e-05,0.0002348592
18057,Hamilton County,IN,3/17/2026 22:00,0.0001460036,0.00016683682,0.00010630113,0.00025151143
18057,Hamilton County,IN,3/17/2026 23:00,0.00014962176,0.00011938995,0.00011773089,0.00020399422
18057,Hamilton County,IN,3/18/2026 0:00,0.00012951354,0.00014003435,0.00010849875,
18057,Hamilton County,IN,3/18/2026 1:00,0.00011935187,0.00020014358,0.00013313226,
18057,Hamilton County,IN,3/18/2026 2:00,0.0001422679,0.00011959004,0.00012857438,
18057,Hamilton County,IN,3/18/2026 3:00,0.00016683682,0.00013057141,0.00012794719,
18057,Hamilton County,IN,3/18/2026 4:00,0.00011938995,0.00011230869,0.00015543461,
18057,Hamilton County,IN,3/18/2026 5:00,0.00014003435,9.4975476e-05,0.00014037661,
18057,Hamilton County,IN,3/18/2026 6:00,0.00020014358,9.9639685e-05,0.00019514338,
18057,Hamilton County,IN,3/18/2026 7:00,0.00011959004,6.9496586e-05,0.00017307432,
18057,Hamilton County,IN,3/18/2026 8:00,0.00013057141,5.57194e-05,0.00015942802,
18057,Hamilton County,IN,3/18/2026 9:00,0.00011230869,6.1718805e-05,0.00014874362,
18057,Hamilton County,IN,3/18/2026 10:00,9.4975476e-05,6.616413e-05,0.00012528877,
18057,Hamilton County,IN,3/18/2026 11:00,9.9639685e-05,6.669421e-05,0.000116156676,
18057,Hamilton County,IN,3/18/2026 12:00,6.9496586e-05,6.599445e-05,0.00010769735,
18057,Hamilton County,IN,3/18/2026 13:00,5.57194e-05,5.701595e-05,0.000107088235,
18057,Hamilton County,IN,3/18/2026 14:00,6.1718805e-05,9.222576e-05,5.8477177e-05,
18057,Hamilton County,IN,3/18/2026 15:00,6.616413e-05,9.5535324e-05,1.5124231e-05,
18057,Hamilton County,IN,3/18/2026 16:00,6.669421e-05,0.00010630113,2.837501e-06,
18057,Hamilton County,IN,3/18/2026 17:00,6.599445e-05,0.00011773089,1.6315538e-05,
18057,Hamilton County,IN,3/18/2026 18:00,5.701595e-05,0.00010849875,4.6139143e-05,
18057,Hamilton County,IN,3/18/2026 19:00,9.222576e-05,0.00013313226,0.00013940604,
18057,Hamilton County,IN,3/18/2026 20:00,9.5535324e-05,0.00012857438,0.00023205695,
18057,Hamilton County,IN,3/18/2026 21:00,0.00010630113,0.00012794719,0.0002348592,
18057,Hamilton County,IN,3/18/2026 22:00,0.00011773089,0.00015543461,0.00025151143,
18057,Hamilton County,IN,3/18/2026 23:00,0.00010849875,0.00014037661,0.00020399422,
18057,Hamilton County,IN,3/19/2026 0:00,0.00013313226,0.00019514338,,
18057,Hamilton County,IN,3/19/2026 1:00,0.00012857438,0.00017307432,,
18057,Hamilton County,IN,3/19/2026 2:00,0.00012794719,0.00015942802,,
18057,Hamilton County,IN,3/19/2026 3:00,0.00015543461,0.00014874362,,
18057,Hamilton County,IN,3/19/2026 4:00,0.00014037661,0.00012528877,,
18057,Hamilton County,IN,3/19/2026 5:00,0.00019514338,0.000116156676,,
18057,Hamilton County,IN,3/19/2026 6:00,0.00017307432,0.00010769735,,
18057,Hamilton County,IN,3/19/2026 7:00,0.00015942802,0.000107088235,,
18057,Hamilton County,IN,3/19/2026 8:00,0.00014874362,5.8477177e-05,,
18057,Hamilton County,IN,3/19/2026 9:00,0.00012528877,1.5124231e-05,,
18057,Hamilton County,IN,3/19/2026 10:00,0.000116156676,2.837501e-06,,
18057,Hamilton County,IN,3/19/2026 11:00,0.00010769735,1.6315538e-05,,
18057,Hamilton County,IN,3/19/2026 12:00,0.000107088235,4.6139143e-05,,
18057,Hamilton County,IN,3/19/2026 13:00,5.8477177e-05,0.00013940604,,
18057,Hamilton County,IN,3/19/2026 14:00,1.5124231e-05,0.00023205695,,
18057,Hamilton County,IN,3/19/2026 15:00,2.837501e-06,0.0002348592,,
18057,Hamilton County,IN,3/19/2026 16:00,1.6315538e-05,0.00025151143,,
18057,Hamilton County,IN,3/19/2026 17:00,4.6139143e-05,0.00020399422,,
18057,Hamilton County,IN,3/19/2026 18:00,0.00013940604,,,
18057,Hamilton County,IN,3/19/2026 19:00,0.00023205695,,,
18057,Hamilton County,IN,3/19/2026 20:00,0.0002348592,,,
18057,Hamilton County,IN,3/19/2026 21:00,0.00025151143,,,
18057,Hamilton County,IN,3/19/2026 22:00,0.00020399422,,,
18057,Hamilton County,IN,3/19/2026 23:00,,,,
18063,Hendricks County,IN,3/14/2026 0:00,0.00055221724,0.00023632856,2.293829e-05,0.0025980377
18063,Hendricks County,IN,3/14/2026 1:00,0.0005041106,0.00013068927,3.7229572e-06,0.003082698
18063,Hendricks County,IN,3/14/2026 2:00,0.0004531916,0.00012621185,1.5040805e-06,0.0027769695
18063,Hendricks County,IN,3/14/2026 3:00,0.00015877804,6.651984e-05,1.481086e-06,0.0024563128
18063,Hendricks County,IN,3/14/2026 4:00,0.0002711782,6.541796e-05,1.0502695e-06,0.00243438
18063,Hendricks County,IN,3/14/2026 5:00,0.00023632856,0.0001018586,1.4830428e-07,0.0024772594
18063,Hendricks County,IN,3/14/2026 6:00,0.00013068927,9.922373e-05,4.71689e-06,0.0022012023
18063,Hendricks County,IN,3/14/2026 7:00,0.00012621185,6.631303e-05,1.6289236e-05,0.001911306
18063,Hendricks County,IN,3/14/2026 8:00,6.651984e-05,7.2209446e-06,4.3271993e-05,0.0018448248
18063,Hendricks County,IN,3/14/2026 9:00,6.541796e-05,2.8551054e-05,0.00012312851,0.0016071184
18063,Hendricks County,IN,3/14/2026 10:00,0.0001018586,7.3507756e-05,0.00042038644,0.0013067051
18063,Hendricks County,IN,3/14/2026 11:00,9.922373e-05,6.167208e-05,0.001554011,0.0011780823
18063,Hendricks County,IN,3/14/2026 12:00,6.631303e-05,8.977322e-05,0.0032148627,0.001040549
18063,Hendricks County,IN,3/14/2026 13:00,7.2209446e-06,5.6662677e-05,0.0039567137,0.0006292019
18063,Hendricks County,IN,3/14/2026 14:00,2.8551054e-05,8.4137675e-05,0.005018503,0.0003514004
18063,Hendricks County,IN,3/14/2026 15:00,7.3507756e-05,0.00014601075,0.0051770485,0.00034400536
18063,Hendricks County,IN,3/14/2026 16:00,6.167208e-05,0.00012995396,0.0048626964,0.00025451244
18063,Hendricks County,IN,3/14/2026 17:00,8.977322e-05,7.4038086e-05,0.0044839648,0.00016962012
18063,Hendricks County,IN,3/14/2026 18:00,5.6662677e-05,2.293829e-05,0.00395806,0.00016802194
18063,Hendricks County,IN,3/14/2026 19:00,8.4137675e-05,3.7229572e-06,0.0033662461,0.00018911644
18063,Hendricks County,IN,3/14/2026 20:00,0.00014601075,1.5040805e-06,0.002967243,0.00032798835
18063,Hendricks County,IN,3/14/2026 21:00,0.00012995396,1.481086e-06,0.0027406067,0.00027275752
18063,Hendricks County,IN,3/14/2026 22:00,7.4038086e-05,1.0502695e-06,0.003407246,0.00018905185
18063,Hendricks County,IN,3/14/2026 23:00,2.293829e-05,1.4830428e-07,0.0032211505,0.00016750854
18063,Hendricks County,IN,3/15/2026 0:00,3.7229572e-06,4.71689e-06,0.0025980377,0.00013182069
18063,Hendricks County,IN,3/15/2026 1:00,1.5040805e-06,1.6289236e-05,0.003082698,0.00010860298
18063,Hendricks County,IN,3/15/2026 2:00,1.481086e-06,4.3271993e-05,0.0027769695,0.00019011299
18063,Hendricks County,IN,3/15/2026 3:00,1.0502695e-06,0.00012312851,0.0024563128,0.00019780562
18063,Hendricks County,IN,3/15/2026 4:00,1.4830428e-07,0.00042038644,0.00243438,0.00017329054
18063,Hendricks County,IN,3/15/2026 5:00,4.71689e-06,0.001554011,0.0024772594,0.00012699941
18063,Hendricks County,IN,3/15/2026 6:00,1.6289236e-05,0.0032148627,0.0022012023,0.00016864602
18063,Hendricks County,IN,3/15/2026 7:00,4.3271993e-05,0.0039567137,0.001911306,0.00010986577
18063,Hendricks County,IN,3/15/2026 8:00,0.00012312851,0.005018503,0.0018448248,0.0001402034
18063,Hendricks County,IN,3/15/2026 9:00,0.00042038644,0.0051770485,0.0016071184,0.00023903722
18063,Hendricks County,IN,3/15/2026 10:00,0.001554011,0.0048626964,0.0013067051,0.0002303813
18063,Hendricks County,IN,3/15/2026 11:00,0.0032148627,0.0044839648,0.0011780823,0.00012156181
18063,Hendricks County,IN,3/15/2026 12:00,0.0039567137,0.00395806,0.001040549,0.00012780463
18063,Hendricks County,IN,3/15/2026 13:00,0.005018503,0.0033662461,0.0006292019,0.0001947148
18063,Hendricks County,IN,3/15/2026 14:00,0.0051770485,0.002967243,0.0003514004,0.00017739084
18063,Hendricks County,IN,3/15/2026 15:00,0.0048626964,0.0027406067,0.00034400536,0.00015989604
18063,Hendricks County,IN,3/15/2026 16:00,0.0044839648,0.003407246,0.00025451244,0.0001972967
18063,Hendricks County,IN,3/15/2026 17:00,0.00395806,0.0032211505,0.00016962012,0.0001835753
18063,Hendricks County,IN,3/15/2026 18:00,0.0033662461,0.0025980377,0.00016802194,0.00016759569
18063,Hendricks County,IN,3/15/2026 19:00,0.002967243,0.003082698,0.00018911644,0.00017428915
18063,Hendricks County,IN,3/15/2026 20:00,0.0027406067,0.0027769695,0.00032798835,0.00025651077
18063,Hendricks County,IN,3/15/2026 21:00,0.003407246,0.0024563128,0.00027275752,0.00021290712
18063,Hendricks County,IN,3/15/2026 22:00,0.0032211505,0.00243438,0.00018905185,0.00021713179
18063,Hendricks County,IN,3/15/2026 23:00,0.0025980377,0.0024772594,0.00016750854,0.00022841597
18063,Hendricks County,IN,3/16/2026 0:00,0.003082698,0.0022012023,0.00013182069,0.00017500196
18063,Hendricks County,IN,3/16/2026 1:00,0.0027769695,0.001911306,0.00010860298,0.00017230783
18063,Hendricks County,IN,3/16/2026 2:00,0.0024563128,0.0018448248,0.00019011299,0.00014373098
18063,Hendricks County,IN,3/16/2026 3:00,0.00243438,0.0016071184,0.00019780562,0.00014727438
18063,Hendricks County,IN,3/16/2026 4:00,0.0024772594,0.0013067051,0.00017329054,0.00016487835
18063,Hendricks County,IN,3/16/2026 5:00,0.0022012023,0.0011780823,0.00012699941,0.00012563086
18063,Hendricks County,IN,3/16/2026 6:00,0.001911306,0.001040549,0.00016864602,0.00015989624
18063,Hendricks County,IN,3/16/2026 7:00,0.0018448248,0.0006292019,0.00010986577,0.00020557416
18063,Hendricks County,IN,3/16/2026 8:00,0.0016071184,0.0003514004,0.0001402034,0.00012159022
18063,Hendricks County,IN,3/16/2026 9:00,0.0013067051,0.00034400536,0.00023903722,0.00012620616
18063,Hendricks County,IN,3/16/2026 10:00,0.0011780823,0.00025451244,0.0002303813,0.00026248477
18063,Hendricks County,IN,3/16/2026 11:00,0.001040549,0.00016962012,0.00012156181,0.00027697833
18063,Hendricks County,IN,3/16/2026 12:00,0.0006292019,0.00016802194,0.00012780463,0.00019127484
18063,Hendricks County,IN,3/16/2026 13:00,0.0003514004,0.00018911644,0.0001947148,0.00013118441
18063,Hendricks County,IN,3/16/2026 14:00,0.00034400536,0.00032798835,0.00017739084,0.00010184159
18063,Hendricks County,IN,3/16/2026 15:00,0.00025451244,0.00027275752,0.00015989604,0.00010479307
18063,Hendricks County,IN,3/16/2026 16:00,0.00016962012,0.00018905185,0.0001972967,9.268297e-05
18063,Hendricks County,IN,3/16/2026 17:00,0.00016802194,0.00016750854,0.0001835753,0.00010168767
18063,Hendricks County,IN,3/16/2026 18:00,0.00018911644,0.00013182069,0.00016759569,9.8468954e-05
18063,Hendricks County,IN,3/16/2026 19:00,0.00032798835,0.00010860298,0.00017428915,9.100657e-05
18063,Hendricks County,IN,3/16/2026 20:00,0.00027275752,0.00019011299,0.00025651077,0.0001298396
18063,Hendricks County,IN,3/16/2026 21:00,0.00018905185,0.00019780562,0.00021290712,0.0001500758
18063,Hendricks County,IN,3/16/2026 22:00,0.00016750854,0.00017329054,0.00021713179,0.00018139552
18063,Hendricks County,IN,3/16/2026 23:00,0.00013182069,0.00012699941,0.00022841597,0.00018492635
18063,Hendricks County,IN,3/17/2026 0:00,0.00010860298,0.00016864602,0.00017500196,0.0001732854
18063,Hendricks County,IN,3/17/2026 1:00,0.00019011299,0.00010986577,0.00017230783,0.00018955258
18063,Hendricks County,IN,3/17/2026 2:00,0.00019780562,0.0001402034,0.00014373098,0.00016892282
18063,Hendricks County,IN,3/17/2026 3:00,0.00017329054,0.00023903722,0.00014727438,0.00020211267
18063,Hendricks County,IN,3/17/2026 4:00,0.00012699941,0.0002303813,0.00016487835,0.0002206863
18063,Hendricks County,IN,3/17/2026 5:00,0.00016864602,0.00012156181,0.00012563086,0.00021230333
18063,Hendricks County,IN,3/17/2026 6:00,0.00010986577,0.00012780463,0.00015989624,0.00023441899
18063,Hendricks County,IN,3/17/2026 7:00,0.0001402034,0.0001947148,0.00020557416,0.00022679848
18063,Hendricks County,IN,3/17/2026 8:00,0.00023903722,0.00017739084,0.00012159022,0.00020454101
18063,Hendricks County,IN,3/17/2026 9:00,0.0002303813,0.00015989604,0.00012620616,0.00018689517
18063,Hendricks County,IN,3/17/2026 10:00,0.00012156181,0.0001972967,0.00026248477,0.0001684875
18063,Hendricks County,IN,3/17/2026 11:00,0.00012780463,0.0001835753,0.00027697833,0.00016549733
18063,Hendricks County,IN,3/17/2026 12:00,0.0001947148,0.00016759569,0.00019127484,0.00013861273
18063,Hendricks County,IN,3/17/2026 13:00,0.00017739084,0.00017428915,0.00013118441,0.00013643145
18063,Hendricks County,IN,3/17/2026 14:00,0.00015989604,0.00025651077,0.00010184159,9.914654e-05
18063,Hendricks County,IN,3/17/2026 15:00,0.0001972967,0.00021290712,0.00010479307,0.0001379739
18063,Hendricks County,IN,3/17/2026 16:00,0.0001835753,0.00021713179,9.268297e-05,0.00010864633
18063,Hendricks County,IN,3/17/2026 17:00,0.00016759569,0.00022841597,0.00010168767,8.655482e-05
18063,Hendricks County,IN,3/17/2026 18:00,0.00017428915,0.00017500196,9.8468954e-05,0.00012519225
18063,Hendricks County,IN,3/17/2026 19:00,0.00025651077,0.00017230783,9.100657e-05,0.0001888537
18063,Hendricks County,IN,3/17/2026 20:00,0.00021290712,0.00014373098,0.0001298396,0.0002629878
18063,Hendricks County,IN,3/17/2026 21:00,0.00021713179,0.00014727438,0.0001500758,0.00027827107
18063,Hendricks County,IN,3/17/2026 22:00,0.00022841597,0.00016487835,0.00018139552,0.00021401029
18063,Hendricks County,IN,3/17/2026 23:00,0.00017500196,0.00012563086,0.00018492635,0.0002156166
18063,Hendricks County,IN,3/18/2026 0:00,0.00017230783,0.00015989624,0.0001732854,
18063,Hendricks County,IN,3/18/2026 1:00,0.00014373098,0.00020557416,0.00018955258,
18063,Hendricks County,IN,3/18/2026 2:00,0.00014727438,0.00012159022,0.00016892282,
18063,Hendricks County,IN,3/18/2026 3:00,0.00016487835,0.00012620616,0.00020211267,
18063,Hendricks County,IN,3/18/2026 4:00,0.00012563086,0.00026248477,0.0002206863,
18063,Hendricks County,IN,3/18/2026 5:00,0.00015989624,0.00027697833,0.00021230333,
18063,Hendricks County,IN,3/18/2026 6:00,0.00020557416,0.00019127484,0.00023441899,
18063,Hendricks County,IN,3/18/2026 7:00,0.00012159022,0.00013118441,0.00022679848,
18063,Hendricks County,IN,3/18/2026 8:00,0.00012620616,0.00010184159,0.00020454101,
18063,Hendricks County,IN,3/18/2026 9:00,0.00026248477,0.00010479307,0.00018689517,
18063,Hendricks County,IN,3/18/2026 10:00,0.00027697833,9.268297e-05,0.0001684875,
18063,Hendricks County,IN,3/18/2026 11:00,0.00019127484,0.00010168767,0.00016549733,
18063,Hendricks County,IN,3/18/2026 12:00,0.00013118441,9.8468954e-05,0.00013861273,
18063,Hendricks County,IN,3/18/2026 13:00,0.00010184159,9.100657e-05,0.00013643145,
18063,Hendricks County,IN,3/18/2026 14:00,0.00010479307,0.0001298396,9.914654e-05,
18063,Hendricks County,IN,3/18/2026 15:00,9.268297e-05,0.0001500758,0.0001379739,
18063,Hendricks County,IN,3/18/2026 16:00,0.00010168767,0.00018139552,0.00010864633,
18063,Hendricks County,IN,3/18/2026 17:00,9.8468954e-05,0.00018492635,8.655482e-05,
18063,Hendricks County,IN,3/18/2026 18:00,9.100657e-05,0.0001732854,0.00012519225,
18063,Hendricks County,IN,3/18/2026 19:00,0.0001298396,0.00018955258,0.0001888537,
18063,Hendricks County,IN,3/18/2026 20:00,0.0001500758,0.00016892282,0.0002629878,
18063,Hendricks County,IN,3/18/2026 21:00,0.00018139552,0.00020211267,0.00027827107,
18063,Hendricks County,IN,3/18/2026 22:00,0.00018492635,0.0002206863,0.00021401029,
18063,Hendricks County,IN,3/18/2026 23:00,0.0001732854,0.00021230333,0.0002156166,
18063,Hendricks County,IN,3/19/2026 0:00,0.00018955258,0.00023441899,,
18063,Hendricks County,IN,3/19/2026 1:00,0.00016892282,0.00022679848,,
18063,Hendricks County,IN,3/19/2026 2:00,0.00020211267,0.00020454101,,
18063,Hendricks County,IN,3/19/2026 3:00,0.0002206863,0.00018689517,,
18063,Hendricks County,IN,3/19/2026 4:00,0.00021230333,0.0001684875,,
18063,Hendricks County,IN,3/19/2026 5:00,0.00023441899,0.00016549733,,
18063,Hendricks County,IN,3/19/2026 6:00,0.00022679848,0.00013861273,,
18063,Hendricks County,IN,3/19/2026 7:00,0.00020454101,0.00013643145,,
18063,Hendricks County,IN,3/19/2026 8:00,0.00018689517,9.914654e-05,,
18063,Hendricks County,IN,3/19/2026 9:00,0.0001684875,0.0001379739,,
18063,Hendricks County,IN,3/19/2026 10:00,0.00016549733,0.00010864633,,
18063,Hendricks County,IN,3/19/2026 11:00,0.00013861273,8.655482e-05,,
18063,Hendricks County,IN,3/19/2026 12:00,0.00013643145,0.00012519225,,
18063,Hendricks County,IN,3/19/2026 13:00,9.914654e-05,0.0001888537,,
18063,Hendricks County,IN,3/19/2026 14:00,0.0001379739,0.0002629878,,
18063,Hendricks County,IN,3/19/2026 15:00,0.00010864633,0.00027827107,,
18063,Hendricks County,IN,3/19/2026 16:00,8.655482e-05,0.00021401029,,
18063,Hendricks County,IN,3/19/2026 17:00,0.00012519225,0.0002156166,,
18063,Hendricks County,IN,3/19/2026 18:00,0.0001888537,,,
18063,Hendricks County,IN,3/19/2026 19:00,0.0002629878,,,
18063,Hendricks County,IN,3/19/2026 20:00,0.00027827107,,,
18063,Hendricks County,IN,3/19/2026 21:00,0.00021401029,,,
18063,Hendricks County,IN,3/19/2026 22:00,0.0002156166,,,
18063,Hendricks County,IN,3/19/2026 23:00,,,,
18075,Jay County,IN,3/14/2026 0:00,0.005321973,0.003598654,0.0004350426,0.0028697925
18075,Jay County,IN,3/14/2026 1:00,0.0047162124,0.0031225614,0.00031141902,0.00410051
18075,Jay County,IN,3/14/2026 2:00,0.004501309,0.0025938088,0.0003061038,0.005147487
18075,Jay County,IN,3/14/2026 3:00,0.0042037023,0.0021437644,0.00021634527,0.005713769
18075,Jay County,IN,3/14/2026 4:00,0.0038684336,0.0019492005,0.0002311191,0.005341903
18075,Jay County,IN,3/14/2026 5:00,0.003598654,0.0016635626,0.00027328316,0.0045715286
18075,Jay County,IN,3/14/2026 6:00,0.0031225614,0.001492136,0.0003280055,0.0038594047
18075,Jay County,IN,3/14/2026 7:00,0.0025938088,0.001410397,0.00045758754,0.003235343
18075,Jay County,IN,3/14/2026 8:00,0.0021437644,0.0013248313,0.00068259216,0.0026929209
18075,Jay County,IN,3/14/2026 9:00,0.0019492005,0.0010556957,0.0007335435,0.0019616452
18075,Jay County,IN,3/14/2026 10:00,0.0016635626,0.0011444412,0.0011324653,0.0016444095
18075,Jay County,IN,3/14/2026 11:00,0.001492136,0.0010850631,0.002511188,0.0013440067
18075,Jay County,IN,3/14/2026 12:00,0.001410397,0.00084026746,0.0037779957,0.0012113347
18075,Jay County,IN,3/14/2026 13:00,0.0013248313,0.00076675264,0.004533941,0.0010793803
18075,Jay County,IN,3/14/2026 14:00,0.0010556957,0.0008692218,0.004541531,0.0009139904
18075,Jay County,IN,3/14/2026 15:00,0.0011444412,0.00081490964,0.0044678673,0.00084378006
18075,Jay County,IN,3/14/2026 16:00,0.0010850631,0.0007206898,0.0041159596,0.00076228444
18075,Jay County,IN,3/14/2026 17:00,0.00084026746,0.00059345766,0.0041641714,0.00088003604
18075,Jay County,IN,3/14/2026 18:00,0.00076675264,0.0004350426,0.003910482,0.0007142518
18075,Jay County,IN,3/14/2026 19:00,0.0008692218,0.00031141902,0.0036774073,0.00060923287
18075,Jay County,IN,3/14/2026 20:00,0.00081490964,0.0003061038,0.0034286028,0.0007429881
18075,Jay County,IN,3/14/2026 21:00,0.0007206898,0.00021634527,0.0029775025,0.0006603579
18075,Jay County,IN,3/14/2026 22:00,0.00059345766,0.0002311191,0.002620944,0.00056542864
18075,Jay County,IN,3/14/2026 23:00,0.0004350426,0.00027328316,0.003134986,0.00040355523
18075,Jay County,IN,3/15/2026 0:00,0.00031141902,0.0003280055,0.0028697925,0.0003579189
18075,Jay County,IN,3/15/2026 1:00,0.0003061038,0.00045758754,0.00410051,0.0004082669
18075,Jay County,IN,3/15/2026 2:00,0.00021634527,0.00068259216,0.005147487,0.0004150326
18075,Jay County,IN,3/15/2026 3:00,0.0002311191,0.0007335435,0.005713769,0.00028675958
18075,Jay County,IN,3/15/2026 4:00,0.00027328316,0.0011324653,0.005341903,0.00022930412
18075,Jay County,IN,3/15/2026 5:00,0.0003280055,0.002511188,0.0045715286,0.00026001333
18075,Jay County,IN,3/15/2026 6:00,0.00045758754,0.0037779957,0.0038594047,0.00037876813
18075,Jay County,IN,3/15/2026 7:00,0.00068259216,0.004533941,0.003235343,0.00046262145
18075,Jay County,IN,3/15/2026 8:00,0.0007335435,0.004541531,0.0026929209,0.00053530664
18075,Jay County,IN,3/15/2026 9:00,0.0011324653,0.0044678673,0.0019616452,0.0005026631
18075,Jay County,IN,3/15/2026 10:00,0.002511188,0.0041159596,0.0016444095,0.00046658306
18075,Jay County,IN,3/15/2026 11:00,0.0037779957,0.0041641714,0.0013440067,0.00057863246
18075,Jay County,IN,3/15/2026 12:00,0.004533941,0.003910482,0.0012113347,0.00054183305
18075,Jay County,IN,3/15/2026 13:00,0.004541531,0.0036774073,0.0010793803,0.00044509672
18075,Jay County,IN,3/15/2026 14:00,0.0044678673,0.0034286028,0.0009139904,0.00036494943
18075,Jay County,IN,3/15/2026 15:00,0.0041159596,0.0029775025,0.00084378006,0.00030753962
18075,Jay County,IN,3/15/2026 16:00,0.0041641714,0.002620944,0.00076228444,0.00022768651
18075,Jay County,IN,3/15/2026 17:00,0.003910482,0.003134986,0.00088003604,0.00030601246
18075,Jay County,IN,3/15/2026 18:00,0.0036774073,0.0028697925,0.0007142518,0.0002975775
18075,Jay County,IN,3/15/2026 19:00,0.0034286028,0.00410051,0.00060923287,0.00028917743
18075,Jay County,IN,3/15/2026 20:00,0.0029775025,0.005147487,0.0007429881,0.00025689925
18075,Jay County,IN,3/15/2026 21:00,0.002620944,0.005713769,0.0006603579,0.00032360337
18075,Jay County,IN,3/15/2026 22:00,0.003134986,0.005341903,0.00056542864,0.00048075957
18075,Jay County,IN,3/15/2026 23:00,0.0028697925,0.0045715286,0.00040355523,0.00044885307
18075,Jay County,IN,3/16/2026 0:00,0.00410051,0.0038594047,0.0003579189,0.00028150599
18075,Jay County,IN,3/16/2026 1:00,0.005147487,0.003235343,0.0004082669,0.00019224138
18075,Jay County,IN,3/16/2026 2:00,0.005713769,0.0026929209,0.0004150326,0.00021748859
18075,Jay County,IN,3/16/2026 3:00,0.005341903,0.0019616452,0.00028675958,0.00019316316
18075,Jay County,IN,3/16/2026 4:00,0.0045715286,0.0016444095,0.00022930412,0.00020879449
18075,Jay County,IN,3/16/2026 5:00,0.0038594047,0.0013440067,0.00026001333,0.0002637337
18075,Jay County,IN,3/16/2026 6:00,0.003235343,0.0012113347,0.00037876813,0.0002847741
18075,Jay County,IN,3/16/2026 7:00,0.0026929209,0.0010793803,0.00046262145,0.00032125835
18075,Jay County,IN,3/16/2026 8:00,0.0019616452,0.0009139904,0.00053530664,0.00025808258
18075,Jay County,IN,3/16/2026 9:00,0.0016444095,0.00084378006,0.0005026631,0.00030331762
18075,Jay County,IN,3/16/2026 10:00,0.0013440067,0.00076228444,0.00046658306,0.00029750413
18075,Jay County,IN,3/16/2026 11:00,0.0012113347,0.00088003604,0.00057863246,0.00025929403
18075,Jay County,IN,3/16/2026 12:00,0.0010793803,0.0007142518,0.00054183305,0.00016688308
18075,Jay County,IN,3/16/2026 13:00,0.0009139904,0.00060923287,0.00044509672,0.00020058957
18075,Jay County,IN,3/16/2026 14:00,0.00084378006,0.0007429881,0.00036494943,0.00018463365
18075,Jay County,IN,3/16/2026 15:00,0.00076228444,0.0006603579,0.00030753962,0.000152675
18075,Jay County,IN,3/16/2026 16:00,0.00088003604,0.00056542864,0.00022768651,0.00012787463
18075,Jay County,IN,3/16/2026 17:00,0.0007142518,0.00040355523,0.00030601246,0.00016617727
18075,Jay County,IN,3/16/2026 18:00,0.00060923287,0.0003579189,0.0002975775,0.00014332442
18075,Jay County,IN,3/16/2026 19:00,0.0007429881,0.0004082669,0.00028917743,8.4799234e-05
18075,Jay County,IN,3/16/2026 20:00,0.0006603579,0.0004150326,0.00025689925,0.00014878705
18075,Jay County,IN,3/16/2026 21:00,0.00056542864,0.00028675958,0.00032360337,0.00020602431
18075,Jay County,IN,3/16/2026 22:00,0.00040355523,0.00022930412,0.00048075957,0.00023740782
18075,Jay County,IN,3/16/2026 23:00,0.0003579189,0.00026001333,0.00044885307,0.00025536132
18075,Jay County,IN,3/17/2026 0:00,0.0004082669,0.00037876813,0.00028150599,0.00025103564
18075,Jay County,IN,3/17/2026 1:00,0.0004150326,0.00046262145,0.00019224138,0.00020941852
18075,Jay County,IN,3/17/2026 2:00,0.00028675958,0.00053530664,0.00021748859,0.00020931175
18075,Jay County,IN,3/17/2026 3:00,0.00022930412,0.0005026631,0.00019316316,0.00023820739
18075,Jay County,IN,3/17/2026 4:00,0.00026001333,0.00046658306,0.00020879449,0.0002918392
18075,Jay County,IN,3/17/2026 5:00,0.00037876813,0.00057863246,0.0002637337,0.00030943967
18075,Jay County,IN,3/17/2026 6:00,0.00046262145,0.00054183305,0.0002847741,0.0003342137
18075,Jay County,IN,3/17/2026 7:00,0.00053530664,0.00044509672,0.00032125835,0.00030907086
18075,Jay County,IN,3/17/2026 8:00,0.0005026631,0.00036494943,0.00025808258,0.00027959375
18075,Jay County,IN,3/17/2026 9:00,0.00046658306,0.00030753962,0.00030331762,0.00023887925
18075,Jay County,IN,3/17/2026 10:00,0.00057863246,0.00022768651,0.00029750413,0.00026413528
18075,Jay County,IN,3/17/2026 11:00,0.00054183305,0.00030601246,0.00025929403,0.00029388355
18075,Jay County,IN,3/17/2026 12:00,0.00044509672,0.0002975775,0.00016688308,0.00020392473
18075,Jay County,IN,3/17/2026 13:00,0.00036494943,0.00028917743,0.00020058957,0.00019393013
18075,Jay County,IN,3/17/2026 14:00,0.00030753962,0.00025689925,0.00018463365,0.00018833102
18075,Jay County,IN,3/17/2026 15:00,0.00022768651,0.00032360337,0.000152675,0.00017397308
18075,Jay County,IN,3/17/2026 16:00,0.00030601246,0.00048075957,0.00012787463,9.000642e-05
18075,Jay County,IN,3/17/2026 17:00,0.0002975775,0.00044885307,0.00016617727,0.00012416362
18075,Jay County,IN,3/17/2026 18:00,0.00028917743,0.00028150599,0.00014332442,0.00017836016
18075,Jay County,IN,3/17/2026 19:00,0.00025689925,0.00019224138,8.4799234e-05,0.0002521678
18075,Jay County,IN,3/17/2026 20:00,0.00032360337,0.00021748859,0.00014878705,0.00028477501
18075,Jay County,IN,3/17/2026 21:00,0.00048075957,0.00019316316,0.00020602431,0.00024641992
18075,Jay County,IN,3/17/2026 22:00,0.00044885307,0.00020879449,0.00023740782,0.00020832273
18075,Jay County,IN,3/17/2026 23:00,0.00028150599,0.0002637337,0.00025536132,0.0001423742
18075,Jay County,IN,3/18/2026 0:00,0.00019224138,0.0002847741,0.00025103564,
18075,Jay County,IN,3/18/2026 1:00,0.00021748859,0.00032125835,0.00020941852,
18075,Jay County,IN,3/18/2026 2:00,0.00019316316,0.00025808258,0.00020931175,
18075,Jay County,IN,3/18/2026 3:00,0.00020879449,0.00030331762,0.00023820739,
18075,Jay County,IN,3/18/2026 4:00,0.0002637337,0.00029750413,0.0002918392,
18075,Jay County,IN,3/18/2026 5:00,0.0002847741,0.00025929403,0.00030943967,
18075,Jay County,IN,3/18/2026 6:00,0.00032125835,0.00016688308,0.0003342137,
18075,Jay County,IN,3/18/2026 7:00,0.00025808258,0.00020058957,0.00030907086,
18075,Jay County,IN,3/18/2026 8:00,0.00030331762,0.00018463365,0.00027959375,
18075,Jay County,IN,3/18/2026 9:00,0.00029750413,0.000152675,0.00023887925,
18075,Jay County,IN,3/18/2026 10:00,0.00025929403,0.00012787463,0.00026413528,
18075,Jay County,IN,3/18/2026 11:00,0.00016688308,0.00016617727,0.00029388355,
18075,Jay County,IN,3/18/2026 12:00,0.00020058957,0.00014332442,0.00020392473,
18075,Jay County,IN,3/18/2026 13:00,0.00018463365,8.4799234e-05,0.00019393013,
18075,Jay County,IN,3/18/2026 14:00,0.000152675,0.00014878705,0.00018833102,
18075,Jay County,IN,3/18/2026 15:00,0.00012787463,0.00020602431,0.00017397308,
18075,Jay County,IN,3/18/2026 16:00,0.00016617727,0.00023740782,9.000642e-05,
18075,Jay County,IN,3/18/2026 17:00,0.00014332442,0.00025536132,0.00012416362,
18075,Jay County,IN,3/18/2026 18:00,8.4799234e-05,0.00025103564,0.00017836016,
18075,Jay County,IN,3/18/2026 19:00,0.00014878705,0.00020941852,0.0002521678,
18075,Jay County,IN,3/18/2026 20:00,0.00020602431,0.00020931175,0.00028477501,
18075,Jay County,IN,3/18/2026 21:00,0.00023740782,0.00023820739,0.00024641992,
18075,Jay County,IN,3/18/2026 22:00,0.00025536132,0.0002918392,0.00020832273,
18075,Jay County,IN,3/18/2026 23:00,0.00025103564,0.00030943967,0.0001423742,
18075,Jay County,IN,3/19/2026 0:00,0.00020941852,0.0003342137,,
18075,Jay County,IN,3/19/2026 1:00,0.00020931175,0.00030907086,,
18075,Jay County,IN,3/19/2026 2:00,0.00023820739,0.00027959375,,
18075,Jay County,IN,3/19/2026 3:00,0.0002918392,0.00023887925,,
18075,Jay County,IN,3/19/2026 4:00,0.00030943967,0.00026413528,,
18075,Jay County,IN,3/19/2026 5:00,0.0003342137,0.00029388355,,
18075,Jay County,IN,3/19/2026 6:00,0.00030907086,0.00020392473,,
18075,Jay County,IN,3/19/2026 7:00,0.00027959375,0.00019393013,,
18075,Jay County,IN,3/19/2026 8:00,0.00023887925,0.00018833102,,
18075,Jay County,IN,3/19/2026 9:00,0.00026413528,0.00017397308,,
18075,Jay County,IN,3/19/2026 10:00,0.00029388355,9.000642e-05,,
18075,Jay County,IN,3/19/2026 11:00,0.00020392473,0.00012416362,,
18075,Jay County,IN,3/19/2026 12:00,0.00019393013,0.00017836016,,
18075,Jay County,IN,3/19/2026 13:00,0.00018833102,0.0002521678,,
18075,Jay County,IN,3/19/2026 14:00,0.00017397308,0.00028477501,,
18075,Jay County,IN,3/19/2026 15:00,9.000642e-05,0.00024641992,,
18075,Jay County,IN,3/19/2026 16:00,0.00012416362,0.00020832273,,
18075,Jay County,IN,3/19/2026 17:00,0.00017836016,0.0001423742,,
18075,Jay County,IN,3/19/2026 18:00,0.0002521678,,,
18075,Jay County,IN,3/19/2026 19:00,0.00028477501,,,
18075,Jay County,IN,3/19/2026 20:00,0.00024641992,,,
18075,Jay County,IN,3/19/2026 21:00,0.00020832273,,,
18075,Jay County,IN,3/19/2026 22:00,0.0001423742,,,
18075,Jay County,IN,3/19/2026 23:00,,,,
18079,Jennings County,IN,3/14/2026 0:00,0.00016814536,0.0003773649,0.00068882166,0.012684271
18079,Jennings County,IN,3/14/2026 1:00,0.00048853696,0.00048296546,0.0008369381,0.012710724
18079,Jennings County,IN,3/14/2026 2:00,0.00032715508,0.0006624345,0.00069850415,0.012844017
18079,Jennings County,IN,3/14/2026 3:00,0.00015019605,0.0005960308,0.00064678746,0.011998966
18079,Jennings County,IN,3/14/2026 4:00,0.00020582725,0.000591284,0.00080647226,0.01046742
18079,Jennings County,IN,3/14/2026 5:00,0.0003773649,0.0006222918,0.0010724404,0.009175425
18079,Jennings County,IN,3/14/2026 6:00,0.00048296546,0.00057038845,0.0012735631,0.0081636235
18079,Jennings County,IN,3/14/2026 7:00,0.0006624345,0.0005516146,0.0013790714,0.0070277276
18079,Jennings County,IN,3/14/2026 8:00,0.0005960308,0.00047912792,0.0013325257,0.0056136535
18079,Jennings County,IN,3/14/2026 9:00,0.000591284,0.00015825649,0.0015300085,0.004441538
18079,Jennings County,IN,3/14/2026 10:00,0.0006222918,0.00011249095,0.0031421026,0.0038462542
18079,Jennings County,IN,3/14/2026 11:00,0.00057038845,0.000121572564,0.009031024,0.0034317314
18079,Jennings County,IN,3/14/2026 12:00,0.0005516146,0.00023168026,0.020474885,0.002178871
18079,Jennings County,IN,3/14/2026 13:00,0.00047912792,0.00032264303,0.032245092,0.0016164765
18079,Jennings County,IN,3/14/2026 14:00,0.00015825649,0.00023822827,0.03655552,0.0013170639
18079,Jennings County,IN,3/14/2026 15:00,0.00011249095,0.0002234189,0.034875374,0.0010624505
18079,Jennings County,IN,3/14/2026 16:00,0.000121572564,0.00020541728,0.030456806,0.00092575414
18079,Jennings County,IN,3/14/2026 17:00,0.00023168026,0.0003026284,0.026182447,0.0008586954
18079,Jennings County,IN,3/14/2026 18:00,0.00032264303,0.00068882166,0.020682424,0.00074323686
18079,Jennings County,IN,3/14/2026 19:00,0.00023822827,0.0008369381,0.016012175,0.0005416147
18079,Jennings County,IN,3/14/2026 20:00,0.0002234189,0.00069850415,0.0111548705,0.00042517338
18079,Jennings County,IN,3/14/2026 21:00,0.00020541728,0.00064678746,0.008771438,0.000585755
18079,Jennings County,IN,3/14/2026 22:00,0.0003026284,0.00080647226,0.008498706,0.0007111569
18079,Jennings County,IN,3/14/2026 23:00,0.00068882166,0.0010724404,0.009406423,0.000727697
18079,Jennings County,IN,3/15/2026 0:00,0.0008369381,0.0012735631,0.012684271,0.0006197366
18079,Jennings County,IN,3/15/2026 1:00,0.00069850415,0.0013790714,0.012710724,0.0005781915
18079,Jennings County,IN,3/15/2026 2:00,0.00064678746,0.0013325257,0.012844017,0.0006385645
18079,Jennings County,IN,3/15/2026 3:00,0.00080647226,0.0015300085,0.011998966,0.00071072887
18079,Jennings County,IN,3/15/2026 4:00,0.0010724404,0.0031421026,0.01046742,0.0006920363
18079,Jennings County,IN,3/15/2026 5:00,0.0012735631,0.009031024,0.009175425,0.0007108826
18079,Jennings County,IN,3/15/2026 6:00,0.0013790714,0.020474885,0.0081636235,0.00059397187
18079,Jennings County,IN,3/15/2026 7:00,0.0013325257,0.032245092,0.0070277276,0.00050584687
18079,Jennings County,IN,3/15/2026 8:00,0.0015300085,0.03655552,0.0056136535,0.00044115292
18079,Jennings County,IN,3/15/2026 9:00,0.0031421026,0.034875374,0.004441538,0.00047121156
18079,Jennings County,IN,3/15/2026 10:00,0.009031024,0.030456806,0.0038462542,0.00045681346
18079,Jennings County,IN,3/15/2026 11:00,0.020474885,0.026182447,0.0034317314,0.0005924745
18079,Jennings County,IN,3/15/2026 12:00,0.032245092,0.020682424,0.002178871,0.0005808269
18079,Jennings County,IN,3/15/2026 13:00,0.03655552,0.016012175,0.0016164765,0.00055487175
18079,Jennings County,IN,3/15/2026 14:00,0.034875374,0.0111548705,0.0013170639,0.00037635316
18079,Jennings County,IN,3/15/2026 15:00,0.030456806,0.008771438,0.0010624505,0.00027656535
18079,Jennings County,IN,3/15/2026 16:00,0.026182447,0.008498706,0.00092575414,0.00029124029
18079,Jennings County,IN,3/15/2026 17:00,0.020682424,0.009406423,0.0008586954,0.00035540195
18079,Jennings County,IN,3/15/2026 18:00,0.016012175,0.012684271,0.00074323686,0.00040595242
18079,Jennings County,IN,3/15/2026 19:00,0.0111548705,0.012710724,0.0005416147,0.00024738116
18079,Jennings County,IN,3/15/2026 20:00,0.008771438,0.012844017,0.00042517338,0.0005938077
18079,Jennings County,IN,3/15/2026 21:00,0.008498706,0.011998966,0.000585755,0.00059961184
18079,Jennings County,IN,3/15/2026 22:00,0.009406423,0.01046742,0.0007111569,0.00048184415
18079,Jennings County,IN,3/15/2026 23:00,0.012684271,0.009175425,0.000727697,0.0003808171
18079,Jennings County,IN,3/16/2026 0:00,0.012710724,0.0081636235,0.0006197366,0.00014563788
18079,Jennings County,IN,3/16/2026 1:00,0.012844017,0.0070277276,0.0005781915,0.00012145421
18079,Jennings County,IN,3/16/2026 2:00,0.011998966,0.0056136535,0.0006385645,0.00018843626
18079,Jennings County,IN,3/16/2026 3:00,0.01046742,0.004441538,0.00071072887,0.00018738126
18079,Jennings County,IN,3/16/2026 4:00,0.009175425,0.0038462542,0.0006920363,0.00020854479
18079,Jennings County,IN,3/16/2026 5:00,0.0081636235,0.0034317314,0.0007108826,0.00019385533
18079,Jennings County,IN,3/16/2026 6:00,0.0070277276,0.002178871,0.00059397187,0.00017560498
18079,Jennings County,IN,3/16/2026 7:00,0.0056136535,0.0016164765,0.00050584687,0.0002674523
18079,Jennings County,IN,3/16/2026 8:00,0.004441538,0.0013170639,0.00044115292,0.00036845222
18079,Jennings County,IN,3/16/2026 9:00,0.0038462542,0.0010624505,0.00047121156,0.00042022165
18079,Jennings County,IN,3/16/2026 10:00,0.0034317314,0.00092575414,0.00045681346,0.00065745506
18079,Jennings County,IN,3/16/2026 11:00,0.002178871,0.0008586954,0.0005924745,0.00078507763
18079,Jennings County,IN,3/16/2026 12:00,0.0016164765,0.00074323686,0.0005808269,0.00096175657
18079,Jennings County,IN,3/16/2026 13:00,0.0013170639,0.0005416147,0.00055487175,0.00067303237
18079,Jennings County,IN,3/16/2026 14:00,0.0010624505,0.00042517338,0.00037635316,0.00045996835
18079,Jennings County,IN,3/16/2026 15:00,0.00092575414,0.000585755,0.00027656535,0.00023676445
18079,Jennings County,IN,3/16/2026 16:00,0.0008586954,0.0007111569,0.00029124029,0.00031529902
18079,Jennings County,IN,3/16/2026 17:00,0.00074323686,0.000727697,0.00035540195,0.0003347721
18079,Jennings County,IN,3/16/2026 18:00,0.0005416147,0.0006197366,0.00040595242,0.00035703275
18079,Jennings County,IN,3/16/2026 19:00,0.00042517338,0.0005781915,0.00024738116,0.00031314415
18079,Jennings County,IN,3/16/2026 20:00,0.000585755,0.0006385645,0.0005938077,0.00018507782
18079,Jennings County,IN,3/16/2026 21:00,0.0007111569,0.00071072887,0.00059961184,0.0002605305
18079,Jennings County,IN,3/16/2026 22:00,0.000727697,0.0006920363,0.00048184415,0.0003188112
18079,Jennings County,IN,3/16/2026 23:00,0.0006197366,0.0007108826,0.0003808171,0.00035802304
18079,Jennings County,IN,3/17/2026 0:00,0.0005781915,0.00059397187,0.00014563788,0.00035090777
18079,Jennings County,IN,3/17/2026 1:00,0.0006385645,0.00050584687,0.00012145421,0.00037107844
18079,Jennings County,IN,3/17/2026 2:00,0.00071072887,0.00044115292,0.00018843626,0.00029752424
18079,Jennings County,IN,3/17/2026 3:00,0.0006920363,0.00047121156,0.00018738126,0.00030511685
18079,Jennings County,IN,3/17/2026 4:00,0.0007108826,0.00045681346,0.00020854479,0.00040041606
18079,Jennings County,IN,3/17/2026 5:00,0.00059397187,0.0005924745,0.00019385533,0.0003942611
18079,Jennings County,IN,3/17/2026 6:00,0.00050584687,0.0005808269,0.00017560498,0.00038327993
18079,Jennings County,IN,3/17/2026 7:00,0.00044115292,0.00055487175,0.0002674523,0.00044274944
18079,Jennings County,IN,3/17/2026 8:00,0.00047121156,0.00037635316,0.00036845222,0.0004971025
18079,Jennings County,IN,3/17/2026 9:00,0.00045681346,0.00027656535,0.00042022165,0.00035963624
18079,Jennings County,IN,3/17/2026 10:00,0.0005924745,0.00029124029,0.00065745506,0.0002969291
18079,Jennings County,IN,3/17/2026 11:00,0.0005808269,0.00035540195,0.00078507763,0.0002617459
18079,Jennings County,IN,3/17/2026 12:00,0.00055487175,0.00040595242,0.00096175657,0.00029062375
18079,Jennings County,IN,3/17/2026 13:00,0.00037635316,0.00024738116,0.00067303237,0.00022313408
18079,Jennings County,IN,3/17/2026 14:00,0.00027656535,0.0005938077,0.00045996835,0.00023194969
18079,Jennings County,IN,3/17/2026 15:00,0.00029124029,0.00059961184,0.00023676445,0.00032757272
18079,Jennings County,IN,3/17/2026 16:00,0.00035540195,0.00048184415,0.00031529902,0.0003571554
18079,Jennings County,IN,3/17/2026 17:00,0.00040595242,0.0003808171,0.0003347721,0.00035849688
18079,Jennings County,IN,3/17/2026 18:00,0.00024738116,0.00014563788,0.00035703275,0.00034125912
18079,Jennings County,IN,3/17/2026 19:00,0.0005938077,0.00012145421,0.00031314415,0.00029363087
18079,Jennings County,IN,3/17/2026 20:00,0.00059961184,0.00018843626,0.00018507782,0.00032680645
18079,Jennings County,IN,3/17/2026 21:00,0.00048184415,0.00018738126,0.0002605305,0.00034507294
18079,Jennings County,IN,3/17/2026 22:00,0.0003808171,0.00020854479,0.0003188112,0.00042180723
18079,Jennings County,IN,3/17/2026 23:00,0.00014563788,0.00019385533,0.00035802304,0.0004053654
18079,Jennings County,IN,3/18/2026 0:00,0.00012145421,0.00017560498,0.00035090777,
18079,Jennings County,IN,3/18/2026 1:00,0.00018843626,0.0002674523,0.00037107844,
18079,Jennings County,IN,3/18/2026 2:00,0.00018738126,0.00036845222,0.00029752424,
18079,Jennings County,IN,3/18/2026 3:00,0.00020854479,0.00042022165,0.00030511685,
18079,Jennings County,IN,3/18/2026 4:00,0.00019385533,0.00065745506,0.00040041606,
18079,Jennings County,IN,3/18/2026 5:00,0.00017560498,0.00078507763,0.0003942611,
18079,Jennings County,IN,3/18/2026 6:00,0.0002674523,0.00096175657,0.00038327993,
18079,Jennings County,IN,3/18/2026 7:00,0.00036845222,0.00067303237,0.00044274944,
18079,Jennings County,IN,3/18/2026 8:00,0.00042022165,0.00045996835,0.0004971025,
18079,Jennings County,IN,3/18/2026 9:00,0.00065745506,0.00023676445,0.00035963624,
18079,Jennings County,IN,3/18/2026 10:00,0.00078507763,0.00031529902,0.0002969291,
18079,Jennings County,IN,3/18/2026 11:00,0.00096175657,0.0003347721,0.0002617459,
18079,Jennings County,IN,3/18/2026 12:00,0.00067303237,0.00035703275,0.00029062375,
18079,Jennings County,IN,3/18/2026 13:00,0.00045996835,0.00031314415,0.00022313408,
18079,Jennings County,IN,3/18/2026 14:00,0.00023676445,0.00018507782,0.00023194969,
18079,Jennings County,IN,3/18/2026 15:00,0.00031529902,0.0002605305,0.00032757272,
18079,Jennings County,IN,3/18/2026 16:00,0.0003347721,0.0003188112,0.0003571554,
18079,Jennings County,IN,3/18/2026 17:00,0.00035703275,0.00035802304,0.00035849688,
18079,Jennings County,IN,3/18/2026 18:00,0.00031314415,0.00035090777,0.00034125912,
18079,Jennings County,IN,3/18/2026 19:00,0.00018507782,0.00037107844,0.00029363087,
18079,Jennings County,IN,3/18/2026 20:00,0.0002605305,0.00029752424,0.00032680645,
18079,Jennings County,IN,3/18/2026 21:00,0.0003188112,0.00030511685,0.00034507294,
18079,Jennings County,IN,3/18/2026 22:00,0.00035802304,0.00040041606,0.00042180723,
18079,Jennings County,IN,3/18/2026 23:00,0.00035090777,0.0003942611,0.0004053654,
18079,Jennings County,IN,3/19/2026 0:00,0.00037107844,0.00038327993,,
18079,Jennings County,IN,3/19/2026 1:00,0.00029752424,0.00044274944,,
18079,Jennings County,IN,3/19/2026 2:00,0.00030511685,0.0004971025,,
18079,Jennings County,IN,3/19/2026 3:00,0.00040041606,0.00035963624,,
18079,Jennings County,IN,3/19/2026 4:00,0.0003942611,0.0002969291,,
18079,Jennings County,IN,3/19/2026 5:00,0.00038327993,0.0002617459,,
18079,Jennings County,IN,3/19/2026 6:00,0.00044274944,0.00029062375,,
18079,Jennings County,IN,3/19/2026 7:00,0.0004971025,0.00022313408,,
18079,Jennings County,IN,3/19/2026 8:00,0.00035963624,0.00023194969,,
18079,Jennings County,IN,3/19/2026 9:00,0.0002969291,0.00032757272,,
18079,Jennings County,IN,3/19/2026 10:00,0.0002617459,0.0003571554,,
18079,Jennings County,IN,3/19/2026 11:00,0.00029062375,0.00035849688,,
18079,Jennings County,IN,3/19/2026 12:00,0.00022313408,0.00034125912,,
18079,Jennings County,IN,3/19/2026 13:00,0.00023194969,0.00029363087,,
18079,Jennings County,IN,3/19/2026 14:00,0.00032757272,0.00032680645,,
18079,Jennings County,IN,3/19/2026 15:00,0.0003571554,0.00034507294,,
18079,Jennings County,IN,3/19/2026 16:00,0.00035849688,0.00042180723,,
18079,Jennings County,IN,3/19/2026 17:00,0.00034125912,0.0004053654,,
18079,Jennings County,IN,3/19/2026 18:00,0.00029363087,,,
18079,Jennings County,IN,3/19/2026 19:00,0.00032680645,,,
18079,Jennings County,IN,3/19/2026 20:00,0.00034507294,,,
18079,Jennings County,IN,3/19/2026 21:00,0.00042180723,,,
18079,Jennings County,IN,3/19/2026 22:00,0.0004053654,,,
18079,Jennings County,IN,3/19/2026 23:00,,,,
18081,Johnson County,IN,3/14/2026 0:00,0.00019166425,6.16056e-05,7.21509e-05,0.005145335
18081,Johnson County,IN,3/14/2026 1:00,0.00024369944,9.777996e-05,1.4846351e-05,0.005323813
18081,Johnson County,IN,3/14/2026 2:00,0.00016980963,9.543014e-05,1.5981073e-05,0.005098166
18081,Johnson County,IN,3/14/2026 3:00,7.482128e-05,6.987645e-05,6.064242e-06,0.004290324
18081,Johnson County,IN,3/14/2026 4:00,5.1612264e-05,8.654481e-05,2.8693916e-05,0.0039808084
18081,Johnson County,IN,3/14/2026 5:00,6.16056e-05,0.000118467826,3.8882386e-05,0.0039954023
18081,Johnson County,IN,3/14/2026 6:00,9.777996e-05,0.0001674603,5.0900886e-05,0.003922774
18081,Johnson County,IN,3/14/2026 7:00,9.543014e-05,0.00014117913,6.0898474e-05,0.0032955918
18081,Johnson County,IN,3/14/2026 8:00,6.987645e-05,6.365168e-05,7.026191e-05,0.003038933
18081,Johnson County,IN,3/14/2026 9:00,8.654481e-05,6.920885e-05,0.0001184068,0.0029901927
18081,Johnson County,IN,3/14/2026 10:00,0.000118467826,0.0001320217,0.000568098,0.0025419516
18081,Johnson County,IN,3/14/2026 11:00,0.0001674603,8.645734e-05,0.002341947,0.0020149196
18081,Johnson County,IN,3/14/2026 12:00,0.00014117913,6.901305e-05,0.004460989,0.0017126336
18081,Johnson County,IN,3/14/2026 13:00,6.365168e-05,0.00011785781,0.005800532,0.0009948604
18081,Johnson County,IN,3/14/2026 14:00,6.920885e-05,0.000115692805,0.0063186586,0.000580841
18081,Johnson County,IN,3/14/2026 15:00,0.0001320217,0.00018250241,0.006289837,0.00049463834
18081,Johnson County,IN,3/14/2026 16:00,8.645734e-05,0.00018408913,0.005825425,0.00044259697
18081,Johnson County,IN,3/14/2026 17:00,6.901305e-05,0.00012287652,0.005590177,0.00042876205
18081,Johnson County,IN,3/14/2026 18:00,0.00011785781,7.21509e-05,0.0054137707,0.00045265956
18081,Johnson County,IN,3/14/2026 19:00,0.000115692805,1.4846351e-05,0.0045417873,0.00037302717
18081,Johnson County,IN,3/14/2026 20:00,0.00018250241,1.5981073e-05,0.0037814665,0.00034260855
18081,Johnson County,IN,3/14/2026 21:00,0.00018408913,6.064242e-06,0.0038439357,0.0004671563
18081,Johnson County,IN,3/14/2026 22:00,0.00012287652,2.8693916e-05,0.0044736704,0.0003085086
18081,Johnson County,IN,3/14/2026 23:00,7.21509e-05,3.8882386e-05,0.0043306435,0.00024086717
18081,Johnson County,IN,3/15/2026 0:00,1.4846351e-05,5.0900886e-05,0.005145335,0.0002928831
18081,Johnson County,IN,3/15/2026 1:00,1.5981073e-05,6.0898474e-05,0.005323813,0.0003416301
18081,Johnson County,IN,3/15/2026 2:00,6.064242e-06,7.026191e-05,0.005098166,0.0003317845
18081,Johnson County,IN,3/15/2026 3:00,2.8693916e-05,0.0001184068,0.004290324,0.000345135
18081,Johnson County,IN,3/15/2026 4:00,3.8882386e-05,0.000568098,0.0039808084,0.00041033363
18081,Johnson County,IN,3/15/2026 5:00,5.0900886e-05,0.002341947,0.0039954023,0.00037430818
18081,Johnson County,IN,3/15/2026 6:00,6.0898474e-05,0.004460989,0.003922774,0.00031042533
18081,Johnson County,IN,3/15/2026 7:00,7.026191e-05,0.005800532,0.0032955918,0.00025821198
18081,Johnson County,IN,3/15/2026 8:00,0.0001184068,0.0063186586,0.003038933,0.00022975841
18081,Johnson County,IN,3/15/2026 9:00,0.000568098,0.006289837,0.0029901927,0.00020165728
18081,Johnson County,IN,3/15/2026 10:00,0.002341947,0.005825425,0.0025419516,0.00018042537
18081,Johnson County,IN,3/15/2026 11:00,0.004460989,0.005590177,0.0020149196,0.00017944926
18081,Johnson County,IN,3/15/2026 12:00,0.005800532,0.0054137707,0.0017126336,0.00021661854
18081,Johnson County,IN,3/15/2026 13:00,0.0063186586,0.0045417873,0.0009948604,0.00028312422
18081,Johnson County,IN,3/15/2026 14:00,0.006289837,0.0037814665,0.000580841,0.0003056347
18081,Johnson County,IN,3/15/2026 15:00,0.005825425,0.0038439357,0.00049463834,0.00020247296
18081,Johnson County,IN,3/15/2026 16:00,0.005590177,0.0044736704,0.00044259697,0.00019670778
18081,Johnson County,IN,3/15/2026 17:00,0.0054137707,0.0043306435,0.00042876205,0.00018101503
18081,Johnson County,IN,3/15/2026 18:00,0.0045417873,0.005145335,0.00045265956,0.00018387298
18081,Johnson County,IN,3/15/2026 19:00,0.0037814665,0.005323813,0.00037302717,0.00017316628
18081,Johnson County,IN,3/15/2026 20:00,0.0038439357,0.005098166,0.00034260855,0.0002627503
18081,Johnson County,IN,3/15/2026 21:00,0.0044736704,0.004290324,0.0004671563,0.00028051678
18081,Johnson County,IN,3/15/2026 22:00,0.0043306435,0.0039808084,0.0003085086,0.00022734523
18081,Johnson County,IN,3/15/2026 23:00,0.005145335,0.0039954023,0.00024086717,0.00023490752
18081,Johnson County,IN,3/16/2026 0:00,0.005323813,0.003922774,0.0002928831,0.00020860061
18081,Johnson County,IN,3/16/2026 1:00,0.005098166,0.0032955918,0.0003416301,0.00021915103
18081,Johnson County,IN,3/16/2026 2:00,0.004290324,0.003038933,0.0003317845,0.00020134117
18081,Johnson County,IN,3/16/2026 3:00,0.0039808084,0.0029901927,0.000345135,0.00017056926
18081,Johnson County,IN,3/16/2026 4:00,0.0039954023,0.0025419516,0.00041033363,0.0001564577
18081,Johnson County,IN,3/16/2026 5:00,0.003922774,0.0020149196,0.00037430818,0.00015183877
18081,Johnson County,IN,3/16/2026 6:00,0.0032955918,0.0017126336,0.00031042533,0.00015585702
18081,Johnson County,IN,3/16/2026 7:00,0.003038933,0.0009948604,0.00025821198,0.00015933627
18081,Johnson County,IN,3/16/2026 8:00,0.0029901927,0.000580841,0.00022975841,0.00014539847
18081,Johnson County,IN,3/16/2026 9:00,0.0025419516,0.00049463834,0.00020165728,0.00016487537
18081,Johnson County,IN,3/16/2026 10:00,0.0020149196,0.00044259697,0.00018042537,0.00016178335
18081,Johnson County,IN,3/16/2026 11:00,0.0017126336,0.00042876205,0.00017944926,0.00024250272
18081,Johnson County,IN,3/16/2026 12:00,0.0009948604,0.00045265956,0.00021661854,0.0001583938
18081,Johnson County,IN,3/16/2026 13:00,0.000580841,0.00037302717,0.00028312422,0.00011265957
18081,Johnson County,IN,3/16/2026 14:00,0.00049463834,0.00034260855,0.0003056347,0.00010784255
18081,Johnson County,IN,3/16/2026 15:00,0.00044259697,0.0004671563,0.00020247296,0.000108924505
18081,Johnson County,IN,3/16/2026 16:00,0.00042876205,0.0003085086,0.00019670778,0.000121592544
18081,Johnson County,IN,3/16/2026 17:00,0.00045265956,0.00024086717,0.00018101503,0.000107337226
18081,Johnson County,IN,3/16/2026 18:00,0.00037302717,0.0002928831,0.00018387298,0.0001440296
18081,Johnson County,IN,3/16/2026 19:00,0.00034260855,0.0003416301,0.00017316628,0.00015787085
18081,Johnson County,IN,3/16/2026 20:00,0.0004671563,0.0003317845,0.0002627503,0.0001314358
18081,Johnson County,IN,3/16/2026 21:00,0.0003085086,0.000345135,0.00028051678,0.000121728866
18081,Johnson County,IN,3/16/2026 22:00,0.00024086717,0.00041033363,0.00022734523,0.00019308078
18081,Johnson County,IN,3/16/2026 23:00,0.0002928831,0.00037430818,0.00023490752,0.00023189954
18081,Johnson County,IN,3/17/2026 0:00,0.0003416301,0.00031042533,0.00020860061,0.00015550193
18081,Johnson County,IN,3/17/2026 1:00,0.0003317845,0.00025821198,0.00021915103,0.00016631112
18081,Johnson County,IN,3/17/2026 2:00,0.000345135,0.00022975841,0.00020134117,0.00017654801
18081,Johnson County,IN,3/17/2026 3:00,0.00041033363,0.00020165728,0.00017056926,0.00019261095
18081,Johnson County,IN,3/17/2026 4:00,0.00037430818,0.00018042537,0.0001564577,0.00020984127
18081,Johnson County,IN,3/17/2026 5:00,0.00031042533,0.00017944926,0.00015183877,0.00019237977
18081,Johnson County,IN,3/17/2026 6:00,0.00025821198,0.00021661854,0.00015585702,0.00020080597
18081,Johnson County,IN,3/17/2026 7:00,0.00022975841,0.00028312422,0.00015933627,0.00019402377
18081,Johnson County,IN,3/17/2026 8:00,0.00020165728,0.0003056347,0.00014539847,0.0002055078
18081,Johnson County,IN,3/17/2026 9:00,0.00018042537,0.00020247296,0.00016487537,0.00016602885
18081,Johnson County,IN,3/17/2026 10:00,0.00017944926,0.00019670778,0.00016178335,0.000119872515
18081,Johnson County,IN,3/17/2026 11:00,0.00021661854,0.00018101503,0.00024250272,0.00010541363
18081,Johnson County,IN,3/17/2026 12:00,0.00028312422,0.00018387298,0.0001583938,0.0001228974
18081,Johnson County,IN,3/17/2026 13:00,0.0003056347,0.00017316628,0.00011265957,0.00011446233
18081,Johnson County,IN,3/17/2026 14:00,0.00020247296,0.0002627503,0.00010784255,7.89856e-05
18081,Johnson County,IN,3/17/2026 15:00,0.00019670778,0.00028051678,0.000108924505,0.00011953511
18081,Johnson County,IN,3/17/2026 16:00,0.00018101503,0.00022734523,0.000121592544,9.992754e-05
18081,Johnson County,IN,3/17/2026 17:00,0.00018387298,0.00023490752,0.000107337226,0.00010955705
18081,Johnson County,IN,3/17/2026 18:00,0.00017316628,0.00020860061,0.0001440296,0.00010401504
18081,Johnson County,IN,3/17/2026 19:00,0.0002627503,0.00021915103,0.00015787085,0.00017664678
18081,Johnson County,IN,3/17/2026 20:00,0.00028051678,0.00020134117,0.0001314358,0.0002776388
18081,Johnson County,IN,3/17/2026 21:00,0.00022734523,0.00017056926,0.000121728866,0.00023477229
18081,Johnson County,IN,3/17/2026 22:00,0.00023490752,0.0001564577,0.00019308078,0.0001947454
18081,Johnson County,IN,3/17/2026 23:00,0.00020860061,0.00015183877,0.00023189954,0.0002031849
18081,Johnson County,IN,3/18/2026 0:00,0.00021915103,0.00015585702,0.00015550193,
18081,Johnson County,IN,3/18/2026 1:00,0.00020134117,0.00015933627,0.00016631112,
18081,Johnson County,IN,3/18/2026 2:00,0.00017056926,0.00014539847,0.00017654801,
18081,Johnson County,IN,3/18/2026 3:00,0.0001564577,0.00016487537,0.00019261095,
18081,Johnson County,IN,3/18/2026 4:00,0.00015183877,0.00016178335,0.00020984127,
18081,Johnson County,IN,3/18/2026 5:00,0.00015585702,0.00024250272,0.00019237977,
18081,Johnson County,IN,3/18/2026 6:00,0.00015933627,0.0001583938,0.00020080597,
18081,Johnson County,IN,3/18/2026 7:00,0.00014539847,0.00011265957,0.00019402377,
18081,Johnson County,IN,3/18/2026 8:00,0.00016487537,0.00010784255,0.0002055078,
18081,Johnson County,IN,3/18/2026 9:00,0.00016178335,0.000108924505,0.00016602885,
18081,Johnson County,IN,3/18/2026 10:00,0.00024250272,0.000121592544,0.000119872515,
18081,Johnson County,IN,3/18/2026 11:00,0.0001583938,0.000107337226,0.00010541363,
18081,Johnson County,IN,3/18/2026 12:00,0.00011265957,0.0001440296,0.0001228974,
18081,Johnson County,IN,3/18/2026 13:00,0.00010784255,0.00015787085,0.00011446233,
18081,Johnson County,IN,3/18/2026 14:00,0.000108924505,0.0001314358,7.89856e-05,
18081,Johnson County,IN,3/18/2026 15:00,0.000121592544,0.000121728866,0.00011953511,
18081,Johnson County,IN,3/18/2026 16:00,0.000107337226,0.00019308078,9.992754e-05,
18081,Johnson County,IN,3/18/2026 17:00,0.0001440296,0.00023189954,0.00010955705,
18081,Johnson County,IN,3/18/2026 18:00,0.00015787085,0.00015550193,0.00010401504,
18081,Johnson County,IN,3/18/2026 19:00,0.0001314358,0.00016631112,0.00017664678,
18081,Johnson County,IN,3/18/2026 20:00,0.000121728866,0.00017654801,0.0002776388,
18081,Johnson County,IN,3/18/2026 21:00,0.00019308078,0.00019261095,0.00023477229,
18081,Johnson County,IN,3/18/2026 22:00,0.00023189954,0.00020984127,0.0001947454,
18081,Johnson County,IN,3/18/2026 23:00,0.00015550193,0.00019237977,0.0002031849,
18081,Johnson County,IN,3/19/2026 0:00,0.00016631112,0.00020080597,,
18081,Johnson County,IN,3/19/2026 1:00,0.00017654801,0.00019402377,,
18081,Johnson County,IN,3/19/2026 2:00,0.00019261095,0.0002055078,,
18081,Johnson County,IN,3/19/2026 3:00,0.00020984127,0.00016602885,,
18081,Johnson County,IN,3/19/2026 4:00,0.00019237977,0.000119872515,,
18081,Johnson County,IN,3/19/2026 5:00,0.00020080597,0.00010541363,,
18081,Johnson County,IN,3/19/2026 6:00,0.00019402377,0.0001228974,,
18081,Johnson County,IN,3/19/2026 7:00,0.0002055078,0.00011446233,,
18081,Johnson County,IN,3/19/2026 8:00,0.00016602885,7.89856e-05,,
18081,Johnson County,IN,3/19/2026 9:00,0.000119872515,0.00011953511,,
18081,Johnson County,IN,3/19/2026 10:00,0.00010541363,9.992754e-05,,
18081,Johnson County,IN,3/19/2026 11:00,0.0001228974,0.00010955705,,
18081,Johnson County,IN,3/19/2026 12:00,0.00011446233,0.00010401504,,
18081,Johnson County,IN,3/19/2026 13:00,7.89856e-05,0.00017664678,,
18081,Johnson County,IN,3/19/2026 14:00,0.00011953511,0.0002776388,,
18081,Johnson County,IN,3/19/2026 15:00,9.992754e-05,0.00023477229,,
18081,Johnson County,IN,3/19/2026 16:00,0.00010955705,0.0001947454,,
18081,Johnson County,IN,3/19/2026 17:00,0.00010401504,0.0002031849,,
18081,Johnson County,IN,3/19/2026 18:00,0.00017664678,,,
18081,Johnson County,IN,3/19/2026 19:00,0.0002776388,,,
18081,Johnson County,IN,3/19/2026 20:00,0.00023477229,,,
18081,Johnson County,IN,3/19/2026 21:00,0.0001947454,,,
18081,Johnson County,IN,3/19/2026 22:00,0.0002031849,,,
18081,Johnson County,IN,3/19/2026 23:00,,,,
18115,Ohio County,IN,3/14/2026 0:00,0.00014323468,0.00015016699,0.00016594763,0.0038173725
18115,Ohio County,IN,3/14/2026 1:00,0.00017583255,0.00014166687,0.00024424854,0.0064178808
18115,Ohio County,IN,3/14/2026 2:00,4.8894268e-05,0.00017922526,0.00019672615,0.007583178
18115,Ohio County,IN,3/14/2026 3:00,1.1814113e-06,0.00026757145,0.00020836882,0.008804733
18115,Ohio County,IN,3/14/2026 4:00,1.4285273e-06,0.00025901877,0.000247206,0.009109014
18115,Ohio County,IN,3/14/2026 5:00,0.00015016699,0.000379835,0.00034083409,0.008816612
18115,Ohio County,IN,3/14/2026 6:00,0.00014166687,0.00039101258,0.00042327156,0.0076988153
18115,Ohio County,IN,3/14/2026 7:00,0.00017922526,0.00033678807,0.0004913782,0.006303313
18115,Ohio County,IN,3/14/2026 8:00,0.00026757145,0.0003341524,0.0004866364,0.005169747
18115,Ohio County,IN,3/14/2026 9:00,0.00025901877,8.631947e-05,0.0003813075,0.0038138698
18115,Ohio County,IN,3/14/2026 10:00,0.000379835,8.287924e-06,0.0010164529,0.0029192297
18115,Ohio County,IN,3/14/2026 11:00,0.00039101258,4.2948253e-05,0.002689343,0.0023758365
18115,Ohio County,IN,3/14/2026 12:00,0.00033678807,0.00010295027,0.0052421247,0.0023431387
18115,Ohio County,IN,3/14/2026 13:00,0.0003341524,0.00012512965,0.007861734,0.001956587
18115,Ohio County,IN,3/14/2026 14:00,8.631947e-05,1.3847521e-05,0.009990965,0.0018188064
18115,Ohio County,IN,3/14/2026 15:00,8.287924e-06,1.6235204e-05,0.00973894,0.001731973
18115,Ohio County,IN,3/14/2026 16:00,4.2948253e-05,4.5771005e-05,0.00885399,0.0017728178
18115,Ohio County,IN,3/14/2026 17:00,0.00010295027,6.866875e-05,0.008282712,0.0018633115
18115,Ohio County,IN,3/14/2026 18:00,0.00012512965,0.00016594763,0.007690253,0.0017989811
18115,Ohio County,IN,3/14/2026 19:00,1.3847521e-05,0.00024424854,0.006636125,0.0015008166
18115,Ohio County,IN,3/14/2026 20:00,1.6235204e-05,0.00019672615,0.005830488,0.001093666
18115,Ohio County,IN,3/14/2026 21:00,4.5771005e-05,0.00020836882,0.005099074,0.0011040553
18115,Ohio County,IN,3/14/2026 22:00,6.866875e-05,0.000247206,0.004632932,0.0013060325
18115,Ohio County,IN,3/14/2026 23:00,0.00016594763,0.00034083409,0.004092458,0.001418073
18115,Ohio County,IN,3/15/2026 0:00,0.00024424854,0.00042327156,0.0038173725,0.0008995808
18115,Ohio County,IN,3/15/2026 1:00,0.00019672615,0.0004913782,0.0064178808,0.0008496611
18115,Ohio County,IN,3/15/2026 2:00,0.00020836882,0.0004866364,0.007583178,0.00086500624
18115,Ohio County,IN,3/15/2026 3:00,0.000247206,0.0003813075,0.008804733,0.00090188603
18115,Ohio County,IN,3/15/2026 4:00,0.00034083409,0.0010164529,0.009109014,0.0009585856
18115,Ohio County,IN,3/15/2026 5:00,0.00042327156,0.002689343,0.008816612,0.0011423238
18115,Ohio County,IN,3/15/2026 6:00,0.0004913782,0.0052421247,0.0076988153,0.0014313966
18115,Ohio County,IN,3/15/2026 7:00,0.0004866364,0.007861734,0.006303313,0.0015033766
18115,Ohio County,IN,3/15/2026 8:00,0.0003813075,0.009990965,0.005169747,0.0015804332
18115,Ohio County,IN,3/15/2026 9:00,0.0010164529,0.00973894,0.0038138698,0.0014541446
18115,Ohio County,IN,3/15/2026 10:00,0.002689343,0.00885399,0.0029192297,0.0013231866
18115,Ohio County,IN,3/15/2026 11:00,0.0052421247,0.008282712,0.0023758365,0.0011343387
18115,Ohio County,IN,3/15/2026 12:00,0.007861734,0.007690253,0.0023431387,0.0010040569
18115,Ohio County,IN,3/15/2026 13:00,0.009990965,0.006636125,0.001956587,0.0010441293
18115,Ohio County,IN,3/15/2026 14:00,0.00973894,0.005830488,0.0018188064,0.0010636222
18115,Ohio County,IN,3/15/2026 15:00,0.00885399,0.005099074,0.001731973,0.0009741157
18115,Ohio County,IN,3/15/2026 16:00,0.008282712,0.004632932,0.0017728178,0.00064929295
18115,Ohio County,IN,3/15/2026 17:00,0.007690253,0.004092458,0.0018633115,0.00044811863
18115,Ohio County,IN,3/15/2026 18:00,0.006636125,0.0038173725,0.0017989811,0.0003321495
18115,Ohio County,IN,3/15/2026 19:00,0.005830488,0.0064178808,0.0015008166,0.00032810727
18115,Ohio County,IN,3/15/2026 20:00,0.005099074,0.007583178,0.001093666,0.0004986276
18115,Ohio County,IN,3/15/2026 21:00,0.004632932,0.008804733,0.0011040553,0.00068690325
18115,Ohio County,IN,3/15/2026 22:00,0.004092458,0.009109014,0.0013060325,0.0005527352
18115,Ohio County,IN,3/15/2026 23:00,0.0038173725,0.008816612,0.001418073,0.00024175768
18115,Ohio County,IN,3/16/2026 0:00,0.0064178808,0.0076988153,0.0008995808,0.00020796021
18115,Ohio County,IN,3/16/2026 1:00,0.007583178,0.006303313,0.0008496611,0.00018726324
18115,Ohio County,IN,3/16/2026 2:00,0.008804733,0.005169747,0.00086500624,0.00018930079
18115,Ohio County,IN,3/16/2026 3:00,0.009109014,0.0038138698,0.00090188603,0.00017546599
18115,Ohio County,IN,3/16/2026 4:00,0.008816612,0.0029192297,0.0009585856,0.0001790676
18115,Ohio County,IN,3/16/2026 5:00,0.0076988153,0.0023758365,0.0011423238,0.00019862238
18115,Ohio County,IN,3/16/2026 6:00,0.006303313,0.0023431387,0.0014313966,0.00022220121
18115,Ohio County,IN,3/16/2026 7:00,0.005169747,0.001956587,0.0015033766,0.00024059994
18115,Ohio County,IN,3/16/2026 8:00,0.0038138698,0.0018188064,0.0015804332,0.00031770786
18115,Ohio County,IN,3/16/2026 9:00,0.0029192297,0.001731973,0.0014541446,0.00028297858
18115,Ohio County,IN,3/16/2026 10:00,0.0023758365,0.0017728178,0.0013231866,0.00035477077
18115,Ohio County,IN,3/16/2026 11:00,0.0023431387,0.0018633115,0.0011343387,0.00042842922
18115,Ohio County,IN,3/16/2026 12:00,0.001956587,0.0017989811,0.0010040569,0.0003508787
18115,Ohio County,IN,3/16/2026 13:00,0.0018188064,0.0015008166,0.0010441293,0.00039406214
18115,Ohio County,IN,3/16/2026 14:00,0.001731973,0.001093666,0.0010636222,0.00036214897
18115,Ohio County,IN,3/16/2026 15:00,0.0017728178,0.0011040553,0.0009741157,0.00027924846
18115,Ohio County,IN,3/16/2026 16:00,0.0018633115,0.0013060325,0.00064929295,0.00021327188
18115,Ohio County,IN,3/16/2026 17:00,0.0017989811,0.001418073,0.00044811863,0.00021349486
18115,Ohio County,IN,3/16/2026 18:00,0.0015008166,0.0008995808,0.0003321495,0.0001207522
18115,Ohio County,IN,3/16/2026 19:00,0.001093666,0.0008496611,0.00032810727,0.00015934849
18115,Ohio County,IN,3/16/2026 20:00,0.0011040553,0.00086500624,0.0004986276,0.00019052053
18115,Ohio County,IN,3/16/2026 21:00,0.0013060325,0.00090188603,0.00068690325,0.0001996788
18115,Ohio County,IN,3/16/2026 22:00,0.001418073,0.0009585856,0.0005527352,0.00029123627
18115,Ohio County,IN,3/16/2026 23:00,0.0008995808,0.0011423238,0.00024175768,0.00027617376
18115,Ohio County,IN,3/17/2026 0:00,0.0008496611,0.0014313966,0.00020796021,0.00031830138
18115,Ohio County,IN,3/17/2026 1:00,0.00086500624,0.0015033766,0.00018726324,0.00035286124
18115,Ohio County,IN,3/17/2026 2:00,0.00090188603,0.0015804332,0.00018930079,0.00029648648
18115,Ohio County,IN,3/17/2026 3:00,0.0009585856,0.0014541446,0.00017546599,0.00024501927
18115,Ohio County,IN,3/17/2026 4:00,0.0011423238,0.0013231866,0.0001790676,0.00023619112
18115,Ohio County,IN,3/17/2026 5:00,0.0014313966,0.0011343387,0.00019862238,0.00019531648
18115,Ohio County,IN,3/17/2026 6:00,0.0015033766,0.0010040569,0.00022220121,0.00022269881
18115,Ohio County,IN,3/17/2026 7:00,0.0015804332,0.0010441293,0.00024059994,0.00026063755
18115,Ohio County,IN,3/17/2026 8:00,0.0014541446,0.0010636222,0.00031770786,0.0002632822
18115,Ohio County,IN,3/17/2026 9:00,0.0013231866,0.0009741157,0.00028297858,0.00022916621
18115,Ohio County,IN,3/17/2026 10:00,0.0011343387,0.00064929295,0.00035477077,0.00016603516
18115,Ohio County,IN,3/17/2026 11:00,0.0010040569,0.00044811863,0.00042842922,0.00017615699
18115,Ohio County,IN,3/17/2026 12:00,0.0010441293,0.0003321495,0.0003508787,0.00018636567
18115,Ohio County,IN,3/17/2026 13:00,0.0010636222,0.00032810727,0.00039406214,0.00016128532
18115,Ohio County,IN,3/17/2026 14:00,0.0009741157,0.0004986276,0.00036214897,0.00022117623
18115,Ohio County,IN,3/17/2026 15:00,0.00064929295,0.00068690325,0.00027924846,0.0004598944
18115,Ohio County,IN,3/17/2026 16:00,0.00044811863,0.0005527352,0.00021327188,0.0005598745
18115,Ohio County,IN,3/17/2026 17:00,0.0003321495,0.00024175768,0.00021349486,0.00043131944
18115,Ohio County,IN,3/17/2026 18:00,0.00032810727,0.00020796021,0.0001207522,0.00033110904
18115,Ohio County,IN,3/17/2026 19:00,0.0004986276,0.00018726324,0.00015934849,0.0002480123
18115,Ohio County,IN,3/17/2026 20:00,0.00068690325,0.00018930079,0.00019052053,0.0002657049
18115,Ohio County,IN,3/17/2026 21:00,0.0005527352,0.00017546599,0.0001996788,0.00023873392
18115,Ohio County,IN,3/17/2026 22:00,0.00024175768,0.0001790676,0.00029123627,0.00020484207
18115,Ohio County,IN,3/17/2026 23:00,0.00020796021,0.00019862238,0.00027617376,0.00022542973
18115,Ohio County,IN,3/18/2026 0:00,0.00018726324,0.00022220121,0.00031830138,
18115,Ohio County,IN,3/18/2026 1:00,0.00018930079,0.00024059994,0.00035286124,
18115,Ohio County,IN,3/18/2026 2:00,0.00017546599,0.00031770786,0.00029648648,
18115,Ohio County,IN,3/18/2026 3:00,0.0001790676,0.00028297858,0.00024501927,
18115,Ohio County,IN,3/18/2026 4:00,0.00019862238,0.00035477077,0.00023619112,
18115,Ohio County,IN,3/18/2026 5:00,0.00022220121,0.00042842922,0.00019531648,
18115,Ohio County,IN,3/18/2026 6:00,0.00024059994,0.0003508787,0.00022269881,
18115,Ohio County,IN,3/18/2026 7:00,0.00031770786,0.00039406214,0.00026063755,
18115,Ohio County,IN,3/18/2026 8:00,0.00028297858,0.00036214897,0.0002632822,
18115,Ohio County,IN,3/18/2026 9:00,0.00035477077,0.00027924846,0.00022916621,
18115,Ohio County,IN,3/18/2026 10:00,0.00042842922,0.00021327188,0.00016603516,
18115,Ohio County,IN,3/18/2026 11:00,0.0003508787,0.00021349486,0.00017615699,
18115,Ohio County,IN,3/18/2026 12:00,0.00039406214,0.0001207522,0.00018636567,
18115,Ohio County,IN,3/18/2026 13:00,0.00036214897,0.00015934849,0.00016128532,
18115,Ohio County,IN,3/18/2026 14:00,0.00027924846,0.00019052053,0.00022117623,
18115,Ohio County,IN,3/18/2026 15:00,0.00021327188,0.0001996788,0.0004598944,
18115,Ohio County,IN,3/18/2026 16:00,0.00021349486,0.00029123627,0.0005598745,
18115,Ohio County,IN,3/18/2026 17:00,0.0001207522,0.00027617376,0.00043131944,
18115,Ohio County,IN,3/18/2026 18:00,0.00015934849,0.00031830138,0.00033110904,
18115,Ohio County,IN,3/18/2026 19:00,0.00019052053,0.00035286124,0.0002480123,
18115,Ohio County,IN,3/18/2026 20:00,0.0001996788,0.00029648648,0.0002657049,
18115,Ohio County,IN,3/18/2026 21:00,0.00029123627,0.00024501927,0.00023873392,
18115,Ohio County,IN,3/18/2026 22:00,0.00027617376,0.00023619112,0.00020484207,
18115,Ohio County,IN,3/18/2026 23:00,0.00031830138,0.00019531648,0.00022542973,
18115,Ohio County,IN,3/19/2026 0:00,0.00035286124,0.00022269881,,
18115,Ohio County,IN,3/19/2026 1:00,0.00029648648,0.00026063755,,
18115,Ohio County,IN,3/19/2026 2:00,0.00024501927,0.0002632822,,
18115,Ohio County,IN,3/19/2026 3:00,0.00023619112,0.00022916621,,
18115,Ohio County,IN,3/19/2026 4:00,0.00019531648,0.00016603516,,
18115,Ohio County,IN,3/19/2026 5:00,0.00022269881,0.00017615699,,
18115,Ohio County,IN,3/19/2026 6:00,0.00026063755,0.00018636567,,
18115,Ohio County,IN,3/19/2026 7:00,0.0002632822,0.00016128532,,
18115,Ohio County,IN,3/19/2026 8:00,0.00022916621,0.00022117623,,
18115,Ohio County,IN,3/19/2026 9:00,0.00016603516,0.0004598944,,
18115,Ohio County,IN,3/19/2026 10:00,0.00017615699,0.0005598745,,
18115,Ohio County,IN,3/19/2026 11:00,0.00018636567,0.00043131944,,
18115,Ohio County,IN,3/19/2026 12:00,0.00016128532,0.00033110904,,
18115,Ohio County,IN,3/19/2026 13:00,0.00022117623,0.0002480123,,
18115,Ohio County,IN,3/19/2026 14:00,0.0004598944,0.0002657049,,
18115,Ohio County,IN,3/19/2026 15:00,0.0005598745,0.00023873392,,
18115,Ohio County,IN,3/19/2026 16:00,0.00043131944,0.00020484207,,
18115,Ohio County,IN,3/19/2026 17:00,0.00033110904,0.00022542973,,
18115,Ohio County,IN,3/19/2026 18:00,0.0002480123,,,
18115,Ohio County,IN,3/19/2026 19:00,0.0002657049,,,
18115,Ohio County,IN,3/19/2026 20:00,0.00023873392,,,
18115,Ohio County,IN,3/19/2026 21:00,0.00020484207,,,
18115,Ohio County,IN,3/19/2026 22:00,0.00022542973,,,
18115,Ohio County,IN,3/19/2026 23:00,,,,
18119,Owen County,IN,3/14/2026 0:00,0.00029038877,0.00017442273,0.00014524363,0.022589065
18119,Owen County,IN,3/14/2026 1:00,0.00033115217,0.00014175328,8.371526e-05,0.021300288
18119,Owen County,IN,3/14/2026 2:00,0.00015099217,0.00024070853,9.1256006e-05,0.018208297
18119,Owen County,IN,3/14/2026 3:00,0.00010601834,0.00036428226,0.00010287018,0.015497971
18119,Owen County,IN,3/14/2026 4:00,0.000110696245,0.0004461187,0.00011386165,0.012867886
18119,Owen County,IN,3/14/2026 5:00,0.00017442273,0.00049150764,0.00015087202,0.011088186
18119,Owen County,IN,3/14/2026 6:00,0.00014175328,0.00057118386,0.0003587681,0.009140982
18119,Owen County,IN,3/14/2026 7:00,0.00024070853,0.0006444616,0.00064392254,0.0071663545
18119,Owen County,IN,3/14/2026 8:00,0.00036428226,0.00015871934,0.0010034752,0.006403855
18119,Owen County,IN,3/14/2026 9:00,0.0004461187,0.00026024497,0.0022471454,0.0055377367
18119,Owen County,IN,3/14/2026 10:00,0.00049150764,0.0003474171,0.00451131,0.0047971616
18119,Owen County,IN,3/14/2026 11:00,0.00057118386,0.00045518458,0.008886935,0.004045227
18119,Owen County,IN,3/14/2026 12:00,0.0006444616,0.0005203126,0.013733269,0.0034893968
18119,Owen County,IN,3/14/2026 13:00,0.00015871934,0.000252961,0.018730666,0.002779688
18119,Owen County,IN,3/14/2026 14:00,0.00026024497,0.00016301798,0.024243563,0.0019810647
18119,Owen County,IN,3/14/2026 15:00,0.0003474171,0.00020250578,0.02877579,0.0017824528
18119,Owen County,IN,3/14/2026 16:00,0.00045518458,0.00017883089,0.031219775,0.0014644546
18119,Owen County,IN,3/14/2026 17:00,0.0005203126,0.00012836704,0.03109955,0.0013763736
18119,Owen County,IN,3/14/2026 18:00,0.000252961,0.00014524363,0.02968756,0.0014246337
18119,Owen County,IN,3/14/2026 19:00,0.00016301798,8.371526e-05,0.025786746,0.001475829
18119,Owen County,IN,3/14/2026 20:00,0.00020250578,9.1256006e-05,0.021565985,0.0010969997
18119,Owen County,IN,3/14/2026 21:00,0.00017883089,0.00010287018,0.017212916,0.0009970798
18119,Owen County,IN,3/14/2026 22:00,0.00012836704,0.00011386165,0.01926055,0.00084830954
18119,Owen County,IN,3/14/2026 23:00,0.00014524363,0.00015087202,0.021999363,0.00071287487
18119,Owen County,IN,3/15/2026 0:00,8.371526e-05,0.0003587681,0.022589065,0.00064022467
18119,Owen County,IN,3/15/2026 1:00,9.1256006e-05,0.00064392254,0.021300288,0.0005854294
18119,Owen County,IN,3/15/2026 2:00,0.00010287018,0.0010034752,0.018208297,0.0006819678
18119,Owen County,IN,3/15/2026 3:00,0.00011386165,0.0022471454,0.015497971,0.0009305045
18119,Owen County,IN,3/15/2026 4:00,0.00015087202,0.00451131,0.012867886,0.0008397959
18119,Owen County,IN,3/15/2026 5:00,0.0003587681,0.008886935,0.011088186,0.0007938297
18119,Owen County,IN,3/15/2026 6:00,0.00064392254,0.013733269,0.009140982,0.00095246715
18119,Owen County,IN,3/15/2026 7:00,0.0010034752,0.018730666,0.0071663545,0.0010936195
18119,Owen County,IN,3/15/2026 8:00,0.0022471454,0.024243563,0.006403855,0.0010845591
18119,Owen County,IN,3/15/2026 9:00,0.00451131,0.02877579,0.0055377367,0.0012236696
18119,Owen County,IN,3/15/2026 10:00,0.008886935,0.031219775,0.0047971616,0.0011763914
18119,Owen County,IN,3/15/2026 11:00,0.013733269,0.03109955,0.004045227,0.0008773095
18119,Owen County,IN,3/15/2026 12:00,0.018730666,0.02968756,0.0034893968,0.00072859996
18119,Owen County,IN,3/15/2026 13:00,0.024243563,0.025786746,0.002779688,0.00065793196
18119,Owen County,IN,3/15/2026 14:00,0.02877579,0.021565985,0.0019810647,0.00051559054
18119,Owen County,IN,3/15/2026 15:00,0.031219775,0.017212916,0.0017824528,0.00056927436
18119,Owen County,IN,3/15/2026 16:00,0.03109955,0.01926055,0.0014644546,0.0006508843
18119,Owen County,IN,3/15/2026 17:00,0.02968756,0.021999363,0.0013763736,0.00043604404
18119,Owen County,IN,3/15/2026 18:00,0.025786746,0.022589065,0.0014246337,0.00043575722
18119,Owen County,IN,3/15/2026 19:00,0.021565985,0.021300288,0.001475829,0.0003947178
18119,Owen County,IN,3/15/2026 20:00,0.017212916,0.018208297,0.0010969997,0.00035343147
18119,Owen County,IN,3/15/2026 21:00,0.01926055,0.015497971,0.0009970798,0.00026367698
18119,Owen County,IN,3/15/2026 22:00,0.021999363,0.012867886,0.00084830954,0.0002360173
18119,Owen County,IN,3/15/2026 23:00,0.022589065,0.011088186,0.00071287487,0.0003182235
18119,Owen County,IN,3/16/2026 0:00,0.021300288,0.009140982,0.00064022467,0.00018331739
18119,Owen County,IN,3/16/2026 1:00,0.018208297,0.0071663545,0.0005854294,0.0001867635
18119,Owen County,IN,3/16/2026 2:00,0.015497971,0.006403855,0.0006819678,0.00018959702
18119,Owen County,IN,3/16/2026 3:00,0.012867886,0.0055377367,0.0009305045,0.00016246774
18119,Owen County,IN,3/16/2026 4:00,0.011088186,0.0047971616,0.0008397959,0.00017067516
18119,Owen County,IN,3/16/2026 5:00,0.009140982,0.004045227,0.0007938297,0.00029870498
18119,Owen County,IN,3/16/2026 6:00,0.0071663545,0.0034893968,0.00095246715,0.00034390768
18119,Owen County,IN,3/16/2026 7:00,0.006403855,0.002779688,0.0010936195,0.00034756545
18119,Owen County,IN,3/16/2026 8:00,0.0055377367,0.0019810647,0.0010845591,0.00037823315
18119,Owen County,IN,3/16/2026 9:00,0.0047971616,0.0017824528,0.0012236696,0.00044017832
18119,Owen County,IN,3/16/2026 10:00,0.004045227,0.0014644546,0.0011763914,0.0005296508
18119,Owen County,IN,3/16/2026 11:00,0.0034893968,0.0013763736,0.0008773095,0.00061943766
18119,Owen County,IN,3/16/2026 12:00,0.002779688,0.0014246337,0.00072859996,0.0011244161
18119,Owen County,IN,3/16/2026 13:00,0.0019810647,0.001475829,0.00065793196,0.0011981635
18119,Owen County,IN,3/16/2026 14:00,0.0017824528,0.0010969997,0.00051559054,0.001280699
18119,Owen County,IN,3/16/2026 15:00,0.0014644546,0.0009970798,0.00056927436,0.0012457075
18119,Owen County,IN,3/16/2026 16:00,0.0013763736,0.00084830954,0.0006508843,0.0010361819
18119,Owen County,IN,3/16/2026 17:00,0.0014246337,0.00071287487,0.00043604404,0.0006802904
18119,Owen County,IN,3/16/2026 18:00,0.001475829,0.00064022467,0.00043575722,0.00044830414
18119,Owen County,IN,3/16/2026 19:00,0.0010969997,0.0005854294,0.0003947178,0.0003009502
18119,Owen County,IN,3/16/2026 20:00,0.0009970798,0.0006819678,0.00035343147,0.00023964915
18119,Owen County,IN,3/16/2026 21:00,0.00084830954,0.0009305045,0.00026367698,0.0002681955
18119,Owen County,IN,3/16/2026 22:00,0.00071287487,0.0008397959,0.0002360173,0.00023978142
18119,Owen County,IN,3/16/2026 23:00,0.00064022467,0.0007938297,0.0003182235,0.00021647525
18119,Owen County,IN,3/17/2026 0:00,0.0005854294,0.00095246715,0.00018331739,0.00020071887
18119,Owen County,IN,3/17/2026 1:00,0.0006819678,0.0010936195,0.0001867635,0.00024558618
18119,Owen County,IN,3/17/2026 2:00,0.0009305045,0.0010845591,0.00018959702,0.0002042063
18119,Owen County,IN,3/17/2026 3:00,0.0008397959,0.0012236696,0.00016246774,0.00021179063
18119,Owen County,IN,3/17/2026 4:00,0.0007938297,0.0011763914,0.00017067516,0.0002627517
18119,Owen County,IN,3/17/2026 5:00,0.00095246715,0.0008773095,0.00029870498,0.0003058017
18119,Owen County,IN,3/17/2026 6:00,0.0010936195,0.00072859996,0.00034390768,0.00032519028
18119,Owen County,IN,3/17/2026 7:00,0.0010845591,0.00065793196,0.00034756545,0.00036807195
18119,Owen County,IN,3/17/2026 8:00,0.0012236696,0.00051559054,0.00037823315,0.00030310653
18119,Owen County,IN,3/17/2026 9:00,0.0011763914,0.00056927436,0.00044017832,0.00027368643
18119,Owen County,IN,3/17/2026 10:00,0.0008773095,0.0006508843,0.0005296508,0.0003605537
18119,Owen County,IN,3/17/2026 11:00,0.00072859996,0.00043604404,0.00061943766,0.0003708063
18119,Owen County,IN,3/17/2026 12:00,0.00065793196,0.00043575722,0.0011244161,0.00035899138
18119,Owen County,IN,3/17/2026 13:00,0.00051559054,0.0003947178,0.0011981635,0.00031512332
18119,Owen County,IN,3/17/2026 14:00,0.00056927436,0.00035343147,0.001280699,0.00033112636
18119,Owen County,IN,3/17/2026 15:00,0.0006508843,0.00026367698,0.0012457075,0.00043937107
18119,Owen County,IN,3/17/2026 16:00,0.00043604404,0.0002360173,0.0010361819,0.0004575464
18119,Owen County,IN,3/17/2026 17:00,0.00043575722,0.0003182235,0.0006802904,0.0003281469
18119,Owen County,IN,3/17/2026 18:00,0.0003947178,0.00018331739,0.00044830414,0.0002531945
18119,Owen County,IN,3/17/2026 19:00,0.00035343147,0.0001867635,0.0003009502,0.0002162845
18119,Owen County,IN,3/17/2026 20:00,0.00026367698,0.00018959702,0.00023964915,0.00026851002
18119,Owen County,IN,3/17/2026 21:00,0.0002360173,0.00016246774,0.0002681955,0.00031116576
18119,Owen County,IN,3/17/2026 22:00,0.0003182235,0.00017067516,0.00023978142,0.00030460357
18119,Owen County,IN,3/17/2026 23:00,0.00018331739,0.00029870498,0.00021647525,0.00024442925
18119,Owen County,IN,3/18/2026 0:00,0.0001867635,0.00034390768,0.00020071887,
18119,Owen County,IN,3/18/2026 1:00,0.00018959702,0.00034756545,0.00024558618,
18119,Owen County,IN,3/18/2026 2:00,0.00016246774,0.00037823315,0.0002042063,
18119,Owen County,IN,3/18/2026 3:00,0.00017067516,0.00044017832,0.00021179063,
18119,Owen County,IN,3/18/2026 4:00,0.00029870498,0.0005296508,0.0002627517,
18119,Owen County,IN,3/18/2026 5:00,0.00034390768,0.00061943766,0.0003058017,
18119,Owen County,IN,3/18/2026 6:00,0.00034756545,0.0011244161,0.00032519028,
18119,Owen County,IN,3/18/2026 7:00,0.00037823315,0.0011981635,0.00036807195,
18119,Owen County,IN,3/18/2026 8:00,0.00044017832,0.001280699,0.00030310653,
18119,Owen County,IN,3/18/2026 9:00,0.0005296508,0.0012457075,0.00027368643,
18119,Owen County,IN,3/18/2026 10:00,0.00061943766,0.0010361819,0.0003605537,
18119,Owen County,IN,3/18/2026 11:00,0.0011244161,0.0006802904,0.0003708063,
18119,Owen County,IN,3/18/2026 12:00,0.0011981635,0.00044830414,0.00035899138,
18119,Owen County,IN,3/18/2026 13:00,0.001280699,0.0003009502,0.00031512332,
18119,Owen County,IN,3/18/2026 14:00,0.0012457075,0.00023964915,0.00033112636,
18119,Owen County,IN,3/18/2026 15:00,0.0010361819,0.0002681955,0.00043937107,
18119,Owen County,IN,3/18/2026 16:00,0.0006802904,0.00023978142,0.0004575464,
18119,Owen County,IN,3/18/2026 17:00,0.00044830414,0.00021647525,0.0003281469,
18119,Owen County,IN,3/18/2026 18:00,0.0003009502,0.00020071887,0.0002531945,
18119,Owen County,IN,3/18/2026 19:00,0.00023964915,0.00024558618,0.0002162845,
18119,Owen County,IN,3/18/2026 20:00,0.0002681955,0.0002042063,0.00026851002,
18119,Owen County,IN,3/18/2026 21:00,0.00023978142,0.00021179063,0.00031116576,
18119,Owen County,IN,3/18/2026 22:00,0.00021647525,0.0002627517,0.00030460357,
18119,Owen County,IN,3/18/2026 23:00,0.00020071887,0.0003058017,0.00024442925,
18119,Owen County,IN,3/19/2026 0:00,0.00024558618,0.00032519028,,
18119,Owen County,IN,3/19/2026 1:00,0.0002042063,0.00036807195,,
18119,Owen County,IN,3/19/2026 2:00,0.00021179063,0.00030310653,,
18119,Owen County,IN,3/19/2026 3:00,0.0002627517,0.00027368643,,
18119,Owen County,IN,3/19/2026 4:00,0.0003058017,0.0003605537,,
18119,Owen County,IN,3/19/2026 5:00,0.00032519028,0.0003708063,,
18119,Owen County,IN,3/19/2026 6:00,0.00036807195,0.00035899138,,
18119,Owen County,IN,3/19/2026 7:00,0.00030310653,0.00031512332,,
18119,Owen County,IN,3/19/2026 8:00,0.00027368643,0.00033112636,,
18119,Owen County,IN,3/19/2026 9:00,0.0003605537,0.00043937107,,
18119,Owen County,IN,3/19/2026 10:00,0.0003708063,0.0004575464,,
18119,Owen County,IN,3/19/2026 11:00,0.00035899138,0.0003281469,,
18119,Owen County,IN,3/19/2026 12:00,0.00031512332,0.0002531945,,
18119,Owen County,IN,3/19/2026 13:00,0.00033112636,0.0002162845,,
18119,Owen County,IN,3/19/2026 14:00,0.00043937107,0.00026851002,,
18119,Owen County,IN,3/19/2026 15:00,0.0004575464,0.00031116576,,
18119,Owen County,IN,3/19/2026 16:00,0.0003281469,0.00030460357,,
18119,Owen County,IN,3/19/2026 17:00,0.0002531945,0.00024442925,,
18119,Owen County,IN,3/19/2026 18:00,0.0002162845,,,
18119,Owen County,IN,3/19/2026 19:00,0.00026851002,,,
18119,Owen County,IN,3/19/2026 20:00,0.00031116576,,,
18119,Owen County,IN,3/19/2026 21:00,0.00030460357,,,
18119,Owen County,IN,3/19/2026 22:00,0.00024442925,,,
18119,Owen County,IN,3/19/2026 23:00,,,,
39001,Adams County,OH,3/14/2026 0:00,0.00020115594,0.00022729844,0.0001536184,0.0024558625
39001,Adams County,OH,3/14/2026 1:00,7.719583e-05,0.0002598986,8.828247e-05,0.002307297
39001,Adams County,OH,3/14/2026 2:00,7.215675e-05,0.0003851722,6.3495994e-05,0.0022839266
39001,Adams County,OH,3/14/2026 3:00,0.0001619703,0.00043595332,4.6109704e-05,0.0026536211
39001,Adams County,OH,3/14/2026 4:00,0.0001855224,0.00047954827,3.871872e-05,0.0022183775
39001,Adams County,OH,3/14/2026 5:00,0.00022729844,0.00054259,2.6941607e-05,0.0024534953
39001,Adams County,OH,3/14/2026 6:00,0.0002598986,0.0005542596,5.6002205e-05,0.002644781
39001,Adams County,OH,3/14/2026 7:00,0.0003851722,0.0005173837,0.000120409575,0.0024588848
39001,Adams County,OH,3/14/2026 8:00,0.00043595332,0.0006597668,0.00019664812,0.0024339324
39001,Adams County,OH,3/14/2026 9:00,0.00047954827,0.00066716206,0.00037521095,0.0021713069
39001,Adams County,OH,3/14/2026 10:00,0.00054259,0.0005453339,0.00071017747,0.002031602
39001,Adams County,OH,3/14/2026 11:00,0.0005542596,0.00036913244,0.0012232277,0.0014931785
39001,Adams County,OH,3/14/2026 12:00,0.0005173837,0.00048755622,0.0022285813,0.0013218514
39001,Adams County,OH,3/14/2026 13:00,0.0006597668,0.0004695597,0.0032522536,0.0011916087
39001,Adams County,OH,3/14/2026 14:00,0.00066716206,0.000438021,0.003840467,0.001100693
39001,Adams County,OH,3/14/2026 15:00,0.0005453339,0.00038807784,0.004515558,0.001054963
39001,Adams County,OH,3/14/2026 16:00,0.00036913244,0.00032805413,0.004671504,0.0010930848
39001,Adams County,OH,3/14/2026 17:00,0.00048755622,0.00022677776,0.0046366192,0.0010468456
39001,Adams County,OH,3/14/2026 18:00,0.0004695597,0.0001536184,0.0043891883,0.0010228325
39001,Adams County,OH,3/14/2026 19:00,0.000438021,8.828247e-05,0.0039626607,0.001321593
39001,Adams County,OH,3/14/2026 20:00,0.00038807784,6.3495994e-05,0.003947594,0.0010253909
39001,Adams County,OH,3/14/2026 21:00,0.00032805413,4.6109704e-05,0.0035134908,0.00081927143
39001,Adams County,OH,3/14/2026 22:00,0.00022677776,3.871872e-05,0.0031277798,0.0005553616
39001,Adams County,OH,3/14/2026 23:00,0.0001536184,2.6941607e-05,0.002747071,0.0005080919
39001,Adams County,OH,3/15/2026 0:00,8.828247e-05,5.6002205e-05,0.0024558625,0.00053353247
39001,Adams County,OH,3/15/2026 1:00,6.3495994e-05,0.000120409575,0.002307297,0.00064810086
39001,Adams County,OH,3/15/2026 2:00,4.6109704e-05,0.00019664812,0.0022839266,0.00047466747
39001,Adams County,OH,3/15/2026 3:00,3.871872e-05,0.00037521095,0.0026536211,0.0004131347
39001,Adams County,OH,3/15/2026 4:00,2.6941607e-05,0.00071017747,0.0022183775,0.00041134973
39001,Adams County,OH,3/15/2026 5:00,5.6002205e-05,0.0012232277,0.0024534953,0.00043603763
39001,Adams County,OH,3/15/2026 6:00,0.000120409575,0.0022285813,0.002644781,0.00042866066
39001,Adams County,OH,3/15/2026 7:00,0.00019664812,0.0032522536,0.0024588848,0.00050009484
39001,Adams County,OH,3/15/2026 8:00,0.00037521095,0.003840467,0.0024339324,0.00059476006
39001,Adams County,OH,3/15/2026 9:00,0.00071017747,0.004515558,0.0021713069,0.0006859543
39001,Adams County,OH,3/15/2026 10:00,0.0012232277,0.004671504,0.002031602,0.0006445135
39001,Adams County,OH,3/15/2026 11:00,0.0022285813,0.0046366192,0.0014931785,0.00079651293
39001,Adams County,OH,3/15/2026 12:00,0.0032522536,0.0043891883,0.0013218514,0.0007288525
39001,Adams County,OH,3/15/2026 13:00,0.003840467,0.0039626607,0.0011916087,0.0005917668
39001,Adams County,OH,3/15/2026 14:00,0.004515558,0.003947594,0.001100693,0.00044050993
39001,Adams County,OH,3/15/2026 15:00,0.004671504,0.0035134908,0.001054963,0.00042256026
39001,Adams County,OH,3/15/2026 16:00,0.0046366192,0.0031277798,0.0010930848,0.00043208935
39001,Adams County,OH,3/15/2026 17:00,0.0043891883,0.002747071,0.0010468456,0.0004348387
39001,Adams County,OH,3/15/2026 18:00,0.0039626607,0.0024558625,0.0010228325,0.0003054734
39001,Adams County,OH,3/15/2026 19:00,0.003947594,0.002307297,0.001321593,0.00025096405
39001,Adams County,OH,3/15/2026 20:00,0.0035134908,0.0022839266,0.0010253909,0.00017281923
39001,Adams County,OH,3/15/2026 21:00,0.0031277798,0.0026536211,0.00081927143,0.00020360605
39001,Adams County,OH,3/15/2026 22:00,0.002747071,0.0022183775,0.0005553616,0.00032942585
39001,Adams County,OH,3/15/2026 23:00,0.0024558625,0.0024534953,0.0005080919,0.0001292524
39001,Adams County,OH,3/16/2026 0:00,0.002307297,0.002644781,0.00053353247,7.228854e-05
39001,Adams County,OH,3/16/2026 1:00,0.0022839266,0.0024588848,0.00064810086,9.063639e-05
39001,Adams County,OH,3/16/2026 2:00,0.0026536211,0.0024339324,0.00047466747,0.00017865798
39001,Adams County,OH,3/16/2026 3:00,0.0022183775,0.0021713069,0.0004131347,0.00018989318
39001,Adams County,OH,3/16/2026 4:00,0.0024534953,0.002031602,0.00041134973,0.00022287935
39001,Adams County,OH,3/16/2026 5:00,0.002644781,0.0014931785,0.00043603763,0.0002851327
39001,Adams County,OH,3/16/2026 6:00,0.0024588848,0.0013218514,0.00042866066,0.0003530128
39001,Adams County,OH,3/16/2026 7:00,0.0024339324,0.0011916087,0.00050009484,0.00041161122
39001,Adams County,OH,3/16/2026 8:00,0.0021713069,0.001100693,0.00059476006,0.00045337362
39001,Adams County,OH,3/16/2026 9:00,0.002031602,0.001054963,0.0006859543,0.00047788752
39001,Adams County,OH,3/16/2026 10:00,0.0014931785,0.0010930848,0.0006445135,0.0004992197
39001,Adams County,OH,3/16/2026 11:00,0.0013218514,0.0010468456,0.00079651293,0.0005482161
39001,Adams County,OH,3/16/2026 12:00,0.0011916087,0.0010228325,0.0007288525,0.0004323258
39001,Adams County,OH,3/16/2026 13:00,0.001100693,0.001321593,0.0005917668,0.0003412697
39001,Adams County,OH,3/16/2026 14:00,0.001054963,0.0010253909,0.00044050993,0.00039543555
39001,Adams County,OH,3/16/2026 15:00,0.0010930848,0.00081927143,0.00042256026,0.00031436895
39001,Adams County,OH,3/16/2026 16:00,0.0010468456,0.0005553616,0.00043208935,0.0003136541
39001,Adams County,OH,3/16/2026 17:00,0.0010228325,0.0005080919,0.0004348387,0.00024312585
39001,Adams County,OH,3/16/2026 18:00,0.001321593,0.00053353247,0.0003054734,0.0002898987
39001,Adams County,OH,3/16/2026 19:00,0.0010253909,0.00064810086,0.00025096405,0.00020921741
39001,Adams County,OH,3/16/2026 20:00,0.00081927143,0.00047466747,0.00017281923,0.00017273195
39001,Adams County,OH,3/16/2026 21:00,0.0005553616,0.0004131347,0.00020360605,0.00015519056
39001,Adams County,OH,3/16/2026 22:00,0.0005080919,0.00041134973,0.00032942585,0.00019860295
39001,Adams County,OH,3/16/2026 23:00,0.00053353247,0.00043603763,0.0001292524,0.00017973555
39001,Adams County,OH,3/17/2026 0:00,0.00064810086,0.00042866066,7.228854e-05,9.396178e-05
39001,Adams County,OH,3/17/2026 1:00,0.00047466747,0.00050009484,9.063639e-05,0.000120557546
39001,Adams County,OH,3/17/2026 2:00,0.0004131347,0.00059476006,0.00017865798,0.000143006
39001,Adams County,OH,3/17/2026 3:00,0.00041134973,0.0006859543,0.00018989318,0.00015601375
39001,Adams County,OH,3/17/2026 4:00,0.00043603763,0.0006445135,0.00022287935,0.00016517036
39001,Adams County,OH,3/17/2026 5:00,0.00042866066,0.00079651293,0.0002851327,0.0001957137
39001,Adams County,OH,3/17/2026 6:00,0.00050009484,0.0007288525,0.0003530128,0.00020923992
39001,Adams County,OH,3/17/2026 7:00,0.00059476006,0.0005917668,0.00041161122,0.00023370874
39001,Adams County,OH,3/17/2026 8:00,0.0006859543,0.00044050993,0.00045337362,0.00022245088
39001,Adams County,OH,3/17/2026 9:00,0.0006445135,0.00042256026,0.00047788752,0.0002463644
39001,Adams County,OH,3/17/2026 10:00,0.00079651293,0.00043208935,0.0004992197,0.00032855902
39001,Adams County,OH,3/17/2026 11:00,0.0007288525,0.0004348387,0.0005482161,0.0003481742
39001,Adams County,OH,3/17/2026 12:00,0.0005917668,0.0003054734,0.0004323258,0.0002341402
39001,Adams County,OH,3/17/2026 13:00,0.00044050993,0.00025096405,0.0003412697,0.000351906
39001,Adams County,OH,3/17/2026 14:00,0.00042256026,0.00017281923,0.00039543555,0.00023069029
39001,Adams County,OH,3/17/2026 15:00,0.00043208935,0.00020360605,0.00031436895,0.00029283646
39001,Adams County,OH,3/17/2026 16:00,0.0004348387,0.00032942585,0.0003136541,0.00036192086
39001,Adams County,OH,3/17/2026 17:00,0.0003054734,0.0001292524,0.00024312585,0.00033538978
39001,Adams County,OH,3/17/2026 18:00,0.00025096405,7.228854e-05,0.0002898987,0.00021791414
39001,Adams County,OH,3/17/2026 19:00,0.00017281923,9.063639e-05,0.00020921741,0.00017353275
39001,Adams County,OH,3/17/2026 20:00,0.00020360605,0.00017865798,0.00017273195,0.00021079628
39001,Adams County,OH,3/17/2026 21:00,0.00032942585,0.00018989318,0.00015519056,0.0002514315
39001,Adams County,OH,3/17/2026 22:00,0.0001292524,0.00022287935,0.00019860295,0.00021745544
39001,Adams County,OH,3/17/2026 23:00,7.228854e-05,0.0002851327,0.00017973555,0.00015039915
39001,Adams County,OH,3/18/2026 0:00,9.063639e-05,0.0003530128,9.396178e-05,
39001,Adams County,OH,3/18/2026 1:00,0.00017865798,0.00041161122,0.000120557546,
39001,Adams County,OH,3/18/2026 2:00,0.00018989318,0.00045337362,0.000143006,
39001,Adams County,OH,3/18/2026 3:00,0.00022287935,0.00047788752,0.00015601375,
39001,Adams County,OH,3/18/2026 4:00,0.0002851327,0.0004992197,0.00016517036,
39001,Adams County,OH,3/18/2026 5:00,0.0003530128,0.0005482161,0.0001957137,
39001,Adams County,OH,3/18/2026 6:00,0.00041161122,0.0004323258,0.00020923992,
39001,Adams County,OH,3/18/2026 7:00,0.00045337362,0.0003412697,0.00023370874,
39001,Adams County,OH,3/18/2026 8:00,0.00047788752,0.00039543555,0.00022245088,
39001,Adams County,OH,3/18/2026 9:00,0.0004992197,0.00031436895,0.0002463644,
39001,Adams County,OH,3/18/2026 10:00,0.0005482161,0.0003136541,0.00032855902,
39001,Adams County,OH,3/18/2026 11:00,0.0004323258,0.00024312585,0.0003481742,
39001,Adams County,OH,3/18/2026 12:00,0.0003412697,0.0002898987,0.0002341402,
39001,Adams County,OH,3/18/2026 13:00,0.00039543555,0.00020921741,0.000351906,
39001,Adams County,OH,3/18/2026 14:00,0.00031436895,0.00017273195,0.00023069029,
39001,Adams County,OH,3/18/2026 15:00,0.0003136541,0.00015519056,0.00029283646,
39001,Adams County,OH,3/18/2026 16:00,0.00024312585,0.00019860295,0.00036192086,
39001,Adams County,OH,3/18/2026 17:00,0.0002898987,0.00017973555,0.00033538978,
39001,Adams County,OH,3/18/2026 18:00,0.00020921741,9.396178e-05,0.00021791414,
39001,Adams County,OH,3/18/2026 19:00,0.00017273195,0.000120557546,0.00017353275,
39001,Adams County,OH,3/18/2026 20:00,0.00015519056,0.000143006,0.00021079628,
39001,Adams County,OH,3/18/2026 21:00,0.00019860295,0.00015601375,0.0002514315,
39001,Adams County,OH,3/18/2026 22:00,0.00017973555,0.00016517036,0.00021745544,
39001,Adams County,OH,3/18/2026 23:00,9.396178e-05,0.0001957137,0.00015039915,
39001,Adams County,OH,3/19/2026 0:00,0.000120557546,0.00020923992,,
39001,Adams County,OH,3/19/2026 1:00,0.000143006,0.00023370874,,
39001,Adams County,OH,3/19/2026 2:00,0.00015601375,0.00022245088,,
39001,Adams County,OH,3/19/2026 3:00,0.00016517036,0.0002463644,,
39001,Adams County,OH,3/19/2026 4:00,0.0001957137,0.00032855902,,
39001,Adams County,OH,3/19/2026 5:00,0.00020923992,0.0003481742,,
39001,Adams County,OH,3/19/2026 6:00,0.00023370874,0.0002341402,,
39001,Adams County,OH,3/19/2026 7:00,0.00022245088,0.000351906,,
39001,Adams County,OH,3/19/2026 8:00,0.0002463644,0.00023069029,,
39001,Adams County,OH,3/19/2026 9:00,0.00032855902,0.00029283646,,
39001,Adams County,OH,3/19/2026 10:00,0.0003481742,0.00036192086,,
39001,Adams County,OH,3/19/2026 11:00,0.0002341402,0.00033538978,,
39001,Adams County,OH,3/19/2026 12:00,0.000351906,0.00021791414,,
39001,Adams County,OH,3/19/2026 13:00,0.00023069029,0.00017353275,,
39001,Adams County,OH,3/19/2026 14:00,0.00029283646,0.00021079628,,
39001,Adams County,OH,3/19/2026 15:00,0.00036192086,0.0002514315,,
39001,Adams County,OH,3/19/2026 16:00,0.00033538978,0.00021745544,,
39001,Adams County,OH,3/19/2026 17:00,0.00021791414,0.00015039915,,
39001,Adams County,OH,3/19/2026 18:00,0.00017353275,,,
39001,Adams County,OH,3/19/2026 19:00,0.00021079628,,,
39001,Adams County,OH,3/19/2026 20:00,0.0002514315,,,
39001,Adams County,OH,3/19/2026 21:00,0.00021745544,,,
39001,Adams County,OH,3/19/2026 22:00,0.00015039915,,,
39001,Adams County,OH,3/19/2026 23:00,,,,
39003,Allen County,OH,3/14/2026 0:00,0.03696746,0.031330496,0.005239332,0.0019759478
39003,Allen County,OH,3/14/2026 1:00,0.03515001,0.029749991,0.004871891,0.0016752443
39003,Allen County,OH,3/14/2026 2:00,0.03386094,0.027839491,0.004392762,0.0022610289
39003,Allen County,OH,3/14/2026 3:00,0.0330273,0.02642601,0.004130635,0.0024584194
39003,Allen County,OH,3/14/2026 4:00,0.03241229,0.025380861,0.0039066686,0.002588819
39003,Allen County,OH,3/14/2026 5:00,0.031330496,0.02297879,0.0037391426,0.00261029
39003,Allen County,OH,3/14/2026 6:00,0.029749991,0.021172008,0.0038950648,0.002397709
39003,Allen County,OH,3/14/2026 7:00,0.027839491,0.019503161,0.0039110985,0.0021946384
39003,Allen County,OH,3/14/2026 8:00,0.02642601,0.017551614,0.003881625,0.002216424
39003,Allen County,OH,3/14/2026 9:00,0.025380861,0.015492668,0.004005116,0.0019840323
39003,Allen County,OH,3/14/2026 10:00,0.02297879,0.013906089,0.0037188933,0.0017756821
39003,Allen County,OH,3/14/2026 11:00,0.021172008,0.012156458,0.0035185001,0.0015129508
39003,Allen County,OH,3/14/2026 12:00,0.019503161,0.010773585,0.0037804374,0.0013340482
39003,Allen County,OH,3/14/2026 13:00,0.017551614,0.009543723,0.0044016284,0.0012472533
39003,Allen County,OH,3/14/2026 14:00,0.015492668,0.008547071,0.0044932254,0.0011133807
39003,Allen County,OH,3/14/2026 15:00,0.013906089,0.007388995,0.004424371,0.000863701
39003,Allen County,OH,3/14/2026 16:00,0.012156458,0.0065390896,0.0035623936,0.000789129
39003,Allen County,OH,3/14/2026 17:00,0.010773585,0.0057670204,0.0031139066,0.0006805899
39003,Allen County,OH,3/14/2026 18:00,0.009543723,0.005239332,0.0031347335,0.0005919413
39003,Allen County,OH,3/14/2026 19:00,0.008547071,0.004871891,0.002558297,0.00072830194
39003,Allen County,OH,3/14/2026 20:00,0.007388995,0.004392762,0.002480896,0.0006589845
39003,Allen County,OH,3/14/2026 21:00,0.0065390896,0.004130635,0.0020567498,0.0004950969
39003,Allen County,OH,3/14/2026 22:00,0.0057670204,0.0039066686,0.0017674048,0.00045505769
39003,Allen County,OH,3/14/2026 23:00,0.005239332,0.0037391426,0.0017397036,0.00040127765
39003,Allen County,OH,3/15/2026 0:00,0.004871891,0.0038950648,0.0019759478,0.00028951207
39003,Allen County,OH,3/15/2026 1:00,0.004392762,0.0039110985,0.0016752443,0.00021761665
39003,Allen County,OH,3/15/2026 2:00,0.004130635,0.003881625,0.0022610289,0.00011611392
39003,Allen County,OH,3/15/2026 3:00,0.0039066686,0.004005116,0.0024584194,0.000117281365
39003,Allen County,OH,3/15/2026 4:00,0.0037391426,0.0037188933,0.002588819,0.00012050467
39003,Allen County,OH,3/15/2026 5:00,0.0038950648,0.0035185001,0.00261029,0.00013094471
39003,Allen County,OH,3/15/2026 6:00,0.0039110985,0.0037804374,0.002397709,0.00020906105
39003,Allen County,OH,3/15/2026 7:00,0.003881625,0.0044016284,0.0021946384,0.00036506337
39003,Allen County,OH,3/15/2026 8:00,0.004005116,0.0044932254,0.002216424,0.00053422945
39003,Allen County,OH,3/15/2026 9:00,0.0037188933,0.004424371,0.0019840323,0.00046944554
39003,Allen County,OH,3/15/2026 10:00,0.0035185001,0.0035623936,0.0017756821,0.00026551806
39003,Allen County,OH,3/15/2026 11:00,0.0037804374,0.0031139066,0.0015129508,0.00023683428
39003,Allen County,OH,3/15/2026 12:00,0.0044016284,0.0031347335,0.0013340482,0.00016209454
39003,Allen County,OH,3/15/2026 13:00,0.0044932254,0.002558297,0.0012472533,0.00012370397
39003,Allen County,OH,3/15/2026 14:00,0.004424371,0.002480896,0.0011133807,0.00011380381
39003,Allen County,OH,3/15/2026 15:00,0.0035623936,0.0020567498,0.000863701,0.00014673223
39003,Allen County,OH,3/15/2026 16:00,0.0031139066,0.0017674048,0.000789129,0.00019147509
39003,Allen County,OH,3/15/2026 17:00,0.0031347335,0.0017397036,0.0006805899,0.000118873024
39003,Allen County,OH,3/15/2026 18:00,0.002558297,0.0019759478,0.0005919413,1.0577647e-05
39003,Allen County,OH,3/15/2026 19:00,0.002480896,0.0016752443,0.00072830194,1.7025488e-05
39003,Allen County,OH,3/15/2026 20:00,0.0020567498,0.0022610289,0.0006589845,5.7638215e-05
39003,Allen County,OH,3/15/2026 21:00,0.0017674048,0.0024584194,0.0004950969,0.00014572857
39003,Allen County,OH,3/15/2026 22:00,0.0017397036,0.002588819,0.00045505769,5.1636838e-05
39003,Allen County,OH,3/15/2026 23:00,0.0019759478,0.00261029,0.00040127765,9.4890434e-05
39003,Allen County,OH,3/16/2026 0:00,0.0016752443,0.002397709,0.00028951207,7.140343e-05
39003,Allen County,OH,3/16/2026 1:00,0.0022610289,0.0021946384,0.00021761665,9.039667e-05
39003,Allen County,OH,3/16/2026 2:00,0.0024584194,0.002216424,0.00011611392,4.6282366e-05
39003,Allen County,OH,3/16/2026 3:00,0.002588819,0.0019840323,0.000117281365,4.678389e-05
39003,Allen County,OH,3/16/2026 4:00,0.00261029,0.0017756821,0.00012050467,4.4549666e-05
39003,Allen County,OH,3/16/2026 5:00,0.002397709,0.0015129508,0.00013094471,9.307906e-05
39003,Allen County,OH,3/16/2026 6:00,0.0021946384,0.0013340482,0.00020906105,0.00011812536
39003,Allen County,OH,3/16/2026 7:00,0.002216424,0.0012472533,0.00036506337,0.0001748508
39003,Allen County,OH,3/16/2026 8:00,0.0019840323,0.0011133807,0.00053422945,0.00018919332
39003,Allen County,OH,3/16/2026 9:00,0.0017756821,0.000863701,0.00046944554,0.00016478132
39003,Allen County,OH,3/16/2026 10:00,0.0015129508,0.000789129,0.00026551806,0.00017950028
39003,Allen County,OH,3/16/2026 11:00,0.0013340482,0.0006805899,0.00023683428,0.00020428005
39003,Allen County,OH,3/16/2026 12:00,0.0012472533,0.0005919413,0.00016209454,0.0001865593
39003,Allen County,OH,3/16/2026 13:00,0.0011133807,0.00072830194,0.00012370397,0.00018939083
39003,Allen County,OH,3/16/2026 14:00,0.000863701,0.0006589845,0.00011380381,0.00015670313
39003,Allen County,OH,3/16/2026 15:00,0.000789129,0.0004950969,0.00014673223,0.000111509464
39003,Allen County,OH,3/16/2026 16:00,0.0006805899,0.00045505769,0.00019147509,8.150233e-05
39003,Allen County,OH,3/16/2026 17:00,0.0005919413,0.00040127765,0.000118873024,1.52552375e-05
39003,Allen County,OH,3/16/2026 18:00,0.00072830194,0.00028951207,1.0577647e-05,2.2969132e-05
39003,Allen County,OH,3/16/2026 19:00,0.0006589845,0.00021761665,1.7025488e-05,4.727569e-05
39003,Allen County,OH,3/16/2026 20:00,0.0004950969,0.00011611392,5.7638215e-05,1.9766806e-06
39003,Allen County,OH,3/16/2026 21:00,0.00045505769,0.000117281365,0.00014572857,6.998592e-07
39003,Allen County,OH,3/16/2026 22:00,0.00040127765,0.00012050467,5.1636838e-05,8.667979e-06
39003,Allen County,OH,3/16/2026 23:00,0.00028951207,0.00013094471,9.4890434e-05,2.5190462e-05
39003,Allen County,OH,3/17/2026 0:00,0.00021761665,0.00020906105,7.140343e-05,1.8247794e-05
39003,Allen County,OH,3/17/2026 1:00,0.00011611392,0.00036506337,9.039667e-05,6.367108e-06
39003,Allen County,OH,3/17/2026 2:00,0.000117281365,0.00053422945,4.6282366e-05,6.204342e-07
39003,Allen County,OH,3/17/2026 3:00,0.00012050467,0.00046944554,4.678389e-05,1.3835488e-05
39003,Allen County,OH,3/17/2026 4:00,0.00013094471,0.00026551806,4.4549666e-05,5.0634975e-05
39003,Allen County,OH,3/17/2026 5:00,0.00020906105,0.00023683428,9.307906e-05,5.6429377e-05
39003,Allen County,OH,3/17/2026 6:00,0.00036506337,0.00016209454,0.00011812536,3.327273e-05
39003,Allen County,OH,3/17/2026 7:00,0.00053422945,0.00012370397,0.0001748508,4.9326656e-05
39003,Allen County,OH,3/17/2026 8:00,0.00046944554,0.00011380381,0.00018919332,0.00015082645
39003,Allen County,OH,3/17/2026 9:00,0.00026551806,0.00014673223,0.00016478132,0.00022674652
39003,Allen County,OH,3/17/2026 10:00,0.00023683428,0.00019147509,0.00017950028,0.00018895444
39003,Allen County,OH,3/17/2026 11:00,0.00016209454,0.000118873024,0.00020428005,0.00016135891
39003,Allen County,OH,3/17/2026 12:00,0.00012370397,1.0577647e-05,0.0001865593,0.00028987124
39003,Allen County,OH,3/17/2026 13:00,0.00011380381,1.7025488e-05,0.00018939083,0.00026390023
39003,Allen County,OH,3/17/2026 14:00,0.00014673223,5.7638215e-05,0.00015670313,0.00014753093
39003,Allen County,OH,3/17/2026 15:00,0.00019147509,0.00014572857,0.000111509464,0.00021203543
39003,Allen County,OH,3/17/2026 16:00,0.000118873024,5.1636838e-05,8.150233e-05,0.0001143884
39003,Allen County,OH,3/17/2026 17:00,1.0577647e-05,9.4890434e-05,1.52552375e-05,8.397263e-05
39003,Allen County,OH,3/17/2026 18:00,1.7025488e-05,7.140343e-05,2.2969132e-05,4.2241307e-05
39003,Allen County,OH,3/17/2026 19:00,5.7638215e-05,9.039667e-05,4.727569e-05,4.8550413e-05
39003,Allen County,OH,3/17/2026 20:00,0.00014572857,4.6282366e-05,1.9766806e-06,7.0995105e-05
39003,Allen County,OH,3/17/2026 21:00,5.1636838e-05,4.678389e-05,6.998592e-07,9.5129995e-05
39003,Allen County,OH,3/17/2026 22:00,9.4890434e-05,4.4549666e-05,8.667979e-06,9.6690696e-05
39003,Allen County,OH,3/17/2026 23:00,7.140343e-05,9.307906e-05,2.5190462e-05,9.396699e-05
39003,Allen County,OH,3/18/2026 0:00,9.039667e-05,0.00011812536,1.8247794e-05,
39003,Allen County,OH,3/18/2026 1:00,4.6282366e-05,0.0001748508,6.367108e-06,
39003,Allen County,OH,3/18/2026 2:00,4.678389e-05,0.00018919332,6.204342e-07,
39003,Allen County,OH,3/18/2026 3:00,4.4549666e-05,0.00016478132,1.3835488e-05,
39003,Allen County,OH,3/18/2026 4:00,9.307906e-05,0.00017950028,5.0634975e-05,
39003,Allen County,OH,3/18/2026 5:00,0.00011812536,0.00020428005,5.6429377e-05,
39003,Allen County,OH,3/18/2026 6:00,0.0001748508,0.0001865593,3.327273e-05,
39003,Allen County,OH,3/18/2026 7:00,0.00018919332,0.00018939083,4.9326656e-05,
39003,Allen County,OH,3/18/2026 8:00,0.00016478132,0.00015670313,0.00015082645,
39003,Allen County,OH,3/18/2026 9:00,0.00017950028,0.000111509464,0.00022674652,
39003,Allen County,OH,3/18/2026 10:00,0.00020428005,8.150233e-05,0.00018895444,
39003,Allen County,OH,3/18/2026 11:00,0.0001865593,1.52552375e-05,0.00016135891,
39003,Allen County,OH,3/18/2026 12:00,0.00018939083,2.2969132e-05,0.00028987124,
39003,Allen County,OH,3/18/2026 13:00,0.00015670313,4.727569e-05,0.00026390023,
39003,Allen County,OH,3/18/2026 14:00,0.000111509464,1.9766806e-06,0.00014753093,
39003,Allen County,OH,3/18/2026 15:00,8.150233e-05,6.998592e-07,0.00021203543,
39003,Allen County,OH,3/18/2026 16:00,1.52552375e-05,8.667979e-06,0.0001143884,
39003,Allen County,OH,3/18/2026 17:00,2.2969132e-05,2.5190462e-05,8.397263e-05,
39003,Allen County,OH,3/18/2026 18:00,4.727569e-05,1.8247794e-05,4.2241307e-05,
39003,Allen County,OH,3/18/2026 19:00,1.9766806e-06,6.367108e-06,4.8550413e-05,
39003,Allen County,OH,3/18/2026 20:00,6.998592e-07,6.204342e-07,7.0995105e-05,
39003,Allen County,OH,3/18/2026 21:00,8.667979e-06,1.3835488e-05,9.5129995e-05,
39003,Allen County,OH,3/18/2026 22:00,2.5190462e-05,5.0634975e-05,9.6690696e-05,
39003,Allen County,OH,3/18/2026 23:00,1.8247794e-05,5.6429377e-05,9.396699e-05,
39003,Allen County,OH,3/19/2026 0:00,6.367108e-06,3.327273e-05,,
39003,Allen County,OH,3/19/2026 1:00,6.204342e-07,4.9326656e-05,,
39003,Allen County,OH,3/19/2026 2:00,1.3835488e-05,0.00015082645,,
39003,Allen County,OH,3/19/2026 3:00,5.0634975e-05,0.00022674652,,
39003,Allen County,OH,3/19/2026 4:00,5.6429377e-05,0.00018895444,,
39003,Allen County,OH,3/19/2026 5:00,3.327273e-05,0.00016135891,,
39003,Allen County,OH,3/19/2026 6:00,4.9326656e-05,0.00028987124,,
39003,Allen County,OH,3/19/2026 7:00,0.00015082645,0.00026390023,,
39003,Allen County,OH,3/19/2026 8:00,0.00022674652,0.00014753093,,
39003,Allen County,OH,3/19/2026 9:00,0.00018895444,0.00021203543,,
39003,Allen County,OH,3/19/2026 10:00,0.00016135891,0.0001143884,,
39003,Allen County,OH,3/19/2026 11:00,0.00028987124,8.397263e-05,,
39003,Allen County,OH,3/19/2026 12:00,0.00026390023,4.2241307e-05,,
39003,Allen County,OH,3/19/2026 13:00,0.00014753093,4.8550413e-05,,
39003,Allen County,OH,3/19/2026 14:00,0.00021203543,7.0995105e-05,,
39003,Allen County,OH,3/19/2026 15:00,0.0001143884,9.5129995e-05,,
39003,Allen County,OH,3/19/2026 16:00,8.397263e-05,9.6690696e-05,,
39003,Allen County,OH,3/19/2026 17:00,4.2241307e-05,9.396699e-05,,
39003,Allen County,OH,3/19/2026 18:00,4.8550413e-05,,,
39003,Allen County,OH,3/19/2026 19:00,7.0995105e-05,,,
39003,Allen County,OH,3/19/2026 20:00,9.5129995e-05,,,
39003,Allen County,OH,3/19/2026 21:00,9.6690696e-05,,,
39003,Allen County,OH,3/19/2026 22:00,9.396699e-05,,,
39003,Allen County,OH,3/19/2026 23:00,,,,
39005,Ashland County,OH,3/14/2026 0:00,0.11064097,0.0807793,0.019970488,0.007923652
39005,Ashland County,OH,3/14/2026 1:00,0.10039199,0.07464116,0.018497447,0.0076496266
39005,Ashland County,OH,3/14/2026 2:00,0.096085146,0.06994141,0.0178604,0.007385189
39005,Ashland County,OH,3/14/2026 3:00,0.091802105,0.0642458,0.017083958,0.008471496
39005,Ashland County,OH,3/14/2026 4:00,0.084291674,0.05970365,0.016764725,0.00886202
39005,Ashland County,OH,3/14/2026 5:00,0.0807793,0.056217995,0.016450359,0.009247661
39005,Ashland County,OH,3/14/2026 6:00,0.07464116,0.052645024,0.016360193,0.0096385395
39005,Ashland County,OH,3/14/2026 7:00,0.06994141,0.046534933,0.015713658,0.012010951
39005,Ashland County,OH,3/14/2026 8:00,0.0642458,0.04404495,0.014819335,0.012439099
39005,Ashland County,OH,3/14/2026 9:00,0.05970365,0.040630598,0.014525759,0.012180603
39005,Ashland County,OH,3/14/2026 10:00,0.056217995,0.037595313,0.014726174,0.0111621
39005,Ashland County,OH,3/14/2026 11:00,0.052645024,0.03530511,0.014348411,0.009728773
39005,Ashland County,OH,3/14/2026 12:00,0.046534933,0.031324416,0.015120801,0.008997108
39005,Ashland County,OH,3/14/2026 13:00,0.04404495,0.028778277,0.015754059,0.007258402
39005,Ashland County,OH,3/14/2026 14:00,0.040630598,0.026372653,0.01741529,0.0063348073
39005,Ashland County,OH,3/14/2026 15:00,0.037595313,0.024762003,0.018050978,0.006066003
39005,Ashland County,OH,3/14/2026 16:00,0.03530511,0.02287532,0.018960662,0.0053064805
39005,Ashland County,OH,3/14/2026 17:00,0.031324416,0.02133558,0.017735975,0.004519112
39005,Ashland County,OH,3/14/2026 18:00,0.028778277,0.019970488,0.016160566,0.0034030024
39005,Ashland County,OH,3/14/2026 19:00,0.026372653,0.018497447,0.014425276,0.0027316764
39005,Ashland County,OH,3/14/2026 20:00,0.024762003,0.0178604,0.01204521,0.002658168
39005,Ashland County,OH,3/14/2026 21:00,0.02287532,0.017083958,0.010717145,0.0027264385
39005,Ashland County,OH,3/14/2026 22:00,0.02133558,0.016764725,0.009467467,0.0023529853
39005,Ashland County,OH,3/14/2026 23:00,0.019970488,0.016450359,0.008765398,0.0020531674
39005,Ashland County,OH,3/15/2026 0:00,0.018497447,0.016360193,0.007923652,0.0018859928
39005,Ashland County,OH,3/15/2026 1:00,0.0178604,0.015713658,0.0076496266,0.0018434911
39005,Ashland County,OH,3/15/2026 2:00,0.017083958,0.014819335,0.007385189,0.0015253183
39005,Ashland County,OH,3/15/2026 3:00,0.016764725,0.014525759,0.008471496,0.0015190005
39005,Ashland County,OH,3/15/2026 4:00,0.016450359,0.014726174,0.00886202,0.001418334
39005,Ashland County,OH,3/15/2026 5:00,0.016360193,0.014348411,0.009247661,0.0014595389
39005,Ashland County,OH,3/15/2026 6:00,0.015713658,0.015120801,0.0096385395,0.0014554847
39005,Ashland County,OH,3/15/2026 7:00,0.014819335,0.015754059,0.012010951,0.0016458426
39005,Ashland County,OH,3/15/2026 8:00,0.014525759,0.01741529,0.012439099,0.0017472806
39005,Ashland County,OH,3/15/2026 9:00,0.014726174,0.018050978,0.012180603,0.0018431225
39005,Ashland County,OH,3/15/2026 10:00,0.014348411,0.018960662,0.0111621,0.0017653793
39005,Ashland County,OH,3/15/2026 11:00,0.015120801,0.017735975,0.009728773,0.0016413699
39005,Ashland County,OH,3/15/2026 12:00,0.015754059,0.016160566,0.008997108,0.0016548061
39005,Ashland County,OH,3/15/2026 13:00,0.01741529,0.014425276,0.007258402,0.00135484
39005,Ashland County,OH,3/15/2026 14:00,0.018050978,0.01204521,0.0063348073,0.0008343755
39005,Ashland County,OH,3/15/2026 15:00,0.018960662,0.010717145,0.006066003,0.0008025164
39005,Ashland County,OH,3/15/2026 16:00,0.017735975,0.009467467,0.0053064805,0.00086944154
39005,Ashland County,OH,3/15/2026 17:00,0.016160566,0.008765398,0.004519112,0.00077397015
39005,Ashland County,OH,3/15/2026 18:00,0.014425276,0.007923652,0.0034030024,0.00056752586
39005,Ashland County,OH,3/15/2026 19:00,0.01204521,0.0076496266,0.0027316764,0.00044930598
39005,Ashland County,OH,3/15/2026 20:00,0.010717145,0.007385189,0.002658168,0.0003243782
39005,Ashland County,OH,3/15/2026 21:00,0.009467467,0.008471496,0.0027264385,0.00028945034
39005,Ashland County,OH,3/15/2026 22:00,0.008765398,0.00886202,0.0023529853,0.0002230577
39005,Ashland County,OH,3/15/2026 23:00,0.007923652,0.009247661,0.0020531674,0.00015616478
39005,Ashland County,OH,3/16/2026 0:00,0.0076496266,0.0096385395,0.0018859928,0.00024178198
39005,Ashland County,OH,3/16/2026 1:00,0.007385189,0.012010951,0.0018434911,0.00028257366
39005,Ashland County,OH,3/16/2026 2:00,0.008471496,0.012439099,0.0015253183,0.00016082598
39005,Ashland County,OH,3/16/2026 3:00,0.00886202,0.012180603,0.0015190005,0.0001059559
39005,Ashland County,OH,3/16/2026 4:00,0.009247661,0.0111621,0.001418334,0.00014675038
39005,Ashland County,OH,3/16/2026 5:00,0.0096385395,0.009728773,0.0014595389,0.00016852962
39005,Ashland County,OH,3/16/2026 6:00,0.012010951,0.008997108,0.0014554847,0.00022532704
39005,Ashland County,OH,3/16/2026 7:00,0.012439099,0.007258402,0.0016458426,0.00016040268
39005,Ashland County,OH,3/16/2026 8:00,0.012180603,0.0063348073,0.0017472806,0.00017429034
39005,Ashland County,OH,3/16/2026 9:00,0.0111621,0.006066003,0.0018431225,0.0003356295
39005,Ashland County,OH,3/16/2026 10:00,0.009728773,0.0053064805,0.0017653793,0.00029011018
39005,Ashland County,OH,3/16/2026 11:00,0.008997108,0.004519112,0.0016413699,0.00020311364
39005,Ashland County,OH,3/16/2026 12:00,0.007258402,0.0034030024,0.0016548061,0.00026899745
39005,Ashland County,OH,3/16/2026 13:00,0.0063348073,0.0027316764,0.00135484,0.00017719621
39005,Ashland County,OH,3/16/2026 14:00,0.006066003,0.002658168,0.0008343755,0.0001195364
39005,Ashland County,OH,3/16/2026 15:00,0.0053064805,0.0027264385,0.0008025164,0.0001044555
39005,Ashland County,OH,3/16/2026 16:00,0.004519112,0.0023529853,0.00086944154,4.1345877e-05
39005,Ashland County,OH,3/16/2026 17:00,0.0034030024,0.0020531674,0.00077397015,5.1337942e-05
39005,Ashland County,OH,3/16/2026 18:00,0.0027316764,0.0018859928,0.00056752586,4.7317564e-05
39005,Ashland County,OH,3/16/2026 19:00,0.002658168,0.0018434911,0.00044930598,1.661892e-05
39005,Ashland County,OH,3/16/2026 20:00,0.0027264385,0.0015253183,0.0003243782,9.89636e-06
39005,Ashland County,OH,3/16/2026 21:00,0.0023529853,0.0015190005,0.00028945034,7.671738e-06
39005,Ashland County,OH,3/16/2026 22:00,0.0020531674,0.001418334,0.0002230577,2.9047083e-05
39005,Ashland County,OH,3/16/2026 23:00,0.0018859928,0.0014595389,0.00015616478,7.5809135e-06
39005,Ashland County,OH,3/17/2026 0:00,0.0018434911,0.0014554847,0.00024178198,9.040491e-06
39005,Ashland County,OH,3/17/2026 1:00,0.0015253183,0.0016458426,0.00028257366,2.0942534e-05
39005,Ashland County,OH,3/17/2026 2:00,0.0015190005,0.0017472806,0.00016082598,2.3768092e-05
39005,Ashland County,OH,3/17/2026 3:00,0.001418334,0.0018431225,0.0001059559,3.7699825e-05
39005,Ashland County,OH,3/17/2026 4:00,0.0014595389,0.0017653793,0.00014675038,6.9984075e-05
39005,Ashland County,OH,3/17/2026 5:00,0.0014554847,0.0016413699,0.00016852962,6.5906905e-05
39005,Ashland County,OH,3/17/2026 6:00,0.0016458426,0.0016548061,0.00022532704,6.9114925e-05
39005,Ashland County,OH,3/17/2026 7:00,0.0017472806,0.00135484,0.00016040268,5.9259335e-05
39005,Ashland County,OH,3/17/2026 8:00,0.0018431225,0.0008343755,0.00017429034,0.000101364836
39005,Ashland County,OH,3/17/2026 9:00,0.0017653793,0.0008025164,0.0003356295,0.00010591069
39005,Ashland County,OH,3/17/2026 10:00,0.0016413699,0.00086944154,0.00029011018,0.00016150158
39005,Ashland County,OH,3/17/2026 11:00,0.0016548061,0.00077397015,0.00020311364,0.0001461302
39005,Ashland County,OH,3/17/2026 12:00,0.00135484,0.00056752586,0.00026899745,0.0001667369
39005,Ashland County,OH,3/17/2026 13:00,0.0008343755,0.00044930598,0.00017719621,0.00014337117
39005,Ashland County,OH,3/17/2026 14:00,0.0008025164,0.0003243782,0.0001195364,0.00012925973
39005,Ashland County,OH,3/17/2026 15:00,0.00086944154,0.00028945034,0.0001044555,0.000102621685
39005,Ashland County,OH,3/17/2026 16:00,0.00077397015,0.0002230577,4.1345877e-05,0.00019901621
39005,Ashland County,OH,3/17/2026 17:00,0.00056752586,0.00015616478,5.1337942e-05,0.00016319942
39005,Ashland County,OH,3/17/2026 18:00,0.00044930598,0.00024178198,4.7317564e-05,4.2291093e-05
39005,Ashland County,OH,3/17/2026 19:00,0.0003243782,0.00028257366,1.661892e-05,1.6925109e-05
39005,Ashland County,OH,3/17/2026 20:00,0.00028945034,0.00016082598,9.89636e-06,2.7623253e-05
39005,Ashland County,OH,3/17/2026 21:00,0.0002230577,0.0001059559,7.671738e-06,4.0968443e-05
39005,Ashland County,OH,3/17/2026 22:00,0.00015616478,0.00014675038,2.9047083e-05,7.543405e-05
39005,Ashland County,OH,3/17/2026 23:00,0.00024178198,0.00016852962,7.5809135e-06,5.0897055e-05
39005,Ashland County,OH,3/18/2026 0:00,0.00028257366,0.00022532704,9.040491e-06,
39005,Ashland County,OH,3/18/2026 1:00,0.00016082598,0.00016040268,2.0942534e-05,
39005,Ashland County,OH,3/18/2026 2:00,0.0001059559,0.00017429034,2.3768092e-05,
39005,Ashland County,OH,3/18/2026 3:00,0.00014675038,0.0003356295,3.7699825e-05,
39005,Ashland County,OH,3/18/2026 4:00,0.00016852962,0.00029011018,6.9984075e-05,
39005,Ashland County,OH,3/18/2026 5:00,0.00022532704,0.00020311364,6.5906905e-05,
39005,Ashland County,OH,3/18/2026 6:00,0.00016040268,0.00026899745,6.9114925e-05,
39005,Ashland County,OH,3/18/2026 7:00,0.00017429034,0.00017719621,5.9259335e-05,
39005,Ashland County,OH,3/18/2026 8:00,0.0003356295,0.0001195364,0.000101364836,
39005,Ashland County,OH,3/18/2026 9:00,0.00029011018,0.0001044555,0.00010591069,
39005,Ashland County,OH,3/18/2026 10:00,0.00020311364,4.1345877e-05,0.00016150158,
39005,Ashland County,OH,3/18/2026 11:00,0.00026899745,5.1337942e-05,0.0001461302,
39005,Ashland County,OH,3/18/2026 12:00,0.00017719621,4.7317564e-05,0.0001667369,
39005,Ashland County,OH,3/18/2026 13:00,0.0001195364,1.661892e-05,0.00014337117,
39005,Ashland County,OH,3/18/2026 14:00,0.0001044555,9.89636e-06,0.00012925973,
39005,Ashland County,OH,3/18/2026 15:00,4.1345877e-05,7.671738e-06,0.000102621685,
39005,Ashland County,OH,3/18/2026 16:00,5.1337942e-05,2.9047083e-05,0.00019901621,
39005,Ashland County,OH,3/18/2026 17:00,4.7317564e-05,7.5809135e-06,0.00016319942,
39005,Ashland County,OH,3/18/2026 18:00,1.661892e-05,9.040491e-06,4.2291093e-05,
39005,Ashland County,OH,3/18/2026 19:00,9.89636e-06,2.0942534e-05,1.6925109e-05,
39005,Ashland County,OH,3/18/2026 20:00,7.671738e-06,2.3768092e-05,2.7623253e-05,
39005,Ashland County,OH,3/18/2026 21:00,2.9047083e-05,3.7699825e-05,4.0968443e-05,
39005,Ashland County,OH,3/18/2026 22:00,7.5809135e-06,6.9984075e-05,7.543405e-05,
39005,Ashland County,OH,3/18/2026 23:00,9.040491e-06,6.5906905e-05,5.0897055e-05,
39005,Ashland County,OH,3/19/2026 0:00,2.0942534e-05,6.9114925e-05,,
39005,Ashland County,OH,3/19/2026 1:00,2.3768092e-05,5.9259335e-05,,
39005,Ashland County,OH,3/19/2026 2:00,3.7699825e-05,0.000101364836,,
39005,Ashland County,OH,3/19/2026 3:00,6.9984075e-05,0.00010591069,,
39005,Ashland County,OH,3/19/2026 4:00,6.5906905e-05,0.00016150158,,
39005,Ashland County,OH,3/19/2026 5:00,6.9114925e-05,0.0001461302,,
39005,Ashland County,OH,3/19/2026 6:00,5.9259335e-05,0.0001667369,,
39005,Ashland County,OH,3/19/2026 7:00,0.000101364836,0.00014337117,,
39005,Ashland County,OH,3/19/2026 8:00,0.00010591069,0.00012925973,,
39005,Ashland County,OH,3/19/2026 9:00,0.00016150158,0.000102621685,,
39005,Ashland County,OH,3/19/2026 10:00,0.0001461302,0.00019901621,,
39005,Ashland County,OH,3/19/2026 11:00,0.0001667369,0.00016319942,,
39005,Ashland County,OH,3/19/2026 12:00,0.00014337117,4.2291093e-05,,
39005,Ashland County,OH,3/19/2026 13:00,0.00012925973,1.6925109e-05,,
39005,Ashland County,OH,3/19/2026 14:00,0.000102621685,2.7623253e-05,,
39005,Ashland County,OH,3/19/2026 15:00,0.00019901621,4.0968443e-05,,
39005,Ashland County,OH,3/19/2026 16:00,0.00016319942,7.543405e-05,,
39005,Ashland County,OH,3/19/2026 17:00,4.2291093e-05,5.0897055e-05,,
39005,Ashland County,OH,3/19/2026 18:00,1.6925109e-05,,,
39005,Ashland County,OH,3/19/2026 19:00,2.7623253e-05,,,
39005,Ashland County,OH,3/19/2026 20:00,4.0968443e-05,,,
39005,Ashland County,OH,3/19/2026 21:00,7.543405e-05,,,
39005,Ashland County,OH,3/19/2026 22:00,5.0897055e-05,,,
39005,Ashland County,OH,3/19/2026 23:00,,,,
39007,Ashtabula County,OH,3/14/2026 0:00,0.0539494,0.045853358,0.010098559,0.012503262
39007,Ashtabula County,OH,3/14/2026 1:00,0.05565279,0.04239095,0.0093396185,0.0111838365
39007,Ashtabula County,OH,3/14/2026 2:00,0.054197308,0.039773393,0.008752593,0.010368218
39007,Ashtabula County,OH,3/14/2026 3:00,0.05097069,0.036619157,0.008202434,0.009691306
39007,Ashtabula County,OH,3/14/2026 4:00,0.048375458,0.034178875,0.008139478,0.009274185
39007,Ashtabula County,OH,3/14/2026 5:00,0.045853358,0.031091925,0.00799034,0.0088311825
39007,Ashtabula County,OH,3/14/2026 6:00,0.04239095,0.027642509,0.007792074,0.009314008
39007,Ashtabula County,OH,3/14/2026 7:00,0.039773393,0.025188608,0.008125523,0.00886687
39007,Ashtabula County,OH,3/14/2026 8:00,0.036619157,0.022849575,0.007856856,0.0081747575
39007,Ashtabula County,OH,3/14/2026 9:00,0.034178875,0.020746062,0.008241864,0.007809505
39007,Ashtabula County,OH,3/14/2026 10:00,0.031091925,0.018855974,0.008456662,0.008252951
39007,Ashtabula County,OH,3/14/2026 11:00,0.027642509,0.016845813,0.008554142,0.006766331
39007,Ashtabula County,OH,3/14/2026 12:00,0.025188608,0.015477993,0.008387044,0.0056341747
39007,Ashtabula County,OH,3/14/2026 13:00,0.022849575,0.01427002,0.008398306,0.004939706
39007,Ashtabula County,OH,3/14/2026 14:00,0.020746062,0.013244743,0.008217439,0.0045510344
39007,Ashtabula County,OH,3/14/2026 15:00,0.018855974,0.012484163,0.009805217,0.0043337955
39007,Ashtabula County,OH,3/14/2026 16:00,0.016845813,0.0113387415,0.011847191,0.0041562403
39007,Ashtabula County,OH,3/14/2026 17:00,0.015477993,0.010634562,0.0117672905,0.0042080684
39007,Ashtabula County,OH,3/14/2026 18:00,0.01427002,0.010098559,0.011040171,0.0033941779
39007,Ashtabula County,OH,3/14/2026 19:00,0.013244743,0.0093396185,0.010770084,0.003509395
39007,Ashtabula County,OH,3/14/2026 20:00,0.012484163,0.008752593,0.011991341,0.002533828
39007,Ashtabula County,OH,3/14/2026 21:00,0.0113387415,0.008202434,0.012860831,0.002040288
39007,Ashtabula County,OH,3/14/2026 22:00,0.010634562,0.008139478,0.012718743,0.00179224
39007,Ashtabula County,OH,3/14/2026 23:00,0.010098559,0.00799034,0.012589137,0.0019554265
39007,Ashtabula County,OH,3/15/2026 0:00,0.0093396185,0.007792074,0.012503262,0.0018613023
39007,Ashtabula County,OH,3/15/2026 1:00,0.008752593,0.008125523,0.0111838365,0.0020041282
39007,Ashtabula County,OH,3/15/2026 2:00,0.008202434,0.007856856,0.010368218,0.0019144416
39007,Ashtabula County,OH,3/15/2026 3:00,0.008139478,0.008241864,0.009691306,0.0020732004
39007,Ashtabula County,OH,3/15/2026 4:00,0.00799034,0.008456662,0.009274185,0.0021267934
39007,Ashtabula County,OH,3/15/2026 5:00,0.007792074,0.008554142,0.0088311825,0.001841902
39007,Ashtabula County,OH,3/15/2026 6:00,0.008125523,0.008387044,0.009314008,0.00188694
39007,Ashtabula County,OH,3/15/2026 7:00,0.007856856,0.008398306,0.00886687,0.0017361507
39007,Ashtabula County,OH,3/15/2026 8:00,0.008241864,0.008217439,0.0081747575,0.0013017658
39007,Ashtabula County,OH,3/15/2026 9:00,0.008456662,0.009805217,0.007809505,0.0011959979
39007,Ashtabula County,OH,3/15/2026 10:00,0.008554142,0.011847191,0.008252951,0.0013631692
39007,Ashtabula County,OH,3/15/2026 11:00,0.008387044,0.0117672905,0.006766331,0.0013679031
39007,Ashtabula County,OH,3/15/2026 12:00,0.008398306,0.011040171,0.0056341747,0.0014134987
39007,Ashtabula County,OH,3/15/2026 13:00,0.008217439,0.010770084,0.004939706,0.0012855182
39007,Ashtabula County,OH,3/15/2026 14:00,0.009805217,0.011991341,0.0045510344,0.0011376652
39007,Ashtabula County,OH,3/15/2026 15:00,0.011847191,0.012860831,0.0043337955,0.0010876894
39007,Ashtabula County,OH,3/15/2026 16:00,0.0117672905,0.012718743,0.0041562403,0.0009450794
39007,Ashtabula County,OH,3/15/2026 17:00,0.011040171,0.012589137,0.0042080684,0.0008230326
39007,Ashtabula County,OH,3/15/2026 18:00,0.010770084,0.012503262,0.0033941779,0.0006114635
39007,Ashtabula County,OH,3/15/2026 19:00,0.011991341,0.0111838365,0.003509395,0.0006218965
39007,Ashtabula County,OH,3/15/2026 20:00,0.012860831,0.010368218,0.002533828,0.0005252756
39007,Ashtabula County,OH,3/15/2026 21:00,0.012718743,0.009691306,0.002040288,0.00031278402
39007,Ashtabula County,OH,3/15/2026 22:00,0.012589137,0.009274185,0.00179224,0.000440185
39007,Ashtabula County,OH,3/15/2026 23:00,0.012503262,0.0088311825,0.0019554265,0.00059172243
39007,Ashtabula County,OH,3/16/2026 0:00,0.0111838365,0.009314008,0.0018613023,0.00034087343
39007,Ashtabula County,OH,3/16/2026 1:00,0.010368218,0.00886687,0.0020041282,0.00032267455
39007,Ashtabula County,OH,3/16/2026 2:00,0.009691306,0.0081747575,0.0019144416,0.00035559747
39007,Ashtabula County,OH,3/16/2026 3:00,0.009274185,0.007809505,0.0020732004,0.00022435751
39007,Ashtabula County,OH,3/16/2026 4:00,0.0088311825,0.008252951,0.0021267934,0.00026124791
39007,Ashtabula County,OH,3/16/2026 5:00,0.009314008,0.006766331,0.001841902,0.00026369072
39007,Ashtabula County,OH,3/16/2026 6:00,0.00886687,0.0056341747,0.00188694,0.00025718618
39007,Ashtabula County,OH,3/16/2026 7:00,0.0081747575,0.004939706,0.0017361507,0.00032197207
39007,Ashtabula County,OH,3/16/2026 8:00,0.007809505,0.0045510344,0.0013017658,0.00036260256
39007,Ashtabula County,OH,3/16/2026 9:00,0.008252951,0.0043337955,0.0011959979,0.0005349137
39007,Ashtabula County,OH,3/16/2026 10:00,0.006766331,0.0041562403,0.0013631692,0.00063628657
39007,Ashtabula County,OH,3/16/2026 11:00,0.0056341747,0.0042080684,0.0013679031,0.00067154935
39007,Ashtabula County,OH,3/16/2026 12:00,0.004939706,0.0033941779,0.0014134987,0.00047894442
39007,Ashtabula County,OH,3/16/2026 13:00,0.0045510344,0.003509395,0.0012855182,0.00044673902
39007,Ashtabula County,OH,3/16/2026 14:00,0.0043337955,0.002533828,0.0011376652,0.0004610535
39007,Ashtabula County,OH,3/16/2026 15:00,0.0041562403,0.002040288,0.0010876894,0.00038433753
39007,Ashtabula County,OH,3/16/2026 16:00,0.0042080684,0.00179224,0.0009450794,0.00033452202
39007,Ashtabula County,OH,3/16/2026 17:00,0.0033941779,0.0019554265,0.0008230326,0.00033296377
39007,Ashtabula County,OH,3/16/2026 18:00,0.003509395,0.0018613023,0.0006114635,0.00026930365
39007,Ashtabula County,OH,3/16/2026 19:00,0.002533828,0.0020041282,0.0006218965,0.00021700423
39007,Ashtabula County,OH,3/16/2026 20:00,0.002040288,0.0019144416,0.0005252756,0.0002867946
39007,Ashtabula County,OH,3/16/2026 21:00,0.00179224,0.0020732004,0.00031278402,0.00025122438
39007,Ashtabula County,OH,3/16/2026 22:00,0.0019554265,0.0021267934,0.000440185,0.00020589835
39007,Ashtabula County,OH,3/16/2026 23:00,0.0018613023,0.001841902,0.00059172243,0.00019945309
39007,Ashtabula County,OH,3/17/2026 0:00,0.0020041282,0.00188694,0.00034087343,0.00014078886
39007,Ashtabula County,OH,3/17/2026 1:00,0.0019144416,0.0017361507,0.00032267455,0.00015155104
39007,Ashtabula County,OH,3/17/2026 2:00,0.0020732004,0.0013017658,0.00035559747,0.00012456706
39007,Ashtabula County,OH,3/17/2026 3:00,0.0021267934,0.0011959979,0.00022435751,0.00013272904
39007,Ashtabula County,OH,3/17/2026 4:00,0.001841902,0.0013631692,0.00026124791,0.00016334036
39007,Ashtabula County,OH,3/17/2026 5:00,0.00188694,0.0013679031,0.00026369072,0.00017018926
39007,Ashtabula County,OH,3/17/2026 6:00,0.0017361507,0.0014134987,0.00025718618,0.0001671569
39007,Ashtabula County,OH,3/17/2026 7:00,0.0013017658,0.0012855182,0.00032197207,0.00018779867
39007,Ashtabula County,OH,3/17/2026 8:00,0.0011959979,0.0011376652,0.00036260256,0.00024120587
39007,Ashtabula County,OH,3/17/2026 9:00,0.0013631692,0.0010876894,0.0005349137,0.0002555689
39007,Ashtabula County,OH,3/17/2026 10:00,0.0013679031,0.0009450794,0.00063628657,0.00027534415
39007,Ashtabula County,OH,3/17/2026 11:00,0.0014134987,0.0008230326,0.00067154935,0.00032628482
39007,Ashtabula County,OH,3/17/2026 12:00,0.0012855182,0.0006114635,0.00047894442,0.00030756334
39007,Ashtabula County,OH,3/17/2026 13:00,0.0011376652,0.0006218965,0.00044673902,0.00023340613
39007,Ashtabula County,OH,3/17/2026 14:00,0.0010876894,0.0005252756,0.0004610535,0.0001812973
39007,Ashtabula County,OH,3/17/2026 15:00,0.0009450794,0.00031278402,0.00038433753,0.0001026392
39007,Ashtabula County,OH,3/17/2026 16:00,0.0008230326,0.000440185,0.00033452202,0.00012724452
39007,Ashtabula County,OH,3/17/2026 17:00,0.0006114635,0.00059172243,0.00033296377,0.00011749053
39007,Ashtabula County,OH,3/17/2026 18:00,0.0006218965,0.00034087343,0.00026930365,0.0001124821
39007,Ashtabula County,OH,3/17/2026 19:00,0.0005252756,0.00032267455,0.00021700423,0.00013541216
39007,Ashtabula County,OH,3/17/2026 20:00,0.00031278402,0.00035559747,0.0002867946,0.00019376655
39007,Ashtabula County,OH,3/17/2026 21:00,0.000440185,0.00022435751,0.00025122438,0.00014249222
39007,Ashtabula County,OH,3/17/2026 22:00,0.00059172243,0.00026124791,0.00020589835,0.0001592502
39007,Ashtabula County,OH,3/17/2026 23:00,0.00034087343,0.00026369072,0.00019945309,0.00018532283
39007,Ashtabula County,OH,3/18/2026 0:00,0.00032267455,0.00025718618,0.00014078886,
39007,Ashtabula County,OH,3/18/2026 1:00,0.00035559747,0.00032197207,0.00015155104,
39007,Ashtabula County,OH,3/18/2026 2:00,0.00022435751,0.00036260256,0.00012456706,
39007,Ashtabula County,OH,3/18/2026 3:00,0.00026124791,0.0005349137,0.00013272904,
39007,Ashtabula County,OH,3/18/2026 4:00,0.00026369072,0.00063628657,0.00016334036,
39007,Ashtabula County,OH,3/18/2026 5:00,0.00025718618,0.00067154935,0.00017018926,
39007,Ashtabula County,OH,3/18/2026 6:00,0.00032197207,0.00047894442,0.0001671569,
39007,Ashtabula County,OH,3/18/2026 7:00,0.00036260256,0.00044673902,0.00018779867,
39007,Ashtabula County,OH,3/18/2026 8:00,0.0005349137,0.0004610535,0.00024120587,
39007,Ashtabula County,OH,3/18/2026 9:00,0.00063628657,0.00038433753,0.0002555689,
39007,Ashtabula County,OH,3/18/2026 10:00,0.00067154935,0.00033452202,0.00027534415,
39007,Ashtabula County,OH,3/18/2026 11:00,0.00047894442,0.00033296377,0.00032628482,
39007,Ashtabula County,OH,3/18/2026 12:00,0.00044673902,0.00026930365,0.00030756334,
39007,Ashtabula County,OH,3/18/2026 13:00,0.0004610535,0.00021700423,0.00023340613,
39007,Ashtabula County,OH,3/18/2026 14:00,0.00038433753,0.0002867946,0.0001812973,
39007,Ashtabula County,OH,3/18/2026 15:00,0.00033452202,0.00025122438,0.0001026392,
39007,Ashtabula County,OH,3/18/2026 16:00,0.00033296377,0.00020589835,0.00012724452,
39007,Ashtabula County,OH,3/18/2026 17:00,0.00026930365,0.00019945309,0.00011749053,
39007,Ashtabula County,OH,3/18/2026 18:00,0.00021700423,0.00014078886,0.0001124821,
39007,Ashtabula County,OH,3/18/2026 19:00,0.0002867946,0.00015155104,0.00013541216,
39007,Ashtabula County,OH,3/18/2026 20:00,0.00025122438,0.00012456706,0.00019376655,
39007,Ashtabula County,OH,3/18/2026 21:00,0.00020589835,0.00013272904,0.00014249222,
39007,Ashtabula County,OH,3/18/2026 22:00,0.00019945309,0.00016334036,0.0001592502,
39007,Ashtabula County,OH,3/18/2026 23:00,0.00014078886,0.00017018926,0.00018532283,
39007,Ashtabula County,OH,3/19/2026 0:00,0.00015155104,0.0001671569,,
39007,Ashtabula County,OH,3/19/2026 1:00,0.00012456706,0.00018779867,,
39007,Ashtabula County,OH,3/19/2026 2:00,0.00013272904,0.00024120587,,
39007,Ashtabula County,OH,3/19/2026 3:00,0.00016334036,0.0002555689,,
39007,Ashtabula County,OH,3/19/2026 4:00,0.00017018926,0.00027534415,,
39007,Ashtabula County,OH,3/19/2026 5:00,0.0001671569,0.00032628482,,
39007,Ashtabula County,OH,3/19/2026 6:00,0.00018779867,0.00030756334,,
39007,Ashtabula County,OH,3/19/2026 7:00,0.00024120587,0.00023340613,,
39007,Ashtabula County,OH,3/19/2026 8:00,0.0002555689,0.0001812973,,
39007,Ashtabula County,OH,3/19/2026 9:00,0.00027534415,0.0001026392,,
39007,Ashtabula County,OH,3/19/2026 10:00,0.00032628482,0.00012724452,,
39007,Ashtabula County,OH,3/19/2026 11:00,0.00030756334,0.00011749053,,
39007,Ashtabula County,OH,3/19/2026 12:00,0.00023340613,0.0001124821,,
39007,Ashtabula County,OH,3/19/2026 13:00,0.0001812973,0.00013541216,,
39007,Ashtabula County,OH,3/19/2026 14:00,0.0001026392,0.00019376655,,
39007,Ashtabula County,OH,3/19/2026 15:00,0.00012724452,0.00014249222,,
39007,Ashtabula County,OH,3/19/2026 16:00,0.00011749053,0.0001592502,,
39007,Ashtabula County,OH,3/19/2026 17:00,0.0001124821,0.00018532283,,
39007,Ashtabula County,OH,3/19/2026 18:00,0.00013541216,,,
39007,Ashtabula County,OH,3/19/2026 19:00,0.00019376655,,,
39007,Ashtabula County,OH,3/19/2026 20:00,0.00014249222,,,
39007,Ashtabula County,OH,3/19/2026 21:00,0.0001592502,,,
39007,Ashtabula County,OH,3/19/2026 22:00,0.00018532283,,,
39007,Ashtabula County,OH,3/19/2026 23:00,,,,
39009,Athens County,OH,3/14/2026 0:00,0.006225429,0.004259656,0.00070332555,0.0025424894
39009,Athens County,OH,3/14/2026 1:00,0.0049943896,0.004211479,0.00060898677,0.0021827798
39009,Athens County,OH,3/14/2026 2:00,0.0043184645,0.0043129977,0.0005810239,0.0017573463
39009,Athens County,OH,3/14/2026 3:00,0.0041760225,0.004467196,0.00047464026,0.0013767577
39009,Athens County,OH,3/14/2026 4:00,0.0042473515,0.004525957,0.0005101068,0.0019145007
39009,Athens County,OH,3/14/2026 5:00,0.004259656,0.003956479,0.000613319,0.0034881658
39009,Athens County,OH,3/14/2026 6:00,0.004211479,0.0038122546,0.00070686534,0.0038334066
39009,Athens County,OH,3/14/2026 7:00,0.0043129977,0.003718518,0.0007947136,0.0035679117
39009,Athens County,OH,3/14/2026 8:00,0.004467196,0.003798882,0.00078936655,0.0033853808
39009,Athens County,OH,3/14/2026 9:00,0.004525957,0.0032073562,0.0008721055,0.003289571
39009,Athens County,OH,3/14/2026 10:00,0.003956479,0.0024799325,0.0010773573,0.0032586975
39009,Athens County,OH,3/14/2026 11:00,0.0038122546,0.0019168352,0.0012167599,0.0030223965
39009,Athens County,OH,3/14/2026 12:00,0.003718518,0.0017167,0.0014821156,0.0025036614
39009,Athens County,OH,3/14/2026 13:00,0.003798882,0.0015101938,0.0020236406,0.0020518408
39009,Athens County,OH,3/14/2026 14:00,0.0032073562,0.0012113736,0.0025275513,0.0017115728
39009,Athens County,OH,3/14/2026 15:00,0.0024799325,0.0010860342,0.002543738,0.0016491192
39009,Athens County,OH,3/14/2026 16:00,0.0019168352,0.0009417833,0.002730626,0.0022281518
39009,Athens County,OH,3/14/2026 17:00,0.0017167,0.00080507767,0.0033095456,0.003296782
39009,Athens County,OH,3/14/2026 18:00,0.0015101938,0.00070332555,0.0030838572,0.005271139
39009,Athens County,OH,3/14/2026 19:00,0.0012113736,0.00060898677,0.0026273443,0.006989116
39009,Athens County,OH,3/14/2026 20:00,0.0010860342,0.0005810239,0.002644408,0.007086901
39009,Athens County,OH,3/14/2026 21:00,0.0009417833,0.00047464026,0.0029870798,0.0069027753
39009,Athens County,OH,3/14/2026 22:00,0.00080507767,0.0005101068,0.0027665845,0.006361291
39009,Athens County,OH,3/14/2026 23:00,0.00070332555,0.000613319,0.0026617243,0.005728643
39009,Athens County,OH,3/15/2026 0:00,0.00060898677,0.00070686534,0.0025424894,0.004988792
39009,Athens County,OH,3/15/2026 1:00,0.0005810239,0.0007947136,0.0021827798,0.0040871454
39009,Athens County,OH,3/15/2026 2:00,0.00047464026,0.00078936655,0.0017573463,0.0032670456
39009,Athens County,OH,3/15/2026 3:00,0.0005101068,0.0008721055,0.0013767577,0.0029097463
39009,Athens County,OH,3/15/2026 4:00,0.000613319,0.0010773573,0.0019145007,0.0025925478
39009,Athens County,OH,3/15/2026 5:00,0.00070686534,0.0012167599,0.0034881658,0.0024894252
39009,Athens County,OH,3/15/2026 6:00,0.0007947136,0.0014821156,0.0038334066,0.0024415916
39009,Athens County,OH,3/15/2026 7:00,0.00078936655,0.0020236406,0.0035679117,0.0025222288
39009,Athens County,OH,3/15/2026 8:00,0.0008721055,0.0025275513,0.0033853808,0.0022124182
39009,Athens County,OH,3/15/2026 9:00,0.0010773573,0.002543738,0.003289571,0.0021123586
39009,Athens County,OH,3/15/2026 10:00,0.0012167599,0.002730626,0.0032586975,0.002045203
39009,Athens County,OH,3/15/2026 11:00,0.0014821156,0.0033095456,0.0030223965,0.0019554624
39009,Athens County,OH,3/15/2026 12:00,0.0020236406,0.0030838572,0.0025036614,0.0016252524
39009,Athens County,OH,3/15/2026 13:00,0.0025275513,0.0026273443,0.0020518408,0.0012665184
39009,Athens County,OH,3/15/2026 14:00,0.002543738,0.002644408,0.0017115728,0.00092979334
39009,Athens County,OH,3/15/2026 15:00,0.002730626,0.0029870798,0.0016491192,0.0007330029
39009,Athens County,OH,3/15/2026 16:00,0.0033095456,0.0027665845,0.0022281518,0.0006985296
39009,Athens County,OH,3/15/2026 17:00,0.0030838572,0.0026617243,0.003296782,0.0007423294
39009,Athens County,OH,3/15/2026 18:00,0.0026273443,0.0025424894,0.005271139,0.0006382886
39009,Athens County,OH,3/15/2026 19:00,0.002644408,0.0021827798,0.006989116,0.0004218064
39009,Athens County,OH,3/15/2026 20:00,0.0029870798,0.0017573463,0.007086901,0.00033229415
39009,Athens County,OH,3/15/2026 21:00,0.0027665845,0.0013767577,0.0069027753,0.00028534734
39009,Athens County,OH,3/15/2026 22:00,0.0026617243,0.0019145007,0.006361291,0.00026876963
39009,Athens County,OH,3/15/2026 23:00,0.0025424894,0.0034881658,0.005728643,0.00014768908
39009,Athens County,OH,3/16/2026 0:00,0.0021827798,0.0038334066,0.004988792,0.00014198768
39009,Athens County,OH,3/16/2026 1:00,0.0017573463,0.0035679117,0.0040871454,0.0002398905
39009,Athens County,OH,3/16/2026 2:00,0.0013767577,0.0033853808,0.0032670456,0.00019005434
39009,Athens County,OH,3/16/2026 3:00,0.0019145007,0.003289571,0.0029097463,0.00023965651
39009,Athens County,OH,3/16/2026 4:00,0.0034881658,0.0032586975,0.0025925478,0.0002624678
39009,Athens County,OH,3/16/2026 5:00,0.0038334066,0.0030223965,0.0024894252,0.00031238166
39009,Athens County,OH,3/16/2026 6:00,0.0035679117,0.0025036614,0.0024415916,0.00037686861
39009,Athens County,OH,3/16/2026 7:00,0.0033853808,0.0020518408,0.0025222288,0.000449821
39009,Athens County,OH,3/16/2026 8:00,0.003289571,0.0017115728,0.0022124182,0.0006298877
39009,Athens County,OH,3/16/2026 9:00,0.0032586975,0.0016491192,0.0021123586,0.00078726636
39009,Athens County,OH,3/16/2026 10:00,0.0030223965,0.0022281518,0.002045203,0.00096484844
39009,Athens County,OH,3/16/2026 11:00,0.0025036614,0.003296782,0.0019554624,0.0009152673
39009,Athens County,OH,3/16/2026 12:00,0.0020518408,0.005271139,0.0016252524,0.00079550064
39009,Athens County,OH,3/16/2026 13:00,0.0017115728,0.006989116,0.0012665184,0.0006975355
39009,Athens County,OH,3/16/2026 14:00,0.0016491192,0.007086901,0.00092979334,0.00054263487
39009,Athens County,OH,3/16/2026 15:00,0.0022281518,0.0069027753,0.0007330029,0.00042164567
39009,Athens County,OH,3/16/2026 16:00,0.003296782,0.006361291,0.0006985296,0.0003384781
39009,Athens County,OH,3/16/2026 17:00,0.005271139,0.005728643,0.0007423294,0.00022984805
39009,Athens County,OH,3/16/2026 18:00,0.006989116,0.004988792,0.0006382886,0.00024091879
39009,Athens County,OH,3/16/2026 19:00,0.007086901,0.0040871454,0.0004218064,6.518159e-05
39009,Athens County,OH,3/16/2026 20:00,0.0069027753,0.0032670456,0.00033229415,7.0950155e-05
39009,Athens County,OH,3/16/2026 21:00,0.006361291,0.0029097463,0.00028534734,5.2858886e-05
39009,Athens County,OH,3/16/2026 22:00,0.005728643,0.0025925478,0.00026876963,4.3336622e-05
39009,Athens County,OH,3/16/2026 23:00,0.004988792,0.0024894252,0.00014768908,4.1997246e-05
39009,Athens County,OH,3/17/2026 0:00,0.0040871454,0.0024415916,0.00014198768,2.9011346e-05
39009,Athens County,OH,3/17/2026 1:00,0.0032670456,0.0025222288,0.0002398905,2.8148655e-05
39009,Athens County,OH,3/17/2026 2:00,0.0029097463,0.0022124182,0.00019005434,2.3270637e-05
39009,Athens County,OH,3/17/2026 3:00,0.0025925478,0.0021123586,0.00023965651,3.4976016e-05
39009,Athens County,OH,3/17/2026 4:00,0.0024894252,0.002045203,0.0002624678,8.292819e-05
39009,Athens County,OH,3/17/2026 5:00,0.0024415916,0.0019554624,0.00031238166,0.00013433762
39009,Athens County,OH,3/17/2026 6:00,0.0025222288,0.0016252524,0.00037686861,0.00018444141
39009,Athens County,OH,3/17/2026 7:00,0.0022124182,0.0012665184,0.000449821,0.00023361012
39009,Athens County,OH,3/17/2026 8:00,0.0021123586,0.00092979334,0.0006298877,0.0004135531
39009,Athens County,OH,3/17/2026 9:00,0.002045203,0.0007330029,0.00078726636,0.0005256742
39009,Athens County,OH,3/17/2026 10:00,0.0019554624,0.0006985296,0.00096484844,0.0005682738
39009,Athens County,OH,3/17/2026 11:00,0.0016252524,0.0007423294,0.0009152673,0.00042882244
39009,Athens County,OH,3/17/2026 12:00,0.0012665184,0.0006382886,0.00079550064,0.00040786146
39009,Athens County,OH,3/17/2026 13:00,0.00092979334,0.0004218064,0.0006975355,0.00030381916
39009,Athens County,OH,3/17/2026 14:00,0.0007330029,0.00033229415,0.00054263487,0.0002104474
39009,Athens County,OH,3/17/2026 15:00,0.0006985296,0.00028534734,0.00042164567,0.00017734489
39009,Athens County,OH,3/17/2026 16:00,0.0007423294,0.00026876963,0.0003384781,0.0001295999
39009,Athens County,OH,3/17/2026 17:00,0.0006382886,0.00014768908,0.00022984805,0.00010044992
39009,Athens County,OH,3/17/2026 18:00,0.0004218064,0.00014198768,0.00024091879,0.00010123871
39009,Athens County,OH,3/17/2026 19:00,0.00033229415,0.0002398905,6.518159e-05,4.5007513e-05
39009,Athens County,OH,3/17/2026 20:00,0.00028534734,0.00019005434,7.0950155e-05,8.4514635e-05
39009,Athens County,OH,3/17/2026 21:00,0.00026876963,0.00023965651,5.2858886e-05,6.277497e-05
39009,Athens County,OH,3/17/2026 22:00,0.00014768908,0.0002624678,4.3336622e-05,7.943887e-05
39009,Athens County,OH,3/17/2026 23:00,0.00014198768,0.00031238166,4.1997246e-05,0.00013181886
39009,Athens County,OH,3/18/2026 0:00,0.0002398905,0.00037686861,2.9011346e-05,
39009,Athens County,OH,3/18/2026 1:00,0.00019005434,0.000449821,2.8148655e-05,
39009,Athens County,OH,3/18/2026 2:00,0.00023965651,0.0006298877,2.3270637e-05,
39009,Athens County,OH,3/18/2026 3:00,0.0002624678,0.00078726636,3.4976016e-05,
39009,Athens County,OH,3/18/2026 4:00,0.00031238166,0.00096484844,8.292819e-05,
39009,Athens County,OH,3/18/2026 5:00,0.00037686861,0.0009152673,0.00013433762,
39009,Athens County,OH,3/18/2026 6:00,0.000449821,0.00079550064,0.00018444141,
39009,Athens County,OH,3/18/2026 7:00,0.0006298877,0.0006975355,0.00023361012,
39009,Athens County,OH,3/18/2026 8:00,0.00078726636,0.00054263487,0.0004135531,
39009,Athens County,OH,3/18/2026 9:00,0.00096484844,0.00042164567,0.0005256742,
39009,Athens County,OH,3/18/2026 10:00,0.0009152673,0.0003384781,0.0005682738,
39009,Athens County,OH,3/18/2026 11:00,0.00079550064,0.00022984805,0.00042882244,
39009,Athens County,OH,3/18/2026 12:00,0.0006975355,0.00024091879,0.00040786146,
39009,Athens County,OH,3/18/2026 13:00,0.00054263487,6.518159e-05,0.00030381916,
39009,Athens County,OH,3/18/2026 14:00,0.00042164567,7.0950155e-05,0.0002104474,
39009,Athens County,OH,3/18/2026 15:00,0.0003384781,5.2858886e-05,0.00017734489,
39009,Athens County,OH,3/18/2026 16:00,0.00022984805,4.3336622e-05,0.0001295999,
39009,Athens County,OH,3/18/2026 17:00,0.00024091879,4.1997246e-05,0.00010044992,
39009,Athens County,OH,3/18/2026 18:00,6.518159e-05,2.9011346e-05,0.00010123871,
39009,Athens County,OH,3/18/2026 19:00,7.0950155e-05,2.8148655e-05,4.5007513e-05,
39009,Athens County,OH,3/18/2026 20:00,5.2858886e-05,2.3270637e-05,8.4514635e-05,
39009,Athens County,OH,3/18/2026 21:00,4.3336622e-05,3.4976016e-05,6.277497e-05,
39009,Athens County,OH,3/18/2026 22:00,4.1997246e-05,8.292819e-05,7.943887e-05,
39009,Athens County,OH,3/18/2026 23:00,2.9011346e-05,0.00013433762,0.00013181886,
39009,Athens County,OH,3/19/2026 0:00,2.8148655e-05,0.00018444141,,
39009,Athens County,OH,3/19/2026 1:00,2.3270637e-05,0.00023361012,,
39009,Athens County,OH,3/19/2026 2:00,3.4976016e-05,0.0004135531,,
39009,Athens County,OH,3/19/2026 3:00,8.292819e-05,0.0005256742,,
39009,Athens County,OH,3/19/2026 4:00,0.00013433762,0.0005682738,,
39009,Athens County,OH,3/19/2026 5:00,0.00018444141,0.00042882244,,
39009,Athens County,OH,3/19/2026 6:00,0.00023361012,0.00040786146,,
39009,Athens County,OH,3/19/2026 7:00,0.0004135531,0.00030381916,,
39009,Athens County,OH,3/19/2026 8:00,0.0005256742,0.0002104474,,
39009,Athens County,OH,3/19/2026 9:00,0.0005682738,0.00017734489,,
39009,Athens County,OH,3/19/2026 10:00,0.00042882244,0.0001295999,,
39009,Athens County,OH,3/19/2026 11:00,0.00040786146,0.00010044992,,
39009,Athens County,OH,3/19/2026 12:00,0.00030381916,0.00010123871,,
39009,Athens County,OH,3/19/2026 13:00,0.0002104474,4.5007513e-05,,
39009,Athens County,OH,3/19/2026 14:00,0.00017734489,8.4514635e-05,,
39009,Athens County,OH,3/19/2026 15:00,0.0001295999,6.277497e-05,,
39009,Athens County,OH,3/19/2026 16:00,0.00010044992,7.943887e-05,,
39009,Athens County,OH,3/19/2026 17:00,0.00010123871,0.00013181886,,
39009,Athens County,OH,3/19/2026 18:00,4.5007513e-05,,,
39009,Athens County,OH,3/19/2026 19:00,8.4514635e-05,,,
39009,Athens County,OH,3/19/2026 20:00,6.277497e-05,,,
39009,Athens County,OH,3/19/2026 21:00,7.943887e-05,,,
39009,Athens County,OH,3/19/2026 22:00,0.00013181886,,,
39009,Athens County,OH,3/19/2026 23:00,,,,
39011,Auglaize County,OH,3/14/2026 0:00,0.029202566,0.024077717,0.004869679,0.0024237034
39011,Auglaize County,OH,3/14/2026 1:00,0.026558781,0.02264131,0.004443691,0.0019534572
39011,Auglaize County,OH,3/14/2026 2:00,0.025194619,0.021475703,0.003877537,0.0026444132
39011,Auglaize County,OH,3/14/2026 3:00,0.024953565,0.021630919,0.0036439649,0.0029361313
39011,Auglaize County,OH,3/14/2026 4:00,0.024575738,0.020910088,0.0034266277,0.0031833248
39011,Auglaize County,OH,3/14/2026 5:00,0.024077717,0.018956041,0.0034205853,0.003061188
39011,Auglaize County,OH,3/14/2026 6:00,0.02264131,0.017674673,0.0033348952,0.0027457534
39011,Auglaize County,OH,3/14/2026 7:00,0.021475703,0.01604918,0.0033872263,0.0026635015
39011,Auglaize County,OH,3/14/2026 8:00,0.021630919,0.014618332,0.0033803168,0.00251754
39011,Auglaize County,OH,3/14/2026 9:00,0.020910088,0.013190113,0.0031769844,0.002201027
39011,Auglaize County,OH,3/14/2026 10:00,0.018956041,0.011570185,0.002980786,0.0020124712
39011,Auglaize County,OH,3/14/2026 11:00,0.017674673,0.01043296,0.0031431224,0.0017977157
39011,Auglaize County,OH,3/14/2026 12:00,0.01604918,0.00916139,0.003385372,0.0017556533
39011,Auglaize County,OH,3/14/2026 13:00,0.014618332,0.008141002,0.0045521217,0.0014425428
39011,Auglaize County,OH,3/14/2026 14:00,0.013190113,0.0072415667,0.0046530655,0.0012956135
39011,Auglaize County,OH,3/14/2026 15:00,0.011570185,0.006562003,0.004935752,0.0011456683
39011,Auglaize County,OH,3/14/2026 16:00,0.01043296,0.0058190105,0.004153617,0.0010814809
39011,Auglaize County,OH,3/14/2026 17:00,0.00916139,0.0051717926,0.003702996,0.0011193356
39011,Auglaize County,OH,3/14/2026 18:00,0.008141002,0.004869679,0.0036390056,0.0011218091
39011,Auglaize County,OH,3/14/2026 19:00,0.0072415667,0.004443691,0.0030834116,0.0013199095
39011,Auglaize County,OH,3/14/2026 20:00,0.006562003,0.003877537,0.002940198,0.0012630709
39011,Auglaize County,OH,3/14/2026 21:00,0.0058190105,0.0036439649,0.0025833123,0.0011413033
39011,Auglaize County,OH,3/14/2026 22:00,0.0051717926,0.0034266277,0.0022051642,0.0009625015
39011,Auglaize County,OH,3/14/2026 23:00,0.004869679,0.0034205853,0.0021975911,0.0008021108
39011,Auglaize County,OH,3/15/2026 0:00,0.004443691,0.0033348952,0.0024237034,0.00077924464
39011,Auglaize County,OH,3/15/2026 1:00,0.003877537,0.0033872263,0.0019534572,0.0006370357
39011,Auglaize County,OH,3/15/2026 2:00,0.0036439649,0.0033803168,0.0026444132,0.0006475609
39011,Auglaize County,OH,3/15/2026 3:00,0.0034266277,0.0031769844,0.0029361313,0.0006945303
39011,Auglaize County,OH,3/15/2026 4:00,0.0034205853,0.002980786,0.0031833248,0.0007561528
39011,Auglaize County,OH,3/15/2026 5:00,0.0033348952,0.0031431224,0.003061188,0.00084318116
39011,Auglaize County,OH,3/15/2026 6:00,0.0033872263,0.003385372,0.0027457534,0.0008879553
39011,Auglaize County,OH,3/15/2026 7:00,0.0033803168,0.0045521217,0.0026635015,0.0008785777
39011,Auglaize County,OH,3/15/2026 8:00,0.0031769844,0.0046530655,0.00251754,0.0009555843
39011,Auglaize County,OH,3/15/2026 9:00,0.002980786,0.004935752,0.002201027,0.0012092474
39011,Auglaize County,OH,3/15/2026 10:00,0.0031431224,0.004153617,0.0020124712,0.0013577845
39011,Auglaize County,OH,3/15/2026 11:00,0.003385372,0.003702996,0.0017977157,0.0012664801
39011,Auglaize County,OH,3/15/2026 12:00,0.0045521217,0.0036390056,0.0017556533,0.0009253665
39011,Auglaize County,OH,3/15/2026 13:00,0.0046530655,0.0030834116,0.0014425428,0.0007966878
39011,Auglaize County,OH,3/15/2026 14:00,0.004935752,0.002940198,0.0012956135,0.0007751733
39011,Auglaize County,OH,3/15/2026 15:00,0.004153617,0.0025833123,0.0011456683,0.0008779362
39011,Auglaize County,OH,3/15/2026 16:00,0.003702996,0.0022051642,0.0010814809,0.00087413186
39011,Auglaize County,OH,3/15/2026 17:00,0.0036390056,0.0021975911,0.0011193356,0.0008858889
39011,Auglaize County,OH,3/15/2026 18:00,0.0030834116,0.0024237034,0.0011218091,0.0006199249
39011,Auglaize County,OH,3/15/2026 19:00,0.002940198,0.0019534572,0.0013199095,0.0005542317
39011,Auglaize County,OH,3/15/2026 20:00,0.0025833123,0.0026444132,0.0012630709,0.000560333
39011,Auglaize County,OH,3/15/2026 21:00,0.0022051642,0.0029361313,0.0011413033,0.0006131275
39011,Auglaize County,OH,3/15/2026 22:00,0.0021975911,0.0031833248,0.0009625015,0.0005705954
39011,Auglaize County,OH,3/15/2026 23:00,0.0024237034,0.003061188,0.0008021108,0.00048665158
39011,Auglaize County,OH,3/16/2026 0:00,0.0019534572,0.0027457534,0.00077924464,0.0003170306
39011,Auglaize County,OH,3/16/2026 1:00,0.0026444132,0.0026635015,0.0006370357,0.00018182411
39011,Auglaize County,OH,3/16/2026 2:00,0.0029361313,0.00251754,0.0006475609,0.00024337407
39011,Auglaize County,OH,3/16/2026 3:00,0.0031833248,0.002201027,0.0006945303,0.00030954072
39011,Auglaize County,OH,3/16/2026 4:00,0.003061188,0.0020124712,0.0007561528,0.00041602302
39011,Auglaize County,OH,3/16/2026 5:00,0.0027457534,0.0017977157,0.00084318116,0.00050948054
39011,Auglaize County,OH,3/16/2026 6:00,0.0026635015,0.0017556533,0.0008879553,0.00057970086
39011,Auglaize County,OH,3/16/2026 7:00,0.00251754,0.0014425428,0.0008785777,0.0006082368
39011,Auglaize County,OH,3/16/2026 8:00,0.002201027,0.0012956135,0.0009555843,0.0006148342
39011,Auglaize County,OH,3/16/2026 9:00,0.0020124712,0.0011456683,0.0012092474,0.00061050034
39011,Auglaize County,OH,3/16/2026 10:00,0.0017977157,0.0010814809,0.0013577845,0.00053430593
39011,Auglaize County,OH,3/16/2026 11:00,0.0017556533,0.0011193356,0.0012664801,0.00049859576
39011,Auglaize County,OH,3/16/2026 12:00,0.0014425428,0.0011218091,0.0009253665,0.0004327983
39011,Auglaize County,OH,3/16/2026 13:00,0.0012956135,0.0013199095,0.0007966878,0.0003811998
39011,Auglaize County,OH,3/16/2026 14:00,0.0011456683,0.0012630709,0.0007751733,0.00036178646
39011,Auglaize County,OH,3/16/2026 15:00,0.0010814809,0.0011413033,0.0008779362,0.00031416593
39011,Auglaize County,OH,3/16/2026 16:00,0.0011193356,0.0009625015,0.00087413186,0.0002641675
39011,Auglaize County,OH,3/16/2026 17:00,0.0011218091,0.0008021108,0.0008858889,0.0001822398
39011,Auglaize County,OH,3/16/2026 18:00,0.0013199095,0.00077924464,0.0006199249,0.00017888276
39011,Auglaize County,OH,3/16/2026 19:00,0.0012630709,0.0006370357,0.0005542317,0.00016457756
39011,Auglaize County,OH,3/16/2026 20:00,0.0011413033,0.0006475609,0.000560333,0.00016131782
39011,Auglaize County,OH,3/16/2026 21:00,0.0009625015,0.0006945303,0.0006131275,0.00012057224
39011,Auglaize County,OH,3/16/2026 22:00,0.0008021108,0.0007561528,0.0005705954,0.00015382793
39011,Auglaize County,OH,3/16/2026 23:00,0.00077924464,0.00084318116,0.00048665158,0.00017784652
39011,Auglaize County,OH,3/17/2026 0:00,0.0006370357,0.0008879553,0.0003170306,0.00019029567
39011,Auglaize County,OH,3/17/2026 1:00,0.0006475609,0.0008785777,0.00018182411,0.00019985087
39011,Auglaize County,OH,3/17/2026 2:00,0.0006945303,0.0009555843,0.00024337407,0.00015454523
39011,Auglaize County,OH,3/17/2026 3:00,0.0007561528,0.0012092474,0.00030954072,0.00019590711
39011,Auglaize County,OH,3/17/2026 4:00,0.00084318116,0.0013577845,0.00041602302,0.0002493959
39011,Auglaize County,OH,3/17/2026 5:00,0.0008879553,0.0012664801,0.00050948054,0.000319728
39011,Auglaize County,OH,3/17/2026 6:00,0.0008785777,0.0009253665,0.00057970086,0.0003112617
39011,Auglaize County,OH,3/17/2026 7:00,0.0009555843,0.0007966878,0.0006082368,0.00023012095
39011,Auglaize County,OH,3/17/2026 8:00,0.0012092474,0.0007751733,0.0006148342,0.00027381539
39011,Auglaize County,OH,3/17/2026 9:00,0.0013577845,0.0008779362,0.00061050034,0.00036164492
39011,Auglaize County,OH,3/17/2026 10:00,0.0012664801,0.00087413186,0.00053430593,0.00035550052
39011,Auglaize County,OH,3/17/2026 11:00,0.0009253665,0.0008858889,0.00049859576,0.00044171154
39011,Auglaize County,OH,3/17/2026 12:00,0.0007966878,0.0006199249,0.0004327983,0.00041840423
39011,Auglaize County,OH,3/17/2026 13:00,0.0007751733,0.0005542317,0.0003811998,0.00037453053
39011,Auglaize County,OH,3/17/2026 14:00,0.0008779362,0.000560333,0.00036178646,0.00027734457
39011,Auglaize County,OH,3/17/2026 15:00,0.00087413186,0.0006131275,0.00031416593,0.00036392178
39011,Auglaize County,OH,3/17/2026 16:00,0.0008858889,0.0005705954,0.0002641675,0.00029847774
39011,Auglaize County,OH,3/17/2026 17:00,0.0006199249,0.00048665158,0.0001822398,0.00029929902
39011,Auglaize County,OH,3/17/2026 18:00,0.0005542317,0.0003170306,0.00017888276,0.0002858409
39011,Auglaize County,OH,3/17/2026 19:00,0.000560333,0.00018182411,0.00016457756,0.00020750817
39011,Auglaize County,OH,3/17/2026 20:00,0.0006131275,0.00024337407,0.00016131782,0.00024775788
39011,Auglaize County,OH,3/17/2026 21:00,0.0005705954,0.00030954072,0.00012057224,0.0002625778
39011,Auglaize County,OH,3/17/2026 22:00,0.00048665158,0.00041602302,0.00015382793,0.0002729667
39011,Auglaize County,OH,3/17/2026 23:00,0.0003170306,0.00050948054,0.00017784652,0.00023749522
39011,Auglaize County,OH,3/18/2026 0:00,0.00018182411,0.00057970086,0.00019029567,
39011,Auglaize County,OH,3/18/2026 1:00,0.00024337407,0.0006082368,0.00019985087,
39011,Auglaize County,OH,3/18/2026 2:00,0.00030954072,0.0006148342,0.00015454523,
39011,Auglaize County,OH,3/18/2026 3:00,0.00041602302,0.00061050034,0.00019590711,
39011,Auglaize County,OH,3/18/2026 4:00,0.00050948054,0.00053430593,0.0002493959,
39011,Auglaize County,OH,3/18/2026 5:00,0.00057970086,0.00049859576,0.000319728,
39011,Auglaize County,OH,3/18/2026 6:00,0.0006082368,0.0004327983,0.0003112617,
39011,Auglaize County,OH,3/18/2026 7:00,0.0006148342,0.0003811998,0.00023012095,
39011,Auglaize County,OH,3/18/2026 8:00,0.00061050034,0.00036178646,0.00027381539,
39011,Auglaize County,OH,3/18/2026 9:00,0.00053430593,0.00031416593,0.00036164492,
39011,Auglaize County,OH,3/18/2026 10:00,0.00049859576,0.0002641675,0.00035550052,
39011,Auglaize County,OH,3/18/2026 11:00,0.0004327983,0.0001822398,0.00044171154,
39011,Auglaize County,OH,3/18/2026 12:00,0.0003811998,0.00017888276,0.00041840423,
39011,Auglaize County,OH,3/18/2026 13:00,0.00036178646,0.00016457756,0.00037453053,
39011,Auglaize County,OH,3/18/2026 14:00,0.00031416593,0.00016131782,0.00027734457,
39011,Auglaize County,OH,3/18/2026 15:00,0.0002641675,0.00012057224,0.00036392178,
39011,Auglaize County,OH,3/18/2026 16:00,0.0001822398,0.00015382793,0.00029847774,
39011,Auglaize County,OH,3/18/2026 17:00,0.00017888276,0.00017784652,0.00029929902,
39011,Auglaize County,OH,3/18/2026 18:00,0.00016457756,0.00019029567,0.0002858409,
39011,Auglaize County,OH,3/18/2026 19:00,0.00016131782,0.00019985087,0.00020750817,
39011,Auglaize County,OH,3/18/2026 20:00,0.00012057224,0.00015454523,0.00024775788,
39011,Auglaize County,OH,3/18/2026 21:00,0.00015382793,0.00019590711,0.0002625778,
39011,Auglaize County,OH,3/18/2026 22:00,0.00017784652,0.0002493959,0.0002729667,
39011,Auglaize County,OH,3/18/2026 23:00,0.00019029567,0.000319728,0.00023749522,
39011,Auglaize County,OH,3/19/2026 0:00,0.00019985087,0.0003112617,,
39011,Auglaize County,OH,3/19/2026 1:00,0.00015454523,0.00023012095,,
39011,Auglaize County,OH,3/19/2026 2:00,0.00019590711,0.00027381539,,
39011,Auglaize County,OH,3/19/2026 3:00,0.0002493959,0.00036164492,,
39011,Auglaize County,OH,3/19/2026 4:00,0.000319728,0.00035550052,,
39011,Auglaize County,OH,3/19/2026 5:00,0.0003112617,0.00044171154,,
39011,Auglaize County,OH,3/19/2026 6:00,0.00023012095,0.00041840423,,
39011,Auglaize County,OH,3/19/2026 7:00,0.00027381539,0.00037453053,,
39011,Auglaize County,OH,3/19/2026 8:00,0.00036164492,0.00027734457,,
39011,Auglaize County,OH,3/19/2026 9:00,0.00035550052,0.00036392178,,
39011,Auglaize County,OH,3/19/2026 10:00,0.00044171154,0.00029847774,,
39011,Auglaize County,OH,3/19/2026 11:00,0.00041840423,0.00029929902,,
39011,Auglaize County,OH,3/19/2026 12:00,0.00037453053,0.0002858409,,
39011,Auglaize County,OH,3/19/2026 13:00,0.00027734457,0.00020750817,,
39011,Auglaize County,OH,3/19/2026 14:00,0.00036392178,0.00024775788,,
39011,Auglaize County,OH,3/19/2026 15:00,0.00029847774,0.0002625778,,
39011,Auglaize County,OH,3/19/2026 16:00,0.00029929902,0.0002729667,,
39011,Auglaize County,OH,3/19/2026 17:00,0.0002858409,0.00023749522,,
39011,Auglaize County,OH,3/19/2026 18:00,0.00020750817,,,
39011,Auglaize County,OH,3/19/2026 19:00,0.00024775788,,,
39011,Auglaize County,OH,3/19/2026 20:00,0.0002625778,,,
39011,Auglaize County,OH,3/19/2026 21:00,0.0002729667,,,
39011,Auglaize County,OH,3/19/2026 22:00,0.00023749522,,,
39011,Auglaize County,OH,3/19/2026 23:00,,,,
39013,Belmont County,OH,3/14/2026 0:00,0.12536027,0.11393913,0.03775809,0.009015222
39013,Belmont County,OH,3/14/2026 1:00,0.11911164,0.11210599,0.035660073,0.008725716
39013,Belmont County,OH,3/14/2026 2:00,0.117900126,0.108503245,0.033762157,0.008307848
39013,Belmont County,OH,3/14/2026 3:00,0.117027506,0.10440193,0.032850318,0.00810253
39013,Belmont County,OH,3/14/2026 4:00,0.115924664,0.10059085,0.031107098,0.007739088
39013,Belmont County,OH,3/14/2026 5:00,0.11393913,0.09560853,0.029702006,0.007703034
39013,Belmont County,OH,3/14/2026 6:00,0.11210599,0.09089545,0.028851556,0.009153123
39013,Belmont County,OH,3/14/2026 7:00,0.108503245,0.08482152,0.027640615,0.009173758
39013,Belmont County,OH,3/14/2026 8:00,0.10440193,0.081067815,0.026254097,0.0088050775
39013,Belmont County,OH,3/14/2026 9:00,0.10059085,0.07678072,0.025604585,0.010159727
39013,Belmont County,OH,3/14/2026 10:00,0.09560853,0.07200818,0.02538916,0.010354986
39013,Belmont County,OH,3/14/2026 11:00,0.09089545,0.06787494,0.02432505,0.010855879
39013,Belmont County,OH,3/14/2026 12:00,0.08482152,0.06260531,0.023072831,0.010401307
39013,Belmont County,OH,3/14/2026 13:00,0.081067815,0.058588576,0.02126785,0.0090830065
39013,Belmont County,OH,3/14/2026 14:00,0.07678072,0.051427826,0.019821618,0.0078066285
39013,Belmont County,OH,3/14/2026 15:00,0.07200818,0.047679126,0.017092038,0.005881123
39013,Belmont County,OH,3/14/2026 16:00,0.06787494,0.043446217,0.015976101,0.004961502
39013,Belmont County,OH,3/14/2026 17:00,0.06260531,0.04064299,0.015232728,0.004018314
39013,Belmont County,OH,3/14/2026 18:00,0.058588576,0.03775809,0.014697372,0.003348346
39013,Belmont County,OH,3/14/2026 19:00,0.051427826,0.035660073,0.012899434,0.0033226
39013,Belmont County,OH,3/14/2026 20:00,0.047679126,0.033762157,0.011625107,0.004080206
39013,Belmont County,OH,3/14/2026 21:00,0.043446217,0.032850318,0.010501988,0.003998427
39013,Belmont County,OH,3/14/2026 22:00,0.04064299,0.031107098,0.010094011,0.0036771996
39013,Belmont County,OH,3/14/2026 23:00,0.03775809,0.029702006,0.009485902,0.0032613217
39013,Belmont County,OH,3/15/2026 0:00,0.035660073,0.028851556,0.009015222,0.0028190748
39013,Belmont County,OH,3/15/2026 1:00,0.033762157,0.027640615,0.008725716,0.0025516513
39013,Belmont County,OH,3/15/2026 2:00,0.032850318,0.026254097,0.008307848,0.0019671917
39013,Belmont County,OH,3/15/2026 3:00,0.031107098,0.025604585,0.00810253,0.002040638
39013,Belmont County,OH,3/15/2026 4:00,0.029702006,0.02538916,0.007739088,0.0019977458
39013,Belmont County,OH,3/15/2026 5:00,0.028851556,0.02432505,0.007703034,0.0021248744
39013,Belmont County,OH,3/15/2026 6:00,0.027640615,0.023072831,0.009153123,0.0025498269
39013,Belmont County,OH,3/15/2026 7:00,0.026254097,0.02126785,0.009173758,0.0026433887
39013,Belmont County,OH,3/15/2026 8:00,0.025604585,0.019821618,0.0088050775,0.0023511488
39013,Belmont County,OH,3/15/2026 9:00,0.02538916,0.017092038,0.010159727,0.0023762744
39013,Belmont County,OH,3/15/2026 10:00,0.02432505,0.015976101,0.010354986,0.0023024958
39013,Belmont County,OH,3/15/2026 11:00,0.023072831,0.015232728,0.010855879,0.0022143996
39013,Belmont County,OH,3/15/2026 12:00,0.02126785,0.014697372,0.010401307,0.002043403
39013,Belmont County,OH,3/15/2026 13:00,0.019821618,0.012899434,0.0090830065,0.0018581889
39013,Belmont County,OH,3/15/2026 14:00,0.017092038,0.011625107,0.0078066285,0.00150847
39013,Belmont County,OH,3/15/2026 15:00,0.015976101,0.010501988,0.005881123,0.00153822
39013,Belmont County,OH,3/15/2026 16:00,0.015232728,0.010094011,0.004961502,0.00120762
39013,Belmont County,OH,3/15/2026 17:00,0.014697372,0.009485902,0.004018314,0.0010212495
39013,Belmont County,OH,3/15/2026 18:00,0.012899434,0.009015222,0.003348346,0.0010159917
39013,Belmont County,OH,3/15/2026 19:00,0.011625107,0.008725716,0.0033226,0.0009025142
39013,Belmont County,OH,3/15/2026 20:00,0.010501988,0.008307848,0.004080206,0.0006073197
39013,Belmont County,OH,3/15/2026 21:00,0.010094011,0.00810253,0.003998427,0.0005496136
39013,Belmont County,OH,3/15/2026 22:00,0.009485902,0.007739088,0.0036771996,0.0006553588
39013,Belmont County,OH,3/15/2026 23:00,0.009015222,0.007703034,0.0032613217,0.00064288947
39013,Belmont County,OH,3/16/2026 0:00,0.008725716,0.009153123,0.0028190748,0.0003085067
39013,Belmont County,OH,3/16/2026 1:00,0.008307848,0.009173758,0.0025516513,0.00021585367
39013,Belmont County,OH,3/16/2026 2:00,0.00810253,0.0088050775,0.0019671917,0.00024286778
39013,Belmont County,OH,3/16/2026 3:00,0.007739088,0.010159727,0.002040638,0.0002781116
39013,Belmont County,OH,3/16/2026 4:00,0.007703034,0.010354986,0.0019977458,0.00032023358
39013,Belmont County,OH,3/16/2026 5:00,0.009153123,0.010855879,0.0021248744,0.00031216381
39013,Belmont County,OH,3/16/2026 6:00,0.009173758,0.010401307,0.0025498269,0.00040279643
39013,Belmont County,OH,3/16/2026 7:00,0.0088050775,0.0090830065,0.0026433887,0.0004686055
39013,Belmont County,OH,3/16/2026 8:00,0.010159727,0.0078066285,0.0023511488,0.0005920578
39013,Belmont County,OH,3/16/2026 9:00,0.010354986,0.005881123,0.0023762744,0.0006732212
39013,Belmont County,OH,3/16/2026 10:00,0.010855879,0.004961502,0.0023024958,0.0008638014
39013,Belmont County,OH,3/16/2026 11:00,0.010401307,0.004018314,0.0022143996,0.00084760773
39013,Belmont County,OH,3/16/2026 12:00,0.0090830065,0.003348346,0.002043403,0.00076567486
39013,Belmont County,OH,3/16/2026 13:00,0.0078066285,0.0033226,0.0018581889,0.00080550247
39013,Belmont County,OH,3/16/2026 14:00,0.005881123,0.004080206,0.00150847,0.00080284185
39013,Belmont County,OH,3/16/2026 15:00,0.004961502,0.003998427,0.00153822,0.0007022993
39013,Belmont County,OH,3/16/2026 16:00,0.004018314,0.0036771996,0.00120762,0.00043920067
39013,Belmont County,OH,3/16/2026 17:00,0.003348346,0.0032613217,0.0010212495,0.00028012737
39013,Belmont County,OH,3/16/2026 18:00,0.0033226,0.0028190748,0.0010159917,0.00023518447
39013,Belmont County,OH,3/16/2026 19:00,0.004080206,0.0025516513,0.0009025142,0.00021883806
39013,Belmont County,OH,3/16/2026 20:00,0.003998427,0.0019671917,0.0006073197,7.9283156e-05
39013,Belmont County,OH,3/16/2026 21:00,0.0036771996,0.002040638,0.0005496136,6.367462e-05
39013,Belmont County,OH,3/16/2026 22:00,0.0032613217,0.0019977458,0.0006553588,5.2546708e-05
39013,Belmont County,OH,3/16/2026 23:00,0.0028190748,0.0021248744,0.00064288947,0.000121469944
39013,Belmont County,OH,3/17/2026 0:00,0.0025516513,0.0025498269,0.0003085067,0.00015009516
39013,Belmont County,OH,3/17/2026 1:00,0.0019671917,0.0026433887,0.00021585367,8.388004e-05
39013,Belmont County,OH,3/17/2026 2:00,0.002040638,0.0023511488,0.00024286778,0.00013644242
39013,Belmont County,OH,3/17/2026 3:00,0.0019977458,0.0023762744,0.0002781116,0.00011256792
39013,Belmont County,OH,3/17/2026 4:00,0.0021248744,0.0023024958,0.00032023358,0.00013536518
39013,Belmont County,OH,3/17/2026 5:00,0.0025498269,0.0022143996,0.00031216381,0.00020649159
39013,Belmont County,OH,3/17/2026 6:00,0.0026433887,0.002043403,0.00040279643,0.00021836317
39013,Belmont County,OH,3/17/2026 7:00,0.0023511488,0.0018581889,0.0004686055,0.00020620541
39013,Belmont County,OH,3/17/2026 8:00,0.0023762744,0.00150847,0.0005920578,0.00025400013
39013,Belmont County,OH,3/17/2026 9:00,0.0023024958,0.00153822,0.0006732212,0.00030664474
39013,Belmont County,OH,3/17/2026 10:00,0.0022143996,0.00120762,0.0008638014,0.0003515379
39013,Belmont County,OH,3/17/2026 11:00,0.002043403,0.0010212495,0.00084760773,0.00040047755
39013,Belmont County,OH,3/17/2026 12:00,0.0018581889,0.0010159917,0.00076567486,0.00048880046
39013,Belmont County,OH,3/17/2026 13:00,0.00150847,0.0009025142,0.00080550247,0.00046169458
39013,Belmont County,OH,3/17/2026 14:00,0.00153822,0.0006073197,0.00080284185,0.00038147552
39013,Belmont County,OH,3/17/2026 15:00,0.00120762,0.0005496136,0.0007022993,0.0002949903
39013,Belmont County,OH,3/17/2026 16:00,0.0010212495,0.0006553588,0.00043920067,0.00018806242
39013,Belmont County,OH,3/17/2026 17:00,0.0010159917,0.00064288947,0.00028012737,0.000109304885
39013,Belmont County,OH,3/17/2026 18:00,0.0009025142,0.0003085067,0.00023518447,3.2008422e-05
39013,Belmont County,OH,3/17/2026 19:00,0.0006073197,0.00021585367,0.00021883806,3.2163537e-06
39013,Belmont County,OH,3/17/2026 20:00,0.0005496136,0.00024286778,7.9283156e-05,3.6892776e-05
39013,Belmont County,OH,3/17/2026 21:00,0.0006553588,0.0002781116,6.367462e-05,6.662989e-05
39013,Belmont County,OH,3/17/2026 22:00,0.00064288947,0.00032023358,5.2546708e-05,5.1314222e-05
39013,Belmont County,OH,3/17/2026 23:00,0.0003085067,0.00031216381,0.000121469944,5.493041e-05
39013,Belmont County,OH,3/18/2026 0:00,0.00021585367,0.00040279643,0.00015009516,
39013,Belmont County,OH,3/18/2026 1:00,0.00024286778,0.0004686055,8.388004e-05,
39013,Belmont County,OH,3/18/2026 2:00,0.0002781116,0.0005920578,0.00013644242,
39013,Belmont County,OH,3/18/2026 3:00,0.00032023358,0.0006732212,0.00011256792,
39013,Belmont County,OH,3/18/2026 4:00,0.00031216381,0.0008638014,0.00013536518,
39013,Belmont County,OH,3/18/2026 5:00,0.00040279643,0.00084760773,0.00020649159,
39013,Belmont County,OH,3/18/2026 6:00,0.0004686055,0.00076567486,0.00021836317,
39013,Belmont County,OH,3/18/2026 7:00,0.0005920578,0.00080550247,0.00020620541,
39013,Belmont County,OH,3/18/2026 8:00,0.0006732212,0.00080284185,0.00025400013,
39013,Belmont County,OH,3/18/2026 9:00,0.0008638014,0.0007022993,0.00030664474,
39013,Belmont County,OH,3/18/2026 10:00,0.00084760773,0.00043920067,0.0003515379,
39013,Belmont County,OH,3/18/2026 11:00,0.00076567486,0.00028012737,0.00040047755,
39013,Belmont County,OH,3/18/2026 12:00,0.00080550247,0.00023518447,0.00048880046,
39013,Belmont County,OH,3/18/2026 13:00,0.00080284185,0.00021883806,0.00046169458,
39013,Belmont County,OH,3/18/2026 14:00,0.0007022993,7.9283156e-05,0.00038147552,
39013,Belmont County,OH,3/18/2026 15:00,0.00043920067,6.367462e-05,0.0002949903,
39013,Belmont County,OH,3/18/2026 16:00,0.00028012737,5.2546708e-05,0.00018806242,
39013,Belmont County,OH,3/18/2026 17:00,0.00023518447,0.000121469944,0.000109304885,
39013,Belmont County,OH,3/18/2026 18:00,0.00021883806,0.00015009516,3.2008422e-05,
39013,Belmont County,OH,3/18/2026 19:00,7.9283156e-05,8.388004e-05,3.2163537e-06,
39013,Belmont County,OH,3/18/2026 20:00,6.367462e-05,0.00013644242,3.6892776e-05,
39013,Belmont County,OH,3/18/2026 21:00,5.2546708e-05,0.00011256792,6.662989e-05,
39013,Belmont County,OH,3/18/2026 22:00,0.000121469944,0.00013536518,5.1314222e-05,
39013,Belmont County,OH,3/18/2026 23:00,0.00015009516,0.00020649159,5.493041e-05,
39013,Belmont County,OH,3/19/2026 0:00,8.388004e-05,0.00021836317,,
39013,Belmont County,OH,3/19/2026 1:00,0.00013644242,0.00020620541,,
39013,Belmont County,OH,3/19/2026 2:00,0.00011256792,0.00025400013,,
39013,Belmont County,OH,3/19/2026 3:00,0.00013536518,0.00030664474,,
39013,Belmont County,OH,3/19/2026 4:00,0.00020649159,0.0003515379,,
39013,Belmont County,OH,3/19/2026 5:00,0.00021836317,0.00040047755,,
39013,Belmont County,OH,3/19/2026 6:00,0.00020620541,0.00048880046,,
39013,Belmont County,OH,3/19/2026 7:00,0.00025400013,0.00046169458,,
39013,Belmont County,OH,3/19/2026 8:00,0.00030664474,0.00038147552,,
39013,Belmont County,OH,3/19/2026 9:00,0.0003515379,0.0002949903,,
39013,Belmont County,OH,3/19/2026 10:00,0.00040047755,0.00018806242,,
39013,Belmont County,OH,3/19/2026 11:00,0.00048880046,0.000109304885,,
39013,Belmont County,OH,3/19/2026 12:00,0.00046169458,3.2008422e-05,,
39013,Belmont County,OH,3/19/2026 13:00,0.00038147552,3.2163537e-06,,
39013,Belmont County,OH,3/19/2026 14:00,0.0002949903,3.6892776e-05,,
39013,Belmont County,OH,3/19/2026 15:00,0.00018806242,6.662989e-05,,
39013,Belmont County,OH,3/19/2026 16:00,0.000109304885,5.1314222e-05,,
39013,Belmont County,OH,3/19/2026 17:00,3.2008422e-05,5.493041e-05,,
39013,Belmont County,OH,3/19/2026 18:00,3.2163537e-06,,,
39013,Belmont County,OH,3/19/2026 19:00,3.6892776e-05,,,
39013,Belmont County,OH,3/19/2026 20:00,6.662989e-05,,,
39013,Belmont County,OH,3/19/2026 21:00,5.1314222e-05,,,
39013,Belmont County,OH,3/19/2026 22:00,5.493041e-05,,,
39013,Belmont County,OH,3/19/2026 23:00,,,,
39015,Brown County,OH,3/14/2026 0:00,0.0005395612,0.00022102868,0.0001091398,0.001822032
39015,Brown County,OH,3/14/2026 1:00,0.0003872738,0.0003115434,8.827592e-05,0.0019412495
39015,Brown County,OH,3/14/2026 2:00,0.00013445209,0.00029413,4.6773697e-05,0.0021650488
39015,Brown County,OH,3/14/2026 3:00,0.00011868138,0.00039917236,2.595457e-05,0.0022645593
39015,Brown County,OH,3/14/2026 4:00,0.00012132039,0.00042774752,3.09354e-05,0.0020414935
39015,Brown County,OH,3/14/2026 5:00,0.00022102868,0.00043019076,7.95293e-05,0.0023342082
39015,Brown County,OH,3/14/2026 6:00,0.0003115434,0.0005315846,0.00014079583,0.0023920513
39015,Brown County,OH,3/14/2026 7:00,0.00029413,0.00041730222,0.00023170304,0.0021583792
39015,Brown County,OH,3/14/2026 8:00,0.00039917236,0.0004646707,0.00030654043,0.0021245065
39015,Brown County,OH,3/14/2026 9:00,0.00042774752,0.0004940547,0.00042331126,0.0018575892
39015,Brown County,OH,3/14/2026 10:00,0.00043019076,0.00036335154,0.00050798245,0.001741943
39015,Brown County,OH,3/14/2026 11:00,0.0005315846,0.00029853213,0.0010763227,0.0013404007
39015,Brown County,OH,3/14/2026 12:00,0.00041730222,0.00040574465,0.0016799318,0.0011865622
39015,Brown County,OH,3/14/2026 13:00,0.0004646707,0.00047570493,0.0030534125,0.0009630794
39015,Brown County,OH,3/14/2026 14:00,0.0004940547,0.00051346864,0.0038039915,0.00086997123
39015,Brown County,OH,3/14/2026 15:00,0.00036335154,0.00045069476,0.004034559,0.00080347597
39015,Brown County,OH,3/14/2026 16:00,0.00029853213,0.00033793345,0.0037142597,0.0007819334
39015,Brown County,OH,3/14/2026 17:00,0.00040574465,0.0002436254,0.0035712835,0.0008281966
39015,Brown County,OH,3/14/2026 18:00,0.00047570493,0.0001091398,0.003359123,0.00088233105
39015,Brown County,OH,3/14/2026 19:00,0.00051346864,8.827592e-05,0.0029435963,0.00090358115
39015,Brown County,OH,3/14/2026 20:00,0.00045069476,4.6773697e-05,0.0028734717,0.00064827874
39015,Brown County,OH,3/14/2026 21:00,0.00033793345,2.595457e-05,0.0025020565,0.00053273194
39015,Brown County,OH,3/14/2026 22:00,0.0002436254,3.09354e-05,0.0020798552,0.0004044178
39015,Brown County,OH,3/14/2026 23:00,0.0001091398,7.95293e-05,0.0018319355,0.0002921876
39015,Brown County,OH,3/15/2026 0:00,8.827592e-05,0.00014079583,0.001822032,0.00037217373
39015,Brown County,OH,3/15/2026 1:00,4.6773697e-05,0.00023170304,0.0019412495,0.00045606884
39015,Brown County,OH,3/15/2026 2:00,2.595457e-05,0.00030654043,0.0021650488,0.00029153726
39015,Brown County,OH,3/15/2026 3:00,3.09354e-05,0.00042331126,0.0022645593,0.00026157015
39015,Brown County,OH,3/15/2026 4:00,7.95293e-05,0.00050798245,0.0020414935,0.00025957948
39015,Brown County,OH,3/15/2026 5:00,0.00014079583,0.0010763227,0.0023342082,0.00031931957
39015,Brown County,OH,3/15/2026 6:00,0.00023170304,0.0016799318,0.0023920513,0.00033636676
39015,Brown County,OH,3/15/2026 7:00,0.00030654043,0.0030534125,0.0021583792,0.0005161767
39015,Brown County,OH,3/15/2026 8:00,0.00042331126,0.0038039915,0.0021245065,0.00068269257
39015,Brown County,OH,3/15/2026 9:00,0.00050798245,0.004034559,0.0018575892,0.0006665877
39015,Brown County,OH,3/15/2026 10:00,0.0010763227,0.0037142597,0.001741943,0.00061515113
39015,Brown County,OH,3/15/2026 11:00,0.0016799318,0.0035712835,0.0013404007,0.0006122367
39015,Brown County,OH,3/15/2026 12:00,0.0030534125,0.003359123,0.0011865622,0.0005280783
39015,Brown County,OH,3/15/2026 13:00,0.0038039915,0.0029435963,0.0009630794,0.0004335075
39015,Brown County,OH,3/15/2026 14:00,0.004034559,0.0028734717,0.00086997123,0.0003601656
39015,Brown County,OH,3/15/2026 15:00,0.0037142597,0.0025020565,0.00080347597,0.00028528212
39015,Brown County,OH,3/15/2026 16:00,0.0035712835,0.0020798552,0.0007819334,0.00029129817
39015,Brown County,OH,3/15/2026 17:00,0.003359123,0.0018319355,0.0008281966,0.00030325993
39015,Brown County,OH,3/15/2026 18:00,0.0029435963,0.001822032,0.00088233105,0.00017632835
39015,Brown County,OH,3/15/2026 19:00,0.0028734717,0.0019412495,0.00090358115,0.00018566403
39015,Brown County,OH,3/15/2026 20:00,0.0025020565,0.0021650488,0.00064827874,0.00018113332
39015,Brown County,OH,3/15/2026 21:00,0.0020798552,0.0022645593,0.00053273194,0.00018784385
39015,Brown County,OH,3/15/2026 22:00,0.0018319355,0.0020414935,0.0004044178,0.0001833363
39015,Brown County,OH,3/15/2026 23:00,0.001822032,0.0023342082,0.0002921876,0.00018167967
39015,Brown County,OH,3/16/2026 0:00,0.0019412495,0.0023920513,0.00037217373,0.0001597315
39015,Brown County,OH,3/16/2026 1:00,0.0021650488,0.0021583792,0.00045606884,0.00018578312
39015,Brown County,OH,3/16/2026 2:00,0.0022645593,0.0021245065,0.00029153726,0.00018922331
39015,Brown County,OH,3/16/2026 3:00,0.0020414935,0.0018575892,0.00026157015,0.00022605016
39015,Brown County,OH,3/16/2026 4:00,0.0023342082,0.001741943,0.00025957948,0.0002487778
39015,Brown County,OH,3/16/2026 5:00,0.0023920513,0.0013404007,0.00031931957,0.0002834044
39015,Brown County,OH,3/16/2026 6:00,0.0021583792,0.0011865622,0.00033636676,0.0003147649
39015,Brown County,OH,3/16/2026 7:00,0.0021245065,0.0009630794,0.0005161767,0.00040165242
39015,Brown County,OH,3/16/2026 8:00,0.0018575892,0.00086997123,0.00068269257,0.00044590584
39015,Brown County,OH,3/16/2026 9:00,0.001741943,0.00080347597,0.0006665877,0.00052444224
39015,Brown County,OH,3/16/2026 10:00,0.0013404007,0.0007819334,0.00061515113,0.0005366619
39015,Brown County,OH,3/16/2026 11:00,0.0011865622,0.0008281966,0.0006122367,0.0005674477
39015,Brown County,OH,3/16/2026 12:00,0.0009630794,0.00088233105,0.0005280783,0.00045873525
39015,Brown County,OH,3/16/2026 13:00,0.00086997123,0.00090358115,0.0004335075,0.00041301074
39015,Brown County,OH,3/16/2026 14:00,0.00080347597,0.00064827874,0.0003601656,0.00037541133
39015,Brown County,OH,3/16/2026 15:00,0.0007819334,0.00053273194,0.00028528212,0.00039464742
39015,Brown County,OH,3/16/2026 16:00,0.0008281966,0.0004044178,0.00029129817,0.0003145242
39015,Brown County,OH,3/16/2026 17:00,0.00088233105,0.0002921876,0.00030325993,0.00027864875
39015,Brown County,OH,3/16/2026 18:00,0.00090358115,0.00037217373,0.00017632835,0.00029753087
39015,Brown County,OH,3/16/2026 19:00,0.00064827874,0.00045606884,0.00018566403,0.0002534417
39015,Brown County,OH,3/16/2026 20:00,0.00053273194,0.00029153726,0.00018113332,0.0002482511
39015,Brown County,OH,3/16/2026 21:00,0.0004044178,0.00026157015,0.00018784385,0.0001855559
39015,Brown County,OH,3/16/2026 22:00,0.0002921876,0.00025957948,0.0001833363,0.00023535344
39015,Brown County,OH,3/16/2026 23:00,0.00037217373,0.00031931957,0.00018167967,0.00023617159
39015,Brown County,OH,3/17/2026 0:00,0.00045606884,0.00033636676,0.0001597315,0.00013882664
39015,Brown County,OH,3/17/2026 1:00,0.00029153726,0.0005161767,0.00018578312,0.00017899045
39015,Brown County,OH,3/17/2026 2:00,0.00026157015,0.00068269257,0.00018922331,0.00015706781
39015,Brown County,OH,3/17/2026 3:00,0.00025957948,0.0006665877,0.00022605016,0.00014679182
39015,Brown County,OH,3/17/2026 4:00,0.00031931957,0.00061515113,0.0002487778,0.00015526092
39015,Brown County,OH,3/17/2026 5:00,0.00033636676,0.0006122367,0.0002834044,0.0001948054
39015,Brown County,OH,3/17/2026 6:00,0.0005161767,0.0005280783,0.0003147649,0.00022429315
39015,Brown County,OH,3/17/2026 7:00,0.00068269257,0.0004335075,0.00040165242,0.0002649403
39015,Brown County,OH,3/17/2026 8:00,0.0006665877,0.0003601656,0.00044590584,0.0002795899
39015,Brown County,OH,3/17/2026 9:00,0.00061515113,0.00028528212,0.00052444224,0.00029948202
39015,Brown County,OH,3/17/2026 10:00,0.0006122367,0.00029129817,0.0005366619,0.00031948337
39015,Brown County,OH,3/17/2026 11:00,0.0005280783,0.00030325993,0.0005674477,0.00031411333
39015,Brown County,OH,3/17/2026 12:00,0.0004335075,0.00017632835,0.00045873525,0.00031118223
39015,Brown County,OH,3/17/2026 13:00,0.0003601656,0.00018566403,0.00041301074,0.00028197514
39015,Brown County,OH,3/17/2026 14:00,0.00028528212,0.00018113332,0.00037541133,0.00023798858
39015,Brown County,OH,3/17/2026 15:00,0.00029129817,0.00018784385,0.00039464742,0.00025284354
39015,Brown County,OH,3/17/2026 16:00,0.00030325993,0.0001833363,0.0003145242,0.00031948663
39015,Brown County,OH,3/17/2026 17:00,0.00017632835,0.00018167967,0.00027864875,0.0002854368
39015,Brown County,OH,3/17/2026 18:00,0.00018566403,0.0001597315,0.00029753087,0.00020254406
39015,Brown County,OH,3/17/2026 19:00,0.00018113332,0.00018578312,0.0002534417,0.00020806509
39015,Brown County,OH,3/17/2026 20:00,0.00018784385,0.00018922331,0.0002482511,0.00023378588
39015,Brown County,OH,3/17/2026 21:00,0.0001833363,0.00022605016,0.0001855559,0.0002929326
39015,Brown County,OH,3/17/2026 22:00,0.00018167967,0.0002487778,0.00023535344,0.00026809936
39015,Brown County,OH,3/17/2026 23:00,0.0001597315,0.0002834044,0.00023617159,0.00020044738
39015,Brown County,OH,3/18/2026 0:00,0.00018578312,0.0003147649,0.00013882664,
39015,Brown County,OH,3/18/2026 1:00,0.00018922331,0.00040165242,0.00017899045,
39015,Brown County,OH,3/18/2026 2:00,0.00022605016,0.00044590584,0.00015706781,
39015,Brown County,OH,3/18/2026 3:00,0.0002487778,0.00052444224,0.00014679182,
39015,Brown County,OH,3/18/2026 4:00,0.0002834044,0.0005366619,0.00015526092,
39015,Brown County,OH,3/18/2026 5:00,0.0003147649,0.0005674477,0.0001948054,
39015,Brown County,OH,3/18/2026 6:00,0.00040165242,0.00045873525,0.00022429315,
39015,Brown County,OH,3/18/2026 7:00,0.00044590584,0.00041301074,0.0002649403,
39015,Brown County,OH,3/18/2026 8:00,0.00052444224,0.00037541133,0.0002795899,
39015,Brown County,OH,3/18/2026 9:00,0.0005366619,0.00039464742,0.00029948202,
39015,Brown County,OH,3/18/2026 10:00,0.0005674477,0.0003145242,0.00031948337,
39015,Brown County,OH,3/18/2026 11:00,0.00045873525,0.00027864875,0.00031411333,
39015,Brown County,OH,3/18/2026 12:00,0.00041301074,0.00029753087,0.00031118223,
39015,Brown County,OH,3/18/2026 13:00,0.00037541133,0.0002534417,0.00028197514,
39015,Brown County,OH,3/18/2026 14:00,0.00039464742,0.0002482511,0.00023798858,
39015,Brown County,OH,3/18/2026 15:00,0.0003145242,0.0001855559,0.00025284354,
39015,Brown County,OH,3/18/2026 16:00,0.00027864875,0.00023535344,0.00031948663,
39015,Brown County,OH,3/18/2026 17:00,0.00029753087,0.00023617159,0.0002854368,
39015,Brown County,OH,3/18/2026 18:00,0.0002534417,0.00013882664,0.00020254406,
39015,Brown County,OH,3/18/2026 19:00,0.0002482511,0.00017899045,0.00020806509,
39015,Brown County,OH,3/18/2026 20:00,0.0001855559,0.00015706781,0.00023378588,
39015,Brown County,OH,3/18/2026 21:00,0.00023535344,0.00014679182,0.0002929326,
39015,Brown County,OH,3/18/2026 22:00,0.00023617159,0.00015526092,0.00026809936,
39015,Brown County,OH,3/18/2026 23:00,0.00013882664,0.0001948054,0.00020044738,
39015,Brown County,OH,3/19/2026 0:00,0.00017899045,0.00022429315,,
39015,Brown County,OH,3/19/2026 1:00,0.00015706781,0.0002649403,,
39015,Brown County,OH,3/19/2026 2:00,0.00014679182,0.0002795899,,
39015,Brown County,OH,3/19/2026 3:00,0.00015526092,0.00029948202,,
39015,Brown County,OH,3/19/2026 4:00,0.0001948054,0.00031948337,,
39015,Brown County,OH,3/19/2026 5:00,0.00022429315,0.00031411333,,
39015,Brown County,OH,3/19/2026 6:00,0.0002649403,0.00031118223,,
39015,Brown County,OH,3/19/2026 7:00,0.0002795899,0.00028197514,,
39015,Brown County,OH,3/19/2026 8:00,0.00029948202,0.00023798858,,
39015,Brown County,OH,3/19/2026 9:00,0.00031948337,0.00025284354,,
39015,Brown County,OH,3/19/2026 10:00,0.00031411333,0.00031948663,,
39015,Brown County,OH,3/19/2026 11:00,0.00031118223,0.0002854368,,
39015,Brown County,OH,3/19/2026 12:00,0.00028197514,0.00020254406,,
39015,Brown County,OH,3/19/2026 13:00,0.00023798858,0.00020806509,,
39015,Brown County,OH,3/19/2026 14:00,0.00025284354,0.00023378588,,
39015,Brown County,OH,3/19/2026 15:00,0.00031948663,0.0002929326,,
39015,Brown County,OH,3/19/2026 16:00,0.0002854368,0.00026809936,,
39015,Brown County,OH,3/19/2026 17:00,0.00020254406,0.00020044738,,
39015,Brown County,OH,3/19/2026 18:00,0.00020806509,,,
39015,Brown County,OH,3/19/2026 19:00,0.00023378588,,,
39015,Brown County,OH,3/19/2026 20:00,0.0002929326,,,
39015,Brown County,OH,3/19/2026 21:00,0.00026809936,,,
39015,Brown County,OH,3/19/2026 22:00,0.00020044738,,,
39015,Brown County,OH,3/19/2026 23:00,,,,
39019,Carroll County,OH,3/14/2026 0:00,0.33008638,0.31339428,0.15937376,0.054511562
39019,Carroll County,OH,3/14/2026 1:00,0.33918923,0.29928312,0.15615535,0.052021094
39019,Carroll County,OH,3/14/2026 2:00,0.33617574,0.29238877,0.15519881,0.04952275
39019,Carroll County,OH,3/14/2026 3:00,0.3277037,0.28492075,0.15361243,0.048410326
39019,Carroll County,OH,3/14/2026 4:00,0.32071918,0.27606404,0.15155315,0.048359647
39019,Carroll County,OH,3/14/2026 5:00,0.31339428,0.26686457,0.14823876,0.049787275
39019,Carroll County,OH,3/14/2026 6:00,0.29928312,0.26057863,0.14391398,0.050587356
39019,Carroll County,OH,3/14/2026 7:00,0.29238877,0.25446996,0.14164805,0.049966153
39019,Carroll County,OH,3/14/2026 8:00,0.28492075,0.24796206,0.13776141,0.050665606
39019,Carroll County,OH,3/14/2026 9:00,0.27606404,0.24145965,0.13570279,0.051007308
39019,Carroll County,OH,3/14/2026 10:00,0.26686457,0.23202837,0.13213903,0.049223527
39019,Carroll County,OH,3/14/2026 11:00,0.26057863,0.22605467,0.12593244,0.048606273
39019,Carroll County,OH,3/14/2026 12:00,0.25446996,0.21432318,0.121034294,0.04465647
39019,Carroll County,OH,3/14/2026 13:00,0.24796206,0.20393918,0.116456784,0.04026791
39019,Carroll County,OH,3/14/2026 14:00,0.24145965,0.19039263,0.112068765,0.03659963
39019,Carroll County,OH,3/14/2026 15:00,0.23202837,0.18145485,0.10479784,0.032186598
39019,Carroll County,OH,3/14/2026 16:00,0.22605467,0.17259607,0.096632496,0.028565643
39019,Carroll County,OH,3/14/2026 17:00,0.21432318,0.1642045,0.088254206,0.024909368
39019,Carroll County,OH,3/14/2026 18:00,0.20393918,0.15937376,0.08384681,0.021520682
39019,Carroll County,OH,3/14/2026 19:00,0.19039263,0.15615535,0.07923022,0.01864539
39019,Carroll County,OH,3/14/2026 20:00,0.18145485,0.15519881,0.072741464,0.01633352
39019,Carroll County,OH,3/14/2026 21:00,0.17259607,0.15361243,0.066704854,0.013501251
39019,Carroll County,OH,3/14/2026 22:00,0.1642045,0.15155315,0.061171304,0.012765992
39019,Carroll County,OH,3/14/2026 23:00,0.15937376,0.14823876,0.05759267,0.012804706
39019,Carroll County,OH,3/15/2026 0:00,0.15615535,0.14391398,0.054511562,0.01209834
39019,Carroll County,OH,3/15/2026 1:00,0.15519881,0.14164805,0.052021094,0.011937284
39019,Carroll County,OH,3/15/2026 2:00,0.15361243,0.13776141,0.04952275,0.011468467
39019,Carroll County,OH,3/15/2026 3:00,0.15155315,0.13570279,0.048410326,0.01123836
39019,Carroll County,OH,3/15/2026 4:00,0.14823876,0.13213903,0.048359647,0.011263208
39019,Carroll County,OH,3/15/2026 5:00,0.14391398,0.12593244,0.049787275,0.011220964
39019,Carroll County,OH,3/15/2026 6:00,0.14164805,0.121034294,0.050587356,0.010749887
39019,Carroll County,OH,3/15/2026 7:00,0.13776141,0.116456784,0.049966153,0.011041143
39019,Carroll County,OH,3/15/2026 8:00,0.13570279,0.112068765,0.050665606,0.010842115
39019,Carroll County,OH,3/15/2026 9:00,0.13213903,0.10479784,0.051007308,0.010988234
39019,Carroll County,OH,3/15/2026 10:00,0.12593244,0.096632496,0.049223527,0.010093972
39019,Carroll County,OH,3/15/2026 11:00,0.121034294,0.088254206,0.048606273,0.00975632
39019,Carroll County,OH,3/15/2026 12:00,0.116456784,0.08384681,0.04465647,0.008730122
39019,Carroll County,OH,3/15/2026 13:00,0.112068765,0.07923022,0.04026791,0.008077009
39019,Carroll County,OH,3/15/2026 14:00,0.10479784,0.072741464,0.03659963,0.007302425
39019,Carroll County,OH,3/15/2026 15:00,0.096632496,0.066704854,0.032186598,0.0064002783
39019,Carroll County,OH,3/15/2026 16:00,0.088254206,0.061171304,0.028565643,0.0051680435
39019,Carroll County,OH,3/15/2026 17:00,0.08384681,0.05759267,0.024909368,0.0045065237
39019,Carroll County,OH,3/15/2026 18:00,0.07923022,0.054511562,0.021520682,0.0044632535
39019,Carroll County,OH,3/15/2026 19:00,0.072741464,0.052021094,0.01864539,0.0036975981
39019,Carroll County,OH,3/15/2026 20:00,0.066704854,0.04952275,0.01633352,0.0031240846
39019,Carroll County,OH,3/15/2026 21:00,0.061171304,0.048410326,0.013501251,0.0027326155
39019,Carroll County,OH,3/15/2026 22:00,0.05759267,0.048359647,0.012765992,0.0024730794
39019,Carroll County,OH,3/15/2026 23:00,0.054511562,0.049787275,0.012804706,0.0021266593
39019,Carroll County,OH,3/16/2026 0:00,0.052021094,0.050587356,0.01209834,0.0013116983
39019,Carroll County,OH,3/16/2026 1:00,0.04952275,0.049966153,0.011937284,0.0011663924
39019,Carroll County,OH,3/16/2026 2:00,0.048410326,0.050665606,0.011468467,0.00087270216
39019,Carroll County,OH,3/16/2026 3:00,0.048359647,0.051007308,0.01123836,0.0006884321
39019,Carroll County,OH,3/16/2026 4:00,0.049787275,0.049223527,0.011263208,0.00063800183
39019,Carroll County,OH,3/16/2026 5:00,0.050587356,0.048606273,0.011220964,0.0006157317
39019,Carroll County,OH,3/16/2026 6:00,0.049966153,0.04465647,0.010749887,0.00062443205
39019,Carroll County,OH,3/16/2026 7:00,0.050665606,0.04026791,0.011041143,0.0006014179
39019,Carroll County,OH,3/16/2026 8:00,0.051007308,0.03659963,0.010842115,0.0006027025
39019,Carroll County,OH,3/16/2026 9:00,0.049223527,0.032186598,0.010988234,0.000593978
39019,Carroll County,OH,3/16/2026 10:00,0.048606273,0.028565643,0.010093972,0.0007255267
39019,Carroll County,OH,3/16/2026 11:00,0.04465647,0.024909368,0.00975632,0.0006462904
39019,Carroll County,OH,3/16/2026 12:00,0.04026791,0.021520682,0.008730122,0.0006259847
39019,Carroll County,OH,3/16/2026 13:00,0.03659963,0.01864539,0.008077009,0.00067256234
39019,Carroll County,OH,3/16/2026 14:00,0.032186598,0.01633352,0.007302425,0.0006557621
39019,Carroll County,OH,3/16/2026 15:00,0.028565643,0.013501251,0.0064002783,0.0005553839
39019,Carroll County,OH,3/16/2026 16:00,0.024909368,0.012765992,0.0051680435,0.000388914
39019,Carroll County,OH,3/16/2026 17:00,0.021520682,0.012804706,0.0045065237,0.00030593845
39019,Carroll County,OH,3/16/2026 18:00,0.01864539,0.01209834,0.0044632535,0.00030536906
39019,Carroll County,OH,3/16/2026 19:00,0.01633352,0.011937284,0.0036975981,0.00020663707
39019,Carroll County,OH,3/16/2026 20:00,0.013501251,0.011468467,0.0031240846,0.00012215694
39019,Carroll County,OH,3/16/2026 21:00,0.012765992,0.01123836,0.0027326155,9.2007394e-05
39019,Carroll County,OH,3/16/2026 22:00,0.012804706,0.011263208,0.0024730794,9.7045544e-05
39019,Carroll County,OH,3/16/2026 23:00,0.01209834,0.011220964,0.0021266593,0.00011367431
39019,Carroll County,OH,3/17/2026 0:00,0.011937284,0.010749887,0.0013116983,0.00012992366
39019,Carroll County,OH,3/17/2026 1:00,0.011468467,0.011041143,0.0011663924,0.00013765068
39019,Carroll County,OH,3/17/2026 2:00,0.01123836,0.010842115,0.00087270216,0.00015717819
39019,Carroll County,OH,3/17/2026 3:00,0.011263208,0.010988234,0.0006884321,0.00011079666
39019,Carroll County,OH,3/17/2026 4:00,0.011220964,0.010093972,0.00063800183,0.00012748435
39019,Carroll County,OH,3/17/2026 5:00,0.010749887,0.00975632,0.0006157317,0.0002146961
39019,Carroll County,OH,3/17/2026 6:00,0.011041143,0.008730122,0.00062443205,0.00017531349
39019,Carroll County,OH,3/17/2026 7:00,0.010842115,0.008077009,0.0006014179,0.00021044233
39019,Carroll County,OH,3/17/2026 8:00,0.010988234,0.007302425,0.0006027025,0.00021098816
39019,Carroll County,OH,3/17/2026 9:00,0.010093972,0.0064002783,0.000593978,0.00031598628
39019,Carroll County,OH,3/17/2026 10:00,0.00975632,0.0051680435,0.0007255267,0.00030318162
39019,Carroll County,OH,3/17/2026 11:00,0.008730122,0.0045065237,0.0006462904,0.00036276
39019,Carroll County,OH,3/17/2026 12:00,0.008077009,0.0044632535,0.0006259847,0.00042952565
39019,Carroll County,OH,3/17/2026 13:00,0.007302425,0.0036975981,0.00067256234,0.00040567273
39019,Carroll County,OH,3/17/2026 14:00,0.0064002783,0.0031240846,0.0006557621,0.00037940685
39019,Carroll County,OH,3/17/2026 15:00,0.0051680435,0.0027326155,0.0005553839,0.0003753747
39019,Carroll County,OH,3/17/2026 16:00,0.0045065237,0.0024730794,0.000388914,0.0003221483
39019,Carroll County,OH,3/17/2026 17:00,0.0044632535,0.0021266593,0.00030593845,0.00031753464
39019,Carroll County,OH,3/17/2026 18:00,0.0036975981,0.0013116983,0.00030536906,0.00037003617
39019,Carroll County,OH,3/17/2026 19:00,0.0031240846,0.0011663924,0.00020663707,0.0002484756
39019,Carroll County,OH,3/17/2026 20:00,0.0027326155,0.00087270216,0.00012215694,0.000334636
39019,Carroll County,OH,3/17/2026 21:00,0.0024730794,0.0006884321,9.2007394e-05,0.00024665537
39019,Carroll County,OH,3/17/2026 22:00,0.0021266593,0.00063800183,9.7045544e-05,0.00044643533
39019,Carroll County,OH,3/17/2026 23:00,0.0013116983,0.0006157317,0.00011367431,0.00042863033
39019,Carroll County,OH,3/18/2026 0:00,0.0011663924,0.00062443205,0.00012992366,
39019,Carroll County,OH,3/18/2026 1:00,0.00087270216,0.0006014179,0.00013765068,
39019,Carroll County,OH,3/18/2026 2:00,0.0006884321,0.0006027025,0.00015717819,
39019,Carroll County,OH,3/18/2026 3:00,0.00063800183,0.000593978,0.00011079666,
39019,Carroll County,OH,3/18/2026 4:00,0.0006157317,0.0007255267,0.00012748435,
39019,Carroll County,OH,3/18/2026 5:00,0.00062443205,0.0006462904,0.0002146961,
39019,Carroll County,OH,3/18/2026 6:00,0.0006014179,0.0006259847,0.00017531349,
39019,Carroll County,OH,3/18/2026 7:00,0.0006027025,0.00067256234,0.00021044233,
39019,Carroll County,OH,3/18/2026 8:00,0.000593978,0.0006557621,0.00021098816,
39019,Carroll County,OH,3/18/2026 9:00,0.0007255267,0.0005553839,0.00031598628,
39019,Carroll County,OH,3/18/2026 10:00,0.0006462904,0.000388914,0.00030318162,
39019,Carroll County,OH,3/18/2026 11:00,0.0006259847,0.00030593845,0.00036276,
39019,Carroll County,OH,3/18/2026 12:00,0.00067256234,0.00030536906,0.00042952565,
39019,Carroll County,OH,3/18/2026 13:00,0.0006557621,0.00020663707,0.00040567273,
39019,Carroll County,OH,3/18/2026 14:00,0.0005553839,0.00012215694,0.00037940685,
39019,Carroll County,OH,3/18/2026 15:00,0.000388914,9.2007394e-05,0.0003753747,
39019,Carroll County,OH,3/18/2026 16:00,0.00030593845,9.7045544e-05,0.0003221483,
39019,Carroll County,OH,3/18/2026 17:00,0.00030536906,0.00011367431,0.00031753464,
39019,Carroll County,OH,3/18/2026 18:00,0.00020663707,0.00012992366,0.00037003617,
39019,Carroll County,OH,3/18/2026 19:00,0.00012215694,0.00013765068,0.0002484756,
39019,Carroll County,OH,3/18/2026 20:00,9.2007394e-05,0.00015717819,0.000334636,
39019,Carroll County,OH,3/18/2026 21:00,9.7045544e-05,0.00011079666,0.00024665537,
39019,Carroll County,OH,3/18/2026 22:00,0.00011367431,0.00012748435,0.00044643533,
39019,Carroll County,OH,3/18/2026 23:00,0.00012992366,0.0002146961,0.00042863033,
39019,Carroll County,OH,3/19/2026 0:00,0.00013765068,0.00017531349,,
39019,Carroll County,OH,3/19/2026 1:00,0.00015717819,0.00021044233,,
39019,Carroll County,OH,3/19/2026 2:00,0.00011079666,0.00021098816,,
39019,Carroll County,OH,3/19/2026 3:00,0.00012748435,0.00031598628,,
39019,Carroll County,OH,3/19/2026 4:00,0.0002146961,0.00030318162,,
39019,Carroll County,OH,3/19/2026 5:00,0.00017531349,0.00036276,,
39019,Carroll County,OH,3/19/2026 6:00,0.00021044233,0.00042952565,,
39019,Carroll County,OH,3/19/2026 7:00,0.00021098816,0.00040567273,,
39019,Carroll County,OH,3/19/2026 8:00,0.00031598628,0.00037940685,,
39019,Carroll County,OH,3/19/2026 9:00,0.00030318162,0.0003753747,,
39019,Carroll County,OH,3/19/2026 10:00,0.00036276,0.0003221483,,
39019,Carroll County,OH,3/19/2026 11:00,0.00042952565,0.00031753464,,
39019,Carroll County,OH,3/19/2026 12:00,0.00040567273,0.00037003617,,
39019,Carroll County,OH,3/19/2026 13:00,0.00037940685,0.0002484756,,
39019,Carroll County,OH,3/19/2026 14:00,0.0003753747,0.000334636,,
39019,Carroll County,OH,3/19/2026 15:00,0.0003221483,0.00024665537,,
39019,Carroll County,OH,3/19/2026 16:00,0.00031753464,0.00044643533,,
39019,Carroll County,OH,3/19/2026 17:00,0.00037003617,0.00042863033,,
39019,Carroll County,OH,3/19/2026 18:00,0.0002484756,,,
39019,Carroll County,OH,3/19/2026 19:00,0.000334636,,,
39019,Carroll County,OH,3/19/2026 20:00,0.00024665537,,,
39019,Carroll County,OH,3/19/2026 21:00,0.00044643533,,,
39019,Carroll County,OH,3/19/2026 22:00,0.00042863033,,,
39019,Carroll County,OH,3/19/2026 23:00,,,,
39021,Champaign County,OH,3/14/2026 0:00,0.103584945,0.08109765,0.010143708,0.003970145
39021,Champaign County,OH,3/14/2026 1:00,0.09708241,0.07686958,0.009685357,0.00374938
39021,Champaign County,OH,3/14/2026 2:00,0.09223304,0.07322537,0.008505451,0.0040328447
39021,Champaign County,OH,3/14/2026 3:00,0.08959032,0.06943635,0.008182532,0.0036884814
39021,Champaign County,OH,3/14/2026 4:00,0.08499998,0.061908673,0.007977177,0.005057309
39021,Champaign County,OH,3/14/2026 5:00,0.08109765,0.055801984,0.0073351744,0.0062682694
39021,Champaign County,OH,3/14/2026 6:00,0.07686958,0.048911624,0.007044764,0.006482983
39021,Champaign County,OH,3/14/2026 7:00,0.07322537,0.044693917,0.0073595303,0.0061920765
39021,Champaign County,OH,3/14/2026 8:00,0.06943635,0.038865205,0.0067896564,0.0053571165
39021,Champaign County,OH,3/14/2026 9:00,0.061908673,0.035160933,0.0068552163,0.004845994
39021,Champaign County,OH,3/14/2026 10:00,0.055801984,0.03072978,0.006762502,0.004393104
39021,Champaign County,OH,3/14/2026 11:00,0.048911624,0.025702652,0.0070344135,0.003789386
39021,Champaign County,OH,3/14/2026 12:00,0.044693917,0.021964006,0.007582291,0.0030382923
39021,Champaign County,OH,3/14/2026 13:00,0.038865205,0.019192075,0.008752394,0.0025391052
39021,Champaign County,OH,3/14/2026 14:00,0.035160933,0.016178947,0.010710695,0.0017782085
39021,Champaign County,OH,3/14/2026 15:00,0.03072978,0.01392651,0.010446417,0.0014419232
39021,Champaign County,OH,3/14/2026 16:00,0.025702652,0.012399035,0.009087364,0.0012282296
39021,Champaign County,OH,3/14/2026 17:00,0.021964006,0.011009732,0.008675715,0.0011681985
39021,Champaign County,OH,3/14/2026 18:00,0.019192075,0.010143708,0.008571923,0.0012607846
39021,Champaign County,OH,3/14/2026 19:00,0.016178947,0.009685357,0.0074118082,0.0012822577
39021,Champaign County,OH,3/14/2026 20:00,0.01392651,0.008505451,0.005938318,0.0010592536
39021,Champaign County,OH,3/14/2026 21:00,0.012399035,0.008182532,0.005083541,0.00094432937
39021,Champaign County,OH,3/14/2026 22:00,0.011009732,0.007977177,0.004069474,0.00082421897
39021,Champaign County,OH,3/14/2026 23:00,0.010143708,0.0073351744,0.0041157133,0.000682988
39021,Champaign County,OH,3/15/2026 0:00,0.009685357,0.007044764,0.003970145,0.0006690104
39021,Champaign County,OH,3/15/2026 1:00,0.008505451,0.0073595303,0.00374938,0.0006431865
39021,Champaign County,OH,3/15/2026 2:00,0.008182532,0.0067896564,0.0040328447,0.0006068318
39021,Champaign County,OH,3/15/2026 3:00,0.007977177,0.0068552163,0.0036884814,0.00058131584
39021,Champaign County,OH,3/15/2026 4:00,0.0073351744,0.006762502,0.005057309,0.0005700016
39021,Champaign County,OH,3/15/2026 5:00,0.007044764,0.0070344135,0.0062682694,0.0005335034
39021,Champaign County,OH,3/15/2026 6:00,0.0073595303,0.007582291,0.006482983,0.00052115426
39021,Champaign County,OH,3/15/2026 7:00,0.0067896564,0.008752394,0.0061920765,0.00059369276
39021,Champaign County,OH,3/15/2026 8:00,0.0068552163,0.010710695,0.0053571165,0.0004927672
39021,Champaign County,OH,3/15/2026 9:00,0.006762502,0.010446417,0.004845994,0.00049590913
39021,Champaign County,OH,3/15/2026 10:00,0.0070344135,0.009087364,0.004393104,0.0005647009
39021,Champaign County,OH,3/15/2026 11:00,0.007582291,0.008675715,0.003789386,0.00076602557
39021,Champaign County,OH,3/15/2026 12:00,0.008752394,0.008571923,0.0030382923,0.000805965
39021,Champaign County,OH,3/15/2026 13:00,0.010710695,0.0074118082,0.0025391052,0.00067059236
39021,Champaign County,OH,3/15/2026 14:00,0.010446417,0.005938318,0.0017782085,0.00050819275
39021,Champaign County,OH,3/15/2026 15:00,0.009087364,0.005083541,0.0014419232,0.00039741155
39021,Champaign County,OH,3/15/2026 16:00,0.008675715,0.004069474,0.0012282296,0.00038887426
39021,Champaign County,OH,3/15/2026 17:00,0.008571923,0.0041157133,0.0011681985,0.0003557013
39021,Champaign County,OH,3/15/2026 18:00,0.0074118082,0.003970145,0.0012607846,0.00024849892
39021,Champaign County,OH,3/15/2026 19:00,0.005938318,0.00374938,0.0012822577,0.0002399894
39021,Champaign County,OH,3/15/2026 20:00,0.005083541,0.0040328447,0.0010592536,0.0002064718
39021,Champaign County,OH,3/15/2026 21:00,0.004069474,0.0036884814,0.00094432937,0.0002769525
39021,Champaign County,OH,3/15/2026 22:00,0.0041157133,0.005057309,0.00082421897,0.0003409218
39021,Champaign County,OH,3/15/2026 23:00,0.003970145,0.0062682694,0.000682988,0.00036048563
39021,Champaign County,OH,3/16/2026 0:00,0.00374938,0.006482983,0.0006690104,0.0001277798
39021,Champaign County,OH,3/16/2026 1:00,0.0040328447,0.0061920765,0.0006431865,0.000112764654
39021,Champaign County,OH,3/16/2026 2:00,0.0036884814,0.0053571165,0.0006068318,0.00012699435
39021,Champaign County,OH,3/16/2026 3:00,0.005057309,0.004845994,0.00058131584,0.00024833472
39021,Champaign County,OH,3/16/2026 4:00,0.0062682694,0.004393104,0.0005700016,0.00029546506
39021,Champaign County,OH,3/16/2026 5:00,0.006482983,0.003789386,0.0005335034,0.00039655715
39021,Champaign County,OH,3/16/2026 6:00,0.0061920765,0.0030382923,0.00052115426,0.00048680397
39021,Champaign County,OH,3/16/2026 7:00,0.0053571165,0.0025391052,0.00059369276,0.00046175896
39021,Champaign County,OH,3/16/2026 8:00,0.004845994,0.0017782085,0.0004927672,0.00043054865
39021,Champaign County,OH,3/16/2026 9:00,0.004393104,0.0014419232,0.00049590913,0.00039650194
39021,Champaign County,OH,3/16/2026 10:00,0.003789386,0.0012282296,0.0005647009,0.0003472559
39021,Champaign County,OH,3/16/2026 11:00,0.0030382923,0.0011681985,0.00076602557,0.00032772298
39021,Champaign County,OH,3/16/2026 12:00,0.0025391052,0.0012607846,0.000805965,0.0003171024
39021,Champaign County,OH,3/16/2026 13:00,0.0017782085,0.0012822577,0.00067059236,0.00034428725
39021,Champaign County,OH,3/16/2026 14:00,0.0014419232,0.0010592536,0.00050819275,0.0002614846
39021,Champaign County,OH,3/16/2026 15:00,0.0012282296,0.00094432937,0.00039741155,0.00017497175
39021,Champaign County,OH,3/16/2026 16:00,0.0011681985,0.00082421897,0.00038887426,0.00010770795
39021,Champaign County,OH,3/16/2026 17:00,0.0012607846,0.000682988,0.0003557013,0.00020138804
39021,Champaign County,OH,3/16/2026 18:00,0.0012822577,0.0006690104,0.00024849892,0.00011847924
39021,Champaign County,OH,3/16/2026 19:00,0.0010592536,0.0006431865,0.0002399894,0.00014832584
39021,Champaign County,OH,3/16/2026 20:00,0.00094432937,0.0006068318,0.0002064718,0.00010081807
39021,Champaign County,OH,3/16/2026 21:00,0.00082421897,0.00058131584,0.0002769525,0.00011247249
39021,Champaign County,OH,3/16/2026 22:00,0.000682988,0.0005700016,0.0003409218,0.00014403142
39021,Champaign County,OH,3/16/2026 23:00,0.0006690104,0.0005335034,0.00036048563,0.00015025008
39021,Champaign County,OH,3/17/2026 0:00,0.0006431865,0.00052115426,0.0001277798,0.00019034435
39021,Champaign County,OH,3/17/2026 1:00,0.0006068318,0.00059369276,0.000112764654,0.00020432837
39021,Champaign County,OH,3/17/2026 2:00,0.00058131584,0.0004927672,0.00012699435,0.0002354337
39021,Champaign County,OH,3/17/2026 3:00,0.0005700016,0.00049590913,0.00024833472,0.00024619966
39021,Champaign County,OH,3/17/2026 4:00,0.0005335034,0.0005647009,0.00029546506,0.00019443885
39021,Champaign County,OH,3/17/2026 5:00,0.00052115426,0.00076602557,0.00039655715,0.00019635899
39021,Champaign County,OH,3/17/2026 6:00,0.00059369276,0.000805965,0.00048680397,0.00015073459
39021,Champaign County,OH,3/17/2026 7:00,0.0004927672,0.00067059236,0.00046175896,0.0001757588
39021,Champaign County,OH,3/17/2026 8:00,0.00049590913,0.00050819275,0.00043054865,0.00018658738
39021,Champaign County,OH,3/17/2026 9:00,0.0005647009,0.00039741155,0.00039650194,0.00032778608
39021,Champaign County,OH,3/17/2026 10:00,0.00076602557,0.00038887426,0.0003472559,0.00033430557
39021,Champaign County,OH,3/17/2026 11:00,0.000805965,0.0003557013,0.00032772298,0.00033684686
39021,Champaign County,OH,3/17/2026 12:00,0.00067059236,0.00024849892,0.0003171024,0.00033414277
39021,Champaign County,OH,3/17/2026 13:00,0.00050819275,0.0002399894,0.00034428725,0.00034797206
39021,Champaign County,OH,3/17/2026 14:00,0.00039741155,0.0002064718,0.0002614846,0.00032735555
39021,Champaign County,OH,3/17/2026 15:00,0.00038887426,0.0002769525,0.00017497175,0.0004007272
39021,Champaign County,OH,3/17/2026 16:00,0.0003557013,0.0003409218,0.00010770795,0.0005016514
39021,Champaign County,OH,3/17/2026 17:00,0.00024849892,0.00036048563,0.00020138804,0.00040163912
39021,Champaign County,OH,3/17/2026 18:00,0.0002399894,0.0001277798,0.00011847924,0.00036628803
39021,Champaign County,OH,3/17/2026 19:00,0.0002064718,0.000112764654,0.00014832584,0.00030063966
39021,Champaign County,OH,3/17/2026 20:00,0.0002769525,0.00012699435,0.00010081807,0.00023548865
39021,Champaign County,OH,3/17/2026 21:00,0.0003409218,0.00024833472,0.00011247249,0.00030520014
39021,Champaign County,OH,3/17/2026 22:00,0.00036048563,0.00029546506,0.00014403142,0.00028263073
39021,Champaign County,OH,3/17/2026 23:00,0.0001277798,0.00039655715,0.00015025008,0.00023218349
39021,Champaign County,OH,3/18/2026 0:00,0.000112764654,0.00048680397,0.00019034435,
39021,Champaign County,OH,3/18/2026 1:00,0.00012699435,0.00046175896,0.00020432837,
39021,Champaign County,OH,3/18/2026 2:00,0.00024833472,0.00043054865,0.0002354337,
39021,Champaign County,OH,3/18/2026 3:00,0.00029546506,0.00039650194,0.00024619966,
39021,Champaign County,OH,3/18/2026 4:00,0.00039655715,0.0003472559,0.00019443885,
39021,Champaign County,OH,3/18/2026 5:00,0.00048680397,0.00032772298,0.00019635899,
39021,Champaign County,OH,3/18/2026 6:00,0.00046175896,0.0003171024,0.00015073459,
39021,Champaign County,OH,3/18/2026 7:00,0.00043054865,0.00034428725,0.0001757588,
39021,Champaign County,OH,3/18/2026 8:00,0.00039650194,0.0002614846,0.00018658738,
39021,Champaign County,OH,3/18/2026 9:00,0.0003472559,0.00017497175,0.00032778608,
39021,Champaign County,OH,3/18/2026 10:00,0.00032772298,0.00010770795,0.00033430557,
39021,Champaign County,OH,3/18/2026 11:00,0.0003171024,0.00020138804,0.00033684686,
39021,Champaign County,OH,3/18/2026 12:00,0.00034428725,0.00011847924,0.00033414277,
39021,Champaign County,OH,3/18/2026 13:00,0.0002614846,0.00014832584,0.00034797206,
39021,Champaign County,OH,3/18/2026 14:00,0.00017497175,0.00010081807,0.00032735555,
39021,Champaign County,OH,3/18/2026 15:00,0.00010770795,0.00011247249,0.0004007272,
39021,Champaign County,OH,3/18/2026 16:00,0.00020138804,0.00014403142,0.0005016514,
39021,Champaign County,OH,3/18/2026 17:00,0.00011847924,0.00015025008,0.00040163912,
39021,Champaign County,OH,3/18/2026 18:00,0.00014832584,0.00019034435,0.00036628803,
39021,Champaign County,OH,3/18/2026 19:00,0.00010081807,0.00020432837,0.00030063966,
39021,Champaign County,OH,3/18/2026 20:00,0.00011247249,0.0002354337,0.00023548865,
39021,Champaign County,OH,3/18/2026 21:00,0.00014403142,0.00024619966,0.00030520014,
39021,Champaign County,OH,3/18/2026 22:00,0.00015025008,0.00019443885,0.00028263073,
39021,Champaign County,OH,3/18/2026 23:00,0.00019034435,0.00019635899,0.00023218349,
39021,Champaign County,OH,3/19/2026 0:00,0.00020432837,0.00015073459,,
39021,Champaign County,OH,3/19/2026 1:00,0.0002354337,0.0001757588,,
39021,Champaign County,OH,3/19/2026 2:00,0.00024619966,0.00018658738,,
39021,Champaign County,OH,3/19/2026 3:00,0.00019443885,0.00032778608,,
39021,Champaign County,OH,3/19/2026 4:00,0.00019635899,0.00033430557,,
39021,Champaign County,OH,3/19/2026 5:00,0.00015073459,0.00033684686,,
39021,Champaign County,OH,3/19/2026 6:00,0.0001757588,0.00033414277,,
39021,Champaign County,OH,3/19/2026 7:00,0.00018658738,0.00034797206,,
39021,Champaign County,OH,3/19/2026 8:00,0.00032778608,0.00032735555,,
39021,Champaign County,OH,3/19/2026 9:00,0.00033430557,0.0004007272,,
39021,Champaign County,OH,3/19/2026 10:00,0.00033684686,0.0005016514,,
39021,Champaign County,OH,3/19/2026 11:00,0.00033414277,0.00040163912,,
39021,Champaign County,OH,3/19/2026 12:00,0.00034797206,0.00036628803,,
39021,Champaign County,OH,3/19/2026 13:00,0.00032735555,0.00030063966,,
39021,Champaign County,OH,3/19/2026 14:00,0.0004007272,0.00023548865,,
39021,Champaign County,OH,3/19/2026 15:00,0.0005016514,0.00030520014,,
39021,Champaign County,OH,3/19/2026 16:00,0.00040163912,0.00028263073,,
39021,Champaign County,OH,3/19/2026 17:00,0.00036628803,0.00023218349,,
39021,Champaign County,OH,3/19/2026 18:00,0.00030063966,,,
39021,Champaign County,OH,3/19/2026 19:00,0.00023548865,,,
39021,Champaign County,OH,3/19/2026 20:00,0.00030520014,,,
39021,Champaign County,OH,3/19/2026 21:00,0.00028263073,,,
39021,Champaign County,OH,3/19/2026 22:00,0.00023218349,,,
39021,Champaign County,OH,3/19/2026 23:00,,,,
39041,Delaware County,OH,3/14/2026 0:00,0.071280934,0.061083972,0.013823739,0.0041607847
39041,Delaware County,OH,3/14/2026 1:00,0.0689307,0.05902783,0.012896164,0.00419128
39041,Delaware County,OH,3/14/2026 2:00,0.06569044,0.056707267,0.011813219,0.004712591
39041,Delaware County,OH,3/14/2026 3:00,0.06388348,0.05577737,0.011185258,0.005435672
39041,Delaware County,OH,3/14/2026 4:00,0.06222641,0.052864023,0.010749994,0.0047507077
39041,Delaware County,OH,3/14/2026 5:00,0.061083972,0.05046396,0.010514344,0.0046360567
39041,Delaware County,OH,3/14/2026 6:00,0.05902783,0.04741084,0.010101656,0.0052394248
39041,Delaware County,OH,3/14/2026 7:00,0.056707267,0.04415432,0.009777985,0.0055938778
39041,Delaware County,OH,3/14/2026 8:00,0.05577737,0.04029119,0.009599471,0.0052495464
39041,Delaware County,OH,3/14/2026 9:00,0.052864023,0.037973467,0.009225586,0.005483125
39041,Delaware County,OH,3/14/2026 10:00,0.05046396,0.03434994,0.0089938715,0.0052024457
39041,Delaware County,OH,3/14/2026 11:00,0.04741084,0.031178586,0.008702237,0.0048132963
39041,Delaware County,OH,3/14/2026 12:00,0.04415432,0.027627017,0.008804995,0.0044652717
39041,Delaware County,OH,3/14/2026 13:00,0.04029119,0.024528893,0.008850519,0.003923093
39041,Delaware County,OH,3/14/2026 14:00,0.037973467,0.021488618,0.009212381,0.0033169636
39041,Delaware County,OH,3/14/2026 15:00,0.03434994,0.019261066,0.009216456,0.0030588072
39041,Delaware County,OH,3/14/2026 16:00,0.031178586,0.017048566,0.009201464,0.0025238749
39041,Delaware County,OH,3/14/2026 17:00,0.027627017,0.015276081,0.008342083,0.0026224903
39041,Delaware County,OH,3/14/2026 18:00,0.024528893,0.013823739,0.007812482,0.0023784705
39041,Delaware County,OH,3/14/2026 19:00,0.021488618,0.012896164,0.0067638583,0.0021106268
39041,Delaware County,OH,3/14/2026 20:00,0.019261066,0.011813219,0.005658862,0.0017616302
39041,Delaware County,OH,3/14/2026 21:00,0.017048566,0.011185258,0.004950626,0.0017156361
39041,Delaware County,OH,3/14/2026 22:00,0.015276081,0.010749994,0.004611074,0.0014339014
39041,Delaware County,OH,3/14/2026 23:00,0.013823739,0.010514344,0.004289295,0.0015494366
39041,Delaware County,OH,3/15/2026 0:00,0.012896164,0.010101656,0.0041607847,0.001355203
39041,Delaware County,OH,3/15/2026 1:00,0.011813219,0.009777985,0.00419128,0.001120833
39041,Delaware County,OH,3/15/2026 2:00,0.011185258,0.009599471,0.004712591,0.0009013323
39041,Delaware County,OH,3/15/2026 3:00,0.010749994,0.009225586,0.005435672,0.0008843289
39041,Delaware County,OH,3/15/2026 4:00,0.010514344,0.0089938715,0.0047507077,0.000740069
39041,Delaware County,OH,3/15/2026 5:00,0.010101656,0.008702237,0.0046360567,0.0007661404
39041,Delaware County,OH,3/15/2026 6:00,0.009777985,0.008804995,0.0052394248,0.00080511865
39041,Delaware County,OH,3/15/2026 7:00,0.009599471,0.008850519,0.0055938778,0.00087369804
39041,Delaware County,OH,3/15/2026 8:00,0.009225586,0.009212381,0.0052495464,0.00090333074
39041,Delaware County,OH,3/15/2026 9:00,0.0089938715,0.009216456,0.005483125,0.0010353713
39041,Delaware County,OH,3/15/2026 10:00,0.008702237,0.009201464,0.0052024457,0.0011502848
39041,Delaware County,OH,3/15/2026 11:00,0.008804995,0.008342083,0.0048132963,0.0011844209
39041,Delaware County,OH,3/15/2026 12:00,0.008850519,0.007812482,0.0044652717,0.0011191254
39041,Delaware County,OH,3/15/2026 13:00,0.009212381,0.0067638583,0.003923093,0.001098631
39041,Delaware County,OH,3/15/2026 14:00,0.009216456,0.005658862,0.0033169636,0.00083033857
39041,Delaware County,OH,3/15/2026 15:00,0.009201464,0.004950626,0.0030588072,0.0007282932
39041,Delaware County,OH,3/15/2026 16:00,0.008342083,0.004611074,0.0025238749,0.00052725244
39041,Delaware County,OH,3/15/2026 17:00,0.007812482,0.004289295,0.0026224903,0.0004678977
39041,Delaware County,OH,3/15/2026 18:00,0.0067638583,0.0041607847,0.0023784705,0.00049860333
39041,Delaware County,OH,3/15/2026 19:00,0.005658862,0.00419128,0.0021106268,0.0004353714
39041,Delaware County,OH,3/15/2026 20:00,0.004950626,0.004712591,0.0017616302,0.00036081614
39041,Delaware County,OH,3/15/2026 21:00,0.004611074,0.005435672,0.0017156361,0.00038126396
39041,Delaware County,OH,3/15/2026 22:00,0.004289295,0.0047507077,0.0014339014,0.00024506944
39041,Delaware County,OH,3/15/2026 23:00,0.0041607847,0.0046360567,0.0015494366,0.00018309135
39041,Delaware County,OH,3/16/2026 0:00,0.00419128,0.0052394248,0.001355203,0.0001188341
39041,Delaware County,OH,3/16/2026 1:00,0.004712591,0.0055938778,0.001120833,0.00013530365
39041,Delaware County,OH,3/16/2026 2:00,0.005435672,0.0052495464,0.0009013323,9.0519825e-05
39041,Delaware County,OH,3/16/2026 3:00,0.0047507077,0.005483125,0.0008843289,8.987534e-05
39041,Delaware County,OH,3/16/2026 4:00,0.0046360567,0.0052024457,0.000740069,0.0001534733
39041,Delaware County,OH,3/16/2026 5:00,0.0052394248,0.0048132963,0.0007661404,0.00021819927
39041,Delaware County,OH,3/16/2026 6:00,0.0055938778,0.0044652717,0.00080511865,0.00020876467
39041,Delaware County,OH,3/16/2026 7:00,0.0052495464,0.003923093,0.00087369804,0.00022002075
39041,Delaware County,OH,3/16/2026 8:00,0.005483125,0.0033169636,0.00090333074,0.0003079014
39041,Delaware County,OH,3/16/2026 9:00,0.0052024457,0.0030588072,0.0010353713,0.00039179137
39041,Delaware County,OH,3/16/2026 10:00,0.0048132963,0.0025238749,0.0011502848,0.00036237013
39041,Delaware County,OH,3/16/2026 11:00,0.0044652717,0.0026224903,0.0011844209,0.00038927898
39041,Delaware County,OH,3/16/2026 12:00,0.003923093,0.0023784705,0.0011191254,0.00038914368
39041,Delaware County,OH,3/16/2026 13:00,0.0033169636,0.0021106268,0.001098631,0.00036781994
39041,Delaware County,OH,3/16/2026 14:00,0.0030588072,0.0017616302,0.00083033857,0.00034907454
39041,Delaware County,OH,3/16/2026 15:00,0.0025238749,0.0017156361,0.0007282932,0.00020729234
39041,Delaware County,OH,3/16/2026 16:00,0.0026224903,0.0014339014,0.00052725244,0.00013804818
39041,Delaware County,OH,3/16/2026 17:00,0.0023784705,0.0015494366,0.0004678977,0.00024190138
39041,Delaware County,OH,3/16/2026 18:00,0.0021106268,0.001355203,0.00049860333,0.00016191929
39041,Delaware County,OH,3/16/2026 19:00,0.0017616302,0.001120833,0.0004353714,0.000101679754
39041,Delaware County,OH,3/16/2026 20:00,0.0017156361,0.0009013323,0.00036081614,8.686498e-05
39041,Delaware County,OH,3/16/2026 21:00,0.0014339014,0.0008843289,0.00038126396,7.252887e-05
39041,Delaware County,OH,3/16/2026 22:00,0.0015494366,0.000740069,0.00024506944,7.084466e-05
39041,Delaware County,OH,3/16/2026 23:00,0.001355203,0.0007661404,0.00018309135,4.828634e-05
39041,Delaware County,OH,3/17/2026 0:00,0.001120833,0.00080511865,0.0001188341,2.8923769e-05
39041,Delaware County,OH,3/17/2026 1:00,0.0009013323,0.00087369804,0.00013530365,2.7416303e-05
39041,Delaware County,OH,3/17/2026 2:00,0.0008843289,0.00090333074,9.0519825e-05,2.7258835e-05
39041,Delaware County,OH,3/17/2026 3:00,0.000740069,0.0010353713,8.987534e-05,4.151349e-05
39041,Delaware County,OH,3/17/2026 4:00,0.0007661404,0.0011502848,0.0001534733,9.056378e-05
39041,Delaware County,OH,3/17/2026 5:00,0.00080511865,0.0011844209,0.00021819927,7.141102e-05
39041,Delaware County,OH,3/17/2026 6:00,0.00087369804,0.0011191254,0.00020876467,6.0496855e-05
39041,Delaware County,OH,3/17/2026 7:00,0.00090333074,0.001098631,0.00022002075,8.3705156e-05
39041,Delaware County,OH,3/17/2026 8:00,0.0010353713,0.00083033857,0.0003079014,0.00013929674
39041,Delaware County,OH,3/17/2026 9:00,0.0011502848,0.0007282932,0.00039179137,0.00019550041
39041,Delaware County,OH,3/17/2026 10:00,0.0011844209,0.00052725244,0.00036237013,0.0002754631
39041,Delaware County,OH,3/17/2026 11:00,0.0011191254,0.0004678977,0.00038927898,0.0002442458
39041,Delaware County,OH,3/17/2026 12:00,0.001098631,0.00049860333,0.00038914368,0.00028702087
39041,Delaware County,OH,3/17/2026 13:00,0.00083033857,0.0004353714,0.00036781994,0.00039340276
39041,Delaware County,OH,3/17/2026 14:00,0.0007282932,0.00036081614,0.00034907454,0.00043144086
39041,Delaware County,OH,3/17/2026 15:00,0.00052725244,0.00038126396,0.00020729234,0.0004154651
39041,Delaware County,OH,3/17/2026 16:00,0.0004678977,0.00024506944,0.00013804818,0.00042840923
39041,Delaware County,OH,3/17/2026 17:00,0.00049860333,0.00018309135,0.00024190138,0.0003889683
39041,Delaware County,OH,3/17/2026 18:00,0.0004353714,0.0001188341,0.00016191929,0.00029533802
39041,Delaware County,OH,3/17/2026 19:00,0.00036081614,0.00013530365,0.000101679754,0.0002077937
39041,Delaware County,OH,3/17/2026 20:00,0.00038126396,9.0519825e-05,8.686498e-05,0.00012215032
39041,Delaware County,OH,3/17/2026 21:00,0.00024506944,8.987534e-05,7.252887e-05,0.00016667934
39041,Delaware County,OH,3/17/2026 22:00,0.00018309135,0.0001534733,7.084466e-05,0.00015633565
39041,Delaware County,OH,3/17/2026 23:00,0.0001188341,0.00021819927,4.828634e-05,6.0711198e-05
39041,Delaware County,OH,3/18/2026 0:00,0.00013530365,0.00020876467,2.8923769e-05,
39041,Delaware County,OH,3/18/2026 1:00,9.0519825e-05,0.00022002075,2.7416303e-05,
39041,Delaware County,OH,3/18/2026 2:00,8.987534e-05,0.0003079014,2.7258835e-05,
39041,Delaware County,OH,3/18/2026 3:00,0.0001534733,0.00039179137,4.151349e-05,
39041,Delaware County,OH,3/18/2026 4:00,0.00021819927,0.00036237013,9.056378e-05,
39041,Delaware County,OH,3/18/2026 5:00,0.00020876467,0.00038927898,7.141102e-05,
39041,Delaware County,OH,3/18/2026 6:00,0.00022002075,0.00038914368,6.0496855e-05,
39041,Delaware County,OH,3/18/2026 7:00,0.0003079014,0.00036781994,8.3705156e-05,
39041,Delaware County,OH,3/18/2026 8:00,0.00039179137,0.00034907454,0.00013929674,
39041,Delaware County,OH,3/18/2026 9:00,0.00036237013,0.00020729234,0.00019550041,
39041,Delaware County,OH,3/18/2026 10:00,0.00038927898,0.00013804818,0.0002754631,
39041,Delaware County,OH,3/18/2026 11:00,0.00038914368,0.00024190138,0.0002442458,
39041,Delaware County,OH,3/18/2026 12:00,0.00036781994,0.00016191929,0.00028702087,
39041,Delaware County,OH,3/18/2026 13:00,0.00034907454,0.000101679754,0.00039340276,
39041,Delaware County,OH,3/18/2026 14:00,0.00020729234,8.686498e-05,0.00043144086,
39041,Delaware County,OH,3/18/2026 15:00,0.00013804818,7.252887e-05,0.0004154651,
39041,Delaware County,OH,3/18/2026 16:00,0.00024190138,7.084466e-05,0.00042840923,
39041,Delaware County,OH,3/18/2026 17:00,0.00016191929,4.828634e-05,0.0003889683,
39041,Delaware County,OH,3/18/2026 18:00,0.000101679754,2.8923769e-05,0.00029533802,
39041,Delaware County,OH,3/18/2026 19:00,8.686498e-05,2.7416303e-05,0.0002077937,
39041,Delaware County,OH,3/18/2026 20:00,7.252887e-05,2.7258835e-05,0.00012215032,
39041,Delaware County,OH,3/18/2026 21:00,7.084466e-05,4.151349e-05,0.00016667934,
39041,Delaware County,OH,3/18/2026 22:00,4.828634e-05,9.056378e-05,0.00015633565,
39041,Delaware County,OH,3/18/2026 23:00,2.8923769e-05,7.141102e-05,6.0711198e-05,
39041,Delaware County,OH,3/19/2026 0:00,2.7416303e-05,6.0496855e-05,,
39041,Delaware County,OH,3/19/2026 1:00,2.7258835e-05,8.3705156e-05,,
39041,Delaware County,OH,3/19/2026 2:00,4.151349e-05,0.00013929674,,
39041,Delaware County,OH,3/19/2026 3:00,9.056378e-05,0.00019550041,,
39041,Delaware County,OH,3/19/2026 4:00,7.141102e-05,0.0002754631,,
39041,Delaware County,OH,3/19/2026 5:00,6.0496855e-05,0.0002442458,,
39041,Delaware County,OH,3/19/2026 6:00,8.3705156e-05,0.00028702087,,
39041,Delaware County,OH,3/19/2026 7:00,0.00013929674,0.00039340276,,
39041,Delaware County,OH,3/19/2026 8:00,0.00019550041,0.00043144086,,
39041,Delaware County,OH,3/19/2026 9:00,0.0002754631,0.0004154651,,
39041,Delaware County,OH,3/19/2026 10:00,0.0002442458,0.00042840923,,
39041,Delaware County,OH,3/19/2026 11:00,0.00028702087,0.0003889683,,
39041,Delaware County,OH,3/19/2026 12:00,0.00039340276,0.00029533802,,
39041,Delaware County,OH,3/19/2026 13:00,0.00043144086,0.0002077937,,
39041,Delaware County,OH,3/19/2026 14:00,0.0004154651,0.00012215032,,
39041,Delaware County,OH,3/19/2026 15:00,0.00042840923,0.00016667934,,
39041,Delaware County,OH,3/19/2026 16:00,0.0003889683,0.00015633565,,
39041,Delaware County,OH,3/19/2026 17:00,0.00029533802,6.0711198e-05,,
39041,Delaware County,OH,3/19/2026 18:00,0.0002077937,,,
39041,Delaware County,OH,3/19/2026 19:00,0.00012215032,,,
39041,Delaware County,OH,3/19/2026 20:00,0.00016667934,,,
39041,Delaware County,OH,3/19/2026 21:00,0.00015633565,,,
39041,Delaware County,OH,3/19/2026 22:00,6.0711198e-05,,,
39041,Delaware County,OH,3/19/2026 23:00,,,,
39043,Erie County,OH,3/14/2026 0:00,0.031813078,0.0263622,0.0058983914,0.0023114323
39043,Erie County,OH,3/14/2026 1:00,0.030847814,0.025597831,0.0053177015,0.0025470087
39043,Erie County,OH,3/14/2026 2:00,0.029742856,0.02392529,0.005006175,0.0029990918
39043,Erie County,OH,3/14/2026 3:00,0.028544314,0.022441808,0.0048013427,0.0038546
39043,Erie County,OH,3/14/2026 4:00,0.027509227,0.020909702,0.0045637605,0.003950416
39043,Erie County,OH,3/14/2026 5:00,0.0263622,0.018985543,0.004343499,0.003973626
39043,Erie County,OH,3/14/2026 6:00,0.025597831,0.017259147,0.0042674225,0.0038554596
39043,Erie County,OH,3/14/2026 7:00,0.02392529,0.015486027,0.0039978386,0.004306524
39043,Erie County,OH,3/14/2026 8:00,0.022441808,0.013562228,0.0037771529,0.0038214428
39043,Erie County,OH,3/14/2026 9:00,0.020909702,0.012624546,0.0036264528,0.0035941727
39043,Erie County,OH,3/14/2026 10:00,0.018985543,0.011524196,0.0036945748,0.003491653
39043,Erie County,OH,3/14/2026 11:00,0.017259147,0.010542178,0.0035488158,0.003200641
39043,Erie County,OH,3/14/2026 12:00,0.015486027,0.009293974,0.0033144825,0.002894728
39043,Erie County,OH,3/14/2026 13:00,0.013562228,0.008674011,0.0035959054,0.0025119747
39043,Erie County,OH,3/14/2026 14:00,0.012624546,0.007906286,0.003905637,0.0023260573
39043,Erie County,OH,3/14/2026 15:00,0.011524196,0.0069373567,0.0039629964,0.0020573738
39043,Erie County,OH,3/14/2026 16:00,0.010542178,0.006466141,0.0039514545,0.0020561889
39043,Erie County,OH,3/14/2026 17:00,0.009293974,0.006113697,0.0037138218,0.0016938411
39043,Erie County,OH,3/14/2026 18:00,0.008674011,0.0058983914,0.003623142,0.0016712162
39043,Erie County,OH,3/14/2026 19:00,0.007906286,0.0053177015,0.0032544634,0.0014731308
39043,Erie County,OH,3/14/2026 20:00,0.0069373567,0.005006175,0.0027293204,0.0013405004
39043,Erie County,OH,3/14/2026 21:00,0.006466141,0.0048013427,0.0025461812,0.0013244791
39043,Erie County,OH,3/14/2026 22:00,0.006113697,0.0045637605,0.0020010916,0.001323992
39043,Erie County,OH,3/14/2026 23:00,0.0058983914,0.004343499,0.0017486338,0.0010853678
39043,Erie County,OH,3/15/2026 0:00,0.0053177015,0.0042674225,0.0023114323,0.0011631418
39043,Erie County,OH,3/15/2026 1:00,0.005006175,0.0039978386,0.0025470087,0.0010737424
39043,Erie County,OH,3/15/2026 2:00,0.0048013427,0.0037771529,0.0029990918,0.0008290346
39043,Erie County,OH,3/15/2026 3:00,0.0045637605,0.0036264528,0.0038546,0.0008174459
39043,Erie County,OH,3/15/2026 4:00,0.004343499,0.0036945748,0.003950416,0.00086992554
39043,Erie County,OH,3/15/2026 5:00,0.0042674225,0.0035488158,0.003973626,0.000977984
39043,Erie County,OH,3/15/2026 6:00,0.0039978386,0.0033144825,0.0038554596,0.00093308405
39043,Erie County,OH,3/15/2026 7:00,0.0037771529,0.0035959054,0.004306524,0.00087280426
39043,Erie County,OH,3/15/2026 8:00,0.0036264528,0.003905637,0.0038214428,0.00078401435
39043,Erie County,OH,3/15/2026 9:00,0.0036945748,0.0039629964,0.0035941727,0.00085005624
39043,Erie County,OH,3/15/2026 10:00,0.0035488158,0.0039514545,0.003491653,0.00083777367
39043,Erie County,OH,3/15/2026 11:00,0.0033144825,0.0037138218,0.003200641,0.00080813456
39043,Erie County,OH,3/15/2026 12:00,0.0035959054,0.003623142,0.002894728,0.00083581073
39043,Erie County,OH,3/15/2026 13:00,0.003905637,0.0032544634,0.0025119747,0.00084739836
39043,Erie County,OH,3/15/2026 14:00,0.0039629964,0.0027293204,0.0023260573,0.0007321107
39043,Erie County,OH,3/15/2026 15:00,0.0039514545,0.0025461812,0.0020573738,0.0005674527
39043,Erie County,OH,3/15/2026 16:00,0.0037138218,0.0020010916,0.0020561889,0.00045458574
39043,Erie County,OH,3/15/2026 17:00,0.003623142,0.0017486338,0.0016938411,0.00035069257
39043,Erie County,OH,3/15/2026 18:00,0.0032544634,0.0023114323,0.0016712162,0.000358191
39043,Erie County,OH,3/15/2026 19:00,0.0027293204,0.0025470087,0.0014731308,0.0003046695
39043,Erie County,OH,3/15/2026 20:00,0.0025461812,0.0029990918,0.0013405004,0.00027015893
39043,Erie County,OH,3/15/2026 21:00,0.0020010916,0.0038546,0.0013244791,0.00029827465
39043,Erie County,OH,3/15/2026 22:00,0.0017486338,0.003950416,0.001323992,0.0003028774
39043,Erie County,OH,3/15/2026 23:00,0.0023114323,0.003973626,0.0010853678,0.00027958173
39043,Erie County,OH,3/16/2026 0:00,0.0025470087,0.0038554596,0.0011631418,0.00012480206
39043,Erie County,OH,3/16/2026 1:00,0.0029990918,0.004306524,0.0010737424,0.00010933371
39043,Erie County,OH,3/16/2026 2:00,0.0038546,0.0038214428,0.0008290346,8.613682e-05
39043,Erie County,OH,3/16/2026 3:00,0.003950416,0.0035941727,0.0008174459,3.870309e-05
39043,Erie County,OH,3/16/2026 4:00,0.003973626,0.003491653,0.00086992554,5.741322e-05
39043,Erie County,OH,3/16/2026 5:00,0.0038554596,0.003200641,0.000977984,0.00012167013
39043,Erie County,OH,3/16/2026 6:00,0.004306524,0.002894728,0.00093308405,0.00020489875
39043,Erie County,OH,3/16/2026 7:00,0.0038214428,0.0025119747,0.00087280426,0.000253297
39043,Erie County,OH,3/16/2026 8:00,0.0035941727,0.0023260573,0.00078401435,0.00032763355
39043,Erie County,OH,3/16/2026 9:00,0.003491653,0.0020573738,0.00085005624,0.00040431466
39043,Erie County,OH,3/16/2026 10:00,0.003200641,0.0020561889,0.00083777367,0.00038648013
39043,Erie County,OH,3/16/2026 11:00,0.002894728,0.0016938411,0.00080813456,0.0003565566
39043,Erie County,OH,3/16/2026 12:00,0.0025119747,0.0016712162,0.00083581073,0.00031103235
39043,Erie County,OH,3/16/2026 13:00,0.0023260573,0.0014731308,0.00084739836,0.00021389622
39043,Erie County,OH,3/16/2026 14:00,0.0020573738,0.0013405004,0.0007321107,0.0001987853
39043,Erie County,OH,3/16/2026 15:00,0.0020561889,0.0013244791,0.0005674527,0.00016509063
39043,Erie County,OH,3/16/2026 16:00,0.0016938411,0.001323992,0.00045458574,0.0001643266
39043,Erie County,OH,3/16/2026 17:00,0.0016712162,0.0010853678,0.00035069257,0.00016331478
39043,Erie County,OH,3/16/2026 18:00,0.0014731308,0.0011631418,0.000358191,6.754802e-05
39043,Erie County,OH,3/16/2026 19:00,0.0013405004,0.0010737424,0.0003046695,5.3983502e-05
39043,Erie County,OH,3/16/2026 20:00,0.0013244791,0.0008290346,0.00027015893,9.342812e-05
39043,Erie County,OH,3/16/2026 21:00,0.001323992,0.0008174459,0.00029827465,8.309071e-05
39043,Erie County,OH,3/16/2026 22:00,0.0010853678,0.00086992554,0.0003028774,0.00012190396
39043,Erie County,OH,3/16/2026 23:00,0.0011631418,0.000977984,0.00027958173,0.0001014155
39043,Erie County,OH,3/17/2026 0:00,0.0010737424,0.00093308405,0.00012480206,7.860381e-05
39043,Erie County,OH,3/17/2026 1:00,0.0008290346,0.00087280426,0.00010933371,6.727067e-05
39043,Erie County,OH,3/17/2026 2:00,0.0008174459,0.00078401435,8.613682e-05,7.0932416e-05
39043,Erie County,OH,3/17/2026 3:00,0.00086992554,0.00085005624,3.870309e-05,4.8945956e-05
39043,Erie County,OH,3/17/2026 4:00,0.000977984,0.00083777367,5.741322e-05,6.069624e-05
39043,Erie County,OH,3/17/2026 5:00,0.00093308405,0.00080813456,0.00012167013,9.375632e-05
39043,Erie County,OH,3/17/2026 6:00,0.00087280426,0.00083581073,0.00020489875,0.00010352373
39043,Erie County,OH,3/17/2026 7:00,0.00078401435,0.00084739836,0.000253297,9.436708e-05
39043,Erie County,OH,3/17/2026 8:00,0.00085005624,0.0007321107,0.00032763355,0.000114628834
39043,Erie County,OH,3/17/2026 9:00,0.00083777367,0.0005674527,0.00040431466,0.00017879215
39043,Erie County,OH,3/17/2026 10:00,0.00080813456,0.00045458574,0.00038648013,0.00014170069
39043,Erie County,OH,3/17/2026 11:00,0.00083581073,0.00035069257,0.0003565566,0.00011707775
39043,Erie County,OH,3/17/2026 12:00,0.00084739836,0.000358191,0.00031103235,0.00010798054
39043,Erie County,OH,3/17/2026 13:00,0.0007321107,0.0003046695,0.00021389622,0.0001462223
39043,Erie County,OH,3/17/2026 14:00,0.0005674527,0.00027015893,0.0001987853,7.1662165e-05
39043,Erie County,OH,3/17/2026 15:00,0.00045458574,0.00029827465,0.00016509063,5.465401e-05
39043,Erie County,OH,3/17/2026 16:00,0.00035069257,0.0003028774,0.0001643266,6.591522e-05
39043,Erie County,OH,3/17/2026 17:00,0.000358191,0.00027958173,0.00016331478,9.207995e-05
39043,Erie County,OH,3/17/2026 18:00,0.0003046695,0.00012480206,6.754802e-05,2.7688011e-05
39043,Erie County,OH,3/17/2026 19:00,0.00027015893,0.00010933371,5.3983502e-05,7.6599724e-07
39043,Erie County,OH,3/17/2026 20:00,0.00029827465,8.613682e-05,9.342812e-05,2.952718e-06
39043,Erie County,OH,3/17/2026 21:00,0.0003028774,3.870309e-05,8.309071e-05,2.561755e-05
39043,Erie County,OH,3/17/2026 22:00,0.00027958173,5.741322e-05,0.00012190396,3.1408723e-05
39043,Erie County,OH,3/17/2026 23:00,0.00012480206,0.00012167013,0.0001014155,1.7140901e-05
39043,Erie County,OH,3/18/2026 0:00,0.00010933371,0.00020489875,7.860381e-05,
39043,Erie County,OH,3/18/2026 1:00,8.613682e-05,0.000253297,6.727067e-05,
39043,Erie County,OH,3/18/2026 2:00,3.870309e-05,0.00032763355,7.0932416e-05,
39043,Erie County,OH,3/18/2026 3:00,5.741322e-05,0.00040431466,4.8945956e-05,
39043,Erie County,OH,3/18/2026 4:00,0.00012167013,0.00038648013,6.069624e-05,
39043,Erie County,OH,3/18/2026 5:00,0.00020489875,0.0003565566,9.375632e-05,
39043,Erie County,OH,3/18/2026 6:00,0.000253297,0.00031103235,0.00010352373,
39043,Erie County,OH,3/18/2026 7:00,0.00032763355,0.00021389622,9.436708e-05,
39043,Erie County,OH,3/18/2026 8:00,0.00040431466,0.0001987853,0.000114628834,
39043,Erie County,OH,3/18/2026 9:00,0.00038648013,0.00016509063,0.00017879215,
39043,Erie County,OH,3/18/2026 10:00,0.0003565566,0.0001643266,0.00014170069,
39043,Erie County,OH,3/18/2026 11:00,0.00031103235,0.00016331478,0.00011707775,
39043,Erie County,OH,3/18/2026 12:00,0.00021389622,6.754802e-05,0.00010798054,
39043,Erie County,OH,3/18/2026 13:00,0.0001987853,5.3983502e-05,0.0001462223,
39043,Erie County,OH,3/18/2026 14:00,0.00016509063,9.342812e-05,7.1662165e-05,
39043,Erie County,OH,3/18/2026 15:00,0.0001643266,8.309071e-05,5.465401e-05,
39043,Erie County,OH,3/18/2026 16:00,0.00016331478,0.00012190396,6.591522e-05,
39043,Erie County,OH,3/18/2026 17:00,6.754802e-05,0.0001014155,9.207995e-05,
39043,Erie County,OH,3/18/2026 18:00,5.3983502e-05,7.860381e-05,2.7688011e-05,
39043,Erie County,OH,3/18/2026 19:00,9.342812e-05,6.727067e-05,7.6599724e-07,
39043,Erie County,OH,3/18/2026 20:00,8.309071e-05,7.0932416e-05,2.952718e-06,
39043,Erie County,OH,3/18/2026 21:00,0.00012190396,4.8945956e-05,2.561755e-05,
39043,Erie County,OH,3/18/2026 22:00,0.0001014155,6.069624e-05,3.1408723e-05,
39043,Erie County,OH,3/18/2026 23:00,7.860381e-05,9.375632e-05,1.7140901e-05,
39043,Erie County,OH,3/19/2026 0:00,6.727067e-05,0.00010352373,,
39043,Erie County,OH,3/19/2026 1:00,7.0932416e-05,9.436708e-05,,
39043,Erie County,OH,3/19/2026 2:00,4.8945956e-05,0.000114628834,,
39043,Erie County,OH,3/19/2026 3:00,6.069624e-05,0.00017879215,,
39043,Erie County,OH,3/19/2026 4:00,9.375632e-05,0.00014170069,,
39043,Erie County,OH,3/19/2026 5:00,0.00010352373,0.00011707775,,
39043,Erie County,OH,3/19/2026 6:00,9.436708e-05,0.00010798054,,
39043,Erie County,OH,3/19/2026 7:00,0.000114628834,0.0001462223,,
39043,Erie County,OH,3/19/2026 8:00,0.00017879215,7.1662165e-05,,
39043,Erie County,OH,3/19/2026 9:00,0.00014170069,5.465401e-05,,
39043,Erie County,OH,3/19/2026 10:00,0.00011707775,6.591522e-05,,
39043,Erie County,OH,3/19/2026 11:00,0.00010798054,9.207995e-05,,
39043,Erie County,OH,3/19/2026 12:00,0.0001462223,2.7688011e-05,,
39043,Erie County,OH,3/19/2026 13:00,7.1662165e-05,7.6599724e-07,,
39043,Erie County,OH,3/19/2026 14:00,5.465401e-05,2.952718e-06,,
39043,Erie County,OH,3/19/2026 15:00,6.591522e-05,2.561755e-05,,
39043,Erie County,OH,3/19/2026 16:00,9.207995e-05,3.1408723e-05,,
39043,Erie County,OH,3/19/2026 17:00,2.7688011e-05,1.7140901e-05,,
39043,Erie County,OH,3/19/2026 18:00,7.6599724e-07,,,
39043,Erie County,OH,3/19/2026 19:00,2.952718e-06,,,
39043,Erie County,OH,3/19/2026 20:00,2.561755e-05,,,
39043,Erie County,OH,3/19/2026 21:00,3.1408723e-05,,,
39043,Erie County,OH,3/19/2026 22:00,1.7140901e-05,,,
39043,Erie County,OH,3/19/2026 23:00,,,,
39047,Fayette County,OH,3/14/2026 0:00,0.008407101,0.005636454,0.000998312,0.002165943
39047,Fayette County,OH,3/14/2026 1:00,0.0077780513,0.005228903,0.0009353448,0.0020531826
39047,Fayette County,OH,3/14/2026 2:00,0.0072128437,0.004942626,0.0008232931,0.0020638101
39047,Fayette County,OH,3/14/2026 3:00,0.006604331,0.004348275,0.0007623479,0.002097386
39047,Fayette County,OH,3/14/2026 4:00,0.0061466973,0.0038824887,0.00075714855,0.0021972517
39047,Fayette County,OH,3/14/2026 5:00,0.005636454,0.0036635362,0.0006720507,0.0028995094
39047,Fayette County,OH,3/14/2026 6:00,0.005228903,0.003506662,0.00067944685,0.0030760714
39047,Fayette County,OH,3/14/2026 7:00,0.004942626,0.0032592816,0.00070682005,0.0028605848
39047,Fayette County,OH,3/14/2026 8:00,0.004348275,0.0031375107,0.0009126123,0.0028716219
39047,Fayette County,OH,3/14/2026 9:00,0.0038824887,0.0030395342,0.00081254716,0.0026011528
39047,Fayette County,OH,3/14/2026 10:00,0.0036635362,0.002520756,0.00080412574,0.0023818454
39047,Fayette County,OH,3/14/2026 11:00,0.003506662,0.002014492,0.0009986546,0.0019231825
39047,Fayette County,OH,3/14/2026 12:00,0.0032592816,0.0019634254,0.0012584457,0.0017167609
39047,Fayette County,OH,3/14/2026 13:00,0.0031375107,0.0018738089,0.001855199,0.0014267506
39047,Fayette County,OH,3/14/2026 14:00,0.0030395342,0.0017425431,0.0028660877,0.001263534
39047,Fayette County,OH,3/14/2026 15:00,0.002520756,0.0015180551,0.0036066019,0.0010741847
39047,Fayette County,OH,3/14/2026 16:00,0.002014492,0.001390155,0.0036307217,0.00093293894
39047,Fayette County,OH,3/14/2026 17:00,0.0019634254,0.0011437596,0.0039067706,0.0008720513
39047,Fayette County,OH,3/14/2026 18:00,0.0018738089,0.000998312,0.0035597454,0.0009353915
39047,Fayette County,OH,3/14/2026 19:00,0.0017425431,0.0009353448,0.0031796908,0.0008904231
39047,Fayette County,OH,3/14/2026 20:00,0.0015180551,0.0008232931,0.0027378504,0.000711673
39047,Fayette County,OH,3/14/2026 21:00,0.001390155,0.0007623479,0.0028322686,0.0004701626
39047,Fayette County,OH,3/14/2026 22:00,0.0011437596,0.00075714855,0.0026698476,0.0004067547
39047,Fayette County,OH,3/14/2026 23:00,0.000998312,0.0006720507,0.0024496412,0.00034291926
39047,Fayette County,OH,3/15/2026 0:00,0.0009353448,0.00067944685,0.002165943,0.00030205125
39047,Fayette County,OH,3/15/2026 1:00,0.0008232931,0.00070682005,0.0020531826,0.00029954495
39047,Fayette County,OH,3/15/2026 2:00,0.0007623479,0.0009126123,0.0020638101,0.00020496998
39047,Fayette County,OH,3/15/2026 3:00,0.00075714855,0.00081254716,0.002097386,0.0001485128
39047,Fayette County,OH,3/15/2026 4:00,0.0006720507,0.00080412574,0.0021972517,0.00013684394
39047,Fayette County,OH,3/15/2026 5:00,0.00067944685,0.0009986546,0.0028995094,0.00013675218
39047,Fayette County,OH,3/15/2026 6:00,0.00070682005,0.0012584457,0.0030760714,0.00018848918
39047,Fayette County,OH,3/15/2026 7:00,0.0009126123,0.001855199,0.0028605848,0.00029029296
39047,Fayette County,OH,3/15/2026 8:00,0.00081254716,0.0028660877,0.0028716219,0.00044160348
39047,Fayette County,OH,3/15/2026 9:00,0.00080412574,0.0036066019,0.0026011528,0.0004727194
39047,Fayette County,OH,3/15/2026 10:00,0.0009986546,0.0036307217,0.0023818454,0.0003983433
39047,Fayette County,OH,3/15/2026 11:00,0.0012584457,0.0039067706,0.0019231825,0.00031129364
39047,Fayette County,OH,3/15/2026 12:00,0.001855199,0.0035597454,0.0017167609,0.00015840828
39047,Fayette County,OH,3/15/2026 13:00,0.0028660877,0.0031796908,0.0014267506,0.00022771256
39047,Fayette County,OH,3/15/2026 14:00,0.0036066019,0.0027378504,0.001263534,0.00025713065
39047,Fayette County,OH,3/15/2026 15:00,0.0036307217,0.0028322686,0.0010741847,0.00032037235
39047,Fayette County,OH,3/15/2026 16:00,0.0039067706,0.0026698476,0.00093293894,0.00034288294
39047,Fayette County,OH,3/15/2026 17:00,0.0035597454,0.0024496412,0.0008720513,0.00025993452
39047,Fayette County,OH,3/15/2026 18:00,0.0031796908,0.002165943,0.0009353915,0.00021769223
39047,Fayette County,OH,3/15/2026 19:00,0.0027378504,0.0020531826,0.0008904231,0.0002019744
39047,Fayette County,OH,3/15/2026 20:00,0.0028322686,0.0020638101,0.000711673,0.00021076428
39047,Fayette County,OH,3/15/2026 21:00,0.0026698476,0.002097386,0.0004701626,0.00019725485
39047,Fayette County,OH,3/15/2026 22:00,0.0024496412,0.0021972517,0.0004067547,0.000227005
39047,Fayette County,OH,3/15/2026 23:00,0.002165943,0.0028995094,0.00034291926,0.00019793748
39047,Fayette County,OH,3/16/2026 0:00,0.0020531826,0.0030760714,0.00030205125,4.7635116e-05
39047,Fayette County,OH,3/16/2026 1:00,0.0020638101,0.0028605848,0.00029954495,2.4356446e-05
39047,Fayette County,OH,3/16/2026 2:00,0.002097386,0.0028716219,0.00020496998,6.390905e-05
39047,Fayette County,OH,3/16/2026 3:00,0.0021972517,0.0026011528,0.0001485128,0.00013770274
39047,Fayette County,OH,3/16/2026 4:00,0.0028995094,0.0023818454,0.00013684394,0.00017897302
39047,Fayette County,OH,3/16/2026 5:00,0.0030760714,0.0019231825,0.00013675218,0.00026005323
39047,Fayette County,OH,3/16/2026 6:00,0.0028605848,0.0017167609,0.00018848918,0.0002942813
39047,Fayette County,OH,3/16/2026 7:00,0.0028716219,0.0014267506,0.00029029296,0.0004167939
39047,Fayette County,OH,3/16/2026 8:00,0.0026011528,0.001263534,0.00044160348,0.000639573
39047,Fayette County,OH,3/16/2026 9:00,0.0023818454,0.0010741847,0.0004727194,0.00095155137
39047,Fayette County,OH,3/16/2026 10:00,0.0019231825,0.00093293894,0.0003983433,0.0011948198
39047,Fayette County,OH,3/16/2026 11:00,0.0017167609,0.0008720513,0.00031129364,0.0010409956
39047,Fayette County,OH,3/16/2026 12:00,0.0014267506,0.0009353915,0.00015840828,0.0007202681
39047,Fayette County,OH,3/16/2026 13:00,0.001263534,0.0008904231,0.00022771256,0.0004790348
39047,Fayette County,OH,3/16/2026 14:00,0.0010741847,0.000711673,0.00025713065,0.00039965578
39047,Fayette County,OH,3/16/2026 15:00,0.00093293894,0.0004701626,0.00032037235,0.00032236558
39047,Fayette County,OH,3/16/2026 16:00,0.0008720513,0.0004067547,0.00034288294,0.0002548552
39047,Fayette County,OH,3/16/2026 17:00,0.0009353915,0.00034291926,0.00025993452,0.0002378421
39047,Fayette County,OH,3/16/2026 18:00,0.0008904231,0.00030205125,0.00021769223,0.00014866418
39047,Fayette County,OH,3/16/2026 19:00,0.000711673,0.00029954495,0.0002019744,9.4505594e-05
39047,Fayette County,OH,3/16/2026 20:00,0.0004701626,0.00020496998,0.00021076428,9.994913e-05
39047,Fayette County,OH,3/16/2026 21:00,0.0004067547,0.0001485128,0.00019725485,0.0001157189
39047,Fayette County,OH,3/16/2026 22:00,0.00034291926,0.00013684394,0.000227005,0.0001270036
39047,Fayette County,OH,3/16/2026 23:00,0.00030205125,0.00013675218,0.00019793748,0.00010990975
39047,Fayette County,OH,3/17/2026 0:00,0.00029954495,0.00018848918,4.7635116e-05,0.00012442938
39047,Fayette County,OH,3/17/2026 1:00,0.00020496998,0.00029029296,2.4356446e-05,0.00012380793
39047,Fayette County,OH,3/17/2026 2:00,0.0001485128,0.00044160348,6.390905e-05,0.00012927993
39047,Fayette County,OH,3/17/2026 3:00,0.00013684394,0.0004727194,0.00013770274,0.000160548
39047,Fayette County,OH,3/17/2026 4:00,0.00013675218,0.0003983433,0.00017897302,0.00017842797
39047,Fayette County,OH,3/17/2026 5:00,0.00018848918,0.00031129364,0.00026005323,0.00022328614
39047,Fayette County,OH,3/17/2026 6:00,0.00029029296,0.00015840828,0.0002942813,0.00024937588
39047,Fayette County,OH,3/17/2026 7:00,0.00044160348,0.00022771256,0.0004167939,0.0002975044
39047,Fayette County,OH,3/17/2026 8:00,0.0004727194,0.00025713065,0.000639573,0.00029123775
39047,Fayette County,OH,3/17/2026 9:00,0.0003983433,0.00032037235,0.00095155137,0.00029840105
39047,Fayette County,OH,3/17/2026 10:00,0.00031129364,0.00034288294,0.0011948198,0.00025429617
39047,Fayette County,OH,3/17/2026 11:00,0.00015840828,0.00025993452,0.0010409956,0.00025771334
39047,Fayette County,OH,3/17/2026 12:00,0.00022771256,0.00021769223,0.0007202681,0.00025979
39047,Fayette County,OH,3/17/2026 13:00,0.00025713065,0.0002019744,0.0004790348,0.0002938732
39047,Fayette County,OH,3/17/2026 14:00,0.00032037235,0.00021076428,0.00039965578,0.00026538371
39047,Fayette County,OH,3/17/2026 15:00,0.00034288294,0.00019725485,0.00032236558,0.00028285352
39047,Fayette County,OH,3/17/2026 16:00,0.00025993452,0.000227005,0.0002548552,0.00023913404
39047,Fayette County,OH,3/17/2026 17:00,0.00021769223,0.00019793748,0.0002378421,0.00016023476
39047,Fayette County,OH,3/17/2026 18:00,0.0002019744,4.7635116e-05,0.00014866418,0.00012054907
39047,Fayette County,OH,3/17/2026 19:00,0.00021076428,2.4356446e-05,9.4505594e-05,0.000128976
39047,Fayette County,OH,3/17/2026 20:00,0.00019725485,6.390905e-05,9.994913e-05,0.00016858723
39047,Fayette County,OH,3/17/2026 21:00,0.000227005,0.00013770274,0.0001157189,0.00015257948
39047,Fayette County,OH,3/17/2026 22:00,0.00019793748,0.00017897302,0.0001270036,0.00015908011
39047,Fayette County,OH,3/17/2026 23:00,4.7635116e-05,0.00026005323,0.00010990975,0.00016924362
39047,Fayette County,OH,3/18/2026 0:00,2.4356446e-05,0.0002942813,0.00012442938,
39047,Fayette County,OH,3/18/2026 1:00,6.390905e-05,0.0004167939,0.00012380793,
39047,Fayette County,OH,3/18/2026 2:00,0.00013770274,0.000639573,0.00012927993,
39047,Fayette County,OH,3/18/2026 3:00,0.00017897302,0.00095155137,0.000160548,
39047,Fayette County,OH,3/18/2026 4:00,0.00026005323,0.0011948198,0.00017842797,
39047,Fayette County,OH,3/18/2026 5:00,0.0002942813,0.0010409956,0.00022328614,
39047,Fayette County,OH,3/18/2026 6:00,0.0004167939,0.0007202681,0.00024937588,
39047,Fayette County,OH,3/18/2026 7:00,0.000639573,0.0004790348,0.0002975044,
39047,Fayette County,OH,3/18/2026 8:00,0.00095155137,0.00039965578,0.00029123775,
39047,Fayette County,OH,3/18/2026 9:00,0.0011948198,0.00032236558,0.00029840105,
39047,Fayette County,OH,3/18/2026 10:00,0.0010409956,0.0002548552,0.00025429617,
39047,Fayette County,OH,3/18/2026 11:00,0.0007202681,0.0002378421,0.00025771334,
39047,Fayette County,OH,3/18/2026 12:00,0.0004790348,0.00014866418,0.00025979,
39047,Fayette County,OH,3/18/2026 13:00,0.00039965578,9.4505594e-05,0.0002938732,
39047,Fayette County,OH,3/18/2026 14:00,0.00032236558,9.994913e-05,0.00026538371,
39047,Fayette County,OH,3/18/2026 15:00,0.0002548552,0.0001157189,0.00028285352,
39047,Fayette County,OH,3/18/2026 16:00,0.0002378421,0.0001270036,0.00023913404,
39047,Fayette County,OH,3/18/2026 17:00,0.00014866418,0.00010990975,0.00016023476,
39047,Fayette County,OH,3/18/2026 18:00,9.4505594e-05,0.00012442938,0.00012054907,
39047,Fayette County,OH,3/18/2026 19:00,9.994913e-05,0.00012380793,0.000128976,
39047,Fayette County,OH,3/18/2026 20:00,0.0001157189,0.00012927993,0.00016858723,
39047,Fayette County,OH,3/18/2026 21:00,0.0001270036,0.000160548,0.00015257948,
39047,Fayette County,OH,3/18/2026 22:00,0.00010990975,0.00017842797,0.00015908011,
39047,Fayette County,OH,3/18/2026 23:00,0.00012442938,0.00022328614,0.00016924362,
39047,Fayette County,OH,3/19/2026 0:00,0.00012380793,0.00024937588,,
39047,Fayette County,OH,3/19/2026 1:00,0.00012927993,0.0002975044,,
39047,Fayette County,OH,3/19/2026 2:00,0.000160548,0.00029123775,,
39047,Fayette County,OH,3/19/2026 3:00,0.00017842797,0.00029840105,,
39047,Fayette County,OH,3/19/2026 4:00,0.00022328614,0.00025429617,,
39047,Fayette County,OH,3/19/2026 5:00,0.00024937588,0.00025771334,,
39047,Fayette County,OH,3/19/2026 6:00,0.0002975044,0.00025979,,
39047,Fayette County,OH,3/19/2026 7:00,0.00029123775,0.0002938732,,
39047,Fayette County,OH,3/19/2026 8:00,0.00029840105,0.00026538371,,
39047,Fayette County,OH,3/19/2026 9:00,0.00025429617,0.00028285352,,
39047,Fayette County,OH,3/19/2026 10:00,0.00025771334,0.00023913404,,
39047,Fayette County,OH,3/19/2026 11:00,0.00025979,0.00016023476,,
39047,Fayette County,OH,3/19/2026 12:00,0.0002938732,0.00012054907,,
39047,Fayette County,OH,3/19/2026 13:00,0.00026538371,0.000128976,,
39047,Fayette County,OH,3/19/2026 14:00,0.00028285352,0.00016858723,,
39047,Fayette County,OH,3/19/2026 15:00,0.00023913404,0.00015257948,,
39047,Fayette County,OH,3/19/2026 16:00,0.00016023476,0.00015908011,,
39047,Fayette County,OH,3/19/2026 17:00,0.00012054907,0.00016924362,,
39047,Fayette County,OH,3/19/2026 18:00,0.000128976,,,
39047,Fayette County,OH,3/19/2026 19:00,0.00016858723,,,
39047,Fayette County,OH,3/19/2026 20:00,0.00015257948,,,
39047,Fayette County,OH,3/19/2026 21:00,0.00015908011,,,
39047,Fayette County,OH,3/19/2026 22:00,0.00016924362,,,
39047,Fayette County,OH,3/19/2026 23:00,,,,
39057,Greene County,OH,3/14/2026 0:00,0.02913486,0.020727335,0.0036633813,0.0023464533
39057,Greene County,OH,3/14/2026 1:00,0.025126945,0.019339679,0.003416372,0.002272124
39057,Greene County,OH,3/14/2026 2:00,0.02300519,0.018525347,0.0030675188,0.0025639627
39057,Greene County,OH,3/14/2026 3:00,0.022133408,0.01638753,0.0029053965,0.0020759911
39057,Greene County,OH,3/14/2026 4:00,0.021337876,0.015269372,0.002660558,0.0025066256
39057,Greene County,OH,3/14/2026 5:00,0.020727335,0.013472896,0.0025499961,0.0031857374
39057,Greene County,OH,3/14/2026 6:00,0.019339679,0.012393506,0.0024849647,0.0031756843
39057,Greene County,OH,3/14/2026 7:00,0.018525347,0.011308763,0.0025459114,0.0032046025
39057,Greene County,OH,3/14/2026 8:00,0.01638753,0.010410303,0.002591009,0.0032233575
39057,Greene County,OH,3/14/2026 9:00,0.015269372,0.009487142,0.0026502293,0.003171025
39057,Greene County,OH,3/14/2026 10:00,0.013472896,0.007904193,0.002773693,0.0028351666
39057,Greene County,OH,3/14/2026 11:00,0.012393506,0.0069014877,0.0034497697,0.0024736607
39057,Greene County,OH,3/14/2026 12:00,0.011308763,0.006290929,0.004013128,0.00228151
39057,Greene County,OH,3/14/2026 13:00,0.010410303,0.0057179444,0.004884816,0.0018593178
39057,Greene County,OH,3/14/2026 14:00,0.009487142,0.005223263,0.0058924253,0.0017258043
39057,Greene County,OH,3/14/2026 15:00,0.007904193,0.0047418484,0.005740519,0.0012640622
39057,Greene County,OH,3/14/2026 16:00,0.0069014877,0.0042957803,0.005255738,0.0011598847
39057,Greene County,OH,3/14/2026 17:00,0.006290929,0.0039509563,0.004905013,0.0009896248
39057,Greene County,OH,3/14/2026 18:00,0.0057179444,0.0036633813,0.0043975404,0.00094390067
39057,Greene County,OH,3/14/2026 19:00,0.005223263,0.003416372,0.004172331,0.0009338031
39057,Greene County,OH,3/14/2026 20:00,0.0047418484,0.0030675188,0.0035332968,0.00072151347
39057,Greene County,OH,3/14/2026 21:00,0.0042957803,0.0029053965,0.003186734,0.0006433733
39057,Greene County,OH,3/14/2026 22:00,0.0039509563,0.002660558,0.0026428592,0.0005946123
39057,Greene County,OH,3/14/2026 23:00,0.0036633813,0.0025499961,0.0025101153,0.0005898278
39057,Greene County,OH,3/15/2026 0:00,0.003416372,0.0024849647,0.0023464533,0.0005554022
39057,Greene County,OH,3/15/2026 1:00,0.0030675188,0.0025459114,0.002272124,0.0005290369
39057,Greene County,OH,3/15/2026 2:00,0.0029053965,0.002591009,0.0025639627,0.00048246846
39057,Greene County,OH,3/15/2026 3:00,0.002660558,0.0026502293,0.0020759911,0.00041346575
39057,Greene County,OH,3/15/2026 4:00,0.0025499961,0.002773693,0.0025066256,0.00043545748
39057,Greene County,OH,3/15/2026 5:00,0.0024849647,0.0034497697,0.0031857374,0.00042126537
39057,Greene County,OH,3/15/2026 6:00,0.0025459114,0.004013128,0.0031756843,0.000362041
39057,Greene County,OH,3/15/2026 7:00,0.002591009,0.004884816,0.0032046025,0.00028331229
39057,Greene County,OH,3/15/2026 8:00,0.0026502293,0.0058924253,0.0032233575,0.00046544062
39057,Greene County,OH,3/15/2026 9:00,0.002773693,0.005740519,0.003171025,0.0005495511
39057,Greene County,OH,3/15/2026 10:00,0.0034497697,0.005255738,0.0028351666,0.00060210784
39057,Greene County,OH,3/15/2026 11:00,0.004013128,0.004905013,0.0024736607,0.0006409328
39057,Greene County,OH,3/15/2026 12:00,0.004884816,0.0043975404,0.00228151,0.0006080331
39057,Greene County,OH,3/15/2026 13:00,0.0058924253,0.004172331,0.0018593178,0.00061704183
39057,Greene County,OH,3/15/2026 14:00,0.005740519,0.0035332968,0.0017258043,0.00047100996
39057,Greene County,OH,3/15/2026 15:00,0.005255738,0.003186734,0.0012640622,0.0003090143
39057,Greene County,OH,3/15/2026 16:00,0.004905013,0.0026428592,0.0011598847,0.0002488503
39057,Greene County,OH,3/15/2026 17:00,0.0043975404,0.0025101153,0.0009896248,0.00025579106
39057,Greene County,OH,3/15/2026 18:00,0.004172331,0.0023464533,0.00094390067,0.00019320533
39057,Greene County,OH,3/15/2026 19:00,0.0035332968,0.002272124,0.0009338031,0.0001416722
39057,Greene County,OH,3/15/2026 20:00,0.003186734,0.0025639627,0.00072151347,8.456733e-05
39057,Greene County,OH,3/15/2026 21:00,0.0026428592,0.0020759911,0.0006433733,0.000104943436
39057,Greene County,OH,3/15/2026 22:00,0.0025101153,0.0025066256,0.0005946123,0.00010891209
39057,Greene County,OH,3/15/2026 23:00,0.0023464533,0.0031857374,0.0005898278,0.00014637188
39057,Greene County,OH,3/16/2026 0:00,0.002272124,0.0031756843,0.0005554022,9.526669e-05
39057,Greene County,OH,3/16/2026 1:00,0.0025639627,0.0032046025,0.0005290369,7.0064293e-06
39057,Greene County,OH,3/16/2026 2:00,0.0020759911,0.0032233575,0.00048246846,3.0607232e-05
39057,Greene County,OH,3/16/2026 3:00,0.0025066256,0.003171025,0.00041346575,5.794481e-05
39057,Greene County,OH,3/16/2026 4:00,0.0031857374,0.0028351666,0.00043545748,0.0001047079
39057,Greene County,OH,3/16/2026 5:00,0.0031756843,0.0024736607,0.00042126537,0.00017003219
39057,Greene County,OH,3/16/2026 6:00,0.0032046025,0.00228151,0.000362041,0.00017737258
39057,Greene County,OH,3/16/2026 7:00,0.0032233575,0.0018593178,0.00028331229,0.00026669126
39057,Greene County,OH,3/16/2026 8:00,0.003171025,0.0017258043,0.00046544062,0.00033002676
39057,Greene County,OH,3/16/2026 9:00,0.0028351666,0.0012640622,0.0005495511,0.0003954362
39057,Greene County,OH,3/16/2026 10:00,0.0024736607,0.0011598847,0.00060210784,0.0003703746
39057,Greene County,OH,3/16/2026 11:00,0.00228151,0.0009896248,0.0006409328,0.00034012552
39057,Greene County,OH,3/16/2026 12:00,0.0018593178,0.00094390067,0.0006080331,0.00030369684
39057,Greene County,OH,3/16/2026 13:00,0.0017258043,0.0009338031,0.00061704183,0.00032599634
39057,Greene County,OH,3/16/2026 14:00,0.0012640622,0.00072151347,0.00047100996,0.000317796
39057,Greene County,OH,3/16/2026 15:00,0.0011598847,0.0006433733,0.0003090143,0.0002227857
39057,Greene County,OH,3/16/2026 16:00,0.0009896248,0.0005946123,0.0002488503,0.00014876793
39057,Greene County,OH,3/16/2026 17:00,0.00094390067,0.0005898278,0.00025579106,0.0001362825
39057,Greene County,OH,3/16/2026 18:00,0.0009338031,0.0005554022,0.00019320533,0.000146267
39057,Greene County,OH,3/16/2026 19:00,0.00072151347,0.0005290369,0.0001416722,0.0001268936
39057,Greene County,OH,3/16/2026 20:00,0.0006433733,0.00048246846,8.456733e-05,0.00010211633
39057,Greene County,OH,3/16/2026 21:00,0.0005946123,0.00041346575,0.000104943436,2.2892902e-05
39057,Greene County,OH,3/16/2026 22:00,0.0005898278,0.00043545748,0.00010891209,2.6344893e-05
39057,Greene County,OH,3/16/2026 23:00,0.0005554022,0.00042126537,0.00014637188,3.8837614e-05
39057,Greene County,OH,3/17/2026 0:00,0.0005290369,0.000362041,9.526669e-05,3.3236676e-05
39057,Greene County,OH,3/17/2026 1:00,0.00048246846,0.00028331229,7.0064293e-06,3.340507e-05
39057,Greene County,OH,3/17/2026 2:00,0.00041346575,0.00046544062,3.0607232e-05,4.585859e-05
39057,Greene County,OH,3/17/2026 3:00,0.00043545748,0.0005495511,5.794481e-05,7.387498e-05
39057,Greene County,OH,3/17/2026 4:00,0.00042126537,0.00060210784,0.0001047079,9.1597605e-05
39057,Greene County,OH,3/17/2026 5:00,0.000362041,0.0006409328,0.00017003219,0.00010715239
39057,Greene County,OH,3/17/2026 6:00,0.00028331229,0.0006080331,0.00017737258,0.0001212728
39057,Greene County,OH,3/17/2026 7:00,0.00046544062,0.00061704183,0.00026669126,0.00012875762
39057,Greene County,OH,3/17/2026 8:00,0.0005495511,0.00047100996,0.00033002676,0.00016497607
39057,Greene County,OH,3/17/2026 9:00,0.00060210784,0.0003090143,0.0003954362,0.00030955047
39057,Greene County,OH,3/17/2026 10:00,0.0006409328,0.0002488503,0.0003703746,0.00034196014
39057,Greene County,OH,3/17/2026 11:00,0.0006080331,0.00025579106,0.00034012552,0.00031215185
39057,Greene County,OH,3/17/2026 12:00,0.00061704183,0.00019320533,0.00030369684,0.0002878827
39057,Greene County,OH,3/17/2026 13:00,0.00047100996,0.0001416722,0.00032599634,0.00026267115
39057,Greene County,OH,3/17/2026 14:00,0.0003090143,8.456733e-05,0.000317796,0.00019961962
39057,Greene County,OH,3/17/2026 15:00,0.0002488503,0.000104943436,0.0002227857,0.00026973902
39057,Greene County,OH,3/17/2026 16:00,0.00025579106,0.00010891209,0.00014876793,0.00026460626
39057,Greene County,OH,3/17/2026 17:00,0.00019320533,0.00014637188,0.0001362825,0.00013904355
39057,Greene County,OH,3/17/2026 18:00,0.0001416722,9.526669e-05,0.000146267,0.00012488251
39057,Greene County,OH,3/17/2026 19:00,8.456733e-05,7.0064293e-06,0.0001268936,5.1928877e-05
39057,Greene County,OH,3/17/2026 20:00,0.000104943436,3.0607232e-05,0.00010211633,0.000114181654
39057,Greene County,OH,3/17/2026 21:00,0.00010891209,5.794481e-05,2.2892902e-05,0.00016062145
39057,Greene County,OH,3/17/2026 22:00,0.00014637188,0.0001047079,2.6344893e-05,0.0001561853
39057,Greene County,OH,3/17/2026 23:00,9.526669e-05,0.00017003219,3.8837614e-05,6.098571e-05
39057,Greene County,OH,3/18/2026 0:00,7.0064293e-06,0.00017737258,3.3236676e-05,
39057,Greene County,OH,3/18/2026 1:00,3.0607232e-05,0.00026669126,3.340507e-05,
39057,Greene County,OH,3/18/2026 2:00,5.794481e-05,0.00033002676,4.585859e-05,
39057,Greene County,OH,3/18/2026 3:00,0.0001047079,0.0003954362,7.387498e-05,
39057,Greene County,OH,3/18/2026 4:00,0.00017003219,0.0003703746,9.1597605e-05,
39057,Greene County,OH,3/18/2026 5:00,0.00017737258,0.00034012552,0.00010715239,
39057,Greene County,OH,3/18/2026 6:00,0.00026669126,0.00030369684,0.0001212728,
39057,Greene County,OH,3/18/2026 7:00,0.00033002676,0.00032599634,0.00012875762,
39057,Greene County,OH,3/18/2026 8:00,0.0003954362,0.000317796,0.00016497607,
39057,Greene County,OH,3/18/2026 9:00,0.0003703746,0.0002227857,0.00030955047,
39057,Greene County,OH,3/18/2026 10:00,0.00034012552,0.00014876793,0.00034196014,
39057,Greene County,OH,3/18/2026 11:00,0.00030369684,0.0001362825,0.00031215185,
39057,Greene County,OH,3/18/2026 12:00,0.00032599634,0.000146267,0.0002878827,
39057,Greene County,OH,3/18/2026 13:00,0.000317796,0.0001268936,0.00026267115,
39057,Greene County,OH,3/18/2026 14:00,0.0002227857,0.00010211633,0.00019961962,
39057,Greene County,OH,3/18/2026 15:00,0.00014876793,2.2892902e-05,0.00026973902,
39057,Greene County,OH,3/18/2026 16:00,0.0001362825,2.6344893e-05,0.00026460626,
39057,Greene County,OH,3/18/2026 17:00,0.000146267,3.8837614e-05,0.00013904355,
39057,Greene County,OH,3/18/2026 18:00,0.0001268936,3.3236676e-05,0.00012488251,
39057,Greene County,OH,3/18/2026 19:00,0.00010211633,3.340507e-05,5.1928877e-05,
39057,Greene County,OH,3/18/2026 20:00,2.2892902e-05,4.585859e-05,0.000114181654,
39057,Greene County,OH,3/18/2026 21:00,2.6344893e-05,7.387498e-05,0.00016062145,
39057,Greene County,OH,3/18/2026 22:00,3.8837614e-05,9.1597605e-05,0.0001561853,
39057,Greene County,OH,3/18/2026 23:00,3.3236676e-05,0.00010715239,6.098571e-05,
39057,Greene County,OH,3/19/2026 0:00,3.340507e-05,0.0001212728,,
39057,Greene County,OH,3/19/2026 1:00,4.585859e-05,0.00012875762,,
39057,Greene County,OH,3/19/2026 2:00,7.387498e-05,0.00016497607,,
39057,Greene County,OH,3/19/2026 3:00,9.1597605e-05,0.00030955047,,
39057,Greene County,OH,3/19/2026 4:00,0.00010715239,0.00034196014,,
39057,Greene County,OH,3/19/2026 5:00,0.0001212728,0.00031215185,,
39057,Greene County,OH,3/19/2026 6:00,0.00012875762,0.0002878827,,
39057,Greene County,OH,3/19/2026 7:00,0.00016497607,0.00026267115,,
39057,Greene County,OH,3/19/2026 8:00,0.00030955047,0.00019961962,,
39057,Greene County,OH,3/19/2026 9:00,0.00034196014,0.00026973902,,
39057,Greene County,OH,3/19/2026 10:00,0.00031215185,0.00026460626,,
39057,Greene County,OH,3/19/2026 11:00,0.0002878827,0.00013904355,,
39057,Greene County,OH,3/19/2026 12:00,0.00026267115,0.00012488251,,
39057,Greene County,OH,3/19/2026 13:00,0.00019961962,5.1928877e-05,,
39057,Greene County,OH,3/19/2026 14:00,0.00026973902,0.000114181654,,
39057,Greene County,OH,3/19/2026 15:00,0.00026460626,0.00016062145,,
39057,Greene County,OH,3/19/2026 16:00,0.00013904355,0.0001561853,,
39057,Greene County,OH,3/19/2026 17:00,0.00012488251,6.098571e-05,,
39057,Greene County,OH,3/19/2026 18:00,5.1928877e-05,,,
39057,Greene County,OH,3/19/2026 19:00,0.000114181654,,,
39057,Greene County,OH,3/19/2026 20:00,0.00016062145,,,
39057,Greene County,OH,3/19/2026 21:00,0.0001561853,,,
39057,Greene County,OH,3/19/2026 22:00,6.098571e-05,,,
39057,Greene County,OH,3/19/2026 23:00,,,,
39067,Harrison County,OH,3/14/2026 0:00,0.23437217,0.2347027,0.08743777,0.028164346
39067,Harrison County,OH,3/14/2026 1:00,0.23716083,0.23124504,0.08427708,0.02707956
39067,Harrison County,OH,3/14/2026 2:00,0.23723361,0.22514234,0.080673054,0.025982779
39067,Harrison County,OH,3/14/2026 3:00,0.23754796,0.21871053,0.07986842,0.025666215
39067,Harrison County,OH,3/14/2026 4:00,0.23714548,0.21150143,0.07857358,0.02497727
39067,Harrison County,OH,3/14/2026 5:00,0.2347027,0.20192355,0.07724417,0.026260521
39067,Harrison County,OH,3/14/2026 6:00,0.23124504,0.19203176,0.07621418,0.027790898
39067,Harrison County,OH,3/14/2026 7:00,0.22514234,0.18437749,0.072519615,0.027302865
39067,Harrison County,OH,3/14/2026 8:00,0.21871053,0.17675225,0.07027909,0.027661104
39067,Harrison County,OH,3/14/2026 9:00,0.21150143,0.16914143,0.06689041,0.028564474
39067,Harrison County,OH,3/14/2026 10:00,0.20192355,0.15787047,0.06632801,0.027415715
39067,Harrison County,OH,3/14/2026 11:00,0.19203176,0.14980704,0.064456716,0.02641587
39067,Harrison County,OH,3/14/2026 12:00,0.18437749,0.14110902,0.062044844,0.023279075
39067,Harrison County,OH,3/14/2026 13:00,0.17675225,0.12923026,0.0589312,0.019155635
39067,Harrison County,OH,3/14/2026 14:00,0.16914143,0.11268693,0.05539098,0.016499795
39067,Harrison County,OH,3/14/2026 15:00,0.15787047,0.10476277,0.049644765,0.013115268
39067,Harrison County,OH,3/14/2026 16:00,0.14980704,0.09593087,0.044605866,0.010683556
39067,Harrison County,OH,3/14/2026 17:00,0.14110902,0.09082626,0.0421406,0.008223795
39067,Harrison County,OH,3/14/2026 18:00,0.12923026,0.08743777,0.040625796,0.00669478
39067,Harrison County,OH,3/14/2026 19:00,0.11268693,0.08427708,0.038156196,0.0054188473
39067,Harrison County,OH,3/14/2026 20:00,0.10476277,0.080673054,0.035953924,0.0054453257
39067,Harrison County,OH,3/14/2026 21:00,0.09593087,0.07986842,0.03279652,0.004649703
39067,Harrison County,OH,3/14/2026 22:00,0.09082626,0.07857358,0.031018747,0.0048383456
39067,Harrison County,OH,3/14/2026 23:00,0.08743777,0.07724417,0.029179728,0.004544419
39067,Harrison County,OH,3/15/2026 0:00,0.08427708,0.07621418,0.028164346,0.004698086
39067,Harrison County,OH,3/15/2026 1:00,0.080673054,0.072519615,0.02707956,0.0043871948
39067,Harrison County,OH,3/15/2026 2:00,0.07986842,0.07027909,0.025982779,0.003804529
39067,Harrison County,OH,3/15/2026 3:00,0.07857358,0.06689041,0.025666215,0.003929361
39067,Harrison County,OH,3/15/2026 4:00,0.07724417,0.06632801,0.02497727,0.004244591
39067,Harrison County,OH,3/15/2026 5:00,0.07621418,0.064456716,0.026260521,0.0040501878
39067,Harrison County,OH,3/15/2026 6:00,0.072519615,0.062044844,0.027790898,0.004006515
39067,Harrison County,OH,3/15/2026 7:00,0.07027909,0.0589312,0.027302865,0.0046405056
39067,Harrison County,OH,3/15/2026 8:00,0.06689041,0.05539098,0.027661104,0.0044350172
39067,Harrison County,OH,3/15/2026 9:00,0.06632801,0.049644765,0.028564474,0.004716865
39067,Harrison County,OH,3/15/2026 10:00,0.064456716,0.044605866,0.027415715,0.0042134463
39067,Harrison County,OH,3/15/2026 11:00,0.062044844,0.0421406,0.02641587,0.003984333
39067,Harrison County,OH,3/15/2026 12:00,0.0589312,0.040625796,0.023279075,0.0036021492
39067,Harrison County,OH,3/15/2026 13:00,0.05539098,0.038156196,0.019155635,0.0028828487
39067,Harrison County,OH,3/15/2026 14:00,0.049644765,0.035953924,0.016499795,0.002236591
39067,Harrison County,OH,3/15/2026 15:00,0.044605866,0.03279652,0.013115268,0.0019165251
39067,Harrison County,OH,3/15/2026 16:00,0.0421406,0.031018747,0.010683556,0.0013856087
39067,Harrison County,OH,3/15/2026 17:00,0.040625796,0.029179728,0.008223795,0.0011614736
39067,Harrison County,OH,3/15/2026 18:00,0.038156196,0.028164346,0.00669478,0.001051454
39067,Harrison County,OH,3/15/2026 19:00,0.035953924,0.02707956,0.0054188473,0.0010014708
39067,Harrison County,OH,3/15/2026 20:00,0.03279652,0.025982779,0.0054453257,0.00065146876
39067,Harrison County,OH,3/15/2026 21:00,0.031018747,0.025666215,0.004649703,0.0006037827
39067,Harrison County,OH,3/15/2026 22:00,0.029179728,0.02497727,0.0048383456,0.0005261991
39067,Harrison County,OH,3/15/2026 23:00,0.028164346,0.026260521,0.004544419,0.00060074154
39067,Harrison County,OH,3/16/2026 0:00,0.02707956,0.027790898,0.004698086,0.00027214707
39067,Harrison County,OH,3/16/2026 1:00,0.025982779,0.027302865,0.0043871948,0.00021737677
39067,Harrison County,OH,3/16/2026 2:00,0.025666215,0.027661104,0.003804529,0.0001602288
39067,Harrison County,OH,3/16/2026 3:00,0.02497727,0.028564474,0.003929361,0.00015907094
39067,Harrison County,OH,3/16/2026 4:00,0.026260521,0.027415715,0.004244591,0.00020540981
39067,Harrison County,OH,3/16/2026 5:00,0.027790898,0.02641587,0.0040501878,0.00025252614
39067,Harrison County,OH,3/16/2026 6:00,0.027302865,0.023279075,0.004006515,0.000368753
39067,Harrison County,OH,3/16/2026 7:00,0.027661104,0.019155635,0.0046405056,0.0003741386
39067,Harrison County,OH,3/16/2026 8:00,0.028564474,0.016499795,0.0044350172,0.00037703177
39067,Harrison County,OH,3/16/2026 9:00,0.027415715,0.013115268,0.004716865,0.00030125552
39067,Harrison County,OH,3/16/2026 10:00,0.02641587,0.010683556,0.0042134463,0.0005510973
39067,Harrison County,OH,3/16/2026 11:00,0.023279075,0.008223795,0.003984333,0.00046313822
39067,Harrison County,OH,3/16/2026 12:00,0.019155635,0.00669478,0.0036021492,0.00039497452
39067,Harrison County,OH,3/16/2026 13:00,0.016499795,0.0054188473,0.0028828487,0.00050596305
39067,Harrison County,OH,3/16/2026 14:00,0.013115268,0.0054453257,0.002236591,0.0005060315
39067,Harrison County,OH,3/16/2026 15:00,0.010683556,0.004649703,0.0019165251,0.0003726886
39067,Harrison County,OH,3/16/2026 16:00,0.008223795,0.0048383456,0.0013856087,0.00015530763
39067,Harrison County,OH,3/16/2026 17:00,0.00669478,0.004544419,0.0011614736,9.838095e-05
39067,Harrison County,OH,3/16/2026 18:00,0.0054188473,0.004698086,0.001051454,9.508038e-05
39067,Harrison County,OH,3/16/2026 19:00,0.0054453257,0.0043871948,0.0010014708,4.147695e-05
39067,Harrison County,OH,3/16/2026 20:00,0.004649703,0.003804529,0.00065146876,5.971266e-06
39067,Harrison County,OH,3/16/2026 21:00,0.0048383456,0.003929361,0.0006037827,2.2114111e-06
39067,Harrison County,OH,3/16/2026 22:00,0.004544419,0.004244591,0.0005261991,1.6348407e-05
39067,Harrison County,OH,3/16/2026 23:00,0.004698086,0.0040501878,0.00060074154,4.5501623e-05
39067,Harrison County,OH,3/17/2026 0:00,0.0043871948,0.004006515,0.00027214707,7.800328e-05
39067,Harrison County,OH,3/17/2026 1:00,0.003804529,0.0046405056,0.00021737677,6.9874615e-05
39067,Harrison County,OH,3/17/2026 2:00,0.003929361,0.0044350172,0.0001602288,7.168886e-05
39067,Harrison County,OH,3/17/2026 3:00,0.004244591,0.004716865,0.00015907094,3.5154622e-05
39067,Harrison County,OH,3/17/2026 4:00,0.0040501878,0.0042134463,0.00020540981,4.5853834e-05
39067,Harrison County,OH,3/17/2026 5:00,0.004006515,0.003984333,0.00025252614,0.0001806135
39067,Harrison County,OH,3/17/2026 6:00,0.0046405056,0.0036021492,0.000368753,0.00015406123
39067,Harrison County,OH,3/17/2026 7:00,0.0044350172,0.0028828487,0.0003741386,0.00015706188
39067,Harrison County,OH,3/17/2026 8:00,0.004716865,0.002236591,0.00037703177,0.00016361148
39067,Harrison County,OH,3/17/2026 9:00,0.0042134463,0.0019165251,0.00030125552,0.00019471676
39067,Harrison County,OH,3/17/2026 10:00,0.003984333,0.0013856087,0.0005510973,0.00019682749
39067,Harrison County,OH,3/17/2026 11:00,0.0036021492,0.0011614736,0.00046313822,0.00022295621
39067,Harrison County,OH,3/17/2026 12:00,0.0028828487,0.001051454,0.00039497452,0.00028218664
39067,Harrison County,OH,3/17/2026 13:00,0.002236591,0.0010014708,0.00050596305,0.00022544256
39067,Harrison County,OH,3/17/2026 14:00,0.0019165251,0.00065146876,0.0005060315,0.00018764529
39067,Harrison County,OH,3/17/2026 15:00,0.0013856087,0.0006037827,0.0003726886,0.00010477132
39067,Harrison County,OH,3/17/2026 16:00,0.0011614736,0.0005261991,0.00015530763,3.94176e-05
39067,Harrison County,OH,3/17/2026 17:00,0.001051454,0.00060074154,9.838095e-05,1.3989236e-05
39067,Harrison County,OH,3/17/2026 18:00,0.0010014708,0.00027214707,9.508038e-05,5.8448997e-05
39067,Harrison County,OH,3/17/2026 19:00,0.00065146876,0.00021737677,4.147695e-05,3.9509458e-05
39067,Harrison County,OH,3/17/2026 20:00,0.0006037827,0.0001602288,5.971266e-06,5.807781e-05
39067,Harrison County,OH,3/17/2026 21:00,0.0005261991,0.00015907094,2.2114111e-06,4.68277e-05
39067,Harrison County,OH,3/17/2026 22:00,0.00060074154,0.00020540981,1.6348407e-05,6.2245956e-05
39067,Harrison County,OH,3/17/2026 23:00,0.00027214707,0.00025252614,4.5501623e-05,0.00010267475
39067,Harrison County,OH,3/18/2026 0:00,0.00021737677,0.000368753,7.800328e-05,
39067,Harrison County,OH,3/18/2026 1:00,0.0001602288,0.0003741386,6.9874615e-05,
39067,Harrison County,OH,3/18/2026 2:00,0.00015907094,0.00037703177,7.168886e-05,
39067,Harrison County,OH,3/18/2026 3:00,0.00020540981,0.00030125552,3.5154622e-05,
39067,Harrison County,OH,3/18/2026 4:00,0.00025252614,0.0005510973,4.5853834e-05,
39067,Harrison County,OH,3/18/2026 5:00,0.000368753,0.00046313822,0.0001806135,
39067,Harrison County,OH,3/18/2026 6:00,0.0003741386,0.00039497452,0.00015406123,
39067,Harrison County,OH,3/18/2026 7:00,0.00037703177,0.00050596305,0.00015706188,
39067,Harrison County,OH,3/18/2026 8:00,0.00030125552,0.0005060315,0.00016361148,
39067,Harrison County,OH,3/18/2026 9:00,0.0005510973,0.0003726886,0.00019471676,
39067,Harrison County,OH,3/18/2026 10:00,0.00046313822,0.00015530763,0.00019682749,
39067,Harrison County,OH,3/18/2026 11:00,0.00039497452,9.838095e-05,0.00022295621,
39067,Harrison County,OH,3/18/2026 12:00,0.00050596305,9.508038e-05,0.00028218664,
39067,Harrison County,OH,3/18/2026 13:00,0.0005060315,4.147695e-05,0.00022544256,
39067,Harrison County,OH,3/18/2026 14:00,0.0003726886,5.971266e-06,0.00018764529,
39067,Harrison County,OH,3/18/2026 15:00,0.00015530763,2.2114111e-06,0.00010477132,
39067,Harrison County,OH,3/18/2026 16:00,9.838095e-05,1.6348407e-05,3.94176e-05,
39067,Harrison County,OH,3/18/2026 17:00,9.508038e-05,4.5501623e-05,1.3989236e-05,
39067,Harrison County,OH,3/18/2026 18:00,4.147695e-05,7.800328e-05,5.8448997e-05,
39067,Harrison County,OH,3/18/2026 19:00,5.971266e-06,6.9874615e-05,3.9509458e-05,
39067,Harrison County,OH,3/18/2026 20:00,2.2114111e-06,7.168886e-05,5.807781e-05,
39067,Harrison County,OH,3/18/2026 21:00,1.6348407e-05,3.5154622e-05,4.68277e-05,
39067,Harrison County,OH,3/18/2026 22:00,4.5501623e-05,4.5853834e-05,6.2245956e-05,
39067,Harrison County,OH,3/18/2026 23:00,7.800328e-05,0.0001806135,0.00010267475,
39067,Harrison County,OH,3/19/2026 0:00,6.9874615e-05,0.00015406123,,
39067,Harrison County,OH,3/19/2026 1:00,7.168886e-05,0.00015706188,,
39067,Harrison County,OH,3/19/2026 2:00,3.5154622e-05,0.00016361148,,
39067,Harrison County,OH,3/19/2026 3:00,4.5853834e-05,0.00019471676,,
39067,Harrison County,OH,3/19/2026 4:00,0.0001806135,0.00019682749,,
39067,Harrison County,OH,3/19/2026 5:00,0.00015406123,0.00022295621,,
39067,Harrison County,OH,3/19/2026 6:00,0.00015706188,0.00028218664,,
39067,Harrison County,OH,3/19/2026 7:00,0.00016361148,0.00022544256,,
39067,Harrison County,OH,3/19/2026 8:00,0.00019471676,0.00018764529,,
39067,Harrison County,OH,3/19/2026 9:00,0.00019682749,0.00010477132,,
39067,Harrison County,OH,3/19/2026 10:00,0.00022295621,3.94176e-05,,
39067,Harrison County,OH,3/19/2026 11:00,0.00028218664,1.3989236e-05,,
39067,Harrison County,OH,3/19/2026 12:00,0.00022544256,5.8448997e-05,,
39067,Harrison County,OH,3/19/2026 13:00,0.00018764529,3.9509458e-05,,
39067,Harrison County,OH,3/19/2026 14:00,0.00010477132,5.807781e-05,,
39067,Harrison County,OH,3/19/2026 15:00,3.94176e-05,4.68277e-05,,
39067,Harrison County,OH,3/19/2026 16:00,1.3989236e-05,6.2245956e-05,,
39067,Harrison County,OH,3/19/2026 17:00,5.8448997e-05,0.00010267475,,
39067,Harrison County,OH,3/19/2026 18:00,3.9509458e-05,,,
39067,Harrison County,OH,3/19/2026 19:00,5.807781e-05,,,
39067,Harrison County,OH,3/19/2026 20:00,4.68277e-05,,,
39067,Harrison County,OH,3/19/2026 21:00,6.2245956e-05,,,
39067,Harrison County,OH,3/19/2026 22:00,0.00010267475,,,
39067,Harrison County,OH,3/19/2026 23:00,,,,
39071,Highland County,OH,3/14/2026 0:00,0.0019260595,0.0008562146,0.00041051072,0.0017470608
39071,Highland County,OH,3/14/2026 1:00,0.0017158048,0.0007954505,0.00022666078,0.0017218144
39071,Highland County,OH,3/14/2026 2:00,0.0012573202,0.0008136612,0.00019369111,0.001833048
39071,Highland County,OH,3/14/2026 3:00,0.0011752562,0.0010699119,0.00024519634,0.0020777534
39071,Highland County,OH,3/14/2026 4:00,0.0010190648,0.001068188,0.00029435096,0.001887176
39071,Highland County,OH,3/14/2026 5:00,0.0008562146,0.0010762484,0.00032454584,0.0022759715
39071,Highland County,OH,3/14/2026 6:00,0.0007954505,0.0010594171,0.00039148168,0.0023303067
39071,Highland County,OH,3/14/2026 7:00,0.0008136612,0.0009252747,0.00044859783,0.0020806908
39071,Highland County,OH,3/14/2026 8:00,0.0010699119,0.0009702027,0.00055203476,0.002009065
39071,Highland County,OH,3/14/2026 9:00,0.001068188,0.0009386929,0.000689341,0.0016965866
39071,Highland County,OH,3/14/2026 10:00,0.0010762484,0.00085080514,0.00074878737,0.0015806848
39071,Highland County,OH,3/14/2026 11:00,0.0010594171,0.0007478398,0.00095214404,0.001220995
39071,Highland County,OH,3/14/2026 12:00,0.0009252747,0.0008844664,0.0015600774,0.0011537131
39071,Highland County,OH,3/14/2026 13:00,0.0009702027,0.00088080845,0.0029279008,0.0009577382
39071,Highland County,OH,3/14/2026 14:00,0.0009386929,0.00077068625,0.0040612807,0.0008704527
39071,Highland County,OH,3/14/2026 15:00,0.00085080514,0.0006690571,0.0048143025,0.00072923617
39071,Highland County,OH,3/14/2026 16:00,0.0007478398,0.0005351945,0.0044244896,0.0007485512
39071,Highland County,OH,3/14/2026 17:00,0.0008844664,0.00043893533,0.0040804404,0.00086782104
39071,Highland County,OH,3/14/2026 18:00,0.00088080845,0.00041051072,0.0036487463,0.0010196425
39071,Highland County,OH,3/14/2026 19:00,0.00077068625,0.00022666078,0.0031363473,0.0009228316
39071,Highland County,OH,3/14/2026 20:00,0.0006690571,0.00019369111,0.002811208,0.000709038
39071,Highland County,OH,3/14/2026 21:00,0.0005351945,0.00024519634,0.0027617516,0.00048418852
39071,Highland County,OH,3/14/2026 22:00,0.00043893533,0.00029435096,0.0024187665,0.000372694
39071,Highland County,OH,3/14/2026 23:00,0.00041051072,0.00032454584,0.0020210291,0.00022786285
39071,Highland County,OH,3/15/2026 0:00,0.00022666078,0.00039148168,0.0017470608,0.00033285344
39071,Highland County,OH,3/15/2026 1:00,0.00019369111,0.00044859783,0.0017218144,0.00047035658
39071,Highland County,OH,3/15/2026 2:00,0.00024519634,0.00055203476,0.001833048,0.00041892403
39071,Highland County,OH,3/15/2026 3:00,0.00029435096,0.000689341,0.0020777534,0.0004663235
39071,Highland County,OH,3/15/2026 4:00,0.00032454584,0.00074878737,0.001887176,0.0005916157
39071,Highland County,OH,3/15/2026 5:00,0.00039148168,0.00095214404,0.0022759715,0.00055197737
39071,Highland County,OH,3/15/2026 6:00,0.00044859783,0.0015600774,0.0023303067,0.00069265044
39071,Highland County,OH,3/15/2026 7:00,0.00055203476,0.0029279008,0.0020806908,0.00094951317
39071,Highland County,OH,3/15/2026 8:00,0.000689341,0.0040612807,0.002009065,0.0012046101
39071,Highland County,OH,3/15/2026 9:00,0.00074878737,0.0048143025,0.0016965866,0.0010802723
39071,Highland County,OH,3/15/2026 10:00,0.00095214404,0.0044244896,0.0015806848,0.0008550442
39071,Highland County,OH,3/15/2026 11:00,0.0015600774,0.0040804404,0.001220995,0.00056133955
39071,Highland County,OH,3/15/2026 12:00,0.0029279008,0.0036487463,0.0011537131,0.00047489253
39071,Highland County,OH,3/15/2026 13:00,0.0040612807,0.0031363473,0.0009577382,0.00042475754
39071,Highland County,OH,3/15/2026 14:00,0.0048143025,0.002811208,0.0008704527,0.00039950153
39071,Highland County,OH,3/15/2026 15:00,0.0044244896,0.0027617516,0.00072923617,0.00027416792
39071,Highland County,OH,3/15/2026 16:00,0.0040804404,0.0024187665,0.0007485512,0.0003133514
39071,Highland County,OH,3/15/2026 17:00,0.0036487463,0.0020210291,0.00086782104,0.00029799118
39071,Highland County,OH,3/15/2026 18:00,0.0031363473,0.0017470608,0.0010196425,0.00034857457
39071,Highland County,OH,3/15/2026 19:00,0.002811208,0.0017218144,0.0009228316,0.00034011458
39071,Highland County,OH,3/15/2026 20:00,0.0027617516,0.001833048,0.000709038,0.00033623184
39071,Highland County,OH,3/15/2026 21:00,0.0024187665,0.0020777534,0.00048418852,0.0003649644
39071,Highland County,OH,3/15/2026 22:00,0.0020210291,0.001887176,0.000372694,0.0004565936
39071,Highland County,OH,3/15/2026 23:00,0.0017470608,0.0022759715,0.00022786285,0.000372335
39071,Highland County,OH,3/16/2026 0:00,0.0017218144,0.0023303067,0.00033285344,0.00023044893
39071,Highland County,OH,3/16/2026 1:00,0.001833048,0.0020806908,0.00047035658,0.00018234401
39071,Highland County,OH,3/16/2026 2:00,0.0020777534,0.002009065,0.00041892403,0.00017273528
39071,Highland County,OH,3/16/2026 3:00,0.001887176,0.0016965866,0.0004663235,0.00019073415
39071,Highland County,OH,3/16/2026 4:00,0.0022759715,0.0015806848,0.0005916157,0.00026733903
39071,Highland County,OH,3/16/2026 5:00,0.0023303067,0.001220995,0.00055197737,0.00036082623
39071,Highland County,OH,3/16/2026 6:00,0.0020806908,0.0011537131,0.00069265044,0.00044349747
39071,Highland County,OH,3/16/2026 7:00,0.002009065,0.0009577382,0.00094951317,0.00053274154
39071,Highland County,OH,3/16/2026 8:00,0.0016965866,0.0008704527,0.0012046101,0.00062409363
39071,Highland County,OH,3/16/2026 9:00,0.0015806848,0.00072923617,0.0010802723,0.0006433438
39071,Highland County,OH,3/16/2026 10:00,0.001220995,0.0007485512,0.0008550442,0.0006152823
39071,Highland County,OH,3/16/2026 11:00,0.0011537131,0.00086782104,0.00056133955,0.0006096189
39071,Highland County,OH,3/16/2026 12:00,0.0009577382,0.0010196425,0.00047489253,0.0005025379
39071,Highland County,OH,3/16/2026 13:00,0.0008704527,0.0009228316,0.00042475754,0.0003899067
39071,Highland County,OH,3/16/2026 14:00,0.00072923617,0.000709038,0.00039950153,0.00043117852
39071,Highland County,OH,3/16/2026 15:00,0.0007485512,0.00048418852,0.00027416792,0.00029110376
39071,Highland County,OH,3/16/2026 16:00,0.00086782104,0.000372694,0.0003133514,0.00028185942
39071,Highland County,OH,3/16/2026 17:00,0.0010196425,0.00022786285,0.00029799118,0.0002111187
39071,Highland County,OH,3/16/2026 18:00,0.0009228316,0.00033285344,0.00034857457,0.00021569579
39071,Highland County,OH,3/16/2026 19:00,0.000709038,0.00047035658,0.00034011458,0.00014746659
39071,Highland County,OH,3/16/2026 20:00,0.00048418852,0.00041892403,0.00033623184,0.00014445091
39071,Highland County,OH,3/16/2026 21:00,0.000372694,0.0004663235,0.0003649644,0.00015364774
39071,Highland County,OH,3/16/2026 22:00,0.00022786285,0.0005916157,0.0004565936,0.00019320435
39071,Highland County,OH,3/16/2026 23:00,0.00033285344,0.00055197737,0.000372335,0.0002062513
39071,Highland County,OH,3/17/2026 0:00,0.00047035658,0.00069265044,0.00023044893,0.00013182647
39071,Highland County,OH,3/17/2026 1:00,0.00041892403,0.00094951317,0.00018234401,0.00016995848
39071,Highland County,OH,3/17/2026 2:00,0.0004663235,0.0012046101,0.00017273528,0.0001673127
39071,Highland County,OH,3/17/2026 3:00,0.0005916157,0.0010802723,0.00019073415,0.00016396768
39071,Highland County,OH,3/17/2026 4:00,0.00055197737,0.0008550442,0.00026733903,0.00020653715
39071,Highland County,OH,3/17/2026 5:00,0.00069265044,0.00056133955,0.00036082623,0.00023088096
39071,Highland County,OH,3/17/2026 6:00,0.00094951317,0.00047489253,0.00044349747,0.00023075762
39071,Highland County,OH,3/17/2026 7:00,0.0012046101,0.00042475754,0.00053274154,0.00025870604
39071,Highland County,OH,3/17/2026 8:00,0.0010802723,0.00039950153,0.00062409363,0.0002692013
39071,Highland County,OH,3/17/2026 9:00,0.0008550442,0.00027416792,0.0006433438,0.00032387848
39071,Highland County,OH,3/17/2026 10:00,0.00056133955,0.0003133514,0.0006152823,0.0003300979
39071,Highland County,OH,3/17/2026 11:00,0.00047489253,0.00029799118,0.0006096189,0.00032632603
39071,Highland County,OH,3/17/2026 12:00,0.00042475754,0.00034857457,0.0005025379,0.0002974904
39071,Highland County,OH,3/17/2026 13:00,0.00039950153,0.00034011458,0.0003899067,0.00026858246
39071,Highland County,OH,3/17/2026 14:00,0.00027416792,0.00033623184,0.00043117852,0.00024929672
39071,Highland County,OH,3/17/2026 15:00,0.0003133514,0.0003649644,0.00029110376,0.00029387156
39071,Highland County,OH,3/17/2026 16:00,0.00029799118,0.0004565936,0.00028185942,0.00029260406
39071,Highland County,OH,3/17/2026 17:00,0.00034857457,0.000372335,0.0002111187,0.00022089813
39071,Highland County,OH,3/17/2026 18:00,0.00034011458,0.00023044893,0.00021569579,0.00010381364
39071,Highland County,OH,3/17/2026 19:00,0.00033623184,0.00018234401,0.00014746659,0.00013064571
39071,Highland County,OH,3/17/2026 20:00,0.0003649644,0.00017273528,0.00014445091,0.00017488554
39071,Highland County,OH,3/17/2026 21:00,0.0004565936,0.00019073415,0.00015364774,0.0002256673
39071,Highland County,OH,3/17/2026 22:00,0.000372335,0.00026733903,0.00019320435,0.00023066344
39071,Highland County,OH,3/17/2026 23:00,0.00023044893,0.00036082623,0.0002062513,0.00013122185
39071,Highland County,OH,3/18/2026 0:00,0.00018234401,0.00044349747,0.00013182647,
39071,Highland County,OH,3/18/2026 1:00,0.00017273528,0.00053274154,0.00016995848,
39071,Highland County,OH,3/18/2026 2:00,0.00019073415,0.00062409363,0.0001673127,
39071,Highland County,OH,3/18/2026 3:00,0.00026733903,0.0006433438,0.00016396768,
39071,Highland County,OH,3/18/2026 4:00,0.00036082623,0.0006152823,0.00020653715,
39071,Highland County,OH,3/18/2026 5:00,0.00044349747,0.0006096189,0.00023088096,
39071,Highland County,OH,3/18/2026 6:00,0.00053274154,0.0005025379,0.00023075762,
39071,Highland County,OH,3/18/2026 7:00,0.00062409363,0.0003899067,0.00025870604,
39071,Highland County,OH,3/18/2026 8:00,0.0006433438,0.00043117852,0.0002692013,
39071,Highland County,OH,3/18/2026 9:00,0.0006152823,0.00029110376,0.00032387848,
39071,Highland County,OH,3/18/2026 10:00,0.0006096189,0.00028185942,0.0003300979,
39071,Highland County,OH,3/18/2026 11:00,0.0005025379,0.0002111187,0.00032632603,
39071,Highland County,OH,3/18/2026 12:00,0.0003899067,0.00021569579,0.0002974904,
39071,Highland County,OH,3/18/2026 13:00,0.00043117852,0.00014746659,0.00026858246,
39071,Highland County,OH,3/18/2026 14:00,0.00029110376,0.00014445091,0.00024929672,
39071,Highland County,OH,3/18/2026 15:00,0.00028185942,0.00015364774,0.00029387156,
39071,Highland County,OH,3/18/2026 16:00,0.0002111187,0.00019320435,0.00029260406,
39071,Highland County,OH,3/18/2026 17:00,0.00021569579,0.0002062513,0.00022089813,
39071,Highland County,OH,3/18/2026 18:00,0.00014746659,0.00013182647,0.00010381364,
39071,Highland County,OH,3/18/2026 19:00,0.00014445091,0.00016995848,0.00013064571,
39071,Highland County,OH,3/18/2026 20:00,0.00015364774,0.0001673127,0.00017488554,
39071,Highland County,OH,3/18/2026 21:00,0.00019320435,0.00016396768,0.0002256673,
39071,Highland County,OH,3/18/2026 22:00,0.0002062513,0.00020653715,0.00023066344,
39071,Highland County,OH,3/18/2026 23:00,0.00013182647,0.00023088096,0.00013122185,
39071,Highland County,OH,3/19/2026 0:00,0.00016995848,0.00023075762,,
39071,Highland County,OH,3/19/2026 1:00,0.0001673127,0.00025870604,,
39071,Highland County,OH,3/19/2026 2:00,0.00016396768,0.0002692013,,
39071,Highland County,OH,3/19/2026 3:00,0.00020653715,0.00032387848,,
39071,Highland County,OH,3/19/2026 4:00,0.00023088096,0.0003300979,,
39071,Highland County,OH,3/19/2026 5:00,0.00023075762,0.00032632603,,
39071,Highland County,OH,3/19/2026 6:00,0.00025870604,0.0002974904,,
39071,Highland County,OH,3/19/2026 7:00,0.0002692013,0.00026858246,,
39071,Highland County,OH,3/19/2026 8:00,0.00032387848,0.00024929672,,
39071,Highland County,OH,3/19/2026 9:00,0.0003300979,0.00029387156,,
39071,Highland County,OH,3/19/2026 10:00,0.00032632603,0.00029260406,,
39071,Highland County,OH,3/19/2026 11:00,0.0002974904,0.00022089813,,
39071,Highland County,OH,3/19/2026 12:00,0.00026858246,0.00010381364,,
39071,Highland County,OH,3/19/2026 13:00,0.00024929672,0.00013064571,,
39071,Highland County,OH,3/19/2026 14:00,0.00029387156,0.00017488554,,
39071,Highland County,OH,3/19/2026 15:00,0.00029260406,0.0002256673,,
39071,Highland County,OH,3/19/2026 16:00,0.00022089813,0.00023066344,,
39071,Highland County,OH,3/19/2026 17:00,0.00010381364,0.00013122185,,
39071,Highland County,OH,3/19/2026 18:00,0.00013064571,,,
39071,Highland County,OH,3/19/2026 19:00,0.00017488554,,,
39071,Highland County,OH,3/19/2026 20:00,0.0002256673,,,
39071,Highland County,OH,3/19/2026 21:00,0.00023066344,,,
39071,Highland County,OH,3/19/2026 22:00,0.00013122185,,,
39071,Highland County,OH,3/19/2026 23:00,,,,
39079,Jackson County,OH,3/14/2026 0:00,0.0058919326,0.003237029,0.0007659518,0.0027783546
39079,Jackson County,OH,3/14/2026 1:00,0.004287955,0.0029798816,0.0007189727,0.0022210795
39079,Jackson County,OH,3/14/2026 2:00,0.0035475616,0.0032652891,0.00073024485,0.0018179512
39079,Jackson County,OH,3/14/2026 3:00,0.0033576891,0.0036268842,0.0006109949,0.0017562264
39079,Jackson County,OH,3/14/2026 4:00,0.00341107,0.0033629711,0.00066260784,0.0021720883
39079,Jackson County,OH,3/14/2026 5:00,0.003237029,0.003274076,0.0007079552,0.0022885895
39079,Jackson County,OH,3/14/2026 6:00,0.0029798816,0.0031282385,0.0007615633,0.0023129326
39079,Jackson County,OH,3/14/2026 7:00,0.0032652891,0.0028691657,0.00074492575,0.0026049425
39079,Jackson County,OH,3/14/2026 8:00,0.0036268842,0.0027538508,0.00073299836,0.0026267644
39079,Jackson County,OH,3/14/2026 9:00,0.0033629711,0.0024764228,0.001162817,0.0024925135
39079,Jackson County,OH,3/14/2026 10:00,0.003274076,0.0019607265,0.0014664201,0.0022351684
39079,Jackson County,OH,3/14/2026 11:00,0.0031282385,0.0017031459,0.001802507,0.0019210647
39079,Jackson County,OH,3/14/2026 12:00,0.0028691657,0.0015582098,0.0020925237,0.0015771654
39079,Jackson County,OH,3/14/2026 13:00,0.0027538508,0.0014309095,0.0023294021,0.001219606
39079,Jackson County,OH,3/14/2026 14:00,0.0024764228,0.0011575251,0.0029320107,0.0009974292
39079,Jackson County,OH,3/14/2026 15:00,0.0019607265,0.0011192852,0.0031259991,0.0009777788
39079,Jackson County,OH,3/14/2026 16:00,0.0017031459,0.0010289811,0.0036610102,0.0010965947
39079,Jackson County,OH,3/14/2026 17:00,0.0015582098,0.00092942314,0.003963026,0.0016563183
39079,Jackson County,OH,3/14/2026 18:00,0.0014309095,0.0007659518,0.0041242326,0.0017946723
39079,Jackson County,OH,3/14/2026 19:00,0.0011575251,0.0007189727,0.00364977,0.0021187973
39079,Jackson County,OH,3/14/2026 20:00,0.0011192852,0.00073024485,0.003810885,0.001964706
39079,Jackson County,OH,3/14/2026 21:00,0.0010289811,0.0006109949,0.0036853743,0.0017295335
39079,Jackson County,OH,3/14/2026 22:00,0.00092942314,0.00066260784,0.003512424,0.0014492724
39079,Jackson County,OH,3/14/2026 23:00,0.0007659518,0.0007079552,0.0034120672,0.0014060941
39079,Jackson County,OH,3/15/2026 0:00,0.0007189727,0.0007615633,0.0027783546,0.0014099118
39079,Jackson County,OH,3/15/2026 1:00,0.00073024485,0.00074492575,0.0022210795,0.001384677
39079,Jackson County,OH,3/15/2026 2:00,0.0006109949,0.00073299836,0.0018179512,0.0012795283
39079,Jackson County,OH,3/15/2026 3:00,0.00066260784,0.001162817,0.0017562264,0.0013656116
39079,Jackson County,OH,3/15/2026 4:00,0.0007079552,0.0014664201,0.0021720883,0.0011626028
39079,Jackson County,OH,3/15/2026 5:00,0.0007615633,0.001802507,0.0022885895,0.0010653243
39079,Jackson County,OH,3/15/2026 6:00,0.00074492575,0.0020925237,0.0023129326,0.0012559697
39079,Jackson County,OH,3/15/2026 7:00,0.00073299836,0.0023294021,0.0026049425,0.0014185936
39079,Jackson County,OH,3/15/2026 8:00,0.001162817,0.0029320107,0.0026267644,0.0013551635
39079,Jackson County,OH,3/15/2026 9:00,0.0014664201,0.0031259991,0.0024925135,0.0011495808
39079,Jackson County,OH,3/15/2026 10:00,0.001802507,0.0036610102,0.0022351684,0.0011217857
39079,Jackson County,OH,3/15/2026 11:00,0.0020925237,0.003963026,0.0019210647,0.0011090168
39079,Jackson County,OH,3/15/2026 12:00,0.0023294021,0.0041242326,0.0015771654,0.0010345936
39079,Jackson County,OH,3/15/2026 13:00,0.0029320107,0.00364977,0.001219606,0.00081373425
39079,Jackson County,OH,3/15/2026 14:00,0.0031259991,0.003810885,0.0009974292,0.0005801088
39079,Jackson County,OH,3/15/2026 15:00,0.0036610102,0.0036853743,0.0009777788,0.00044122065
39079,Jackson County,OH,3/15/2026 16:00,0.003963026,0.003512424,0.0010965947,0.00042892882
39079,Jackson County,OH,3/15/2026 17:00,0.0041242326,0.0034120672,0.0016563183,0.0003722763
39079,Jackson County,OH,3/15/2026 18:00,0.00364977,0.0027783546,0.0017946723,0.00032794935
39079,Jackson County,OH,3/15/2026 19:00,0.003810885,0.0022210795,0.0021187973,0.0002154678
39079,Jackson County,OH,3/15/2026 20:00,0.0036853743,0.0018179512,0.001964706,0.00016618072
39079,Jackson County,OH,3/15/2026 21:00,0.003512424,0.0017562264,0.0017295335,0.0003386438
39079,Jackson County,OH,3/15/2026 22:00,0.0034120672,0.0021720883,0.0014492724,0.00034192935
39079,Jackson County,OH,3/15/2026 23:00,0.0027783546,0.0022885895,0.0014060941,0.00049602834
39079,Jackson County,OH,3/16/2026 0:00,0.0022210795,0.0023129326,0.0014099118,0.00032484092
39079,Jackson County,OH,3/16/2026 1:00,0.0018179512,0.0026049425,0.001384677,0.00019642313
39079,Jackson County,OH,3/16/2026 2:00,0.0017562264,0.0026267644,0.0012795283,0.00022425986
39079,Jackson County,OH,3/16/2026 3:00,0.0021720883,0.0024925135,0.0013656116,0.0002692234
39079,Jackson County,OH,3/16/2026 4:00,0.0022885895,0.0022351684,0.0011626028,0.0003137018
39079,Jackson County,OH,3/16/2026 5:00,0.0023129326,0.0019210647,0.0010653243,0.00034241192
39079,Jackson County,OH,3/16/2026 6:00,0.0026049425,0.0015771654,0.0012559697,0.0003949906
39079,Jackson County,OH,3/16/2026 7:00,0.0026267644,0.001219606,0.0014185936,0.00044677325
39079,Jackson County,OH,3/16/2026 8:00,0.0024925135,0.0009974292,0.0013551635,0.0006349256
39079,Jackson County,OH,3/16/2026 9:00,0.0022351684,0.0009777788,0.0011495808,0.00073662837
39079,Jackson County,OH,3/16/2026 10:00,0.0019210647,0.0010965947,0.0011217857,0.00084738975
39079,Jackson County,OH,3/16/2026 11:00,0.0015771654,0.0016563183,0.0011090168,0.0007611404
39079,Jackson County,OH,3/16/2026 12:00,0.001219606,0.0017946723,0.0010345936,0.0007115662
39079,Jackson County,OH,3/16/2026 13:00,0.0009974292,0.0021187973,0.00081373425,0.00060085504
39079,Jackson County,OH,3/16/2026 14:00,0.0009777788,0.001964706,0.0005801088,0.00047791927
39079,Jackson County,OH,3/16/2026 15:00,0.0010965947,0.0017295335,0.00044122065,0.0003490374
39079,Jackson County,OH,3/16/2026 16:00,0.0016563183,0.0014492724,0.00042892882,0.0003944709
39079,Jackson County,OH,3/16/2026 17:00,0.0017946723,0.0014060941,0.0003722763,0.00029290456
39079,Jackson County,OH,3/16/2026 18:00,0.0021187973,0.0014099118,0.00032794935,0.00019679168
39079,Jackson County,OH,3/16/2026 19:00,0.001964706,0.001384677,0.0002154678,8.293935e-05
39079,Jackson County,OH,3/16/2026 20:00,0.0017295335,0.0012795283,0.00016618072,0.00015628502
39079,Jackson County,OH,3/16/2026 21:00,0.0014492724,0.0013656116,0.0003386438,0.00018740118
39079,Jackson County,OH,3/16/2026 22:00,0.0014060941,0.0011626028,0.00034192935,6.308615e-05
39079,Jackson County,OH,3/16/2026 23:00,0.0014099118,0.0010653243,0.00049602834,6.810596e-05
39079,Jackson County,OH,3/17/2026 0:00,0.001384677,0.0012559697,0.00032484092,3.171031e-05
39079,Jackson County,OH,3/17/2026 1:00,0.0012795283,0.0014185936,0.00019642313,3.0928386e-05
39079,Jackson County,OH,3/17/2026 2:00,0.0013656116,0.0013551635,0.00022425986,2.9241231e-05
39079,Jackson County,OH,3/17/2026 3:00,0.0011626028,0.0011495808,0.0002692234,7.555242e-05
39079,Jackson County,OH,3/17/2026 4:00,0.0010653243,0.0011217857,0.0003137018,0.000118800766
39079,Jackson County,OH,3/17/2026 5:00,0.0012559697,0.0011090168,0.00034241192,0.00014908491
39079,Jackson County,OH,3/17/2026 6:00,0.0014185936,0.0010345936,0.0003949906,0.00019138986
39079,Jackson County,OH,3/17/2026 7:00,0.0013551635,0.00081373425,0.00044677325,0.00022651545
39079,Jackson County,OH,3/17/2026 8:00,0.0011495808,0.0005801088,0.0006349256,0.00026001
39079,Jackson County,OH,3/17/2026 9:00,0.0011217857,0.00044122065,0.00073662837,0.00031030155
39079,Jackson County,OH,3/17/2026 10:00,0.0011090168,0.00042892882,0.00084738975,0.00033600218
39079,Jackson County,OH,3/17/2026 11:00,0.0010345936,0.0003722763,0.0007611404,0.00035796867
39079,Jackson County,OH,3/17/2026 12:00,0.00081373425,0.00032794935,0.0007115662,0.00037577024
39079,Jackson County,OH,3/17/2026 13:00,0.0005801088,0.0002154678,0.00060085504,0.00027816565
39079,Jackson County,OH,3/17/2026 14:00,0.00044122065,0.00016618072,0.00047791927,0.0002445886
39079,Jackson County,OH,3/17/2026 15:00,0.00042892882,0.0003386438,0.0003490374,0.00027298188
39079,Jackson County,OH,3/17/2026 16:00,0.0003722763,0.00034192935,0.0003944709,0.0003023287
39079,Jackson County,OH,3/17/2026 17:00,0.00032794935,0.00049602834,0.00029290456,0.00025126114
39079,Jackson County,OH,3/17/2026 18:00,0.0002154678,0.00032484092,0.00019679168,0.00019292792
39079,Jackson County,OH,3/17/2026 19:00,0.00016618072,0.00019642313,8.293935e-05,4.4592216e-05
39079,Jackson County,OH,3/17/2026 20:00,0.0003386438,0.00022425986,0.00015628502,0.00011236736
39079,Jackson County,OH,3/17/2026 21:00,0.00034192935,0.0002692234,0.00018740118,0.00015245272
39079,Jackson County,OH,3/17/2026 22:00,0.00049602834,0.0003137018,6.308615e-05,0.00015489476
39079,Jackson County,OH,3/17/2026 23:00,0.00032484092,0.00034241192,6.810596e-05,6.295826e-05
39079,Jackson County,OH,3/18/2026 0:00,0.00019642313,0.0003949906,3.171031e-05,
39079,Jackson County,OH,3/18/2026 1:00,0.00022425986,0.00044677325,3.0928386e-05,
39079,Jackson County,OH,3/18/2026 2:00,0.0002692234,0.0006349256,2.9241231e-05,
39079,Jackson County,OH,3/18/2026 3:00,0.0003137018,0.00073662837,7.555242e-05,
39079,Jackson County,OH,3/18/2026 4:00,0.00034241192,0.00084738975,0.000118800766,
39079,Jackson County,OH,3/18/2026 5:00,0.0003949906,0.0007611404,0.00014908491,
39079,Jackson County,OH,3/18/2026 6:00,0.00044677325,0.0007115662,0.00019138986,
39079,Jackson County,OH,3/18/2026 7:00,0.0006349256,0.00060085504,0.00022651545,
39079,Jackson County,OH,3/18/2026 8:00,0.00073662837,0.00047791927,0.00026001,
39079,Jackson County,OH,3/18/2026 9:00,0.00084738975,0.0003490374,0.00031030155,
39079,Jackson County,OH,3/18/2026 10:00,0.0007611404,0.0003944709,0.00033600218,
39079,Jackson County,OH,3/18/2026 11:00,0.0007115662,0.00029290456,0.00035796867,
39079,Jackson County,OH,3/18/2026 12:00,0.00060085504,0.00019679168,0.00037577024,
39079,Jackson County,OH,3/18/2026 13:00,0.00047791927,8.293935e-05,0.00027816565,
39079,Jackson County,OH,3/18/2026 14:00,0.0003490374,0.00015628502,0.0002445886,
39079,Jackson County,OH,3/18/2026 15:00,0.0003944709,0.00018740118,0.00027298188,
39079,Jackson County,OH,3/18/2026 16:00,0.00029290456,6.308615e-05,0.0003023287,
39079,Jackson County,OH,3/18/2026 17:00,0.00019679168,6.810596e-05,0.00025126114,
39079,Jackson County,OH,3/18/2026 18:00,8.293935e-05,3.171031e-05,0.00019292792,
39079,Jackson County,OH,3/18/2026 19:00,0.00015628502,3.0928386e-05,4.4592216e-05,
39079,Jackson County,OH,3/18/2026 20:00,0.00018740118,2.9241231e-05,0.00011236736,
39079,Jackson County,OH,3/18/2026 21:00,6.308615e-05,7.555242e-05,0.00015245272,
39079,Jackson County,OH,3/18/2026 22:00,6.810596e-05,0.000118800766,0.00015489476,
39079,Jackson County,OH,3/18/2026 23:00,3.171031e-05,0.00014908491,6.295826e-05,
39079,Jackson County,OH,3/19/2026 0:00,3.0928386e-05,0.00019138986,,
39079,Jackson County,OH,3/19/2026 1:00,2.9241231e-05,0.00022651545,,
39079,Jackson County,OH,3/19/2026 2:00,7.555242e-05,0.00026001,,
39079,Jackson County,OH,3/19/2026 3:00,0.000118800766,0.00031030155,,
39079,Jackson County,OH,3/19/2026 4:00,0.00014908491,0.00033600218,,
39079,Jackson County,OH,3/19/2026 5:00,0.00019138986,0.00035796867,,
39079,Jackson County,OH,3/19/2026 6:00,0.00022651545,0.00037577024,,
39079,Jackson County,OH,3/19/2026 7:00,0.00026001,0.00027816565,,
39079,Jackson County,OH,3/19/2026 8:00,0.00031030155,0.0002445886,,
39079,Jackson County,OH,3/19/2026 9:00,0.00033600218,0.00027298188,,
39079,Jackson County,OH,3/19/2026 10:00,0.00035796867,0.0003023287,,
39079,Jackson County,OH,3/19/2026 11:00,0.00037577024,0.00025126114,,
39079,Jackson County,OH,3/19/2026 12:00,0.00027816565,0.00019292792,,
39079,Jackson County,OH,3/19/2026 13:00,0.0002445886,4.4592216e-05,,
39079,Jackson County,OH,3/19/2026 14:00,0.00027298188,0.00011236736,,
39079,Jackson County,OH,3/19/2026 15:00,0.0003023287,0.00015245272,,
39079,Jackson County,OH,3/19/2026 16:00,0.00025126114,0.00015489476,,
39079,Jackson County,OH,3/19/2026 17:00,0.00019292792,6.295826e-05,,
39079,Jackson County,OH,3/19/2026 18:00,4.4592216e-05,,,
39079,Jackson County,OH,3/19/2026 19:00,0.00011236736,,,
39079,Jackson County,OH,3/19/2026 20:00,0.00015245272,,,
39079,Jackson County,OH,3/19/2026 21:00,0.00015489476,,,
39079,Jackson County,OH,3/19/2026 22:00,6.295826e-05,,,
39079,Jackson County,OH,3/19/2026 23:00,,,,
39083,Knox County,OH,3/14/2026 0:00,0.23421085,0.22478244,0.09294384,0.032096483
39083,Knox County,OH,3/14/2026 1:00,0.2354254,0.2230452,0.08785558,0.03116696
39083,Knox County,OH,3/14/2026 2:00,0.23270781,0.21825564,0.084651,0.030324854
39083,Knox County,OH,3/14/2026 3:00,0.22989744,0.21421519,0.083902895,0.031363267
39083,Knox County,OH,3/14/2026 4:00,0.22727375,0.20453182,0.08292972,0.033040714
39083,Knox County,OH,3/14/2026 5:00,0.22478244,0.19696969,0.082309805,0.0325745
39083,Knox County,OH,3/14/2026 6:00,0.2230452,0.1910237,0.08032439,0.03394705
39083,Knox County,OH,3/14/2026 7:00,0.21825564,0.18409458,0.079540506,0.03536071
39083,Knox County,OH,3/14/2026 8:00,0.21421519,0.17848164,0.077862486,0.035131942
39083,Knox County,OH,3/14/2026 9:00,0.20453182,0.17337042,0.07558842,0.0333078
39083,Knox County,OH,3/14/2026 10:00,0.19696969,0.16342731,0.07207971,0.030418415
39083,Knox County,OH,3/14/2026 11:00,0.1910237,0.15683399,0.067745544,0.02654125
39083,Knox County,OH,3/14/2026 12:00,0.18409458,0.14654635,0.06655366,0.024218615
39083,Knox County,OH,3/14/2026 13:00,0.17848164,0.13110675,0.062160578,0.021182213
39083,Knox County,OH,3/14/2026 14:00,0.17337042,0.11771646,0.05959851,0.017973348
39083,Knox County,OH,3/14/2026 15:00,0.16342731,0.11015585,0.05776528,0.016533589
39083,Knox County,OH,3/14/2026 16:00,0.15683399,0.1029021,0.056260392,0.013769633
39083,Knox County,OH,3/14/2026 17:00,0.14654635,0.09774091,0.051933423,0.011222886
39083,Knox County,OH,3/14/2026 18:00,0.13110675,0.09294384,0.048151508,0.009444863
39083,Knox County,OH,3/14/2026 19:00,0.11771646,0.08785558,0.0435991,0.0074262684
39083,Knox County,OH,3/14/2026 20:00,0.11015585,0.084651,0.03813806,0.0067042415
39083,Knox County,OH,3/14/2026 21:00,0.1029021,0.083902895,0.036328744,0.00664304
39083,Knox County,OH,3/14/2026 22:00,0.09774091,0.08292972,0.034571666,0.00600513
39083,Knox County,OH,3/14/2026 23:00,0.09294384,0.082309805,0.03350792,0.0057074144
39083,Knox County,OH,3/15/2026 0:00,0.08785558,0.08032439,0.032096483,0.005419816
39083,Knox County,OH,3/15/2026 1:00,0.084651,0.079540506,0.03116696,0.0052549792
39083,Knox County,OH,3/15/2026 2:00,0.083902895,0.077862486,0.030324854,0.004588753
39083,Knox County,OH,3/15/2026 3:00,0.08292972,0.07558842,0.031363267,0.004370988
39083,Knox County,OH,3/15/2026 4:00,0.082309805,0.07207971,0.033040714,0.00419866
39083,Knox County,OH,3/15/2026 5:00,0.08032439,0.067745544,0.0325745,0.0040906686
39083,Knox County,OH,3/15/2026 6:00,0.079540506,0.06655366,0.03394705,0.0040363427
39083,Knox County,OH,3/15/2026 7:00,0.077862486,0.062160578,0.03536071,0.003986605
39083,Knox County,OH,3/15/2026 8:00,0.07558842,0.05959851,0.035131942,0.003985996
39083,Knox County,OH,3/15/2026 9:00,0.07207971,0.05776528,0.0333078,0.0039095236
39083,Knox County,OH,3/15/2026 10:00,0.067745544,0.056260392,0.030418415,0.0036485132
39083,Knox County,OH,3/15/2026 11:00,0.06655366,0.051933423,0.02654125,0.0033767787
39083,Knox County,OH,3/15/2026 12:00,0.062160578,0.048151508,0.024218615,0.0030322885
39083,Knox County,OH,3/15/2026 13:00,0.05959851,0.0435991,0.021182213,0.0026530884
39083,Knox County,OH,3/15/2026 14:00,0.05776528,0.03813806,0.017973348,0.0020758465
39083,Knox County,OH,3/15/2026 15:00,0.056260392,0.036328744,0.016533589,0.0017412852
39083,Knox County,OH,3/15/2026 16:00,0.051933423,0.034571666,0.013769633,0.0014945741
39083,Knox County,OH,3/15/2026 17:00,0.048151508,0.03350792,0.011222886,0.0012477976
39083,Knox County,OH,3/15/2026 18:00,0.0435991,0.032096483,0.009444863,0.0011358894
39083,Knox County,OH,3/15/2026 19:00,0.03813806,0.03116696,0.0074262684,0.0008980483
39083,Knox County,OH,3/15/2026 20:00,0.036328744,0.030324854,0.0067042415,0.00072784134
39083,Knox County,OH,3/15/2026 21:00,0.034571666,0.031363267,0.00664304,0.0007101421
39083,Knox County,OH,3/15/2026 22:00,0.03350792,0.033040714,0.00600513,0.0006901886
39083,Knox County,OH,3/15/2026 23:00,0.032096483,0.0325745,0.0057074144,0.00063252565
39083,Knox County,OH,3/16/2026 0:00,0.03116696,0.03394705,0.005419816,0.0004224885
39083,Knox County,OH,3/16/2026 1:00,0.030324854,0.03536071,0.0052549792,0.00031545328
39083,Knox County,OH,3/16/2026 2:00,0.031363267,0.035131942,0.004588753,0.000288655
39083,Knox County,OH,3/16/2026 3:00,0.033040714,0.0333078,0.004370988,0.00026813516
39083,Knox County,OH,3/16/2026 4:00,0.0325745,0.030418415,0.00419866,0.00028730958
39083,Knox County,OH,3/16/2026 5:00,0.03394705,0.02654125,0.0040906686,0.00028441838
39083,Knox County,OH,3/16/2026 6:00,0.03536071,0.024218615,0.0040363427,0.00028058953
39083,Knox County,OH,3/16/2026 7:00,0.035131942,0.021182213,0.003986605,0.00022570354
39083,Knox County,OH,3/16/2026 8:00,0.0333078,0.017973348,0.003985996,0.00022150802
39083,Knox County,OH,3/16/2026 9:00,0.030418415,0.016533589,0.0039095236,0.000295473
39083,Knox County,OH,3/16/2026 10:00,0.02654125,0.013769633,0.0036485132,0.00029207495
39083,Knox County,OH,3/16/2026 11:00,0.024218615,0.011222886,0.0033767787,0.00026670683
39083,Knox County,OH,3/16/2026 12:00,0.021182213,0.009444863,0.0030322885,0.00030598277
39083,Knox County,OH,3/16/2026 13:00,0.017973348,0.0074262684,0.0026530884,0.0002503945
39083,Knox County,OH,3/16/2026 14:00,0.016533589,0.0067042415,0.0020758465,0.00019013058
39083,Knox County,OH,3/16/2026 15:00,0.013769633,0.00664304,0.0017412852,0.00015722409
39083,Knox County,OH,3/16/2026 16:00,0.011222886,0.00600513,0.0014945741,8.226237e-05
39083,Knox County,OH,3/16/2026 17:00,0.009444863,0.0057074144,0.0012477976,7.6466466e-05
39083,Knox County,OH,3/16/2026 18:00,0.0074262684,0.005419816,0.0011358894,2.7353353e-05
39083,Knox County,OH,3/16/2026 19:00,0.0067042415,0.0052549792,0.0008980483,1.1990183e-05
39083,Knox County,OH,3/16/2026 20:00,0.00664304,0.004588753,0.00072784134,4.533994e-06
39083,Knox County,OH,3/16/2026 21:00,0.00600513,0.004370988,0.0007101421,2.958952e-06
39083,Knox County,OH,3/16/2026 22:00,0.0057074144,0.00419866,0.0006901886,1.6741224e-05
39083,Knox County,OH,3/16/2026 23:00,0.005419816,0.0040906686,0.00063252565,6.963478e-06
39083,Knox County,OH,3/17/2026 0:00,0.0052549792,0.0040363427,0.0004224885,1.9043708e-05
39083,Knox County,OH,3/17/2026 1:00,0.004588753,0.003986605,0.00031545328,3.1428568e-05
39083,Knox County,OH,3/17/2026 2:00,0.004370988,0.003985996,0.000288655,3.7242924e-05
39083,Knox County,OH,3/17/2026 3:00,0.00419866,0.0039095236,0.00026813516,5.5399134e-05
39083,Knox County,OH,3/17/2026 4:00,0.0040906686,0.0036485132,0.00028730958,9.623905e-05
39083,Knox County,OH,3/17/2026 5:00,0.0040363427,0.0033767787,0.00028441838,0.00011240273
39083,Knox County,OH,3/17/2026 6:00,0.003986605,0.0030322885,0.00028058953,0.00014059976
39083,Knox County,OH,3/17/2026 7:00,0.003985996,0.0026530884,0.00022570354,0.00011648308
39083,Knox County,OH,3/17/2026 8:00,0.0039095236,0.0020758465,0.00022150802,0.00018061054
39083,Knox County,OH,3/17/2026 9:00,0.0036485132,0.0017412852,0.000295473,0.00014708666
39083,Knox County,OH,3/17/2026 10:00,0.0033767787,0.0014945741,0.00029207495,0.00014829313
39083,Knox County,OH,3/17/2026 11:00,0.0030322885,0.0012477976,0.00026670683,0.0001963931
39083,Knox County,OH,3/17/2026 12:00,0.0026530884,0.0011358894,0.00030598277,0.0001483897
39083,Knox County,OH,3/17/2026 13:00,0.0020758465,0.0008980483,0.0002503945,0.000102583865
39083,Knox County,OH,3/17/2026 14:00,0.0017412852,0.00072784134,0.00019013058,0.00015851493
39083,Knox County,OH,3/17/2026 15:00,0.0014945741,0.0007101421,0.00015722409,0.000136112
39083,Knox County,OH,3/17/2026 16:00,0.0012477976,0.0006901886,8.226237e-05,0.00019734536
39083,Knox County,OH,3/17/2026 17:00,0.0011358894,0.00063252565,7.6466466e-05,0.000245212
39083,Knox County,OH,3/17/2026 18:00,0.0008980483,0.0004224885,2.7353353e-05,0.000230487
39083,Knox County,OH,3/17/2026 19:00,0.00072784134,0.00031545328,1.1990183e-05,0.00020605841
39083,Knox County,OH,3/17/2026 20:00,0.0007101421,0.000288655,4.533994e-06,0.00014139437
39083,Knox County,OH,3/17/2026 21:00,0.0006901886,0.00026813516,2.958952e-06,0.0001237462
39083,Knox County,OH,3/17/2026 22:00,0.00063252565,0.00028730958,1.6741224e-05,0.000171738
39083,Knox County,OH,3/17/2026 23:00,0.0004224885,0.00028441838,6.963478e-06,0.00016246176
39083,Knox County,OH,3/18/2026 0:00,0.00031545328,0.00028058953,1.9043708e-05,
39083,Knox County,OH,3/18/2026 1:00,0.000288655,0.00022570354,3.1428568e-05,
39083,Knox County,OH,3/18/2026 2:00,0.00026813516,0.00022150802,3.7242924e-05,
39083,Knox County,OH,3/18/2026 3:00,0.00028730958,0.000295473,5.5399134e-05,
39083,Knox County,OH,3/18/2026 4:00,0.00028441838,0.00029207495,9.623905e-05,
39083,Knox County,OH,3/18/2026 5:00,0.00028058953,0.00026670683,0.00011240273,
39083,Knox County,OH,3/18/2026 6:00,0.00022570354,0.00030598277,0.00014059976,
39083,Knox County,OH,3/18/2026 7:00,0.00022150802,0.0002503945,0.00011648308,
39083,Knox County,OH,3/18/2026 8:00,0.000295473,0.00019013058,0.00018061054,
39083,Knox County,OH,3/18/2026 9:00,0.00029207495,0.00015722409,0.00014708666,
39083,Knox County,OH,3/18/2026 10:00,0.00026670683,8.226237e-05,0.00014829313,
39083,Knox County,OH,3/18/2026 11:00,0.00030598277,7.6466466e-05,0.0001963931,
39083,Knox County,OH,3/18/2026 12:00,0.0002503945,2.7353353e-05,0.0001483897,
39083,Knox County,OH,3/18/2026 13:00,0.00019013058,1.1990183e-05,0.000102583865,
39083,Knox County,OH,3/18/2026 14:00,0.00015722409,4.533994e-06,0.00015851493,
39083,Knox County,OH,3/18/2026 15:00,8.226237e-05,2.958952e-06,0.000136112,
39083,Knox County,OH,3/18/2026 16:00,7.6466466e-05,1.6741224e-05,0.00019734536,
39083,Knox County,OH,3/18/2026 17:00,2.7353353e-05,6.963478e-06,0.000245212,
39083,Knox County,OH,3/18/2026 18:00,1.1990183e-05,1.9043708e-05,0.000230487,
39083,Knox County,OH,3/18/2026 19:00,4.533994e-06,3.1428568e-05,0.00020605841,
39083,Knox County,OH,3/18/2026 20:00,2.958952e-06,3.7242924e-05,0.00014139437,
39083,Knox County,OH,3/18/2026 21:00,1.6741224e-05,5.5399134e-05,0.0001237462,
39083,Knox County,OH,3/18/2026 22:00,6.963478e-06,9.623905e-05,0.000171738,
39083,Knox County,OH,3/18/2026 23:00,1.9043708e-05,0.00011240273,0.00016246176,
39083,Knox County,OH,3/19/2026 0:00,3.1428568e-05,0.00014059976,,
39083,Knox County,OH,3/19/2026 1:00,3.7242924e-05,0.00011648308,,
39083,Knox County,OH,3/19/2026 2:00,5.5399134e-05,0.00018061054,,
39083,Knox County,OH,3/19/2026 3:00,9.623905e-05,0.00014708666,,
39083,Knox County,OH,3/19/2026 4:00,0.00011240273,0.00014829313,,
39083,Knox County,OH,3/19/2026 5:00,0.00014059976,0.0001963931,,
39083,Knox County,OH,3/19/2026 6:00,0.00011648308,0.0001483897,,
39083,Knox County,OH,3/19/2026 7:00,0.00018061054,0.000102583865,,
39083,Knox County,OH,3/19/2026 8:00,0.00014708666,0.00015851493,,
39083,Knox County,OH,3/19/2026 9:00,0.00014829313,0.000136112,,
39083,Knox County,OH,3/19/2026 10:00,0.0001963931,0.00019734536,,
39083,Knox County,OH,3/19/2026 11:00,0.0001483897,0.000245212,,
39083,Knox County,OH,3/19/2026 12:00,0.000102583865,0.000230487,,
39083,Knox County,OH,3/19/2026 13:00,0.00015851493,0.00020605841,,
39083,Knox County,OH,3/19/2026 14:00,0.000136112,0.00014139437,,
39083,Knox County,OH,3/19/2026 15:00,0.00019734536,0.0001237462,,
39083,Knox County,OH,3/19/2026 16:00,0.000245212,0.000171738,,
39083,Knox County,OH,3/19/2026 17:00,0.000230487,0.00016246176,,
39083,Knox County,OH,3/19/2026 18:00,0.00020605841,,,
39083,Knox County,OH,3/19/2026 19:00,0.00014139437,,,
39083,Knox County,OH,3/19/2026 20:00,0.0001237462,,,
39083,Knox County,OH,3/19/2026 21:00,0.000171738,,,
39083,Knox County,OH,3/19/2026 22:00,0.00016246176,,,
39083,Knox County,OH,3/19/2026 23:00,,,,
42001,Adams County,PA,3/14/2026 0:00,0.003256225,0.0019434557,0.0006601379,0.0004170083
42001,Adams County,PA,3/14/2026 1:00,0.0030009882,0.0023945575,0.00057409285,0.000505769
42001,Adams County,PA,3/14/2026 2:00,0.0030635782,0.0030740392,0.00040867817,0.0005172157
42001,Adams County,PA,3/14/2026 3:00,0.0026424862,0.0036064265,0.00040750575,0.00014893436
42001,Adams County,PA,3/14/2026 4:00,0.0021599457,0.0036484464,0.00039302977,0.00017394758
42001,Adams County,PA,3/14/2026 5:00,0.0019434557,0.0034351894,0.00033456334,0.00013880138
42001,Adams County,PA,3/14/2026 6:00,0.0023945575,0.0030411885,0.0003548771,0.00012438057
42001,Adams County,PA,3/14/2026 7:00,0.0030740392,0.002661099,0.0003706361,0.00014814688
42001,Adams County,PA,3/14/2026 8:00,0.0036064265,0.0022431305,0.000277344,0.0001055946
42001,Adams County,PA,3/14/2026 9:00,0.0036484464,0.0017951176,0.00030349958,0.00017565179
42001,Adams County,PA,3/14/2026 10:00,0.0034351894,0.0012979547,0.0004004854,0.0002013341
42001,Adams County,PA,3/14/2026 11:00,0.0030411885,0.0011431652,0.0004886882,0.00032503606
42001,Adams County,PA,3/14/2026 12:00,0.002661099,0.0010701916,0.00051182165,0.00048218248
42001,Adams County,PA,3/14/2026 13:00,0.0022431305,0.00066913106,0.0004924697,0.00063138985
42001,Adams County,PA,3/14/2026 14:00,0.0017951176,0.00078326825,0.00048737694,0.00035374603
42001,Adams County,PA,3/14/2026 15:00,0.0012979547,0.0008274805,0.00040607122,0.00015650417
42001,Adams County,PA,3/14/2026 16:00,0.0011431652,0.0007234745,0.0004146094,0.000116969546
42001,Adams County,PA,3/14/2026 17:00,0.0010701916,0.0006707762,0.00045158344,0.00037854584
42001,Adams County,PA,3/14/2026 18:00,0.00066913106,0.0006601379,0.00051041605,0.0007250205
42001,Adams County,PA,3/14/2026 19:00,0.00078326825,0.00057409285,0.0004613734,0.001766897
42001,Adams County,PA,3/14/2026 20:00,0.0008274805,0.00040867817,0.00048025572,0.004522477
42001,Adams County,PA,3/14/2026 21:00,0.0007234745,0.00040750575,0.00052824727,0.005832755
42001,Adams County,PA,3/14/2026 22:00,0.0006707762,0.00039302977,0.00052382454,0.0061457446
42001,Adams County,PA,3/14/2026 23:00,0.0006601379,0.00033456334,0.00032182806,0.0074481345
42001,Adams County,PA,3/15/2026 0:00,0.00057409285,0.0003548771,0.0004170083,0.0075178286
42001,Adams County,PA,3/15/2026 1:00,0.00040867817,0.0003706361,0.000505769,0.00719575
42001,Adams County,PA,3/15/2026 2:00,0.00040750575,0.000277344,0.0005172157,0.006829844
42001,Adams County,PA,3/15/2026 3:00,0.00039302977,0.00030349958,0.00014893436,0.006642769
42001,Adams County,PA,3/15/2026 4:00,0.00033456334,0.0004004854,0.00017394758,0.006642309
42001,Adams County,PA,3/15/2026 5:00,0.0003548771,0.0004886882,0.00013880138,0.0063460493
42001,Adams County,PA,3/15/2026 6:00,0.0003706361,0.00051182165,0.00012438057,0.005765717
42001,Adams County,PA,3/15/2026 7:00,0.000277344,0.0004924697,0.00014814688,0.005454516
42001,Adams County,PA,3/15/2026 8:00,0.00030349958,0.00048737694,0.0001055946,0.0047207265
42001,Adams County,PA,3/15/2026 9:00,0.0004004854,0.00040607122,0.00017565179,0.004090135
42001,Adams County,PA,3/15/2026 10:00,0.0004886882,0.0004146094,0.0002013341,0.003668697
42001,Adams County,PA,3/15/2026 11:00,0.00051182165,0.00045158344,0.00032503606,0.003317087
42001,Adams County,PA,3/15/2026 12:00,0.0004924697,0.00051041605,0.00048218248,0.003054929
42001,Adams County,PA,3/15/2026 13:00,0.00048737694,0.0004613734,0.00063138985,0.0025600954
42001,Adams County,PA,3/15/2026 14:00,0.00040607122,0.00048025572,0.00035374603,0.0024113161
42001,Adams County,PA,3/15/2026 15:00,0.0004146094,0.00052824727,0.00015650417,0.0022713775
42001,Adams County,PA,3/15/2026 16:00,0.00045158344,0.00052382454,0.000116969546,0.0023175015
42001,Adams County,PA,3/15/2026 17:00,0.00051041605,0.00032182806,0.00037854584,0.0022519585
42001,Adams County,PA,3/15/2026 18:00,0.0004613734,0.0004170083,0.0007250205,0.0020737718
42001,Adams County,PA,3/15/2026 19:00,0.00048025572,0.000505769,0.001766897,0.0019445019
42001,Adams County,PA,3/15/2026 20:00,0.00052824727,0.0005172157,0.004522477,0.0013787408
42001,Adams County,PA,3/15/2026 21:00,0.00052382454,0.00014893436,0.005832755,0.0010459749
42001,Adams County,PA,3/15/2026 22:00,0.00032182806,0.00017394758,0.0061457446,0.00086979795
42001,Adams County,PA,3/15/2026 23:00,0.0004170083,0.00013880138,0.0074481345,0.0008873887
42001,Adams County,PA,3/16/2026 0:00,0.000505769,0.00012438057,0.0075178286,0.00049720664
42001,Adams County,PA,3/16/2026 1:00,0.0005172157,0.00014814688,0.00719575,0.0004971876
42001,Adams County,PA,3/16/2026 2:00,0.00014893436,0.0001055946,0.006829844,0.0004164438
42001,Adams County,PA,3/16/2026 3:00,0.00017394758,0.00017565179,0.006642769,0.0004012294
42001,Adams County,PA,3/16/2026 4:00,0.00013880138,0.0002013341,0.006642309,0.0004639754
42001,Adams County,PA,3/16/2026 5:00,0.00012438057,0.00032503606,0.0063460493,0.00044136855
42001,Adams County,PA,3/16/2026 6:00,0.00014814688,0.00048218248,0.005765717,0.0003970756
42001,Adams County,PA,3/16/2026 7:00,0.0001055946,0.00063138985,0.005454516,0.00033211787
42001,Adams County,PA,3/16/2026 8:00,0.00017565179,0.00035374603,0.0047207265,0.0004583482
42001,Adams County,PA,3/16/2026 9:00,0.0002013341,0.00015650417,0.004090135,0.0005480324
42001,Adams County,PA,3/16/2026 10:00,0.00032503606,0.000116969546,0.003668697,0.00051382056
42001,Adams County,PA,3/16/2026 11:00,0.00048218248,0.00037854584,0.003317087,0.0004165238
42001,Adams County,PA,3/16/2026 12:00,0.00063138985,0.0007250205,0.003054929,0.00054698746
42001,Adams County,PA,3/16/2026 13:00,0.00035374603,0.001766897,0.0025600954,0.0005315907
42001,Adams County,PA,3/16/2026 14:00,0.00015650417,0.004522477,0.0024113161,0.00046294954
42001,Adams County,PA,3/16/2026 15:00,0.000116969546,0.005832755,0.0022713775,0.0005174681
42001,Adams County,PA,3/16/2026 16:00,0.00037854584,0.0061457446,0.0023175015,0.00048349772
42001,Adams County,PA,3/16/2026 17:00,0.0007250205,0.0074481345,0.0022519585,0.00055473886
42001,Adams County,PA,3/16/2026 18:00,0.001766897,0.0075178286,0.0020737718,0.00040773084
42001,Adams County,PA,3/16/2026 19:00,0.004522477,0.00719575,0.0019445019,0.00035409277
42001,Adams County,PA,3/16/2026 20:00,0.005832755,0.006829844,0.0013787408,0.00035494217
42001,Adams County,PA,3/16/2026 21:00,0.0061457446,0.006642769,0.0010459749,0.00038832976
42001,Adams County,PA,3/16/2026 22:00,0.0074481345,0.006642309,0.00086979795,0.00041340018
42001,Adams County,PA,3/16/2026 23:00,0.0075178286,0.0063460493,0.0008873887,0.00033285856
42001,Adams County,PA,3/17/2026 0:00,0.00719575,0.005765717,0.00049720664,0.000321509
42001,Adams County,PA,3/17/2026 1:00,0.006829844,0.005454516,0.0004971876,0.00027798457
42001,Adams County,PA,3/17/2026 2:00,0.006642769,0.0047207265,0.0004164438,0.00030920605
42001,Adams County,PA,3/17/2026 3:00,0.006642309,0.004090135,0.0004012294,0.00034303468
42001,Adams County,PA,3/17/2026 4:00,0.0063460493,0.003668697,0.0004639754,0.0002949445
42001,Adams County,PA,3/17/2026 5:00,0.005765717,0.003317087,0.00044136855,0.00028722794
42001,Adams County,PA,3/17/2026 6:00,0.005454516,0.003054929,0.0003970756,0.0002824185
42001,Adams County,PA,3/17/2026 7:00,0.0047207265,0.0025600954,0.00033211787,0.00024758367
42001,Adams County,PA,3/17/2026 8:00,0.004090135,0.0024113161,0.0004583482,0.00025038543
42001,Adams County,PA,3/17/2026 9:00,0.003668697,0.0022713775,0.0005480324,0.00025561693
42001,Adams County,PA,3/17/2026 10:00,0.003317087,0.0023175015,0.00051382056,0.00019596155
42001,Adams County,PA,3/17/2026 11:00,0.003054929,0.0022519585,0.0004165238,0.00017867597
42001,Adams County,PA,3/17/2026 12:00,0.0025600954,0.0020737718,0.00054698746,0.00014501925
42001,Adams County,PA,3/17/2026 13:00,0.0024113161,0.0019445019,0.0005315907,0.00013190764
42001,Adams County,PA,3/17/2026 14:00,0.0022713775,0.0013787408,0.00046294954,0.00013965213
42001,Adams County,PA,3/17/2026 15:00,0.0023175015,0.0010459749,0.0005174681,0.00017609684
42001,Adams County,PA,3/17/2026 16:00,0.0022519585,0.00086979795,0.00048349772,0.00016520456
42001,Adams County,PA,3/17/2026 17:00,0.0020737718,0.0008873887,0.00055473886,0.00014354725
42001,Adams County,PA,3/17/2026 18:00,0.0019445019,0.00049720664,0.00040773084,0.00015518506
42001,Adams County,PA,3/17/2026 19:00,0.0013787408,0.0004971876,0.00035409277,0.00017870273
42001,Adams County,PA,3/17/2026 20:00,0.0010459749,0.0004164438,0.00035494217,0.00024266014
42001,Adams County,PA,3/17/2026 21:00,0.00086979795,0.0004012294,0.00038832976,0.00026991658
42001,Adams County,PA,3/17/2026 22:00,0.0008873887,0.0004639754,0.00041340018,0.00026984033
42001,Adams County,PA,3/17/2026 23:00,0.00049720664,0.00044136855,0.00033285856,0.0002445855
42001,Adams County,PA,3/18/2026 0:00,0.0004971876,0.0003970756,0.000321509,
42001,Adams County,PA,3/18/2026 1:00,0.0004164438,0.00033211787,0.00027798457,
42001,Adams County,PA,3/18/2026 2:00,0.0004012294,0.0004583482,0.00030920605,
42001,Adams County,PA,3/18/2026 3:00,0.0004639754,0.0005480324,0.00034303468,
42001,Adams County,PA,3/18/2026 4:00,0.00044136855,0.00051382056,0.0002949445,
42001,Adams County,PA,3/18/2026 5:00,0.0003970756,0.0004165238,0.00028722794,
42001,Adams County,PA,3/18/2026 6:00,0.00033211787,0.00054698746,0.0002824185,
42001,Adams County,PA,3/18/2026 7:00,0.0004583482,0.0005315907,0.00024758367,
42001,Adams County,PA,3/18/2026 8:00,0.0005480324,0.00046294954,0.00025038543,
42001,Adams County,PA,3/18/2026 9:00,0.00051382056,0.0005174681,0.00025561693,
42001,Adams County,PA,3/18/2026 10:00,0.0004165238,0.00048349772,0.00019596155,
42001,Adams County,PA,3/18/2026 11:00,0.00054698746,0.00055473886,0.00017867597,
42001,Adams County,PA,3/18/2026 12:00,0.0005315907,0.00040773084,0.00014501925,
42001,Adams County,PA,3/18/2026 13:00,0.00046294954,0.00035409277,0.00013190764,
42001,Adams County,PA,3/18/2026 14:00,0.0005174681,0.00035494217,0.00013965213,
42001,Adams County,PA,3/18/2026 15:00,0.00048349772,0.00038832976,0.00017609684,
42001,Adams County,PA,3/18/2026 16:00,0.00055473886,0.00041340018,0.00016520456,
42001,Adams County,PA,3/18/2026 17:00,0.00040773084,0.00033285856,0.00014354725,
42001,Adams County,PA,3/18/2026 18:00,0.00035409277,0.000321509,0.00015518506,
42001,Adams County,PA,3/18/2026 19:00,0.00035494217,0.00027798457,0.00017870273,
42001,Adams County,PA,3/18/2026 20:00,0.00038832976,0.00030920605,0.00024266014,
42001,Adams County,PA,3/18/2026 21:00,0.00041340018,0.00034303468,0.00026991658,
42001,Adams County,PA,3/18/2026 22:00,0.00033285856,0.0002949445,0.00026984033,
42001,Adams County,PA,3/18/2026 23:00,0.000321509,0.00028722794,0.0002445855,
42001,Adams County,PA,3/19/2026 0:00,0.00027798457,0.0002824185,,
42001,Adams County,PA,3/19/2026 1:00,0.00030920605,0.00024758367,,
42001,Adams County,PA,3/19/2026 2:00,0.00034303468,0.00025038543,,
42001,Adams County,PA,3/19/2026 3:00,0.0002949445,0.00025561693,,
42001,Adams County,PA,3/19/2026 4:00,0.00028722794,0.00019596155,,
42001,Adams County,PA,3/19/2026 5:00,0.0002824185,0.00017867597,,
42001,Adams County,PA,3/19/2026 6:00,0.00024758367,0.00014501925,,
42001,Adams County,PA,3/19/2026 7:00,0.00025038543,0.00013190764,,
42001,Adams County,PA,3/19/2026 8:00,0.00025561693,0.00013965213,,
42001,Adams County,PA,3/19/2026 9:00,0.00019596155,0.00017609684,,
42001,Adams County,PA,3/19/2026 10:00,0.00017867597,0.00016520456,,
42001,Adams County,PA,3/19/2026 11:00,0.00014501925,0.00014354725,,
42001,Adams County,PA,3/19/2026 12:00,0.00013190764,0.00015518506,,
42001,Adams County,PA,3/19/2026 13:00,0.00013965213,0.00017870273,,
42001,Adams County,PA,3/19/2026 14:00,0.00017609684,0.00024266014,,
42001,Adams County,PA,3/19/2026 15:00,0.00016520456,0.00026991658,,
42001,Adams County,PA,3/19/2026 16:00,0.00014354725,0.00026984033,,
42001,Adams County,PA,3/19/2026 17:00,0.00015518506,0.0002445855,,
42001,Adams County,PA,3/19/2026 18:00,0.00017870273,,,
42001,Adams County,PA,3/19/2026 19:00,0.00024266014,,,
42001,Adams County,PA,3/19/2026 20:00,0.00026991658,,,
42001,Adams County,PA,3/19/2026 21:00,0.00026984033,,,
42001,Adams County,PA,3/19/2026 22:00,0.0002445855,,,
42001,Adams County,PA,3/19/2026 23:00,,,,
42003,Allegheny County,PA,3/14/2026 0:00,0.12957838,0.113661446,0.036000084,0.015349591
42003,Allegheny County,PA,3/14/2026 1:00,0.12522677,0.11116551,0.03386785,0.015132176
42003,Allegheny County,PA,3/14/2026 2:00,0.12280078,0.107333735,0.03267821,0.01472006
42003,Allegheny County,PA,3/14/2026 3:00,0.12122001,0.103751525,0.03173459,0.01395833
42003,Allegheny County,PA,3/14/2026 4:00,0.116648376,0.09866251,0.030914051,0.013519195
42003,Allegheny County,PA,3/14/2026 5:00,0.113661446,0.09367839,0.029729053,0.012753045
42003,Allegheny County,PA,3/14/2026 6:00,0.11116551,0.08892139,0.028284479,0.012253032
42003,Allegheny County,PA,3/14/2026 7:00,0.107333735,0.08525464,0.02777321,0.0134149855
42003,Allegheny County,PA,3/14/2026 8:00,0.103751525,0.08091564,0.026489936,0.013867415
42003,Allegheny County,PA,3/14/2026 9:00,0.09866251,0.073941305,0.025773115,0.013446845
42003,Allegheny County,PA,3/14/2026 10:00,0.09367839,0.06949348,0.02498343,0.012365633
42003,Allegheny County,PA,3/14/2026 11:00,0.08892139,0.06372948,0.024170637,0.012222646
42003,Allegheny County,PA,3/14/2026 12:00,0.08525464,0.058702093,0.023743175,0.012088653
42003,Allegheny County,PA,3/14/2026 13:00,0.08091564,0.051281888,0.022757689,0.011451227
42003,Allegheny County,PA,3/14/2026 14:00,0.073941305,0.046257034,0.022291115,0.010729048
42003,Allegheny County,PA,3/14/2026 15:00,0.06949348,0.043092128,0.02222508,0.010025028
42003,Allegheny County,PA,3/14/2026 16:00,0.06372948,0.04018105,0.022402234,0.009097537
42003,Allegheny County,PA,3/14/2026 17:00,0.058702093,0.03738129,0.022301055,0.008855658
42003,Allegheny County,PA,3/14/2026 18:00,0.051281888,0.036000084,0.021361532,0.007210738
42003,Allegheny County,PA,3/14/2026 19:00,0.046257034,0.03386785,0.02023499,0.0057774703
42003,Allegheny County,PA,3/14/2026 20:00,0.043092128,0.03267821,0.01842349,0.005642268
42003,Allegheny County,PA,3/14/2026 21:00,0.04018105,0.03173459,0.017071212,0.0047492837
42003,Allegheny County,PA,3/14/2026 22:00,0.03738129,0.030914051,0.016101152,0.003489561
42003,Allegheny County,PA,3/14/2026 23:00,0.036000084,0.029729053,0.015643772,0.0032467612
42003,Allegheny County,PA,3/15/2026 0:00,0.03386785,0.028284479,0.015349591,0.0032914304
42003,Allegheny County,PA,3/15/2026 1:00,0.03267821,0.02777321,0.015132176,0.0033133186
42003,Allegheny County,PA,3/15/2026 2:00,0.03173459,0.026489936,0.01472006,0.0032444543
42003,Allegheny County,PA,3/15/2026 3:00,0.030914051,0.025773115,0.01395833,0.0030939993
42003,Allegheny County,PA,3/15/2026 4:00,0.029729053,0.02498343,0.013519195,0.0031285821
42003,Allegheny County,PA,3/15/2026 5:00,0.028284479,0.024170637,0.012753045,0.0030526149
42003,Allegheny County,PA,3/15/2026 6:00,0.02777321,0.023743175,0.012253032,0.0028635776
42003,Allegheny County,PA,3/15/2026 7:00,0.026489936,0.022757689,0.0134149855,0.0036384834
42003,Allegheny County,PA,3/15/2026 8:00,0.025773115,0.022291115,0.013867415,0.0028205703
42003,Allegheny County,PA,3/15/2026 9:00,0.02498343,0.02222508,0.013446845,0.0029703702
42003,Allegheny County,PA,3/15/2026 10:00,0.024170637,0.022402234,0.012365633,0.002798598
42003,Allegheny County,PA,3/15/2026 11:00,0.023743175,0.022301055,0.012222646,0.002837032
42003,Allegheny County,PA,3/15/2026 12:00,0.022757689,0.021361532,0.012088653,0.0030131796
42003,Allegheny County,PA,3/15/2026 13:00,0.022291115,0.02023499,0.011451227,0.0027798666
42003,Allegheny County,PA,3/15/2026 14:00,0.02222508,0.01842349,0.010729048,0.0026922757
42003,Allegheny County,PA,3/15/2026 15:00,0.022402234,0.017071212,0.010025028,0.0024819472
42003,Allegheny County,PA,3/15/2026 16:00,0.022301055,0.016101152,0.009097537,0.003008394
42003,Allegheny County,PA,3/15/2026 17:00,0.021361532,0.015643772,0.008855658,0.002252826
42003,Allegheny County,PA,3/15/2026 18:00,0.02023499,0.015349591,0.007210738,0.0018657803
42003,Allegheny County,PA,3/15/2026 19:00,0.01842349,0.015132176,0.0057774703,0.0016019166
42003,Allegheny County,PA,3/15/2026 20:00,0.017071212,0.01472006,0.005642268,0.0012966936
42003,Allegheny County,PA,3/15/2026 21:00,0.016101152,0.01395833,0.0047492837,0.0011997438
42003,Allegheny County,PA,3/15/2026 22:00,0.015643772,0.013519195,0.003489561,0.00089378847
42003,Allegheny County,PA,3/15/2026 23:00,0.015349591,0.012753045,0.0032467612,0.00090375065
42003,Allegheny County,PA,3/16/2026 0:00,0.015132176,0.012253032,0.0032914304,0.00057071587
42003,Allegheny County,PA,3/16/2026 1:00,0.01472006,0.0134149855,0.0033133186,0.0006462614
42003,Allegheny County,PA,3/16/2026 2:00,0.01395833,0.013867415,0.0032444543,0.00054182165
42003,Allegheny County,PA,3/16/2026 3:00,0.013519195,0.013446845,0.0030939993,0.00050583243
42003,Allegheny County,PA,3/16/2026 4:00,0.012753045,0.012365633,0.0031285821,0.00044766403
42003,Allegheny County,PA,3/16/2026 5:00,0.012253032,0.012222646,0.0030526149,0.000552459
42003,Allegheny County,PA,3/16/2026 6:00,0.0134149855,0.012088653,0.0028635776,0.00043431867
42003,Allegheny County,PA,3/16/2026 7:00,0.013867415,0.011451227,0.0036384834,0.00042921287
42003,Allegheny County,PA,3/16/2026 8:00,0.013446845,0.010729048,0.0028205703,0.0005329264
42003,Allegheny County,PA,3/16/2026 9:00,0.012365633,0.010025028,0.0029703702,0.0006467544
42003,Allegheny County,PA,3/16/2026 10:00,0.012222646,0.009097537,0.002798598,0.00087134994
42003,Allegheny County,PA,3/16/2026 11:00,0.012088653,0.008855658,0.002837032,0.00076219556
42003,Allegheny County,PA,3/16/2026 12:00,0.011451227,0.007210738,0.0030131796,0.0008045641
42003,Allegheny County,PA,3/16/2026 13:00,0.010729048,0.0057774703,0.0027798666,0.0007622202
42003,Allegheny County,PA,3/16/2026 14:00,0.010025028,0.005642268,0.0026922757,0.0007559617
42003,Allegheny County,PA,3/16/2026 15:00,0.009097537,0.0047492837,0.0024819472,0.0007145579
42003,Allegheny County,PA,3/16/2026 16:00,0.008855658,0.003489561,0.003008394,0.00068807806
42003,Allegheny County,PA,3/16/2026 17:00,0.007210738,0.0032467612,0.002252826,0.0006391564
42003,Allegheny County,PA,3/16/2026 18:00,0.0057774703,0.0032914304,0.0018657803,0.000521389
42003,Allegheny County,PA,3/16/2026 19:00,0.005642268,0.0033133186,0.0016019166,0.00044203977
42003,Allegheny County,PA,3/16/2026 20:00,0.0047492837,0.0032444543,0.0012966936,0.0004719335
42003,Allegheny County,PA,3/16/2026 21:00,0.003489561,0.0030939993,0.0011997438,0.00035429595
42003,Allegheny County,PA,3/16/2026 22:00,0.0032467612,0.0031285821,0.00089378847,0.0003600938
42003,Allegheny County,PA,3/16/2026 23:00,0.0032914304,0.0030526149,0.00090375065,0.00033988658
42003,Allegheny County,PA,3/17/2026 0:00,0.0033133186,0.0028635776,0.00057071587,0.00034389953
42003,Allegheny County,PA,3/17/2026 1:00,0.0032444543,0.0036384834,0.0006462614,0.00035124162
42003,Allegheny County,PA,3/17/2026 2:00,0.0030939993,0.0028205703,0.00054182165,0.00042807055
42003,Allegheny County,PA,3/17/2026 3:00,0.0031285821,0.0029703702,0.00050583243,0.00049137877
42003,Allegheny County,PA,3/17/2026 4:00,0.0030526149,0.002798598,0.00044766403,0.00046829367
42003,Allegheny County,PA,3/17/2026 5:00,0.0028635776,0.002837032,0.000552459,0.00047830748
42003,Allegheny County,PA,3/17/2026 6:00,0.0036384834,0.0030131796,0.00043431867,0.00046617878
42003,Allegheny County,PA,3/17/2026 7:00,0.0028205703,0.0027798666,0.00042921287,0.00046944898
42003,Allegheny County,PA,3/17/2026 8:00,0.0029703702,0.0026922757,0.0005329264,0.00053697394
42003,Allegheny County,PA,3/17/2026 9:00,0.002798598,0.0024819472,0.0006467544,0.0005950689
42003,Allegheny County,PA,3/17/2026 10:00,0.002837032,0.003008394,0.00087134994,0.00061847374
42003,Allegheny County,PA,3/17/2026 11:00,0.0030131796,0.002252826,0.00076219556,0.000471063
42003,Allegheny County,PA,3/17/2026 12:00,0.0027798666,0.0018657803,0.0008045641,0.00062856986
42003,Allegheny County,PA,3/17/2026 13:00,0.0026922757,0.0016019166,0.0007622202,0.00073177594
42003,Allegheny County,PA,3/17/2026 14:00,0.0024819472,0.0012966936,0.0007559617,0.0008171524
42003,Allegheny County,PA,3/17/2026 15:00,0.003008394,0.0011997438,0.0007145579,0.0007709868
42003,Allegheny County,PA,3/17/2026 16:00,0.002252826,0.00089378847,0.00068807806,0.000659256
42003,Allegheny County,PA,3/17/2026 17:00,0.0018657803,0.00090375065,0.0006391564,0.00079558685
42003,Allegheny County,PA,3/17/2026 18:00,0.0016019166,0.00057071587,0.000521389,0.0008716878
42003,Allegheny County,PA,3/17/2026 19:00,0.0012966936,0.0006462614,0.00044203977,0.0007232007
42003,Allegheny County,PA,3/17/2026 20:00,0.0011997438,0.00054182165,0.0004719335,0.00042579646
42003,Allegheny County,PA,3/17/2026 21:00,0.00089378847,0.00050583243,0.00035429595,0.00041334995
42003,Allegheny County,PA,3/17/2026 22:00,0.00090375065,0.00044766403,0.0003600938,0.0006258001
42003,Allegheny County,PA,3/17/2026 23:00,0.00057071587,0.000552459,0.00033988658,0.0005347643
42003,Allegheny County,PA,3/18/2026 0:00,0.0006462614,0.00043431867,0.00034389953,
42003,Allegheny County,PA,3/18/2026 1:00,0.00054182165,0.00042921287,0.00035124162,
42003,Allegheny County,PA,3/18/2026 2:00,0.00050583243,0.0005329264,0.00042807055,
42003,Allegheny County,PA,3/18/2026 3:00,0.00044766403,0.0006467544,0.00049137877,
42003,Allegheny County,PA,3/18/2026 4:00,0.000552459,0.00087134994,0.00046829367,
42003,Allegheny County,PA,3/18/2026 5:00,0.00043431867,0.00076219556,0.00047830748,
42003,Allegheny County,PA,3/18/2026 6:00,0.00042921287,0.0008045641,0.00046617878,
42003,Allegheny County,PA,3/18/2026 7:00,0.0005329264,0.0007622202,0.00046944898,
42003,Allegheny County,PA,3/18/2026 8:00,0.0006467544,0.0007559617,0.00053697394,
42003,Allegheny County,PA,3/18/2026 9:00,0.00087134994,0.0007145579,0.0005950689,
42003,Allegheny County,PA,3/18/2026 10:00,0.00076219556,0.00068807806,0.00061847374,
42003,Allegheny County,PA,3/18/2026 11:00,0.0008045641,0.0006391564,0.000471063,
42003,Allegheny County,PA,3/18/2026 12:00,0.0007622202,0.000521389,0.00062856986,
42003,Allegheny County,PA,3/18/2026 13:00,0.0007559617,0.00044203977,0.00073177594,
42003,Allegheny County,PA,3/18/2026 14:00,0.0007145579,0.0004719335,0.0008171524,
42003,Allegheny County,PA,3/18/2026 15:00,0.00068807806,0.00035429595,0.0007709868,
42003,Allegheny County,PA,3/18/2026 16:00,0.0006391564,0.0003600938,0.000659256,
42003,Allegheny County,PA,3/18/2026 17:00,0.000521389,0.00033988658,0.00079558685,
42003,Allegheny County,PA,3/18/2026 18:00,0.00044203977,0.00034389953,0.0008716878,
42003,Allegheny County,PA,3/18/2026 19:00,0.0004719335,0.00035124162,0.0007232007,
42003,Allegheny County,PA,3/18/2026 20:00,0.00035429595,0.00042807055,0.00042579646,
42003,Allegheny County,PA,3/18/2026 21:00,0.0003600938,0.00049137877,0.00041334995,
42003,Allegheny County,PA,3/18/2026 22:00,0.00033988658,0.00046829367,0.0006258001,
42003,Allegheny County,PA,3/18/2026 23:00,0.00034389953,0.00047830748,0.0005347643,
42003,Allegheny County,PA,3/19/2026 0:00,0.00035124162,0.00046617878,,
42003,Allegheny County,PA,3/19/2026 1:00,0.00042807055,0.00046944898,,
42003,Allegheny County,PA,3/19/2026 2:00,0.00049137877,0.00053697394,,
42003,Allegheny County,PA,3/19/2026 3:00,0.00046829367,0.0005950689,,
42003,Allegheny County,PA,3/19/2026 4:00,0.00047830748,0.00061847374,,
42003,Allegheny County,PA,3/19/2026 5:00,0.00046617878,0.000471063,,
42003,Allegheny County,PA,3/19/2026 6:00,0.00046944898,0.00062856986,,
42003,Allegheny County,PA,3/19/2026 7:00,0.00053697394,0.00073177594,,
42003,Allegheny County,PA,3/19/2026 8:00,0.0005950689,0.0008171524,,
42003,Allegheny County,PA,3/19/2026 9:00,0.00061847374,0.0007709868,,
42003,Allegheny County,PA,3/19/2026 10:00,0.000471063,0.000659256,,
42003,Allegheny County,PA,3/19/2026 11:00,0.00062856986,0.00079558685,,
42003,Allegheny County,PA,3/19/2026 12:00,0.00073177594,0.0008716878,,
42003,Allegheny County,PA,3/19/2026 13:00,0.0008171524,0.0007232007,,
42003,Allegheny County,PA,3/19/2026 14:00,0.0007709868,0.00042579646,,
42003,Allegheny County,PA,3/19/2026 15:00,0.000659256,0.00041334995,,
42003,Allegheny County,PA,3/19/2026 16:00,0.00079558685,0.0006258001,,
42003,Allegheny County,PA,3/19/2026 17:00,0.0008716878,0.0005347643,,
42003,Allegheny County,PA,3/19/2026 18:00,0.0007232007,,,
42003,Allegheny County,PA,3/19/2026 19:00,0.00042579646,,,
42003,Allegheny County,PA,3/19/2026 20:00,0.00041334995,,,
42003,Allegheny County,PA,3/19/2026 21:00,0.0006258001,,,
42003,Allegheny County,PA,3/19/2026 22:00,0.0005347643,,,
42003,Allegheny County,PA,3/19/2026 23:00,,,,
42011,Berks County,PA,3/14/2026 0:00,5.216187e-05,0.00014870611,0.0004390649,0.0005429111
42011,Berks County,PA,3/14/2026 1:00,0.0002918633,0.0002646173,0.00033150555,0.00058906584
42011,Berks County,PA,3/14/2026 2:00,0.00020404931,0.0004956183,0.00031173002,0.00052772264
42011,Berks County,PA,3/14/2026 3:00,0.00023293604,0.0010016162,0.00025429126,0.00035744303
42011,Berks County,PA,3/14/2026 4:00,0.00023213276,0.001276738,0.00021975358,0.0004541181
42011,Berks County,PA,3/14/2026 5:00,0.00014870611,0.001305849,0.00022948868,0.00046193233
42011,Berks County,PA,3/14/2026 6:00,0.0002646173,0.0016257965,0.00022991678,0.0003918014
42011,Berks County,PA,3/14/2026 7:00,0.0004956183,0.001178661,0.00030528894,0.00037923752
42011,Berks County,PA,3/14/2026 8:00,0.0010016162,0.0013567065,0.00033892048,0.00033455534
42011,Berks County,PA,3/14/2026 9:00,0.001276738,0.0013579683,0.00036085825,0.0003700286
42011,Berks County,PA,3/14/2026 10:00,0.001305849,0.0013983091,0.00046002454,0.00040814962
42011,Berks County,PA,3/14/2026 11:00,0.0016257965,0.00077933003,0.00035841423,0.0006141556
42011,Berks County,PA,3/14/2026 12:00,0.001178661,0.000604574,0.00038533995,0.0010370954
42011,Berks County,PA,3/14/2026 13:00,0.0013567065,0.00035497898,0.00047151785,0.0014678171
42011,Berks County,PA,3/14/2026 14:00,0.0013579683,0.00030492485,0.0005967545,0.0015728653
42011,Berks County,PA,3/14/2026 15:00,0.0013983091,0.00022733028,0.0004804899,0.0015590414
42011,Berks County,PA,3/14/2026 16:00,0.00077933003,0.00037844607,0.0004617967,0.0013724252
42011,Berks County,PA,3/14/2026 17:00,0.000604574,0.000409319,0.00052123633,0.0012291862
42011,Berks County,PA,3/14/2026 18:00,0.00035497898,0.0004390649,0.0006488674,0.0014420334
42011,Berks County,PA,3/14/2026 19:00,0.00030492485,0.00033150555,0.000684817,0.0014776728
42011,Berks County,PA,3/14/2026 20:00,0.00022733028,0.00031173002,0.0005798754,0.0018957647
42011,Berks County,PA,3/14/2026 21:00,0.00037844607,0.00025429126,0.00060269516,0.0039049229
42011,Berks County,PA,3/14/2026 22:00,0.000409319,0.00021975358,0.00059690094,0.007080528
42011,Berks County,PA,3/14/2026 23:00,0.0004390649,0.00022948868,0.0006542621,0.00848332
42011,Berks County,PA,3/15/2026 0:00,0.00033150555,0.00022991678,0.0005429111,0.008023518
42011,Berks County,PA,3/15/2026 1:00,0.00031173002,0.00030528894,0.00058906584,0.008121588
42011,Berks County,PA,3/15/2026 2:00,0.00025429126,0.00033892048,0.00052772264,0.008289788
42011,Berks County,PA,3/15/2026 3:00,0.00021975358,0.00036085825,0.00035744303,0.008444313
42011,Berks County,PA,3/15/2026 4:00,0.00022948868,0.00046002454,0.0004541181,0.008641275
42011,Berks County,PA,3/15/2026 5:00,0.00022991678,0.00035841423,0.00046193233,0.008574207
42011,Berks County,PA,3/15/2026 6:00,0.00030528894,0.00038533995,0.0003918014,0.008186335
42011,Berks County,PA,3/15/2026 7:00,0.00033892048,0.00047151785,0.00037923752,0.0073974715
42011,Berks County,PA,3/15/2026 8:00,0.00036085825,0.0005967545,0.00033455534,0.006912479
42011,Berks County,PA,3/15/2026 9:00,0.00046002454,0.0004804899,0.0003700286,0.00607411
42011,Berks County,PA,3/15/2026 10:00,0.00035841423,0.0004617967,0.00040814962,0.0051865503
42011,Berks County,PA,3/15/2026 11:00,0.00038533995,0.00052123633,0.0006141556,0.0046188105
42011,Berks County,PA,3/15/2026 12:00,0.00047151785,0.0006488674,0.0010370954,0.004045196
42011,Berks County,PA,3/15/2026 13:00,0.0005967545,0.000684817,0.0014678171,0.0034828053
42011,Berks County,PA,3/15/2026 14:00,0.0004804899,0.0005798754,0.0015728653,0.0029545662
42011,Berks County,PA,3/15/2026 15:00,0.0004617967,0.00060269516,0.0015590414,0.0025431917
42011,Berks County,PA,3/15/2026 16:00,0.00052123633,0.00059690094,0.0013724252,0.002363287
42011,Berks County,PA,3/15/2026 17:00,0.0006488674,0.0006542621,0.0012291862,0.002144473
42011,Berks County,PA,3/15/2026 18:00,0.000684817,0.0005429111,0.0014420334,0.001900274
42011,Berks County,PA,3/15/2026 19:00,0.0005798754,0.00058906584,0.0014776728,0.001813808
42011,Berks County,PA,3/15/2026 20:00,0.00060269516,0.00052772264,0.0018957647,0.0015180579
42011,Berks County,PA,3/15/2026 21:00,0.00059690094,0.00035744303,0.0039049229,0.0013402856
42011,Berks County,PA,3/15/2026 22:00,0.0006542621,0.0004541181,0.007080528,0.0010796818
42011,Berks County,PA,3/15/2026 23:00,0.0005429111,0.00046193233,0.00848332,0.0008997988
42011,Berks County,PA,3/16/2026 0:00,0.00058906584,0.0003918014,0.008023518,0.0005905471
42011,Berks County,PA,3/16/2026 1:00,0.00052772264,0.00037923752,0.008121588,0.00047754508
42011,Berks County,PA,3/16/2026 2:00,0.00035744303,0.00033455534,0.008289788,0.00044447085
42011,Berks County,PA,3/16/2026 3:00,0.0004541181,0.0003700286,0.008444313,0.0004502245
42011,Berks County,PA,3/16/2026 4:00,0.00046193233,0.00040814962,0.008641275,0.00042530685
42011,Berks County,PA,3/16/2026 5:00,0.0003918014,0.0006141556,0.008574207,0.0003161124
42011,Berks County,PA,3/16/2026 6:00,0.00037923752,0.0010370954,0.008186335,0.00034873368
42011,Berks County,PA,3/16/2026 7:00,0.00033455534,0.0014678171,0.0073974715,0.00031848456
42011,Berks County,PA,3/16/2026 8:00,0.0003700286,0.0015728653,0.006912479,0.00048151353
42011,Berks County,PA,3/16/2026 9:00,0.00040814962,0.0015590414,0.00607411,0.0003520027
42011,Berks County,PA,3/16/2026 10:00,0.0006141556,0.0013724252,0.0051865503,0.00050898944
42011,Berks County,PA,3/16/2026 11:00,0.0010370954,0.0012291862,0.0046188105,0.0003035327
42011,Berks County,PA,3/16/2026 12:00,0.0014678171,0.0014420334,0.004045196,0.0002784272
42011,Berks County,PA,3/16/2026 13:00,0.0015728653,0.0014776728,0.0034828053,0.0004209322
42011,Berks County,PA,3/16/2026 14:00,0.0015590414,0.0018957647,0.0029545662,0.00053547346
42011,Berks County,PA,3/16/2026 15:00,0.0013724252,0.0039049229,0.0025431917,0.0004654246
42011,Berks County,PA,3/16/2026 16:00,0.0012291862,0.007080528,0.002363287,0.00038700303
42011,Berks County,PA,3/16/2026 17:00,0.0014420334,0.00848332,0.002144473,0.00032453344
42011,Berks County,PA,3/16/2026 18:00,0.0014776728,0.008023518,0.001900274,0.00028689698
42011,Berks County,PA,3/16/2026 19:00,0.0018957647,0.008121588,0.001813808,0.00024323631
42011,Berks County,PA,3/16/2026 20:00,0.0039049229,0.008289788,0.0015180579,0.0002683713
42011,Berks County,PA,3/16/2026 21:00,0.007080528,0.008444313,0.0013402856,0.00030807528
42011,Berks County,PA,3/16/2026 22:00,0.00848332,0.008641275,0.0010796818,0.00029438257
42011,Berks County,PA,3/16/2026 23:00,0.008023518,0.008574207,0.0008997988,0.00019422318
42011,Berks County,PA,3/17/2026 0:00,0.008121588,0.008186335,0.0005905471,0.00020084842
42011,Berks County,PA,3/17/2026 1:00,0.008289788,0.0073974715,0.00047754508,0.00021944127
42011,Berks County,PA,3/17/2026 2:00,0.008444313,0.006912479,0.00044447085,0.00022336066
42011,Berks County,PA,3/17/2026 3:00,0.008641275,0.00607411,0.0004502245,0.00023791454
42011,Berks County,PA,3/17/2026 4:00,0.008574207,0.0051865503,0.00042530685,0.00020415813
42011,Berks County,PA,3/17/2026 5:00,0.008186335,0.0046188105,0.0003161124,0.0001935703
42011,Berks County,PA,3/17/2026 6:00,0.0073974715,0.004045196,0.00034873368,0.00017905419
42011,Berks County,PA,3/17/2026 7:00,0.006912479,0.0034828053,0.00031848456,0.00020162179
42011,Berks County,PA,3/17/2026 8:00,0.00607411,0.0029545662,0.00048151353,0.00020626532
42011,Berks County,PA,3/17/2026 9:00,0.0051865503,0.0025431917,0.0003520027,0.00024303726
42011,Berks County,PA,3/17/2026 10:00,0.0046188105,0.002363287,0.00050898944,0.00023005866
42011,Berks County,PA,3/17/2026 11:00,0.004045196,0.002144473,0.0003035327,0.00018618458
42011,Berks County,PA,3/17/2026 12:00,0.0034828053,0.001900274,0.0002784272,0.00015345283
42011,Berks County,PA,3/17/2026 13:00,0.0029545662,0.001813808,0.0004209322,0.0001320239
42011,Berks County,PA,3/17/2026 14:00,0.0025431917,0.0015180579,0.00053547346,0.000110969624
42011,Berks County,PA,3/17/2026 15:00,0.002363287,0.0013402856,0.0004654246,0.00011810565
42011,Berks County,PA,3/17/2026 16:00,0.002144473,0.0010796818,0.00038700303,0.00012759758
42011,Berks County,PA,3/17/2026 17:00,0.001900274,0.0008997988,0.00032453344,0.00012065211
42011,Berks County,PA,3/17/2026 18:00,0.001813808,0.0005905471,0.00028689698,0.00011548806
42011,Berks County,PA,3/17/2026 19:00,0.0015180579,0.00047754508,0.00024323631,0.00021007546
42011,Berks County,PA,3/17/2026 20:00,0.0013402856,0.00044447085,0.0002683713,0.00030128242
42011,Berks County,PA,3/17/2026 21:00,0.0010796818,0.0004502245,0.00030807528,0.00031452283
42011,Berks County,PA,3/17/2026 22:00,0.0008997988,0.00042530685,0.00029438257,0.00028637223
42011,Berks County,PA,3/17/2026 23:00,0.0005905471,0.0003161124,0.00019422318,0.00024607498
42011,Berks County,PA,3/18/2026 0:00,0.00047754508,0.00034873368,0.00020084842,
42011,Berks County,PA,3/18/2026 1:00,0.00044447085,0.00031848456,0.00021944127,
42011,Berks County,PA,3/18/2026 2:00,0.0004502245,0.00048151353,0.00022336066,
42011,Berks County,PA,3/18/2026 3:00,0.00042530685,0.0003520027,0.00023791454,
42011,Berks County,PA,3/18/2026 4:00,0.0003161124,0.00050898944,0.00020415813,
42011,Berks County,PA,3/18/2026 5:00,0.00034873368,0.0003035327,0.0001935703,
42011,Berks County,PA,3/18/2026 6:00,0.00031848456,0.0002784272,0.00017905419,
42011,Berks County,PA,3/18/2026 7:00,0.00048151353,0.0004209322,0.00020162179,
42011,Berks County,PA,3/18/2026 8:00,0.0003520027,0.00053547346,0.00020626532,
42011,Berks County,PA,3/18/2026 9:00,0.00050898944,0.0004654246,0.00024303726,
42011,Berks County,PA,3/18/2026 10:00,0.0003035327,0.00038700303,0.00023005866,
42011,Berks County,PA,3/18/2026 11:00,0.0002784272,0.00032453344,0.00018618458,
42011,Berks County,PA,3/18/2026 12:00,0.0004209322,0.00028689698,0.00015345283,
42011,Berks County,PA,3/18/2026 13:00,0.00053547346,0.00024323631,0.0001320239,
42011,Berks County,PA,3/18/2026 14:00,0.0004654246,0.0002683713,0.000110969624,
42011,Berks County,PA,3/18/2026 15:00,0.00038700303,0.00030807528,0.00011810565,
42011,Berks County,PA,3/18/2026 16:00,0.00032453344,0.00029438257,0.00012759758,
42011,Berks County,PA,3/18/2026 17:00,0.00028689698,0.00019422318,0.00012065211,
42011,Berks County,PA,3/18/2026 18:00,0.00024323631,0.00020084842,0.00011548806,
42011,Berks County,PA,3/18/2026 19:00,0.0002683713,0.00021944127,0.00021007546,
42011,Berks County,PA,3/18/2026 20:00,0.00030807528,0.00022336066,0.00030128242,
42011,Berks County,PA,3/18/2026 21:00,0.00029438257,0.00023791454,0.00031452283,
42011,Berks County,PA,3/18/2026 22:00,0.00019422318,0.00020415813,0.00028637223,
42011,Berks County,PA,3/18/2026 23:00,0.00020084842,0.0001935703,0.00024607498,
42011,Berks County,PA,3/19/2026 0:00,0.00021944127,0.00017905419,,
42011,Berks County,PA,3/19/2026 1:00,0.00022336066,0.00020162179,,
42011,Berks County,PA,3/19/2026 2:00,0.00023791454,0.00020626532,,
42011,Berks County,PA,3/19/2026 3:00,0.00020415813,0.00024303726,,
42011,Berks County,PA,3/19/2026 4:00,0.0001935703,0.00023005866,,
42011,Berks County,PA,3/19/2026 5:00,0.00017905419,0.00018618458,,
42011,Berks County,PA,3/19/2026 6:00,0.00020162179,0.00015345283,,
42011,Berks County,PA,3/19/2026 7:00,0.00020626532,0.0001320239,,
42011,Berks County,PA,3/19/2026 8:00,0.00024303726,0.000110969624,,
42011,Berks County,PA,3/19/2026 9:00,0.00023005866,0.00011810565,,
42011,Berks County,PA,3/19/2026 10:00,0.00018618458,0.00012759758,,
42011,Berks County,PA,3/19/2026 11:00,0.00015345283,0.00012065211,,
42011,Berks County,PA,3/19/2026 12:00,0.0001320239,0.00011548806,,
42011,Berks County,PA,3/19/2026 13:00,0.000110969624,0.00021007546,,
42011,Berks County,PA,3/19/2026 14:00,0.00011810565,0.00030128242,,
42011,Berks County,PA,3/19/2026 15:00,0.00012759758,0.00031452283,,
42011,Berks County,PA,3/19/2026 16:00,0.00012065211,0.00028637223,,
42011,Berks County,PA,3/19/2026 17:00,0.00011548806,0.00024607498,,
42011,Berks County,PA,3/19/2026 18:00,0.00021007546,,,
42011,Berks County,PA,3/19/2026 19:00,0.00030128242,,,
42011,Berks County,PA,3/19/2026 20:00,0.00031452283,,,
42011,Berks County,PA,3/19/2026 21:00,0.00028637223,,,
42011,Berks County,PA,3/19/2026 22:00,0.00024607498,,,
42011,Berks County,PA,3/19/2026 23:00,,,,
42017,Bucks County,PA,3/14/2026 0:00,0.00010701159,0.00035840133,0.0003653089,0.0003169371
42017,Bucks County,PA,3/14/2026 1:00,0.00063523813,0.0003930232,0.00028052018,0.00044001068
42017,Bucks County,PA,3/14/2026 2:00,0.00038321863,0.0008734589,0.00031017265,0.00057886145
42017,Bucks County,PA,3/14/2026 3:00,0.00042422832,0.0012465997,0.00025198216,0.0006301811
42017,Bucks County,PA,3/14/2026 4:00,0.00037442878,0.0015606162,0.00028975686,0.00058550935
42017,Bucks County,PA,3/14/2026 5:00,0.00035840133,0.0016057176,0.00029981922,0.0007032906
42017,Bucks County,PA,3/14/2026 6:00,0.0003930232,0.0016520679,0.00033954918,0.00062636327
42017,Bucks County,PA,3/14/2026 7:00,0.0008734589,0.0014330458,0.0004344844,0.0006529573
42017,Bucks County,PA,3/14/2026 8:00,0.0012465997,0.0014879965,0.000582119,0.0007513741
42017,Bucks County,PA,3/14/2026 9:00,0.0015606162,0.0013225796,0.00053771987,0.0007479212
42017,Bucks County,PA,3/14/2026 10:00,0.0016057176,0.0013743169,0.0005166927,0.00070360076
42017,Bucks County,PA,3/14/2026 11:00,0.0016520679,0.0012588442,0.0004538612,0.0007439255
42017,Bucks County,PA,3/14/2026 12:00,0.0014330458,0.0011733455,0.0005912395,0.0006475735
42017,Bucks County,PA,3/14/2026 13:00,0.0014879965,0.0008193227,0.00065957196,0.0008492132
42017,Bucks County,PA,3/14/2026 14:00,0.0013225796,0.0005863989,0.0006827384,0.0011791344
42017,Bucks County,PA,3/14/2026 15:00,0.0013743169,0.00061332266,0.0005455117,0.0012343171
42017,Bucks County,PA,3/14/2026 16:00,0.0012588442,0.00054135144,0.0005650751,0.00092342193
42017,Bucks County,PA,3/14/2026 17:00,0.0011733455,0.0003864006,0.00046082705,0.0008417404
42017,Bucks County,PA,3/14/2026 18:00,0.0008193227,0.0003653089,0.00039784194,0.0009830806
42017,Bucks County,PA,3/14/2026 19:00,0.0005863989,0.00028052018,0.00040618045,0.0012065638
42017,Bucks County,PA,3/14/2026 20:00,0.00061332266,0.00031017265,0.00038446407,0.0013142363
42017,Bucks County,PA,3/14/2026 21:00,0.00054135144,0.00025198216,0.00032661398,0.00234088
42017,Bucks County,PA,3/14/2026 22:00,0.0003864006,0.00028975686,0.000328219,0.0045023398
42017,Bucks County,PA,3/14/2026 23:00,0.0003653089,0.00029981922,0.00032072753,0.009516979
42017,Bucks County,PA,3/15/2026 0:00,0.00028052018,0.00033954918,0.0003169371,0.013462325
42017,Bucks County,PA,3/15/2026 1:00,0.00031017265,0.0004344844,0.00044001068,0.01350242
42017,Bucks County,PA,3/15/2026 2:00,0.00025198216,0.000582119,0.00057886145,0.0136613855
42017,Bucks County,PA,3/15/2026 3:00,0.00028975686,0.00053771987,0.0006301811,0.013671648
42017,Bucks County,PA,3/15/2026 4:00,0.00029981922,0.0005166927,0.00058550935,0.013606534
42017,Bucks County,PA,3/15/2026 5:00,0.00033954918,0.0004538612,0.0007032906,0.0130376555
42017,Bucks County,PA,3/15/2026 6:00,0.0004344844,0.0005912395,0.00062636327,0.012285428
42017,Bucks County,PA,3/15/2026 7:00,0.000582119,0.00065957196,0.0006529573,0.011513534
42017,Bucks County,PA,3/15/2026 8:00,0.00053771987,0.0006827384,0.0007513741,0.010647092
42017,Bucks County,PA,3/15/2026 9:00,0.0005166927,0.0005455117,0.0007479212,0.009863547
42017,Bucks County,PA,3/15/2026 10:00,0.0004538612,0.0005650751,0.00070360076,0.008449694
42017,Bucks County,PA,3/15/2026 11:00,0.0005912395,0.00046082705,0.0007439255,0.00755112
42017,Bucks County,PA,3/15/2026 12:00,0.00065957196,0.00039784194,0.0006475735,0.0068289908
42017,Bucks County,PA,3/15/2026 13:00,0.0006827384,0.00040618045,0.0008492132,0.006230133
42017,Bucks County,PA,3/15/2026 14:00,0.0005455117,0.00038446407,0.0011791344,0.0055473614
42017,Bucks County,PA,3/15/2026 15:00,0.0005650751,0.00032661398,0.0012343171,0.004723914
42017,Bucks County,PA,3/15/2026 16:00,0.00046082705,0.000328219,0.00092342193,0.0043623005
42017,Bucks County,PA,3/15/2026 17:00,0.00039784194,0.00032072753,0.0008417404,0.00427349
42017,Bucks County,PA,3/15/2026 18:00,0.00040618045,0.0003169371,0.0009830806,0.0038250834
42017,Bucks County,PA,3/15/2026 19:00,0.00038446407,0.00044001068,0.0012065638,0.0034116788
42017,Bucks County,PA,3/15/2026 20:00,0.00032661398,0.00057886145,0.0013142363,0.0029600891
42017,Bucks County,PA,3/15/2026 21:00,0.000328219,0.0006301811,0.00234088,0.0027193688
42017,Bucks County,PA,3/15/2026 22:00,0.00032072753,0.00058550935,0.0045023398,0.0025415947
42017,Bucks County,PA,3/15/2026 23:00,0.0003169371,0.0007032906,0.009516979,0.00203845
42017,Bucks County,PA,3/16/2026 0:00,0.00044001068,0.00062636327,0.013462325,0.0011453442
42017,Bucks County,PA,3/16/2026 1:00,0.00057886145,0.0006529573,0.01350242,0.0010096875
42017,Bucks County,PA,3/16/2026 2:00,0.0006301811,0.0007513741,0.0136613855,0.001045491
42017,Bucks County,PA,3/16/2026 3:00,0.00058550935,0.0007479212,0.013671648,0.0011038231
42017,Bucks County,PA,3/16/2026 4:00,0.0007032906,0.00070360076,0.013606534,0.0010842435
42017,Bucks County,PA,3/16/2026 5:00,0.00062636327,0.0007439255,0.0130376555,0.0009776719
42017,Bucks County,PA,3/16/2026 6:00,0.0006529573,0.0006475735,0.012285428,0.00078135275
42017,Bucks County,PA,3/16/2026 7:00,0.0007513741,0.0008492132,0.011513534,0.000924754
42017,Bucks County,PA,3/16/2026 8:00,0.0007479212,0.0011791344,0.010647092,0.0009870236
42017,Bucks County,PA,3/16/2026 9:00,0.00070360076,0.0012343171,0.009863547,0.0009166134
42017,Bucks County,PA,3/16/2026 10:00,0.0007439255,0.00092342193,0.008449694,0.0007965769
42017,Bucks County,PA,3/16/2026 11:00,0.0006475735,0.0008417404,0.00755112,0.000816571
42017,Bucks County,PA,3/16/2026 12:00,0.0008492132,0.0009830806,0.0068289908,0.0006390991
42017,Bucks County,PA,3/16/2026 13:00,0.0011791344,0.0012065638,0.006230133,0.0005799869
42017,Bucks County,PA,3/16/2026 14:00,0.0012343171,0.0013142363,0.0055473614,0.0006049091
42017,Bucks County,PA,3/16/2026 15:00,0.00092342193,0.00234088,0.004723914,0.0006336679
42017,Bucks County,PA,3/16/2026 16:00,0.0008417404,0.0045023398,0.0043623005,0.00059284706
42017,Bucks County,PA,3/16/2026 17:00,0.0009830806,0.009516979,0.00427349,0.00046592407
42017,Bucks County,PA,3/16/2026 18:00,0.0012065638,0.013462325,0.0038250834,0.00042581538
42017,Bucks County,PA,3/16/2026 19:00,0.0013142363,0.01350242,0.0034116788,0.00029765748
42017,Bucks County,PA,3/16/2026 20:00,0.00234088,0.0136613855,0.0029600891,0.00032343104
42017,Bucks County,PA,3/16/2026 21:00,0.0045023398,0.013671648,0.0027193688,0.00032168362
42017,Bucks County,PA,3/16/2026 22:00,0.009516979,0.013606534,0.0025415947,0.00034644947
42017,Bucks County,PA,3/16/2026 23:00,0.013462325,0.0130376555,0.00203845,0.00034364138
42017,Bucks County,PA,3/17/2026 0:00,0.01350242,0.012285428,0.0011453442,0.0003190255
42017,Bucks County,PA,3/17/2026 1:00,0.0136613855,0.011513534,0.0010096875,0.0003524954
42017,Bucks County,PA,3/17/2026 2:00,0.013671648,0.010647092,0.001045491,0.00030531498
42017,Bucks County,PA,3/17/2026 3:00,0.013606534,0.009863547,0.0011038231,0.0003291785
42017,Bucks County,PA,3/17/2026 4:00,0.0130376555,0.008449694,0.0010842435,0.00030783212
42017,Bucks County,PA,3/17/2026 5:00,0.012285428,0.00755112,0.0009776719,0.0003163081
42017,Bucks County,PA,3/17/2026 6:00,0.011513534,0.0068289908,0.00078135275,0.0003509265
42017,Bucks County,PA,3/17/2026 7:00,0.010647092,0.006230133,0.000924754,0.00036411823
42017,Bucks County,PA,3/17/2026 8:00,0.009863547,0.0055473614,0.0009870236,0.00036568768
42017,Bucks County,PA,3/17/2026 9:00,0.008449694,0.004723914,0.0009166134,0.00046170084
42017,Bucks County,PA,3/17/2026 10:00,0.00755112,0.0043623005,0.0007965769,0.00040659466
42017,Bucks County,PA,3/17/2026 11:00,0.0068289908,0.00427349,0.000816571,0.00034315692
42017,Bucks County,PA,3/17/2026 12:00,0.006230133,0.0038250834,0.0006390991,0.00029962978
42017,Bucks County,PA,3/17/2026 13:00,0.0055473614,0.0034116788,0.0005799869,0.00031116372
42017,Bucks County,PA,3/17/2026 14:00,0.004723914,0.0029600891,0.0006049091,0.0002576823
42017,Bucks County,PA,3/17/2026 15:00,0.0043623005,0.0027193688,0.0006336679,0.0002667968
42017,Bucks County,PA,3/17/2026 16:00,0.00427349,0.0025415947,0.00059284706,0.00028305379
42017,Bucks County,PA,3/17/2026 17:00,0.0038250834,0.00203845,0.00046592407,0.00027387458
42017,Bucks County,PA,3/17/2026 18:00,0.0034116788,0.0011453442,0.00042581538,0.00027485166
42017,Bucks County,PA,3/17/2026 19:00,0.0029600891,0.0010096875,0.00029765748,0.00029702098
42017,Bucks County,PA,3/17/2026 20:00,0.0027193688,0.001045491,0.00032343104,0.00036401843
42017,Bucks County,PA,3/17/2026 21:00,0.0025415947,0.0011038231,0.00032168362,0.00034823734
42017,Bucks County,PA,3/17/2026 22:00,0.00203845,0.0010842435,0.00034644947,0.00038208388
42017,Bucks County,PA,3/17/2026 23:00,0.0011453442,0.0009776719,0.00034364138,0.00037144296
42017,Bucks County,PA,3/18/2026 0:00,0.0010096875,0.00078135275,0.0003190255,
42017,Bucks County,PA,3/18/2026 1:00,0.001045491,0.000924754,0.0003524954,
42017,Bucks County,PA,3/18/2026 2:00,0.0011038231,0.0009870236,0.00030531498,
42017,Bucks County,PA,3/18/2026 3:00,0.0010842435,0.0009166134,0.0003291785,
42017,Bucks County,PA,3/18/2026 4:00,0.0009776719,0.0007965769,0.00030783212,
42017,Bucks County,PA,3/18/2026 5:00,0.00078135275,0.000816571,0.0003163081,
42017,Bucks County,PA,3/18/2026 6:00,0.000924754,0.0006390991,0.0003509265,
42017,Bucks County,PA,3/18/2026 7:00,0.0009870236,0.0005799869,0.00036411823,
42017,Bucks County,PA,3/18/2026 8:00,0.0009166134,0.0006049091,0.00036568768,
42017,Bucks County,PA,3/18/2026 9:00,0.0007965769,0.0006336679,0.00046170084,
42017,Bucks County,PA,3/18/2026 10:00,0.000816571,0.00059284706,0.00040659466,
42017,Bucks County,PA,3/18/2026 11:00,0.0006390991,0.00046592407,0.00034315692,
42017,Bucks County,PA,3/18/2026 12:00,0.0005799869,0.00042581538,0.00029962978,
42017,Bucks County,PA,3/18/2026 13:00,0.0006049091,0.00029765748,0.00031116372,
42017,Bucks County,PA,3/18/2026 14:00,0.0006336679,0.00032343104,0.0002576823,
42017,Bucks County,PA,3/18/2026 15:00,0.00059284706,0.00032168362,0.0002667968,
42017,Bucks County,PA,3/18/2026 16:00,0.00046592407,0.00034644947,0.00028305379,
42017,Bucks County,PA,3/18/2026 17:00,0.00042581538,0.00034364138,0.00027387458,
42017,Bucks County,PA,3/18/2026 18:00,0.00029765748,0.0003190255,0.00027485166,
42017,Bucks County,PA,3/18/2026 19:00,0.00032343104,0.0003524954,0.00029702098,
42017,Bucks County,PA,3/18/2026 20:00,0.00032168362,0.00030531498,0.00036401843,
42017,Bucks County,PA,3/18/2026 21:00,0.00034644947,0.0003291785,0.00034823734,
42017,Bucks County,PA,3/18/2026 22:00,0.00034364138,0.00030783212,0.00038208388,
42017,Bucks County,PA,3/18/2026 23:00,0.0003190255,0.0003163081,0.00037144296,
42017,Bucks County,PA,3/19/2026 0:00,0.0003524954,0.0003509265,,
42017,Bucks County,PA,3/19/2026 1:00,0.00030531498,0.00036411823,,
42017,Bucks County,PA,3/19/2026 2:00,0.0003291785,0.00036568768,,
42017,Bucks County,PA,3/19/2026 3:00,0.00030783212,0.00046170084,,
42017,Bucks County,PA,3/19/2026 4:00,0.0003163081,0.00040659466,,
42017,Bucks County,PA,3/19/2026 5:00,0.0003509265,0.00034315692,,
42017,Bucks County,PA,3/19/2026 6:00,0.00036411823,0.00029962978,,
42017,Bucks County,PA,3/19/2026 7:00,0.00036568768,0.00031116372,,
42017,Bucks County,PA,3/19/2026 8:00,0.00046170084,0.0002576823,,
42017,Bucks County,PA,3/19/2026 9:00,0.00040659466,0.0002667968,,
42017,Bucks County,PA,3/19/2026 10:00,0.00034315692,0.00028305379,,
42017,Bucks County,PA,3/19/2026 11:00,0.00029962978,0.00027387458,,
42017,Bucks County,PA,3/19/2026 12:00,0.00031116372,0.00027485166,,
42017,Bucks County,PA,3/19/2026 13:00,0.0002576823,0.00029702098,,
42017,Bucks County,PA,3/19/2026 14:00,0.0002667968,0.00036401843,,
42017,Bucks County,PA,3/19/2026 15:00,0.00028305379,0.00034823734,,
42017,Bucks County,PA,3/19/2026 16:00,0.00027387458,0.00038208388,,
42017,Bucks County,PA,3/19/2026 17:00,0.00027485166,0.00037144296,,
42017,Bucks County,PA,3/19/2026 18:00,0.00029702098,,,
42017,Bucks County,PA,3/19/2026 19:00,0.00036401843,,,
42017,Bucks County,PA,3/19/2026 20:00,0.00034823734,,,
42017,Bucks County,PA,3/19/2026 21:00,0.00038208388,,,
42017,Bucks County,PA,3/19/2026 22:00,0.00037144296,,,
42017,Bucks County,PA,3/19/2026 23:00,,,,
42037,Columbia County,PA,3/14/2026 0:00,0.00026904355,0.0023209762,0.0002158666,0.0013452098
42037,Columbia County,PA,3/14/2026 1:00,0.00031096357,0.002791132,0.00041356703,0.0012797985
42037,Columbia County,PA,3/14/2026 2:00,0.00035152386,0.0038057247,0.00041533753,0.0010819559
42037,Columbia County,PA,3/14/2026 3:00,0.000474076,0.0044345306,0.00032561834,0.0013332563
42037,Columbia County,PA,3/14/2026 4:00,0.0013281151,0.0040607397,0.00032808588,0.0014831717
42037,Columbia County,PA,3/14/2026 5:00,0.0023209762,0.003641373,0.00032605176,0.0013226354
42037,Columbia County,PA,3/14/2026 6:00,0.002791132,0.003266448,0.00036077085,0.0012023664
42037,Columbia County,PA,3/14/2026 7:00,0.0038057247,0.0027412185,0.0004579506,0.0011865345
42037,Columbia County,PA,3/14/2026 8:00,0.0044345306,0.0024430037,0.00048773218,0.0011022692
42037,Columbia County,PA,3/14/2026 9:00,0.0040607397,0.0018240486,0.00047179364,0.0014310034
42037,Columbia County,PA,3/14/2026 10:00,0.003641373,0.0013432924,0.0006140359,0.0016319309
42037,Columbia County,PA,3/14/2026 11:00,0.003266448,0.001086929,0.0007420015,0.0020009936
42037,Columbia County,PA,3/14/2026 12:00,0.0027412185,0.0010649541,0.0010021124,0.0019444844
42037,Columbia County,PA,3/14/2026 13:00,0.0024430037,0.0006100944,0.0007914783,0.0016002542
42037,Columbia County,PA,3/14/2026 14:00,0.0018240486,0.0003835144,0.00081190653,0.0015978874
42037,Columbia County,PA,3/14/2026 15:00,0.0013432924,0.00024836243,0.0009663828,0.0016318024
42037,Columbia County,PA,3/14/2026 16:00,0.001086929,0.00029978607,0.0011172743,0.0015417337
42037,Columbia County,PA,3/14/2026 17:00,0.0010649541,0.00026209617,0.0012382255,0.0011877918
42037,Columbia County,PA,3/14/2026 18:00,0.0006100944,0.0002158666,0.0013430885,0.0011117638
42037,Columbia County,PA,3/14/2026 19:00,0.0003835144,0.00041356703,0.001746076,0.001663066
42037,Columbia County,PA,3/14/2026 20:00,0.00024836243,0.00041533753,0.0018427094,0.0040958165
42037,Columbia County,PA,3/14/2026 21:00,0.00029978607,0.00032561834,0.0016967133,0.005846452
42037,Columbia County,PA,3/14/2026 22:00,0.00026209617,0.00032808588,0.0017004914,0.005733869
42037,Columbia County,PA,3/14/2026 23:00,0.0002158666,0.00032605176,0.0015564291,0.0061754086
42037,Columbia County,PA,3/15/2026 0:00,0.00041356703,0.00036077085,0.0013452098,0.007401875
42037,Columbia County,PA,3/15/2026 1:00,0.00041533753,0.0004579506,0.0012797985,0.0077953693
42037,Columbia County,PA,3/15/2026 2:00,0.00032561834,0.00048773218,0.0010819559,0.0070624417
42037,Columbia County,PA,3/15/2026 3:00,0.00032808588,0.00047179364,0.0013332563,0.0058052354
42037,Columbia County,PA,3/15/2026 4:00,0.00032605176,0.0006140359,0.0014831717,0.0050203474
42037,Columbia County,PA,3/15/2026 5:00,0.00036077085,0.0007420015,0.0013226354,0.004790001
42037,Columbia County,PA,3/15/2026 6:00,0.0004579506,0.0010021124,0.0012023664,0.0045361505
42037,Columbia County,PA,3/15/2026 7:00,0.00048773218,0.0007914783,0.0011865345,0.0040833596
42037,Columbia County,PA,3/15/2026 8:00,0.00047179364,0.00081190653,0.0011022692,0.003936873
42037,Columbia County,PA,3/15/2026 9:00,0.0006140359,0.0009663828,0.0014310034,0.003816091
42037,Columbia County,PA,3/15/2026 10:00,0.0007420015,0.0011172743,0.0016319309,0.0035757448
42037,Columbia County,PA,3/15/2026 11:00,0.0010021124,0.0012382255,0.0020009936,0.0029524104
42037,Columbia County,PA,3/15/2026 12:00,0.0007914783,0.0013430885,0.0019444844,0.0024332737
42037,Columbia County,PA,3/15/2026 13:00,0.00081190653,0.001746076,0.0016002542,0.002012927
42037,Columbia County,PA,3/15/2026 14:00,0.0009663828,0.0018427094,0.0015978874,0.0019071077
42037,Columbia County,PA,3/15/2026 15:00,0.0011172743,0.0016967133,0.0016318024,0.0018553726
42037,Columbia County,PA,3/15/2026 16:00,0.0012382255,0.0017004914,0.0015417337,0.0017963669
42037,Columbia County,PA,3/15/2026 17:00,0.0013430885,0.0015564291,0.0011877918,0.0017591275
42037,Columbia County,PA,3/15/2026 18:00,0.001746076,0.0013452098,0.0011117638,0.001770886
42037,Columbia County,PA,3/15/2026 19:00,0.0018427094,0.0012797985,0.001663066,0.0015743376
42037,Columbia County,PA,3/15/2026 20:00,0.0016967133,0.0010819559,0.0040958165,0.0013857462
42037,Columbia County,PA,3/15/2026 21:00,0.0017004914,0.0013332563,0.005846452,0.0011348289
42037,Columbia County,PA,3/15/2026 22:00,0.0015564291,0.0014831717,0.005733869,0.00095320866
42037,Columbia County,PA,3/15/2026 23:00,0.0013452098,0.0013226354,0.0061754086,0.00089354895
42037,Columbia County,PA,3/16/2026 0:00,0.0012797985,0.0012023664,0.007401875,0.00052169606
42037,Columbia County,PA,3/16/2026 1:00,0.0010819559,0.0011865345,0.0077953693,0.0004735705
42037,Columbia County,PA,3/16/2026 2:00,0.0013332563,0.0011022692,0.0070624417,0.00048320575
42037,Columbia County,PA,3/16/2026 3:00,0.0014831717,0.0014310034,0.0058052354,0.00043539255
42037,Columbia County,PA,3/16/2026 4:00,0.0013226354,0.0016319309,0.0050203474,0.00032530076
42037,Columbia County,PA,3/16/2026 5:00,0.0012023664,0.0020009936,0.004790001,0.0003142372
42037,Columbia County,PA,3/16/2026 6:00,0.0011865345,0.0019444844,0.0045361505,0.0003096432
42037,Columbia County,PA,3/16/2026 7:00,0.0011022692,0.0016002542,0.0040833596,0.00025914822
42037,Columbia County,PA,3/16/2026 8:00,0.0014310034,0.0015978874,0.003936873,0.00034375803
42037,Columbia County,PA,3/16/2026 9:00,0.0016319309,0.0016318024,0.003816091,0.00047990386
42037,Columbia County,PA,3/16/2026 10:00,0.0020009936,0.0015417337,0.0035757448,0.0004985057
42037,Columbia County,PA,3/16/2026 11:00,0.0019444844,0.0011877918,0.0029524104,0.00040919284
42037,Columbia County,PA,3/16/2026 12:00,0.0016002542,0.0011117638,0.0024332737,0.00046663007
42037,Columbia County,PA,3/16/2026 13:00,0.0015978874,0.001663066,0.002012927,0.00041868244
42037,Columbia County,PA,3/16/2026 14:00,0.0016318024,0.0040958165,0.0019071077,0.00040448055
42037,Columbia County,PA,3/16/2026 15:00,0.0015417337,0.005846452,0.0018553726,0.0004698725
42037,Columbia County,PA,3/16/2026 16:00,0.0011877918,0.005733869,0.0017963669,0.00043775985
42037,Columbia County,PA,3/16/2026 17:00,0.0011117638,0.0061754086,0.0017591275,0.0004598314
42037,Columbia County,PA,3/16/2026 18:00,0.001663066,0.007401875,0.001770886,0.00032110754
42037,Columbia County,PA,3/16/2026 19:00,0.0040958165,0.0077953693,0.0015743376,0.00024163797
42037,Columbia County,PA,3/16/2026 20:00,0.005846452,0.0070624417,0.0013857462,0.00024643162
42037,Columbia County,PA,3/16/2026 21:00,0.005733869,0.0058052354,0.0011348289,0.00037555938
42037,Columbia County,PA,3/16/2026 22:00,0.0061754086,0.0050203474,0.00095320866,0.0004464191
42037,Columbia County,PA,3/16/2026 23:00,0.007401875,0.004790001,0.00089354895,0.00040735432
42037,Columbia County,PA,3/17/2026 0:00,0.0077953693,0.0045361505,0.00052169606,0.0003707516
42037,Columbia County,PA,3/17/2026 1:00,0.0070624417,0.0040833596,0.0004735705,0.00031967135
42037,Columbia County,PA,3/17/2026 2:00,0.0058052354,0.003936873,0.00048320575,0.00035099432
42037,Columbia County,PA,3/17/2026 3:00,0.0050203474,0.003816091,0.00043539255,0.00034062137
42037,Columbia County,PA,3/17/2026 4:00,0.004790001,0.0035757448,0.00032530076,0.0003729034
42037,Columbia County,PA,3/17/2026 5:00,0.0045361505,0.0029524104,0.0003142372,0.00041591979
42037,Columbia County,PA,3/17/2026 6:00,0.0040833596,0.0024332737,0.0003096432,0.00039798778
42037,Columbia County,PA,3/17/2026 7:00,0.003936873,0.002012927,0.00025914822,0.000522803
42037,Columbia County,PA,3/17/2026 8:00,0.003816091,0.0019071077,0.00034375803,0.0006679897
42037,Columbia County,PA,3/17/2026 9:00,0.0035757448,0.0018553726,0.00047990386,0.0006773406
42037,Columbia County,PA,3/17/2026 10:00,0.0029524104,0.0017963669,0.0004985057,0.0005644923
42037,Columbia County,PA,3/17/2026 11:00,0.0024332737,0.0017591275,0.00040919284,0.00044547868
42037,Columbia County,PA,3/17/2026 12:00,0.002012927,0.001770886,0.00046663007,0.00034156325
42037,Columbia County,PA,3/17/2026 13:00,0.0019071077,0.0015743376,0.00041868244,0.00024026909
42037,Columbia County,PA,3/17/2026 14:00,0.0018553726,0.0013857462,0.00040448055,0.0001790961
42037,Columbia County,PA,3/17/2026 15:00,0.0017963669,0.0011348289,0.0004698725,0.00019198535
42037,Columbia County,PA,3/17/2026 16:00,0.0017591275,0.00095320866,0.00043775985,0.0001988358
42037,Columbia County,PA,3/17/2026 17:00,0.001770886,0.00089354895,0.0004598314,0.00020177256
42037,Columbia County,PA,3/17/2026 18:00,0.0015743376,0.00052169606,0.00032110754,0.00020215259
42037,Columbia County,PA,3/17/2026 19:00,0.0013857462,0.0004735705,0.00024163797,0.00022196301
42037,Columbia County,PA,3/17/2026 20:00,0.0011348289,0.00048320575,0.00024643162,0.00027985842
42037,Columbia County,PA,3/17/2026 21:00,0.00095320866,0.00043539255,0.00037555938,0.00035543257
42037,Columbia County,PA,3/17/2026 22:00,0.00089354895,0.00032530076,0.0004464191,0.00032038704
42037,Columbia County,PA,3/17/2026 23:00,0.00052169606,0.0003142372,0.00040735432,0.0003091638
42037,Columbia County,PA,3/18/2026 0:00,0.0004735705,0.0003096432,0.0003707516,
42037,Columbia County,PA,3/18/2026 1:00,0.00048320575,0.00025914822,0.00031967135,
42037,Columbia County,PA,3/18/2026 2:00,0.00043539255,0.00034375803,0.00035099432,
42037,Columbia County,PA,3/18/2026 3:00,0.00032530076,0.00047990386,0.00034062137,
42037,Columbia County,PA,3/18/2026 4:00,0.0003142372,0.0004985057,0.0003729034,
42037,Columbia County,PA,3/18/2026 5:00,0.0003096432,0.00040919284,0.00041591979,
42037,Columbia County,PA,3/18/2026 6:00,0.00025914822,0.00046663007,0.00039798778,
42037,Columbia County,PA,3/18/2026 7:00,0.00034375803,0.00041868244,0.000522803,
42037,Columbia County,PA,3/18/2026 8:00,0.00047990386,0.00040448055,0.0006679897,
42037,Columbia County,PA,3/18/2026 9:00,0.0004985057,0.0004698725,0.0006773406,
42037,Columbia County,PA,3/18/2026 10:00,0.00040919284,0.00043775985,0.0005644923,
42037,Columbia County,PA,3/18/2026 11:00,0.00046663007,0.0004598314,0.00044547868,
42037,Columbia County,PA,3/18/2026 12:00,0.00041868244,0.00032110754,0.00034156325,
42037,Columbia County,PA,3/18/2026 13:00,0.00040448055,0.00024163797,0.00024026909,
42037,Columbia County,PA,3/18/2026 14:00,0.0004698725,0.00024643162,0.0001790961,
42037,Columbia County,PA,3/18/2026 15:00,0.00043775985,0.00037555938,0.00019198535,
42037,Columbia County,PA,3/18/2026 16:00,0.0004598314,0.0004464191,0.0001988358,
42037,Columbia County,PA,3/18/2026 17:00,0.00032110754,0.00040735432,0.00020177256,
42037,Columbia County,PA,3/18/2026 18:00,0.00024163797,0.0003707516,0.00020215259,
42037,Columbia County,PA,3/18/2026 19:00,0.00024643162,0.00031967135,0.00022196301,
42037,Columbia County,PA,3/18/2026 20:00,0.00037555938,0.00035099432,0.00027985842,
42037,Columbia County,PA,3/18/2026 21:00,0.0004464191,0.00034062137,0.00035543257,
42037,Columbia County,PA,3/18/2026 22:00,0.00040735432,0.0003729034,0.00032038704,
42037,Columbia County,PA,3/18/2026 23:00,0.0003707516,0.00041591979,0.0003091638,
42037,Columbia County,PA,3/19/2026 0:00,0.00031967135,0.00039798778,,
42037,Columbia County,PA,3/19/2026 1:00,0.00035099432,0.000522803,,
42037,Columbia County,PA,3/19/2026 2:00,0.00034062137,0.0006679897,,
42037,Columbia County,PA,3/19/2026 3:00,0.0003729034,0.0006773406,,
42037,Columbia County,PA,3/19/2026 4:00,0.00041591979,0.0005644923,,
42037,Columbia County,PA,3/19/2026 5:00,0.00039798778,0.00044547868,,
42037,Columbia County,PA,3/19/2026 6:00,0.000522803,0.00034156325,,
42037,Columbia County,PA,3/19/2026 7:00,0.0006679897,0.00024026909,,
42037,Columbia County,PA,3/19/2026 8:00,0.0006773406,0.0001790961,,
42037,Columbia County,PA,3/19/2026 9:00,0.0005644923,0.00019198535,,
42037,Columbia County,PA,3/19/2026 10:00,0.00044547868,0.0001988358,,
42037,Columbia County,PA,3/19/2026 11:00,0.00034156325,0.00020177256,,
42037,Columbia County,PA,3/19/2026 12:00,0.00024026909,0.00020215259,,
42037,Columbia County,PA,3/19/2026 13:00,0.0001790961,0.00022196301,,
42037,Columbia County,PA,3/19/2026 14:00,0.00019198535,0.00027985842,,
42037,Columbia County,PA,3/19/2026 15:00,0.0001988358,0.00035543257,,
42037,Columbia County,PA,3/19/2026 16:00,0.00020177256,0.00032038704,,
42037,Columbia County,PA,3/19/2026 17:00,0.00020215259,0.0003091638,,
42037,Columbia County,PA,3/19/2026 18:00,0.00022196301,,,
42037,Columbia County,PA,3/19/2026 19:00,0.00027985842,,,
42037,Columbia County,PA,3/19/2026 20:00,0.00035543257,,,
42037,Columbia County,PA,3/19/2026 21:00,0.00032038704,,,
42037,Columbia County,PA,3/19/2026 22:00,0.0003091638,,,
42037,Columbia County,PA,3/19/2026 23:00,,,,
42071,Lancaster County,PA,3/14/2026 0:00,0.000103238286,0.000285332,0.00040951683,0.0004225081
42071,Lancaster County,PA,3/14/2026 1:00,0.00047182673,0.00046522944,0.0004244737,0.0007612097
42071,Lancaster County,PA,3/14/2026 2:00,0.00036851328,0.00049968227,0.00027068364,0.0007962001
42071,Lancaster County,PA,3/14/2026 3:00,0.00022436287,0.00084617746,0.00023473855,0.0008037135
42071,Lancaster County,PA,3/14/2026 4:00,0.00025061562,0.001101875,0.00019056707,0.0008034612
42071,Lancaster County,PA,3/14/2026 5:00,0.000285332,0.0011189531,0.00015182786,0.0007911731
42071,Lancaster County,PA,3/14/2026 6:00,0.00046522944,0.0012687993,0.00014761239,0.00086981524
42071,Lancaster County,PA,3/14/2026 7:00,0.00049968227,0.0013937453,0.0001980639,0.0007333166
42071,Lancaster County,PA,3/14/2026 8:00,0.00084617746,0.001096527,0.0002906031,0.00080029154
42071,Lancaster County,PA,3/14/2026 9:00,0.001101875,0.001079978,0.00040607224,0.0006738283
42071,Lancaster County,PA,3/14/2026 10:00,0.0011189531,0.0010759385,0.00050087296,0.000658514
42071,Lancaster County,PA,3/14/2026 11:00,0.0012687993,0.0007917675,0.00046424154,0.00090259407
42071,Lancaster County,PA,3/14/2026 12:00,0.0013937453,0.00055820536,0.00039932108,0.0013233966
42071,Lancaster County,PA,3/14/2026 13:00,0.001096527,0.00030479653,0.00037874398,0.001720472
42071,Lancaster County,PA,3/14/2026 14:00,0.001079978,0.00038222098,0.0003353294,0.0018972409
42071,Lancaster County,PA,3/14/2026 15:00,0.0010759385,0.00054629426,0.00032130373,0.0017846059
42071,Lancaster County,PA,3/14/2026 16:00,0.0007917675,0.000724598,0.00037832867,0.0015802856
42071,Lancaster County,PA,3/14/2026 17:00,0.00055820536,0.00062699924,0.0004310378,0.0016105641
42071,Lancaster County,PA,3/14/2026 18:00,0.00030479653,0.00040951683,0.0005285498,0.0014696348
42071,Lancaster County,PA,3/14/2026 19:00,0.00038222098,0.0004244737,0.0005723227,0.001974198
42071,Lancaster County,PA,3/14/2026 20:00,0.00054629426,0.00027068364,0.00050244125,0.0031717953
42071,Lancaster County,PA,3/14/2026 21:00,0.000724598,0.00023473855,0.0005347758,0.009865636
42071,Lancaster County,PA,3/14/2026 22:00,0.00062699924,0.00019056707,0.0006000072,0.014092059
42071,Lancaster County,PA,3/14/2026 23:00,0.00040951683,0.00015182786,0.00042890973,0.015385669
42071,Lancaster County,PA,3/15/2026 0:00,0.0004244737,0.00014761239,0.0004225081,0.015832849
42071,Lancaster County,PA,3/15/2026 1:00,0.00027068364,0.0001980639,0.0007612097,0.01599499
42071,Lancaster County,PA,3/15/2026 2:00,0.00023473855,0.0002906031,0.0007962001,0.0154397935
42071,Lancaster County,PA,3/15/2026 3:00,0.00019056707,0.00040607224,0.0008037135,0.014256829
42071,Lancaster County,PA,3/15/2026 4:00,0.00015182786,0.00050087296,0.0008034612,0.013717332
42071,Lancaster County,PA,3/15/2026 5:00,0.00014761239,0.00046424154,0.0007911731,0.012845825
42071,Lancaster County,PA,3/15/2026 6:00,0.0001980639,0.00039932108,0.00086981524,0.012222885
42071,Lancaster County,PA,3/15/2026 7:00,0.0002906031,0.00037874398,0.0007333166,0.011555289
42071,Lancaster County,PA,3/15/2026 8:00,0.00040607224,0.0003353294,0.00080029154,0.010538876
42071,Lancaster County,PA,3/15/2026 9:00,0.00050087296,0.00032130373,0.0006738283,0.009359847
42071,Lancaster County,PA,3/15/2026 10:00,0.00046424154,0.00037832867,0.000658514,0.008228254
42071,Lancaster County,PA,3/15/2026 11:00,0.00039932108,0.0004310378,0.00090259407,0.007319701
42071,Lancaster County,PA,3/15/2026 12:00,0.00037874398,0.0005285498,0.0013233966,0.006460264
42071,Lancaster County,PA,3/15/2026 13:00,0.0003353294,0.0005723227,0.001720472,0.0054299594
42071,Lancaster County,PA,3/15/2026 14:00,0.00032130373,0.00050244125,0.0018972409,0.004621882
42071,Lancaster County,PA,3/15/2026 15:00,0.00037832867,0.0005347758,0.0017846059,0.0043289447
42071,Lancaster County,PA,3/15/2026 16:00,0.0004310378,0.0006000072,0.0015802856,0.0041259755
42071,Lancaster County,PA,3/15/2026 17:00,0.0005285498,0.00042890973,0.0016105641,0.0036115975
42071,Lancaster County,PA,3/15/2026 18:00,0.0005723227,0.0004225081,0.0014696348,0.0033212227
42071,Lancaster County,PA,3/15/2026 19:00,0.00050244125,0.0007612097,0.001974198,0.00303223
42071,Lancaster County,PA,3/15/2026 20:00,0.0005347758,0.0007962001,0.0031717953,0.002599271
42071,Lancaster County,PA,3/15/2026 21:00,0.0006000072,0.0008037135,0.009865636,0.0017544
42071,Lancaster County,PA,3/15/2026 22:00,0.00042890973,0.0008034612,0.014092059,0.0014744833
42071,Lancaster County,PA,3/15/2026 23:00,0.0004225081,0.0007911731,0.015385669,0.0012252105
42071,Lancaster County,PA,3/16/2026 0:00,0.0007612097,0.00086981524,0.015832849,0.00075755344
42071,Lancaster County,PA,3/16/2026 1:00,0.0007962001,0.0007333166,0.01599499,0.0006582275
42071,Lancaster County,PA,3/16/2026 2:00,0.0008037135,0.00080029154,0.0154397935,0.0005517958
42071,Lancaster County,PA,3/16/2026 3:00,0.0008034612,0.0006738283,0.014256829,0.00051826454
42071,Lancaster County,PA,3/16/2026 4:00,0.0007911731,0.000658514,0.013717332,0.0004942467
42071,Lancaster County,PA,3/16/2026 5:00,0.00086981524,0.00090259407,0.012845825,0.00042985205
42071,Lancaster County,PA,3/16/2026 6:00,0.0007333166,0.0013233966,0.012222885,0.00041376957
42071,Lancaster County,PA,3/16/2026 7:00,0.00080029154,0.001720472,0.011555289,0.00045123955
42071,Lancaster County,PA,3/16/2026 8:00,0.0006738283,0.0018972409,0.010538876,0.00042237734
42071,Lancaster County,PA,3/16/2026 9:00,0.000658514,0.0017846059,0.009359847,0.00031874233
42071,Lancaster County,PA,3/16/2026 10:00,0.00090259407,0.0015802856,0.008228254,0.00033952037
42071,Lancaster County,PA,3/16/2026 11:00,0.0013233966,0.0016105641,0.007319701,0.00032122087
42071,Lancaster County,PA,3/16/2026 12:00,0.001720472,0.0014696348,0.006460264,0.00029583584
42071,Lancaster County,PA,3/16/2026 13:00,0.0018972409,0.001974198,0.0054299594,0.00039319257
42071,Lancaster County,PA,3/16/2026 14:00,0.0017846059,0.0031717953,0.004621882,0.00047705023
42071,Lancaster County,PA,3/16/2026 15:00,0.0015802856,0.009865636,0.0043289447,0.0003973359
42071,Lancaster County,PA,3/16/2026 16:00,0.0016105641,0.014092059,0.0041259755,0.000288876
42071,Lancaster County,PA,3/16/2026 17:00,0.0014696348,0.015385669,0.0036115975,0.00023925064
42071,Lancaster County,PA,3/16/2026 18:00,0.001974198,0.015832849,0.0033212227,0.00021586701
42071,Lancaster County,PA,3/16/2026 19:00,0.0031717953,0.01599499,0.00303223,0.00022019606
42071,Lancaster County,PA,3/16/2026 20:00,0.009865636,0.0154397935,0.002599271,0.00025285003
42071,Lancaster County,PA,3/16/2026 21:00,0.014092059,0.014256829,0.0017544,0.00032782566
42071,Lancaster County,PA,3/16/2026 22:00,0.015385669,0.013717332,0.0014744833,0.00031084826
42071,Lancaster County,PA,3/16/2026 23:00,0.015832849,0.012845825,0.0012252105,0.00021248094
42071,Lancaster County,PA,3/17/2026 0:00,0.01599499,0.012222885,0.00075755344,0.0001804011
42071,Lancaster County,PA,3/17/2026 1:00,0.0154397935,0.011555289,0.0006582275,0.00021060828
42071,Lancaster County,PA,3/17/2026 2:00,0.014256829,0.010538876,0.0005517958,0.0002314991
42071,Lancaster County,PA,3/17/2026 3:00,0.013717332,0.009359847,0.00051826454,0.0001827842
42071,Lancaster County,PA,3/17/2026 4:00,0.012845825,0.008228254,0.0004942467,0.00017178788
42071,Lancaster County,PA,3/17/2026 5:00,0.012222885,0.007319701,0.00042985205,0.00013270909
42071,Lancaster County,PA,3/17/2026 6:00,0.011555289,0.006460264,0.00041376957,0.00012404671
42071,Lancaster County,PA,3/17/2026 7:00,0.010538876,0.0054299594,0.00045123955,0.00015261603
42071,Lancaster County,PA,3/17/2026 8:00,0.009359847,0.004621882,0.00042237734,0.00014815928
42071,Lancaster County,PA,3/17/2026 9:00,0.008228254,0.0043289447,0.00031874233,0.00014833857
42071,Lancaster County,PA,3/17/2026 10:00,0.007319701,0.0041259755,0.00033952037,0.00017117987
42071,Lancaster County,PA,3/17/2026 11:00,0.006460264,0.0036115975,0.00032122087,0.00011395255
42071,Lancaster County,PA,3/17/2026 12:00,0.0054299594,0.0033212227,0.00029583584,8.9557885e-05
42071,Lancaster County,PA,3/17/2026 13:00,0.004621882,0.00303223,0.00039319257,8.6177686e-05
42071,Lancaster County,PA,3/17/2026 14:00,0.0043289447,0.002599271,0.00047705023,7.072604e-05
42071,Lancaster County,PA,3/17/2026 15:00,0.0041259755,0.0017544,0.0003973359,7.652253e-05
42071,Lancaster County,PA,3/17/2026 16:00,0.0036115975,0.0014744833,0.000288876,9.262281e-05
42071,Lancaster County,PA,3/17/2026 17:00,0.0033212227,0.0012252105,0.00023925064,0.00010577473
42071,Lancaster County,PA,3/17/2026 18:00,0.00303223,0.00075755344,0.00021586701,0.0001502767
42071,Lancaster County,PA,3/17/2026 19:00,0.002599271,0.0006582275,0.00022019606,0.00023661646
42071,Lancaster County,PA,3/17/2026 20:00,0.0017544,0.0005517958,0.00025285003,0.0002600261
42071,Lancaster County,PA,3/17/2026 21:00,0.0014744833,0.00051826454,0.00032782566,0.00027436082
42071,Lancaster County,PA,3/17/2026 22:00,0.0012252105,0.0004942467,0.00031084826,0.0002876284
42071,Lancaster County,PA,3/17/2026 23:00,0.00075755344,0.00042985205,0.00021248094,0.00027657213
42071,Lancaster County,PA,3/18/2026 0:00,0.0006582275,0.00041376957,0.0001804011,
42071,Lancaster County,PA,3/18/2026 1:00,0.0005517958,0.00045123955,0.00021060828,
42071,Lancaster County,PA,3/18/2026 2:00,0.00051826454,0.00042237734,0.0002314991,
42071,Lancaster County,PA,3/18/2026 3:00,0.0004942467,0.00031874233,0.0001827842,
42071,Lancaster County,PA,3/18/2026 4:00,0.00042985205,0.00033952037,0.00017178788,
42071,Lancaster County,PA,3/18/2026 5:00,0.00041376957,0.00032122087,0.00013270909,
42071,Lancaster County,PA,3/18/2026 6:00,0.00045123955,0.00029583584,0.00012404671,
42071,Lancaster County,PA,3/18/2026 7:00,0.00042237734,0.00039319257,0.00015261603,
42071,Lancaster County,PA,3/18/2026 8:00,0.00031874233,0.00047705023,0.00014815928,
42071,Lancaster County,PA,3/18/2026 9:00,0.00033952037,0.0003973359,0.00014833857,
42071,Lancaster County,PA,3/18/2026 10:00,0.00032122087,0.000288876,0.00017117987,
42071,Lancaster County,PA,3/18/2026 11:00,0.00029583584,0.00023925064,0.00011395255,
42071,Lancaster County,PA,3/18/2026 12:00,0.00039319257,0.00021586701,8.9557885e-05,
42071,Lancaster County,PA,3/18/2026 13:00,0.00047705023,0.00022019606,8.6177686e-05,
42071,Lancaster County,PA,3/18/2026 14:00,0.0003973359,0.00025285003,7.072604e-05,
42071,Lancaster County,PA,3/18/2026 15:00,0.000288876,0.00032782566,7.652253e-05,
42071,Lancaster County,PA,3/18/2026 16:00,0.00023925064,0.00031084826,9.262281e-05,
42071,Lancaster County,PA,3/18/2026 17:00,0.00021586701,0.00021248094,0.00010577473,
42071,Lancaster County,PA,3/18/2026 18:00,0.00022019606,0.0001804011,0.0001502767,
42071,Lancaster County,PA,3/18/2026 19:00,0.00025285003,0.00021060828,0.00023661646,
42071,Lancaster County,PA,3/18/2026 20:00,0.00032782566,0.0002314991,0.0002600261,
42071,Lancaster County,PA,3/18/2026 21:00,0.00031084826,0.0001827842,0.00027436082,
42071,Lancaster County,PA,3/18/2026 22:00,0.00021248094,0.00017178788,0.0002876284,
42071,Lancaster County,PA,3/18/2026 23:00,0.0001804011,0.00013270909,0.00027657213,
42071,Lancaster County,PA,3/19/2026 0:00,0.00021060828,0.00012404671,,
42071,Lancaster County,PA,3/19/2026 1:00,0.0002314991,0.00015261603,,
42071,Lancaster County,PA,3/19/2026 2:00,0.0001827842,0.00014815928,,
42071,Lancaster County,PA,3/19/2026 3:00,0.00017178788,0.00014833857,,
42071,Lancaster County,PA,3/19/2026 4:00,0.00013270909,0.00017117987,,
42071,Lancaster County,PA,3/19/2026 5:00,0.00012404671,0.00011395255,,
42071,Lancaster County,PA,3/19/2026 6:00,0.00015261603,8.9557885e-05,,
42071,Lancaster County,PA,3/19/2026 7:00,0.00014815928,8.6177686e-05,,
42071,Lancaster County,PA,3/19/2026 8:00,0.00014833857,7.072604e-05,,
42071,Lancaster County,PA,3/19/2026 9:00,0.00017117987,7.652253e-05,,
42071,Lancaster County,PA,3/19/2026 10:00,0.00011395255,9.262281e-05,,
42071,Lancaster County,PA,3/19/2026 11:00,8.9557885e-05,0.00010577473,,
42071,Lancaster County,PA,3/19/2026 12:00,8.6177686e-05,0.0001502767,,
42071,Lancaster County,PA,3/19/2026 13:00,7.072604e-05,0.00023661646,,
42071,Lancaster County,PA,3/19/2026 14:00,7.652253e-05,0.0002600261,,
42071,Lancaster County,PA,3/19/2026 15:00,9.262281e-05,0.00027436082,,
42071,Lancaster County,PA,3/19/2026 16:00,0.00010577473,0.0002876284,,
42071,Lancaster County,PA,3/19/2026 17:00,0.0001502767,0.00027657213,,
42071,Lancaster County,PA,3/19/2026 18:00,0.00023661646,,,
42071,Lancaster County,PA,3/19/2026 19:00,0.0002600261,,,
42071,Lancaster County,PA,3/19/2026 20:00,0.00027436082,,,
42071,Lancaster County,PA,3/19/2026 21:00,0.0002876284,,,
42071,Lancaster County,PA,3/19/2026 22:00,0.00027657213,,,
42071,Lancaster County,PA,3/19/2026 23:00,,,,
42073,Lawrence County,PA,3/14/2026 0:00,0.041366193,0.03886123,0.00669731,0.0029202779
42073,Lawrence County,PA,3/14/2026 1:00,0.042631853,0.037120827,0.006124248,0.0026364862
42073,Lawrence County,PA,3/14/2026 2:00,0.041904155,0.036113143,0.0058806753,0.002276198
42073,Lawrence County,PA,3/14/2026 3:00,0.040695533,0.034564212,0.0055422764,0.002063582
42073,Lawrence County,PA,3/14/2026 4:00,0.040248893,0.03254265,0.0054395543,0.0019052101
42073,Lawrence County,PA,3/14/2026 5:00,0.03886123,0.030101294,0.0053734677,0.001737267
42073,Lawrence County,PA,3/14/2026 6:00,0.037120827,0.027624518,0.0053452887,0.0017504236
42073,Lawrence County,PA,3/14/2026 7:00,0.036113143,0.025528874,0.005537292,0.0023294417
42073,Lawrence County,PA,3/14/2026 8:00,0.034564212,0.023170907,0.005433725,0.0026708718
42073,Lawrence County,PA,3/14/2026 9:00,0.03254265,0.020819928,0.0052997516,0.0027652679
42073,Lawrence County,PA,3/14/2026 10:00,0.030101294,0.01871425,0.005026321,0.0027973072
42073,Lawrence County,PA,3/14/2026 11:00,0.027624518,0.016354129,0.0047290665,0.0031172333
42073,Lawrence County,PA,3/14/2026 12:00,0.025528874,0.014234595,0.004453659,0.0027596331
42073,Lawrence County,PA,3/14/2026 13:00,0.023170907,0.0116440905,0.0040750797,0.0025127062
42073,Lawrence County,PA,3/14/2026 14:00,0.020819928,0.009920243,0.004193444,0.0019295594
42073,Lawrence County,PA,3/14/2026 15:00,0.01871425,0.0089491755,0.004782939,0.0016037405
42073,Lawrence County,PA,3/14/2026 16:00,0.016354129,0.007929531,0.0041879076,0.0013040939
42073,Lawrence County,PA,3/14/2026 17:00,0.014234595,0.0071212584,0.0043130615,0.0009915521
42073,Lawrence County,PA,3/14/2026 18:00,0.0116440905,0.00669731,0.004282584,0.0008546051
42073,Lawrence County,PA,3/14/2026 19:00,0.009920243,0.006124248,0.0042414856,0.00093063177
42073,Lawrence County,PA,3/14/2026 20:00,0.0089491755,0.0058806753,0.004096933,0.0012122743
42073,Lawrence County,PA,3/14/2026 21:00,0.007929531,0.0055422764,0.0039528324,0.0015986441
42073,Lawrence County,PA,3/14/2026 22:00,0.0071212584,0.0054395543,0.0038809618,0.0015414401
42073,Lawrence County,PA,3/14/2026 23:00,0.00669731,0.0053734677,0.0034762097,0.0016238228
42073,Lawrence County,PA,3/15/2026 0:00,0.006124248,0.0053452887,0.0029202779,0.0018342051
42073,Lawrence County,PA,3/15/2026 1:00,0.0058806753,0.005537292,0.0026364862,0.0017375783
42073,Lawrence County,PA,3/15/2026 2:00,0.0055422764,0.005433725,0.002276198,0.0016048101
42073,Lawrence County,PA,3/15/2026 3:00,0.0054395543,0.0052997516,0.002063582,0.0015262165
42073,Lawrence County,PA,3/15/2026 4:00,0.0053734677,0.005026321,0.0019052101,0.0013775333
42073,Lawrence County,PA,3/15/2026 5:00,0.0053452887,0.0047290665,0.001737267,0.0015143249
42073,Lawrence County,PA,3/15/2026 6:00,0.005537292,0.004453659,0.0017504236,0.001443958
42073,Lawrence County,PA,3/15/2026 7:00,0.005433725,0.0040750797,0.0023294417,0.0013352324
42073,Lawrence County,PA,3/15/2026 8:00,0.0052997516,0.004193444,0.0026708718,0.0012433694
42073,Lawrence County,PA,3/15/2026 9:00,0.005026321,0.004782939,0.0027652679,0.0014547948
42073,Lawrence County,PA,3/15/2026 10:00,0.0047290665,0.0041879076,0.0027973072,0.0014494164
42073,Lawrence County,PA,3/15/2026 11:00,0.004453659,0.0043130615,0.0031172333,0.0012727631
42073,Lawrence County,PA,3/15/2026 12:00,0.0040750797,0.004282584,0.0027596331,0.0014868903
42073,Lawrence County,PA,3/15/2026 13:00,0.004193444,0.0042414856,0.0025127062,0.0012531664
42073,Lawrence County,PA,3/15/2026 14:00,0.004782939,0.004096933,0.0019295594,0.0010535782
42073,Lawrence County,PA,3/15/2026 15:00,0.0041879076,0.0039528324,0.0016037405,0.0009569493
42073,Lawrence County,PA,3/15/2026 16:00,0.0043130615,0.0038809618,0.0013040939,0.0008465706
42073,Lawrence County,PA,3/15/2026 17:00,0.004282584,0.0034762097,0.0009915521,0.0006712219
42073,Lawrence County,PA,3/15/2026 18:00,0.0042414856,0.0029202779,0.0008546051,0.0008578935
42073,Lawrence County,PA,3/15/2026 19:00,0.004096933,0.0026364862,0.00093063177,0.0006301147
42073,Lawrence County,PA,3/15/2026 20:00,0.0039528324,0.002276198,0.0012122743,0.00029627737
42073,Lawrence County,PA,3/15/2026 21:00,0.0038809618,0.002063582,0.0015986441,0.00013912351
42073,Lawrence County,PA,3/15/2026 22:00,0.0034762097,0.0019052101,0.0015414401,0.0001636155
42073,Lawrence County,PA,3/15/2026 23:00,0.0029202779,0.001737267,0.0016238228,0.00029708457
42073,Lawrence County,PA,3/16/2026 0:00,0.0026364862,0.0017504236,0.0018342051,0.00027928516
42073,Lawrence County,PA,3/16/2026 1:00,0.002276198,0.0023294417,0.0017375783,0.00031951215
42073,Lawrence County,PA,3/16/2026 2:00,0.002063582,0.0026708718,0.0016048101,0.00033663027
42073,Lawrence County,PA,3/16/2026 3:00,0.0019052101,0.0027652679,0.0015262165,0.0002766777
42073,Lawrence County,PA,3/16/2026 4:00,0.001737267,0.0027973072,0.0013775333,0.00016227383
42073,Lawrence County,PA,3/16/2026 5:00,0.0017504236,0.0031172333,0.0015143249,0.00014240737
42073,Lawrence County,PA,3/16/2026 6:00,0.0023294417,0.0027596331,0.001443958,0.0002294147
42073,Lawrence County,PA,3/16/2026 7:00,0.0026708718,0.0025127062,0.0013352324,0.00023680451
42073,Lawrence County,PA,3/16/2026 8:00,0.0027652679,0.0019295594,0.0012433694,0.0003490909
42073,Lawrence County,PA,3/16/2026 9:00,0.0027973072,0.0016037405,0.0014547948,0.00047753967
42073,Lawrence County,PA,3/16/2026 10:00,0.0031172333,0.0013040939,0.0014494164,0.0007830402
42073,Lawrence County,PA,3/16/2026 11:00,0.0027596331,0.0009915521,0.0012727631,0.00068877975
42073,Lawrence County,PA,3/16/2026 12:00,0.0025127062,0.0008546051,0.0014868903,0.00057310594
42073,Lawrence County,PA,3/16/2026 13:00,0.0019295594,0.00093063177,0.0012531664,0.00040257061
42073,Lawrence County,PA,3/16/2026 14:00,0.0016037405,0.0012122743,0.0010535782,0.00038925157
42073,Lawrence County,PA,3/16/2026 15:00,0.0013040939,0.0015986441,0.0009569493,0.00033806651
42073,Lawrence County,PA,3/16/2026 16:00,0.0009915521,0.0015414401,0.0008465706,0.00024237638
42073,Lawrence County,PA,3/16/2026 17:00,0.0008546051,0.0016238228,0.0006712219,0.00018398865
42073,Lawrence County,PA,3/16/2026 18:00,0.00093063177,0.0018342051,0.0008578935,0.0001637656
42073,Lawrence County,PA,3/16/2026 19:00,0.0012122743,0.0017375783,0.0006301147,0.00012774234
42073,Lawrence County,PA,3/16/2026 20:00,0.0015986441,0.0016048101,0.00029627737,9.69462e-05
42073,Lawrence County,PA,3/16/2026 21:00,0.0015414401,0.0015262165,0.00013912351,9.775517e-05
42073,Lawrence County,PA,3/16/2026 22:00,0.0016238228,0.0013775333,0.0001636155,0.000120660385
42073,Lawrence County,PA,3/16/2026 23:00,0.0018342051,0.0015143249,0.00029708457,0.00011836916
42073,Lawrence County,PA,3/17/2026 0:00,0.0017375783,0.001443958,0.00027928516,0.00010779677
42073,Lawrence County,PA,3/17/2026 1:00,0.0016048101,0.0013352324,0.00031951215,0.0001068039
42073,Lawrence County,PA,3/17/2026 2:00,0.0015262165,0.0012433694,0.00033663027,0.00013569754
42073,Lawrence County,PA,3/17/2026 3:00,0.0013775333,0.0014547948,0.0002766777,0.0001216898
42073,Lawrence County,PA,3/17/2026 4:00,0.0015143249,0.0014494164,0.00016227383,0.00012476256
42073,Lawrence County,PA,3/17/2026 5:00,0.001443958,0.0012727631,0.00014240737,0.00016329144
42073,Lawrence County,PA,3/17/2026 6:00,0.0013352324,0.0014868903,0.0002294147,0.00016993262
42073,Lawrence County,PA,3/17/2026 7:00,0.0012433694,0.0012531664,0.00023680451,0.00017450488
42073,Lawrence County,PA,3/17/2026 8:00,0.0014547948,0.0010535782,0.0003490909,0.0002506119
42073,Lawrence County,PA,3/17/2026 9:00,0.0014494164,0.0009569493,0.00047753967,0.00026725084
42073,Lawrence County,PA,3/17/2026 10:00,0.0012727631,0.0008465706,0.0007830402,0.00030188734
42073,Lawrence County,PA,3/17/2026 11:00,0.0014868903,0.0006712219,0.00068877975,0.00029182062
42073,Lawrence County,PA,3/17/2026 12:00,0.0012531664,0.0008578935,0.00057310594,0.0003060231
42073,Lawrence County,PA,3/17/2026 13:00,0.0010535782,0.0006301147,0.00040257061,0.00029723955
42073,Lawrence County,PA,3/17/2026 14:00,0.0009569493,0.00029627737,0.00038925157,0.00025797615
42073,Lawrence County,PA,3/17/2026 15:00,0.0008465706,0.00013912351,0.00033806651,0.00020995483
42073,Lawrence County,PA,3/17/2026 16:00,0.0006712219,0.0001636155,0.00024237638,0.00017343751
42073,Lawrence County,PA,3/17/2026 17:00,0.0008578935,0.00029708457,0.00018398865,0.0002229332
42073,Lawrence County,PA,3/17/2026 18:00,0.0006301147,0.00027928516,0.0001637656,0.00021285845
42073,Lawrence County,PA,3/17/2026 19:00,0.00029627737,0.00031951215,0.00012774234,0.00018305668
42073,Lawrence County,PA,3/17/2026 20:00,0.00013912351,0.00033663027,9.69462e-05,0.0002818353
42073,Lawrence County,PA,3/17/2026 21:00,0.0001636155,0.0002766777,9.775517e-05,0.00040289466
42073,Lawrence County,PA,3/17/2026 22:00,0.00029708457,0.00016227383,0.000120660385,0.0003473225
42073,Lawrence County,PA,3/17/2026 23:00,0.00027928516,0.00014240737,0.00011836916,0.00024501252
42073,Lawrence County,PA,3/18/2026 0:00,0.00031951215,0.0002294147,0.00010779677,
42073,Lawrence County,PA,3/18/2026 1:00,0.00033663027,0.00023680451,0.0001068039,
42073,Lawrence County,PA,3/18/2026 2:00,0.0002766777,0.0003490909,0.00013569754,
42073,Lawrence County,PA,3/18/2026 3:00,0.00016227383,0.00047753967,0.0001216898,
42073,Lawrence County,PA,3/18/2026 4:00,0.00014240737,0.0007830402,0.00012476256,
42073,Lawrence County,PA,3/18/2026 5:00,0.0002294147,0.00068877975,0.00016329144,
42073,Lawrence County,PA,3/18/2026 6:00,0.00023680451,0.00057310594,0.00016993262,
42073,Lawrence County,PA,3/18/2026 7:00,0.0003490909,0.00040257061,0.00017450488,
42073,Lawrence County,PA,3/18/2026 8:00,0.00047753967,0.00038925157,0.0002506119,
42073,Lawrence County,PA,3/18/2026 9:00,0.0007830402,0.00033806651,0.00026725084,
42073,Lawrence County,PA,3/18/2026 10:00,0.00068877975,0.00024237638,0.00030188734,
42073,Lawrence County,PA,3/18/2026 11:00,0.00057310594,0.00018398865,0.00029182062,
42073,Lawrence County,PA,3/18/2026 12:00,0.00040257061,0.0001637656,0.0003060231,
42073,Lawrence County,PA,3/18/2026 13:00,0.00038925157,0.00012774234,0.00029723955,
42073,Lawrence County,PA,3/18/2026 14:00,0.00033806651,9.69462e-05,0.00025797615,
42073,Lawrence County,PA,3/18/2026 15:00,0.00024237638,9.775517e-05,0.00020995483,
42073,Lawrence County,PA,3/18/2026 16:00,0.00018398865,0.000120660385,0.00017343751,
42073,Lawrence County,PA,3/18/2026 17:00,0.0001637656,0.00011836916,0.0002229332,
42073,Lawrence County,PA,3/18/2026 18:00,0.00012774234,0.00010779677,0.00021285845,
42073,Lawrence County,PA,3/18/2026 19:00,9.69462e-05,0.0001068039,0.00018305668,
42073,Lawrence County,PA,3/18/2026 20:00,9.775517e-05,0.00013569754,0.0002818353,
42073,Lawrence County,PA,3/18/2026 21:00,0.000120660385,0.0001216898,0.00040289466,
42073,Lawrence County,PA,3/18/2026 22:00,0.00011836916,0.00012476256,0.0003473225,
42073,Lawrence County,PA,3/18/2026 23:00,0.00010779677,0.00016329144,0.00024501252,
42073,Lawrence County,PA,3/19/2026 0:00,0.0001068039,0.00016993262,,
42073,Lawrence County,PA,3/19/2026 1:00,0.00013569754,0.00017450488,,
42073,Lawrence County,PA,3/19/2026 2:00,0.0001216898,0.0002506119,,
42073,Lawrence County,PA,3/19/2026 3:00,0.00012476256,0.00026725084,,
42073,Lawrence County,PA,3/19/2026 4:00,0.00016329144,0.00030188734,,
42073,Lawrence County,PA,3/19/2026 5:00,0.00016993262,0.00029182062,,
42073,Lawrence County,PA,3/19/2026 6:00,0.00017450488,0.0003060231,,
42073,Lawrence County,PA,3/19/2026 7:00,0.0002506119,0.00029723955,,
42073,Lawrence County,PA,3/19/2026 8:00,0.00026725084,0.00025797615,,
42073,Lawrence County,PA,3/19/2026 9:00,0.00030188734,0.00020995483,,
42073,Lawrence County,PA,3/19/2026 10:00,0.00029182062,0.00017343751,,
42073,Lawrence County,PA,3/19/2026 11:00,0.0003060231,0.0002229332,,
42073,Lawrence County,PA,3/19/2026 12:00,0.00029723955,0.00021285845,,
42073,Lawrence County,PA,3/19/2026 13:00,0.00025797615,0.00018305668,,
42073,Lawrence County,PA,3/19/2026 14:00,0.00020995483,0.0002818353,,
42073,Lawrence County,PA,3/19/2026 15:00,0.00017343751,0.00040289466,,
42073,Lawrence County,PA,3/19/2026 16:00,0.0002229332,0.0003473225,,
42073,Lawrence County,PA,3/19/2026 17:00,0.00021285845,0.00024501252,,
42073,Lawrence County,PA,3/19/2026 18:00,0.00018305668,,,
42073,Lawrence County,PA,3/19/2026 19:00,0.0002818353,,,
42073,Lawrence County,PA,3/19/2026 20:00,0.00040289466,,,
42073,Lawrence County,PA,3/19/2026 21:00,0.0003473225,,,
42073,Lawrence County,PA,3/19/2026 22:00,0.00024501252,,,
42073,Lawrence County,PA,3/19/2026 23:00,,,,
42087,Mifflin County,PA,3/14/2026 0:00,0.026973862,0.009687016,0.00058127206,0.00052054937
42087,Mifflin County,PA,3/14/2026 1:00,0.01668191,0.009024807,0.00047008347,0.0004992592
42087,Mifflin County,PA,3/14/2026 2:00,0.011328343,0.009129059,0.00044603532,0.00045702196
42087,Mifflin County,PA,3/14/2026 3:00,0.009608951,0.009292305,0.00045225167,0.00044860167
42087,Mifflin County,PA,3/14/2026 4:00,0.009452948,0.00964272,0.00052789215,0.00042610982
42087,Mifflin County,PA,3/14/2026 5:00,0.009687016,0.009061786,0.0006865369,0.00039080935
42087,Mifflin County,PA,3/14/2026 6:00,0.009024807,0.009570314,0.0007367411,0.00042086435
42087,Mifflin County,PA,3/14/2026 7:00,0.009129059,0.00855554,0.00080681685,0.00045015337
42087,Mifflin County,PA,3/14/2026 8:00,0.009292305,0.008007275,0.0011329944,0.00067316537
42087,Mifflin County,PA,3/14/2026 9:00,0.00964272,0.007209548,0.001127291,0.00091608125
42087,Mifflin County,PA,3/14/2026 10:00,0.009061786,0.006613509,0.0010684973,0.0012261247
42087,Mifflin County,PA,3/14/2026 11:00,0.009570314,0.005974033,0.0011382462,0.0012965351
42087,Mifflin County,PA,3/14/2026 12:00,0.00855554,0.005357489,0.0010635392,0.0013307864
42087,Mifflin County,PA,3/14/2026 13:00,0.008007275,0.004175956,0.0010894915,0.0011635579
42087,Mifflin County,PA,3/14/2026 14:00,0.007209548,0.0025933117,0.0007842997,0.00072782417
42087,Mifflin County,PA,3/14/2026 15:00,0.006613509,0.0017211231,0.0009434089,0.0007546132
42087,Mifflin County,PA,3/14/2026 16:00,0.005974033,0.0011388221,0.00088645524,0.0007906628
42087,Mifflin County,PA,3/14/2026 17:00,0.005357489,0.00081393286,0.0007206914,0.0018595265
42087,Mifflin County,PA,3/14/2026 18:00,0.004175956,0.00058127206,0.00052621495,0.0022572328
42087,Mifflin County,PA,3/14/2026 19:00,0.0025933117,0.00047008347,0.0006941695,0.00229965
42087,Mifflin County,PA,3/14/2026 20:00,0.0017211231,0.00044603532,0.00060456886,0.0027933698
42087,Mifflin County,PA,3/14/2026 21:00,0.0011388221,0.00045225167,0.0005001312,0.0049375743
42087,Mifflin County,PA,3/14/2026 22:00,0.00081393286,0.00052789215,0.0004653831,0.0068390276
42087,Mifflin County,PA,3/14/2026 23:00,0.00058127206,0.0006865369,0.00048387444,0.0075434246
42087,Mifflin County,PA,3/15/2026 0:00,0.00047008347,0.0007367411,0.00052054937,0.0064142738
42087,Mifflin County,PA,3/15/2026 1:00,0.00044603532,0.00080681685,0.0004992592,0.004982306
42087,Mifflin County,PA,3/15/2026 2:00,0.00045225167,0.0011329944,0.00045702196,0.004683064
42087,Mifflin County,PA,3/15/2026 3:00,0.00052789215,0.001127291,0.00044860167,0.0046234834
42087,Mifflin County,PA,3/15/2026 4:00,0.0006865369,0.0010684973,0.00042610982,0.0045726234
42087,Mifflin County,PA,3/15/2026 5:00,0.0007367411,0.0011382462,0.00039080935,0.0043081776
42087,Mifflin County,PA,3/15/2026 6:00,0.00080681685,0.0010635392,0.00042086435,0.003990173
42087,Mifflin County,PA,3/15/2026 7:00,0.0011329944,0.0010894915,0.00045015337,0.003564935
42087,Mifflin County,PA,3/15/2026 8:00,0.001127291,0.0007842997,0.00067316537,0.0035556152
42087,Mifflin County,PA,3/15/2026 9:00,0.0010684973,0.0009434089,0.00091608125,0.003999316
42087,Mifflin County,PA,3/15/2026 10:00,0.0011382462,0.00088645524,0.0012261247,0.0039191954
42087,Mifflin County,PA,3/15/2026 11:00,0.0010635392,0.0007206914,0.0012965351,0.003370438
42087,Mifflin County,PA,3/15/2026 12:00,0.0010894915,0.00052621495,0.0013307864,0.0030279262
42087,Mifflin County,PA,3/15/2026 13:00,0.0007842997,0.0006941695,0.0011635579,0.0030106006
42087,Mifflin County,PA,3/15/2026 14:00,0.0009434089,0.00060456886,0.00072782417,0.0030168775
42087,Mifflin County,PA,3/15/2026 15:00,0.00088645524,0.0005001312,0.0007546132,0.0027388623
42087,Mifflin County,PA,3/15/2026 16:00,0.0007206914,0.0004653831,0.0007906628,0.002530893
42087,Mifflin County,PA,3/15/2026 17:00,0.00052621495,0.00048387444,0.0018595265,0.0024773236
42087,Mifflin County,PA,3/15/2026 18:00,0.0006941695,0.00052054937,0.0022572328,0.0020815206
42087,Mifflin County,PA,3/15/2026 19:00,0.00060456886,0.0004992592,0.00229965,0.0018657282
42087,Mifflin County,PA,3/15/2026 20:00,0.0005001312,0.00045702196,0.0027933698,0.0013611203
42087,Mifflin County,PA,3/15/2026 21:00,0.0004653831,0.00044860167,0.0049375743,0.0011675811
42087,Mifflin County,PA,3/15/2026 22:00,0.00048387444,0.00042610982,0.0068390276,0.0009258368
42087,Mifflin County,PA,3/15/2026 23:00,0.00052054937,0.00039080935,0.0075434246,0.000705809
42087,Mifflin County,PA,3/16/2026 0:00,0.0004992592,0.00042086435,0.0064142738,0.00037185985
42087,Mifflin County,PA,3/16/2026 1:00,0.00045702196,0.00045015337,0.004982306,0.0003655282
42087,Mifflin County,PA,3/16/2026 2:00,0.00044860167,0.00067316537,0.004683064,0.00029797104
42087,Mifflin County,PA,3/16/2026 3:00,0.00042610982,0.00091608125,0.0046234834,0.00032042505
42087,Mifflin County,PA,3/16/2026 4:00,0.00039080935,0.0012261247,0.0045726234,0.0002793187
42087,Mifflin County,PA,3/16/2026 5:00,0.00042086435,0.0012965351,0.0043081776,0.00026414162
42087,Mifflin County,PA,3/16/2026 6:00,0.00045015337,0.0013307864,0.003990173,0.00019132152
42087,Mifflin County,PA,3/16/2026 7:00,0.00067316537,0.0011635579,0.003564935,0.00030989829
42087,Mifflin County,PA,3/16/2026 8:00,0.00091608125,0.00072782417,0.0035556152,0.0004654054
42087,Mifflin County,PA,3/16/2026 9:00,0.0012261247,0.0007546132,0.003999316,0.00064555433
42087,Mifflin County,PA,3/16/2026 10:00,0.0012965351,0.0007906628,0.0039191954,0.0006771052
42087,Mifflin County,PA,3/16/2026 11:00,0.0013307864,0.0018595265,0.003370438,0.00073099136
42087,Mifflin County,PA,3/16/2026 12:00,0.0011635579,0.0022572328,0.0030279262,0.0006085888
42087,Mifflin County,PA,3/16/2026 13:00,0.00072782417,0.00229965,0.0030106006,0.00063404534
42087,Mifflin County,PA,3/16/2026 14:00,0.0007546132,0.0027933698,0.0030168775,0.0005944248
42087,Mifflin County,PA,3/16/2026 15:00,0.0007906628,0.0049375743,0.0027388623,0.0006137429
42087,Mifflin County,PA,3/16/2026 16:00,0.0018595265,0.0068390276,0.002530893,0.00044091008
42087,Mifflin County,PA,3/16/2026 17:00,0.0022572328,0.0075434246,0.0024773236,0.00029321414
42087,Mifflin County,PA,3/16/2026 18:00,0.00229965,0.0064142738,0.0020815206,0.00020546938
42087,Mifflin County,PA,3/16/2026 19:00,0.0027933698,0.004982306,0.0018657282,0.000112793045
42087,Mifflin County,PA,3/16/2026 20:00,0.0049375743,0.004683064,0.0013611203,8.281942e-05
42087,Mifflin County,PA,3/16/2026 21:00,0.0068390276,0.0046234834,0.0011675811,0.00018941847
42087,Mifflin County,PA,3/16/2026 22:00,0.0075434246,0.0045726234,0.0009258368,0.00034338006
42087,Mifflin County,PA,3/16/2026 23:00,0.0064142738,0.0043081776,0.000705809,0.00016119542
42087,Mifflin County,PA,3/17/2026 0:00,0.004982306,0.003990173,0.00037185985,8.0378086e-05
42087,Mifflin County,PA,3/17/2026 1:00,0.004683064,0.003564935,0.0003655282,5.302946e-05
42087,Mifflin County,PA,3/17/2026 2:00,0.0046234834,0.0035556152,0.00029797104,3.6341036e-05
42087,Mifflin County,PA,3/17/2026 3:00,0.0045726234,0.003999316,0.00032042505,9.947976e-05
42087,Mifflin County,PA,3/17/2026 4:00,0.0043081776,0.0039191954,0.0002793187,2.3435141e-05
42087,Mifflin County,PA,3/17/2026 5:00,0.003990173,0.003370438,0.00026414162,0.000106566156
42087,Mifflin County,PA,3/17/2026 6:00,0.003564935,0.0030279262,0.00019132152,0.0001942632
42087,Mifflin County,PA,3/17/2026 7:00,0.0035556152,0.0030106006,0.00030989829,0.00025787248
42087,Mifflin County,PA,3/17/2026 8:00,0.003999316,0.0030168775,0.0004654054,0.00033447403
42087,Mifflin County,PA,3/17/2026 9:00,0.0039191954,0.0027388623,0.00064555433,0.0005046009
42087,Mifflin County,PA,3/17/2026 10:00,0.003370438,0.002530893,0.0006771052,0.00033120406
42087,Mifflin County,PA,3/17/2026 11:00,0.0030279262,0.0024773236,0.00073099136,0.000168691
42087,Mifflin County,PA,3/17/2026 12:00,0.0030106006,0.0020815206,0.0006085888,0.00012432483
42087,Mifflin County,PA,3/17/2026 13:00,0.0030168775,0.0018657282,0.00063404534,0.00011742547
42087,Mifflin County,PA,3/17/2026 14:00,0.0027388623,0.0013611203,0.0005944248,0.00024371682
42087,Mifflin County,PA,3/17/2026 15:00,0.002530893,0.0011675811,0.0006137429,0.00036951972
42087,Mifflin County,PA,3/17/2026 16:00,0.0024773236,0.0009258368,0.00044091008,0.000421171
42087,Mifflin County,PA,3/17/2026 17:00,0.0020815206,0.000705809,0.00029321414,0.0003434141
42087,Mifflin County,PA,3/17/2026 18:00,0.0018657282,0.00037185985,0.00020546938,6.0122027e-05
42087,Mifflin County,PA,3/17/2026 19:00,0.0013611203,0.0003655282,0.000112793045,9.655904e-05
42087,Mifflin County,PA,3/17/2026 20:00,0.0011675811,0.00029797104,8.281942e-05,0.00018667591
42087,Mifflin County,PA,3/17/2026 21:00,0.0009258368,0.00032042505,0.00018941847,0.00033796873
42087,Mifflin County,PA,3/17/2026 22:00,0.000705809,0.0002793187,0.00034338006,0.00026310296
42087,Mifflin County,PA,3/17/2026 23:00,0.00037185985,0.00026414162,0.00016119542,0.00010061662
42087,Mifflin County,PA,3/18/2026 0:00,0.0003655282,0.00019132152,8.0378086e-05,
42087,Mifflin County,PA,3/18/2026 1:00,0.00029797104,0.00030989829,5.302946e-05,
42087,Mifflin County,PA,3/18/2026 2:00,0.00032042505,0.0004654054,3.6341036e-05,
42087,Mifflin County,PA,3/18/2026 3:00,0.0002793187,0.00064555433,9.947976e-05,
42087,Mifflin County,PA,3/18/2026 4:00,0.00026414162,0.0006771052,2.3435141e-05,
42087,Mifflin County,PA,3/18/2026 5:00,0.00019132152,0.00073099136,0.000106566156,
42087,Mifflin County,PA,3/18/2026 6:00,0.00030989829,0.0006085888,0.0001942632,
42087,Mifflin County,PA,3/18/2026 7:00,0.0004654054,0.00063404534,0.00025787248,
42087,Mifflin County,PA,3/18/2026 8:00,0.00064555433,0.0005944248,0.00033447403,
42087,Mifflin County,PA,3/18/2026 9:00,0.0006771052,0.0006137429,0.0005046009,
42087,Mifflin County,PA,3/18/2026 10:00,0.00073099136,0.00044091008,0.00033120406,
42087,Mifflin County,PA,3/18/2026 11:00,0.0006085888,0.00029321414,0.000168691,
42087,Mifflin County,PA,3/18/2026 12:00,0.00063404534,0.00020546938,0.00012432483,
42087,Mifflin County,PA,3/18/2026 13:00,0.0005944248,0.000112793045,0.00011742547,
42087,Mifflin County,PA,3/18/2026 14:00,0.0006137429,8.281942e-05,0.00024371682,
42087,Mifflin County,PA,3/18/2026 15:00,0.00044091008,0.00018941847,0.00036951972,
42087,Mifflin County,PA,3/18/2026 16:00,0.00029321414,0.00034338006,0.000421171,
42087,Mifflin County,PA,3/18/2026 17:00,0.00020546938,0.00016119542,0.0003434141,
42087,Mifflin County,PA,3/18/2026 18:00,0.000112793045,8.0378086e-05,6.0122027e-05,
42087,Mifflin County,PA,3/18/2026 19:00,8.281942e-05,5.302946e-05,9.655904e-05,
42087,Mifflin County,PA,3/18/2026 20:00,0.00018941847,3.6341036e-05,0.00018667591,
42087,Mifflin County,PA,3/18/2026 21:00,0.00034338006,9.947976e-05,0.00033796873,
42087,Mifflin County,PA,3/18/2026 22:00,0.00016119542,2.3435141e-05,0.00026310296,
42087,Mifflin County,PA,3/18/2026 23:00,8.0378086e-05,0.000106566156,0.00010061662,
42087,Mifflin County,PA,3/19/2026 0:00,5.302946e-05,0.0001942632,,
42087,Mifflin County,PA,3/19/2026 1:00,3.6341036e-05,0.00025787248,,
42087,Mifflin County,PA,3/19/2026 2:00,9.947976e-05,0.00033447403,,
42087,Mifflin County,PA,3/19/2026 3:00,2.3435141e-05,0.0005046009,,
42087,Mifflin County,PA,3/19/2026 4:00,0.000106566156,0.00033120406,,
42087,Mifflin County,PA,3/19/2026 5:00,0.0001942632,0.000168691,,
42087,Mifflin County,PA,3/19/2026 6:00,0.00025787248,0.00012432483,,
42087,Mifflin County,PA,3/19/2026 7:00,0.00033447403,0.00011742547,,
42087,Mifflin County,PA,3/19/2026 8:00,0.0005046009,0.00024371682,,
42087,Mifflin County,PA,3/19/2026 9:00,0.00033120406,0.00036951972,,
42087,Mifflin County,PA,3/19/2026 10:00,0.000168691,0.000421171,,
42087,Mifflin County,PA,3/19/2026 11:00,0.00012432483,0.0003434141,,
42087,Mifflin County,PA,3/19/2026 12:00,0.00011742547,6.0122027e-05,,
42087,Mifflin County,PA,3/19/2026 13:00,0.00024371682,9.655904e-05,,
42087,Mifflin County,PA,3/19/2026 14:00,0.00036951972,0.00018667591,,
42087,Mifflin County,PA,3/19/2026 15:00,0.000421171,0.00033796873,,
42087,Mifflin County,PA,3/19/2026 16:00,0.0003434141,0.00026310296,,
42087,Mifflin County,PA,3/19/2026 17:00,6.0122027e-05,0.00010061662,,
42087,Mifflin County,PA,3/19/2026 18:00,9.655904e-05,,,
42087,Mifflin County,PA,3/19/2026 19:00,0.00018667591,,,
42087,Mifflin County,PA,3/19/2026 20:00,0.00033796873,,,
42087,Mifflin County,PA,3/19/2026 21:00,0.00026310296,,,
42087,Mifflin County,PA,3/19/2026 22:00,0.00010061662,,,
42087,Mifflin County,PA,3/19/2026 23:00,,,,
42093,Montour County,PA,3/14/2026 0:00,0.00021754338,0.0028693322,0.0003638693,0.0008277996
42093,Montour County,PA,3/14/2026 1:00,0.0006103668,0.0051664757,0.00041638577,0.00078926847
42093,Montour County,PA,3/14/2026 2:00,0.00056150084,0.010160251,0.00048740493,0.0007229956
42093,Montour County,PA,3/14/2026 3:00,0.0005197233,0.015873373,0.00042408297,0.0006995759
42093,Montour County,PA,3/14/2026 4:00,0.0015813165,0.01461748,0.0003824743,0.0008928528
42093,Montour County,PA,3/14/2026 5:00,0.0028693322,0.010386284,0.00034525985,0.0007116569
42093,Montour County,PA,3/14/2026 6:00,0.0051664757,0.00956764,0.00032875247,0.0006183769
42093,Montour County,PA,3/14/2026 7:00,0.010160251,0.009719214,0.0004114894,0.00073266035
42093,Montour County,PA,3/14/2026 8:00,0.015873373,0.0072701834,0.00035781134,0.0007849932
42093,Montour County,PA,3/14/2026 9:00,0.01461748,0.0045671053,0.0003155876,0.0010586539
42093,Montour County,PA,3/14/2026 10:00,0.010386284,0.0032646246,0.00048686867,0.0013170247
42093,Montour County,PA,3/14/2026 11:00,0.00956764,0.002098083,0.0005045972,0.0015118065
42093,Montour County,PA,3/14/2026 12:00,0.009719214,0.0013027674,0.00064255507,0.0012331833
42093,Montour County,PA,3/14/2026 13:00,0.0072701834,0.0006633001,0.0007031257,0.0012699923
42093,Montour County,PA,3/14/2026 14:00,0.0045671053,0.000445569,0.0008212097,0.0009852336
42093,Montour County,PA,3/14/2026 15:00,0.0032646246,0.00031125968,0.0009945069,0.0011019439
42093,Montour County,PA,3/14/2026 16:00,0.002098083,0.00035015965,0.001058847,0.00082870945
42093,Montour County,PA,3/14/2026 17:00,0.0013027674,0.00036977,0.0010358039,0.0005682999
42093,Montour County,PA,3/14/2026 18:00,0.0006633001,0.0003638693,0.0010354491,0.0007336251
42093,Montour County,PA,3/14/2026 19:00,0.000445569,0.00041638577,0.0011756105,0.0022684657
42093,Montour County,PA,3/14/2026 20:00,0.00031125968,0.00048740493,0.0011326943,0.0035426123
42093,Montour County,PA,3/14/2026 21:00,0.00035015965,0.00042408297,0.0010799804,0.003638807
42093,Montour County,PA,3/14/2026 22:00,0.00036977,0.0003824743,0.0010378824,0.0034000166
42093,Montour County,PA,3/14/2026 23:00,0.0003638693,0.00034525985,0.00094013324,0.0031929463
42093,Montour County,PA,3/15/2026 0:00,0.00041638577,0.00032875247,0.0008277996,0.0029989143
42093,Montour County,PA,3/15/2026 1:00,0.00048740493,0.0004114894,0.00078926847,0.0032565268
42093,Montour County,PA,3/15/2026 2:00,0.00042408297,0.00035781134,0.0007229956,0.0030243092
42093,Montour County,PA,3/15/2026 3:00,0.0003824743,0.0003155876,0.0006995759,0.003057046
42093,Montour County,PA,3/15/2026 4:00,0.00034525985,0.00048686867,0.0008928528,0.0026214693
42093,Montour County,PA,3/15/2026 5:00,0.00032875247,0.0005045972,0.0007116569,0.002688578
42093,Montour County,PA,3/15/2026 6:00,0.0004114894,0.00064255507,0.0006183769,0.0025758052
42093,Montour County,PA,3/15/2026 7:00,0.00035781134,0.0007031257,0.00073266035,0.0022325127
42093,Montour County,PA,3/15/2026 8:00,0.0003155876,0.0008212097,0.0007849932,0.0020490284
42093,Montour County,PA,3/15/2026 9:00,0.00048686867,0.0009945069,0.0010586539,0.0020395592
42093,Montour County,PA,3/15/2026 10:00,0.0005045972,0.001058847,0.0013170247,0.0022968177
42093,Montour County,PA,3/15/2026 11:00,0.00064255507,0.0010358039,0.0015118065,0.0018384383
42093,Montour County,PA,3/15/2026 12:00,0.0007031257,0.0010354491,0.0012331833,0.0012497853
42093,Montour County,PA,3/15/2026 13:00,0.0008212097,0.0011756105,0.0012699923,0.0011873515
42093,Montour County,PA,3/15/2026 14:00,0.0009945069,0.0011326943,0.0009852336,0.00106575
42093,Montour County,PA,3/15/2026 15:00,0.001058847,0.0010799804,0.0011019439,0.0010978273
42093,Montour County,PA,3/15/2026 16:00,0.0010358039,0.0010378824,0.00082870945,0.0010484157
42093,Montour County,PA,3/15/2026 17:00,0.0010354491,0.00094013324,0.0005682999,0.0009695736
42093,Montour County,PA,3/15/2026 18:00,0.0011756105,0.0008277996,0.0007336251,0.0010515279
42093,Montour County,PA,3/15/2026 19:00,0.0011326943,0.00078926847,0.0022684657,0.00089791353
42093,Montour County,PA,3/15/2026 20:00,0.0010799804,0.0007229956,0.0035426123,0.0005743286
42093,Montour County,PA,3/15/2026 21:00,0.0010378824,0.0006995759,0.003638807,0.000529599
42093,Montour County,PA,3/15/2026 22:00,0.00094013324,0.0008928528,0.0034000166,0.00054897484
42093,Montour County,PA,3/15/2026 23:00,0.0008277996,0.0007116569,0.0031929463,0.00044540205
42093,Montour County,PA,3/16/2026 0:00,0.00078926847,0.0006183769,0.0029989143,0.0002757639
42093,Montour County,PA,3/16/2026 1:00,0.0007229956,0.00073266035,0.0032565268,0.0002656025
42093,Montour County,PA,3/16/2026 2:00,0.0006995759,0.0007849932,0.0030243092,0.00023198266
42093,Montour County,PA,3/16/2026 3:00,0.0008928528,0.0010586539,0.003057046,0.00025883797
42093,Montour County,PA,3/16/2026 4:00,0.0007116569,0.0013170247,0.0026214693,0.00025166117
42093,Montour County,PA,3/16/2026 5:00,0.0006183769,0.0015118065,0.002688578,0.00023940715
42093,Montour County,PA,3/16/2026 6:00,0.00073266035,0.0012331833,0.0025758052,0.00026311993
42093,Montour County,PA,3/16/2026 7:00,0.0007849932,0.0012699923,0.0022325127,0.00018971569
42093,Montour County,PA,3/16/2026 8:00,0.0010586539,0.0009852336,0.0020490284,0.0002402301
42093,Montour County,PA,3/16/2026 9:00,0.0013170247,0.0011019439,0.0020395592,0.00029457983
42093,Montour County,PA,3/16/2026 10:00,0.0015118065,0.00082870945,0.0022968177,0.00030281258
42093,Montour County,PA,3/16/2026 11:00,0.0012331833,0.0005682999,0.0018384383,0.00033403264
42093,Montour County,PA,3/16/2026 12:00,0.0012699923,0.0007336251,0.0012497853,0.00032842415
42093,Montour County,PA,3/16/2026 13:00,0.0009852336,0.0022684657,0.0011873515,0.00033444664
42093,Montour County,PA,3/16/2026 14:00,0.0011019439,0.0035426123,0.00106575,0.00037272807
42093,Montour County,PA,3/16/2026 15:00,0.00082870945,0.003638807,0.0010978273,0.00046170084
42093,Montour County,PA,3/16/2026 16:00,0.0005682999,0.0034000166,0.0010484157,0.00037130062
42093,Montour County,PA,3/16/2026 17:00,0.0007336251,0.0031929463,0.0009695736,0.00035684757
42093,Montour County,PA,3/16/2026 18:00,0.0022684657,0.0029989143,0.0010515279,0.00023911313
42093,Montour County,PA,3/16/2026 19:00,0.0035426123,0.0032565268,0.00089791353,0.00018261999
42093,Montour County,PA,3/16/2026 20:00,0.003638807,0.0030243092,0.0005743286,0.00022813254
42093,Montour County,PA,3/16/2026 21:00,0.0034000166,0.003057046,0.000529599,0.00028351034
42093,Montour County,PA,3/16/2026 22:00,0.0031929463,0.0026214693,0.00054897484,0.00044903782
42093,Montour County,PA,3/16/2026 23:00,0.0029989143,0.002688578,0.00044540205,0.000389862
42093,Montour County,PA,3/17/2026 0:00,0.0032565268,0.0025758052,0.0002757639,0.00036067818
42093,Montour County,PA,3/17/2026 1:00,0.0030243092,0.0022325127,0.0002656025,0.00023994078
42093,Montour County,PA,3/17/2026 2:00,0.003057046,0.0020490284,0.00023198266,0.00024887483
42093,Montour County,PA,3/17/2026 3:00,0.0026214693,0.0020395592,0.00025883797,0.0002709014
42093,Montour County,PA,3/17/2026 4:00,0.002688578,0.0022968177,0.00025166117,0.0003359578
42093,Montour County,PA,3/17/2026 5:00,0.0025758052,0.0018384383,0.00023940715,0.00039691737
42093,Montour County,PA,3/17/2026 6:00,0.0022325127,0.0012497853,0.00026311993,0.00042022293
42093,Montour County,PA,3/17/2026 7:00,0.0020490284,0.0011873515,0.00018971569,0.0005141182
42093,Montour County,PA,3/17/2026 8:00,0.0020395592,0.00106575,0.0002402301,0.0007501103
42093,Montour County,PA,3/17/2026 9:00,0.0022968177,0.0010978273,0.00029457983,0.0006720557
42093,Montour County,PA,3/17/2026 10:00,0.0018384383,0.0010484157,0.00030281258,0.0005536367
42093,Montour County,PA,3/17/2026 11:00,0.0012497853,0.0009695736,0.00033403264,0.00041792184
42093,Montour County,PA,3/17/2026 12:00,0.0011873515,0.0010515279,0.00032842415,0.0002954082
42093,Montour County,PA,3/17/2026 13:00,0.00106575,0.00089791353,0.00033444664,0.00025380534
42093,Montour County,PA,3/17/2026 14:00,0.0010978273,0.0005743286,0.00037272807,0.00022683723
42093,Montour County,PA,3/17/2026 15:00,0.0010484157,0.000529599,0.00046170084,0.00019344817
42093,Montour County,PA,3/17/2026 16:00,0.0009695736,0.00054897484,0.00037130062,0.00018518112
42093,Montour County,PA,3/17/2026 17:00,0.0010515279,0.00044540205,0.00035684757,0.00019542252
42093,Montour County,PA,3/17/2026 18:00,0.00089791353,0.0002757639,0.00023911313,0.00017823947
42093,Montour County,PA,3/17/2026 19:00,0.0005743286,0.0002656025,0.00018261999,0.00020596069
42093,Montour County,PA,3/17/2026 20:00,0.000529599,0.00023198266,0.00022813254,0.00023971006
42093,Montour County,PA,3/17/2026 21:00,0.00054897484,0.00025883797,0.00028351034,0.00027282152
42093,Montour County,PA,3/17/2026 22:00,0.00044540205,0.00025166117,0.00044903782,0.00027902308
42093,Montour County,PA,3/17/2026 23:00,0.0002757639,0.00023940715,0.000389862,0.00036377908
42093,Montour County,PA,3/18/2026 0:00,0.0002656025,0.00026311993,0.00036067818,
42093,Montour County,PA,3/18/2026 1:00,0.00023198266,0.00018971569,0.00023994078,
42093,Montour County,PA,3/18/2026 2:00,0.00025883797,0.0002402301,0.00024887483,
42093,Montour County,PA,3/18/2026 3:00,0.00025166117,0.00029457983,0.0002709014,
42093,Montour County,PA,3/18/2026 4:00,0.00023940715,0.00030281258,0.0003359578,
42093,Montour County,PA,3/18/2026 5:00,0.00026311993,0.00033403264,0.00039691737,
42093,Montour County,PA,3/18/2026 6:00,0.00018971569,0.00032842415,0.00042022293,
42093,Montour County,PA,3/18/2026 7:00,0.0002402301,0.00033444664,0.0005141182,
42093,Montour County,PA,3/18/2026 8:00,0.00029457983,0.00037272807,0.0007501103,
42093,Montour County,PA,3/18/2026 9:00,0.00030281258,0.00046170084,0.0006720557,
42093,Montour County,PA,3/18/2026 10:00,0.00033403264,0.00037130062,0.0005536367,
42093,Montour County,PA,3/18/2026 11:00,0.00032842415,0.00035684757,0.00041792184,
42093,Montour County,PA,3/18/2026 12:00,0.00033444664,0.00023911313,0.0002954082,
42093,Montour County,PA,3/18/2026 13:00,0.00037272807,0.00018261999,0.00025380534,
42093,Montour County,PA,3/18/2026 14:00,0.00046170084,0.00022813254,0.00022683723,
42093,Montour County,PA,3/18/2026 15:00,0.00037130062,0.00028351034,0.00019344817,
42093,Montour County,PA,3/18/2026 16:00,0.00035684757,0.00044903782,0.00018518112,
42093,Montour County,PA,3/18/2026 17:00,0.00023911313,0.000389862,0.00019542252,
42093,Montour County,PA,3/18/2026 18:00,0.00018261999,0.00036067818,0.00017823947,
42093,Montour County,PA,3/18/2026 19:00,0.00022813254,0.00023994078,0.00020596069,
42093,Montour County,PA,3/18/2026 20:00,0.00028351034,0.00024887483,0.00023971006,
42093,Montour County,PA,3/18/2026 21:00,0.00044903782,0.0002709014,0.00027282152,
42093,Montour County,PA,3/18/2026 22:00,0.000389862,0.0003359578,0.00027902308,
42093,Montour County,PA,3/18/2026 23:00,0.00036067818,0.00039691737,0.00036377908,
42093,Montour County,PA,3/19/2026 0:00,0.00023994078,0.00042022293,,
42093,Montour County,PA,3/19/2026 1:00,0.00024887483,0.0005141182,,
42093,Montour County,PA,3/19/2026 2:00,0.0002709014,0.0007501103,,
42093,Montour County,PA,3/19/2026 3:00,0.0003359578,0.0006720557,,
42093,Montour County,PA,3/19/2026 4:00,0.00039691737,0.0005536367,,
42093,Montour County,PA,3/19/2026 5:00,0.00042022293,0.00041792184,,
42093,Montour County,PA,3/19/2026 6:00,0.0005141182,0.0002954082,,
42093,Montour County,PA,3/19/2026 7:00,0.0007501103,0.00025380534,,
42093,Montour County,PA,3/19/2026 8:00,0.0006720557,0.00022683723,,
42093,Montour County,PA,3/19/2026 9:00,0.0005536367,0.00019344817,,
42093,Montour County,PA,3/19/2026 10:00,0.00041792184,0.00018518112,,
42093,Montour County,PA,3/19/2026 11:00,0.0002954082,0.00019542252,,
42093,Montour County,PA,3/19/2026 12:00,0.00025380534,0.00017823947,,
42093,Montour County,PA,3/19/2026 13:00,0.00022683723,0.00020596069,,
42093,Montour County,PA,3/19/2026 14:00,0.00019344817,0.00023971006,,
42093,Montour County,PA,3/19/2026 15:00,0.00018518112,0.00027282152,,
42093,Montour County,PA,3/19/2026 16:00,0.00019542252,0.00027902308,,
42093,Montour County,PA,3/19/2026 17:00,0.00017823947,0.00036377908,,
42093,Montour County,PA,3/19/2026 18:00,0.00020596069,,,
42093,Montour County,PA,3/19/2026 19:00,0.00023971006,,,
42093,Montour County,PA,3/19/2026 20:00,0.00027282152,,,
42093,Montour County,PA,3/19/2026 21:00,0.00027902308,,,
42093,Montour County,PA,3/19/2026 22:00,0.00036377908,,,
42093,Montour County,PA,3/19/2026 23:00,,,,
42099,Perry County,PA,3/14/2026 0:00,0.0008581145,0.0017746734,0.00030322297,0.0002700314
42099,Perry County,PA,3/14/2026 1:00,0.0010404747,0.002053054,0.00025280943,0.00019679285
42099,Perry County,PA,3/14/2026 2:00,0.0010007787,0.0022338089,0.00018978448,0.00016960732
42099,Perry County,PA,3/14/2026 3:00,0.001029045,0.0020670402,0.00014628016,0.0002698262
42099,Perry County,PA,3/14/2026 4:00,0.001446771,0.0021353408,0.00015592221,0.0003347317
42099,Perry County,PA,3/14/2026 5:00,0.0017746734,0.0018381797,0.00014010548,0.00029273017
42099,Perry County,PA,3/14/2026 6:00,0.002053054,0.0015873399,0.0002061864,0.00023628474
42099,Perry County,PA,3/14/2026 7:00,0.0022338089,0.0014106496,0.0003227829,0.00031643134
42099,Perry County,PA,3/14/2026 8:00,0.0020670402,0.0011580645,0.00041324744,0.0006141771
42099,Perry County,PA,3/14/2026 9:00,0.0021353408,0.00095333066,0.0004489872,0.0006510066
42099,Perry County,PA,3/14/2026 10:00,0.0018381797,0.0007826086,0.0004840659,0.0006984314
42099,Perry County,PA,3/14/2026 11:00,0.0015873399,0.0006848787,0.0006476568,0.000580364
42099,Perry County,PA,3/14/2026 12:00,0.0014106496,0.0005141919,0.00066445087,0.00054987497
42099,Perry County,PA,3/14/2026 13:00,0.0011580645,0.00018452958,0.00064727856,0.00048092223
42099,Perry County,PA,3/14/2026 14:00,0.00095333066,0.00012535973,0.00057592266,0.0004320171
42099,Perry County,PA,3/14/2026 15:00,0.0007826086,0.00013074452,0.0006191938,0.00035603292
42099,Perry County,PA,3/14/2026 16:00,0.0006848787,0.000101611484,0.00055735,0.00044658137
42099,Perry County,PA,3/14/2026 17:00,0.0005141919,0.00020984009,0.00055883767,0.00048121542
42099,Perry County,PA,3/14/2026 18:00,0.00018452958,0.00030322297,0.00064090814,0.0012150772
42099,Perry County,PA,3/14/2026 19:00,0.00012535973,0.00025280943,0.000642672,0.002282644
42099,Perry County,PA,3/14/2026 20:00,0.00013074452,0.00018978448,0.00053214806,0.002423523
42099,Perry County,PA,3/14/2026 21:00,0.000101611484,0.00014628016,0.00045001804,0.0026756306
42099,Perry County,PA,3/14/2026 22:00,0.00020984009,0.00015592221,0.00032060238,0.0036270244
42099,Perry County,PA,3/14/2026 23:00,0.00030322297,0.00014010548,0.0003389845,0.004779047
42099,Perry County,PA,3/15/2026 0:00,0.00025280943,0.0002061864,0.0002700314,0.0055519985
42099,Perry County,PA,3/15/2026 1:00,0.00018978448,0.0003227829,0.00019679285,0.0051914514
42099,Perry County,PA,3/15/2026 2:00,0.00014628016,0.00041324744,0.00016960732,0.0042713885
42099,Perry County,PA,3/15/2026 3:00,0.00015592221,0.0004489872,0.0002698262,0.0035391143
42099,Perry County,PA,3/15/2026 4:00,0.00014010548,0.0004840659,0.0003347317,0.0029661134
42099,Perry County,PA,3/15/2026 5:00,0.0002061864,0.0006476568,0.00029273017,0.0028063823
42099,Perry County,PA,3/15/2026 6:00,0.0003227829,0.00066445087,0.00023628474,0.002622184
42099,Perry County,PA,3/15/2026 7:00,0.00041324744,0.00064727856,0.00031643134,0.0024438116
42099,Perry County,PA,3/15/2026 8:00,0.0004489872,0.00057592266,0.0006141771,0.0022191454
42099,Perry County,PA,3/15/2026 9:00,0.0004840659,0.0006191938,0.0006510066,0.0022004812
42099,Perry County,PA,3/15/2026 10:00,0.0006476568,0.00055735,0.0006984314,0.002114145
42099,Perry County,PA,3/15/2026 11:00,0.00066445087,0.00055883767,0.000580364,0.0018522844
42099,Perry County,PA,3/15/2026 12:00,0.00064727856,0.00064090814,0.00054987497,0.0014810297
42099,Perry County,PA,3/15/2026 13:00,0.00057592266,0.000642672,0.00048092223,0.0013294547
42099,Perry County,PA,3/15/2026 14:00,0.0006191938,0.00053214806,0.0004320171,0.0012309514
42099,Perry County,PA,3/15/2026 15:00,0.00055735,0.00045001804,0.00035603292,0.0012602557
42099,Perry County,PA,3/15/2026 16:00,0.00055883767,0.00032060238,0.00044658137,0.0010323408
42099,Perry County,PA,3/15/2026 17:00,0.00064090814,0.0003389845,0.00048121542,0.0009850484
42099,Perry County,PA,3/15/2026 18:00,0.000642672,0.0002700314,0.0012150772,0.00094498694
42099,Perry County,PA,3/15/2026 19:00,0.00053214806,0.00019679285,0.002282644,0.0010333231
42099,Perry County,PA,3/15/2026 20:00,0.00045001804,0.00016960732,0.002423523,0.0007050771
42099,Perry County,PA,3/15/2026 21:00,0.00032060238,0.0002698262,0.0026756306,0.0004986602
42099,Perry County,PA,3/15/2026 22:00,0.0003389845,0.0003347317,0.0036270244,0.00047735032
42099,Perry County,PA,3/15/2026 23:00,0.0002700314,0.00029273017,0.004779047,0.000449128
42099,Perry County,PA,3/16/2026 0:00,0.00019679285,0.00023628474,0.0055519985,0.00033994467
42099,Perry County,PA,3/16/2026 1:00,0.00016960732,0.00031643134,0.0051914514,0.0003007576
42099,Perry County,PA,3/16/2026 2:00,0.0002698262,0.0006141771,0.0042713885,0.00025911382
42099,Perry County,PA,3/16/2026 3:00,0.0003347317,0.0006510066,0.0035391143,0.0002083736
42099,Perry County,PA,3/16/2026 4:00,0.00029273017,0.0006984314,0.0029661134,0.00022563283
42099,Perry County,PA,3/16/2026 5:00,0.00023628474,0.000580364,0.0028063823,0.00019167922
42099,Perry County,PA,3/16/2026 6:00,0.00031643134,0.00054987497,0.002622184,0.0002268127
42099,Perry County,PA,3/16/2026 7:00,0.0006141771,0.00048092223,0.0024438116,0.00033008558
42099,Perry County,PA,3/16/2026 8:00,0.0006510066,0.0004320171,0.0022191454,0.00038389597
42099,Perry County,PA,3/16/2026 9:00,0.0006984314,0.00035603292,0.0022004812,0.00046788348
42099,Perry County,PA,3/16/2026 10:00,0.000580364,0.00044658137,0.002114145,0.0004659544
42099,Perry County,PA,3/16/2026 11:00,0.00054987497,0.00048121542,0.0018522844,0.00043704253
42099,Perry County,PA,3/16/2026 12:00,0.00048092223,0.0012150772,0.0014810297,0.00043424498
42099,Perry County,PA,3/16/2026 13:00,0.0004320171,0.002282644,0.0013294547,0.00051590346
42099,Perry County,PA,3/16/2026 14:00,0.00035603292,0.002423523,0.0012309514,0.00053119607
42099,Perry County,PA,3/16/2026 15:00,0.00044658137,0.0026756306,0.0012602557,0.0005743302
42099,Perry County,PA,3/16/2026 16:00,0.00048121542,0.0036270244,0.0010323408,0.00048252454
42099,Perry County,PA,3/16/2026 17:00,0.0012150772,0.004779047,0.0009850484,0.00043467098
42099,Perry County,PA,3/16/2026 18:00,0.002282644,0.0055519985,0.00094498694,0.0003132109
42099,Perry County,PA,3/16/2026 19:00,0.002423523,0.0051914514,0.0010333231,0.00021987689
42099,Perry County,PA,3/16/2026 20:00,0.0026756306,0.0042713885,0.0007050771,0.00036834937
42099,Perry County,PA,3/16/2026 21:00,0.0036270244,0.0035391143,0.0004986602,0.00042480548
42099,Perry County,PA,3/16/2026 22:00,0.004779047,0.0029661134,0.00047735032,0.00046636612
42099,Perry County,PA,3/16/2026 23:00,0.0055519985,0.0028063823,0.000449128,0.00032792558
42099,Perry County,PA,3/17/2026 0:00,0.0051914514,0.002622184,0.00033994467,0.00026812073
42099,Perry County,PA,3/17/2026 1:00,0.0042713885,0.0024438116,0.0003007576,0.0002470633
42099,Perry County,PA,3/17/2026 2:00,0.0035391143,0.0022191454,0.00025911382,0.00022859374
42099,Perry County,PA,3/17/2026 3:00,0.0029661134,0.0022004812,0.0002083736,0.00020596001
42099,Perry County,PA,3/17/2026 4:00,0.0028063823,0.002114145,0.00022563283,0.00020225641
42099,Perry County,PA,3/17/2026 5:00,0.002622184,0.0018522844,0.00019167922,0.00023186633
42099,Perry County,PA,3/17/2026 6:00,0.0024438116,0.0014810297,0.0002268127,0.00024744327
42099,Perry County,PA,3/17/2026 7:00,0.0022191454,0.0013294547,0.00033008558,0.00026432396
42099,Perry County,PA,3/17/2026 8:00,0.0022004812,0.0012309514,0.00038389597,0.00028042056
42099,Perry County,PA,3/17/2026 9:00,0.002114145,0.0012602557,0.00046788348,0.0002976131
42099,Perry County,PA,3/17/2026 10:00,0.0018522844,0.0010323408,0.0004659544,0.00023397816
42099,Perry County,PA,3/17/2026 11:00,0.0014810297,0.0009850484,0.00043704253,0.0001812669
42099,Perry County,PA,3/17/2026 12:00,0.0013294547,0.00094498694,0.00043424498,0.00013385122
42099,Perry County,PA,3/17/2026 13:00,0.0012309514,0.0010333231,0.00051590346,0.00011809428
42099,Perry County,PA,3/17/2026 14:00,0.0012602557,0.0007050771,0.00053119607,0.00013949278
42099,Perry County,PA,3/17/2026 15:00,0.0010323408,0.0004986602,0.0005743302,0.00021649065
42099,Perry County,PA,3/17/2026 16:00,0.0009850484,0.00047735032,0.00048252454,0.00022365195
42099,Perry County,PA,3/17/2026 17:00,0.00094498694,0.000449128,0.00043467098,0.00017534025
42099,Perry County,PA,3/17/2026 18:00,0.0010333231,0.00033994467,0.0003132109,0.00017716877
42099,Perry County,PA,3/17/2026 19:00,0.0007050771,0.0003007576,0.00021987689,0.00027827782
42099,Perry County,PA,3/17/2026 20:00,0.0004986602,0.00025911382,0.00036834937,0.0002613533
42099,Perry County,PA,3/17/2026 21:00,0.00047735032,0.0002083736,0.00042480548,0.00026682275
42099,Perry County,PA,3/17/2026 22:00,0.000449128,0.00022563283,0.00046636612,0.00028552586
42099,Perry County,PA,3/17/2026 23:00,0.00033994467,0.00019167922,0.00032792558,0.00022172047
42099,Perry County,PA,3/18/2026 0:00,0.0003007576,0.0002268127,0.00026812073,
42099,Perry County,PA,3/18/2026 1:00,0.00025911382,0.00033008558,0.0002470633,
42099,Perry County,PA,3/18/2026 2:00,0.0002083736,0.00038389597,0.00022859374,
42099,Perry County,PA,3/18/2026 3:00,0.00022563283,0.00046788348,0.00020596001,
42099,Perry County,PA,3/18/2026 4:00,0.00019167922,0.0004659544,0.00020225641,
42099,Perry County,PA,3/18/2026 5:00,0.0002268127,0.00043704253,0.00023186633,
42099,Perry County,PA,3/18/2026 6:00,0.00033008558,0.00043424498,0.00024744327,
42099,Perry County,PA,3/18/2026 7:00,0.00038389597,0.00051590346,0.00026432396,
42099,Perry County,PA,3/18/2026 8:00,0.00046788348,0.00053119607,0.00028042056,
42099,Perry County,PA,3/18/2026 9:00,0.0004659544,0.0005743302,0.0002976131,
42099,Perry County,PA,3/18/2026 10:00,0.00043704253,0.00048252454,0.00023397816,
42099,Perry County,PA,3/18/2026 11:00,0.00043424498,0.00043467098,0.0001812669,
42099,Perry County,PA,3/18/2026 12:00,0.00051590346,0.0003132109,0.00013385122,
42099,Perry County,PA,3/18/2026 13:00,0.00053119607,0.00021987689,0.00011809428,
42099,Perry County,PA,3/18/2026 14:00,0.0005743302,0.00036834937,0.00013949278,
42099,Perry County,PA,3/18/2026 15:00,0.00048252454,0.00042480548,0.00021649065,
42099,Perry County,PA,3/18/2026 16:00,0.00043467098,0.00046636612,0.00022365195,
42099,Perry County,PA,3/18/2026 17:00,0.0003132109,0.00032792558,0.00017534025,
42099,Perry County,PA,3/18/2026 18:00,0.00021987689,0.00026812073,0.00017716877,
42099,Perry County,PA,3/18/2026 19:00,0.00036834937,0.0002470633,0.00027827782,
42099,Perry County,PA,3/18/2026 20:00,0.00042480548,0.00022859374,0.0002613533,
42099,Perry County,PA,3/18/2026 21:00,0.00046636612,0.00020596001,0.00026682275,
42099,Perry County,PA,3/18/2026 22:00,0.00032792558,0.00020225641,0.00028552586,
42099,Perry County,PA,3/18/2026 23:00,0.00026812073,0.00023186633,0.00022172047,
42099,Perry County,PA,3/19/2026 0:00,0.0002470633,0.00024744327,,
42099,Perry County,PA,3/19/2026 1:00,0.00022859374,0.00026432396,,
42099,Perry County,PA,3/19/2026 2:00,0.00020596001,0.00028042056,,
42099,Perry County,PA,3/19/2026 3:00,0.00020225641,0.0002976131,,
42099,Perry County,PA,3/19/2026 4:00,0.00023186633,0.00023397816,,
42099,Perry County,PA,3/19/2026 5:00,0.00024744327,0.0001812669,,
42099,Perry County,PA,3/19/2026 6:00,0.00026432396,0.00013385122,,
42099,Perry County,PA,3/19/2026 7:00,0.00028042056,0.00011809428,,
42099,Perry County,PA,3/19/2026 8:00,0.0002976131,0.00013949278,,
42099,Perry County,PA,3/19/2026 9:00,0.00023397816,0.00021649065,,
42099,Perry County,PA,3/19/2026 10:00,0.0001812669,0.00022365195,,
42099,Perry County,PA,3/19/2026 11:00,0.00013385122,0.00017534025,,
42099,Perry County,PA,3/19/2026 12:00,0.00011809428,0.00017716877,,
42099,Perry County,PA,3/19/2026 13:00,0.00013949278,0.00027827782,,
42099,Perry County,PA,3/19/2026 14:00,0.00021649065,0.0002613533,,
42099,Perry County,PA,3/19/2026 15:00,0.00022365195,0.00026682275,,
42099,Perry County,PA,3/19/2026 16:00,0.00017534025,0.00028552586,,
42099,Perry County,PA,3/19/2026 17:00,0.00017716877,0.00022172047,,
42099,Perry County,PA,3/19/2026 18:00,0.00027827782,,,
42099,Perry County,PA,3/19/2026 19:00,0.0002613533,,,
42099,Perry County,PA,3/19/2026 20:00,0.00026682275,,,
42099,Perry County,PA,3/19/2026 21:00,0.00028552586,,,
42099,Perry County,PA,3/19/2026 22:00,0.00022172047,,,
42099,Perry County,PA,3/19/2026 23:00,,,,
42105,Potter County,PA,3/14/2026 0:00,0.0026130653,0.008706834,0.00015640719,0.0118449135
42105,Potter County,PA,3/14/2026 1:00,0.0044203727,0.009398882,7.286359e-05,0.01054532
42105,Potter County,PA,3/14/2026 2:00,0.004887161,0.009730389,0.00016310623,0.00928991
42105,Potter County,PA,3/14/2026 3:00,0.005856377,0.010055697,0.0005229075,0.0078520235
42105,Potter County,PA,3/14/2026 4:00,0.0075758873,0.009270932,0.0006707143,0.0058642034
42105,Potter County,PA,3/14/2026 5:00,0.008706834,0.008552358,0.0005326216,0.004974696
42105,Potter County,PA,3/14/2026 6:00,0.009398882,0.007030645,0.00063689944,0.0046218894
42105,Potter County,PA,3/14/2026 7:00,0.009730389,0.0058741802,0.00062896777,0.0046351044
42105,Potter County,PA,3/14/2026 8:00,0.010055697,0.004198358,0.0008284848,0.0041366755
42105,Potter County,PA,3/14/2026 9:00,0.009270932,0.0030914801,0.0010501627,0.0041465764
42105,Potter County,PA,3/14/2026 10:00,0.008552358,0.0020624017,0.0015041963,0.00436171
42105,Potter County,PA,3/14/2026 11:00,0.007030645,0.0014923982,0.0028827523,0.0039115557
42105,Potter County,PA,3/14/2026 12:00,0.0058741802,0.0010695881,0.0041963854,0.003465352
42105,Potter County,PA,3/14/2026 13:00,0.004198358,0.0006606465,0.0061616963,0.0025577052
42105,Potter County,PA,3/14/2026 14:00,0.0030914801,0.00033293173,0.0077076256,0.0018462213
42105,Potter County,PA,3/14/2026 15:00,0.0020624017,0.00028675885,0.010221513,0.0025728436
42105,Potter County,PA,3/14/2026 16:00,0.0014923982,0.00023102824,0.012608049,0.0041552815
42105,Potter County,PA,3/14/2026 17:00,0.0010695881,0.00016309587,0.013539545,0.004193888
42105,Potter County,PA,3/14/2026 18:00,0.0006606465,0.00015640719,0.013744788,0.00425392
42105,Potter County,PA,3/14/2026 19:00,0.00033293173,7.286359e-05,0.013519063,0.004089836
42105,Potter County,PA,3/14/2026 20:00,0.00028675885,0.00016310623,0.013638541,0.003699489
42105,Potter County,PA,3/14/2026 21:00,0.00023102824,0.0005229075,0.013296547,0.002723758
42105,Potter County,PA,3/14/2026 22:00,0.00016309587,0.0006707143,0.014000637,0.0017011713
42105,Potter County,PA,3/14/2026 23:00,0.00015640719,0.0005326216,0.013256988,0.001406917
42105,Potter County,PA,3/15/2026 0:00,7.286359e-05,0.00063689944,0.0118449135,0.0014613548
42105,Potter County,PA,3/15/2026 1:00,0.00016310623,0.00062896777,0.01054532,0.0012239056
42105,Potter County,PA,3/15/2026 2:00,0.0005229075,0.0008284848,0.00928991,0.0011468123
42105,Potter County,PA,3/15/2026 3:00,0.0006707143,0.0010501627,0.0078520235,0.0013347898
42105,Potter County,PA,3/15/2026 4:00,0.0005326216,0.0015041963,0.0058642034,0.0015589156
42105,Potter County,PA,3/15/2026 5:00,0.00063689944,0.0028827523,0.004974696,0.0013838562
42105,Potter County,PA,3/15/2026 6:00,0.00062896777,0.0041963854,0.0046218894,0.0013563054
42105,Potter County,PA,3/15/2026 7:00,0.0008284848,0.0061616963,0.0046351044,0.0012590238
42105,Potter County,PA,3/15/2026 8:00,0.0010501627,0.0077076256,0.0041366755,0.0012586169
42105,Potter County,PA,3/15/2026 9:00,0.0015041963,0.010221513,0.0041465764,0.0013051105
42105,Potter County,PA,3/15/2026 10:00,0.0028827523,0.012608049,0.00436171,0.0010494024
42105,Potter County,PA,3/15/2026 11:00,0.0041963854,0.013539545,0.0039115557,0.0010783973
42105,Potter County,PA,3/15/2026 12:00,0.0061616963,0.013744788,0.003465352,0.0009732614
42105,Potter County,PA,3/15/2026 13:00,0.0077076256,0.013519063,0.0025577052,0.0011560756
42105,Potter County,PA,3/15/2026 14:00,0.010221513,0.013638541,0.0018462213,0.0010232419
42105,Potter County,PA,3/15/2026 15:00,0.012608049,0.013296547,0.0025728436,0.0013513674
42105,Potter County,PA,3/15/2026 16:00,0.013539545,0.014000637,0.0041552815,0.0013715805
42105,Potter County,PA,3/15/2026 17:00,0.013744788,0.013256988,0.004193888,0.0010974249
42105,Potter County,PA,3/15/2026 18:00,0.013519063,0.0118449135,0.00425392,0.0009584969
42105,Potter County,PA,3/15/2026 19:00,0.013638541,0.01054532,0.004089836,0.0011722023
42105,Potter County,PA,3/15/2026 20:00,0.013296547,0.00928991,0.003699489,0.0010286709
42105,Potter County,PA,3/15/2026 21:00,0.014000637,0.0078520235,0.002723758,0.0010340184
42105,Potter County,PA,3/15/2026 22:00,0.013256988,0.0058642034,0.0017011713,0.0010162775
42105,Potter County,PA,3/15/2026 23:00,0.0118449135,0.004974696,0.001406917,0.0009765171
42105,Potter County,PA,3/16/2026 0:00,0.01054532,0.0046218894,0.0014613548,0.00057958806
42105,Potter County,PA,3/16/2026 1:00,0.00928991,0.0046351044,0.0012239056,0.00067306863
42105,Potter County,PA,3/16/2026 2:00,0.0078520235,0.0041366755,0.0011468123,0.00070128054
42105,Potter County,PA,3/16/2026 3:00,0.0058642034,0.0041465764,0.0013347898,0.00057741656
42105,Potter County,PA,3/16/2026 4:00,0.004974696,0.00436171,0.0015589156,0.0005147764
42105,Potter County,PA,3/16/2026 5:00,0.0046218894,0.0039115557,0.0013838562,0.0005320505
42105,Potter County,PA,3/16/2026 6:00,0.0046351044,0.003465352,0.0013563054,0.0005199704
42105,Potter County,PA,3/16/2026 7:00,0.0041366755,0.0025577052,0.0012590238,0.0004300291
42105,Potter County,PA,3/16/2026 8:00,0.0041465764,0.0018462213,0.0012586169,0.00045479453
42105,Potter County,PA,3/16/2026 9:00,0.00436171,0.0025728436,0.0013051105,0.00053503807
42105,Potter County,PA,3/16/2026 10:00,0.0039115557,0.0041552815,0.0010494024,0.0005370789
42105,Potter County,PA,3/16/2026 11:00,0.003465352,0.004193888,0.0010783973,0.00051302405
42105,Potter County,PA,3/16/2026 12:00,0.0025577052,0.00425392,0.0009732614,0.00054640084
42105,Potter County,PA,3/16/2026 13:00,0.0018462213,0.004089836,0.0011560756,0.00058988115
42105,Potter County,PA,3/16/2026 14:00,0.0025728436,0.003699489,0.0010232419,0.00040724815
42105,Potter County,PA,3/16/2026 15:00,0.0041552815,0.002723758,0.0013513674,0.00038541917
42105,Potter County,PA,3/16/2026 16:00,0.004193888,0.0017011713,0.0013715805,0.00038949796
42105,Potter County,PA,3/16/2026 17:00,0.00425392,0.001406917,0.0010974249,0.00044632118
42105,Potter County,PA,3/16/2026 18:00,0.004089836,0.0014613548,0.0009584969,0.00044700893
42105,Potter County,PA,3/16/2026 19:00,0.003699489,0.0012239056,0.0011722023,0.00036173963
42105,Potter County,PA,3/16/2026 20:00,0.002723758,0.0011468123,0.0010286709,0.00037581485
42105,Potter County,PA,3/16/2026 21:00,0.0017011713,0.0013347898,0.0010340184,0.00042022654
42105,Potter County,PA,3/16/2026 22:00,0.001406917,0.0015589156,0.0010162775,0.00045195266
42105,Potter County,PA,3/16/2026 23:00,0.0014613548,0.0013838562,0.0009765171,0.00041858185
42105,Potter County,PA,3/17/2026 0:00,0.0012239056,0.0013563054,0.00057958806,0.00044805228
42105,Potter County,PA,3/17/2026 1:00,0.0011468123,0.0012590238,0.00067306863,0.00046587846
42105,Potter County,PA,3/17/2026 2:00,0.0013347898,0.0012586169,0.00070128054,0.00042786924
42105,Potter County,PA,3/17/2026 3:00,0.0015589156,0.0013051105,0.00057741656,0.000366546
42105,Potter County,PA,3/17/2026 4:00,0.0013838562,0.0010494024,0.0005147764,0.00037369618
42105,Potter County,PA,3/17/2026 5:00,0.0013563054,0.0010783973,0.0005320505,0.00037716012
42105,Potter County,PA,3/17/2026 6:00,0.0012590238,0.0009732614,0.0005199704,0.00042844194
42105,Potter County,PA,3/17/2026 7:00,0.0012586169,0.0011560756,0.0004300291,0.00049202057
42105,Potter County,PA,3/17/2026 8:00,0.0013051105,0.0010232419,0.00045479453,0.00055040896
42105,Potter County,PA,3/17/2026 9:00,0.0010494024,0.0013513674,0.00053503807,0.00064898655
42105,Potter County,PA,3/17/2026 10:00,0.0010783973,0.0013715805,0.0005370789,0.0006471058
42105,Potter County,PA,3/17/2026 11:00,0.0009732614,0.0010974249,0.00051302405,0.0005748292
42105,Potter County,PA,3/17/2026 12:00,0.0011560756,0.0009584969,0.00054640084,0.0005537668
42105,Potter County,PA,3/17/2026 13:00,0.0010232419,0.0011722023,0.00058988115,0.0005889621
42105,Potter County,PA,3/17/2026 14:00,0.0013513674,0.0010286709,0.00040724815,0.00053608895
42105,Potter County,PA,3/17/2026 15:00,0.0013715805,0.0010340184,0.00038541917,0.0005395262
42105,Potter County,PA,3/17/2026 16:00,0.0010974249,0.0010162775,0.00038949796,0.000550986
42105,Potter County,PA,3/17/2026 17:00,0.0009584969,0.0009765171,0.00044632118,0.0005751369
42105,Potter County,PA,3/17/2026 18:00,0.0011722023,0.00057958806,0.00044700893,0.00036670358
42105,Potter County,PA,3/17/2026 19:00,0.0010286709,0.00067306863,0.00036173963,0.0004435274
42105,Potter County,PA,3/17/2026 20:00,0.0010340184,0.00070128054,0.00037581485,0.00054831424
42105,Potter County,PA,3/17/2026 21:00,0.0010162775,0.00057741656,0.00042022654,0.00053795
42105,Potter County,PA,3/17/2026 22:00,0.0009765171,0.0005147764,0.00045195266,0.00054291857
42105,Potter County,PA,3/17/2026 23:00,0.00057958806,0.0005320505,0.00041858185,0.00037438725
42105,Potter County,PA,3/18/2026 0:00,0.00067306863,0.0005199704,0.00044805228,
42105,Potter County,PA,3/18/2026 1:00,0.00070128054,0.0004300291,0.00046587846,
42105,Potter County,PA,3/18/2026 2:00,0.00057741656,0.00045479453,0.00042786924,
42105,Potter County,PA,3/18/2026 3:00,0.0005147764,0.00053503807,0.000366546,
42105,Potter County,PA,3/18/2026 4:00,0.0005320505,0.0005370789,0.00037369618,
42105,Potter County,PA,3/18/2026 5:00,0.0005199704,0.00051302405,0.00037716012,
42105,Potter County,PA,3/18/2026 6:00,0.0004300291,0.00054640084,0.00042844194,
42105,Potter County,PA,3/18/2026 7:00,0.00045479453,0.00058988115,0.00049202057,
42105,Potter County,PA,3/18/2026 8:00,0.00053503807,0.00040724815,0.00055040896,
42105,Potter County,PA,3/18/2026 9:00,0.0005370789,0.00038541917,0.00064898655,
42105,Potter County,PA,3/18/2026 10:00,0.00051302405,0.00038949796,0.0006471058,
42105,Potter County,PA,3/18/2026 11:00,0.00054640084,0.00044632118,0.0005748292,
42105,Potter County,PA,3/18/2026 12:00,0.00058988115,0.00044700893,0.0005537668,
42105,Potter County,PA,3/18/2026 13:00,0.00040724815,0.00036173963,0.0005889621,
42105,Potter County,PA,3/18/2026 14:00,0.00038541917,0.00037581485,0.00053608895,
42105,Potter County,PA,3/18/2026 15:00,0.00038949796,0.00042022654,0.0005395262,
42105,Potter County,PA,3/18/2026 16:00,0.00044632118,0.00045195266,0.000550986,
42105,Potter County,PA,3/18/2026 17:00,0.00044700893,0.00041858185,0.0005751369,
42105,Potter County,PA,3/18/2026 18:00,0.00036173963,0.00044805228,0.00036670358,
42105,Potter County,PA,3/18/2026 19:00,0.00037581485,0.00046587846,0.0004435274,
42105,Potter County,PA,3/18/2026 20:00,0.00042022654,0.00042786924,0.00054831424,
42105,Potter County,PA,3/18/2026 21:00,0.00045195266,0.000366546,0.00053795,
42105,Potter County,PA,3/18/2026 22:00,0.00041858185,0.00037369618,0.00054291857,
42105,Potter County,PA,3/18/2026 23:00,0.00044805228,0.00037716012,0.00037438725,
42105,Potter County,PA,3/19/2026 0:00,0.00046587846,0.00042844194,,
42105,Potter County,PA,3/19/2026 1:00,0.00042786924,0.00049202057,,
42105,Potter County,PA,3/19/2026 2:00,0.000366546,0.00055040896,,
42105,Potter County,PA,3/19/2026 3:00,0.00037369618,0.00064898655,,
42105,Potter County,PA,3/19/2026 4:00,0.00037716012,0.0006471058,,
42105,Potter County,PA,3/19/2026 5:00,0.00042844194,0.0005748292,,
42105,Potter County,PA,3/19/2026 6:00,0.00049202057,0.0005537668,,
42105,Potter County,PA,3/19/2026 7:00,0.00055040896,0.0005889621,,
42105,Potter County,PA,3/19/2026 8:00,0.00064898655,0.00053608895,,
42105,Potter County,PA,3/19/2026 9:00,0.0006471058,0.0005395262,,
42105,Potter County,PA,3/19/2026 10:00,0.0005748292,0.000550986,,
42105,Potter County,PA,3/19/2026 11:00,0.0005537668,0.0005751369,,
42105,Potter County,PA,3/19/2026 12:00,0.0005889621,0.00036670358,,
42105,Potter County,PA,3/19/2026 13:00,0.00053608895,0.0004435274,,
42105,Potter County,PA,3/19/2026 14:00,0.0005395262,0.00054831424,,
42105,Potter County,PA,3/19/2026 15:00,0.000550986,0.00053795,,
42105,Potter County,PA,3/19/2026 16:00,0.0005751369,0.00054291857,,
42105,Potter County,PA,3/19/2026 17:00,0.00036670358,0.00037438725,,
42105,Potter County,PA,3/19/2026 18:00,0.0004435274,,,
42105,Potter County,PA,3/19/2026 19:00,0.00054831424,,,
42105,Potter County,PA,3/19/2026 20:00,0.00053795,,,
42105,Potter County,PA,3/19/2026 21:00,0.00054291857,,,
42105,Potter County,PA,3/19/2026 22:00,0.00037438725,,,
42105,Potter County,PA,3/19/2026 23:00,,,,
42107,Schuylkill County,PA,3/14/2026 0:00,2.7457396e-05,0.00044569233,0.0003145276,0.0011922936
42107,Schuylkill County,PA,3/14/2026 1:00,1.4681009e-05,0.000465907,0.0003405292,0.0012683504
42107,Schuylkill County,PA,3/14/2026 2:00,0.000113493166,0.00063053187,0.00028327553,0.0012049086
42107,Schuylkill County,PA,3/14/2026 3:00,0.00017309858,0.0007948244,0.00023071405,0.001069406
42107,Schuylkill County,PA,3/14/2026 4:00,0.0002529599,0.0008043499,0.0001963719,0.0011197578
42107,Schuylkill County,PA,3/14/2026 5:00,0.00044569233,0.000984218,0.00019756504,0.0010873672
42107,Schuylkill County,PA,3/14/2026 6:00,0.000465907,0.0011651252,0.00026361126,0.00089154684
42107,Schuylkill County,PA,3/14/2026 7:00,0.00063053187,0.0009721623,0.00041232217,0.00078883517
42107,Schuylkill County,PA,3/14/2026 8:00,0.0007948244,0.0010553326,0.0005262258,0.0007055924
42107,Schuylkill County,PA,3/14/2026 9:00,0.0008043499,0.00089975126,0.0006274925,0.00069726584
42107,Schuylkill County,PA,3/14/2026 10:00,0.000984218,0.0008257318,0.0007687844,0.0013256738
42107,Schuylkill County,PA,3/14/2026 11:00,0.0011651252,0.0006764613,0.0009432514,0.0017856266
42107,Schuylkill County,PA,3/14/2026 12:00,0.0009721623,0.00061780796,0.0010113593,0.0021497635
42107,Schuylkill County,PA,3/14/2026 13:00,0.0010553326,0.00035884263,0.00087401445,0.0026148227
42107,Schuylkill County,PA,3/14/2026 14:00,0.00089975126,0.00022556205,0.00089772587,0.0031638446
42107,Schuylkill County,PA,3/14/2026 15:00,0.0008257318,0.00023131867,0.0011000816,0.003489359
42107,Schuylkill County,PA,3/14/2026 16:00,0.0006764613,0.00040295377,0.0012971462,0.0032879552
42107,Schuylkill County,PA,3/14/2026 17:00,0.00061780796,0.00036968628,0.0013184481,0.0030844326
42107,Schuylkill County,PA,3/14/2026 18:00,0.00035884263,0.0003145276,0.0013774884,0.0032187134
42107,Schuylkill County,PA,3/14/2026 19:00,0.00022556205,0.0003405292,0.0014416225,0.0030997014
42107,Schuylkill County,PA,3/14/2026 20:00,0.00023131867,0.00028327553,0.0013744197,0.0039516017
42107,Schuylkill County,PA,3/14/2026 21:00,0.00040295377,0.00023071405,0.0012917218,0.008497181
42107,Schuylkill County,PA,3/14/2026 22:00,0.00036968628,0.0001963719,0.0012628671,0.010554269
42107,Schuylkill County,PA,3/14/2026 23:00,0.0003145276,0.00019756504,0.0012818943,0.010744556
42107,Schuylkill County,PA,3/15/2026 0:00,0.0003405292,0.00026361126,0.0011922936,0.01127842
42107,Schuylkill County,PA,3/15/2026 1:00,0.00028327553,0.00041232217,0.0012683504,0.011893109
42107,Schuylkill County,PA,3/15/2026 2:00,0.00023071405,0.0005262258,0.0012049086,0.0109753655
42107,Schuylkill County,PA,3/15/2026 3:00,0.0001963719,0.0006274925,0.001069406,0.009280734
42107,Schuylkill County,PA,3/15/2026 4:00,0.00019756504,0.0007687844,0.0011197578,0.008695265
42107,Schuylkill County,PA,3/15/2026 5:00,0.00026361126,0.0009432514,0.0010873672,0.008221839
42107,Schuylkill County,PA,3/15/2026 6:00,0.00041232217,0.0010113593,0.00089154684,0.007823922
42107,Schuylkill County,PA,3/15/2026 7:00,0.0005262258,0.00087401445,0.00078883517,0.0070453533
42107,Schuylkill County,PA,3/15/2026 8:00,0.0006274925,0.00089772587,0.0007055924,0.0062707374
42107,Schuylkill County,PA,3/15/2026 9:00,0.0007687844,0.0011000816,0.00069726584,0.0055426937
42107,Schuylkill County,PA,3/15/2026 10:00,0.0009432514,0.0012971462,0.0013256738,0.004884412
42107,Schuylkill County,PA,3/15/2026 11:00,0.0010113593,0.0013184481,0.0017856266,0.004292064
42107,Schuylkill County,PA,3/15/2026 12:00,0.00087401445,0.0013774884,0.0021497635,0.0037551485
42107,Schuylkill County,PA,3/15/2026 13:00,0.00089772587,0.0014416225,0.0026148227,0.0032257137
42107,Schuylkill County,PA,3/15/2026 14:00,0.0011000816,0.0013744197,0.0031638446,0.0028674032
42107,Schuylkill County,PA,3/15/2026 15:00,0.0012971462,0.0012917218,0.003489359,0.0025314486
42107,Schuylkill County,PA,3/15/2026 16:00,0.0013184481,0.0012628671,0.0032879552,0.0022882011
42107,Schuylkill County,PA,3/15/2026 17:00,0.0013774884,0.0012818943,0.0030844326,0.0021441025
42107,Schuylkill County,PA,3/15/2026 18:00,0.0014416225,0.0011922936,0.0032187134,0.0020663787
42107,Schuylkill County,PA,3/15/2026 19:00,0.0013744197,0.0012683504,0.0030997014,0.002015749
42107,Schuylkill County,PA,3/15/2026 20:00,0.0012917218,0.0012049086,0.0039516017,0.0015642401
42107,Schuylkill County,PA,3/15/2026 21:00,0.0012628671,0.001069406,0.008497181,0.0012851992
42107,Schuylkill County,PA,3/15/2026 22:00,0.0012818943,0.0011197578,0.010554269,0.0011186906
42107,Schuylkill County,PA,3/15/2026 23:00,0.0011922936,0.0010873672,0.010744556,0.0010527362
42107,Schuylkill County,PA,3/16/2026 0:00,0.0012683504,0.00089154684,0.01127842,0.000629389
42107,Schuylkill County,PA,3/16/2026 1:00,0.0012049086,0.00078883517,0.011893109,0.0005748703
42107,Schuylkill County,PA,3/16/2026 2:00,0.001069406,0.0007055924,0.0109753655,0.0006568649
42107,Schuylkill County,PA,3/16/2026 3:00,0.0011197578,0.00069726584,0.009280734,0.0006581146
42107,Schuylkill County,PA,3/16/2026 4:00,0.0010873672,0.0013256738,0.008695265,0.0005475624
42107,Schuylkill County,PA,3/16/2026 5:00,0.00089154684,0.0017856266,0.008221839,0.00035687772
42107,Schuylkill County,PA,3/16/2026 6:00,0.00078883517,0.0021497635,0.007823922,0.00027507066
42107,Schuylkill County,PA,3/16/2026 7:00,0.0007055924,0.0026148227,0.0070453533,0.00029427113
42107,Schuylkill County,PA,3/16/2026 8:00,0.00069726584,0.0031638446,0.0062707374,0.0003649813
42107,Schuylkill County,PA,3/16/2026 9:00,0.0013256738,0.003489359,0.0055426937,0.00050988817
42107,Schuylkill County,PA,3/16/2026 10:00,0.0017856266,0.0032879552,0.004884412,0.0005760941
42107,Schuylkill County,PA,3/16/2026 11:00,0.0021497635,0.0030844326,0.004292064,0.0003801875
42107,Schuylkill County,PA,3/16/2026 12:00,0.0026148227,0.0032187134,0.0037551485,0.0003552671
42107,Schuylkill County,PA,3/16/2026 13:00,0.0031638446,0.0030997014,0.0032257137,0.00043627273
42107,Schuylkill County,PA,3/16/2026 14:00,0.003489359,0.0039516017,0.0028674032,0.0004690625
42107,Schuylkill County,PA,3/16/2026 15:00,0.0032879552,0.008497181,0.0025314486,0.00040298433
42107,Schuylkill County,PA,3/16/2026 16:00,0.0030844326,0.010554269,0.0022882011,0.00037171674
42107,Schuylkill County,PA,3/16/2026 17:00,0.0032187134,0.010744556,0.0021441025,0.00035023064
42107,Schuylkill County,PA,3/16/2026 18:00,0.0030997014,0.01127842,0.0020663787,0.00025006887
42107,Schuylkill County,PA,3/16/2026 19:00,0.0039516017,0.011893109,0.002015749,0.00020477467
42107,Schuylkill County,PA,3/16/2026 20:00,0.008497181,0.0109753655,0.0015642401,0.00024940918
42107,Schuylkill County,PA,3/16/2026 21:00,0.010554269,0.009280734,0.0012851992,0.00034899867
42107,Schuylkill County,PA,3/16/2026 22:00,0.010744556,0.008695265,0.0011186906,0.00041726892
42107,Schuylkill County,PA,3/16/2026 23:00,0.01127842,0.008221839,0.0010527362,0.00035881987
42107,Schuylkill County,PA,3/17/2026 0:00,0.011893109,0.007823922,0.000629389,0.00031416552
42107,Schuylkill County,PA,3/17/2026 1:00,0.0109753655,0.0070453533,0.0005748703,0.0003172598
42107,Schuylkill County,PA,3/17/2026 2:00,0.009280734,0.0062707374,0.0006568649,0.00033193122
42107,Schuylkill County,PA,3/17/2026 3:00,0.008695265,0.0055426937,0.0006581146,0.00034318204
42107,Schuylkill County,PA,3/17/2026 4:00,0.008221839,0.004884412,0.0005475624,0.00031317156
42107,Schuylkill County,PA,3/17/2026 5:00,0.007823922,0.004292064,0.00035687772,0.00030697483
42107,Schuylkill County,PA,3/17/2026 6:00,0.0070453533,0.0037551485,0.00027507066,0.00031487434
42107,Schuylkill County,PA,3/17/2026 7:00,0.0062707374,0.0032257137,0.00029427113,0.00037880783
42107,Schuylkill County,PA,3/17/2026 8:00,0.0055426937,0.0028674032,0.0003649813,0.000354682
42107,Schuylkill County,PA,3/17/2026 9:00,0.004884412,0.0025314486,0.00050988817,0.00034216477
42107,Schuylkill County,PA,3/17/2026 10:00,0.004292064,0.0022882011,0.0005760941,0.00028718438
42107,Schuylkill County,PA,3/17/2026 11:00,0.0037551485,0.0021441025,0.0003801875,0.0002248267
42107,Schuylkill County,PA,3/17/2026 12:00,0.0032257137,0.0020663787,0.0003552671,0.00017822607
42107,Schuylkill County,PA,3/17/2026 13:00,0.0028674032,0.002015749,0.00043627273,0.00013151603
42107,Schuylkill County,PA,3/17/2026 14:00,0.0025314486,0.0015642401,0.0004690625,0.00010619556
42107,Schuylkill County,PA,3/17/2026 15:00,0.0022882011,0.0012851992,0.00040298433,0.00014672063
42107,Schuylkill County,PA,3/17/2026 16:00,0.0021441025,0.0011186906,0.00037171674,0.00014926246
42107,Schuylkill County,PA,3/17/2026 17:00,0.0020663787,0.0010527362,0.00035023064,0.00018676085
42107,Schuylkill County,PA,3/17/2026 18:00,0.002015749,0.000629389,0.00025006887,0.00016701562
42107,Schuylkill County,PA,3/17/2026 19:00,0.0015642401,0.0005748703,0.00020477467,0.00022462674
42107,Schuylkill County,PA,3/17/2026 20:00,0.0012851992,0.0006568649,0.00024940918,0.00025917147
42107,Schuylkill County,PA,3/17/2026 21:00,0.0011186906,0.0006581146,0.00034899867,0.00029418536
42107,Schuylkill County,PA,3/17/2026 22:00,0.0010527362,0.0005475624,0.00041726892,0.00031061997
42107,Schuylkill County,PA,3/17/2026 23:00,0.000629389,0.00035687772,0.00035881987,0.0002463318
42107,Schuylkill County,PA,3/18/2026 0:00,0.0005748703,0.00027507066,0.00031416552,
42107,Schuylkill County,PA,3/18/2026 1:00,0.0006568649,0.00029427113,0.0003172598,
42107,Schuylkill County,PA,3/18/2026 2:00,0.0006581146,0.0003649813,0.00033193122,
42107,Schuylkill County,PA,3/18/2026 3:00,0.0005475624,0.00050988817,0.00034318204,
42107,Schuylkill County,PA,3/18/2026 4:00,0.00035687772,0.0005760941,0.00031317156,
42107,Schuylkill County,PA,3/18/2026 5:00,0.00027507066,0.0003801875,0.00030697483,
42107,Schuylkill County,PA,3/18/2026 6:00,0.00029427113,0.0003552671,0.00031487434,
42107,Schuylkill County,PA,3/18/2026 7:00,0.0003649813,0.00043627273,0.00037880783,
42107,Schuylkill County,PA,3/18/2026 8:00,0.00050988817,0.0004690625,0.000354682,
42107,Schuylkill County,PA,3/18/2026 9:00,0.0005760941,0.00040298433,0.00034216477,
42107,Schuylkill County,PA,3/18/2026 10:00,0.0003801875,0.00037171674,0.00028718438,
42107,Schuylkill County,PA,3/18/2026 11:00,0.0003552671,0.00035023064,0.0002248267,
42107,Schuylkill County,PA,3/18/2026 12:00,0.00043627273,0.00025006887,0.00017822607,
42107,Schuylkill County,PA,3/18/2026 13:00,0.0004690625,0.00020477467,0.00013151603,
42107,Schuylkill County,PA,3/18/2026 14:00,0.00040298433,0.00024940918,0.00010619556,
42107,Schuylkill County,PA,3/18/2026 15:00,0.00037171674,0.00034899867,0.00014672063,
42107,Schuylkill County,PA,3/18/2026 16:00,0.00035023064,0.00041726892,0.00014926246,
42107,Schuylkill County,PA,3/18/2026 17:00,0.00025006887,0.00035881987,0.00018676085,
42107,Schuylkill County,PA,3/18/2026 18:00,0.00020477467,0.00031416552,0.00016701562,
42107,Schuylkill County,PA,3/18/2026 19:00,0.00024940918,0.0003172598,0.00022462674,
42107,Schuylkill County,PA,3/18/2026 20:00,0.00034899867,0.00033193122,0.00025917147,
42107,Schuylkill County,PA,3/18/2026 21:00,0.00041726892,0.00034318204,0.00029418536,
42107,Schuylkill County,PA,3/18/2026 22:00,0.00035881987,0.00031317156,0.00031061997,
42107,Schuylkill County,PA,3/18/2026 23:00,0.00031416552,0.00030697483,0.0002463318,
42107,Schuylkill County,PA,3/19/2026 0:00,0.0003172598,0.00031487434,,
42107,Schuylkill County,PA,3/19/2026 1:00,0.00033193122,0.00037880783,,
42107,Schuylkill County,PA,3/19/2026 2:00,0.00034318204,0.000354682,,
42107,Schuylkill County,PA,3/19/2026 3:00,0.00031317156,0.00034216477,,
42107,Schuylkill County,PA,3/19/2026 4:00,0.00030697483,0.00028718438,,
42107,Schuylkill County,PA,3/19/2026 5:00,0.00031487434,0.0002248267,,
42107,Schuylkill County,PA,3/19/2026 6:00,0.00037880783,0.00017822607,,
42107,Schuylkill County,PA,3/19/2026 7:00,0.000354682,0.00013151603,,
42107,Schuylkill County,PA,3/19/2026 8:00,0.00034216477,0.00010619556,,
42107,Schuylkill County,PA,3/19/2026 9:00,0.00028718438,0.00014672063,,
42107,Schuylkill County,PA,3/19/2026 10:00,0.0002248267,0.00014926246,,
42107,Schuylkill County,PA,3/19/2026 11:00,0.00017822607,0.00018676085,,
42107,Schuylkill County,PA,3/19/2026 12:00,0.00013151603,0.00016701562,,
42107,Schuylkill County,PA,3/19/2026 13:00,0.00010619556,0.00022462674,,
42107,Schuylkill County,PA,3/19/2026 14:00,0.00014672063,0.00025917147,,
42107,Schuylkill County,PA,3/19/2026 15:00,0.00014926246,0.00029418536,,
42107,Schuylkill County,PA,3/19/2026 16:00,0.00018676085,0.00031061997,,
42107,Schuylkill County,PA,3/19/2026 17:00,0.00016701562,0.0002463318,,
42107,Schuylkill County,PA,3/19/2026 18:00,0.00022462674,,,
42107,Schuylkill County,PA,3/19/2026 19:00,0.00025917147,,,
42107,Schuylkill County,PA,3/19/2026 20:00,0.00029418536,,,
42107,Schuylkill County,PA,3/19/2026 21:00,0.00031061997,,,
42107,Schuylkill County,PA,3/19/2026 22:00,0.0002463318,,,
42107,Schuylkill County,PA,3/19/2026 23:00,,,,
42111,Somerset County,PA,3/14/2026 0:00,0.021650389,0.016060984,0.0023507862,0.0018477278
42111,Somerset County,PA,3/14/2026 1:00,0.020400079,0.014927867,0.0022802984,0.0017685823
42111,Somerset County,PA,3/14/2026 2:00,0.018906455,0.014077408,0.0022399442,0.0013087515
42111,Somerset County,PA,3/14/2026 3:00,0.017729377,0.012999317,0.0021075113,0.0009362841
42111,Somerset County,PA,3/14/2026 4:00,0.016706435,0.012326943,0.0020637787,0.00082910695
42111,Somerset County,PA,3/14/2026 5:00,0.016060984,0.011345285,0.0019088974,0.0008325843
42111,Somerset County,PA,3/14/2026 6:00,0.014927867,0.010589688,0.0017936508,0.0007146886
42111,Somerset County,PA,3/14/2026 7:00,0.014077408,0.009697418,0.0016790719,0.0007044296
42111,Somerset County,PA,3/14/2026 8:00,0.012999317,0.008920815,0.0017322111,0.00080907636
42111,Somerset County,PA,3/14/2026 9:00,0.012326943,0.008184212,0.0024120854,0.0010806499
42111,Somerset County,PA,3/14/2026 10:00,0.011345285,0.0074493517,0.0029535298,0.0013168261
42111,Somerset County,PA,3/14/2026 11:00,0.010589688,0.0067503536,0.003307576,0.00082868675
42111,Somerset County,PA,3/14/2026 12:00,0.009697418,0.0058372254,0.0037099854,0.00034758277
42111,Somerset County,PA,3/14/2026 13:00,0.008920815,0.0041495934,0.003871967,0.00038429938
42111,Somerset County,PA,3/14/2026 14:00,0.008184212,0.003364446,0.004615953,0.00060541194
42111,Somerset County,PA,3/14/2026 15:00,0.0074493517,0.0029898162,0.005098175,0.0006220161
42111,Somerset County,PA,3/14/2026 16:00,0.0067503536,0.0027974816,0.005076598,0.0006291526
42111,Somerset County,PA,3/14/2026 17:00,0.0058372254,0.0026625611,0.00465162,0.000702146
42111,Somerset County,PA,3/14/2026 18:00,0.0041495934,0.0023507862,0.0040167267,0.0006987319
42111,Somerset County,PA,3/14/2026 19:00,0.003364446,0.0022802984,0.0032559272,0.0005909685
42111,Somerset County,PA,3/14/2026 20:00,0.0029898162,0.0022399442,0.0024408894,0.0005203297
42111,Somerset County,PA,3/14/2026 21:00,0.0027974816,0.0021075113,0.002191514,0.00043609127
42111,Somerset County,PA,3/14/2026 22:00,0.0026625611,0.0020637787,0.0019966436,0.00037340898
42111,Somerset County,PA,3/14/2026 23:00,0.0023507862,0.0019088974,0.0017605725,0.00035868448
42111,Somerset County,PA,3/15/2026 0:00,0.0022802984,0.0017936508,0.0018477278,0.0006030784
42111,Somerset County,PA,3/15/2026 1:00,0.0022399442,0.0016790719,0.0017685823,0.0007436117
42111,Somerset County,PA,3/15/2026 2:00,0.0021075113,0.0017322111,0.0013087515,0.0007875642
42111,Somerset County,PA,3/15/2026 3:00,0.0020637787,0.0024120854,0.0009362841,0.00074533786
42111,Somerset County,PA,3/15/2026 4:00,0.0019088974,0.0029535298,0.00082910695,0.0006087171
42111,Somerset County,PA,3/15/2026 5:00,0.0017936508,0.003307576,0.0008325843,0.0005578134
42111,Somerset County,PA,3/15/2026 6:00,0.0016790719,0.0037099854,0.0007146886,0.00043501623
42111,Somerset County,PA,3/15/2026 7:00,0.0017322111,0.003871967,0.0007044296,0.0003465774
42111,Somerset County,PA,3/15/2026 8:00,0.0024120854,0.004615953,0.00080907636,0.00032271596
42111,Somerset County,PA,3/15/2026 9:00,0.0029535298,0.005098175,0.0010806499,0.00056758354
42111,Somerset County,PA,3/15/2026 10:00,0.003307576,0.005076598,0.0013168261,0.0006335989
42111,Somerset County,PA,3/15/2026 11:00,0.0037099854,0.00465162,0.00082868675,0.00070483197
42111,Somerset County,PA,3/15/2026 12:00,0.003871967,0.0040167267,0.00034758277,0.00053128443
42111,Somerset County,PA,3/15/2026 13:00,0.004615953,0.0032559272,0.00038429938,0.00040498612
42111,Somerset County,PA,3/15/2026 14:00,0.005098175,0.0024408894,0.00060541194,0.0005242842
42111,Somerset County,PA,3/15/2026 15:00,0.005076598,0.002191514,0.0006220161,0.00048743686
42111,Somerset County,PA,3/15/2026 16:00,0.00465162,0.0019966436,0.0006291526,0.00051987235
42111,Somerset County,PA,3/15/2026 17:00,0.0040167267,0.0017605725,0.000702146,0.00054668705
42111,Somerset County,PA,3/15/2026 18:00,0.0032559272,0.0018477278,0.0006987319,0.00047317447
42111,Somerset County,PA,3/15/2026 19:00,0.0024408894,0.0017685823,0.0005909685,0.00040421973
42111,Somerset County,PA,3/15/2026 20:00,0.002191514,0.0013087515,0.0005203297,0.0001901081
42111,Somerset County,PA,3/15/2026 21:00,0.0019966436,0.0009362841,0.00043609127,0.00023588468
42111,Somerset County,PA,3/15/2026 22:00,0.0017605725,0.00082910695,0.00037340898,0.0002673588
42111,Somerset County,PA,3/15/2026 23:00,0.0018477278,0.0008325843,0.00035868448,0.00043343514
42111,Somerset County,PA,3/16/2026 0:00,0.0017685823,0.0007146886,0.0006030784,0.0003810286
42111,Somerset County,PA,3/16/2026 1:00,0.0013087515,0.0007044296,0.0007436117,0.0002541903
42111,Somerset County,PA,3/16/2026 2:00,0.0009362841,0.00080907636,0.0007875642,0.00019018554
42111,Somerset County,PA,3/16/2026 3:00,0.00082910695,0.0010806499,0.00074533786,0.00014834291
42111,Somerset County,PA,3/16/2026 4:00,0.0008325843,0.0013168261,0.0006087171,0.00015706281
42111,Somerset County,PA,3/16/2026 5:00,0.0007146886,0.00082868675,0.0005578134,0.00014788864
42111,Somerset County,PA,3/16/2026 6:00,0.0007044296,0.00034758277,0.00043501623,0.00016585237
42111,Somerset County,PA,3/16/2026 7:00,0.00080907636,0.00038429938,0.0003465774,0.00015802988
42111,Somerset County,PA,3/16/2026 8:00,0.0010806499,0.00060541194,0.00032271596,0.00022738638
42111,Somerset County,PA,3/16/2026 9:00,0.0013168261,0.0006220161,0.00056758354,0.00044386368
42111,Somerset County,PA,3/16/2026 10:00,0.00082868675,0.0006291526,0.0006335989,0.00050598546
42111,Somerset County,PA,3/16/2026 11:00,0.00034758277,0.000702146,0.00070483197,0.0005328914
42111,Somerset County,PA,3/16/2026 12:00,0.00038429938,0.0006987319,0.00053128443,0.0005516273
42111,Somerset County,PA,3/16/2026 13:00,0.00060541194,0.0005909685,0.00040498612,0.0005695254
42111,Somerset County,PA,3/16/2026 14:00,0.0006220161,0.0005203297,0.0005242842,0.0004685632
42111,Somerset County,PA,3/16/2026 15:00,0.0006291526,0.00043609127,0.00048743686,0.00040076632
42111,Somerset County,PA,3/16/2026 16:00,0.000702146,0.00037340898,0.00051987235,0.00032628953
42111,Somerset County,PA,3/16/2026 17:00,0.0006987319,0.00035868448,0.00054668705,0.0003043028
42111,Somerset County,PA,3/16/2026 18:00,0.0005909685,0.0006030784,0.00047317447,0.000178945
42111,Somerset County,PA,3/16/2026 19:00,0.0005203297,0.0007436117,0.00040421973,0.00010904924
42111,Somerset County,PA,3/16/2026 20:00,0.00043609127,0.0007875642,0.0001901081,0.0001564995
42111,Somerset County,PA,3/16/2026 21:00,0.00037340898,0.00074533786,0.00023588468,0.0001806911
42111,Somerset County,PA,3/16/2026 22:00,0.00035868448,0.0006087171,0.0002673588,0.00018453183
42111,Somerset County,PA,3/16/2026 23:00,0.0006030784,0.0005578134,0.00043343514,0.00025430348
42111,Somerset County,PA,3/17/2026 0:00,0.0007436117,0.00043501623,0.0003810286,0.00024527672
42111,Somerset County,PA,3/17/2026 1:00,0.0007875642,0.0003465774,0.0002541903,0.00025758884
42111,Somerset County,PA,3/17/2026 2:00,0.00074533786,0.00032271596,0.00019018554,0.00025819478
42111,Somerset County,PA,3/17/2026 3:00,0.0006087171,0.00056758354,0.00014834291,0.00026228293
42111,Somerset County,PA,3/17/2026 4:00,0.0005578134,0.0006335989,0.00015706281,0.00026412695
42111,Somerset County,PA,3/17/2026 5:00,0.00043501623,0.00070483197,0.00014788864,0.00038420974
42111,Somerset County,PA,3/17/2026 6:00,0.0003465774,0.00053128443,0.00016585237,0.00047647287
42111,Somerset County,PA,3/17/2026 7:00,0.00032271596,0.00040498612,0.00015802988,0.00045422924
42111,Somerset County,PA,3/17/2026 8:00,0.00056758354,0.0005242842,0.00022738638,0.00052677386
42111,Somerset County,PA,3/17/2026 9:00,0.0006335989,0.00048743686,0.00044386368,0.0005287201
42111,Somerset County,PA,3/17/2026 10:00,0.00070483197,0.00051987235,0.00050598546,0.00053579366
42111,Somerset County,PA,3/17/2026 11:00,0.00053128443,0.00054668705,0.0005328914,0.0004512471
42111,Somerset County,PA,3/17/2026 12:00,0.00040498612,0.00047317447,0.0005516273,0.00044713283
42111,Somerset County,PA,3/17/2026 13:00,0.0005242842,0.00040421973,0.0005695254,0.00047041397
42111,Somerset County,PA,3/17/2026 14:00,0.00048743686,0.0001901081,0.0004685632,0.00042086278
42111,Somerset County,PA,3/17/2026 15:00,0.00051987235,0.00023588468,0.00040076632,0.00041020566
42111,Somerset County,PA,3/17/2026 16:00,0.00054668705,0.0002673588,0.00032628953,0.00030345627
42111,Somerset County,PA,3/17/2026 17:00,0.00047317447,0.00043343514,0.0003043028,0.00026704874
42111,Somerset County,PA,3/17/2026 18:00,0.00040421973,0.0003810286,0.000178945,0.00029373195
42111,Somerset County,PA,3/17/2026 19:00,0.0001901081,0.0002541903,0.00010904924,0.00018374095
42111,Somerset County,PA,3/17/2026 20:00,0.00023588468,0.00019018554,0.0001564995,0.00021662562
42111,Somerset County,PA,3/17/2026 21:00,0.0002673588,0.00014834291,0.0001806911,0.00027299966
42111,Somerset County,PA,3/17/2026 22:00,0.00043343514,0.00015706281,0.00018453183,0.00017077786
42111,Somerset County,PA,3/17/2026 23:00,0.0003810286,0.00014788864,0.00025430348,0.00019226476
42111,Somerset County,PA,3/18/2026 0:00,0.0002541903,0.00016585237,0.00024527672,
42111,Somerset County,PA,3/18/2026 1:00,0.00019018554,0.00015802988,0.00025758884,
42111,Somerset County,PA,3/18/2026 2:00,0.00014834291,0.00022738638,0.00025819478,
42111,Somerset County,PA,3/18/2026 3:00,0.00015706281,0.00044386368,0.00026228293,
42111,Somerset County,PA,3/18/2026 4:00,0.00014788864,0.00050598546,0.00026412695,
42111,Somerset County,PA,3/18/2026 5:00,0.00016585237,0.0005328914,0.00038420974,
42111,Somerset County,PA,3/18/2026 6:00,0.00015802988,0.0005516273,0.00047647287,
42111,Somerset County,PA,3/18/2026 7:00,0.00022738638,0.0005695254,0.00045422924,
42111,Somerset County,PA,3/18/2026 8:00,0.00044386368,0.0004685632,0.00052677386,
42111,Somerset County,PA,3/18/2026 9:00,0.00050598546,0.00040076632,0.0005287201,
42111,Somerset County,PA,3/18/2026 10:00,0.0005328914,0.00032628953,0.00053579366,
42111,Somerset County,PA,3/18/2026 11:00,0.0005516273,0.0003043028,0.0004512471,
42111,Somerset County,PA,3/18/2026 12:00,0.0005695254,0.000178945,0.00044713283,
42111,Somerset County,PA,3/18/2026 13:00,0.0004685632,0.00010904924,0.00047041397,
42111,Somerset County,PA,3/18/2026 14:00,0.00040076632,0.0001564995,0.00042086278,
42111,Somerset County,PA,3/18/2026 15:00,0.00032628953,0.0001806911,0.00041020566,
42111,Somerset County,PA,3/18/2026 16:00,0.0003043028,0.00018453183,0.00030345627,
42111,Somerset County,PA,3/18/2026 17:00,0.000178945,0.00025430348,0.00026704874,
42111,Somerset County,PA,3/18/2026 18:00,0.00010904924,0.00024527672,0.00029373195,
42111,Somerset County,PA,3/18/2026 19:00,0.0001564995,0.00025758884,0.00018374095,
42111,Somerset County,PA,3/18/2026 20:00,0.0001806911,0.00025819478,0.00021662562,
42111,Somerset County,PA,3/18/2026 21:00,0.00018453183,0.00026228293,0.00027299966,
42111,Somerset County,PA,3/18/2026 22:00,0.00025430348,0.00026412695,0.00017077786,
42111,Somerset County,PA,3/18/2026 23:00,0.00024527672,0.00038420974,0.00019226476,
42111,Somerset County,PA,3/19/2026 0:00,0.00025758884,0.00047647287,,
42111,Somerset County,PA,3/19/2026 1:00,0.00025819478,0.00045422924,,
42111,Somerset County,PA,3/19/2026 2:00,0.00026228293,0.00052677386,,
42111,Somerset County,PA,3/19/2026 3:00,0.00026412695,0.0005287201,,
42111,Somerset County,PA,3/19/2026 4:00,0.00038420974,0.00053579366,,
42111,Somerset County,PA,3/19/2026 5:00,0.00047647287,0.0004512471,,
42111,Somerset County,PA,3/19/2026 6:00,0.00045422924,0.00044713283,,
42111,Somerset County,PA,3/19/2026 7:00,0.00052677386,0.00047041397,,
42111,Somerset County,PA,3/19/2026 8:00,0.0005287201,0.00042086278,,
42111,Somerset County,PA,3/19/2026 9:00,0.00053579366,0.00041020566,,
42111,Somerset County,PA,3/19/2026 10:00,0.0004512471,0.00030345627,,
42111,Somerset County,PA,3/19/2026 11:00,0.00044713283,0.00026704874,,
42111,Somerset County,PA,3/19/2026 12:00,0.00047041397,0.00029373195,,
42111,Somerset County,PA,3/19/2026 13:00,0.00042086278,0.00018374095,,
42111,Somerset County,PA,3/19/2026 14:00,0.00041020566,0.00021662562,,
42111,Somerset County,PA,3/19/2026 15:00,0.00030345627,0.00027299966,,
42111,Somerset County,PA,3/19/2026 16:00,0.00026704874,0.00017077786,,
42111,Somerset County,PA,3/19/2026 17:00,0.00029373195,0.00019226476,,
42111,Somerset County,PA,3/19/2026 18:00,0.00018374095,,,
42111,Somerset County,PA,3/19/2026 19:00,0.00021662562,,,
42111,Somerset County,PA,3/19/2026 20:00,0.00027299966,,,
42111,Somerset County,PA,3/19/2026 21:00,0.00017077786,,,
42111,Somerset County,PA,3/19/2026 22:00,0.00019226476,,,
42111,Somerset County,PA,3/19/2026 23:00,,,,
42117,Tioga County,PA,3/14/2026 0:00,0.0016680649,0.0041398406,0.00023491387,0.007052673
42117,Tioga County,PA,3/14/2026 1:00,0.0029696436,0.004528427,0.00027905963,0.006176465
42117,Tioga County,PA,3/14/2026 2:00,0.0031920015,0.005163755,0.00030225338,0.005270511
42117,Tioga County,PA,3/14/2026 3:00,0.003426595,0.005586665,0.00032893903,0.0045258296
42117,Tioga County,PA,3/14/2026 4:00,0.0038050474,0.0055568726,0.00055559684,0.0035921165
42117,Tioga County,PA,3/14/2026 5:00,0.0041398406,0.0048776558,0.0003855929,0.0030304356
42117,Tioga County,PA,3/14/2026 6:00,0.004528427,0.004116049,0.00038038497,0.0026543103
42117,Tioga County,PA,3/14/2026 7:00,0.005163755,0.0033207156,0.00042986294,0.00267289
42117,Tioga County,PA,3/14/2026 8:00,0.005586665,0.0027206033,0.00061662553,0.00258604
42117,Tioga County,PA,3/14/2026 9:00,0.0055568726,0.0019407198,0.0008204213,0.0026568712
42117,Tioga County,PA,3/14/2026 10:00,0.0048776558,0.0013295447,0.0011934356,0.0030626743
42117,Tioga County,PA,3/14/2026 11:00,0.004116049,0.0009365442,0.0016791056,0.0034398285
42117,Tioga County,PA,3/14/2026 12:00,0.0033207156,0.0007218469,0.0025680824,0.0038486277
42117,Tioga County,PA,3/14/2026 13:00,0.0027206033,0.00030412665,0.0038063833,0.0030616862
42117,Tioga County,PA,3/14/2026 14:00,0.0019407198,0.00016880142,0.005116595,0.002522784
42117,Tioga County,PA,3/14/2026 15:00,0.0013295447,0.00020297921,0.006382631,0.0021203468
42117,Tioga County,PA,3/14/2026 16:00,0.0009365442,0.0002534602,0.00703292,0.0020261412
42117,Tioga County,PA,3/14/2026 17:00,0.0007218469,0.00019283853,0.008163576,0.0022315788
42117,Tioga County,PA,3/14/2026 18:00,0.00030412665,0.00023491387,0.008655714,0.003129772
42117,Tioga County,PA,3/14/2026 19:00,0.00016880142,0.00027905963,0.008882023,0.0023208293
42117,Tioga County,PA,3/14/2026 20:00,0.00020297921,0.00030225338,0.008400032,0.002963996
42117,Tioga County,PA,3/14/2026 21:00,0.0002534602,0.00032893903,0.008470109,0.0034041412
42117,Tioga County,PA,3/14/2026 22:00,0.00019283853,0.00055559684,0.008188821,0.0033169766
42117,Tioga County,PA,3/14/2026 23:00,0.00023491387,0.0003855929,0.007624201,0.0029548523
42117,Tioga County,PA,3/15/2026 0:00,0.00027905963,0.00038038497,0.007052673,0.0025591531
42117,Tioga County,PA,3/15/2026 1:00,0.00030225338,0.00042986294,0.006176465,0.0019901642
42117,Tioga County,PA,3/15/2026 2:00,0.00032893903,0.00061662553,0.005270511,0.0017487429
42117,Tioga County,PA,3/15/2026 3:00,0.00055559684,0.0008204213,0.0045258296,0.0015802695
42117,Tioga County,PA,3/15/2026 4:00,0.0003855929,0.0011934356,0.0035921165,0.0018389365
42117,Tioga County,PA,3/15/2026 5:00,0.00038038497,0.0016791056,0.0030304356,0.0015712109
42117,Tioga County,PA,3/15/2026 6:00,0.00042986294,0.0025680824,0.0026543103,0.0016476859
42117,Tioga County,PA,3/15/2026 7:00,0.00061662553,0.0038063833,0.00267289,0.001527015
42117,Tioga County,PA,3/15/2026 8:00,0.0008204213,0.005116595,0.00258604,0.0014710139
42117,Tioga County,PA,3/15/2026 9:00,0.0011934356,0.006382631,0.0026568712,0.001242151
42117,Tioga County,PA,3/15/2026 10:00,0.0016791056,0.00703292,0.0030626743,0.0012510949
42117,Tioga County,PA,3/15/2026 11:00,0.0025680824,0.008163576,0.0034398285,0.001055177
42117,Tioga County,PA,3/15/2026 12:00,0.0038063833,0.008655714,0.0038486277,0.000996372
42117,Tioga County,PA,3/15/2026 13:00,0.005116595,0.008882023,0.0030616862,0.0011591349
42117,Tioga County,PA,3/15/2026 14:00,0.006382631,0.008400032,0.002522784,0.0009792901
42117,Tioga County,PA,3/15/2026 15:00,0.00703292,0.008470109,0.0021203468,0.0010653597
42117,Tioga County,PA,3/15/2026 16:00,0.008163576,0.008188821,0.0020261412,0.0010149428
42117,Tioga County,PA,3/15/2026 17:00,0.008655714,0.007624201,0.0022315788,0.00073999306
42117,Tioga County,PA,3/15/2026 18:00,0.008882023,0.007052673,0.003129772,0.00086574774
42117,Tioga County,PA,3/15/2026 19:00,0.008400032,0.006176465,0.0023208293,0.00082927366
42117,Tioga County,PA,3/15/2026 20:00,0.008470109,0.005270511,0.002963996,0.0006594933
42117,Tioga County,PA,3/15/2026 21:00,0.008188821,0.0045258296,0.0034041412,0.00058897363
42117,Tioga County,PA,3/15/2026 22:00,0.007624201,0.0035921165,0.0033169766,0.00063722447
42117,Tioga County,PA,3/15/2026 23:00,0.007052673,0.0030304356,0.0029548523,0.00069420156
42117,Tioga County,PA,3/16/2026 0:00,0.006176465,0.0026543103,0.0025591531,0.0004808455
42117,Tioga County,PA,3/16/2026 1:00,0.005270511,0.00267289,0.0019901642,0.00056049513
42117,Tioga County,PA,3/16/2026 2:00,0.0045258296,0.00258604,0.0017487429,0.0003867763
42117,Tioga County,PA,3/16/2026 3:00,0.0035921165,0.0026568712,0.0015802695,0.00033689107
42117,Tioga County,PA,3/16/2026 4:00,0.0030304356,0.0030626743,0.0018389365,0.00047712584
42117,Tioga County,PA,3/16/2026 5:00,0.0026543103,0.0034398285,0.0015712109,0.00037287705
42117,Tioga County,PA,3/16/2026 6:00,0.00267289,0.0038486277,0.0016476859,0.0002903686
42117,Tioga County,PA,3/16/2026 7:00,0.00258604,0.0030616862,0.001527015,0.0002923309
42117,Tioga County,PA,3/16/2026 8:00,0.0026568712,0.002522784,0.0014710139,0.00039167967
42117,Tioga County,PA,3/16/2026 9:00,0.0030626743,0.0021203468,0.001242151,0.00041229028
42117,Tioga County,PA,3/16/2026 10:00,0.0034398285,0.0020261412,0.0012510949,0.00039906346
42117,Tioga County,PA,3/16/2026 11:00,0.0038486277,0.0022315788,0.001055177,0.00045242044
42117,Tioga County,PA,3/16/2026 12:00,0.0030616862,0.003129772,0.000996372,0.0005343387
42117,Tioga County,PA,3/16/2026 13:00,0.002522784,0.0023208293,0.0011591349,0.00041881538
42117,Tioga County,PA,3/16/2026 14:00,0.0021203468,0.002963996,0.0009792901,0.0003478923
42117,Tioga County,PA,3/16/2026 15:00,0.0020261412,0.0034041412,0.0010653597,0.00036349864
42117,Tioga County,PA,3/16/2026 16:00,0.0022315788,0.0033169766,0.0010149428,0.00042892457
42117,Tioga County,PA,3/16/2026 17:00,0.003129772,0.0029548523,0.00073999306,0.0005569049
42117,Tioga County,PA,3/16/2026 18:00,0.0023208293,0.0025591531,0.00086574774,0.00044570488
42117,Tioga County,PA,3/16/2026 19:00,0.002963996,0.0019901642,0.00082927366,0.00036123948
42117,Tioga County,PA,3/16/2026 20:00,0.0034041412,0.0017487429,0.0006594933,0.00033521574
42117,Tioga County,PA,3/16/2026 21:00,0.0033169766,0.0015802695,0.00058897363,0.00036941504
42117,Tioga County,PA,3/16/2026 22:00,0.0029548523,0.0018389365,0.00063722447,0.00045983604
42117,Tioga County,PA,3/16/2026 23:00,0.0025591531,0.0015712109,0.00069420156,0.00053930667
42117,Tioga County,PA,3/17/2026 0:00,0.0019901642,0.0016476859,0.0004808455,0.0005046706
42117,Tioga County,PA,3/17/2026 1:00,0.0017487429,0.001527015,0.00056049513,0.00039723856
42117,Tioga County,PA,3/17/2026 2:00,0.0015802695,0.0014710139,0.0003867763,0.0003951127
42117,Tioga County,PA,3/17/2026 3:00,0.0018389365,0.001242151,0.00033689107,0.000338841
42117,Tioga County,PA,3/17/2026 4:00,0.0015712109,0.0012510949,0.00047712584,0.000362076
42117,Tioga County,PA,3/17/2026 5:00,0.0016476859,0.001055177,0.00037287705,0.0003843433
42117,Tioga County,PA,3/17/2026 6:00,0.001527015,0.000996372,0.0002903686,0.00041043072
42117,Tioga County,PA,3/17/2026 7:00,0.0014710139,0.0011591349,0.0002923309,0.00045271148
42117,Tioga County,PA,3/17/2026 8:00,0.001242151,0.0009792901,0.00039167967,0.0005598416
42117,Tioga County,PA,3/17/2026 9:00,0.0012510949,0.0010653597,0.00041229028,0.0005477859
42117,Tioga County,PA,3/17/2026 10:00,0.001055177,0.0010149428,0.00039906346,0.0005298053
42117,Tioga County,PA,3/17/2026 11:00,0.000996372,0.00073999306,0.00045242044,0.0004466466
42117,Tioga County,PA,3/17/2026 12:00,0.0011591349,0.00086574774,0.0005343387,0.00044502574
42117,Tioga County,PA,3/17/2026 13:00,0.0009792901,0.00082927366,0.00041881538,0.0005959957
42117,Tioga County,PA,3/17/2026 14:00,0.0010653597,0.0006594933,0.0003478923,0.00045513996
42117,Tioga County,PA,3/17/2026 15:00,0.0010149428,0.00058897363,0.00036349864,0.00037935202
42117,Tioga County,PA,3/17/2026 16:00,0.00073999306,0.00063722447,0.00042892457,0.00032293907
42117,Tioga County,PA,3/17/2026 17:00,0.00086574774,0.00069420156,0.0005569049,0.000283053
42117,Tioga County,PA,3/17/2026 18:00,0.00082927366,0.0004808455,0.00044570488,0.00027268773
42117,Tioga County,PA,3/17/2026 19:00,0.0006594933,0.00056049513,0.00036123948,0.00030422313
42117,Tioga County,PA,3/17/2026 20:00,0.00058897363,0.0003867763,0.00033521574,0.00033905907
42117,Tioga County,PA,3/17/2026 21:00,0.00063722447,0.00033689107,0.00036941504,0.0004131808
42117,Tioga County,PA,3/17/2026 22:00,0.00069420156,0.00047712584,0.00045983604,0.00042324187
42117,Tioga County,PA,3/17/2026 23:00,0.0004808455,0.00037287705,0.00053930667,0.00032245426
42117,Tioga County,PA,3/18/2026 0:00,0.00056049513,0.0002903686,0.0005046706,
42117,Tioga County,PA,3/18/2026 1:00,0.0003867763,0.0002923309,0.00039723856,
42117,Tioga County,PA,3/18/2026 2:00,0.00033689107,0.00039167967,0.0003951127,
42117,Tioga County,PA,3/18/2026 3:00,0.00047712584,0.00041229028,0.000338841,
42117,Tioga County,PA,3/18/2026 4:00,0.00037287705,0.00039906346,0.000362076,
42117,Tioga County,PA,3/18/2026 5:00,0.0002903686,0.00045242044,0.0003843433,
42117,Tioga County,PA,3/18/2026 6:00,0.0002923309,0.0005343387,0.00041043072,
42117,Tioga County,PA,3/18/2026 7:00,0.00039167967,0.00041881538,0.00045271148,
42117,Tioga County,PA,3/18/2026 8:00,0.00041229028,0.0003478923,0.0005598416,
42117,Tioga County,PA,3/18/2026 9:00,0.00039906346,0.00036349864,0.0005477859,
42117,Tioga County,PA,3/18/2026 10:00,0.00045242044,0.00042892457,0.0005298053,
42117,Tioga County,PA,3/18/2026 11:00,0.0005343387,0.0005569049,0.0004466466,
42117,Tioga County,PA,3/18/2026 12:00,0.00041881538,0.00044570488,0.00044502574,
42117,Tioga County,PA,3/18/2026 13:00,0.0003478923,0.00036123948,0.0005959957,
42117,Tioga County,PA,3/18/2026 14:00,0.00036349864,0.00033521574,0.00045513996,
42117,Tioga County,PA,3/18/2026 15:00,0.00042892457,0.00036941504,0.00037935202,
42117,Tioga County,PA,3/18/2026 16:00,0.0005569049,0.00045983604,0.00032293907,
42117,Tioga County,PA,3/18/2026 17:00,0.00044570488,0.00053930667,0.000283053,
42117,Tioga County,PA,3/18/2026 18:00,0.00036123948,0.0005046706,0.00027268773,
42117,Tioga County,PA,3/18/2026 19:00,0.00033521574,0.00039723856,0.00030422313,
42117,Tioga County,PA,3/18/2026 20:00,0.00036941504,0.0003951127,0.00033905907,
42117,Tioga County,PA,3/18/2026 21:00,0.00045983604,0.000338841,0.0004131808,
42117,Tioga County,PA,3/18/2026 22:00,0.00053930667,0.000362076,0.00042324187,
42117,Tioga County,PA,3/18/2026 23:00,0.0005046706,0.0003843433,0.00032245426,
42117,Tioga County,PA,3/19/2026 0:00,0.00039723856,0.00041043072,,
42117,Tioga County,PA,3/19/2026 1:00,0.0003951127,0.00045271148,,
42117,Tioga County,PA,3/19/2026 2:00,0.000338841,0.0005598416,,
42117,Tioga County,PA,3/19/2026 3:00,0.000362076,0.0005477859,,
42117,Tioga County,PA,3/19/2026 4:00,0.0003843433,0.0005298053,,
42117,Tioga County,PA,3/19/2026 5:00,0.00041043072,0.0004466466,,
42117,Tioga County,PA,3/19/2026 6:00,0.00045271148,0.00044502574,,
42117,Tioga County,PA,3/19/2026 7:00,0.0005598416,0.0005959957,,
42117,Tioga County,PA,3/19/2026 8:00,0.0005477859,0.00045513996,,
42117,Tioga County,PA,3/19/2026 9:00,0.0005298053,0.00037935202,,
42117,Tioga County,PA,3/19/2026 10:00,0.0004466466,0.00032293907,,
42117,Tioga County,PA,3/19/2026 11:00,0.00044502574,0.000283053,,
42117,Tioga County,PA,3/19/2026 12:00,0.0005959957,0.00027268773,,
42117,Tioga County,PA,3/19/2026 13:00,0.00045513996,0.00030422313,,
42117,Tioga County,PA,3/19/2026 14:00,0.00037935202,0.00033905907,,
42117,Tioga County,PA,3/19/2026 15:00,0.00032293907,0.0004131808,,
42117,Tioga County,PA,3/19/2026 16:00,0.000283053,0.00042324187,,
42117,Tioga County,PA,3/19/2026 17:00,0.00027268773,0.00032245426,,
42117,Tioga County,PA,3/19/2026 18:00,0.00030422313,,,
42117,Tioga County,PA,3/19/2026 19:00,0.00033905907,,,
42117,Tioga County,PA,3/19/2026 20:00,0.0004131808,,,
42117,Tioga County,PA,3/19/2026 21:00,0.00042324187,,,
42117,Tioga County,PA,3/19/2026 22:00,0.00032245426,,,
42117,Tioga County,PA,3/19/2026 23:00,,,,
42123,Warren County,PA,3/14/2026 0:00,0.15650557,0.2987864,0.020244073,0.026650548
42123,Warren County,PA,3/14/2026 1:00,0.26698655,0.2819515,0.017654022,0.02391282
42123,Warren County,PA,3/14/2026 2:00,0.31541535,0.26429915,0.016530301,0.022654478
42123,Warren County,PA,3/14/2026 3:00,0.31871355,0.23908342,0.016112309,0.021020882
42123,Warren County,PA,3/14/2026 4:00,0.31225935,0.21795146,0.01553712,0.01873883
42123,Warren County,PA,3/14/2026 5:00,0.2987864,0.19217598,0.014390962,0.017287806
42123,Warren County,PA,3/14/2026 6:00,0.2819515,0.17198972,0.01349863,0.015831381
42123,Warren County,PA,3/14/2026 7:00,0.26429915,0.15066671,0.013296679,0.0146676665
42123,Warren County,PA,3/14/2026 8:00,0.23908342,0.13430592,0.013179941,0.012946447
42123,Warren County,PA,3/14/2026 9:00,0.21795146,0.11531186,0.013188846,0.012476598
42123,Warren County,PA,3/14/2026 10:00,0.19217598,0.094127506,0.014068854,0.011285748
42123,Warren County,PA,3/14/2026 11:00,0.17198972,0.07385892,0.015763752,0.009973345
42123,Warren County,PA,3/14/2026 12:00,0.15066671,0.0596599,0.017471084,0.009513461
42123,Warren County,PA,3/14/2026 13:00,0.13430592,0.04796707,0.019304406,0.009201469
42123,Warren County,PA,3/14/2026 14:00,0.11531186,0.037711497,0.019697463,0.00798106
42123,Warren County,PA,3/14/2026 15:00,0.094127506,0.031738743,0.020331737,0.007311008
42123,Warren County,PA,3/14/2026 16:00,0.07385892,0.026792174,0.022236815,0.0064660725
42123,Warren County,PA,3/14/2026 17:00,0.0596599,0.023137147,0.02531787,0.005666019
42123,Warren County,PA,3/14/2026 18:00,0.04796707,0.020244073,0.027264487,0.0053835646
42123,Warren County,PA,3/14/2026 19:00,0.037711497,0.017654022,0.03116838,0.004496758
42123,Warren County,PA,3/14/2026 20:00,0.031738743,0.016530301,0.03160787,0.0041621528
42123,Warren County,PA,3/14/2026 21:00,0.026792174,0.016112309,0.030960228,0.0039508305
42123,Warren County,PA,3/14/2026 22:00,0.023137147,0.01553712,0.029294584,0.0045119794
42123,Warren County,PA,3/14/2026 23:00,0.020244073,0.014390962,0.02772639,0.0038598918
42123,Warren County,PA,3/15/2026 0:00,0.017654022,0.01349863,0.026650548,0.0030433475
42123,Warren County,PA,3/15/2026 1:00,0.016530301,0.013296679,0.02391282,0.0030918852
42123,Warren County,PA,3/15/2026 2:00,0.016112309,0.013179941,0.022654478,0.0034618492
42123,Warren County,PA,3/15/2026 3:00,0.01553712,0.013188846,0.021020882,0.003427253
42123,Warren County,PA,3/15/2026 4:00,0.014390962,0.014068854,0.01873883,0.0032440946
42123,Warren County,PA,3/15/2026 5:00,0.01349863,0.015763752,0.017287806,0.0032303426
42123,Warren County,PA,3/15/2026 6:00,0.013296679,0.017471084,0.015831381,0.0030551583
42123,Warren County,PA,3/15/2026 7:00,0.013179941,0.019304406,0.0146676665,0.0032556609
42123,Warren County,PA,3/15/2026 8:00,0.013188846,0.019697463,0.012946447,0.0032451958
42123,Warren County,PA,3/15/2026 9:00,0.014068854,0.020331737,0.012476598,0.0031319147
42123,Warren County,PA,3/15/2026 10:00,0.015763752,0.022236815,0.011285748,0.0031553737
42123,Warren County,PA,3/15/2026 11:00,0.017471084,0.02531787,0.009973345,0.0031342176
42123,Warren County,PA,3/15/2026 12:00,0.019304406,0.027264487,0.009513461,0.0033269825
42123,Warren County,PA,3/15/2026 13:00,0.019697463,0.03116838,0.009201469,0.0030682052
42123,Warren County,PA,3/15/2026 14:00,0.020331737,0.03160787,0.00798106,0.002785498
42123,Warren County,PA,3/15/2026 15:00,0.022236815,0.030960228,0.007311008,0.002330794
42123,Warren County,PA,3/15/2026 16:00,0.02531787,0.029294584,0.0064660725,0.002444749
42123,Warren County,PA,3/15/2026 17:00,0.027264487,0.02772639,0.005666019,0.0021567766
42123,Warren County,PA,3/15/2026 18:00,0.03116838,0.026650548,0.0053835646,0.0021030593
42123,Warren County,PA,3/15/2026 19:00,0.03160787,0.02391282,0.004496758,0.0017637094
42123,Warren County,PA,3/15/2026 20:00,0.030960228,0.022654478,0.0041621528,0.0012400758
42123,Warren County,PA,3/15/2026 21:00,0.029294584,0.021020882,0.0039508305,0.0012417609
42123,Warren County,PA,3/15/2026 22:00,0.02772639,0.01873883,0.0045119794,0.0012423197
42123,Warren County,PA,3/15/2026 23:00,0.026650548,0.017287806,0.0038598918,0.0013029568
42123,Warren County,PA,3/16/2026 0:00,0.02391282,0.015831381,0.0030433475,0.00084698474
42123,Warren County,PA,3/16/2026 1:00,0.022654478,0.0146676665,0.0030918852,0.0006686078
42123,Warren County,PA,3/16/2026 2:00,0.021020882,0.012946447,0.0034618492,0.00073877495
42123,Warren County,PA,3/16/2026 3:00,0.01873883,0.012476598,0.003427253,0.0006486456
42123,Warren County,PA,3/16/2026 4:00,0.017287806,0.011285748,0.0032440946,0.0006554313
42123,Warren County,PA,3/16/2026 5:00,0.015831381,0.009973345,0.0032303426,0.0007561609
42123,Warren County,PA,3/16/2026 6:00,0.0146676665,0.009513461,0.0030551583,0.0007420612
42123,Warren County,PA,3/16/2026 7:00,0.012946447,0.009201469,0.0032556609,0.0006294674
42123,Warren County,PA,3/16/2026 8:00,0.012476598,0.00798106,0.0032451958,0.00074933557
42123,Warren County,PA,3/16/2026 9:00,0.011285748,0.007311008,0.0031319147,0.00074722164
42123,Warren County,PA,3/16/2026 10:00,0.009973345,0.0064660725,0.0031553737,0.00079089834
42123,Warren County,PA,3/16/2026 11:00,0.009513461,0.005666019,0.0031342176,0.0008054972
42123,Warren County,PA,3/16/2026 12:00,0.009201469,0.0053835646,0.0033269825,0.0007135261
42123,Warren County,PA,3/16/2026 13:00,0.00798106,0.004496758,0.0030682052,0.00074734236
42123,Warren County,PA,3/16/2026 14:00,0.007311008,0.0041621528,0.002785498,0.00077049696
42123,Warren County,PA,3/16/2026 15:00,0.0064660725,0.0039508305,0.002330794,0.0008141867
42123,Warren County,PA,3/16/2026 16:00,0.005666019,0.0045119794,0.002444749,0.0007732349
42123,Warren County,PA,3/16/2026 17:00,0.0053835646,0.0038598918,0.0021567766,0.000742545
42123,Warren County,PA,3/16/2026 18:00,0.004496758,0.0030433475,0.0021030593,0.00073756283
42123,Warren County,PA,3/16/2026 19:00,0.0041621528,0.0030918852,0.0017637094,0.0006114691
42123,Warren County,PA,3/16/2026 20:00,0.0039508305,0.0034618492,0.0012400758,0.00061682245
42123,Warren County,PA,3/16/2026 21:00,0.0045119794,0.003427253,0.0012417609,0.0006937686
42123,Warren County,PA,3/16/2026 22:00,0.0038598918,0.0032440946,0.0012423197,0.0007935912
42123,Warren County,PA,3/16/2026 23:00,0.0030433475,0.0032303426,0.0013029568,0.0008112041
42123,Warren County,PA,3/17/2026 0:00,0.0030918852,0.0030551583,0.00084698474,0.0006715008
42123,Warren County,PA,3/17/2026 1:00,0.0034618492,0.0032556609,0.0006686078,0.00060003134
42123,Warren County,PA,3/17/2026 2:00,0.003427253,0.0032451958,0.00073877495,0.00060330366
42123,Warren County,PA,3/17/2026 3:00,0.0032440946,0.0031319147,0.0006486456,0.0005910786
42123,Warren County,PA,3/17/2026 4:00,0.0032303426,0.0031553737,0.0006554313,0.0005748163
42123,Warren County,PA,3/17/2026 5:00,0.0030551583,0.0031342176,0.0007561609,0.0005242857
42123,Warren County,PA,3/17/2026 6:00,0.0032556609,0.0033269825,0.0007420612,0.0005906333
42123,Warren County,PA,3/17/2026 7:00,0.0032451958,0.0030682052,0.0006294674,0.00068222627
42123,Warren County,PA,3/17/2026 8:00,0.0031319147,0.002785498,0.00074933557,0.0007852068
42123,Warren County,PA,3/17/2026 9:00,0.0031553737,0.002330794,0.00074722164,0.0007991191
42123,Warren County,PA,3/17/2026 10:00,0.0031342176,0.002444749,0.00079089834,0.00077807857
42123,Warren County,PA,3/17/2026 11:00,0.0033269825,0.0021567766,0.0008054972,0.000826997
42123,Warren County,PA,3/17/2026 12:00,0.0030682052,0.0021030593,0.0007135261,0.00084591913
42123,Warren County,PA,3/17/2026 13:00,0.002785498,0.0017637094,0.00074734236,0.0010393388
42123,Warren County,PA,3/17/2026 14:00,0.002330794,0.0012400758,0.00077049696,0.0011047916
42123,Warren County,PA,3/17/2026 15:00,0.002444749,0.0012417609,0.0008141867,0.0009834062
42123,Warren County,PA,3/17/2026 16:00,0.0021567766,0.0012423197,0.0007732349,0.00091220567
42123,Warren County,PA,3/17/2026 17:00,0.0021030593,0.0013029568,0.000742545,0.00077709364
42123,Warren County,PA,3/17/2026 18:00,0.0017637094,0.00084698474,0.00073756283,0.00069299503
42123,Warren County,PA,3/17/2026 19:00,0.0012400758,0.0006686078,0.0006114691,0.00060271577
42123,Warren County,PA,3/17/2026 20:00,0.0012417609,0.00073877495,0.00061682245,0.0006227787
42123,Warren County,PA,3/17/2026 21:00,0.0012423197,0.0006486456,0.0006937686,0.0006055727
42123,Warren County,PA,3/17/2026 22:00,0.0013029568,0.0006554313,0.0007935912,0.0005636754
42123,Warren County,PA,3/17/2026 23:00,0.00084698474,0.0007561609,0.0008112041,0.00052759907
42123,Warren County,PA,3/18/2026 0:00,0.0006686078,0.0007420612,0.0006715008,
42123,Warren County,PA,3/18/2026 1:00,0.00073877495,0.0006294674,0.00060003134,
42123,Warren County,PA,3/18/2026 2:00,0.0006486456,0.00074933557,0.00060330366,
42123,Warren County,PA,3/18/2026 3:00,0.0006554313,0.00074722164,0.0005910786,
42123,Warren County,PA,3/18/2026 4:00,0.0007561609,0.00079089834,0.0005748163,
42123,Warren County,PA,3/18/2026 5:00,0.0007420612,0.0008054972,0.0005242857,
42123,Warren County,PA,3/18/2026 6:00,0.0006294674,0.0007135261,0.0005906333,
42123,Warren County,PA,3/18/2026 7:00,0.00074933557,0.00074734236,0.00068222627,
42123,Warren County,PA,3/18/2026 8:00,0.00074722164,0.00077049696,0.0007852068,
42123,Warren County,PA,3/18/2026 9:00,0.00079089834,0.0008141867,0.0007991191,
42123,Warren County,PA,3/18/2026 10:00,0.0008054972,0.0007732349,0.00077807857,
42123,Warren County,PA,3/18/2026 11:00,0.0007135261,0.000742545,0.000826997,
42123,Warren County,PA,3/18/2026 12:00,0.00074734236,0.00073756283,0.00084591913,
42123,Warren County,PA,3/18/2026 13:00,0.00077049696,0.0006114691,0.0010393388,
42123,Warren County,PA,3/18/2026 14:00,0.0008141867,0.00061682245,0.0011047916,
42123,Warren County,PA,3/18/2026 15:00,0.0007732349,0.0006937686,0.0009834062,
42123,Warren County,PA,3/18/2026 16:00,0.000742545,0.0007935912,0.00091220567,
42123,Warren County,PA,3/18/2026 17:00,0.00073756283,0.0008112041,0.00077709364,
42123,Warren County,PA,3/18/2026 18:00,0.0006114691,0.0006715008,0.00069299503,
42123,Warren County,PA,3/18/2026 19:00,0.00061682245,0.00060003134,0.00060271577,
42123,Warren County,PA,3/18/2026 20:00,0.0006937686,0.00060330366,0.0006227787,
42123,Warren County,PA,3/18/2026 21:00,0.0007935912,0.0005910786,0.0006055727,
42123,Warren County,PA,3/18/2026 22:00,0.0008112041,0.0005748163,0.0005636754,
42123,Warren County,PA,3/18/2026 23:00,0.0006715008,0.0005242857,0.00052759907,
42123,Warren County,PA,3/19/2026 0:00,0.00060003134,0.0005906333,,
42123,Warren County,PA,3/19/2026 1:00,0.00060330366,0.00068222627,,
42123,Warren County,PA,3/19/2026 2:00,0.0005910786,0.0007852068,,
42123,Warren County,PA,3/19/2026 3:00,0.0005748163,0.0007991191,,
42123,Warren County,PA,3/19/2026 4:00,0.0005242857,0.00077807857,,
42123,Warren County,PA,3/19/2026 5:00,0.0005906333,0.000826997,,
42123,Warren County,PA,3/19/2026 6:00,0.00068222627,0.00084591913,,
42123,Warren County,PA,3/19/2026 7:00,0.0007852068,0.0010393388,,
42123,Warren County,PA,3/19/2026 8:00,0.0007991191,0.0011047916,,
42123,Warren County,PA,3/19/2026 9:00,0.00077807857,0.0009834062,,
42123,Warren County,PA,3/19/2026 10:00,0.000826997,0.00091220567,,
42123,Warren County,PA,3/19/2026 11:00,0.00084591913,0.00077709364,,
42123,Warren County,PA,3/19/2026 12:00,0.0010393388,0.00069299503,,
42123,Warren County,PA,3/19/2026 13:00,0.0011047916,0.00060271577,,
42123,Warren County,PA,3/19/2026 14:00,0.0009834062,0.0006227787,,
42123,Warren County,PA,3/19/2026 15:00,0.00091220567,0.0006055727,,
42123,Warren County,PA,3/19/2026 16:00,0.00077709364,0.0005636754,,
42123,Warren County,PA,3/19/2026 17:00,0.00069299503,0.00052759907,,
42123,Warren County,PA,3/19/2026 18:00,0.00060271577,,,
42123,Warren County,PA,3/19/2026 19:00,0.0006227787,,,
42123,Warren County,PA,3/19/2026 20:00,0.0006055727,,,
42123,Warren County,PA,3/19/2026 21:00,0.0005636754,,,
42123,Warren County,PA,3/19/2026 22:00,0.00052759907,,,
42123,Warren County,PA,3/19/2026 23:00,,,,
54001,Barbour County,WV,3/14/2026 0:00,0.022599932,0.014675324,0.0012370319,0.0026037656
54001,Barbour County,WV,3/14/2026 1:00,0.021683807,0.013062707,0.0010217711,0.00235886
54001,Barbour County,WV,3/14/2026 2:00,0.019506073,0.011344583,0.0009128947,0.0022335202
54001,Barbour County,WV,3/14/2026 3:00,0.017404146,0.010211799,0.0009484846,0.0019072256
54001,Barbour County,WV,3/14/2026 4:00,0.015701134,0.008755066,0.00074147206,0.0017380372
54001,Barbour County,WV,3/14/2026 5:00,0.014675324,0.0074738637,0.0008948503,0.0016016801
54001,Barbour County,WV,3/14/2026 6:00,0.013062707,0.0064376476,0.0011073576,0.0017990754
54001,Barbour County,WV,3/14/2026 7:00,0.011344583,0.0056987954,0.0012970748,0.0032069483
54001,Barbour County,WV,3/14/2026 8:00,0.010211799,0.0050728098,0.0015619181,0.004447547
54001,Barbour County,WV,3/14/2026 9:00,0.008755066,0.004621806,0.0015729412,0.003676932
54001,Barbour County,WV,3/14/2026 10:00,0.0074738637,0.004140636,0.0016022229,0.0022648014
54001,Barbour County,WV,3/14/2026 11:00,0.0064376476,0.004022289,0.0017227391,0.0019048454
54001,Barbour County,WV,3/14/2026 12:00,0.0056987954,0.0030230796,0.0017467187,0.0016498679
54001,Barbour County,WV,3/14/2026 13:00,0.0050728098,0.0026018415,0.0020233283,0.0012183749
54001,Barbour County,WV,3/14/2026 14:00,0.004621806,0.0019898023,0.0020823975,0.0012074661
54001,Barbour County,WV,3/14/2026 15:00,0.004140636,0.0016581645,0.0023741033,0.0014289336
54001,Barbour County,WV,3/14/2026 16:00,0.004022289,0.0015317345,0.001920513,0.0013373371
54001,Barbour County,WV,3/14/2026 17:00,0.0030230796,0.0013072595,0.0016822041,0.00049665995
54001,Barbour County,WV,3/14/2026 18:00,0.0026018415,0.0012370319,0.0019375912,0.00035463128
54001,Barbour County,WV,3/14/2026 19:00,0.0019898023,0.0010217711,0.0016927756,0.00055300456
54001,Barbour County,WV,3/14/2026 20:00,0.0016581645,0.0009128947,0.0014326337,0.0011316347
54001,Barbour County,WV,3/14/2026 21:00,0.0015317345,0.0009484846,0.0021056219,0.002123558
54001,Barbour County,WV,3/14/2026 22:00,0.0013072595,0.00074147206,0.0026947646,0.0024613722
54001,Barbour County,WV,3/14/2026 23:00,0.0012370319,0.0008948503,0.0027342648,0.002195787
54001,Barbour County,WV,3/15/2026 0:00,0.0010217711,0.0011073576,0.0026037656,0.001541035
54001,Barbour County,WV,3/15/2026 1:00,0.0009128947,0.0012970748,0.00235886,0.0012349567
54001,Barbour County,WV,3/15/2026 2:00,0.0009484846,0.0015619181,0.0022335202,0.0011165119
54001,Barbour County,WV,3/15/2026 3:00,0.00074147206,0.0015729412,0.0019072256,0.0011488035
54001,Barbour County,WV,3/15/2026 4:00,0.0008948503,0.0016022229,0.0017380372,0.001069334
54001,Barbour County,WV,3/15/2026 5:00,0.0011073576,0.0017227391,0.0016016801,0.0012135553
54001,Barbour County,WV,3/15/2026 6:00,0.0012970748,0.0017467187,0.0017990754,0.0010428294
54001,Barbour County,WV,3/15/2026 7:00,0.0015619181,0.0020233283,0.0032069483,0.001297582
54001,Barbour County,WV,3/15/2026 8:00,0.0015729412,0.0020823975,0.004447547,0.0014980483
54001,Barbour County,WV,3/15/2026 9:00,0.0016022229,0.0023741033,0.003676932,0.0018261088
54001,Barbour County,WV,3/15/2026 10:00,0.0017227391,0.001920513,0.0022648014,0.0022486276
54001,Barbour County,WV,3/15/2026 11:00,0.0017467187,0.0016822041,0.0019048454,0.0024536715
54001,Barbour County,WV,3/15/2026 12:00,0.0020233283,0.0019375912,0.0016498679,0.0025136594
54001,Barbour County,WV,3/15/2026 13:00,0.0020823975,0.0016927756,0.0012183749,0.0022863152
54001,Barbour County,WV,3/15/2026 14:00,0.0023741033,0.0014326337,0.0012074661,0.0024681592
54001,Barbour County,WV,3/15/2026 15:00,0.001920513,0.0021056219,0.0014289336,0.0026005073
54001,Barbour County,WV,3/15/2026 16:00,0.0016822041,0.0026947646,0.0013373371,0.0022314065
54001,Barbour County,WV,3/15/2026 17:00,0.0019375912,0.0027342648,0.00049665995,0.0018462574
54001,Barbour County,WV,3/15/2026 18:00,0.0016927756,0.0026037656,0.00035463128,0.0016172433
54001,Barbour County,WV,3/15/2026 19:00,0.0014326337,0.00235886,0.00055300456,0.0012431471
54001,Barbour County,WV,3/15/2026 20:00,0.0021056219,0.0022335202,0.0011316347,0.0008798985
54001,Barbour County,WV,3/15/2026 21:00,0.0026947646,0.0019072256,0.002123558,0.00082235667
54001,Barbour County,WV,3/15/2026 22:00,0.0027342648,0.0017380372,0.0024613722,0.00074064615
54001,Barbour County,WV,3/15/2026 23:00,0.0026037656,0.0016016801,0.002195787,0.0008128588
54001,Barbour County,WV,3/16/2026 0:00,0.00235886,0.0017990754,0.001541035,0.00028046136
54001,Barbour County,WV,3/16/2026 1:00,0.0022335202,0.0032069483,0.0012349567,0.00030538588
54001,Barbour County,WV,3/16/2026 2:00,0.0019072256,0.004447547,0.0011165119,0.00037401082
54001,Barbour County,WV,3/16/2026 3:00,0.0017380372,0.003676932,0.0011488035,0.0006305549
54001,Barbour County,WV,3/16/2026 4:00,0.0016016801,0.0022648014,0.001069334,0.0005782639
54001,Barbour County,WV,3/16/2026 5:00,0.0017990754,0.0019048454,0.0012135553,0.00068827404
54001,Barbour County,WV,3/16/2026 6:00,0.0032069483,0.0016498679,0.0010428294,0.00081941584
54001,Barbour County,WV,3/16/2026 7:00,0.004447547,0.0012183749,0.001297582,0.0008225006
54001,Barbour County,WV,3/16/2026 8:00,0.003676932,0.0012074661,0.0014980483,0.000826063
54001,Barbour County,WV,3/16/2026 9:00,0.0022648014,0.0014289336,0.0018261088,0.00091790623
54001,Barbour County,WV,3/16/2026 10:00,0.0019048454,0.0013373371,0.0022486276,0.00090235187
54001,Barbour County,WV,3/16/2026 11:00,0.0016498679,0.00049665995,0.0024536715,0.0007778908
54001,Barbour County,WV,3/16/2026 12:00,0.0012183749,0.00035463128,0.0025136594,0.00081331586
54001,Barbour County,WV,3/16/2026 13:00,0.0012074661,0.00055300456,0.0022863152,0.000810868
54001,Barbour County,WV,3/16/2026 14:00,0.0014289336,0.0011316347,0.0024681592,0.0008087728
54001,Barbour County,WV,3/16/2026 15:00,0.0013373371,0.002123558,0.0026005073,0.0006347346
54001,Barbour County,WV,3/16/2026 16:00,0.00049665995,0.0024613722,0.0022314065,0.00059882837
54001,Barbour County,WV,3/16/2026 17:00,0.00035463128,0.002195787,0.0018462574,0.0005688343
54001,Barbour County,WV,3/16/2026 18:00,0.00055300456,0.001541035,0.0016172433,0.00043038177
54001,Barbour County,WV,3/16/2026 19:00,0.0011316347,0.0012349567,0.0012431471,0.00028198102
54001,Barbour County,WV,3/16/2026 20:00,0.002123558,0.0011165119,0.0008798985,0.00020299506
54001,Barbour County,WV,3/16/2026 21:00,0.0024613722,0.0011488035,0.00082235667,0.00018377259
54001,Barbour County,WV,3/16/2026 22:00,0.002195787,0.001069334,0.00074064615,0.00018682957
54001,Barbour County,WV,3/16/2026 23:00,0.001541035,0.0012135553,0.0008128588,0.00015084825
54001,Barbour County,WV,3/17/2026 0:00,0.0012349567,0.0010428294,0.00028046136,0.00020648463
54001,Barbour County,WV,3/17/2026 1:00,0.0011165119,0.001297582,0.00030538588,0.00027800223
54001,Barbour County,WV,3/17/2026 2:00,0.0011488035,0.0014980483,0.00037401082,0.00033685006
54001,Barbour County,WV,3/17/2026 3:00,0.001069334,0.0018261088,0.0006305549,0.0003959387
54001,Barbour County,WV,3/17/2026 4:00,0.0012135553,0.0022486276,0.0005782639,0.0004525085
54001,Barbour County,WV,3/17/2026 5:00,0.0010428294,0.0024536715,0.00068827404,0.00046990273
54001,Barbour County,WV,3/17/2026 6:00,0.001297582,0.0025136594,0.00081941584,0.0004594914
54001,Barbour County,WV,3/17/2026 7:00,0.0014980483,0.0022863152,0.0008225006,0.0005031269
54001,Barbour County,WV,3/17/2026 8:00,0.0018261088,0.0024681592,0.000826063,0.00076494593
54001,Barbour County,WV,3/17/2026 9:00,0.0022486276,0.0026005073,0.00091790623,0.00071088894
54001,Barbour County,WV,3/17/2026 10:00,0.0024536715,0.0022314065,0.00090235187,0.00073385343
54001,Barbour County,WV,3/17/2026 11:00,0.0025136594,0.0018462574,0.0007778908,0.000624839
54001,Barbour County,WV,3/17/2026 12:00,0.0022863152,0.0016172433,0.00081331586,0.0005738591
54001,Barbour County,WV,3/17/2026 13:00,0.0024681592,0.0012431471,0.000810868,0.0006147877
54001,Barbour County,WV,3/17/2026 14:00,0.0026005073,0.0008798985,0.0008087728,0.0005305913
54001,Barbour County,WV,3/17/2026 15:00,0.0022314065,0.00082235667,0.0006347346,0.0005090878
54001,Barbour County,WV,3/17/2026 16:00,0.0018462574,0.00074064615,0.00059882837,0.00034161768
54001,Barbour County,WV,3/17/2026 17:00,0.0016172433,0.0008128588,0.0005688343,0.00029227306
54001,Barbour County,WV,3/17/2026 18:00,0.0012431471,0.00028046136,0.00043038177,0.0001497876
54001,Barbour County,WV,3/17/2026 19:00,0.0008798985,0.00030538588,0.00028198102,7.450661e-05
54001,Barbour County,WV,3/17/2026 20:00,0.00082235667,0.00037401082,0.00020299506,6.933444e-05
54001,Barbour County,WV,3/17/2026 21:00,0.00074064615,0.0006305549,0.00018377259,1.5518886e-05
54001,Barbour County,WV,3/17/2026 22:00,0.0008128588,0.0005782639,0.00018682957,2.3413846e-05
54001,Barbour County,WV,3/17/2026 23:00,0.00028046136,0.00068827404,0.00015084825,6.872266e-05
54001,Barbour County,WV,3/18/2026 0:00,0.00030538588,0.00081941584,0.00020648463,
54001,Barbour County,WV,3/18/2026 1:00,0.00037401082,0.0008225006,0.00027800223,
54001,Barbour County,WV,3/18/2026 2:00,0.0006305549,0.000826063,0.00033685006,
54001,Barbour County,WV,3/18/2026 3:00,0.0005782639,0.00091790623,0.0003959387,
54001,Barbour County,WV,3/18/2026 4:00,0.00068827404,0.00090235187,0.0004525085,
54001,Barbour County,WV,3/18/2026 5:00,0.00081941584,0.0007778908,0.00046990273,
54001,Barbour County,WV,3/18/2026 6:00,0.0008225006,0.00081331586,0.0004594914,
54001,Barbour County,WV,3/18/2026 7:00,0.000826063,0.000810868,0.0005031269,
54001,Barbour County,WV,3/18/2026 8:00,0.00091790623,0.0008087728,0.00076494593,
54001,Barbour County,WV,3/18/2026 9:00,0.00090235187,0.0006347346,0.00071088894,
54001,Barbour County,WV,3/18/2026 10:00,0.0007778908,0.00059882837,0.00073385343,
54001,Barbour County,WV,3/18/2026 11:00,0.00081331586,0.0005688343,0.000624839,
54001,Barbour County,WV,3/18/2026 12:00,0.000810868,0.00043038177,0.0005738591,
54001,Barbour County,WV,3/18/2026 13:00,0.0008087728,0.00028198102,0.0006147877,
54001,Barbour County,WV,3/18/2026 14:00,0.0006347346,0.00020299506,0.0005305913,
54001,Barbour County,WV,3/18/2026 15:00,0.00059882837,0.00018377259,0.0005090878,
54001,Barbour County,WV,3/18/2026 16:00,0.0005688343,0.00018682957,0.00034161768,
54001,Barbour County,WV,3/18/2026 17:00,0.00043038177,0.00015084825,0.00029227306,
54001,Barbour County,WV,3/18/2026 18:00,0.00028198102,0.00020648463,0.0001497876,
54001,Barbour County,WV,3/18/2026 19:00,0.00020299506,0.00027800223,7.450661e-05,
54001,Barbour County,WV,3/18/2026 20:00,0.00018377259,0.00033685006,6.933444e-05,
54001,Barbour County,WV,3/18/2026 21:00,0.00018682957,0.0003959387,1.5518886e-05,
54001,Barbour County,WV,3/18/2026 22:00,0.00015084825,0.0004525085,2.3413846e-05,
54001,Barbour County,WV,3/18/2026 23:00,0.00020648463,0.00046990273,6.872266e-05,
54001,Barbour County,WV,3/19/2026 0:00,0.00027800223,0.0004594914,,
54001,Barbour County,WV,3/19/2026 1:00,0.00033685006,0.0005031269,,
54001,Barbour County,WV,3/19/2026 2:00,0.0003959387,0.00076494593,,
54001,Barbour County,WV,3/19/2026 3:00,0.0004525085,0.00071088894,,
54001,Barbour County,WV,3/19/2026 4:00,0.00046990273,0.00073385343,,
54001,Barbour County,WV,3/19/2026 5:00,0.0004594914,0.000624839,,
54001,Barbour County,WV,3/19/2026 6:00,0.0005031269,0.0005738591,,
54001,Barbour County,WV,3/19/2026 7:00,0.00076494593,0.0006147877,,
54001,Barbour County,WV,3/19/2026 8:00,0.00071088894,0.0005305913,,
54001,Barbour County,WV,3/19/2026 9:00,0.00073385343,0.0005090878,,
54001,Barbour County,WV,3/19/2026 10:00,0.000624839,0.00034161768,,
54001,Barbour County,WV,3/19/2026 11:00,0.0005738591,0.00029227306,,
54001,Barbour County,WV,3/19/2026 12:00,0.0006147877,0.0001497876,,
54001,Barbour County,WV,3/19/2026 13:00,0.0005305913,7.450661e-05,,
54001,Barbour County,WV,3/19/2026 14:00,0.0005090878,6.933444e-05,,
54001,Barbour County,WV,3/19/2026 15:00,0.00034161768,1.5518886e-05,,
54001,Barbour County,WV,3/19/2026 16:00,0.00029227306,2.3413846e-05,,
54001,Barbour County,WV,3/19/2026 17:00,0.0001497876,6.872266e-05,,
54001,Barbour County,WV,3/19/2026 18:00,7.450661e-05,,,
54001,Barbour County,WV,3/19/2026 19:00,6.933444e-05,,,
54001,Barbour County,WV,3/19/2026 20:00,1.5518886e-05,,,
54001,Barbour County,WV,3/19/2026 21:00,2.3413846e-05,,,
54001,Barbour County,WV,3/19/2026 22:00,6.872266e-05,,,
54001,Barbour County,WV,3/19/2026 23:00,,,,
54003,Berkeley County,WV,3/14/2026 0:00,0.0013513451,0.0004526421,0.00015113503,9.122977e-05
54003,Berkeley County,WV,3/14/2026 1:00,0.0018197866,0.0005164116,0.00013917437,0.00019021724
54003,Berkeley County,WV,3/14/2026 2:00,0.001075966,0.00058546616,0.00013264827,0.00016917703
54003,Berkeley County,WV,3/14/2026 3:00,0.00069093145,0.00054762827,7.470655e-05,0.00014972754
54003,Berkeley County,WV,3/14/2026 4:00,0.00036132176,0.00051066134,7.0887836e-05,0.00018555945
54003,Berkeley County,WV,3/14/2026 5:00,0.0004526421,0.00034021883,6.692556e-05,0.00024725805
54003,Berkeley County,WV,3/14/2026 6:00,0.0005164116,0.00020702154,0.00012200516,0.0002270054
54003,Berkeley County,WV,3/14/2026 7:00,0.00058546616,0.00020375616,0.0001618264,0.00018354786
54003,Berkeley County,WV,3/14/2026 8:00,0.00054762827,0.00016140967,0.00020746398,0.00016485146
54003,Berkeley County,WV,3/14/2026 9:00,0.00051066134,0.0002214018,0.00022308645,0.00017231851
54003,Berkeley County,WV,3/14/2026 10:00,0.00034021883,0.00020704235,0.00025896903,0.00023991661
54003,Berkeley County,WV,3/14/2026 11:00,0.00020702154,0.00016577938,0.00032434447,0.00040023305
54003,Berkeley County,WV,3/14/2026 12:00,0.00020375616,9.2426526e-05,0.00036176687,0.0004182642
54003,Berkeley County,WV,3/14/2026 13:00,0.00016140967,1.6004757e-05,0.00043201438,0.00030333485
54003,Berkeley County,WV,3/14/2026 14:00,0.0002214018,1.8142651e-05,0.00039859526,0.0002380691
54003,Berkeley County,WV,3/14/2026 15:00,0.00020704235,1.309683e-05,0.0002832322,0.00028555765
54003,Berkeley County,WV,3/14/2026 16:00,0.00016577938,4.832096e-05,0.00022836516,0.00033312675
54003,Berkeley County,WV,3/14/2026 17:00,9.2426526e-05,8.5650245e-05,0.000189332,0.00043936475
54003,Berkeley County,WV,3/14/2026 18:00,1.6004757e-05,0.00015113503,0.00016054223,0.00068675523
54003,Berkeley County,WV,3/14/2026 19:00,1.8142651e-05,0.00013917437,0.00013458557,0.00061812054
54003,Berkeley County,WV,3/14/2026 20:00,1.309683e-05,0.00013264827,9.524306e-05,0.0005972828
54003,Berkeley County,WV,3/14/2026 21:00,4.832096e-05,7.470655e-05,7.483785e-05,0.0005971314
54003,Berkeley County,WV,3/14/2026 22:00,8.5650245e-05,7.0887836e-05,5.833772e-05,0.0004624154
54003,Berkeley County,WV,3/14/2026 23:00,0.00015113503,6.692556e-05,6.1503844e-05,0.00046276802
54003,Berkeley County,WV,3/15/2026 0:00,0.00013917437,0.00012200516,9.122977e-05,0.00041257183
54003,Berkeley County,WV,3/15/2026 1:00,0.00013264827,0.0001618264,0.00019021724,0.0004043338
54003,Berkeley County,WV,3/15/2026 2:00,7.470655e-05,0.00020746398,0.00016917703,0.00035313264
54003,Berkeley County,WV,3/15/2026 3:00,7.0887836e-05,0.00022308645,0.00014972754,0.0003788893
54003,Berkeley County,WV,3/15/2026 4:00,6.692556e-05,0.00025896903,0.00018555945,0.00036651932
54003,Berkeley County,WV,3/15/2026 5:00,0.00012200516,0.00032434447,0.00024725805,0.00019566165
54003,Berkeley County,WV,3/15/2026 6:00,0.0001618264,0.00036176687,0.0002270054,0.00016189883
54003,Berkeley County,WV,3/15/2026 7:00,0.00020746398,0.00043201438,0.00018354786,0.000104621795
54003,Berkeley County,WV,3/15/2026 8:00,0.00022308645,0.00039859526,0.00016485146,7.5940305e-05
54003,Berkeley County,WV,3/15/2026 9:00,0.00025896903,0.0002832322,0.00017231851,9.311119e-05
54003,Berkeley County,WV,3/15/2026 10:00,0.00032434447,0.00022836516,0.00023991661,0.000109845874
54003,Berkeley County,WV,3/15/2026 11:00,0.00036176687,0.000189332,0.00040023305,9.6095166e-05
54003,Berkeley County,WV,3/15/2026 12:00,0.00043201438,0.00016054223,0.0004182642,0.00014136298
54003,Berkeley County,WV,3/15/2026 13:00,0.00039859526,0.00013458557,0.00030333485,0.00012291147
54003,Berkeley County,WV,3/15/2026 14:00,0.0002832322,9.524306e-05,0.0002380691,9.690126e-05
54003,Berkeley County,WV,3/15/2026 15:00,0.00022836516,7.483785e-05,0.00028555765,6.239051e-05
54003,Berkeley County,WV,3/15/2026 16:00,0.000189332,5.833772e-05,0.00033312675,8.776807e-05
54003,Berkeley County,WV,3/15/2026 17:00,0.00016054223,6.1503844e-05,0.00043936475,9.707909e-05
54003,Berkeley County,WV,3/15/2026 18:00,0.00013458557,9.122977e-05,0.00068675523,9.12023e-05
54003,Berkeley County,WV,3/15/2026 19:00,9.524306e-05,0.00019021724,0.00061812054,2.7883916e-05
54003,Berkeley County,WV,3/15/2026 20:00,7.483785e-05,0.00016917703,0.0005972828,1.6910177e-05
54003,Berkeley County,WV,3/15/2026 21:00,5.833772e-05,0.00014972754,0.0005971314,1.5595973e-05
54003,Berkeley County,WV,3/15/2026 22:00,6.1503844e-05,0.00018555945,0.0004624154,1.5013398e-05
54003,Berkeley County,WV,3/15/2026 23:00,9.122977e-05,0.00024725805,0.00046276802,1.24097005e-05
54003,Berkeley County,WV,3/16/2026 0:00,0.00019021724,0.0002270054,0.00041257183,9.3308545e-06
54003,Berkeley County,WV,3/16/2026 1:00,0.00016917703,0.00018354786,0.0004043338,9.9468e-06
54003,Berkeley County,WV,3/16/2026 2:00,0.00014972754,0.00016485146,0.00035313264,2.5143816e-05
54003,Berkeley County,WV,3/16/2026 3:00,0.00018555945,0.00017231851,0.0003788893,0.00011640179
54003,Berkeley County,WV,3/16/2026 4:00,0.00024725805,0.00023991661,0.00036651932,0.00013256658
54003,Berkeley County,WV,3/16/2026 5:00,0.0002270054,0.00040023305,0.00019566165,0.00013410687
54003,Berkeley County,WV,3/16/2026 6:00,0.00018354786,0.0004182642,0.00016189883,0.00013842875
54003,Berkeley County,WV,3/16/2026 7:00,0.00016485146,0.00030333485,0.000104621795,0.0001650365
54003,Berkeley County,WV,3/16/2026 8:00,0.00017231851,0.0002380691,7.5940305e-05,0.00027177078
54003,Berkeley County,WV,3/16/2026 9:00,0.00023991661,0.00028555765,9.311119e-05,0.00014586745
54003,Berkeley County,WV,3/16/2026 10:00,0.00040023305,0.00033312675,0.000109845874,0.00019896614
54003,Berkeley County,WV,3/16/2026 11:00,0.0004182642,0.00043936475,9.6095166e-05,0.0002182679
54003,Berkeley County,WV,3/16/2026 12:00,0.00030333485,0.00068675523,0.00014136298,0.00029034427
54003,Berkeley County,WV,3/16/2026 13:00,0.0002380691,0.00061812054,0.00012291147,0.00024646445
54003,Berkeley County,WV,3/16/2026 14:00,0.00028555765,0.0005972828,9.690126e-05,0.00019378748
54003,Berkeley County,WV,3/16/2026 15:00,0.00033312675,0.0005971314,6.239051e-05,0.00020750563
54003,Berkeley County,WV,3/16/2026 16:00,0.00043936475,0.0004624154,8.776807e-05,0.0001817374
54003,Berkeley County,WV,3/16/2026 17:00,0.00068675523,0.00046276802,9.707909e-05,0.00015277807
54003,Berkeley County,WV,3/16/2026 18:00,0.00061812054,0.00041257183,9.12023e-05,0.00017493262
54003,Berkeley County,WV,3/16/2026 19:00,0.0005972828,0.0004043338,2.7883916e-05,0.0001745589
54003,Berkeley County,WV,3/16/2026 20:00,0.0005971314,0.00035313264,1.6910177e-05,9.05152e-05
54003,Berkeley County,WV,3/16/2026 21:00,0.0004624154,0.0003788893,1.5595973e-05,6.956414e-05
54003,Berkeley County,WV,3/16/2026 22:00,0.00046276802,0.00036651932,1.5013398e-05,7.1281975e-05
54003,Berkeley County,WV,3/16/2026 23:00,0.00041257183,0.00019566165,1.24097005e-05,4.2667878e-05
54003,Berkeley County,WV,3/17/2026 0:00,0.0004043338,0.00016189883,9.3308545e-06,4.4232806e-05
54003,Berkeley County,WV,3/17/2026 1:00,0.00035313264,0.000104621795,9.9468e-06,3.634274e-05
54003,Berkeley County,WV,3/17/2026 2:00,0.0003788893,7.5940305e-05,2.5143816e-05,2.7044996e-05
54003,Berkeley County,WV,3/17/2026 3:00,0.00036651932,9.311119e-05,0.00011640179,4.4001175e-05
54003,Berkeley County,WV,3/17/2026 4:00,0.00019566165,0.000109845874,0.00013256658,8.6146916e-05
54003,Berkeley County,WV,3/17/2026 5:00,0.00016189883,9.6095166e-05,0.00013410687,2.3233186e-05
54003,Berkeley County,WV,3/17/2026 6:00,0.000104621795,0.00014136298,0.00013842875,5.5012908e-05
54003,Berkeley County,WV,3/17/2026 7:00,7.5940305e-05,0.00012291147,0.0001650365,7.924186e-05
54003,Berkeley County,WV,3/17/2026 8:00,9.311119e-05,9.690126e-05,0.00027177078,9.865946e-06
54003,Berkeley County,WV,3/17/2026 9:00,0.000109845874,6.239051e-05,0.00014586745,5.9475118e-05
54003,Berkeley County,WV,3/17/2026 10:00,9.6095166e-05,8.776807e-05,0.00019896614,0.00013132385
54003,Berkeley County,WV,3/17/2026 11:00,0.00014136298,9.707909e-05,0.0002182679,0.00015216749
54003,Berkeley County,WV,3/17/2026 12:00,0.00012291147,9.12023e-05,0.00029034427,0.00015473171
54003,Berkeley County,WV,3/17/2026 13:00,9.690126e-05,2.7883916e-05,0.00024646445,0.00018157587
54003,Berkeley County,WV,3/17/2026 14:00,6.239051e-05,1.6910177e-05,0.00019378748,0.00017475513
54003,Berkeley County,WV,3/17/2026 15:00,8.776807e-05,1.5595973e-05,0.00020750563,0.00015130425
54003,Berkeley County,WV,3/17/2026 16:00,9.707909e-05,1.5013398e-05,0.0001817374,0.00015860036
54003,Berkeley County,WV,3/17/2026 17:00,9.12023e-05,1.24097005e-05,0.00015277807,0.00020626582
54003,Berkeley County,WV,3/17/2026 18:00,2.7883916e-05,9.3308545e-06,0.00017493262,0.00027803806
54003,Berkeley County,WV,3/17/2026 19:00,1.6910177e-05,9.9468e-06,0.0001745589,0.0002838442
54003,Berkeley County,WV,3/17/2026 20:00,1.5595973e-05,2.5143816e-05,9.05152e-05,0.00019226068
54003,Berkeley County,WV,3/17/2026 21:00,1.5013398e-05,0.00011640179,6.956414e-05,0.00012485936
54003,Berkeley County,WV,3/17/2026 22:00,1.24097005e-05,0.00013256658,7.1281975e-05,8.9028275e-05
54003,Berkeley County,WV,3/17/2026 23:00,9.3308545e-06,0.00013410687,4.2667878e-05,7.632453e-05
54003,Berkeley County,WV,3/18/2026 0:00,9.9468e-06,0.00013842875,4.4232806e-05,
54003,Berkeley County,WV,3/18/2026 1:00,2.5143816e-05,0.0001650365,3.634274e-05,
54003,Berkeley County,WV,3/18/2026 2:00,0.00011640179,0.00027177078,2.7044996e-05,
54003,Berkeley County,WV,3/18/2026 3:00,0.00013256658,0.00014586745,4.4001175e-05,
54003,Berkeley County,WV,3/18/2026 4:00,0.00013410687,0.00019896614,8.6146916e-05,
54003,Berkeley County,WV,3/18/2026 5:00,0.00013842875,0.0002182679,2.3233186e-05,
54003,Berkeley County,WV,3/18/2026 6:00,0.0001650365,0.00029034427,5.5012908e-05,
54003,Berkeley County,WV,3/18/2026 7:00,0.00027177078,0.00024646445,7.924186e-05,
54003,Berkeley County,WV,3/18/2026 8:00,0.00014586745,0.00019378748,9.865946e-06,
54003,Berkeley County,WV,3/18/2026 9:00,0.00019896614,0.00020750563,5.9475118e-05,
54003,Berkeley County,WV,3/18/2026 10:00,0.0002182679,0.0001817374,0.00013132385,
54003,Berkeley County,WV,3/18/2026 11:00,0.00029034427,0.00015277807,0.00015216749,
54003,Berkeley County,WV,3/18/2026 12:00,0.00024646445,0.00017493262,0.00015473171,
54003,Berkeley County,WV,3/18/2026 13:00,0.00019378748,0.0001745589,0.00018157587,
54003,Berkeley County,WV,3/18/2026 14:00,0.00020750563,9.05152e-05,0.00017475513,
54003,Berkeley County,WV,3/18/2026 15:00,0.0001817374,6.956414e-05,0.00015130425,
54003,Berkeley County,WV,3/18/2026 16:00,0.00015277807,7.1281975e-05,0.00015860036,
54003,Berkeley County,WV,3/18/2026 17:00,0.00017493262,4.2667878e-05,0.00020626582,
54003,Berkeley County,WV,3/18/2026 18:00,0.0001745589,4.4232806e-05,0.00027803806,
54003,Berkeley County,WV,3/18/2026 19:00,9.05152e-05,3.634274e-05,0.0002838442,
54003,Berkeley County,WV,3/18/2026 20:00,6.956414e-05,2.7044996e-05,0.00019226068,
54003,Berkeley County,WV,3/18/2026 21:00,7.1281975e-05,4.4001175e-05,0.00012485936,
54003,Berkeley County,WV,3/18/2026 22:00,4.2667878e-05,8.6146916e-05,8.9028275e-05,
54003,Berkeley County,WV,3/18/2026 23:00,4.4232806e-05,2.3233186e-05,7.632453e-05,
54003,Berkeley County,WV,3/19/2026 0:00,3.634274e-05,5.5012908e-05,,
54003,Berkeley County,WV,3/19/2026 1:00,2.7044996e-05,7.924186e-05,,
54003,Berkeley County,WV,3/19/2026 2:00,4.4001175e-05,9.865946e-06,,
54003,Berkeley County,WV,3/19/2026 3:00,8.6146916e-05,5.9475118e-05,,
54003,Berkeley County,WV,3/19/2026 4:00,2.3233186e-05,0.00013132385,,
54003,Berkeley County,WV,3/19/2026 5:00,5.5012908e-05,0.00015216749,,
54003,Berkeley County,WV,3/19/2026 6:00,7.924186e-05,0.00015473171,,
54003,Berkeley County,WV,3/19/2026 7:00,9.865946e-06,0.00018157587,,
54003,Berkeley County,WV,3/19/2026 8:00,5.9475118e-05,0.00017475513,,
54003,Berkeley County,WV,3/19/2026 9:00,0.00013132385,0.00015130425,,
54003,Berkeley County,WV,3/19/2026 10:00,0.00015216749,0.00015860036,,
54003,Berkeley County,WV,3/19/2026 11:00,0.00015473171,0.00020626582,,
54003,Berkeley County,WV,3/19/2026 12:00,0.00018157587,0.00027803806,,
54003,Berkeley County,WV,3/19/2026 13:00,0.00017475513,0.0002838442,,
54003,Berkeley County,WV,3/19/2026 14:00,0.00015130425,0.00019226068,,
54003,Berkeley County,WV,3/19/2026 15:00,0.00015860036,0.00012485936,,
54003,Berkeley County,WV,3/19/2026 16:00,0.00020626582,8.9028275e-05,,
54003,Berkeley County,WV,3/19/2026 17:00,0.00027803806,7.632453e-05,,
54003,Berkeley County,WV,3/19/2026 18:00,0.0002838442,,,
54003,Berkeley County,WV,3/19/2026 19:00,0.00019226068,,,
54003,Berkeley County,WV,3/19/2026 20:00,0.00012485936,,,
54003,Berkeley County,WV,3/19/2026 21:00,8.9028275e-05,,,
54003,Berkeley County,WV,3/19/2026 22:00,7.632453e-05,,,
54003,Berkeley County,WV,3/19/2026 23:00,,,,
54005,Boone County,WV,3/14/2026 0:00,0.0001673488,3.223995e-05,8.369471e-05,0.0011529474
54005,Boone County,WV,3/14/2026 1:00,0.00020871827,0.0001098295,9.3811934e-05,0.0011459573
54005,Boone County,WV,3/14/2026 2:00,3.3885168e-05,0.00033953268,0.00012800255,0.0008878147
54005,Boone County,WV,3/14/2026 3:00,1.5865364e-05,0.0005985319,0.00019943697,0.00068497774
54005,Boone County,WV,3/14/2026 4:00,9.954155e-06,0.0007680206,0.0001717657,0.0007208502
54005,Boone County,WV,3/14/2026 5:00,3.223995e-05,0.0008451166,0.00012798315,0.0024165362
54005,Boone County,WV,3/14/2026 6:00,0.0001098295,0.00086079835,0.00013413094,0.004682882
54005,Boone County,WV,3/14/2026 7:00,0.00033953268,0.0006572226,0.00022584047,0.004553001
54005,Boone County,WV,3/14/2026 8:00,0.0005985319,0.00056296587,0.00017316762,0.0047243517
54005,Boone County,WV,3/14/2026 9:00,0.0007680206,0.00052754744,0.00012511399,0.0046369494
54005,Boone County,WV,3/14/2026 10:00,0.0008451166,0.00067950634,0.00014653272,0.005501336
54005,Boone County,WV,3/14/2026 11:00,0.00086079835,0.00048027627,0.00025583018,0.0052310773
54005,Boone County,WV,3/14/2026 12:00,0.0006572226,0.0002991028,0.00051865587,0.0045710164
54005,Boone County,WV,3/14/2026 13:00,0.00056296587,0.00011898155,0.0006995703,0.003990043
54005,Boone County,WV,3/14/2026 14:00,0.00052754744,2.7856833e-05,0.0010899465,0.0033016228
54005,Boone County,WV,3/14/2026 15:00,0.00067950634,1.5612577e-05,0.0015054488,0.0022668592
54005,Boone County,WV,3/14/2026 16:00,0.00048027627,5.0907944e-05,0.0016158256,0.004146415
54005,Boone County,WV,3/14/2026 17:00,0.0002991028,6.954262e-05,0.0019349275,0.0086454125
54005,Boone County,WV,3/14/2026 18:00,0.00011898155,8.369471e-05,0.001517667,0.0133482395
54005,Boone County,WV,3/14/2026 19:00,2.7856833e-05,9.3811934e-05,0.0015300468,0.01956456
54005,Boone County,WV,3/14/2026 20:00,1.5612577e-05,0.00012800255,0.0014896153,0.023228481
54005,Boone County,WV,3/14/2026 21:00,5.0907944e-05,0.00019943697,0.0012281982,0.025691327
54005,Boone County,WV,3/14/2026 22:00,6.954262e-05,0.0001717657,0.001070886,0.027883777
54005,Boone County,WV,3/14/2026 23:00,8.369471e-05,0.00012798315,0.00094353757,0.02681268
54005,Boone County,WV,3/15/2026 0:00,9.3811934e-05,0.00013413094,0.0011529474,0.024873877
54005,Boone County,WV,3/15/2026 1:00,0.00012800255,0.00022584047,0.0011459573,0.022835545
54005,Boone County,WV,3/15/2026 2:00,0.00019943697,0.00017316762,0.0008878147,0.02123016
54005,Boone County,WV,3/15/2026 3:00,0.0001717657,0.00012511399,0.00068497774,0.020257948
54005,Boone County,WV,3/15/2026 4:00,0.00012798315,0.00014653272,0.0007208502,0.018698307
54005,Boone County,WV,3/15/2026 5:00,0.00013413094,0.00025583018,0.0024165362,0.017749673
54005,Boone County,WV,3/15/2026 6:00,0.00022584047,0.00051865587,0.004682882,0.016513396
54005,Boone County,WV,3/15/2026 7:00,0.00017316762,0.0006995703,0.004553001,0.017216295
54005,Boone County,WV,3/15/2026 8:00,0.00012511399,0.0010899465,0.0047243517,0.018309135
54005,Boone County,WV,3/15/2026 9:00,0.00014653272,0.0015054488,0.0046369494,0.019342363
54005,Boone County,WV,3/15/2026 10:00,0.00025583018,0.0016158256,0.005501336,0.020181797
54005,Boone County,WV,3/15/2026 11:00,0.00051865587,0.0019349275,0.0052310773,0.020263035
54005,Boone County,WV,3/15/2026 12:00,0.0006995703,0.001517667,0.0045710164,0.020674435
54005,Boone County,WV,3/15/2026 13:00,0.0010899465,0.0015300468,0.003990043,0.018972367
54005,Boone County,WV,3/15/2026 14:00,0.0015054488,0.0014896153,0.0033016228,0.017418554
54005,Boone County,WV,3/15/2026 15:00,0.0016158256,0.0012281982,0.0022668592,0.015696345
54005,Boone County,WV,3/15/2026 16:00,0.0019349275,0.001070886,0.004146415,0.012880731
54005,Boone County,WV,3/15/2026 17:00,0.001517667,0.00094353757,0.0086454125,0.010049299
54005,Boone County,WV,3/15/2026 18:00,0.0015300468,0.0011529474,0.0133482395,0.0080376705
54005,Boone County,WV,3/15/2026 19:00,0.0014896153,0.0011459573,0.01956456,0.0066101556
54005,Boone County,WV,3/15/2026 20:00,0.0012281982,0.0008878147,0.023228481,0.004866055
54005,Boone County,WV,3/15/2026 21:00,0.001070886,0.00068497774,0.025691327,0.002822786
54005,Boone County,WV,3/15/2026 22:00,0.00094353757,0.0007208502,0.027883777,0.0024202645
54005,Boone County,WV,3/15/2026 23:00,0.0011529474,0.0024165362,0.02681268,0.0017199849
54005,Boone County,WV,3/16/2026 0:00,0.0011459573,0.004682882,0.024873877,0.0010396452
54005,Boone County,WV,3/16/2026 1:00,0.0008878147,0.004553001,0.022835545,0.00090123917
54005,Boone County,WV,3/16/2026 2:00,0.00068497774,0.0047243517,0.02123016,0.00088779116
54005,Boone County,WV,3/16/2026 3:00,0.0007208502,0.0046369494,0.020257948,0.00075336697
54005,Boone County,WV,3/16/2026 4:00,0.0024165362,0.005501336,0.018698307,0.0007327655
54005,Boone County,WV,3/16/2026 5:00,0.004682882,0.0052310773,0.017749673,0.0006989282
54005,Boone County,WV,3/16/2026 6:00,0.004553001,0.0045710164,0.016513396,0.0006851451
54005,Boone County,WV,3/16/2026 7:00,0.0047243517,0.003990043,0.017216295,0.0007802842
54005,Boone County,WV,3/16/2026 8:00,0.0046369494,0.0033016228,0.018309135,0.0010388674
54005,Boone County,WV,3/16/2026 9:00,0.005501336,0.0022668592,0.019342363,0.0011071807
54005,Boone County,WV,3/16/2026 10:00,0.0052310773,0.004146415,0.020181797,0.0011081569
54005,Boone County,WV,3/16/2026 11:00,0.0045710164,0.0086454125,0.020263035,0.0011611033
54005,Boone County,WV,3/16/2026 12:00,0.003990043,0.0133482395,0.020674435,0.0009947732
54005,Boone County,WV,3/16/2026 13:00,0.0033016228,0.01956456,0.018972367,0.00076596503
54005,Boone County,WV,3/16/2026 14:00,0.0022668592,0.023228481,0.017418554,0.000839921
54005,Boone County,WV,3/16/2026 15:00,0.004146415,0.025691327,0.015696345,0.0006030159
54005,Boone County,WV,3/16/2026 16:00,0.0086454125,0.027883777,0.012880731,0.00059672806
54005,Boone County,WV,3/16/2026 17:00,0.0133482395,0.02681268,0.010049299,0.0005580049
54005,Boone County,WV,3/16/2026 18:00,0.01956456,0.024873877,0.0080376705,0.00045645202
54005,Boone County,WV,3/16/2026 19:00,0.023228481,0.022835545,0.0066101556,0.00023320183
54005,Boone County,WV,3/16/2026 20:00,0.025691327,0.02123016,0.004866055,0.00028175046
54005,Boone County,WV,3/16/2026 21:00,0.027883777,0.020257948,0.002822786,0.00032874275
54005,Boone County,WV,3/16/2026 22:00,0.02681268,0.018698307,0.0024202645,0.00033282526
54005,Boone County,WV,3/16/2026 23:00,0.024873877,0.017749673,0.0017199849,0.00022418375
54005,Boone County,WV,3/17/2026 0:00,0.022835545,0.016513396,0.0010396452,0.00025774553
54005,Boone County,WV,3/17/2026 1:00,0.02123016,0.017216295,0.00090123917,0.00022237415
54005,Boone County,WV,3/17/2026 2:00,0.020257948,0.018309135,0.00088779116,0.00022139087
54005,Boone County,WV,3/17/2026 3:00,0.018698307,0.019342363,0.00075336697,0.00023361231
54005,Boone County,WV,3/17/2026 4:00,0.017749673,0.020181797,0.0007327655,0.0002455111
54005,Boone County,WV,3/17/2026 5:00,0.016513396,0.020263035,0.0006989282,0.00031542665
54005,Boone County,WV,3/17/2026 6:00,0.017216295,0.020674435,0.0006851451,0.00029298433
54005,Boone County,WV,3/17/2026 7:00,0.018309135,0.018972367,0.0007802842,0.0003523281
54005,Boone County,WV,3/17/2026 8:00,0.019342363,0.017418554,0.0010388674,0.00033451055
54005,Boone County,WV,3/17/2026 9:00,0.020181797,0.015696345,0.0011071807,0.00052550354
54005,Boone County,WV,3/17/2026 10:00,0.020263035,0.012880731,0.0011081569,0.00049770484
54005,Boone County,WV,3/17/2026 11:00,0.020674435,0.010049299,0.0011611033,0.00040377138
54005,Boone County,WV,3/17/2026 12:00,0.018972367,0.0080376705,0.0009947732,0.00041289002
54005,Boone County,WV,3/17/2026 13:00,0.017418554,0.0066101556,0.00076596503,0.00028043534
54005,Boone County,WV,3/17/2026 14:00,0.015696345,0.004866055,0.000839921,0.0002822852
54005,Boone County,WV,3/17/2026 15:00,0.012880731,0.002822786,0.0006030159,6.1662555e-05
54005,Boone County,WV,3/17/2026 16:00,0.010049299,0.0024202645,0.00059672806,0.00011505427
54005,Boone County,WV,3/17/2026 17:00,0.0080376705,0.0017199849,0.0005580049,0.00011940599
54005,Boone County,WV,3/17/2026 18:00,0.0066101556,0.0010396452,0.00045645202,0.00018954364
54005,Boone County,WV,3/17/2026 19:00,0.004866055,0.00090123917,0.00023320183,8.2747e-05
54005,Boone County,WV,3/17/2026 20:00,0.002822786,0.00088779116,0.00028175046,1.495408e-05
54005,Boone County,WV,3/17/2026 21:00,0.0024202645,0.00075336697,0.00032874275,8.6092776e-05
54005,Boone County,WV,3/17/2026 22:00,0.0017199849,0.0007327655,0.00033282526,0.00011357065
54005,Boone County,WV,3/17/2026 23:00,0.0010396452,0.0006989282,0.00022418375,0.00011630564
54005,Boone County,WV,3/18/2026 0:00,0.00090123917,0.0006851451,0.00025774553,
54005,Boone County,WV,3/18/2026 1:00,0.00088779116,0.0007802842,0.00022237415,
54005,Boone County,WV,3/18/2026 2:00,0.00075336697,0.0010388674,0.00022139087,
54005,Boone County,WV,3/18/2026 3:00,0.0007327655,0.0011071807,0.00023361231,
54005,Boone County,WV,3/18/2026 4:00,0.0006989282,0.0011081569,0.0002455111,
54005,Boone County,WV,3/18/2026 5:00,0.0006851451,0.0011611033,0.00031542665,
54005,Boone County,WV,3/18/2026 6:00,0.0007802842,0.0009947732,0.00029298433,
54005,Boone County,WV,3/18/2026 7:00,0.0010388674,0.00076596503,0.0003523281,
54005,Boone County,WV,3/18/2026 8:00,0.0011071807,0.000839921,0.00033451055,
54005,Boone County,WV,3/18/2026 9:00,0.0011081569,0.0006030159,0.00052550354,
54005,Boone County,WV,3/18/2026 10:00,0.0011611033,0.00059672806,0.00049770484,
54005,Boone County,WV,3/18/2026 11:00,0.0009947732,0.0005580049,0.00040377138,
54005,Boone County,WV,3/18/2026 12:00,0.00076596503,0.00045645202,0.00041289002,
54005,Boone County,WV,3/18/2026 13:00,0.000839921,0.00023320183,0.00028043534,
54005,Boone County,WV,3/18/2026 14:00,0.0006030159,0.00028175046,0.0002822852,
54005,Boone County,WV,3/18/2026 15:00,0.00059672806,0.00032874275,6.1662555e-05,
54005,Boone County,WV,3/18/2026 16:00,0.0005580049,0.00033282526,0.00011505427,
54005,Boone County,WV,3/18/2026 17:00,0.00045645202,0.00022418375,0.00011940599,
54005,Boone County,WV,3/18/2026 18:00,0.00023320183,0.00025774553,0.00018954364,
54005,Boone County,WV,3/18/2026 19:00,0.00028175046,0.00022237415,8.2747e-05,
54005,Boone County,WV,3/18/2026 20:00,0.00032874275,0.00022139087,1.495408e-05,
54005,Boone County,WV,3/18/2026 21:00,0.00033282526,0.00023361231,8.6092776e-05,
54005,Boone County,WV,3/18/2026 22:00,0.00022418375,0.0002455111,0.00011357065,
54005,Boone County,WV,3/18/2026 23:00,0.00025774553,0.00031542665,0.00011630564,
54005,Boone County,WV,3/19/2026 0:00,0.00022237415,0.00029298433,,
54005,Boone County,WV,3/19/2026 1:00,0.00022139087,0.0003523281,,
54005,Boone County,WV,3/19/2026 2:00,0.00023361231,0.00033451055,,
54005,Boone County,WV,3/19/2026 3:00,0.0002455111,0.00052550354,,
54005,Boone County,WV,3/19/2026 4:00,0.00031542665,0.00049770484,,
54005,Boone County,WV,3/19/2026 5:00,0.00029298433,0.00040377138,,
54005,Boone County,WV,3/19/2026 6:00,0.0003523281,0.00041289002,,
54005,Boone County,WV,3/19/2026 7:00,0.00033451055,0.00028043534,,
54005,Boone County,WV,3/19/2026 8:00,0.00052550354,0.0002822852,,
54005,Boone County,WV,3/19/2026 9:00,0.00049770484,6.1662555e-05,,
54005,Boone County,WV,3/19/2026 10:00,0.00040377138,0.00011505427,,
54005,Boone County,WV,3/19/2026 11:00,0.00041289002,0.00011940599,,
54005,Boone County,WV,3/19/2026 12:00,0.00028043534,0.00018954364,,
54005,Boone County,WV,3/19/2026 13:00,0.0002822852,8.2747e-05,,
54005,Boone County,WV,3/19/2026 14:00,6.1662555e-05,1.495408e-05,,
54005,Boone County,WV,3/19/2026 15:00,0.00011505427,8.6092776e-05,,
54005,Boone County,WV,3/19/2026 16:00,0.00011940599,0.00011357065,,
54005,Boone County,WV,3/19/2026 17:00,0.00018954364,0.00011630564,,
54005,Boone County,WV,3/19/2026 18:00,8.2747e-05,,,
54005,Boone County,WV,3/19/2026 19:00,1.495408e-05,,,
54005,Boone County,WV,3/19/2026 20:00,8.6092776e-05,,,
54005,Boone County,WV,3/19/2026 21:00,0.00011357065,,,
54005,Boone County,WV,3/19/2026 22:00,0.00011630564,,,
54005,Boone County,WV,3/19/2026 23:00,,,,
54011,Cabell County,WV,3/14/2026 0:00,0.00095743284,4.9609713e-05,1.3289657e-06,0.0004679799
54011,Cabell County,WV,3/14/2026 1:00,0.00023165654,8.8329194e-05,2.1068213e-06,0.00034244749
54011,Cabell County,WV,3/14/2026 2:00,0.00010789597,0.00010805922,3.879183e-05,0.00031295675
54011,Cabell County,WV,3/14/2026 3:00,9.384602e-05,0.00013327459,5.204101e-05,0.00036786307
54011,Cabell County,WV,3/14/2026 4:00,7.292649e-05,3.962167e-05,0.00015830713,0.00068112474
54011,Cabell County,WV,3/14/2026 5:00,4.9609713e-05,5.280754e-05,0.00021885724,0.0014697211
54011,Cabell County,WV,3/14/2026 6:00,8.8329194e-05,5.9600377e-05,0.00026567082,0.0015385941
54011,Cabell County,WV,3/14/2026 7:00,0.00010805922,6.938641e-05,0.00033277282,0.0013211834
54011,Cabell County,WV,3/14/2026 8:00,0.00013327459,0.00010138592,0.00032160303,0.0013663245
54011,Cabell County,WV,3/14/2026 9:00,3.962167e-05,5.8924496e-05,0.00034343667,0.0015183112
54011,Cabell County,WV,3/14/2026 10:00,5.280754e-05,0.00012651067,0.00015792286,0.0012629093
54011,Cabell County,WV,3/14/2026 11:00,5.9600377e-05,8.608826e-05,0.00034886197,0.0009478509
54011,Cabell County,WV,3/14/2026 12:00,6.938641e-05,6.480556e-05,0.00043617946,0.0007233365
54011,Cabell County,WV,3/14/2026 13:00,0.00010138592,1.962847e-05,0.00060116744,0.00048668394
54011,Cabell County,WV,3/14/2026 14:00,5.8924496e-05,6.4091955e-06,0.0008844816,0.0004070402
54011,Cabell County,WV,3/14/2026 15:00,0.00012651067,3.9392353e-06,0.0008304238,0.00043853163
54011,Cabell County,WV,3/14/2026 16:00,8.608826e-05,3.6431948e-06,0.0008160958,0.00032273727
54011,Cabell County,WV,3/14/2026 17:00,6.480556e-05,3.4902255e-06,0.0008231805,0.00086098135
54011,Cabell County,WV,3/14/2026 18:00,1.962847e-05,1.3289657e-06,0.00061968825,0.0018993334
54011,Cabell County,WV,3/14/2026 19:00,6.4091955e-06,2.1068213e-06,0.0008566318,0.0030891972
54011,Cabell County,WV,3/14/2026 20:00,3.9392353e-06,3.879183e-05,0.0005862256,0.0035127888
54011,Cabell County,WV,3/14/2026 21:00,3.6431948e-06,5.204101e-05,0.00059460255,0.0037644417
54011,Cabell County,WV,3/14/2026 22:00,3.4902255e-06,0.00015830713,0.000606528,0.003575528
54011,Cabell County,WV,3/14/2026 23:00,1.3289657e-06,0.00021885724,0.00049523404,0.0032881713
54011,Cabell County,WV,3/15/2026 0:00,2.1068213e-06,0.00026567082,0.0004679799,0.0028537011
54011,Cabell County,WV,3/15/2026 1:00,3.879183e-05,0.00033277282,0.00034244749,0.0027447497
54011,Cabell County,WV,3/15/2026 2:00,5.204101e-05,0.00032160303,0.00031295675,0.0023048162
54011,Cabell County,WV,3/15/2026 3:00,0.00015830713,0.00034343667,0.00036786307,0.0019034528
54011,Cabell County,WV,3/15/2026 4:00,0.00021885724,0.00015792286,0.00068112474,0.0019570284
54011,Cabell County,WV,3/15/2026 5:00,0.00026567082,0.00034886197,0.0014697211,0.0019410155
54011,Cabell County,WV,3/15/2026 6:00,0.00033277282,0.00043617946,0.0015385941,0.0018257766
54011,Cabell County,WV,3/15/2026 7:00,0.00032160303,0.00060116744,0.0013211834,0.0019985603
54011,Cabell County,WV,3/15/2026 8:00,0.00034343667,0.0008844816,0.0013663245,0.002019179
54011,Cabell County,WV,3/15/2026 9:00,0.00015792286,0.0008304238,0.0015183112,0.002087934
54011,Cabell County,WV,3/15/2026 10:00,0.00034886197,0.0008160958,0.0012629093,0.002334347
54011,Cabell County,WV,3/15/2026 11:00,0.00043617946,0.0008231805,0.0009478509,0.0021949143
54011,Cabell County,WV,3/15/2026 12:00,0.00060116744,0.00061968825,0.0007233365,0.001881063
54011,Cabell County,WV,3/15/2026 13:00,0.0008844816,0.0008566318,0.00048668394,0.0020004027
54011,Cabell County,WV,3/15/2026 14:00,0.0008304238,0.0005862256,0.0004070402,0.001735686
54011,Cabell County,WV,3/15/2026 15:00,0.0008160958,0.00059460255,0.00043853163,0.0014253086
54011,Cabell County,WV,3/15/2026 16:00,0.0008231805,0.000606528,0.00032273727,0.00096678373
54011,Cabell County,WV,3/15/2026 17:00,0.00061968825,0.00049523404,0.00086098135,0.0006557843
54011,Cabell County,WV,3/15/2026 18:00,0.0008566318,0.0004679799,0.0018993334,0.00046602817
54011,Cabell County,WV,3/15/2026 19:00,0.0005862256,0.00034244749,0.0030891972,0.00035259745
54011,Cabell County,WV,3/15/2026 20:00,0.00059460255,0.00031295675,0.0035127888,0.00034388067
54011,Cabell County,WV,3/15/2026 21:00,0.000606528,0.00036786307,0.0037644417,0.00011205265
54011,Cabell County,WV,3/15/2026 22:00,0.00049523404,0.00068112474,0.003575528,0.00017072285
54011,Cabell County,WV,3/15/2026 23:00,0.0004679799,0.0014697211,0.0032881713,0.0003128838
54011,Cabell County,WV,3/16/2026 0:00,0.00034244749,0.0015385941,0.0028537011,0.00019192013
54011,Cabell County,WV,3/16/2026 1:00,0.00031295675,0.0013211834,0.0027447497,0.00017494411
54011,Cabell County,WV,3/16/2026 2:00,0.00036786307,0.0013663245,0.0023048162,0.00010950426
54011,Cabell County,WV,3/16/2026 3:00,0.00068112474,0.0015183112,0.0019034528,0.00024696274
54011,Cabell County,WV,3/16/2026 4:00,0.0014697211,0.0012629093,0.0019570284,0.00010602603
54011,Cabell County,WV,3/16/2026 5:00,0.0015385941,0.0009478509,0.0019410155,0.00015308299
54011,Cabell County,WV,3/16/2026 6:00,0.0013211834,0.0007233365,0.0018257766,0.00015820199
54011,Cabell County,WV,3/16/2026 7:00,0.0013663245,0.00048668394,0.0019985603,0.00015401562
54011,Cabell County,WV,3/16/2026 8:00,0.0015183112,0.0004070402,0.002019179,0.00015663607
54011,Cabell County,WV,3/16/2026 9:00,0.0012629093,0.00043853163,0.002087934,0.00020943856
54011,Cabell County,WV,3/16/2026 10:00,0.0009478509,0.00032273727,0.002334347,0.0002819529
54011,Cabell County,WV,3/16/2026 11:00,0.0007233365,0.00086098135,0.0021949143,0.0003324486
54011,Cabell County,WV,3/16/2026 12:00,0.00048668394,0.0018993334,0.001881063,0.00031609205
54011,Cabell County,WV,3/16/2026 13:00,0.0004070402,0.0030891972,0.0020004027,0.00025769116
54011,Cabell County,WV,3/16/2026 14:00,0.00043853163,0.0035127888,0.001735686,0.00019695633
54011,Cabell County,WV,3/16/2026 15:00,0.00032273727,0.0037644417,0.0014253086,0.00020593451
54011,Cabell County,WV,3/16/2026 16:00,0.00086098135,0.003575528,0.00096678373,0.00020790892
54011,Cabell County,WV,3/16/2026 17:00,0.0018993334,0.0032881713,0.0006557843,0.00011766804
54011,Cabell County,WV,3/16/2026 18:00,0.0030891972,0.0028537011,0.00046602817,7.828635e-05
54011,Cabell County,WV,3/16/2026 19:00,0.0035127888,0.0027447497,0.00035259745,9.5239804e-05
54011,Cabell County,WV,3/16/2026 20:00,0.0037644417,0.0023048162,0.00034388067,0.00011581301
54011,Cabell County,WV,3/16/2026 21:00,0.003575528,0.0019034528,0.00011205265,0.00012807721
54011,Cabell County,WV,3/16/2026 22:00,0.0032881713,0.0019570284,0.00017072285,0.00011943237
54011,Cabell County,WV,3/16/2026 23:00,0.0028537011,0.0019410155,0.0003128838,0.000117291595
54011,Cabell County,WV,3/17/2026 0:00,0.0027447497,0.0018257766,0.00019192013,0.00012683468
54011,Cabell County,WV,3/17/2026 1:00,0.0023048162,0.0019985603,0.00017494411,0.000121437784
54011,Cabell County,WV,3/17/2026 2:00,0.0019034528,0.002019179,0.00010950426,0.000118238946
54011,Cabell County,WV,3/17/2026 3:00,0.0019570284,0.002087934,0.00024696274,0.00013068183
54011,Cabell County,WV,3/17/2026 4:00,0.0019410155,0.002334347,0.00010602603,0.0001288749
54011,Cabell County,WV,3/17/2026 5:00,0.0018257766,0.0021949143,0.00015308299,0.00016188424
54011,Cabell County,WV,3/17/2026 6:00,0.0019985603,0.001881063,0.00015820199,0.00016494491
54011,Cabell County,WV,3/17/2026 7:00,0.002019179,0.0020004027,0.00015401562,0.00018155754
54011,Cabell County,WV,3/17/2026 8:00,0.002087934,0.001735686,0.00015663607,0.00019923958
54011,Cabell County,WV,3/17/2026 9:00,0.002334347,0.0014253086,0.00020943856,0.00022094029
54011,Cabell County,WV,3/17/2026 10:00,0.0021949143,0.00096678373,0.0002819529,0.00022101689
54011,Cabell County,WV,3/17/2026 11:00,0.001881063,0.0006557843,0.0003324486,0.00018172344
54011,Cabell County,WV,3/17/2026 12:00,0.0020004027,0.00046602817,0.00031609205,0.00017403273
54011,Cabell County,WV,3/17/2026 13:00,0.001735686,0.00035259745,0.00025769116,0.00018289674
54011,Cabell County,WV,3/17/2026 14:00,0.0014253086,0.00034388067,0.00019695633,0.00015542029
54011,Cabell County,WV,3/17/2026 15:00,0.00096678373,0.00011205265,0.00020593451,0.0001408753
54011,Cabell County,WV,3/17/2026 16:00,0.0006557843,0.00017072285,0.00020790892,0.00011015833
54011,Cabell County,WV,3/17/2026 17:00,0.00046602817,0.0003128838,0.00011766804,8.591889e-05
54011,Cabell County,WV,3/17/2026 18:00,0.00035259745,0.00019192013,7.828635e-05,0.00015226053
54011,Cabell County,WV,3/17/2026 19:00,0.00034388067,0.00017494411,9.5239804e-05,0.00020471045
54011,Cabell County,WV,3/17/2026 20:00,0.00011205265,0.00010950426,0.00011581301,0.00018328738
54011,Cabell County,WV,3/17/2026 21:00,0.00017072285,0.00024696274,0.00012807721,0.00022421897
54011,Cabell County,WV,3/17/2026 22:00,0.0003128838,0.00010602603,0.00011943237,0.000107808715
54011,Cabell County,WV,3/17/2026 23:00,0.00019192013,0.00015308299,0.000117291595,0.00016099085
54011,Cabell County,WV,3/18/2026 0:00,0.00017494411,0.00015820199,0.00012683468,
54011,Cabell County,WV,3/18/2026 1:00,0.00010950426,0.00015401562,0.000121437784,
54011,Cabell County,WV,3/18/2026 2:00,0.00024696274,0.00015663607,0.000118238946,
54011,Cabell County,WV,3/18/2026 3:00,0.00010602603,0.00020943856,0.00013068183,
54011,Cabell County,WV,3/18/2026 4:00,0.00015308299,0.0002819529,0.0001288749,
54011,Cabell County,WV,3/18/2026 5:00,0.00015820199,0.0003324486,0.00016188424,
54011,Cabell County,WV,3/18/2026 6:00,0.00015401562,0.00031609205,0.00016494491,
54011,Cabell County,WV,3/18/2026 7:00,0.00015663607,0.00025769116,0.00018155754,
54011,Cabell County,WV,3/18/2026 8:00,0.00020943856,0.00019695633,0.00019923958,
54011,Cabell County,WV,3/18/2026 9:00,0.0002819529,0.00020593451,0.00022094029,
54011,Cabell County,WV,3/18/2026 10:00,0.0003324486,0.00020790892,0.00022101689,
54011,Cabell County,WV,3/18/2026 11:00,0.00031609205,0.00011766804,0.00018172344,
54011,Cabell County,WV,3/18/2026 12:00,0.00025769116,7.828635e-05,0.00017403273,
54011,Cabell County,WV,3/18/2026 13:00,0.00019695633,9.5239804e-05,0.00018289674,
54011,Cabell County,WV,3/18/2026 14:00,0.00020593451,0.00011581301,0.00015542029,
54011,Cabell County,WV,3/18/2026 15:00,0.00020790892,0.00012807721,0.0001408753,
54011,Cabell County,WV,3/18/2026 16:00,0.00011766804,0.00011943237,0.00011015833,
54011,Cabell County,WV,3/18/2026 17:00,7.828635e-05,0.000117291595,8.591889e-05,
54011,Cabell County,WV,3/18/2026 18:00,9.5239804e-05,0.00012683468,0.00015226053,
54011,Cabell County,WV,3/18/2026 19:00,0.00011581301,0.000121437784,0.00020471045,
54011,Cabell County,WV,3/18/2026 20:00,0.00012807721,0.000118238946,0.00018328738,
54011,Cabell County,WV,3/18/2026 21:00,0.00011943237,0.00013068183,0.00022421897,
54011,Cabell County,WV,3/18/2026 22:00,0.000117291595,0.0001288749,0.000107808715,
54011,Cabell County,WV,3/18/2026 23:00,0.00012683468,0.00016188424,0.00016099085,
54011,Cabell County,WV,3/19/2026 0:00,0.000121437784,0.00016494491,,
54011,Cabell County,WV,3/19/2026 1:00,0.000118238946,0.00018155754,,
54011,Cabell County,WV,3/19/2026 2:00,0.00013068183,0.00019923958,,
54011,Cabell County,WV,3/19/2026 3:00,0.0001288749,0.00022094029,,
54011,Cabell County,WV,3/19/2026 4:00,0.00016188424,0.00022101689,,
54011,Cabell County,WV,3/19/2026 5:00,0.00016494491,0.00018172344,,
54011,Cabell County,WV,3/19/2026 6:00,0.00018155754,0.00017403273,,
54011,Cabell County,WV,3/19/2026 7:00,0.00019923958,0.00018289674,,
54011,Cabell County,WV,3/19/2026 8:00,0.00022094029,0.00015542029,,
54011,Cabell County,WV,3/19/2026 9:00,0.00022101689,0.0001408753,,
54011,Cabell County,WV,3/19/2026 10:00,0.00018172344,0.00011015833,,
54011,Cabell County,WV,3/19/2026 11:00,0.00017403273,8.591889e-05,,
54011,Cabell County,WV,3/19/2026 12:00,0.00018289674,0.00015226053,,
54011,Cabell County,WV,3/19/2026 13:00,0.00015542029,0.00020471045,,
54011,Cabell County,WV,3/19/2026 14:00,0.0001408753,0.00018328738,,
54011,Cabell County,WV,3/19/2026 15:00,0.00011015833,0.00022421897,,
54011,Cabell County,WV,3/19/2026 16:00,8.591889e-05,0.000107808715,,
54011,Cabell County,WV,3/19/2026 17:00,0.00015226053,0.00016099085,,
54011,Cabell County,WV,3/19/2026 18:00,0.00020471045,,,
54011,Cabell County,WV,3/19/2026 19:00,0.00018328738,,,
54011,Cabell County,WV,3/19/2026 20:00,0.00022421897,,,
54011,Cabell County,WV,3/19/2026 21:00,0.000107808715,,,
54011,Cabell County,WV,3/19/2026 22:00,0.00016099085,,,
54011,Cabell County,WV,3/19/2026 23:00,,,,
54017,Doddridge County,WV,3/14/2026 0:00,0.03751967,0.024659181,0.0014529176,0.0010454946
54017,Doddridge County,WV,3/14/2026 1:00,0.033784468,0.023077335,0.0012507464,0.00100582
54017,Doddridge County,WV,3/14/2026 2:00,0.030945366,0.02141446,0.0012068683,0.00090928073
54017,Doddridge County,WV,3/14/2026 3:00,0.028772622,0.019810684,0.0009914634,0.0006907058
54017,Doddridge County,WV,3/14/2026 4:00,0.026617734,0.018017106,0.00085902045,0.0007536415
54017,Doddridge County,WV,3/14/2026 5:00,0.024659181,0.015649103,0.0010469346,0.0010825039
54017,Doddridge County,WV,3/14/2026 6:00,0.023077335,0.013420459,0.0011823702,0.0021156995
54017,Doddridge County,WV,3/14/2026 7:00,0.02141446,0.010858551,0.0011530676,0.0030410346
54017,Doddridge County,WV,3/14/2026 8:00,0.019810684,0.008732863,0.0012939947,0.0029967565
54017,Doddridge County,WV,3/14/2026 9:00,0.018017106,0.007515559,0.0017386433,0.0028423658
54017,Doddridge County,WV,3/14/2026 10:00,0.015649103,0.006043745,0.002007029,0.0036479686
54017,Doddridge County,WV,3/14/2026 11:00,0.013420459,0.004390764,0.0018266249,0.0043970807
54017,Doddridge County,WV,3/14/2026 12:00,0.010858551,0.003734101,0.0016818052,0.0043665175
54017,Doddridge County,WV,3/14/2026 13:00,0.008732863,0.0029322463,0.0021388433,0.0042332904
54017,Doddridge County,WV,3/14/2026 14:00,0.007515559,0.0025210616,0.0026154246,0.0040818816
54017,Doddridge County,WV,3/14/2026 15:00,0.006043745,0.002311135,0.0031653494,0.0031084325
54017,Doddridge County,WV,3/14/2026 16:00,0.004390764,0.0019795038,0.002609204,0.003715993
54017,Doddridge County,WV,3/14/2026 17:00,0.003734101,0.0016919596,0.0029222658,0.004513708
54017,Doddridge County,WV,3/14/2026 18:00,0.0029322463,0.0014529176,0.0027823993,0.008646156
54017,Doddridge County,WV,3/14/2026 19:00,0.0025210616,0.0012507464,0.0023695747,0.01621416
54017,Doddridge County,WV,3/14/2026 20:00,0.002311135,0.0012068683,0.0017336794,0.02966457
54017,Doddridge County,WV,3/14/2026 21:00,0.0019795038,0.0009914634,0.0012506001,0.041724034
54017,Doddridge County,WV,3/14/2026 22:00,0.0016919596,0.00085902045,0.0010832978,0.051317666
54017,Doddridge County,WV,3/14/2026 23:00,0.0014529176,0.0010469346,0.0011524035,0.056360364
54017,Doddridge County,WV,3/15/2026 0:00,0.0012507464,0.0011823702,0.0010454946,0.05487968
54017,Doddridge County,WV,3/15/2026 1:00,0.0012068683,0.0011530676,0.00100582,0.053348403
54017,Doddridge County,WV,3/15/2026 2:00,0.0009914634,0.0012939947,0.00090928073,0.054318517
54017,Doddridge County,WV,3/15/2026 3:00,0.00085902045,0.0017386433,0.0006907058,0.05074168
54017,Doddridge County,WV,3/15/2026 4:00,0.0010469346,0.002007029,0.0007536415,0.047666933
54017,Doddridge County,WV,3/15/2026 5:00,0.0011823702,0.0018266249,0.0010825039,0.047162987
54017,Doddridge County,WV,3/15/2026 6:00,0.0011530676,0.0016818052,0.0021156995,0.04749471
54017,Doddridge County,WV,3/15/2026 7:00,0.0012939947,0.0021388433,0.0030410346,0.04874487
54017,Doddridge County,WV,3/15/2026 8:00,0.0017386433,0.0026154246,0.0029967565,0.04679988
54017,Doddridge County,WV,3/15/2026 9:00,0.002007029,0.0031653494,0.0028423658,0.04779342
54017,Doddridge County,WV,3/15/2026 10:00,0.0018266249,0.002609204,0.0036479686,0.050526116
54017,Doddridge County,WV,3/15/2026 11:00,0.0016818052,0.0029222658,0.0043970807,0.051717684
54017,Doddridge County,WV,3/15/2026 12:00,0.0021388433,0.0027823993,0.0043665175,0.05081516
54017,Doddridge County,WV,3/15/2026 13:00,0.0026154246,0.0023695747,0.0042332904,0.046998464
54017,Doddridge County,WV,3/15/2026 14:00,0.0031653494,0.0017336794,0.0040818816,0.040338047
54017,Doddridge County,WV,3/15/2026 15:00,0.002609204,0.0012506001,0.0031084325,0.03337269
54017,Doddridge County,WV,3/15/2026 16:00,0.0029222658,0.0010832978,0.003715993,0.026662039
54017,Doddridge County,WV,3/15/2026 17:00,0.0027823993,0.0011524035,0.004513708,0.021387246
54017,Doddridge County,WV,3/15/2026 18:00,0.0023695747,0.0010454946,0.008646156,0.017028257
54017,Doddridge County,WV,3/15/2026 19:00,0.0017336794,0.00100582,0.01621416,0.012587078
54017,Doddridge County,WV,3/15/2026 20:00,0.0012506001,0.00090928073,0.02966457,0.010038063
54017,Doddridge County,WV,3/15/2026 21:00,0.0010832978,0.0006907058,0.041724034,0.00755997
54017,Doddridge County,WV,3/15/2026 22:00,0.0011524035,0.0007536415,0.051317666,0.006310896
54017,Doddridge County,WV,3/15/2026 23:00,0.0010454946,0.0010825039,0.056360364,0.005731727
54017,Doddridge County,WV,3/16/2026 0:00,0.00100582,0.0021156995,0.05487968,0.0034574913
54017,Doddridge County,WV,3/16/2026 1:00,0.00090928073,0.0030410346,0.053348403,0.0029608917
54017,Doddridge County,WV,3/16/2026 2:00,0.0006907058,0.0029967565,0.054318517,0.0022988163
54017,Doddridge County,WV,3/16/2026 3:00,0.0007536415,0.0028423658,0.05074168,0.001986838
54017,Doddridge County,WV,3/16/2026 4:00,0.0010825039,0.0036479686,0.047666933,0.0022232176
54017,Doddridge County,WV,3/16/2026 5:00,0.0021156995,0.0043970807,0.047162987,0.002083564
54017,Doddridge County,WV,3/16/2026 6:00,0.0030410346,0.0043665175,0.04749471,0.0020298655
54017,Doddridge County,WV,3/16/2026 7:00,0.0029967565,0.0042332904,0.04874487,0.0022755289
54017,Doddridge County,WV,3/16/2026 8:00,0.0028423658,0.0040818816,0.04679988,0.0020832473
54017,Doddridge County,WV,3/16/2026 9:00,0.0036479686,0.0031084325,0.04779342,0.0019934908
54017,Doddridge County,WV,3/16/2026 10:00,0.0043970807,0.003715993,0.050526116,0.00178793
54017,Doddridge County,WV,3/16/2026 11:00,0.0043665175,0.004513708,0.051717684,0.0014944203
54017,Doddridge County,WV,3/16/2026 12:00,0.0042332904,0.008646156,0.05081516,0.0014321357
54017,Doddridge County,WV,3/16/2026 13:00,0.0040818816,0.01621416,0.046998464,0.0013608197
54017,Doddridge County,WV,3/16/2026 14:00,0.0031084325,0.02966457,0.040338047,0.0012237576
54017,Doddridge County,WV,3/16/2026 15:00,0.003715993,0.041724034,0.03337269,0.0010269639
54017,Doddridge County,WV,3/16/2026 16:00,0.004513708,0.051317666,0.026662039,0.0007878643
54017,Doddridge County,WV,3/16/2026 17:00,0.008646156,0.056360364,0.021387246,0.0005160242
54017,Doddridge County,WV,3/16/2026 18:00,0.01621416,0.05487968,0.017028257,0.0003581951
54017,Doddridge County,WV,3/16/2026 19:00,0.02966457,0.053348403,0.012587078,3.9046514e-05
54017,Doddridge County,WV,3/16/2026 20:00,0.041724034,0.054318517,0.010038063,9.983482e-05
54017,Doddridge County,WV,3/16/2026 21:00,0.051317666,0.05074168,0.00755997,9.84236e-05
54017,Doddridge County,WV,3/16/2026 22:00,0.056360364,0.047666933,0.006310896,0.00013429651
54017,Doddridge County,WV,3/16/2026 23:00,0.05487968,0.047162987,0.005731727,0.00013178508
54017,Doddridge County,WV,3/17/2026 0:00,0.053348403,0.04749471,0.0034574913,0.00013534933
54017,Doddridge County,WV,3/17/2026 1:00,0.054318517,0.04874487,0.0029608917,0.00018723083
54017,Doddridge County,WV,3/17/2026 2:00,0.05074168,0.04679988,0.0022988163,0.00019493575
54017,Doddridge County,WV,3/17/2026 3:00,0.047666933,0.04779342,0.001986838,0.00022259068
54017,Doddridge County,WV,3/17/2026 4:00,0.047162987,0.050526116,0.0022232176,0.0002727544
54017,Doddridge County,WV,3/17/2026 5:00,0.04749471,0.051717684,0.002083564,0.0002257507
54017,Doddridge County,WV,3/17/2026 6:00,0.04874487,0.05081516,0.0020298655,0.0002289378
54017,Doddridge County,WV,3/17/2026 7:00,0.04679988,0.046998464,0.0022755289,0.0002976168
54017,Doddridge County,WV,3/17/2026 8:00,0.04779342,0.040338047,0.0020832473,0.00041484236
54017,Doddridge County,WV,3/17/2026 9:00,0.050526116,0.03337269,0.0019934908,0.00047399144
54017,Doddridge County,WV,3/17/2026 10:00,0.051717684,0.026662039,0.00178793,0.0005629642
54017,Doddridge County,WV,3/17/2026 11:00,0.05081516,0.021387246,0.0014944203,0.00055620156
54017,Doddridge County,WV,3/17/2026 12:00,0.046998464,0.017028257,0.0014321357,0.0006358565
54017,Doddridge County,WV,3/17/2026 13:00,0.040338047,0.012587078,0.0013608197,0.0006113463
54017,Doddridge County,WV,3/17/2026 14:00,0.03337269,0.010038063,0.0012237576,0.0005796698
54017,Doddridge County,WV,3/17/2026 15:00,0.026662039,0.00755997,0.0010269639,0.00056862045
54017,Doddridge County,WV,3/17/2026 16:00,0.021387246,0.006310896,0.0007878643,0.00050050206
54017,Doddridge County,WV,3/17/2026 17:00,0.017028257,0.005731727,0.0005160242,0.00034757282
54017,Doddridge County,WV,3/17/2026 18:00,0.012587078,0.0034574913,0.0003581951,0.0003388835
54017,Doddridge County,WV,3/17/2026 19:00,0.010038063,0.0029608917,3.9046514e-05,0.000116658426
54017,Doddridge County,WV,3/17/2026 20:00,0.00755997,0.0022988163,9.983482e-05,9.9620454e-05
54017,Doddridge County,WV,3/17/2026 21:00,0.006310896,0.001986838,9.84236e-05,8.751839e-05
54017,Doddridge County,WV,3/17/2026 22:00,0.005731727,0.0022232176,0.00013429651,0.00013158045
54017,Doddridge County,WV,3/17/2026 23:00,0.0034574913,0.002083564,0.00013178508,0.00010617283
54017,Doddridge County,WV,3/18/2026 0:00,0.0029608917,0.0020298655,0.00013534933,
54017,Doddridge County,WV,3/18/2026 1:00,0.0022988163,0.0022755289,0.00018723083,
54017,Doddridge County,WV,3/18/2026 2:00,0.001986838,0.0020832473,0.00019493575,
54017,Doddridge County,WV,3/18/2026 3:00,0.0022232176,0.0019934908,0.00022259068,
54017,Doddridge County,WV,3/18/2026 4:00,0.002083564,0.00178793,0.0002727544,
54017,Doddridge County,WV,3/18/2026 5:00,0.0020298655,0.0014944203,0.0002257507,
54017,Doddridge County,WV,3/18/2026 6:00,0.0022755289,0.0014321357,0.0002289378,
54017,Doddridge County,WV,3/18/2026 7:00,0.0020832473,0.0013608197,0.0002976168,
54017,Doddridge County,WV,3/18/2026 8:00,0.0019934908,0.0012237576,0.00041484236,
54017,Doddridge County,WV,3/18/2026 9:00,0.00178793,0.0010269639,0.00047399144,
54017,Doddridge County,WV,3/18/2026 10:00,0.0014944203,0.0007878643,0.0005629642,
54017,Doddridge County,WV,3/18/2026 11:00,0.0014321357,0.0005160242,0.00055620156,
54017,Doddridge County,WV,3/18/2026 12:00,0.0013608197,0.0003581951,0.0006358565,
54017,Doddridge County,WV,3/18/2026 13:00,0.0012237576,3.9046514e-05,0.0006113463,
54017,Doddridge County,WV,3/18/2026 14:00,0.0010269639,9.983482e-05,0.0005796698,
54017,Doddridge County,WV,3/18/2026 15:00,0.0007878643,9.84236e-05,0.00056862045,
54017,Doddridge County,WV,3/18/2026 16:00,0.0005160242,0.00013429651,0.00050050206,
54017,Doddridge County,WV,3/18/2026 17:00,0.0003581951,0.00013178508,0.00034757282,
54017,Doddridge County,WV,3/18/2026 18:00,3.9046514e-05,0.00013534933,0.0003388835,
54017,Doddridge County,WV,3/18/2026 19:00,9.983482e-05,0.00018723083,0.000116658426,
54017,Doddridge County,WV,3/18/2026 20:00,9.84236e-05,0.00019493575,9.9620454e-05,
54017,Doddridge County,WV,3/18/2026 21:00,0.00013429651,0.00022259068,8.751839e-05,
54017,Doddridge County,WV,3/18/2026 22:00,0.00013178508,0.0002727544,0.00013158045,
54017,Doddridge County,WV,3/18/2026 23:00,0.00013534933,0.0002257507,0.00010617283,
54017,Doddridge County,WV,3/19/2026 0:00,0.00018723083,0.0002289378,,
54017,Doddridge County,WV,3/19/2026 1:00,0.00019493575,0.0002976168,,
54017,Doddridge County,WV,3/19/2026 2:00,0.00022259068,0.00041484236,,
54017,Doddridge County,WV,3/19/2026 3:00,0.0002727544,0.00047399144,,
54017,Doddridge County,WV,3/19/2026 4:00,0.0002257507,0.0005629642,,
54017,Doddridge County,WV,3/19/2026 5:00,0.0002289378,0.00055620156,,
54017,Doddridge County,WV,3/19/2026 6:00,0.0002976168,0.0006358565,,
54017,Doddridge County,WV,3/19/2026 7:00,0.00041484236,0.0006113463,,
54017,Doddridge County,WV,3/19/2026 8:00,0.00047399144,0.0005796698,,
54017,Doddridge County,WV,3/19/2026 9:00,0.0005629642,0.00056862045,,
54017,Doddridge County,WV,3/19/2026 10:00,0.00055620156,0.00050050206,,
54017,Doddridge County,WV,3/19/2026 11:00,0.0006358565,0.00034757282,,
54017,Doddridge County,WV,3/19/2026 12:00,0.0006113463,0.0003388835,,
54017,Doddridge County,WV,3/19/2026 13:00,0.0005796698,0.000116658426,,
54017,Doddridge County,WV,3/19/2026 14:00,0.00056862045,9.9620454e-05,,
54017,Doddridge County,WV,3/19/2026 15:00,0.00050050206,8.751839e-05,,
54017,Doddridge County,WV,3/19/2026 16:00,0.00034757282,0.00013158045,,
54017,Doddridge County,WV,3/19/2026 17:00,0.0003388835,0.00010617283,,
54017,Doddridge County,WV,3/19/2026 18:00,0.000116658426,,,
54017,Doddridge County,WV,3/19/2026 19:00,9.9620454e-05,,,
54017,Doddridge County,WV,3/19/2026 20:00,8.751839e-05,,,
54017,Doddridge County,WV,3/19/2026 21:00,0.00013158045,,,
54017,Doddridge County,WV,3/19/2026 22:00,0.00010617283,,,
54017,Doddridge County,WV,3/19/2026 23:00,,,,
54021,Gilmer County,WV,3/14/2026 0:00,0.0024072062,0.0025879596,0.00013463125,0.0021244052
54021,Gilmer County,WV,3/14/2026 1:00,0.0022392853,0.0027254985,0.00012115891,0.0024147043
54021,Gilmer County,WV,3/14/2026 2:00,0.0019938655,0.0036492075,0.00014436775,0.0023487913
54021,Gilmer County,WV,3/14/2026 3:00,0.0020772284,0.004564725,0.000143401,0.0021895783
54021,Gilmer County,WV,3/14/2026 4:00,0.0022241913,0.005371197,0.00023001977,0.002795489
54021,Gilmer County,WV,3/14/2026 5:00,0.0025879596,0.0055414736,0.0002781051,0.0045228126
54021,Gilmer County,WV,3/14/2026 6:00,0.0027254985,0.005598573,0.0002873287,0.007768739
54021,Gilmer County,WV,3/14/2026 7:00,0.0036492075,0.0052586123,0.0004995389,0.009028181
54021,Gilmer County,WV,3/14/2026 8:00,0.004564725,0.0038999845,0.0011314085,0.00788558
54021,Gilmer County,WV,3/14/2026 9:00,0.005371197,0.0026463778,0.0013672919,0.004804763
54021,Gilmer County,WV,3/14/2026 10:00,0.0055414736,0.0015364802,0.001720137,0.005674661
54021,Gilmer County,WV,3/14/2026 11:00,0.005598573,0.0008984365,0.0013913519,0.0073506357
54021,Gilmer County,WV,3/14/2026 12:00,0.0052586123,0.0006875922,0.00107255,0.007950723
54021,Gilmer County,WV,3/14/2026 13:00,0.0038999845,0.000492499,0.0016130848,0.0073317843
54021,Gilmer County,WV,3/14/2026 14:00,0.0026463778,0.0003657726,0.002031399,0.007145768
54021,Gilmer County,WV,3/14/2026 15:00,0.0015364802,0.0003457531,0.002511173,0.005555506
54021,Gilmer County,WV,3/14/2026 16:00,0.0008984365,0.00026251798,0.0027457266,0.005064725
54021,Gilmer County,WV,3/14/2026 17:00,0.0006875922,0.00020546044,0.0030020014,0.008085674
54021,Gilmer County,WV,3/14/2026 18:00,0.000492499,0.00013463125,0.0028695718,0.01533615
54021,Gilmer County,WV,3/14/2026 19:00,0.0003657726,0.00012115891,0.002710861,0.026589384
54021,Gilmer County,WV,3/14/2026 20:00,0.0003457531,0.00014436775,0.0022415628,0.050647557
54021,Gilmer County,WV,3/14/2026 21:00,0.00026251798,0.000143401,0.0017473453,0.07253346
54021,Gilmer County,WV,3/14/2026 22:00,0.00020546044,0.00023001977,0.0016781106,0.08126205
54021,Gilmer County,WV,3/14/2026 23:00,0.00013463125,0.0002781051,0.0018687897,0.09367775
54021,Gilmer County,WV,3/15/2026 0:00,0.00012115891,0.0002873287,0.0021244052,0.09375605
54021,Gilmer County,WV,3/15/2026 1:00,0.00014436775,0.0004995389,0.0024147043,0.09741172
54021,Gilmer County,WV,3/15/2026 2:00,0.000143401,0.0011314085,0.0023487913,0.09578873
54021,Gilmer County,WV,3/15/2026 3:00,0.00023001977,0.0013672919,0.0021895783,0.089850776
54021,Gilmer County,WV,3/15/2026 4:00,0.0002781051,0.001720137,0.002795489,0.085792296
54021,Gilmer County,WV,3/15/2026 5:00,0.0002873287,0.0013913519,0.0045228126,0.088760495
54021,Gilmer County,WV,3/15/2026 6:00,0.0004995389,0.00107255,0.007768739,0.09097925
54021,Gilmer County,WV,3/15/2026 7:00,0.0011314085,0.0016130848,0.009028181,0.093834184
54021,Gilmer County,WV,3/15/2026 8:00,0.0013672919,0.002031399,0.00788558,0.09254073
54021,Gilmer County,WV,3/15/2026 9:00,0.001720137,0.002511173,0.004804763,0.09137828
54021,Gilmer County,WV,3/15/2026 10:00,0.0013913519,0.0027457266,0.005674661,0.09603196
54021,Gilmer County,WV,3/15/2026 11:00,0.00107255,0.0030020014,0.0073506357,0.09763205
54021,Gilmer County,WV,3/15/2026 12:00,0.0016130848,0.0028695718,0.007950723,0.09490995
54021,Gilmer County,WV,3/15/2026 13:00,0.002031399,0.002710861,0.0073317843,0.0934272
54021,Gilmer County,WV,3/15/2026 14:00,0.002511173,0.0022415628,0.007145768,0.08288252
54021,Gilmer County,WV,3/15/2026 15:00,0.0027457266,0.0017473453,0.005555506,0.06860999
54021,Gilmer County,WV,3/15/2026 16:00,0.0030020014,0.0016781106,0.005064725,0.056669928
54021,Gilmer County,WV,3/15/2026 17:00,0.0028695718,0.0018687897,0.008085674,0.049200177
54021,Gilmer County,WV,3/15/2026 18:00,0.002710861,0.0021244052,0.01533615,0.03751063
54021,Gilmer County,WV,3/15/2026 19:00,0.0022415628,0.0024147043,0.026589384,0.03171661
54021,Gilmer County,WV,3/15/2026 20:00,0.0017473453,0.0023487913,0.050647557,0.027251922
54021,Gilmer County,WV,3/15/2026 21:00,0.0016781106,0.0021895783,0.07253346,0.023240227
54021,Gilmer County,WV,3/15/2026 22:00,0.0018687897,0.002795489,0.08126205,0.020502884
54021,Gilmer County,WV,3/15/2026 23:00,0.0021244052,0.0045228126,0.09367775,0.018044919
54021,Gilmer County,WV,3/16/2026 0:00,0.0024147043,0.007768739,0.09375605,0.010267014
54021,Gilmer County,WV,3/16/2026 1:00,0.0023487913,0.009028181,0.09741172,0.009552578
54021,Gilmer County,WV,3/16/2026 2:00,0.0021895783,0.00788558,0.09578873,0.008481834
54021,Gilmer County,WV,3/16/2026 3:00,0.002795489,0.004804763,0.089850776,0.0074999584
54021,Gilmer County,WV,3/16/2026 4:00,0.0045228126,0.005674661,0.085792296,0.0070149708
54021,Gilmer County,WV,3/16/2026 5:00,0.007768739,0.0073506357,0.088760495,0.006507391
54021,Gilmer County,WV,3/16/2026 6:00,0.009028181,0.007950723,0.09097925,0.006101336
54021,Gilmer County,WV,3/16/2026 7:00,0.00788558,0.0073317843,0.093834184,0.005817695
54021,Gilmer County,WV,3/16/2026 8:00,0.004804763,0.007145768,0.09254073,0.005578823
54021,Gilmer County,WV,3/16/2026 9:00,0.005674661,0.005555506,0.09137828,0.0053337985
54021,Gilmer County,WV,3/16/2026 10:00,0.0073506357,0.005064725,0.09603196,0.004685264
54021,Gilmer County,WV,3/16/2026 11:00,0.007950723,0.008085674,0.09763205,0.004092369
54021,Gilmer County,WV,3/16/2026 12:00,0.0073317843,0.01533615,0.09490995,0.0037049183
54021,Gilmer County,WV,3/16/2026 13:00,0.007145768,0.026589384,0.0934272,0.00343177
54021,Gilmer County,WV,3/16/2026 14:00,0.005555506,0.050647557,0.08288252,0.0028419076
54021,Gilmer County,WV,3/16/2026 15:00,0.005064725,0.07253346,0.06860999,0.0023013249
54021,Gilmer County,WV,3/16/2026 16:00,0.008085674,0.08126205,0.056669928,0.0017264801
54021,Gilmer County,WV,3/16/2026 17:00,0.01533615,0.09367775,0.049200177,0.0014555096
54021,Gilmer County,WV,3/16/2026 18:00,0.026589384,0.09375605,0.03751063,0.0012356826
54021,Gilmer County,WV,3/16/2026 19:00,0.050647557,0.09741172,0.03171661,0.00065826095
54021,Gilmer County,WV,3/16/2026 20:00,0.07253346,0.09578873,0.027251922,0.0006388706
54021,Gilmer County,WV,3/16/2026 21:00,0.08126205,0.089850776,0.023240227,0.00059437414
54021,Gilmer County,WV,3/16/2026 22:00,0.09367775,0.085792296,0.020502884,0.000585309
54021,Gilmer County,WV,3/16/2026 23:00,0.09375605,0.088760495,0.018044919,0.0005821924
54021,Gilmer County,WV,3/17/2026 0:00,0.09741172,0.09097925,0.010267014,0.00057043915
54021,Gilmer County,WV,3/17/2026 1:00,0.09578873,0.093834184,0.009552578,0.0004843257
54021,Gilmer County,WV,3/17/2026 2:00,0.089850776,0.09254073,0.008481834,0.00046557616
54021,Gilmer County,WV,3/17/2026 3:00,0.085792296,0.09137828,0.0074999584,0.0004921375
54021,Gilmer County,WV,3/17/2026 4:00,0.088760495,0.09603196,0.0070149708,0.0005263279
54021,Gilmer County,WV,3/17/2026 5:00,0.09097925,0.09763205,0.006507391,0.00054240617
54021,Gilmer County,WV,3/17/2026 6:00,0.093834184,0.09490995,0.006101336,0.00056660443
54021,Gilmer County,WV,3/17/2026 7:00,0.09254073,0.0934272,0.005817695,0.00057842926
54021,Gilmer County,WV,3/17/2026 8:00,0.09137828,0.08288252,0.005578823,0.00079019164
54021,Gilmer County,WV,3/17/2026 9:00,0.09603196,0.06860999,0.0053337985,0.0008880818
54021,Gilmer County,WV,3/17/2026 10:00,0.09763205,0.056669928,0.004685264,0.000962076
54021,Gilmer County,WV,3/17/2026 11:00,0.09490995,0.049200177,0.004092369,0.00095038104
54021,Gilmer County,WV,3/17/2026 12:00,0.0934272,0.03751063,0.0037049183,0.00090884883
54021,Gilmer County,WV,3/17/2026 13:00,0.08288252,0.03171661,0.00343177,0.0007648559
54021,Gilmer County,WV,3/17/2026 14:00,0.06860999,0.027251922,0.0028419076,0.00074287463
54021,Gilmer County,WV,3/17/2026 15:00,0.056669928,0.023240227,0.0023013249,0.0005533798
54021,Gilmer County,WV,3/17/2026 16:00,0.049200177,0.020502884,0.0017264801,0.0004923537
54021,Gilmer County,WV,3/17/2026 17:00,0.03751063,0.018044919,0.0014555096,0.00034141747
54021,Gilmer County,WV,3/17/2026 18:00,0.03171661,0.010267014,0.0012356826,0.00035945157
54021,Gilmer County,WV,3/17/2026 19:00,0.027251922,0.009552578,0.00065826095,0.00015524346
54021,Gilmer County,WV,3/17/2026 20:00,0.023240227,0.008481834,0.0006388706,8.718815e-05
54021,Gilmer County,WV,3/17/2026 21:00,0.020502884,0.0074999584,0.00059437414,0.000109110246
54021,Gilmer County,WV,3/17/2026 22:00,0.018044919,0.0070149708,0.000585309,0.000110035
54021,Gilmer County,WV,3/17/2026 23:00,0.010267014,0.006507391,0.0005821924,0.0001298514
54021,Gilmer County,WV,3/18/2026 0:00,0.009552578,0.006101336,0.00057043915,
54021,Gilmer County,WV,3/18/2026 1:00,0.008481834,0.005817695,0.0004843257,
54021,Gilmer County,WV,3/18/2026 2:00,0.0074999584,0.005578823,0.00046557616,
54021,Gilmer County,WV,3/18/2026 3:00,0.0070149708,0.0053337985,0.0004921375,
54021,Gilmer County,WV,3/18/2026 4:00,0.006507391,0.004685264,0.0005263279,
54021,Gilmer County,WV,3/18/2026 5:00,0.006101336,0.004092369,0.00054240617,
54021,Gilmer County,WV,3/18/2026 6:00,0.005817695,0.0037049183,0.00056660443,
54021,Gilmer County,WV,3/18/2026 7:00,0.005578823,0.00343177,0.00057842926,
54021,Gilmer County,WV,3/18/2026 8:00,0.0053337985,0.0028419076,0.00079019164,
54021,Gilmer County,WV,3/18/2026 9:00,0.004685264,0.0023013249,0.0008880818,
54021,Gilmer County,WV,3/18/2026 10:00,0.004092369,0.0017264801,0.000962076,
54021,Gilmer County,WV,3/18/2026 11:00,0.0037049183,0.0014555096,0.00095038104,
54021,Gilmer County,WV,3/18/2026 12:00,0.00343177,0.0012356826,0.00090884883,
54021,Gilmer County,WV,3/18/2026 13:00,0.0028419076,0.00065826095,0.0007648559,
54021,Gilmer County,WV,3/18/2026 14:00,0.0023013249,0.0006388706,0.00074287463,
54021,Gilmer County,WV,3/18/2026 15:00,0.0017264801,0.00059437414,0.0005533798,
54021,Gilmer County,WV,3/18/2026 16:00,0.0014555096,0.000585309,0.0004923537,
54021,Gilmer County,WV,3/18/2026 17:00,0.0012356826,0.0005821924,0.00034141747,
54021,Gilmer County,WV,3/18/2026 18:00,0.00065826095,0.00057043915,0.00035945157,
54021,Gilmer County,WV,3/18/2026 19:00,0.0006388706,0.0004843257,0.00015524346,
54021,Gilmer County,WV,3/18/2026 20:00,0.00059437414,0.00046557616,8.718815e-05,
54021,Gilmer County,WV,3/18/2026 21:00,0.000585309,0.0004921375,0.000109110246,
54021,Gilmer County,WV,3/18/2026 22:00,0.0005821924,0.0005263279,0.000110035,
54021,Gilmer County,WV,3/18/2026 23:00,0.00057043915,0.00054240617,0.0001298514,
54021,Gilmer County,WV,3/19/2026 0:00,0.0004843257,0.00056660443,,
54021,Gilmer County,WV,3/19/2026 1:00,0.00046557616,0.00057842926,,
54021,Gilmer County,WV,3/19/2026 2:00,0.0004921375,0.00079019164,,
54021,Gilmer County,WV,3/19/2026 3:00,0.0005263279,0.0008880818,,
54021,Gilmer County,WV,3/19/2026 4:00,0.00054240617,0.000962076,,
54021,Gilmer County,WV,3/19/2026 5:00,0.00056660443,0.00095038104,,
54021,Gilmer County,WV,3/19/2026 6:00,0.00057842926,0.00090884883,,
54021,Gilmer County,WV,3/19/2026 7:00,0.00079019164,0.0007648559,,
54021,Gilmer County,WV,3/19/2026 8:00,0.0008880818,0.00074287463,,
54021,Gilmer County,WV,3/19/2026 9:00,0.000962076,0.0005533798,,
54021,Gilmer County,WV,3/19/2026 10:00,0.00095038104,0.0004923537,,
54021,Gilmer County,WV,3/19/2026 11:00,0.00090884883,0.00034141747,,
54021,Gilmer County,WV,3/19/2026 12:00,0.0007648559,0.00035945157,,
54021,Gilmer County,WV,3/19/2026 13:00,0.00074287463,0.00015524346,,
54021,Gilmer County,WV,3/19/2026 14:00,0.0005533798,8.718815e-05,,
54021,Gilmer County,WV,3/19/2026 15:00,0.0004923537,0.000109110246,,
54021,Gilmer County,WV,3/19/2026 16:00,0.00034141747,0.000110035,,
54021,Gilmer County,WV,3/19/2026 17:00,0.00035945157,0.0001298514,,
54021,Gilmer County,WV,3/19/2026 18:00,0.00015524346,,,
54021,Gilmer County,WV,3/19/2026 19:00,8.718815e-05,,,
54021,Gilmer County,WV,3/19/2026 20:00,0.000109110246,,,
54021,Gilmer County,WV,3/19/2026 21:00,0.000110035,,,
54021,Gilmer County,WV,3/19/2026 22:00,0.0001298514,,,
54021,Gilmer County,WV,3/19/2026 23:00,,,,
54049,Marion County,WV,3/14/2026 0:00,0.006425594,0.004078982,0.00019993096,0.00091659825
54049,Marion County,WV,3/14/2026 1:00,0.0059959246,0.0038654709,0.00020900462,0.0010142935
54049,Marion County,WV,3/14/2026 2:00,0.0052275006,0.0035202964,0.00028927808,0.0011024908
54049,Marion County,WV,3/14/2026 3:00,0.0047090203,0.003192376,0.00024357712,0.0008751608
54049,Marion County,WV,3/14/2026 4:00,0.004394673,0.002829546,0.0003090672,0.0007144684
54049,Marion County,WV,3/14/2026 5:00,0.004078982,0.0024758326,0.00034234684,0.0007243246
54049,Marion County,WV,3/14/2026 6:00,0.0038654709,0.0022824681,0.00054681627,0.0011589116
54049,Marion County,WV,3/14/2026 7:00,0.0035202964,0.0020987766,0.0005285035,0.0024466317
54049,Marion County,WV,3/14/2026 8:00,0.003192376,0.0018750859,0.00060831854,0.0021726007
54049,Marion County,WV,3/14/2026 9:00,0.002829546,0.0018643782,0.00070506555,0.0017751531
54049,Marion County,WV,3/14/2026 10:00,0.0024758326,0.0016468117,0.0005902769,0.0015595343
54049,Marion County,WV,3/14/2026 11:00,0.0022824681,0.0015926203,0.00069649494,0.0015574384
54049,Marion County,WV,3/14/2026 12:00,0.0020987766,0.0010906205,0.00069101295,0.0013773921
54049,Marion County,WV,3/14/2026 13:00,0.0018750859,0.0008124433,0.0010403334,0.0011533627
54049,Marion County,WV,3/14/2026 14:00,0.0018643782,0.00067431113,0.0012381057,0.00092268013
54049,Marion County,WV,3/14/2026 15:00,0.0016468117,0.0005248273,0.001379452,0.0007000375
54049,Marion County,WV,3/14/2026 16:00,0.0015926203,0.00043741733,0.0012655184,0.00048767962
54049,Marion County,WV,3/14/2026 17:00,0.0010906205,0.00029888775,0.001312651,0.00027482916
54049,Marion County,WV,3/14/2026 18:00,0.0008124433,0.00019993096,0.0013326672,0.00055626186
54049,Marion County,WV,3/14/2026 19:00,0.00067431113,0.00020900462,0.0012159538,0.0017524742
54049,Marion County,WV,3/14/2026 20:00,0.0005248273,0.00028927808,0.0010979893,0.0028019457
54049,Marion County,WV,3/14/2026 21:00,0.00043741733,0.00024357712,0.0011033133,0.0037923246
54049,Marion County,WV,3/14/2026 22:00,0.00029888775,0.0003090672,0.00090661715,0.004047854
54049,Marion County,WV,3/14/2026 23:00,0.00019993096,0.00034234684,0.0008620196,0.0040679276
54049,Marion County,WV,3/15/2026 0:00,0.00020900462,0.00054681627,0.00091659825,0.00357648
54049,Marion County,WV,3/15/2026 1:00,0.00028927808,0.0005285035,0.0010142935,0.0033130627
54049,Marion County,WV,3/15/2026 2:00,0.00024357712,0.00060831854,0.0011024908,0.0031640092
54049,Marion County,WV,3/15/2026 3:00,0.0003090672,0.00070506555,0.0008751608,0.0027725273
54049,Marion County,WV,3/15/2026 4:00,0.00034234684,0.0005902769,0.0007144684,0.002645876
54049,Marion County,WV,3/15/2026 5:00,0.00054681627,0.00069649494,0.0007243246,0.0030190384
54049,Marion County,WV,3/15/2026 6:00,0.0005285035,0.00069101295,0.0011589116,0.0031430125
54049,Marion County,WV,3/15/2026 7:00,0.00060831854,0.0010403334,0.0024466317,0.0032833884
54049,Marion County,WV,3/15/2026 8:00,0.00070506555,0.0012381057,0.0021726007,0.003361722
54049,Marion County,WV,3/15/2026 9:00,0.0005902769,0.001379452,0.0017751531,0.0035203814
54049,Marion County,WV,3/15/2026 10:00,0.00069649494,0.0012655184,0.0015595343,0.004102703
54049,Marion County,WV,3/15/2026 11:00,0.00069101295,0.001312651,0.0015574384,0.004185526
54049,Marion County,WV,3/15/2026 12:00,0.0010403334,0.0013326672,0.0013773921,0.003783537
54049,Marion County,WV,3/15/2026 13:00,0.0012381057,0.0012159538,0.0011533627,0.0032329443
54049,Marion County,WV,3/15/2026 14:00,0.001379452,0.0010979893,0.00092268013,0.0027231977
54049,Marion County,WV,3/15/2026 15:00,0.0012655184,0.0011033133,0.0007000375,0.0021670565
54049,Marion County,WV,3/15/2026 16:00,0.001312651,0.00090661715,0.00048767962,0.0018395474
54049,Marion County,WV,3/15/2026 17:00,0.0013326672,0.0008620196,0.00027482916,0.0015538837
54049,Marion County,WV,3/15/2026 18:00,0.0012159538,0.00091659825,0.00055626186,0.0013866259
54049,Marion County,WV,3/15/2026 19:00,0.0010979893,0.0010142935,0.0017524742,0.001208932
54049,Marion County,WV,3/15/2026 20:00,0.0011033133,0.0011024908,0.0028019457,0.00082891586
54049,Marion County,WV,3/15/2026 21:00,0.00090661715,0.0008751608,0.0037923246,0.00039066144
54049,Marion County,WV,3/15/2026 22:00,0.0008620196,0.0007144684,0.004047854,0.00035581944
54049,Marion County,WV,3/15/2026 23:00,0.00091659825,0.0007243246,0.0040679276,0.00035756838
54049,Marion County,WV,3/16/2026 0:00,0.0010142935,0.0011589116,0.00357648,8.430565e-05
54049,Marion County,WV,3/16/2026 1:00,0.0011024908,0.0024466317,0.0033130627,0.00024727508
54049,Marion County,WV,3/16/2026 2:00,0.0008751608,0.0021726007,0.0031640092,0.00020816285
54049,Marion County,WV,3/16/2026 3:00,0.0007144684,0.0017751531,0.0027725273,0.00022801582
54049,Marion County,WV,3/16/2026 4:00,0.0007243246,0.0015595343,0.002645876,0.00032153015
54049,Marion County,WV,3/16/2026 5:00,0.0011589116,0.0015574384,0.0030190384,0.00030227102
54049,Marion County,WV,3/16/2026 6:00,0.0024466317,0.0013773921,0.0031430125,0.00029810445
54049,Marion County,WV,3/16/2026 7:00,0.0021726007,0.0011533627,0.0032833884,0.00035769364
54049,Marion County,WV,3/16/2026 8:00,0.0017751531,0.00092268013,0.003361722,0.00036480557
54049,Marion County,WV,3/16/2026 9:00,0.0015595343,0.0007000375,0.0035203814,0.00043105596
54049,Marion County,WV,3/16/2026 10:00,0.0015574384,0.00048767962,0.004102703,0.0005620068
54049,Marion County,WV,3/16/2026 11:00,0.0013773921,0.00027482916,0.004185526,0.0004930557
54049,Marion County,WV,3/16/2026 12:00,0.0011533627,0.00055626186,0.003783537,0.00052596966
54049,Marion County,WV,3/16/2026 13:00,0.00092268013,0.0017524742,0.0032329443,0.0005023324
54049,Marion County,WV,3/16/2026 14:00,0.0007000375,0.0028019457,0.0027231977,0.00056275184
54049,Marion County,WV,3/16/2026 15:00,0.00048767962,0.0037923246,0.0021670565,0.0003927584
54049,Marion County,WV,3/16/2026 16:00,0.00027482916,0.004047854,0.0018395474,0.00039673285
54049,Marion County,WV,3/16/2026 17:00,0.00055626186,0.0040679276,0.0015538837,0.00039448828
54049,Marion County,WV,3/16/2026 18:00,0.0017524742,0.00357648,0.0013866259,0.00033273565
54049,Marion County,WV,3/16/2026 19:00,0.0028019457,0.0033130627,0.001208932,0.00017879825
54049,Marion County,WV,3/16/2026 20:00,0.0037923246,0.0031640092,0.00082891586,0.00013513674
54049,Marion County,WV,3/16/2026 21:00,0.004047854,0.0027725273,0.00039066144,2.9740186e-05
54049,Marion County,WV,3/16/2026 22:00,0.0040679276,0.002645876,0.00035581944,8.605923e-05
54049,Marion County,WV,3/16/2026 23:00,0.00357648,0.0030190384,0.00035756838,0.00014475739
54049,Marion County,WV,3/17/2026 0:00,0.0033130627,0.0031430125,8.430565e-05,0.000105851184
54049,Marion County,WV,3/17/2026 1:00,0.0031640092,0.0032833884,0.00024727508,0.00010605422
54049,Marion County,WV,3/17/2026 2:00,0.0027725273,0.003361722,0.00020816285,0.00018185603
54049,Marion County,WV,3/17/2026 3:00,0.002645876,0.0035203814,0.00022801582,0.00024133173
54049,Marion County,WV,3/17/2026 4:00,0.0030190384,0.004102703,0.00032153015,0.00028103736
54049,Marion County,WV,3/17/2026 5:00,0.0031430125,0.004185526,0.00030227102,0.0003103231
54049,Marion County,WV,3/17/2026 6:00,0.0032833884,0.003783537,0.00029810445,0.0003291282
54049,Marion County,WV,3/17/2026 7:00,0.003361722,0.0032329443,0.00035769364,0.0004002378
54049,Marion County,WV,3/17/2026 8:00,0.0035203814,0.0027231977,0.00036480557,0.0003959462
54049,Marion County,WV,3/17/2026 9:00,0.004102703,0.0021670565,0.00043105596,0.00043588647
54049,Marion County,WV,3/17/2026 10:00,0.004185526,0.0018395474,0.0005620068,0.000503368
54049,Marion County,WV,3/17/2026 11:00,0.003783537,0.0015538837,0.0004930557,0.00046064093
54049,Marion County,WV,3/17/2026 12:00,0.0032329443,0.0013866259,0.00052596966,0.0004364428
54049,Marion County,WV,3/17/2026 13:00,0.0027231977,0.001208932,0.0005023324,0.0004004925
54049,Marion County,WV,3/17/2026 14:00,0.0021670565,0.00082891586,0.00056275184,0.00041882062
54049,Marion County,WV,3/17/2026 15:00,0.0018395474,0.00039066144,0.0003927584,0.00038385994
54049,Marion County,WV,3/17/2026 16:00,0.0015538837,0.00035581944,0.00039673285,0.00032068597
54049,Marion County,WV,3/17/2026 17:00,0.0013866259,0.00035756838,0.00039448828,0.00029158292
54049,Marion County,WV,3/17/2026 18:00,0.001208932,8.430565e-05,0.00033273565,0.00033560256
54049,Marion County,WV,3/17/2026 19:00,0.00082891586,0.00024727508,0.00017879825,0.00017869109
54049,Marion County,WV,3/17/2026 20:00,0.00039066144,0.00020816285,0.00013513674,0.00010366084
54049,Marion County,WV,3/17/2026 21:00,0.00035581944,0.00022801582,2.9740186e-05,0.00014421661
54049,Marion County,WV,3/17/2026 22:00,0.00035756838,0.00032153015,8.605923e-05,8.282019e-05
54049,Marion County,WV,3/17/2026 23:00,8.430565e-05,0.00030227102,0.00014475739,9.719304e-05
54049,Marion County,WV,3/18/2026 0:00,0.00024727508,0.00029810445,0.000105851184,
54049,Marion County,WV,3/18/2026 1:00,0.00020816285,0.00035769364,0.00010605422,
54049,Marion County,WV,3/18/2026 2:00,0.00022801582,0.00036480557,0.00018185603,
54049,Marion County,WV,3/18/2026 3:00,0.00032153015,0.00043105596,0.00024133173,
54049,Marion County,WV,3/18/2026 4:00,0.00030227102,0.0005620068,0.00028103736,
54049,Marion County,WV,3/18/2026 5:00,0.00029810445,0.0004930557,0.0003103231,
54049,Marion County,WV,3/18/2026 6:00,0.00035769364,0.00052596966,0.0003291282,
54049,Marion County,WV,3/18/2026 7:00,0.00036480557,0.0005023324,0.0004002378,
54049,Marion County,WV,3/18/2026 8:00,0.00043105596,0.00056275184,0.0003959462,
54049,Marion County,WV,3/18/2026 9:00,0.0005620068,0.0003927584,0.00043588647,
54049,Marion County,WV,3/18/2026 10:00,0.0004930557,0.00039673285,0.000503368,
54049,Marion County,WV,3/18/2026 11:00,0.00052596966,0.00039448828,0.00046064093,
54049,Marion County,WV,3/18/2026 12:00,0.0005023324,0.00033273565,0.0004364428,
54049,Marion County,WV,3/18/2026 13:00,0.00056275184,0.00017879825,0.0004004925,
54049,Marion County,WV,3/18/2026 14:00,0.0003927584,0.00013513674,0.00041882062,
54049,Marion County,WV,3/18/2026 15:00,0.00039673285,2.9740186e-05,0.00038385994,
54049,Marion County,WV,3/18/2026 16:00,0.00039448828,8.605923e-05,0.00032068597,
54049,Marion County,WV,3/18/2026 17:00,0.00033273565,0.00014475739,0.00029158292,
54049,Marion County,WV,3/18/2026 18:00,0.00017879825,0.000105851184,0.00033560256,
54049,Marion County,WV,3/18/2026 19:00,0.00013513674,0.00010605422,0.00017869109,
54049,Marion County,WV,3/18/2026 20:00,2.9740186e-05,0.00018185603,0.00010366084,
54049,Marion County,WV,3/18/2026 21:00,8.605923e-05,0.00024133173,0.00014421661,
54049,Marion County,WV,3/18/2026 22:00,0.00014475739,0.00028103736,8.282019e-05,
54049,Marion County,WV,3/18/2026 23:00,0.000105851184,0.0003103231,9.719304e-05,
54049,Marion County,WV,3/19/2026 0:00,0.00010605422,0.0003291282,,
54049,Marion County,WV,3/19/2026 1:00,0.00018185603,0.0004002378,,
54049,Marion County,WV,3/19/2026 2:00,0.00024133173,0.0003959462,,
54049,Marion County,WV,3/19/2026 3:00,0.00028103736,0.00043588647,,
54049,Marion County,WV,3/19/2026 4:00,0.0003103231,0.000503368,,
54049,Marion County,WV,3/19/2026 5:00,0.0003291282,0.00046064093,,
54049,Marion County,WV,3/19/2026 6:00,0.0004002378,0.0004364428,,
54049,Marion County,WV,3/19/2026 7:00,0.0003959462,0.0004004925,,
54049,Marion County,WV,3/19/2026 8:00,0.00043588647,0.00041882062,,
54049,Marion County,WV,3/19/2026 9:00,0.000503368,0.00038385994,,
54049,Marion County,WV,3/19/2026 10:00,0.00046064093,0.00032068597,,
54049,Marion County,WV,3/19/2026 11:00,0.0004364428,0.00029158292,,
54049,Marion County,WV,3/19/2026 12:00,0.0004004925,0.00033560256,,
54049,Marion County,WV,3/19/2026 13:00,0.00041882062,0.00017869109,,
54049,Marion County,WV,3/19/2026 14:00,0.00038385994,0.00010366084,,
54049,Marion County,WV,3/19/2026 15:00,0.00032068597,0.00014421661,,
54049,Marion County,WV,3/19/2026 16:00,0.00029158292,8.282019e-05,,
54049,Marion County,WV,3/19/2026 17:00,0.00033560256,9.719304e-05,,
54049,Marion County,WV,3/19/2026 18:00,0.00017869109,,,
54049,Marion County,WV,3/19/2026 19:00,0.00010366084,,,
54049,Marion County,WV,3/19/2026 20:00,0.00014421661,,,
54049,Marion County,WV,3/19/2026 21:00,8.282019e-05,,,
54049,Marion County,WV,3/19/2026 22:00,9.719304e-05,,,
54049,Marion County,WV,3/19/2026 23:00,,,,
54051,Marshall County,WV,3/14/2026 0:00,0.046727873,0.044252507,0.0048279157,0.0026424641
54051,Marshall County,WV,3/14/2026 1:00,0.04723845,0.04315888,0.004290273,0.0024971836
54051,Marshall County,WV,3/14/2026 2:00,0.045314126,0.042633094,0.0040266034,0.0024552909
54051,Marshall County,WV,3/14/2026 3:00,0.044825982,0.040225256,0.0037929472,0.0023250352
54051,Marshall County,WV,3/14/2026 4:00,0.044367142,0.038510486,0.0034917665,0.0022415319
54051,Marshall County,WV,3/14/2026 5:00,0.044252507,0.035830926,0.00317649,0.0023857604
54051,Marshall County,WV,3/14/2026 6:00,0.04315888,0.032449894,0.0030961686,0.004062549
54051,Marshall County,WV,3/14/2026 7:00,0.042633094,0.029348502,0.0029775647,0.0049823467
54051,Marshall County,WV,3/14/2026 8:00,0.040225256,0.025652196,0.0028730817,0.0034531234
54051,Marshall County,WV,3/14/2026 9:00,0.038510486,0.022197122,0.003064804,0.00243593
54051,Marshall County,WV,3/14/2026 10:00,0.035830926,0.019526701,0.0029495088,0.0021512015
54051,Marshall County,WV,3/14/2026 11:00,0.032449894,0.016204543,0.002856096,0.0028553815
54051,Marshall County,WV,3/14/2026 12:00,0.029348502,0.012633123,0.002865564,0.0026368708
54051,Marshall County,WV,3/14/2026 13:00,0.025652196,0.010108292,0.0036475144,0.0024123332
54051,Marshall County,WV,3/14/2026 14:00,0.022197122,0.008343837,0.0040160385,0.0019315422
54051,Marshall County,WV,3/14/2026 15:00,0.019526701,0.0072612567,0.0039614914,0.0014231489
54051,Marshall County,WV,3/14/2026 16:00,0.016204543,0.0059234602,0.0037625718,0.00080432644
54051,Marshall County,WV,3/14/2026 17:00,0.012633123,0.0052734134,0.003607242,0.0009214444
54051,Marshall County,WV,3/14/2026 18:00,0.010108292,0.0048279157,0.0038462218,0.001050072
54051,Marshall County,WV,3/14/2026 19:00,0.008343837,0.004290273,0.0038972711,0.0016521931
54051,Marshall County,WV,3/14/2026 20:00,0.0072612567,0.0040266034,0.003572359,0.0027443701
54051,Marshall County,WV,3/14/2026 21:00,0.0059234602,0.0037929472,0.0032354337,0.0037754239
54051,Marshall County,WV,3/14/2026 22:00,0.0052734134,0.0034917665,0.0029549263,0.0041419496
54051,Marshall County,WV,3/14/2026 23:00,0.0048279157,0.00317649,0.0026640156,0.0042589824
54051,Marshall County,WV,3/15/2026 0:00,0.004290273,0.0030961686,0.0026424641,0.0039433977
54051,Marshall County,WV,3/15/2026 1:00,0.0040266034,0.0029775647,0.0024971836,0.0036236052
54051,Marshall County,WV,3/15/2026 2:00,0.0037929472,0.0028730817,0.0024552909,0.0029406045
54051,Marshall County,WV,3/15/2026 3:00,0.0034917665,0.003064804,0.0023250352,0.0023941975
54051,Marshall County,WV,3/15/2026 4:00,0.00317649,0.0029495088,0.0022415319,0.002261276
54051,Marshall County,WV,3/15/2026 5:00,0.0030961686,0.002856096,0.0023857604,0.0023236538
54051,Marshall County,WV,3/15/2026 6:00,0.0029775647,0.002865564,0.004062549,0.0021007443
54051,Marshall County,WV,3/15/2026 7:00,0.0028730817,0.0036475144,0.0049823467,0.002182786
54051,Marshall County,WV,3/15/2026 8:00,0.003064804,0.0040160385,0.0034531234,0.0018401917
54051,Marshall County,WV,3/15/2026 9:00,0.0029495088,0.0039614914,0.00243593,0.0021020155
54051,Marshall County,WV,3/15/2026 10:00,0.002856096,0.0037625718,0.0021512015,0.0022556612
54051,Marshall County,WV,3/15/2026 11:00,0.002865564,0.003607242,0.0028553815,0.0021445327
54051,Marshall County,WV,3/15/2026 12:00,0.0036475144,0.0038462218,0.0026368708,0.0020058602
54051,Marshall County,WV,3/15/2026 13:00,0.0040160385,0.0038972711,0.0024123332,0.0017957235
54051,Marshall County,WV,3/15/2026 14:00,0.0039614914,0.003572359,0.0019315422,0.0015004415
54051,Marshall County,WV,3/15/2026 15:00,0.0037625718,0.0032354337,0.0014231489,0.0012804125
54051,Marshall County,WV,3/15/2026 16:00,0.003607242,0.0029549263,0.00080432644,0.0008103973
54051,Marshall County,WV,3/15/2026 17:00,0.0038462218,0.0026640156,0.0009214444,0.00088414294
54051,Marshall County,WV,3/15/2026 18:00,0.0038972711,0.0026424641,0.001050072,0.000778972
54051,Marshall County,WV,3/15/2026 19:00,0.003572359,0.0024971836,0.0016521931,0.00060873525
54051,Marshall County,WV,3/15/2026 20:00,0.0032354337,0.0024552909,0.0027443701,0.0004872664
54051,Marshall County,WV,3/15/2026 21:00,0.0029549263,0.0023250352,0.0037754239,0.0004052768
54051,Marshall County,WV,3/15/2026 22:00,0.0026640156,0.0022415319,0.0041419496,0.000612328
54051,Marshall County,WV,3/15/2026 23:00,0.0026424641,0.0023857604,0.0042589824,0.00062601164
54051,Marshall County,WV,3/16/2026 0:00,0.0024971836,0.004062549,0.0039433977,0.0003577754
54051,Marshall County,WV,3/16/2026 1:00,0.0024552909,0.0049823467,0.0036236052,0.000105075545
54051,Marshall County,WV,3/16/2026 2:00,0.0023250352,0.0034531234,0.0029406045,0.00012438012
54051,Marshall County,WV,3/16/2026 3:00,0.0022415319,0.00243593,0.0023941975,0.00017628045
54051,Marshall County,WV,3/16/2026 4:00,0.0023857604,0.0021512015,0.002261276,0.00022916544
54051,Marshall County,WV,3/16/2026 5:00,0.004062549,0.0028553815,0.0023236538,0.00026340334
54051,Marshall County,WV,3/16/2026 6:00,0.0049823467,0.0026368708,0.0021007443,0.00031165202
54051,Marshall County,WV,3/16/2026 7:00,0.0034531234,0.0024123332,0.002182786,0.0003980793
54051,Marshall County,WV,3/16/2026 8:00,0.00243593,0.0019315422,0.0018401917,0.00049004593
54051,Marshall County,WV,3/16/2026 9:00,0.0021512015,0.0014231489,0.0021020155,0.000580206
54051,Marshall County,WV,3/16/2026 10:00,0.0028553815,0.00080432644,0.0022556612,0.0007317829
54051,Marshall County,WV,3/16/2026 11:00,0.0026368708,0.0009214444,0.0021445327,0.00066712726
54051,Marshall County,WV,3/16/2026 12:00,0.0024123332,0.001050072,0.0020058602,0.00070827705
54051,Marshall County,WV,3/16/2026 13:00,0.0019315422,0.0016521931,0.0017957235,0.0007464364
54051,Marshall County,WV,3/16/2026 14:00,0.0014231489,0.0027443701,0.0015004415,0.00070005225
54051,Marshall County,WV,3/16/2026 15:00,0.00080432644,0.0037754239,0.0012804125,0.0006365053
54051,Marshall County,WV,3/16/2026 16:00,0.0009214444,0.0041419496,0.0008103973,0.0004906276
54051,Marshall County,WV,3/16/2026 17:00,0.001050072,0.0042589824,0.00088414294,0.00035078378
54051,Marshall County,WV,3/16/2026 18:00,0.0016521931,0.0039433977,0.000778972,0.00031977586
54051,Marshall County,WV,3/16/2026 19:00,0.0027443701,0.0036236052,0.00060873525,0.00028905817
54051,Marshall County,WV,3/16/2026 20:00,0.0037754239,0.0029406045,0.0004872664,8.284374e-05
54051,Marshall County,WV,3/16/2026 21:00,0.0041419496,0.0023941975,0.0004052768,8.102708e-05
54051,Marshall County,WV,3/16/2026 22:00,0.0042589824,0.002261276,0.000612328,0.00015032625
54051,Marshall County,WV,3/16/2026 23:00,0.0039433977,0.0023236538,0.00062601164,0.0002677751
54051,Marshall County,WV,3/17/2026 0:00,0.0036236052,0.0021007443,0.0003577754,0.00025151303
54051,Marshall County,WV,3/17/2026 1:00,0.0029406045,0.002182786,0.000105075545,0.00025715723
54051,Marshall County,WV,3/17/2026 2:00,0.0023941975,0.0018401917,0.00012438012,0.00029672787
54051,Marshall County,WV,3/17/2026 3:00,0.002261276,0.0021020155,0.00017628045,0.00029330386
54051,Marshall County,WV,3/17/2026 4:00,0.0023236538,0.0022556612,0.00022916544,0.00031763202
54051,Marshall County,WV,3/17/2026 5:00,0.0021007443,0.0021445327,0.00026340334,0.00034844564
54051,Marshall County,WV,3/17/2026 6:00,0.002182786,0.0020058602,0.00031165202,0.00032493324
54051,Marshall County,WV,3/17/2026 7:00,0.0018401917,0.0017957235,0.0003980793,0.00034568284
54051,Marshall County,WV,3/17/2026 8:00,0.0021020155,0.0015004415,0.00049004593,0.00040877293
54051,Marshall County,WV,3/17/2026 9:00,0.0022556612,0.0012804125,0.000580206,0.00042831968
54051,Marshall County,WV,3/17/2026 10:00,0.0021445327,0.0008103973,0.0007317829,0.00048429918
54051,Marshall County,WV,3/17/2026 11:00,0.0020058602,0.00088414294,0.00066712726,0.0004134502
54051,Marshall County,WV,3/17/2026 12:00,0.0017957235,0.000778972,0.00070827705,0.00045356277
54051,Marshall County,WV,3/17/2026 13:00,0.0015004415,0.00060873525,0.0007464364,0.00046536452
54051,Marshall County,WV,3/17/2026 14:00,0.0012804125,0.0004872664,0.00070005225,0.00040026268
54051,Marshall County,WV,3/17/2026 15:00,0.0008103973,0.0004052768,0.0006365053,0.00046575494
54051,Marshall County,WV,3/17/2026 16:00,0.00088414294,0.000612328,0.0004906276,0.00031451046
54051,Marshall County,WV,3/17/2026 17:00,0.000778972,0.00062601164,0.00035078378,0.00027550032
54051,Marshall County,WV,3/17/2026 18:00,0.00060873525,0.0003577754,0.00031977586,0.0003464559
54051,Marshall County,WV,3/17/2026 19:00,0.0004872664,0.000105075545,0.00028905817,0.0001698893
54051,Marshall County,WV,3/17/2026 20:00,0.0004052768,0.00012438012,8.284374e-05,0.00017267377
54051,Marshall County,WV,3/17/2026 21:00,0.000612328,0.00017628045,8.102708e-05,0.00016690254
54051,Marshall County,WV,3/17/2026 22:00,0.00062601164,0.00022916544,0.00015032625,0.00014088444
54051,Marshall County,WV,3/17/2026 23:00,0.0003577754,0.00026340334,0.0002677751,0.00019752758
54051,Marshall County,WV,3/18/2026 0:00,0.000105075545,0.00031165202,0.00025151303,
54051,Marshall County,WV,3/18/2026 1:00,0.00012438012,0.0003980793,0.00025715723,
54051,Marshall County,WV,3/18/2026 2:00,0.00017628045,0.00049004593,0.00029672787,
54051,Marshall County,WV,3/18/2026 3:00,0.00022916544,0.000580206,0.00029330386,
54051,Marshall County,WV,3/18/2026 4:00,0.00026340334,0.0007317829,0.00031763202,
54051,Marshall County,WV,3/18/2026 5:00,0.00031165202,0.00066712726,0.00034844564,
54051,Marshall County,WV,3/18/2026 6:00,0.0003980793,0.00070827705,0.00032493324,
54051,Marshall County,WV,3/18/2026 7:00,0.00049004593,0.0007464364,0.00034568284,
54051,Marshall County,WV,3/18/2026 8:00,0.000580206,0.00070005225,0.00040877293,
54051,Marshall County,WV,3/18/2026 9:00,0.0007317829,0.0006365053,0.00042831968,
54051,Marshall County,WV,3/18/2026 10:00,0.00066712726,0.0004906276,0.00048429918,
54051,Marshall County,WV,3/18/2026 11:00,0.00070827705,0.00035078378,0.0004134502,
54051,Marshall County,WV,3/18/2026 12:00,0.0007464364,0.00031977586,0.00045356277,
54051,Marshall County,WV,3/18/2026 13:00,0.00070005225,0.00028905817,0.00046536452,
54051,Marshall County,WV,3/18/2026 14:00,0.0006365053,8.284374e-05,0.00040026268,
54051,Marshall County,WV,3/18/2026 15:00,0.0004906276,8.102708e-05,0.00046575494,
54051,Marshall County,WV,3/18/2026 16:00,0.00035078378,0.00015032625,0.00031451046,
54051,Marshall County,WV,3/18/2026 17:00,0.00031977586,0.0002677751,0.00027550032,
54051,Marshall County,WV,3/18/2026 18:00,0.00028905817,0.00025151303,0.0003464559,
54051,Marshall County,WV,3/18/2026 19:00,8.284374e-05,0.00025715723,0.0001698893,
54051,Marshall County,WV,3/18/2026 20:00,8.102708e-05,0.00029672787,0.00017267377,
54051,Marshall County,WV,3/18/2026 21:00,0.00015032625,0.00029330386,0.00016690254,
54051,Marshall County,WV,3/18/2026 22:00,0.0002677751,0.00031763202,0.00014088444,
54051,Marshall County,WV,3/18/2026 23:00,0.00025151303,0.00034844564,0.00019752758,
54051,Marshall County,WV,3/19/2026 0:00,0.00025715723,0.00032493324,,
54051,Marshall County,WV,3/19/2026 1:00,0.00029672787,0.00034568284,,
54051,Marshall County,WV,3/19/2026 2:00,0.00029330386,0.00040877293,,
54051,Marshall County,WV,3/19/2026 3:00,0.00031763202,0.00042831968,,
54051,Marshall County,WV,3/19/2026 4:00,0.00034844564,0.00048429918,,
54051,Marshall County,WV,3/19/2026 5:00,0.00032493324,0.0004134502,,
54051,Marshall County,WV,3/19/2026 6:00,0.00034568284,0.00045356277,,
54051,Marshall County,WV,3/19/2026 7:00,0.00040877293,0.00046536452,,
54051,Marshall County,WV,3/19/2026 8:00,0.00042831968,0.00040026268,,
54051,Marshall County,WV,3/19/2026 9:00,0.00048429918,0.00046575494,,
54051,Marshall County,WV,3/19/2026 10:00,0.0004134502,0.00031451046,,
54051,Marshall County,WV,3/19/2026 11:00,0.00045356277,0.00027550032,,
54051,Marshall County,WV,3/19/2026 12:00,0.00046536452,0.0003464559,,
54051,Marshall County,WV,3/19/2026 13:00,0.00040026268,0.0001698893,,
54051,Marshall County,WV,3/19/2026 14:00,0.00046575494,0.00017267377,,
54051,Marshall County,WV,3/19/2026 15:00,0.00031451046,0.00016690254,,
54051,Marshall County,WV,3/19/2026 16:00,0.00027550032,0.00014088444,,
54051,Marshall County,WV,3/19/2026 17:00,0.0003464559,0.00019752758,,
54051,Marshall County,WV,3/19/2026 18:00,0.0001698893,,,
54051,Marshall County,WV,3/19/2026 19:00,0.00017267377,,,
54051,Marshall County,WV,3/19/2026 20:00,0.00016690254,,,
54051,Marshall County,WV,3/19/2026 21:00,0.00014088444,,,
54051,Marshall County,WV,3/19/2026 22:00,0.00019752758,,,
54051,Marshall County,WV,3/19/2026 23:00,,,,
54061,Monongalia County,WV,3/14/2026 0:00,0.0019977582,0.0015199363,8.339918e-05,0.00080202945
54061,Monongalia County,WV,3/14/2026 1:00,0.002148282,0.001393576,0.00013313926,0.0007428307
54061,Monongalia County,WV,3/14/2026 2:00,0.0018506814,0.0011869587,0.00018993486,0.0007828948
54061,Monongalia County,WV,3/14/2026 3:00,0.0016722011,0.0011358341,0.0001915003,0.0006195081
54061,Monongalia County,WV,3/14/2026 4:00,0.0015678387,0.0009881009,0.00023213415,0.0005966723
54061,Monongalia County,WV,3/14/2026 5:00,0.0015199363,0.0009087493,0.0002472932,0.00062812504
54061,Monongalia County,WV,3/14/2026 6:00,0.001393576,0.00089278014,0.0004350641,0.0007464224
54061,Monongalia County,WV,3/14/2026 7:00,0.0011869587,0.0007419289,0.00038649532,0.0015096402
54061,Monongalia County,WV,3/14/2026 8:00,0.0011358341,0.0007368261,0.00038938373,0.001332643
54061,Monongalia County,WV,3/14/2026 9:00,0.0009881009,0.00072550715,0.00044128927,0.0013192544
54061,Monongalia County,WV,3/14/2026 10:00,0.0009087493,0.0006106686,0.00048164648,0.0010685794
54061,Monongalia County,WV,3/14/2026 11:00,0.00089278014,0.00058862823,0.0006588779,0.0009916979
54061,Monongalia County,WV,3/14/2026 12:00,0.0007419289,0.0003934661,0.0006579738,0.0010046561
54061,Monongalia County,WV,3/14/2026 13:00,0.0007368261,0.0002475484,0.0010737462,0.00075696665
54061,Monongalia County,WV,3/14/2026 14:00,0.00072550715,0.00018755019,0.0010292596,0.0005468517
54061,Monongalia County,WV,3/14/2026 15:00,0.0006106686,0.00012110547,0.0010656964,0.00044259295
54061,Monongalia County,WV,3/14/2026 16:00,0.00058862823,0.00011962354,0.0008414707,0.000424664
54061,Monongalia County,WV,3/14/2026 17:00,0.0003934661,0.00013704212,0.000940809,0.00028871972
54061,Monongalia County,WV,3/14/2026 18:00,0.0002475484,8.339918e-05,0.00092908106,0.0001289002
54061,Monongalia County,WV,3/14/2026 19:00,0.00018755019,0.00013313926,0.00088237645,0.00023631015
54061,Monongalia County,WV,3/14/2026 20:00,0.00012110547,0.00018993486,0.00079663505,0.000751649
54061,Monongalia County,WV,3/14/2026 21:00,0.00011962354,0.0001915003,0.00084971177,0.0016846487
54061,Monongalia County,WV,3/14/2026 22:00,0.00013704212,0.00023213415,0.0006701194,0.002487582
54061,Monongalia County,WV,3/14/2026 23:00,8.339918e-05,0.0002472932,0.0005815992,0.0027950953
54061,Monongalia County,WV,3/15/2026 0:00,0.00013313926,0.0004350641,0.00080202945,0.0025218162
54061,Monongalia County,WV,3/15/2026 1:00,0.00018993486,0.00038649532,0.0007428307,0.002388066
54061,Monongalia County,WV,3/15/2026 2:00,0.0001915003,0.00038938373,0.0007828948,0.0024517325
54061,Monongalia County,WV,3/15/2026 3:00,0.00023213415,0.00044128927,0.0006195081,0.0022345763
54061,Monongalia County,WV,3/15/2026 4:00,0.0002472932,0.00048164648,0.0005966723,0.0022426427
54061,Monongalia County,WV,3/15/2026 5:00,0.0004350641,0.0006588779,0.00062812504,0.0026887076
54061,Monongalia County,WV,3/15/2026 6:00,0.00038649532,0.0006579738,0.0007464224,0.0032275221
54061,Monongalia County,WV,3/15/2026 7:00,0.00038938373,0.0010737462,0.0015096402,0.0036572265
54061,Monongalia County,WV,3/15/2026 8:00,0.00044128927,0.0010292596,0.001332643,0.0033199268
54061,Monongalia County,WV,3/15/2026 9:00,0.00048164648,0.0010656964,0.0013192544,0.0033569667
54061,Monongalia County,WV,3/15/2026 10:00,0.0006588779,0.0008414707,0.0010685794,0.003530968
54061,Monongalia County,WV,3/15/2026 11:00,0.0006579738,0.000940809,0.0009916979,0.0034365677
54061,Monongalia County,WV,3/15/2026 12:00,0.0010737462,0.00092908106,0.0010046561,0.0030127848
54061,Monongalia County,WV,3/15/2026 13:00,0.0010292596,0.00088237645,0.00075696665,0.0026169708
54061,Monongalia County,WV,3/15/2026 14:00,0.0010656964,0.00079663505,0.0005468517,0.0024550995
54061,Monongalia County,WV,3/15/2026 15:00,0.0008414707,0.00084971177,0.00044259295,0.0019241417
54061,Monongalia County,WV,3/15/2026 16:00,0.000940809,0.0006701194,0.000424664,0.0017033448
54061,Monongalia County,WV,3/15/2026 17:00,0.00092908106,0.0005815992,0.00028871972,0.0013810134
54061,Monongalia County,WV,3/15/2026 18:00,0.00088237645,0.00080202945,0.0001289002,0.0011746562
54061,Monongalia County,WV,3/15/2026 19:00,0.00079663505,0.0007428307,0.00023631015,0.0011328913
54061,Monongalia County,WV,3/15/2026 20:00,0.00084971177,0.0007828948,0.000751649,0.00075156766
54061,Monongalia County,WV,3/15/2026 21:00,0.0006701194,0.0006195081,0.0016846487,0.000401326
54061,Monongalia County,WV,3/15/2026 22:00,0.0005815992,0.0005966723,0.002487582,0.0004327353
54061,Monongalia County,WV,3/15/2026 23:00,0.00080202945,0.00062812504,0.0027950953,0.0003845741
54061,Monongalia County,WV,3/16/2026 0:00,0.0007428307,0.0007464224,0.0025218162,0.00014657846
54061,Monongalia County,WV,3/16/2026 1:00,0.0007828948,0.0015096402,0.002388066,0.0001745587
54061,Monongalia County,WV,3/16/2026 2:00,0.0006195081,0.001332643,0.0024517325,0.00018886464
54061,Monongalia County,WV,3/16/2026 3:00,0.0005966723,0.0013192544,0.0022345763,0.00021370186
54061,Monongalia County,WV,3/16/2026 4:00,0.00062812504,0.0010685794,0.0022426427,0.00023177077
54061,Monongalia County,WV,3/16/2026 5:00,0.0007464224,0.0009916979,0.0026887076,0.00022568312
54061,Monongalia County,WV,3/16/2026 6:00,0.0015096402,0.0010046561,0.0032275221,0.00022613059
54061,Monongalia County,WV,3/16/2026 7:00,0.001332643,0.00075696665,0.0036572265,0.00021853801
54061,Monongalia County,WV,3/16/2026 8:00,0.0013192544,0.0005468517,0.0033199268,0.00025354626
54061,Monongalia County,WV,3/16/2026 9:00,0.0010685794,0.00044259295,0.0033569667,0.00030780424
54061,Monongalia County,WV,3/16/2026 10:00,0.0009916979,0.000424664,0.003530968,0.00042049793
54061,Monongalia County,WV,3/16/2026 11:00,0.0010046561,0.00028871972,0.0034365677,0.000391589
54061,Monongalia County,WV,3/16/2026 12:00,0.00075696665,0.0001289002,0.0030127848,0.00040144805
54061,Monongalia County,WV,3/16/2026 13:00,0.0005468517,0.00023631015,0.0026169708,0.00036904417
54061,Monongalia County,WV,3/16/2026 14:00,0.00044259295,0.000751649,0.0024550995,0.00040389207
54061,Monongalia County,WV,3/16/2026 15:00,0.000424664,0.0016846487,0.0019241417,0.0002673074
54061,Monongalia County,WV,3/16/2026 16:00,0.00028871972,0.002487582,0.0017033448,0.00031221856
54061,Monongalia County,WV,3/16/2026 17:00,0.0001289002,0.0027950953,0.0013810134,0.00028255643
54061,Monongalia County,WV,3/16/2026 18:00,0.00023631015,0.0025218162,0.0011746562,0.00022475308
54061,Monongalia County,WV,3/16/2026 19:00,0.000751649,0.002388066,0.0011328913,0.00016636818
54061,Monongalia County,WV,3/16/2026 20:00,0.0016846487,0.0024517325,0.00075156766,0.00012266202
54061,Monongalia County,WV,3/16/2026 21:00,0.002487582,0.0022345763,0.000401326,0.00010417044
54061,Monongalia County,WV,3/16/2026 22:00,0.0027950953,0.0022426427,0.0004327353,0.00010014843
54061,Monongalia County,WV,3/16/2026 23:00,0.0025218162,0.0026887076,0.0003845741,0.00011504366
54061,Monongalia County,WV,3/17/2026 0:00,0.002388066,0.0032275221,0.00014657846,9.70316e-05
54061,Monongalia County,WV,3/17/2026 1:00,0.0024517325,0.0036572265,0.0001745587,9.0469395e-05
54061,Monongalia County,WV,3/17/2026 2:00,0.0022345763,0.0033199268,0.00018886464,0.00011554771
54061,Monongalia County,WV,3/17/2026 3:00,0.0022426427,0.0033569667,0.00021370186,0.00016222717
54061,Monongalia County,WV,3/17/2026 4:00,0.0026887076,0.003530968,0.00023177077,0.0001760558
54061,Monongalia County,WV,3/17/2026 5:00,0.0032275221,0.0034365677,0.00022568312,0.00019255285
54061,Monongalia County,WV,3/17/2026 6:00,0.0036572265,0.0030127848,0.00022613059,0.00022007269
54061,Monongalia County,WV,3/17/2026 7:00,0.0033199268,0.0026169708,0.00021853801,0.00024186591
54061,Monongalia County,WV,3/17/2026 8:00,0.0033569667,0.0024550995,0.00025354626,0.00027308232
54061,Monongalia County,WV,3/17/2026 9:00,0.003530968,0.0019241417,0.00030780424,0.00030352708
54061,Monongalia County,WV,3/17/2026 10:00,0.0034365677,0.0017033448,0.00042049793,0.0003627383
54061,Monongalia County,WV,3/17/2026 11:00,0.0030127848,0.0013810134,0.000391589,0.0003358764
54061,Monongalia County,WV,3/17/2026 12:00,0.0026169708,0.0011746562,0.00040144805,0.00030858922
54061,Monongalia County,WV,3/17/2026 13:00,0.0024550995,0.0011328913,0.00036904417,0.00026138313
54061,Monongalia County,WV,3/17/2026 14:00,0.0019241417,0.00075156766,0.00040389207,0.00026710608
54061,Monongalia County,WV,3/17/2026 15:00,0.0017033448,0.000401326,0.0002673074,0.00028860805
54061,Monongalia County,WV,3/17/2026 16:00,0.0013810134,0.0004327353,0.00031221856,0.00023738192
54061,Monongalia County,WV,3/17/2026 17:00,0.0011746562,0.0003845741,0.00028255643,0.00020698585
54061,Monongalia County,WV,3/17/2026 18:00,0.0011328913,0.00014657846,0.00022475308,0.00026488394
54061,Monongalia County,WV,3/17/2026 19:00,0.00075156766,0.0001745587,0.00016636818,0.00019320055
54061,Monongalia County,WV,3/17/2026 20:00,0.000401326,0.00018886464,0.00012266202,2.6454954e-05
54061,Monongalia County,WV,3/17/2026 21:00,0.0004327353,0.00021370186,0.00010417044,0.00016907953
54061,Monongalia County,WV,3/17/2026 22:00,0.0003845741,0.00023177077,0.00010014843,0.00010210947
54061,Monongalia County,WV,3/17/2026 23:00,0.00014657846,0.00022568312,0.00011504366,0.00011711861
54061,Monongalia County,WV,3/18/2026 0:00,0.0001745587,0.00022613059,9.70316e-05,
54061,Monongalia County,WV,3/18/2026 1:00,0.00018886464,0.00021853801,9.0469395e-05,
54061,Monongalia County,WV,3/18/2026 2:00,0.00021370186,0.00025354626,0.00011554771,
54061,Monongalia County,WV,3/18/2026 3:00,0.00023177077,0.00030780424,0.00016222717,
54061,Monongalia County,WV,3/18/2026 4:00,0.00022568312,0.00042049793,0.0001760558,
54061,Monongalia County,WV,3/18/2026 5:00,0.00022613059,0.000391589,0.00019255285,
54061,Monongalia County,WV,3/18/2026 6:00,0.00021853801,0.00040144805,0.00022007269,
54061,Monongalia County,WV,3/18/2026 7:00,0.00025354626,0.00036904417,0.00024186591,
54061,Monongalia County,WV,3/18/2026 8:00,0.00030780424,0.00040389207,0.00027308232,
54061,Monongalia County,WV,3/18/2026 9:00,0.00042049793,0.0002673074,0.00030352708,
54061,Monongalia County,WV,3/18/2026 10:00,0.000391589,0.00031221856,0.0003627383,
54061,Monongalia County,WV,3/18/2026 11:00,0.00040144805,0.00028255643,0.0003358764,
54061,Monongalia County,WV,3/18/2026 12:00,0.00036904417,0.00022475308,0.00030858922,
54061,Monongalia County,WV,3/18/2026 13:00,0.00040389207,0.00016636818,0.00026138313,
54061,Monongalia County,WV,3/18/2026 14:00,0.0002673074,0.00012266202,0.00026710608,
54061,Monongalia County,WV,3/18/2026 15:00,0.00031221856,0.00010417044,0.00028860805,
54061,Monongalia County,WV,3/18/2026 16:00,0.00028255643,0.00010014843,0.00023738192,
54061,Monongalia County,WV,3/18/2026 17:00,0.00022475308,0.00011504366,0.00020698585,
54061,Monongalia County,WV,3/18/2026 18:00,0.00016636818,9.70316e-05,0.00026488394,
54061,Monongalia County,WV,3/18/2026 19:00,0.00012266202,9.0469395e-05,0.00019320055,
54061,Monongalia County,WV,3/18/2026 20:00,0.00010417044,0.00011554771,2.6454954e-05,
54061,Monongalia County,WV,3/18/2026 21:00,0.00010014843,0.00016222717,0.00016907953,
54061,Monongalia County,WV,3/18/2026 22:00,0.00011504366,0.0001760558,0.00010210947,
54061,Monongalia County,WV,3/18/2026 23:00,9.70316e-05,0.00019255285,0.00011711861,
54061,Monongalia County,WV,3/19/2026 0:00,9.0469395e-05,0.00022007269,,
54061,Monongalia County,WV,3/19/2026 1:00,0.00011554771,0.00024186591,,
54061,Monongalia County,WV,3/19/2026 2:00,0.00016222717,0.00027308232,,
54061,Monongalia County,WV,3/19/2026 3:00,0.0001760558,0.00030352708,,
54061,Monongalia County,WV,3/19/2026 4:00,0.00019255285,0.0003627383,,
54061,Monongalia County,WV,3/19/2026 5:00,0.00022007269,0.0003358764,,
54061,Monongalia County,WV,3/19/2026 6:00,0.00024186591,0.00030858922,,
54061,Monongalia County,WV,3/19/2026 7:00,0.00027308232,0.00026138313,,
54061,Monongalia County,WV,3/19/2026 8:00,0.00030352708,0.00026710608,,
54061,Monongalia County,WV,3/19/2026 9:00,0.0003627383,0.00028860805,,
54061,Monongalia County,WV,3/19/2026 10:00,0.0003358764,0.00023738192,,
54061,Monongalia County,WV,3/19/2026 11:00,0.00030858922,0.00020698585,,
54061,Monongalia County,WV,3/19/2026 12:00,0.00026138313,0.00026488394,,
54061,Monongalia County,WV,3/19/2026 13:00,0.00026710608,0.00019320055,,
54061,Monongalia County,WV,3/19/2026 14:00,0.00028860805,2.6454954e-05,,
54061,Monongalia County,WV,3/19/2026 15:00,0.00023738192,0.00016907953,,
54061,Monongalia County,WV,3/19/2026 16:00,0.00020698585,0.00010210947,,
54061,Monongalia County,WV,3/19/2026 17:00,0.00026488394,0.00011711861,,
54061,Monongalia County,WV,3/19/2026 18:00,0.00019320055,,,
54061,Monongalia County,WV,3/19/2026 19:00,2.6454954e-05,,,
54061,Monongalia County,WV,3/19/2026 20:00,0.00016907953,,,
54061,Monongalia County,WV,3/19/2026 21:00,0.00010210947,,,
54061,Monongalia County,WV,3/19/2026 22:00,0.00011711861,,,
54061,Monongalia County,WV,3/19/2026 23:00,,,,
54065,Morgan County,WV,3/14/2026 0:00,0.0023683438,0.0015311631,0.00019691237,0.0005817709
54065,Morgan County,WV,3/14/2026 1:00,0.002791681,0.0014358179,0.00020752248,0.0005612268
54065,Morgan County,WV,3/14/2026 2:00,0.0024502203,0.0014319108,0.00021507335,0.0005574072
54065,Morgan County,WV,3/14/2026 3:00,0.0019963188,0.0012269178,0.00022229718,0.00055498176
54065,Morgan County,WV,3/14/2026 4:00,0.0016456214,0.0009820259,0.0002516161,0.00051364454
54065,Morgan County,WV,3/14/2026 5:00,0.0015311631,0.00084968907,0.00033889659,0.00049961725
54065,Morgan County,WV,3/14/2026 6:00,0.0014358179,0.0005808122,0.000358255,0.0004601578
54065,Morgan County,WV,3/14/2026 7:00,0.0014319108,0.00039821444,0.00048475715,0.00035441603
54065,Morgan County,WV,3/14/2026 8:00,0.0012269178,0.0005316867,0.00056828576,0.00037464616
54065,Morgan County,WV,3/14/2026 9:00,0.0009820259,0.0005985491,0.0005635733,0.00039324525
54065,Morgan County,WV,3/14/2026 10:00,0.00084968907,0.0006087454,0.00051059364,0.0004531399
54065,Morgan County,WV,3/14/2026 11:00,0.0005808122,0.00050204253,0.0004202656,0.00034416097
54065,Morgan County,WV,3/14/2026 12:00,0.00039821444,0.00036615838,0.0005406244,0.00041621245
54065,Morgan County,WV,3/14/2026 13:00,0.0005316867,0.00016037977,0.0005994248,0.0003157036
54065,Morgan County,WV,3/14/2026 14:00,0.0005985491,0.00012539439,0.00056840695,0.00036568873
54065,Morgan County,WV,3/14/2026 15:00,0.0006087454,0.00011649376,0.00055411155,0.0003036383
54065,Morgan County,WV,3/14/2026 16:00,0.00050204253,0.00016493053,0.00041596888,0.00035333209
54065,Morgan County,WV,3/14/2026 17:00,0.00036615838,0.00014323645,0.00034899125,0.00065114896
54065,Morgan County,WV,3/14/2026 18:00,0.00016037977,0.00019691237,0.00034796319,0.00065359985
54065,Morgan County,WV,3/14/2026 19:00,0.00012539439,0.00020752248,0.0003533395,0.00030775834
54065,Morgan County,WV,3/14/2026 20:00,0.00011649376,0.00021507335,0.000340665,0.00034420518
54065,Morgan County,WV,3/14/2026 21:00,0.00016493053,0.00022229718,0.00030731404,0.00041630486
54065,Morgan County,WV,3/14/2026 22:00,0.00014323645,0.0002516161,0.00031208634,0.0011402131
54065,Morgan County,WV,3/14/2026 23:00,0.00019691237,0.00033889659,0.00044171102,0.0012725972
54065,Morgan County,WV,3/15/2026 0:00,0.00020752248,0.000358255,0.0005817709,0.0012995461
54065,Morgan County,WV,3/15/2026 1:00,0.00021507335,0.00048475715,0.0005612268,0.0014682059
54065,Morgan County,WV,3/15/2026 2:00,0.00022229718,0.00056828576,0.0005574072,0.0013657383
54065,Morgan County,WV,3/15/2026 3:00,0.0002516161,0.0005635733,0.00055498176,0.0013548911
54065,Morgan County,WV,3/15/2026 4:00,0.00033889659,0.00051059364,0.00051364454,0.0012458373
54065,Morgan County,WV,3/15/2026 5:00,0.000358255,0.0004202656,0.00049961725,0.0012527019
54065,Morgan County,WV,3/15/2026 6:00,0.00048475715,0.0005406244,0.0004601578,0.0011770753
54065,Morgan County,WV,3/15/2026 7:00,0.00056828576,0.0005994248,0.00035441603,0.0012944923
54065,Morgan County,WV,3/15/2026 8:00,0.0005635733,0.00056840695,0.00037464616,0.0012363784
54065,Morgan County,WV,3/15/2026 9:00,0.00051059364,0.00055411155,0.00039324525,0.0011455197
54065,Morgan County,WV,3/15/2026 10:00,0.0004202656,0.00041596888,0.0004531399,0.0011265092
54065,Morgan County,WV,3/15/2026 11:00,0.0005406244,0.00034899125,0.00034416097,0.0010964387
54065,Morgan County,WV,3/15/2026 12:00,0.0005994248,0.00034796319,0.00041621245,0.0011033843
54065,Morgan County,WV,3/15/2026 13:00,0.00056840695,0.0003533395,0.0003157036,0.0010894634
54065,Morgan County,WV,3/15/2026 14:00,0.00055411155,0.000340665,0.00036568873,0.0010907336
54065,Morgan County,WV,3/15/2026 15:00,0.00041596888,0.00030731404,0.0003036383,0.0009527306
54065,Morgan County,WV,3/15/2026 16:00,0.00034899125,0.00031208634,0.00035333209,0.0007501262
54065,Morgan County,WV,3/15/2026 17:00,0.00034796319,0.00044171102,0.00065114896,0.00044747954
54065,Morgan County,WV,3/15/2026 18:00,0.0003533395,0.0005817709,0.00065359985,0.00035507814
54065,Morgan County,WV,3/15/2026 19:00,0.000340665,0.0005612268,0.00030775834,0.00032119814
54065,Morgan County,WV,3/15/2026 20:00,0.00030731404,0.0005574072,0.00034420518,0.00026785224
54065,Morgan County,WV,3/15/2026 21:00,0.00031208634,0.00055498176,0.00041630486,0.00018150469
54065,Morgan County,WV,3/15/2026 22:00,0.00044171102,0.00051364454,0.0011402131,0.0001823723
54065,Morgan County,WV,3/15/2026 23:00,0.0005817709,0.00049961725,0.0012725972,0.00024277887
54065,Morgan County,WV,3/16/2026 0:00,0.0005612268,0.0004601578,0.0012995461,0.00017855054
54065,Morgan County,WV,3/16/2026 1:00,0.0005574072,0.00035441603,0.0014682059,9.0429545e-05
54065,Morgan County,WV,3/16/2026 2:00,0.00055498176,0.00037464616,0.0013657383,0.00022993062
54065,Morgan County,WV,3/16/2026 3:00,0.00051364454,0.00039324525,0.0013548911,0.00021429337
54065,Morgan County,WV,3/16/2026 4:00,0.00049961725,0.0004531399,0.0012458373,0.00038251362
54065,Morgan County,WV,3/16/2026 5:00,0.0004601578,0.00034416097,0.0012527019,0.000310396
54065,Morgan County,WV,3/16/2026 6:00,0.00035441603,0.00041621245,0.0011770753,0.00027448003
54065,Morgan County,WV,3/16/2026 7:00,0.00037464616,0.0003157036,0.0012944923,0.00023061446
54065,Morgan County,WV,3/16/2026 8:00,0.00039324525,0.00036568873,0.0012363784,0.00042036246
54065,Morgan County,WV,3/16/2026 9:00,0.0004531399,0.0003036383,0.0011455197,0.00035786687
54065,Morgan County,WV,3/16/2026 10:00,0.00034416097,0.00035333209,0.0011265092,0.00041215384
54065,Morgan County,WV,3/16/2026 11:00,0.00041621245,0.00065114896,0.0010964387,0.0004467497
54065,Morgan County,WV,3/16/2026 12:00,0.0003157036,0.00065359985,0.0011033843,0.00043442947
54065,Morgan County,WV,3/16/2026 13:00,0.00036568873,0.00030775834,0.0010894634,0.00047675124
54065,Morgan County,WV,3/16/2026 14:00,0.0003036383,0.00034420518,0.0010907336,0.0003933565
54065,Morgan County,WV,3/16/2026 15:00,0.00035333209,0.00041630486,0.0009527306,0.00042543688
54065,Morgan County,WV,3/16/2026 16:00,0.00065114896,0.0011402131,0.0007501262,0.0003534939
54065,Morgan County,WV,3/16/2026 17:00,0.00065359985,0.0012725972,0.00044747954,0.00037192073
54065,Morgan County,WV,3/16/2026 18:00,0.00030775834,0.0012995461,0.00035507814,0.00026586856
54065,Morgan County,WV,3/16/2026 19:00,0.00034420518,0.0014682059,0.00032119814,0.00018285926
54065,Morgan County,WV,3/16/2026 20:00,0.00041630486,0.0013657383,0.00026785224,7.586935e-05
54065,Morgan County,WV,3/16/2026 21:00,0.0011402131,0.0013548911,0.00018150469,0.0001475989
54065,Morgan County,WV,3/16/2026 22:00,0.0012725972,0.0012458373,0.0001823723,0.00015300202
54065,Morgan County,WV,3/16/2026 23:00,0.0012995461,0.0012527019,0.00024277887,0.00014735367
54065,Morgan County,WV,3/17/2026 0:00,0.0014682059,0.0011770753,0.00017855054,0.00013915122
54065,Morgan County,WV,3/17/2026 1:00,0.0013657383,0.0012944923,9.0429545e-05,0.0001289216
54065,Morgan County,WV,3/17/2026 2:00,0.0013548911,0.0012363784,0.00022993062,0.00013113374
54065,Morgan County,WV,3/17/2026 3:00,0.0012458373,0.0011455197,0.00021429337,0.00013015266
54065,Morgan County,WV,3/17/2026 4:00,0.0012527019,0.0011265092,0.00038251362,0.00012428407
54065,Morgan County,WV,3/17/2026 5:00,0.0011770753,0.0010964387,0.000310396,0.000113682996
54065,Morgan County,WV,3/17/2026 6:00,0.0012944923,0.0011033843,0.00027448003,0.00012905708
54065,Morgan County,WV,3/17/2026 7:00,0.0012363784,0.0010894634,0.00023061446,0.0001227176
54065,Morgan County,WV,3/17/2026 8:00,0.0011455197,0.0010907336,0.00042036246,0.0001324473
54065,Morgan County,WV,3/17/2026 9:00,0.0011265092,0.0009527306,0.00035786687,7.5456366e-05
54065,Morgan County,WV,3/17/2026 10:00,0.0010964387,0.0007501262,0.00041215384,0.00016385783
54065,Morgan County,WV,3/17/2026 11:00,0.0011033843,0.00044747954,0.0004467497,0.00021107394
54065,Morgan County,WV,3/17/2026 12:00,0.0010894634,0.00035507814,0.00043442947,0.0002132285
54065,Morgan County,WV,3/17/2026 13:00,0.0010907336,0.00032119814,0.00047675124,0.00035392249
54065,Morgan County,WV,3/17/2026 14:00,0.0009527306,0.00026785224,0.0003933565,0.00042718602
54065,Morgan County,WV,3/17/2026 15:00,0.0007501262,0.00018150469,0.00042543688,0.00039021877
54065,Morgan County,WV,3/17/2026 16:00,0.00044747954,0.0001823723,0.0003534939,0.00033021375
54065,Morgan County,WV,3/17/2026 17:00,0.00035507814,0.00024277887,0.00037192073,0.00023309507
54065,Morgan County,WV,3/17/2026 18:00,0.00032119814,0.00017855054,0.00026586856,0.00023240241
54065,Morgan County,WV,3/17/2026 19:00,0.00026785224,9.0429545e-05,0.00018285926,0.00032008585
54065,Morgan County,WV,3/17/2026 20:00,0.00018150469,0.00022993062,7.586935e-05,0.00034434657
54065,Morgan County,WV,3/17/2026 21:00,0.0001823723,0.00021429337,0.0001475989,0.0002836215
54065,Morgan County,WV,3/17/2026 22:00,0.00024277887,0.00038251362,0.00015300202,0.00025719393
54065,Morgan County,WV,3/17/2026 23:00,0.00017855054,0.000310396,0.00014735367,0.00023172302
54065,Morgan County,WV,3/18/2026 0:00,9.0429545e-05,0.00027448003,0.00013915122,
54065,Morgan County,WV,3/18/2026 1:00,0.00022993062,0.00023061446,0.0001289216,
54065,Morgan County,WV,3/18/2026 2:00,0.00021429337,0.00042036246,0.00013113374,
54065,Morgan County,WV,3/18/2026 3:00,0.00038251362,0.00035786687,0.00013015266,
54065,Morgan County,WV,3/18/2026 4:00,0.000310396,0.00041215384,0.00012428407,
54065,Morgan County,WV,3/18/2026 5:00,0.00027448003,0.0004467497,0.000113682996,
54065,Morgan County,WV,3/18/2026 6:00,0.00023061446,0.00043442947,0.00012905708,
54065,Morgan County,WV,3/18/2026 7:00,0.00042036246,0.00047675124,0.0001227176,
54065,Morgan County,WV,3/18/2026 8:00,0.00035786687,0.0003933565,0.0001324473,
54065,Morgan County,WV,3/18/2026 9:00,0.00041215384,0.00042543688,7.5456366e-05,
54065,Morgan County,WV,3/18/2026 10:00,0.0004467497,0.0003534939,0.00016385783,
54065,Morgan County,WV,3/18/2026 11:00,0.00043442947,0.00037192073,0.00021107394,
54065,Morgan County,WV,3/18/2026 12:00,0.00047675124,0.00026586856,0.0002132285,
54065,Morgan County,WV,3/18/2026 13:00,0.0003933565,0.00018285926,0.00035392249,
54065,Morgan County,WV,3/18/2026 14:00,0.00042543688,7.586935e-05,0.00042718602,
54065,Morgan County,WV,3/18/2026 15:00,0.0003534939,0.0001475989,0.00039021877,
54065,Morgan County,WV,3/18/2026 16:00,0.00037192073,0.00015300202,0.00033021375,
54065,Morgan County,WV,3/18/2026 17:00,0.00026586856,0.00014735367,0.00023309507,
54065,Morgan County,WV,3/18/2026 18:00,0.00018285926,0.00013915122,0.00023240241,
54065,Morgan County,WV,3/18/2026 19:00,7.586935e-05,0.0001289216,0.00032008585,
54065,Morgan County,WV,3/18/2026 20:00,0.0001475989,0.00013113374,0.00034434657,
54065,Morgan County,WV,3/18/2026 21:00,0.00015300202,0.00013015266,0.0002836215,
54065,Morgan County,WV,3/18/2026 22:00,0.00014735367,0.00012428407,0.00025719393,
54065,Morgan County,WV,3/18/2026 23:00,0.00013915122,0.000113682996,0.00023172302,
54065,Morgan County,WV,3/19/2026 0:00,0.0001289216,0.00012905708,,
54065,Morgan County,WV,3/19/2026 1:00,0.00013113374,0.0001227176,,
54065,Morgan County,WV,3/19/2026 2:00,0.00013015266,0.0001324473,,
54065,Morgan County,WV,3/19/2026 3:00,0.00012428407,7.5456366e-05,,
54065,Morgan County,WV,3/19/2026 4:00,0.000113682996,0.00016385783,,
54065,Morgan County,WV,3/19/2026 5:00,0.00012905708,0.00021107394,,
54065,Morgan County,WV,3/19/2026 6:00,0.0001227176,0.0002132285,,
54065,Morgan County,WV,3/19/2026 7:00,0.0001324473,0.00035392249,,
54065,Morgan County,WV,3/19/2026 8:00,7.5456366e-05,0.00042718602,,
54065,Morgan County,WV,3/19/2026 9:00,0.00016385783,0.00039021877,,
54065,Morgan County,WV,3/19/2026 10:00,0.00021107394,0.00033021375,,
54065,Morgan County,WV,3/19/2026 11:00,0.0002132285,0.00023309507,,
54065,Morgan County,WV,3/19/2026 12:00,0.00035392249,0.00023240241,,
54065,Morgan County,WV,3/19/2026 13:00,0.00042718602,0.00032008585,,
54065,Morgan County,WV,3/19/2026 14:00,0.00039021877,0.00034434657,,
54065,Morgan County,WV,3/19/2026 15:00,0.00033021375,0.0002836215,,
54065,Morgan County,WV,3/19/2026 16:00,0.00023309507,0.00025719393,,
54065,Morgan County,WV,3/19/2026 17:00,0.00023240241,0.00023172302,,
54065,Morgan County,WV,3/19/2026 18:00,0.00032008585,,,
54065,Morgan County,WV,3/19/2026 19:00,0.00034434657,,,
54065,Morgan County,WV,3/19/2026 20:00,0.0002836215,,,
54065,Morgan County,WV,3/19/2026 21:00,0.00025719393,,,
54065,Morgan County,WV,3/19/2026 22:00,0.00023172302,,,
54065,Morgan County,WV,3/19/2026 23:00,,,,
